solid OpenSCAD_Model
  facet normal 0 0 1
    outer loop
      vertex 89.3173 33.0184 22
      vertex 91.5 33.5 22
      vertex 91.4743 33.8916 22
    endloop
  endfacet
  facet normal 0 0 1
    outer loop
      vertex 91.5 33.5 22
      vertex 89.5 32.1 22
      vertex 91.5 -33.5 22
    endloop
  endfacet
  facet normal 0 0 1
    outer loop
      vertex 89.1785 33.3 22
      vertex 91.4743 33.8916 22
      vertex 91.3978 34.2765 22
    endloop
  endfacet
  facet normal -0 0 1
    outer loop
      vertex 89.5 -32.1 22
      vertex 91.5 -33.5 22
      vertex 89.5 32.1 22
    endloop
  endfacet
  facet normal 0 0 1
    outer loop
      vertex 89.1785 33.3 22
      vertex 91.3978 34.2765 22
      vertex 91.2716 34.648 22
    endloop
  endfacet
  facet normal -0 0 1
    outer loop
      vertex 89.4795 -32.4133 22
      vertex 91.5 -33.5 22
      vertex 89.5 -32.1 22
    endloop
  endfacet
  facet normal 0 0 1
    outer loop
      vertex 89.004 33.561 22
      vertex 91.2716 34.648 22
      vertex 91.0981 35 22
    endloop
  endfacet
  facet normal -0 0 1
    outer loop
      vertex 89.4182 -32.7212 22
      vertex 91.5 -33.5 22
      vertex 89.4795 -32.4133 22
    endloop
  endfacet
  facet normal 0 0 1
    outer loop
      vertex 89.004 33.561 22
      vertex 91.0981 35 22
      vertex 90.8801 35.3263 22
    endloop
  endfacet
  facet normal -0 0 1
    outer loop
      vertex 89.3173 -33.0184 22
      vertex 91.5 -33.5 22
      vertex 89.4182 -32.7212 22
    endloop
  endfacet
  facet normal 0 0 1
    outer loop
      vertex 88.7971 33.7971 22
      vertex 90.8801 35.3263 22
      vertex 90.6213 35.6213 22
    endloop
  endfacet
  facet normal 0 0 1
    outer loop
      vertex 91.5 -33.5 22
      vertex 89.3173 -33.0184 22
      vertex 91.4743 -33.8916 22
    endloop
  endfacet
  facet normal 0 0 1
    outer loop
      vertex 88.7971 33.7971 22
      vertex 90.6213 35.6213 22
      vertex 90.3263 35.8801 22
    endloop
  endfacet
  facet normal -0 0 1
    outer loop
      vertex 89.1785 -33.3 22
      vertex 91.4743 -33.8916 22
      vertex 89.3173 -33.0184 22
    endloop
  endfacet
  facet normal 0 0 1
    outer loop
      vertex 88.561 34.004 22
      vertex 90.3263 35.8801 22
      vertex 90 36.0981 22
    endloop
  endfacet
  facet normal 0 0 1
    outer loop
      vertex 91.4743 -33.8916 22
      vertex 89.1785 -33.3 22
      vertex 91.3978 -34.2765 22
    endloop
  endfacet
  facet normal 0 0 1
    outer loop
      vertex 88.561 34.004 22
      vertex 90 36.0981 22
      vertex 89.648 36.2716 22
    endloop
  endfacet
  facet normal 0 0 1
    outer loop
      vertex 91.3978 -34.2765 22
      vertex 89.1785 -33.3 22
      vertex 91.2716 -34.648 22
    endloop
  endfacet
  facet normal -0 0 1
    outer loop
      vertex 89.004 -33.561 22
      vertex 91.2716 -34.648 22
      vertex 89.1785 -33.3 22
    endloop
  endfacet
  facet normal 0 0 1
    outer loop
      vertex 91.5 33.5 22
      vertex 89.4795 32.4133 22
      vertex 89.5 32.1 22
    endloop
  endfacet
  facet normal 0 0 1
    outer loop
      vertex 91.5 33.5 22
      vertex 89.4182 32.7212 22
      vertex 89.4795 32.4133 22
    endloop
  endfacet
  facet normal 0 0 1
    outer loop
      vertex 91.5 33.5 22
      vertex 89.3173 33.0184 22
      vertex 89.4182 32.7212 22
    endloop
  endfacet
  facet normal 0 0 1
    outer loop
      vertex 88.3 34.1785 22
      vertex 89.648 36.2716 22
      vertex 89.2765 36.3978 22
    endloop
  endfacet
  facet normal 0 0 1
    outer loop
      vertex 91.4743 33.8916 22
      vertex 89.1785 33.3 22
      vertex 89.3173 33.0184 22
    endloop
  endfacet
  facet normal 0 0 1
    outer loop
      vertex 91.2716 34.648 22
      vertex 89.004 33.561 22
      vertex 89.1785 33.3 22
    endloop
  endfacet
  facet normal 0 0 1
    outer loop
      vertex 88.3 34.1785 22
      vertex 89.2765 36.3978 22
      vertex 88.8916 36.4743 22
    endloop
  endfacet
  facet normal 0 0 1
    outer loop
      vertex 90.8801 35.3263 22
      vertex 88.7971 33.7971 22
      vertex 89.004 33.561 22
    endloop
  endfacet
  facet normal 0 0 1
    outer loop
      vertex 90.3263 35.8801 22
      vertex 88.561 34.004 22
      vertex 88.7971 33.7971 22
    endloop
  endfacet
  facet normal 0 0 1
    outer loop
      vertex 88.0184 34.3173 22
      vertex 88.8916 36.4743 22
      vertex 88.5 36.5 22
    endloop
  endfacet
  facet normal 0 0 1
    outer loop
      vertex 89.648 36.2716 22
      vertex 88.3 34.1785 22
      vertex 88.561 34.004 22
    endloop
  endfacet
  facet normal 0 0 1
    outer loop
      vertex 88.8916 36.4743 22
      vertex 88.0184 34.3173 22
      vertex 88.3 34.1785 22
    endloop
  endfacet
  facet normal 0 0 1
    outer loop
      vertex 88.5 36.5 22
      vertex 87.7212 34.4182 22
      vertex 88.0184 34.3173 22
    endloop
  endfacet
  facet normal 0 0 1
    outer loop
      vertex 88.5 36.5 22
      vertex 87.4133 34.4795 22
      vertex 87.7212 34.4182 22
    endloop
  endfacet
  facet normal 0 0 1
    outer loop
      vertex 88.5 36.5 22
      vertex 87.1 34.5 22
      vertex 87.4133 34.4795 22
    endloop
  endfacet
  facet normal 0 0 1
    outer loop
      vertex 88.5 36.5 22
      vertex -87.1 34.5 22
      vertex 87.1 34.5 22
    endloop
  endfacet
  facet normal -0 0 1
    outer loop
      vertex -88.5 36.5 22
      vertex -87.1 34.5 22
      vertex 88.5 36.5 22
    endloop
  endfacet
  facet normal 0 0 1
    outer loop
      vertex -88.5 36.5 22
      vertex -87.4133 34.4795 22
      vertex -87.1 34.5 22
    endloop
  endfacet
  facet normal 0 0 1
    outer loop
      vertex -88.5 36.5 22
      vertex -87.7212 34.4182 22
      vertex -87.4133 34.4795 22
    endloop
  endfacet
  facet normal 0 0 1
    outer loop
      vertex -88.5 36.5 22
      vertex -88.0184 34.3173 22
      vertex -87.7212 34.4182 22
    endloop
  endfacet
  facet normal -0 0 1
    outer loop
      vertex -88.8916 36.4743 22
      vertex -88.0184 34.3173 22
      vertex -88.5 36.5 22
    endloop
  endfacet
  facet normal 0 0 1
    outer loop
      vertex -88.0184 34.3173 22
      vertex -88.8916 36.4743 22
      vertex -88.3 34.1785 22
    endloop
  endfacet
  facet normal -0 0 1
    outer loop
      vertex -89.2765 36.3978 22
      vertex -88.3 34.1785 22
      vertex -88.8916 36.4743 22
    endloop
  endfacet
  facet normal -0 0 1
    outer loop
      vertex -89.648 36.2716 22
      vertex -88.3 34.1785 22
      vertex -89.2765 36.3978 22
    endloop
  endfacet
  facet normal 0 0 1
    outer loop
      vertex -88.3 34.1785 22
      vertex -89.648 36.2716 22
      vertex -88.561 34.004 22
    endloop
  endfacet
  facet normal -0 0 1
    outer loop
      vertex -90 36.0981 22
      vertex -88.561 34.004 22
      vertex -89.648 36.2716 22
    endloop
  endfacet
  facet normal -0 0 1
    outer loop
      vertex -90.3263 35.8801 22
      vertex -88.561 34.004 22
      vertex -90 36.0981 22
    endloop
  endfacet
  facet normal 0 0 1
    outer loop
      vertex -88.561 34.004 22
      vertex -90.3263 35.8801 22
      vertex -88.7971 33.7971 22
    endloop
  endfacet
  facet normal -0 0 1
    outer loop
      vertex -90.6213 35.6213 22
      vertex -88.7971 33.7971 22
      vertex -90.3263 35.8801 22
    endloop
  endfacet
  facet normal -0 0 1
    outer loop
      vertex -90.8801 35.3263 22
      vertex -88.7971 33.7971 22
      vertex -90.6213 35.6213 22
    endloop
  endfacet
  facet normal 0 0 1
    outer loop
      vertex -88.7971 33.7971 22
      vertex -90.8801 35.3263 22
      vertex -89.004 33.561 22
    endloop
  endfacet
  facet normal -0 0 1
    outer loop
      vertex -91.2716 34.648 22
      vertex -89.004 33.561 22
      vertex -91.0981 35 22
    endloop
  endfacet
  facet normal -0 0 1
    outer loop
      vertex -91.0981 35 22
      vertex -89.004 33.561 22
      vertex -90.8801 35.3263 22
    endloop
  endfacet
  facet normal 0 0 1
    outer loop
      vertex 91.2716 -34.648 22
      vertex 89.004 -33.561 22
      vertex 91.0981 -35 22
    endloop
  endfacet
  facet normal 0 0 1
    outer loop
      vertex 91.0981 -35 22
      vertex 89.004 -33.561 22
      vertex 90.8801 -35.3263 22
    endloop
  endfacet
  facet normal -0 0 1
    outer loop
      vertex 88.7971 -33.7971 22
      vertex 90.8801 -35.3263 22
      vertex 89.004 -33.561 22
    endloop
  endfacet
  facet normal 0 0 1
    outer loop
      vertex 90.8801 -35.3263 22
      vertex 88.7971 -33.7971 22
      vertex 90.6213 -35.6213 22
    endloop
  endfacet
  facet normal 0 0 1
    outer loop
      vertex 90.6213 -35.6213 22
      vertex 88.7971 -33.7971 22
      vertex 90.3263 -35.8801 22
    endloop
  endfacet
  facet normal -0 0 1
    outer loop
      vertex 88.561 -34.004 22
      vertex 90.3263 -35.8801 22
      vertex 88.7971 -33.7971 22
    endloop
  endfacet
  facet normal 0 0 1
    outer loop
      vertex 90.3263 -35.8801 22
      vertex 88.561 -34.004 22
      vertex 90 -36.0981 22
    endloop
  endfacet
  facet normal 0 0 1
    outer loop
      vertex 90 -36.0981 22
      vertex 88.561 -34.004 22
      vertex 89.648 -36.2716 22
    endloop
  endfacet
  facet normal -0 0 1
    outer loop
      vertex 88.3 -34.1785 22
      vertex 89.648 -36.2716 22
      vertex 88.561 -34.004 22
    endloop
  endfacet
  facet normal 0 0 1
    outer loop
      vertex 89.648 -36.2716 22
      vertex 88.3 -34.1785 22
      vertex 89.2765 -36.3978 22
    endloop
  endfacet
  facet normal 0 0 1
    outer loop
      vertex 89.2765 -36.3978 22
      vertex 88.3 -34.1785 22
      vertex 88.8916 -36.4743 22
    endloop
  endfacet
  facet normal -0 0 1
    outer loop
      vertex 88.0184 -34.3173 22
      vertex 88.8916 -36.4743 22
      vertex 88.3 -34.1785 22
    endloop
  endfacet
  facet normal 0 0 1
    outer loop
      vertex 88.8916 -36.4743 22
      vertex 88.0184 -34.3173 22
      vertex 88.5 -36.5 22
    endloop
  endfacet
  facet normal -0 0 1
    outer loop
      vertex 87.7212 -34.4182 22
      vertex 88.5 -36.5 22
      vertex 88.0184 -34.3173 22
    endloop
  endfacet
  facet normal -0 0 1
    outer loop
      vertex 87.4133 -34.4795 22
      vertex 88.5 -36.5 22
      vertex 87.7212 -34.4182 22
    endloop
  endfacet
  facet normal -0 0 1
    outer loop
      vertex 87.1 -34.5 22
      vertex 88.5 -36.5 22
      vertex 87.4133 -34.4795 22
    endloop
  endfacet
  facet normal -0 0 1
    outer loop
      vertex -87.1 -34.5 22
      vertex 88.5 -36.5 22
      vertex 87.1 -34.5 22
    endloop
  endfacet
  facet normal 0 0 1
    outer loop
      vertex -87.1 -34.5 22
      vertex -88.5 -36.5 22
      vertex 88.5 -36.5 22
    endloop
  endfacet
  facet normal 0 0 1
    outer loop
      vertex -87.4133 -34.4795 22
      vertex -88.5 -36.5 22
      vertex -87.1 -34.5 22
    endloop
  endfacet
  facet normal 0 0 1
    outer loop
      vertex -87.7212 -34.4182 22
      vertex -88.5 -36.5 22
      vertex -87.4133 -34.4795 22
    endloop
  endfacet
  facet normal 0 0 1
    outer loop
      vertex -88.0184 -34.3173 22
      vertex -88.5 -36.5 22
      vertex -87.7212 -34.4182 22
    endloop
  endfacet
  facet normal 0 0 1
    outer loop
      vertex -88.8916 -36.4743 22
      vertex -88.0184 -34.3173 22
      vertex -88.3 -34.1785 22
    endloop
  endfacet
  facet normal 0 0 1
    outer loop
      vertex -89.648 -36.2716 22
      vertex -88.3 -34.1785 22
      vertex -88.561 -34.004 22
    endloop
  endfacet
  facet normal 0 0 1
    outer loop
      vertex -90.3263 -35.8801 22
      vertex -88.561 -34.004 22
      vertex -88.7971 -33.7971 22
    endloop
  endfacet
  facet normal 0 0 1
    outer loop
      vertex -88.0184 -34.3173 22
      vertex -88.8916 -36.4743 22
      vertex -88.5 -36.5 22
    endloop
  endfacet
  facet normal 0 0 1
    outer loop
      vertex -90.8801 -35.3263 22
      vertex -88.7971 -33.7971 22
      vertex -89.004 -33.561 22
    endloop
  endfacet
  facet normal 0 0 1
    outer loop
      vertex -91.2716 -34.648 22
      vertex -89.004 -33.561 22
      vertex -89.1785 -33.3 22
    endloop
  endfacet
  facet normal 0 0 1
    outer loop
      vertex -88.3 -34.1785 22
      vertex -89.2765 -36.3978 22
      vertex -88.8916 -36.4743 22
    endloop
  endfacet
  facet normal 0 0 1
    outer loop
      vertex -91.4743 -33.8916 22
      vertex -89.1785 -33.3 22
      vertex -89.3173 -33.0184 22
    endloop
  endfacet
  facet normal 0 0 1
    outer loop
      vertex -91.5 -33.5 22
      vertex -89.3173 -33.0184 22
      vertex -89.4182 -32.7212 22
    endloop
  endfacet
  facet normal 0 0 1
    outer loop
      vertex -91.5 -33.5 22
      vertex -89.4182 -32.7212 22
      vertex -89.4795 -32.4133 22
    endloop
  endfacet
  facet normal 0 0 1
    outer loop
      vertex -91.5 -33.5 22
      vertex -89.4795 -32.4133 22
      vertex -89.5 -32.1 22
    endloop
  endfacet
  facet normal 0 0 1
    outer loop
      vertex -88.3 -34.1785 22
      vertex -89.648 -36.2716 22
      vertex -89.2765 -36.3978 22
    endloop
  endfacet
  facet normal 0 0 1
    outer loop
      vertex -89.5 32.1 22
      vertex -91.5 33.5 22
      vertex -89.5 -32.1 22
    endloop
  endfacet
  facet normal 0 0 1
    outer loop
      vertex -89.004 33.561 22
      vertex -91.2716 34.648 22
      vertex -89.1785 33.3 22
    endloop
  endfacet
  facet normal 0 0 1
    outer loop
      vertex -91.5 -33.5 22
      vertex -89.5 -32.1 22
      vertex -91.5 33.5 22
    endloop
  endfacet
  facet normal -0 0 1
    outer loop
      vertex -91.3978 34.2765 22
      vertex -89.1785 33.3 22
      vertex -91.2716 34.648 22
    endloop
  endfacet
  facet normal 0 0 1
    outer loop
      vertex -89.3173 -33.0184 22
      vertex -91.5 -33.5 22
      vertex -91.4743 -33.8916 22
    endloop
  endfacet
  facet normal -0 0 1
    outer loop
      vertex -91.4743 33.8916 22
      vertex -89.1785 33.3 22
      vertex -91.3978 34.2765 22
    endloop
  endfacet
  facet normal 0 0 1
    outer loop
      vertex -88.561 -34.004 22
      vertex -90 -36.0981 22
      vertex -89.648 -36.2716 22
    endloop
  endfacet
  facet normal 0 0 1
    outer loop
      vertex -89.1785 33.3 22
      vertex -91.4743 33.8916 22
      vertex -89.3173 33.0184 22
    endloop
  endfacet
  facet normal 0 0 1
    outer loop
      vertex -88.561 -34.004 22
      vertex -90.3263 -35.8801 22
      vertex -90 -36.0981 22
    endloop
  endfacet
  facet normal -0 0 1
    outer loop
      vertex -91.5 33.5 22
      vertex -89.3173 33.0184 22
      vertex -91.4743 33.8916 22
    endloop
  endfacet
  facet normal 0 0 1
    outer loop
      vertex -88.7971 -33.7971 22
      vertex -90.6213 -35.6213 22
      vertex -90.3263 -35.8801 22
    endloop
  endfacet
  facet normal 0 0 1
    outer loop
      vertex -89.3173 33.0184 22
      vertex -91.5 33.5 22
      vertex -89.4182 32.7212 22
    endloop
  endfacet
  facet normal 0 0 1
    outer loop
      vertex -88.7971 -33.7971 22
      vertex -90.8801 -35.3263 22
      vertex -90.6213 -35.6213 22
    endloop
  endfacet
  facet normal 0 0 1
    outer loop
      vertex -89.4182 32.7212 22
      vertex -91.5 33.5 22
      vertex -89.4795 32.4133 22
    endloop
  endfacet
  facet normal 0 0 1
    outer loop
      vertex -89.004 -33.561 22
      vertex -91.0981 -35 22
      vertex -90.8801 -35.3263 22
    endloop
  endfacet
  facet normal 0 0 1
    outer loop
      vertex -89.4795 32.4133 22
      vertex -91.5 33.5 22
      vertex -89.5 32.1 22
    endloop
  endfacet
  facet normal 0 0 1
    outer loop
      vertex -89.004 -33.561 22
      vertex -91.2716 -34.648 22
      vertex -91.0981 -35 22
    endloop
  endfacet
  facet normal 0 0 1
    outer loop
      vertex -89.1785 -33.3 22
      vertex -91.3978 -34.2765 22
      vertex -91.2716 -34.648 22
    endloop
  endfacet
  facet normal 0 0 1
    outer loop
      vertex -89.1785 -33.3 22
      vertex -91.4743 -33.8916 22
      vertex -91.3978 -34.2765 22
    endloop
  endfacet
  facet normal 0 -1 0
    outer loop
      vertex -88.5 -36.5 0
      vertex 88.5 -36.5 22
      vertex -88.5 -36.5 22
    endloop
  endfacet
  facet normal 0 -1 -0
    outer loop
      vertex 88.5 -36.5 22
      vertex -88.5 -36.5 0
      vertex 88.5 -36.5 0
    endloop
  endfacet
  facet normal 1 -0 0
    outer loop
      vertex 91.5 -33.5 22
      vertex 91.5 33.5 0
      vertex 91.5 33.5 22
    endloop
  endfacet
  facet normal 1 0 0
    outer loop
      vertex 91.5 33.5 0
      vertex 91.5 -33.5 22
      vertex 91.5 -33.5 0
    endloop
  endfacet
  facet normal 0.997853 -0.0654873 0
    outer loop
      vertex 91.4743 -33.8916 22
      vertex 91.5 -33.5 0
      vertex 91.5 -33.5 22
    endloop
  endfacet
  facet normal 0.997853 -0.0654873 0
    outer loop
      vertex 91.5 -33.5 0
      vertex 91.4743 -33.8916 22
      vertex 91.4743 -33.8916 0
    endloop
  endfacet
  facet normal -0.321651 -0.946858 0
    outer loop
      vertex -89.648 -36.2716 0
      vertex -89.2765 -36.3978 22
      vertex -89.648 -36.2716 22
    endloop
  endfacet
  facet normal -0.321651 -0.946858 -0
    outer loop
      vertex -89.2765 -36.3978 22
      vertex -89.648 -36.2716 0
      vertex -89.2765 -36.3978 0
    endloop
  endfacet
  facet normal -0.751724 -0.659478 0
    outer loop
      vertex -90.6213 -35.6213 0
      vertex -90.8801 -35.3263 22
      vertex -90.8801 -35.3263 0
    endloop
  endfacet
  facet normal -0.751724 -0.659478 0
    outer loop
      vertex -90.8801 -35.3263 22
      vertex -90.6213 -35.6213 0
      vertex -90.6213 -35.6213 22
    endloop
  endfacet
  facet normal -1 0 0
    outer loop
      vertex -91.5 21 10.5
      vertex -91.5 33.5 0
      vertex -91.5 21 6.5
    endloop
  endfacet
  facet normal -1 0 0
    outer loop
      vertex -91.5 33.5 0
      vertex -91.5 13 6.5
      vertex -91.5 21 6.5
    endloop
  endfacet
  facet normal -1 -0 0
    outer loop
      vertex -91.5 13 6.5
      vertex -91.5 0.25 4.5
      vertex -91.5 13 10.5
    endloop
  endfacet
  facet normal -1 0 0
    outer loop
      vertex -91.5 33.5 0
      vertex -91.5 0.25 4.5
      vertex -91.5 13 6.5
    endloop
  endfacet
  facet normal -1 0 0
    outer loop
      vertex -91.5 -33.5 0
      vertex -91.5 0.25 4.5
      vertex -91.5 33.5 0
    endloop
  endfacet
  facet normal -1 -0 0
    outer loop
      vertex -91.5 -12.25 4.5
      vertex -91.5 -33.5 0
      vertex -91.5 -12.25 12.5
    endloop
  endfacet
  facet normal -1 -0 0
    outer loop
      vertex -91.5 0.25 4.5
      vertex -91.5 -33.5 0
      vertex -91.5 -12.25 4.5
    endloop
  endfacet
  facet normal -1 0 0
    outer loop
      vertex -91.5 33.5 0
      vertex -91.5 21 10.5
      vertex -91.5 33.5 22
    endloop
  endfacet
  facet normal -1 0 0
    outer loop
      vertex -91.5 13 10.5
      vertex -91.5 33.5 22
      vertex -91.5 21 10.5
    endloop
  endfacet
  facet normal -1 0 0
    outer loop
      vertex -91.5 0.25 12.5
      vertex -91.5 13 10.5
      vertex -91.5 0.25 4.5
    endloop
  endfacet
  facet normal -1 0 0
    outer loop
      vertex -91.5 13 10.5
      vertex -91.5 0.25 12.5
      vertex -91.5 33.5 22
    endloop
  endfacet
  facet normal -1 0 0
    outer loop
      vertex -91.5 -33.5 22
      vertex -91.5 0.25 12.5
      vertex -91.5 -12.25 12.5
    endloop
  endfacet
  facet normal -1 0 0
    outer loop
      vertex -91.5 0.25 12.5
      vertex -91.5 -33.5 22
      vertex -91.5 33.5 22
    endloop
  endfacet
  facet normal -1 0 0
    outer loop
      vertex -91.5 -33.5 22
      vertex -91.5 -12.25 12.5
      vertex -91.5 -33.5 0
    endloop
  endfacet
  facet normal 0.0654873 0.997853 -0
    outer loop
      vertex 88.8916 36.4743 0
      vertex 88.5 36.5 22
      vertex 88.8916 36.4743 22
    endloop
  endfacet
  facet normal 0.0654873 0.997853 0
    outer loop
      vertex 88.5 36.5 22
      vertex 88.8916 36.4743 0
      vertex 88.5 36.5 0
    endloop
  endfacet
  facet normal 0.831501 -0.555523 0
    outer loop
      vertex 90.8801 -35.3263 22
      vertex 91.0981 -35 0
      vertex 91.0981 -35 22
    endloop
  endfacet
  facet normal 0.831501 -0.555523 0
    outer loop
      vertex 91.0981 -35 0
      vertex 90.8801 -35.3263 22
      vertex 90.8801 -35.3263 0
    endloop
  endfacet
  facet normal 0.321651 -0.946858 0
    outer loop
      vertex 89.2765 -36.3978 0
      vertex 89.648 -36.2716 22
      vertex 89.2765 -36.3978 22
    endloop
  endfacet
  facet normal 0.321651 -0.946858 0
    outer loop
      vertex 89.648 -36.2716 22
      vertex 89.2765 -36.3978 0
      vertex 89.648 -36.2716 0
    endloop
  endfacet
  facet normal -0.19494 -0.980815 0
    outer loop
      vertex -89.2765 -36.3978 0
      vertex -88.8916 -36.4743 22
      vertex -89.2765 -36.3978 22
    endloop
  endfacet
  facet normal -0.19494 -0.980815 -0
    outer loop
      vertex -88.8916 -36.4743 22
      vertex -89.2765 -36.3978 0
      vertex -88.8916 -36.4743 0
    endloop
  endfacet
  facet normal -0.896961 -0.44211 0
    outer loop
      vertex -91.0981 -35 0
      vertex -91.2716 -34.648 22
      vertex -91.2716 -34.648 0
    endloop
  endfacet
  facet normal -0.896961 -0.44211 0
    outer loop
      vertex -91.2716 -34.648 22
      vertex -91.0981 -35 0
      vertex -91.0981 -35 22
    endloop
  endfacet
  facet normal 0 1 -0
    outer loop
      vertex 88.5 36.5 0
      vertex -88.5 36.5 22
      vertex 88.5 36.5 22
    endloop
  endfacet
  facet normal 0 1 0
    outer loop
      vertex -88.5 36.5 22
      vertex 88.5 36.5 0
      vertex -88.5 36.5 0
    endloop
  endfacet
  facet normal 0.0654873 -0.997853 0
    outer loop
      vertex 88.5 -36.5 0
      vertex 88.8916 -36.4743 22
      vertex 88.5 -36.5 22
    endloop
  endfacet
  facet normal 0.0654873 -0.997853 0
    outer loop
      vertex 88.8916 -36.4743 22
      vertex 88.5 -36.5 0
      vertex 88.8916 -36.4743 0
    endloop
  endfacet
  facet normal -0.0654873 -0.997853 0
    outer loop
      vertex -88.8916 -36.4743 0
      vertex -88.5 -36.5 22
      vertex -88.8916 -36.4743 22
    endloop
  endfacet
  facet normal -0.0654873 -0.997853 -0
    outer loop
      vertex -88.5 -36.5 22
      vertex -88.8916 -36.4743 0
      vertex -88.5 -36.5 0
    endloop
  endfacet
  facet normal -0.44211 -0.896961 0
    outer loop
      vertex -90 -36.0981 0
      vertex -89.648 -36.2716 22
      vertex -90 -36.0981 22
    endloop
  endfacet
  facet normal -0.44211 -0.896961 -0
    outer loop
      vertex -89.648 -36.2716 22
      vertex -90 -36.0981 0
      vertex -89.648 -36.2716 0
    endloop
  endfacet
  facet normal -0.659478 -0.751724 0
    outer loop
      vertex -90.6213 -35.6213 0
      vertex -90.3263 -35.8801 22
      vertex -90.6213 -35.6213 22
    endloop
  endfacet
  facet normal -0.659478 -0.751724 -0
    outer loop
      vertex -90.3263 -35.8801 22
      vertex -90.6213 -35.6213 0
      vertex -90.3263 -35.8801 0
    endloop
  endfacet
  facet normal -0.831501 -0.555523 0
    outer loop
      vertex -90.8801 -35.3263 0
      vertex -91.0981 -35 22
      vertex -91.0981 -35 0
    endloop
  endfacet
  facet normal -0.831501 -0.555523 0
    outer loop
      vertex -91.0981 -35 22
      vertex -90.8801 -35.3263 0
      vertex -90.8801 -35.3263 22
    endloop
  endfacet
  facet normal -0.997853 -0.0654873 0
    outer loop
      vertex -91.4743 -33.8916 0
      vertex -91.5 -33.5 22
      vertex -91.5 -33.5 0
    endloop
  endfacet
  facet normal -0.997853 -0.0654873 0
    outer loop
      vertex -91.5 -33.5 22
      vertex -91.4743 -33.8916 0
      vertex -91.4743 -33.8916 22
    endloop
  endfacet
  facet normal 0 0 -1
    outer loop
      vertex 88.5 -36.5 0
      vertex 91.5 -33.5 0
      vertex 91.4743 -33.8916 0
    endloop
  endfacet
  facet normal -0 0 -1
    outer loop
      vertex 91.5 -33.5 0
      vertex 88.5 -36.5 0
      vertex 91.5 33.5 0
    endloop
  endfacet
  facet normal 0 0 -1
    outer loop
      vertex 88.5 -36.5 0
      vertex 91.4743 -33.8916 0
      vertex 91.3978 -34.2765 0
    endloop
  endfacet
  facet normal 0 0 -1
    outer loop
      vertex 88.5 36.5 0
      vertex 91.5 33.5 0
      vertex 88.5 -36.5 0
    endloop
  endfacet
  facet normal 0 0 -1
    outer loop
      vertex 88.5 -36.5 0
      vertex 91.3978 -34.2765 0
      vertex 91.2716 -34.648 0
    endloop
  endfacet
  facet normal 0 0 -1
    outer loop
      vertex 91.5 33.5 0
      vertex 88.5 36.5 0
      vertex 91.4743 33.8916 0
    endloop
  endfacet
  facet normal 0 0 -1
    outer loop
      vertex 88.5 -36.5 0
      vertex 91.2716 -34.648 0
      vertex 91.0981 -35 0
    endloop
  endfacet
  facet normal 0 0 -1
    outer loop
      vertex 91.4743 33.8916 0
      vertex 88.5 36.5 0
      vertex 91.3978 34.2765 0
    endloop
  endfacet
  facet normal 0 0 -1
    outer loop
      vertex 88.5 -36.5 0
      vertex 91.0981 -35 0
      vertex 90.8801 -35.3263 0
    endloop
  endfacet
  facet normal 0 0 -1
    outer loop
      vertex 91.3978 34.2765 0
      vertex 88.5 36.5 0
      vertex 91.2716 34.648 0
    endloop
  endfacet
  facet normal 0 0 -1
    outer loop
      vertex 88.5 -36.5 0
      vertex 90.8801 -35.3263 0
      vertex 90.6213 -35.6213 0
    endloop
  endfacet
  facet normal 0 0 -1
    outer loop
      vertex 91.2716 34.648 0
      vertex 88.5 36.5 0
      vertex 91.0981 35 0
    endloop
  endfacet
  facet normal 0 0 -1
    outer loop
      vertex 88.5 -36.5 0
      vertex 90.6213 -35.6213 0
      vertex 90.3263 -35.8801 0
    endloop
  endfacet
  facet normal 0 0 -1
    outer loop
      vertex 91.0981 35 0
      vertex 88.5 36.5 0
      vertex 90.8801 35.3263 0
    endloop
  endfacet
  facet normal 0 0 -1
    outer loop
      vertex 88.5 -36.5 0
      vertex 90.3263 -35.8801 0
      vertex 90 -36.0981 0
    endloop
  endfacet
  facet normal 0 0 -1
    outer loop
      vertex 90.8801 35.3263 0
      vertex 88.5 36.5 0
      vertex 90.6213 35.6213 0
    endloop
  endfacet
  facet normal 0 0 -1
    outer loop
      vertex 88.5 -36.5 0
      vertex 90 -36.0981 0
      vertex 89.648 -36.2716 0
    endloop
  endfacet
  facet normal 0 0 -1
    outer loop
      vertex 90.6213 35.6213 0
      vertex 88.5 36.5 0
      vertex 90.3263 35.8801 0
    endloop
  endfacet
  facet normal 0 0 -1
    outer loop
      vertex 88.5 -36.5 0
      vertex 89.648 -36.2716 0
      vertex 89.2765 -36.3978 0
    endloop
  endfacet
  facet normal 0 0 -1
    outer loop
      vertex 90.3263 35.8801 0
      vertex 88.5 36.5 0
      vertex 90 36.0981 0
    endloop
  endfacet
  facet normal 0 0 -1
    outer loop
      vertex 88.5 -36.5 0
      vertex 89.2765 -36.3978 0
      vertex 88.8916 -36.4743 0
    endloop
  endfacet
  facet normal 0 0 -1
    outer loop
      vertex 90 36.0981 0
      vertex 88.5 36.5 0
      vertex 89.648 36.2716 0
    endloop
  endfacet
  facet normal 0 0 -1
    outer loop
      vertex 89.648 36.2716 0
      vertex 88.5 36.5 0
      vertex 89.2765 36.3978 0
    endloop
  endfacet
  facet normal 0 0 -1
    outer loop
      vertex 89.2765 36.3978 0
      vertex 88.5 36.5 0
      vertex 88.8916 36.4743 0
    endloop
  endfacet
  facet normal 0 0 -1
    outer loop
      vertex -88.5 -36.5 0
      vertex 88.5 36.5 0
      vertex 88.5 -36.5 0
    endloop
  endfacet
  facet normal 0 0 -1
    outer loop
      vertex -88.5 -36.5 0
      vertex -88.5 36.5 0
      vertex 88.5 36.5 0
    endloop
  endfacet
  facet normal 0 0 -1
    outer loop
      vertex -91.5 -33.5 0
      vertex -88.5 -36.5 0
      vertex -88.8916 -36.4743 0
    endloop
  endfacet
  facet normal 0 0 -1
    outer loop
      vertex -88.5 -36.5 0
      vertex -91.5 -33.5 0
      vertex -88.5 36.5 0
    endloop
  endfacet
  facet normal 0 0 -1
    outer loop
      vertex -91.5 -33.5 0
      vertex -88.8916 -36.4743 0
      vertex -89.2765 -36.3978 0
    endloop
  endfacet
  facet normal 0 0 -1
    outer loop
      vertex -91.5 33.5 0
      vertex -88.5 36.5 0
      vertex -91.5 -33.5 0
    endloop
  endfacet
  facet normal 0 0 -1
    outer loop
      vertex -91.5 -33.5 0
      vertex -89.2765 -36.3978 0
      vertex -89.648 -36.2716 0
    endloop
  endfacet
  facet normal 0 0 -1
    outer loop
      vertex -88.5 36.5 0
      vertex -91.5 33.5 0
      vertex -88.8916 36.4743 0
    endloop
  endfacet
  facet normal 0 0 -1
    outer loop
      vertex -91.5 -33.5 0
      vertex -89.648 -36.2716 0
      vertex -90 -36.0981 0
    endloop
  endfacet
  facet normal 0 0 -1
    outer loop
      vertex -88.8916 36.4743 0
      vertex -91.5 33.5 0
      vertex -89.2765 36.3978 0
    endloop
  endfacet
  facet normal 0 0 -1
    outer loop
      vertex -91.5 -33.5 0
      vertex -90 -36.0981 0
      vertex -90.3263 -35.8801 0
    endloop
  endfacet
  facet normal 0 0 -1
    outer loop
      vertex -89.2765 36.3978 0
      vertex -91.5 33.5 0
      vertex -89.648 36.2716 0
    endloop
  endfacet
  facet normal 0 0 -1
    outer loop
      vertex -91.5 -33.5 0
      vertex -90.3263 -35.8801 0
      vertex -90.6213 -35.6213 0
    endloop
  endfacet
  facet normal 0 0 -1
    outer loop
      vertex -89.648 36.2716 0
      vertex -91.5 33.5 0
      vertex -90 36.0981 0
    endloop
  endfacet
  facet normal 0 0 -1
    outer loop
      vertex -91.5 -33.5 0
      vertex -90.6213 -35.6213 0
      vertex -90.8801 -35.3263 0
    endloop
  endfacet
  facet normal 0 0 -1
    outer loop
      vertex -90 36.0981 0
      vertex -91.5 33.5 0
      vertex -90.3263 35.8801 0
    endloop
  endfacet
  facet normal 0 0 -1
    outer loop
      vertex -91.5 -33.5 0
      vertex -90.8801 -35.3263 0
      vertex -91.0981 -35 0
    endloop
  endfacet
  facet normal 0 0 -1
    outer loop
      vertex -90.3263 35.8801 0
      vertex -91.5 33.5 0
      vertex -90.6213 35.6213 0
    endloop
  endfacet
  facet normal 0 0 -1
    outer loop
      vertex -91.5 -33.5 0
      vertex -91.0981 -35 0
      vertex -91.2716 -34.648 0
    endloop
  endfacet
  facet normal 0 0 -1
    outer loop
      vertex -90.6213 35.6213 0
      vertex -91.5 33.5 0
      vertex -90.8801 35.3263 0
    endloop
  endfacet
  facet normal 0 0 -1
    outer loop
      vertex -91.5 -33.5 0
      vertex -91.2716 -34.648 0
      vertex -91.3978 -34.2765 0
    endloop
  endfacet
  facet normal 0 0 -1
    outer loop
      vertex -90.8801 35.3263 0
      vertex -91.5 33.5 0
      vertex -91.0981 35 0
    endloop
  endfacet
  facet normal 0 0 -1
    outer loop
      vertex -91.5 -33.5 0
      vertex -91.3978 -34.2765 0
      vertex -91.4743 -33.8916 0
    endloop
  endfacet
  facet normal 0 0 -1
    outer loop
      vertex -91.0981 35 0
      vertex -91.5 33.5 0
      vertex -91.2716 34.648 0
    endloop
  endfacet
  facet normal 0 0 -1
    outer loop
      vertex -91.2716 34.648 0
      vertex -91.5 33.5 0
      vertex -91.3978 34.2765 0
    endloop
  endfacet
  facet normal 0 0 -1
    outer loop
      vertex -91.3978 34.2765 0
      vertex -91.5 33.5 0
      vertex -91.4743 33.8916 0
    endloop
  endfacet
  facet normal -0.946858 -0.321651 0
    outer loop
      vertex -91.2716 -34.648 0
      vertex -91.3978 -34.2765 22
      vertex -91.3978 -34.2765 0
    endloop
  endfacet
  facet normal -0.946858 -0.321651 0
    outer loop
      vertex -91.3978 -34.2765 22
      vertex -91.2716 -34.648 0
      vertex -91.2716 -34.648 22
    endloop
  endfacet
  facet normal -0.831501 0.555523 0
    outer loop
      vertex -91.0981 35 0
      vertex -90.8801 35.3263 22
      vertex -90.8801 35.3263 0
    endloop
  endfacet
  facet normal -0.831501 0.555523 0
    outer loop
      vertex -90.8801 35.3263 22
      vertex -91.0981 35 0
      vertex -91.0981 35 22
    endloop
  endfacet
  facet normal -0.997853 0.0654873 0
    outer loop
      vertex -91.5 33.5 0
      vertex -91.4743 33.8916 22
      vertex -91.4743 33.8916 0
    endloop
  endfacet
  facet normal -0.997853 0.0654873 0
    outer loop
      vertex -91.4743 33.8916 22
      vertex -91.5 33.5 0
      vertex -91.5 33.5 22
    endloop
  endfacet
  facet normal -0.321651 0.946858 0
    outer loop
      vertex -89.2765 36.3978 0
      vertex -89.648 36.2716 22
      vertex -89.2765 36.3978 22
    endloop
  endfacet
  facet normal -0.321651 0.946858 0
    outer loop
      vertex -89.648 36.2716 22
      vertex -89.2765 36.3978 0
      vertex -89.648 36.2716 0
    endloop
  endfacet
  facet normal 0.946858 0.321651 0
    outer loop
      vertex 91.3978 34.2765 22
      vertex 91.2716 34.648 0
      vertex 91.2716 34.648 22
    endloop
  endfacet
  facet normal 0.946858 0.321651 0
    outer loop
      vertex 91.2716 34.648 0
      vertex 91.3978 34.2765 22
      vertex 91.3978 34.2765 0
    endloop
  endfacet
  facet normal 0.751724 0.659478 0
    outer loop
      vertex 90.8801 35.3263 22
      vertex 90.6213 35.6213 0
      vertex 90.6213 35.6213 22
    endloop
  endfacet
  facet normal 0.751724 0.659478 0
    outer loop
      vertex 90.6213 35.6213 0
      vertex 90.8801 35.3263 22
      vertex 90.8801 35.3263 0
    endloop
  endfacet
  facet normal 0.896961 -0.44211 0
    outer loop
      vertex 91.0981 -35 22
      vertex 91.2716 -34.648 0
      vertex 91.2716 -34.648 22
    endloop
  endfacet
  facet normal 0.896961 -0.44211 0
    outer loop
      vertex 91.2716 -34.648 0
      vertex 91.0981 -35 22
      vertex 91.0981 -35 0
    endloop
  endfacet
  facet normal 0.980815 -0.19494 0
    outer loop
      vertex 91.3978 -34.2765 22
      vertex 91.4743 -33.8916 0
      vertex 91.4743 -33.8916 22
    endloop
  endfacet
  facet normal 0.980815 -0.19494 0
    outer loop
      vertex 91.4743 -33.8916 0
      vertex 91.3978 -34.2765 22
      vertex 91.3978 -34.2765 0
    endloop
  endfacet
  facet normal 0.751724 -0.659478 0
    outer loop
      vertex 90.6213 -35.6213 22
      vertex 90.8801 -35.3263 0
      vertex 90.8801 -35.3263 22
    endloop
  endfacet
  facet normal 0.751724 -0.659478 0
    outer loop
      vertex 90.8801 -35.3263 0
      vertex 90.6213 -35.6213 22
      vertex 90.6213 -35.6213 0
    endloop
  endfacet
  facet normal 0.44211 -0.896961 0
    outer loop
      vertex 89.648 -36.2716 0
      vertex 90 -36.0981 22
      vertex 89.648 -36.2716 22
    endloop
  endfacet
  facet normal 0.44211 -0.896961 0
    outer loop
      vertex 90 -36.0981 22
      vertex 89.648 -36.2716 0
      vertex 90 -36.0981 0
    endloop
  endfacet
  facet normal 0.19494 -0.980815 0
    outer loop
      vertex 88.8916 -36.4743 0
      vertex 89.2765 -36.3978 22
      vertex 88.8916 -36.4743 22
    endloop
  endfacet
  facet normal 0.19494 -0.980815 0
    outer loop
      vertex 89.2765 -36.3978 22
      vertex 88.8916 -36.4743 0
      vertex 89.2765 -36.3978 0
    endloop
  endfacet
  facet normal -0.555523 -0.831501 0
    outer loop
      vertex -90.3263 -35.8801 0
      vertex -90 -36.0981 22
      vertex -90.3263 -35.8801 22
    endloop
  endfacet
  facet normal -0.555523 -0.831501 -0
    outer loop
      vertex -90 -36.0981 22
      vertex -90.3263 -35.8801 0
      vertex -90 -36.0981 0
    endloop
  endfacet
  facet normal -0.980815 -0.19494 0
    outer loop
      vertex -91.3978 -34.2765 0
      vertex -91.4743 -33.8916 22
      vertex -91.4743 -33.8916 0
    endloop
  endfacet
  facet normal -0.980815 -0.19494 0
    outer loop
      vertex -91.4743 -33.8916 22
      vertex -91.3978 -34.2765 0
      vertex -91.3978 -34.2765 22
    endloop
  endfacet
  facet normal -0.659478 0.751724 0
    outer loop
      vertex -90.3263 35.8801 0
      vertex -90.6213 35.6213 22
      vertex -90.3263 35.8801 22
    endloop
  endfacet
  facet normal -0.659478 0.751724 0
    outer loop
      vertex -90.6213 35.6213 22
      vertex -90.3263 35.8801 0
      vertex -90.6213 35.6213 0
    endloop
  endfacet
  facet normal -0.44211 0.896961 0
    outer loop
      vertex -89.648 36.2716 0
      vertex -90 36.0981 22
      vertex -89.648 36.2716 22
    endloop
  endfacet
  facet normal -0.44211 0.896961 0
    outer loop
      vertex -90 36.0981 22
      vertex -89.648 36.2716 0
      vertex -90 36.0981 0
    endloop
  endfacet
  facet normal -0.751724 0.659478 0
    outer loop
      vertex -90.8801 35.3263 0
      vertex -90.6213 35.6213 22
      vertex -90.6213 35.6213 0
    endloop
  endfacet
  facet normal -0.751724 0.659478 0
    outer loop
      vertex -90.6213 35.6213 22
      vertex -90.8801 35.3263 0
      vertex -90.8801 35.3263 22
    endloop
  endfacet
  facet normal -0.946858 0.321651 0
    outer loop
      vertex -91.3978 34.2765 0
      vertex -91.2716 34.648 22
      vertex -91.2716 34.648 0
    endloop
  endfacet
  facet normal -0.946858 0.321651 0
    outer loop
      vertex -91.2716 34.648 22
      vertex -91.3978 34.2765 0
      vertex -91.3978 34.2765 22
    endloop
  endfacet
  facet normal -0.896961 0.44211 0
    outer loop
      vertex -91.2716 34.648 0
      vertex -91.0981 35 22
      vertex -91.0981 35 0
    endloop
  endfacet
  facet normal -0.896961 0.44211 0
    outer loop
      vertex -91.0981 35 22
      vertex -91.2716 34.648 0
      vertex -91.2716 34.648 22
    endloop
  endfacet
  facet normal -0.980815 0.19494 0
    outer loop
      vertex -91.4743 33.8916 0
      vertex -91.3978 34.2765 22
      vertex -91.3978 34.2765 0
    endloop
  endfacet
  facet normal -0.980815 0.19494 0
    outer loop
      vertex -91.3978 34.2765 22
      vertex -91.4743 33.8916 0
      vertex -91.4743 33.8916 22
    endloop
  endfacet
  facet normal -0.19494 0.980815 0
    outer loop
      vertex -88.8916 36.4743 0
      vertex -89.2765 36.3978 22
      vertex -88.8916 36.4743 22
    endloop
  endfacet
  facet normal -0.19494 0.980815 0
    outer loop
      vertex -89.2765 36.3978 22
      vertex -88.8916 36.4743 0
      vertex -89.2765 36.3978 0
    endloop
  endfacet
  facet normal -0.0654873 0.997853 0
    outer loop
      vertex -88.5 36.5 0
      vertex -88.8916 36.4743 22
      vertex -88.5 36.5 22
    endloop
  endfacet
  facet normal -0.0654873 0.997853 0
    outer loop
      vertex -88.8916 36.4743 22
      vertex -88.5 36.5 0
      vertex -88.8916 36.4743 0
    endloop
  endfacet
  facet normal 0.321651 0.946858 -0
    outer loop
      vertex 89.648 36.2716 0
      vertex 89.2765 36.3978 22
      vertex 89.648 36.2716 22
    endloop
  endfacet
  facet normal 0.321651 0.946858 0
    outer loop
      vertex 89.2765 36.3978 22
      vertex 89.648 36.2716 0
      vertex 89.2765 36.3978 0
    endloop
  endfacet
  facet normal 0.44211 0.896961 -0
    outer loop
      vertex 90 36.0981 0
      vertex 89.648 36.2716 22
      vertex 90 36.0981 22
    endloop
  endfacet
  facet normal 0.44211 0.896961 0
    outer loop
      vertex 89.648 36.2716 22
      vertex 90 36.0981 0
      vertex 89.648 36.2716 0
    endloop
  endfacet
  facet normal 0.896961 0.44211 0
    outer loop
      vertex 91.2716 34.648 22
      vertex 91.0981 35 0
      vertex 91.0981 35 22
    endloop
  endfacet
  facet normal 0.896961 0.44211 0
    outer loop
      vertex 91.0981 35 0
      vertex 91.2716 34.648 22
      vertex 91.2716 34.648 0
    endloop
  endfacet
  facet normal 0.946858 -0.321651 0
    outer loop
      vertex 91.2716 -34.648 22
      vertex 91.3978 -34.2765 0
      vertex 91.3978 -34.2765 22
    endloop
  endfacet
  facet normal 0.946858 -0.321651 0
    outer loop
      vertex 91.3978 -34.2765 0
      vertex 91.2716 -34.648 22
      vertex 91.2716 -34.648 0
    endloop
  endfacet
  facet normal 0.555523 -0.831501 0
    outer loop
      vertex 90 -36.0981 0
      vertex 90.3263 -35.8801 22
      vertex 90 -36.0981 22
    endloop
  endfacet
  facet normal 0.555523 -0.831501 0
    outer loop
      vertex 90.3263 -35.8801 22
      vertex 90 -36.0981 0
      vertex 90.3263 -35.8801 0
    endloop
  endfacet
  facet normal -0.555523 0.831501 0
    outer loop
      vertex -90 36.0981 0
      vertex -90.3263 35.8801 22
      vertex -90 36.0981 22
    endloop
  endfacet
  facet normal -0.555523 0.831501 0
    outer loop
      vertex -90.3263 35.8801 22
      vertex -90 36.0981 0
      vertex -90.3263 35.8801 0
    endloop
  endfacet
  facet normal 0.19494 0.980815 -0
    outer loop
      vertex 89.2765 36.3978 0
      vertex 88.8916 36.4743 22
      vertex 89.2765 36.3978 22
    endloop
  endfacet
  facet normal 0.19494 0.980815 0
    outer loop
      vertex 88.8916 36.4743 22
      vertex 89.2765 36.3978 0
      vertex 88.8916 36.4743 0
    endloop
  endfacet
  facet normal 0.555523 0.831501 -0
    outer loop
      vertex 90.3263 35.8801 0
      vertex 90 36.0981 22
      vertex 90.3263 35.8801 22
    endloop
  endfacet
  facet normal 0.555523 0.831501 0
    outer loop
      vertex 90 36.0981 22
      vertex 90.3263 35.8801 0
      vertex 90 36.0981 0
    endloop
  endfacet
  facet normal 0.659478 0.751724 -0
    outer loop
      vertex 90.6213 35.6213 0
      vertex 90.3263 35.8801 22
      vertex 90.6213 35.6213 22
    endloop
  endfacet
  facet normal 0.659478 0.751724 0
    outer loop
      vertex 90.3263 35.8801 22
      vertex 90.6213 35.6213 0
      vertex 90.3263 35.8801 0
    endloop
  endfacet
  facet normal 0.980815 0.19494 0
    outer loop
      vertex 91.4743 33.8916 22
      vertex 91.3978 34.2765 0
      vertex 91.3978 34.2765 22
    endloop
  endfacet
  facet normal 0.980815 0.19494 0
    outer loop
      vertex 91.3978 34.2765 0
      vertex 91.4743 33.8916 22
      vertex 91.4743 33.8916 0
    endloop
  endfacet
  facet normal 0.997853 0.0654873 0
    outer loop
      vertex 91.5 33.5 22
      vertex 91.4743 33.8916 0
      vertex 91.4743 33.8916 22
    endloop
  endfacet
  facet normal 0.997853 0.0654873 0
    outer loop
      vertex 91.4743 33.8916 0
      vertex 91.5 33.5 22
      vertex 91.5 33.5 0
    endloop
  endfacet
  facet normal 0.831501 0.555523 0
    outer loop
      vertex 91.0981 35 22
      vertex 90.8801 35.3263 0
      vertex 90.8801 35.3263 22
    endloop
  endfacet
  facet normal 0.831501 0.555523 0
    outer loop
      vertex 90.8801 35.3263 0
      vertex 91.0981 35 22
      vertex 91.0981 35 0
    endloop
  endfacet
  facet normal 0.659478 -0.751724 0
    outer loop
      vertex 90.3263 -35.8801 0
      vertex 90.6213 -35.6213 22
      vertex 90.3263 -35.8801 22
    endloop
  endfacet
  facet normal 0.659478 -0.751724 0
    outer loop
      vertex 90.6213 -35.6213 22
      vertex 90.3263 -35.8801 0
      vertex 90.6213 -35.6213 0
    endloop
  endfacet
  facet normal 0.195258 0.980752 -0
    outer loop
      vertex -87.4133 -34.4795 19.8
      vertex -87.7212 -34.4182 22
      vertex -87.4133 -34.4795 22
    endloop
  endfacet
  facet normal 0.195258 0.980752 0
    outer loop
      vertex -87.7212 -34.4182 22
      vertex -87.4133 -34.4795 19.8
      vertex -87.7212 -34.4182 19.8
    endloop
  endfacet
  facet normal 0.0652929 0.997866 -0
    outer loop
      vertex -87.1 -34.5 19.8
      vertex -87.4133 -34.4795 22
      vertex -87.1 -34.5 22
    endloop
  endfacet
  facet normal 0.0652929 0.997866 0
    outer loop
      vertex -87.4133 -34.4795 22
      vertex -87.1 -34.5 19.8
      vertex -87.4133 -34.4795 19.8
    endloop
  endfacet
  facet normal 0 1 -0
    outer loop
      vertex 85.3532 -34.5 2
      vertex -85.3532 -34.5 19.8
      vertex 85.3532 -34.5 19.8
    endloop
  endfacet
  facet normal 0 1 0
    outer loop
      vertex -85.3532 -34.5 19.8
      vertex 85.3532 -34.5 2
      vertex -85.3532 -34.5 2
    endloop
  endfacet
  facet normal 0 1 0
    outer loop
      vertex 85.3532 -34.5 19.8
      vertex 87.1 -34.5 22
      vertex 87.1 -34.5 19.8
    endloop
  endfacet
  facet normal 0 1 0
    outer loop
      vertex 87.1 -34.5 22
      vertex 85.3532 -34.5 19.8
      vertex -87.1 -34.5 22
    endloop
  endfacet
  facet normal 0 1 -0
    outer loop
      vertex -85.3532 -34.5 19.8
      vertex -87.1 -34.5 22
      vertex 85.3532 -34.5 19.8
    endloop
  endfacet
  facet normal 0 1 0
    outer loop
      vertex -87.1 -34.5 22
      vertex -85.3532 -34.5 19.8
      vertex -87.1 -34.5 19.8
    endloop
  endfacet
  facet normal -0.752083 -0.659068 0
    outer loop
      vertex 89.004 33.561 19.8
      vertex 88.7971 33.7971 22
      vertex 88.7971 33.7971 19.8
    endloop
  endfacet
  facet normal -0.752083 -0.659068 0
    outer loop
      vertex 88.7971 33.7971 22
      vertex 89.004 33.561 19.8
      vertex 89.004 33.561 22
    endloop
  endfacet
  facet normal 1 0 0
    outer loop
      vertex -89.5 32.1 22
      vertex -89.5 30.3532 19.8
      vertex -89.5 32.1 19.8
    endloop
  endfacet
  facet normal 1 0 0
    outer loop
      vertex -89.5 30.3532 19.8
      vertex -89.5 21 10.5
      vertex -89.5 30.3532 2
    endloop
  endfacet
  facet normal 1 0 0
    outer loop
      vertex -89.5 0.25 12.5
      vertex -89.5 30.3532 19.8
      vertex -89.5 32.1 22
    endloop
  endfacet
  facet normal 1 0 0
    outer loop
      vertex -89.5 30.3532 19.8
      vertex -89.5 13 10.5
      vertex -89.5 21 10.5
    endloop
  endfacet
  facet normal 1 0 0
    outer loop
      vertex -89.5 13 10.5
      vertex -89.5 0.25 12.5
      vertex -89.5 13 6.5
    endloop
  endfacet
  facet normal 1 0 0
    outer loop
      vertex -89.5 30.3532 19.8
      vertex -89.5 0.25 12.5
      vertex -89.5 13 10.5
    endloop
  endfacet
  facet normal 1 -0 0
    outer loop
      vertex -89.5 -32.1 22
      vertex -89.5 0.25 12.5
      vertex -89.5 32.1 22
    endloop
  endfacet
  facet normal 1 0 0
    outer loop
      vertex -89.5 -30.3532 2
      vertex -89.5 -12.25 12.5
      vertex -89.5 -30.3532 19.8
    endloop
  endfacet
  facet normal 1 0 0
    outer loop
      vertex -89.5 0.25 12.5
      vertex -89.5 -32.1 22
      vertex -89.5 -12.25 12.5
    endloop
  endfacet
  facet normal 1 0 0
    outer loop
      vertex -89.5 -12.25 12.5
      vertex -89.5 -32.1 22
      vertex -89.5 -30.3532 19.8
    endloop
  endfacet
  facet normal 1 0 0
    outer loop
      vertex -89.5 -30.3532 19.8
      vertex -89.5 -32.1 22
      vertex -89.5 -32.1 19.8
    endloop
  endfacet
  facet normal 1 -0 0
    outer loop
      vertex -89.5 21 6.5
      vertex -89.5 30.3532 2
      vertex -89.5 21 10.5
    endloop
  endfacet
  facet normal 1 -0 0
    outer loop
      vertex -89.5 13 6.5
      vertex -89.5 30.3532 2
      vertex -89.5 21 6.5
    endloop
  endfacet
  facet normal 1 0 0
    outer loop
      vertex -89.5 0.25 4.5
      vertex -89.5 13 6.5
      vertex -89.5 0.25 12.5
    endloop
  endfacet
  facet normal 1 -0 0
    outer loop
      vertex -89.5 0.25 4.5
      vertex -89.5 30.3532 2
      vertex -89.5 13 6.5
    endloop
  endfacet
  facet normal 1 0 0
    outer loop
      vertex -89.5 -30.3532 2
      vertex -89.5 0.25 4.5
      vertex -89.5 -12.25 4.5
    endloop
  endfacet
  facet normal 1 0 0
    outer loop
      vertex -89.5 0.25 4.5
      vertex -89.5 -30.3532 2
      vertex -89.5 30.3532 2
    endloop
  endfacet
  facet normal 1 0 0
    outer loop
      vertex -89.5 -12.25 12.5
      vertex -89.5 -30.3532 2
      vertex -89.5 -12.25 4.5
    endloop
  endfacet
  facet normal -0.0652929 0.997866 0
    outer loop
      vertex 87.4133 -34.4795 19.8
      vertex 87.1 -34.5 22
      vertex 87.4133 -34.4795 22
    endloop
  endfacet
  facet normal -0.0652929 0.997866 0
    outer loop
      vertex 87.1 -34.5 22
      vertex 87.4133 -34.4795 19.8
      vertex 87.1 -34.5 19.8
    endloop
  endfacet
  facet normal -0.32148 0.946916 0
    outer loop
      vertex 88.0184 -34.3173 19.8
      vertex 87.7212 -34.4182 22
      vertex 88.0184 -34.3173 22
    endloop
  endfacet
  facet normal -0.32148 0.946916 0
    outer loop
      vertex 87.7212 -34.4182 22
      vertex 88.0184 -34.3173 19.8
      vertex 87.7212 -34.4182 19.8
    endloop
  endfacet
  facet normal 0 -1 0
    outer loop
      vertex -85.3532 34.5 2
      vertex 85.3532 34.5 19.8
      vertex -85.3532 34.5 19.8
    endloop
  endfacet
  facet normal 0 -1 -0
    outer loop
      vertex 85.3532 34.5 19.8
      vertex -85.3532 34.5 2
      vertex 85.3532 34.5 2
    endloop
  endfacet
  facet normal 0 -1 0
    outer loop
      vertex -85.3532 34.5 19.8
      vertex -87.1 34.5 22
      vertex -87.1 34.5 19.8
    endloop
  endfacet
  facet normal 0 -1 0
    outer loop
      vertex -87.1 34.5 22
      vertex -85.3532 34.5 19.8
      vertex 87.1 34.5 22
    endloop
  endfacet
  facet normal 0 -1 0
    outer loop
      vertex 85.3532 34.5 19.8
      vertex 87.1 34.5 22
      vertex -85.3532 34.5 19.8
    endloop
  endfacet
  facet normal 0 -1 -0
    outer loop
      vertex 87.1 34.5 22
      vertex 85.3532 34.5 19.8
      vertex 87.1 34.5 19.8
    endloop
  endfacet
  facet normal 0.659068 -0.752083 0
    outer loop
      vertex -88.7971 33.7971 19.8
      vertex -88.561 34.004 22
      vertex -88.7971 33.7971 22
    endloop
  endfacet
  facet normal 0.659068 -0.752083 0
    outer loop
      vertex -88.561 34.004 22
      vertex -88.7971 33.7971 19.8
      vertex -88.561 34.004 19.8
    endloop
  endfacet
  facet normal -1 0 0
    outer loop
      vertex 89.5 -21 2
      vertex 89.5 -30.3532 2
      vertex 89.5 -21 12
    endloop
  endfacet
  facet normal -1 0 0
    outer loop
      vertex 89.5 18 2
      vertex 89.5 -18 2
      vertex 89.5 18 12
    endloop
  endfacet
  facet normal -1 0 0
    outer loop
      vertex 89.5 21 12
      vertex 89.5 30.3532 2
      vertex 89.5 21 2
    endloop
  endfacet
  facet normal -1 0 0
    outer loop
      vertex 89.5 30.3532 19.8
      vertex 89.5 32.1 22
      vertex 89.5 32.1 19.8
    endloop
  endfacet
  facet normal -1 0 0
    outer loop
      vertex 89.5 30.3532 2
      vertex 89.5 21 12
      vertex 89.5 30.3532 19.8
    endloop
  endfacet
  facet normal -1 0 0
    outer loop
      vertex 89.5 18 12
      vertex 89.5 30.3532 19.8
      vertex 89.5 21 12
    endloop
  endfacet
  facet normal -1 -0 0
    outer loop
      vertex 89.5 30.3532 19.8
      vertex 89.5 18 12
      vertex 89.5 32.1 22
    endloop
  endfacet
  facet normal -1 0 0
    outer loop
      vertex 89.5 -18 12
      vertex 89.5 18 12
      vertex 89.5 -18 2
    endloop
  endfacet
  facet normal -1 0 0
    outer loop
      vertex 89.5 18 12
      vertex 89.5 -18 12
      vertex 89.5 32.1 22
    endloop
  endfacet
  facet normal -1 0 0
    outer loop
      vertex 89.5 -30.3532 19.8
      vertex 89.5 -18 12
      vertex 89.5 -21 12
    endloop
  endfacet
  facet normal -1 0 0
    outer loop
      vertex 89.5 -30.3532 19.8
      vertex 89.5 -21 12
      vertex 89.5 -30.3532 2
    endloop
  endfacet
  facet normal -1 0 0
    outer loop
      vertex 89.5 -18 12
      vertex 89.5 -30.3532 19.8
      vertex 89.5 -32.1 22
    endloop
  endfacet
  facet normal -1 0 0
    outer loop
      vertex 89.5 -32.1 22
      vertex 89.5 -30.3532 19.8
      vertex 89.5 -32.1 19.8
    endloop
  endfacet
  facet normal -1 0 0
    outer loop
      vertex 89.5 -18 12
      vertex 89.5 -32.1 22
      vertex 89.5 32.1 22
    endloop
  endfacet
  facet normal 0.752083 0.659068 0
    outer loop
      vertex -88.7971 -33.7971 22
      vertex -89.004 -33.561 19.8
      vertex -89.004 -33.561 22
    endloop
  endfacet
  facet normal 0.752083 0.659068 0
    outer loop
      vertex -89.004 -33.561 19.8
      vertex -88.7971 -33.7971 22
      vertex -88.7971 -33.7971 19.8
    endloop
  endfacet
  facet normal 0.44211 0.896961 -0
    outer loop
      vertex -88.0184 -34.3173 19.8
      vertex -88.3 -34.1785 22
      vertex -88.0184 -34.3173 22
    endloop
  endfacet
  facet normal 0.44211 0.896961 0
    outer loop
      vertex -88.3 -34.1785 22
      vertex -88.0184 -34.3173 19.8
      vertex -88.3 -34.1785 19.8
    endloop
  endfacet
  facet normal 0.32148 0.946916 -0
    outer loop
      vertex -87.7212 -34.4182 19.8
      vertex -88.0184 -34.3173 22
      vertex -87.7212 -34.4182 22
    endloop
  endfacet
  facet normal 0.32148 0.946916 0
    outer loop
      vertex -88.0184 -34.3173 22
      vertex -87.7212 -34.4182 19.8
      vertex -88.0184 -34.3173 19.8
    endloop
  endfacet
  facet normal 0 0 1
    outer loop
      vertex -81.7128 -29.1812 2
      vertex -84.0257 -31.6084 2
      vertex -84 -32 2
    endloop
  endfacet
  facet normal 0 0 1
    outer loop
      vertex -85.5 -29.4019 2
      vertex -83.9053 -28.1 2
      vertex -84.0325 -27.8419 2
    endloop
  endfacet
  facet normal 0 0 1
    outer loop
      vertex -83.7454 -28.3393 2
      vertex -84.1022 -31.2235 2
      vertex -84.0257 -31.6084 2
    endloop
  endfacet
  facet normal 0 0 1
    outer loop
      vertex -85.852 -29.2284 2
      vertex -84.0325 -27.8419 2
      vertex -84.125 -27.5694 2
    endloop
  endfacet
  facet normal 0 0 1
    outer loop
      vertex -86.2235 -29.1022 2
      vertex -84.125 -27.5694 2
      vertex -84.1812 -27.2872 2
    endloop
  endfacet
  facet normal 0 0 1
    outer loop
      vertex -86.2235 -29.1022 2
      vertex -84.1812 -27.2872 2
      vertex -84.2 -27 2
    endloop
  endfacet
  facet normal 0 0 1
    outer loop
      vertex -83.7454 -28.3393 2
      vertex -84.2284 -30.8519 2
      vertex -84.1022 -31.2235 2
    endloop
  endfacet
  facet normal 0 0 1
    outer loop
      vertex -83.9053 28.1 2
      vertex -85.5 29.4019 2
      vertex -84.0325 27.8419 2
    endloop
  endfacet
  facet normal -0 0 1
    outer loop
      vertex -85.852 29.2284 2
      vertex -84.0325 27.8419 2
      vertex -85.5 29.4019 2
    endloop
  endfacet
  facet normal 0 0 1
    outer loop
      vertex -83.7454 -28.3393 2
      vertex -84.4019 -30.5 2
      vertex -84.2284 -30.8519 2
    endloop
  endfacet
  facet normal 0 0 1
    outer loop
      vertex -84.0325 27.8419 2
      vertex -85.852 29.2284 2
      vertex -84.125 27.5694 2
    endloop
  endfacet
  facet normal 0 0 1
    outer loop
      vertex -83.7454 -28.3393 2
      vertex -84.6199 -30.1737 2
      vertex -84.4019 -30.5 2
    endloop
  endfacet
  facet normal -0 0 1
    outer loop
      vertex -86.2235 29.1022 2
      vertex -84.125 27.5694 2
      vertex -85.852 29.2284 2
    endloop
  endfacet
  facet normal 0 0 1
    outer loop
      vertex -83.7454 -28.3393 2
      vertex -84.8787 -29.8787 2
      vertex -84.6199 -30.1737 2
    endloop
  endfacet
  facet normal 0 0 1
    outer loop
      vertex -84.125 27.5694 2
      vertex -86.2235 29.1022 2
      vertex -84.1812 27.2872 2
    endloop
  endfacet
  facet normal 0 0 1
    outer loop
      vertex -83.7454 -28.3393 2
      vertex -85.1737 -29.6199 2
      vertex -84.8787 -29.8787 2
    endloop
  endfacet
  facet normal 0 0 1
    outer loop
      vertex -84.1812 27.2872 2
      vertex -86.2235 29.1022 2
      vertex -84.2 27 2
    endloop
  endfacet
  facet normal 0 0 1
    outer loop
      vertex -83.9053 -28.1 2
      vertex -85.5 -29.4019 2
      vertex -85.1737 -29.6199 2
    endloop
  endfacet
  facet normal -0 0 1
    outer loop
      vertex -86.6084 29.0257 2
      vertex -84.2 27 2
      vertex -86.2235 29.1022 2
    endloop
  endfacet
  facet normal 0 0 1
    outer loop
      vertex -84.0325 -27.8419 2
      vertex -85.852 -29.2284 2
      vertex -85.5 -29.4019 2
    endloop
  endfacet
  facet normal -0 0 1
    outer loop
      vertex -87 29 2
      vertex -84.2 27 2
      vertex -86.6084 29.0257 2
    endloop
  endfacet
  facet normal 0 0 1
    outer loop
      vertex -84.125 -27.5694 2
      vertex -86.2235 -29.1022 2
      vertex -85.852 -29.2284 2
    endloop
  endfacet
  facet normal 0 0 1
    outer loop
      vertex -87.3916 29.0257 2
      vertex -84.2 27 2
      vertex -87 29 2
    endloop
  endfacet
  facet normal 0 0 1
    outer loop
      vertex -84.2 -27 2
      vertex -86.6084 -29.0257 2
      vertex -86.2235 -29.1022 2
    endloop
  endfacet
  facet normal 0 0 1
    outer loop
      vertex -87.7765 29.1022 2
      vertex -84.2 27 2
      vertex -87.3916 29.0257 2
    endloop
  endfacet
  facet normal 0 0 1
    outer loop
      vertex -84.2 -27 2
      vertex -87 -29 2
      vertex -86.6084 -29.0257 2
    endloop
  endfacet
  facet normal 0 0 1
    outer loop
      vertex -88.148 29.2284 2
      vertex -84.2 27 2
      vertex -87.7765 29.1022 2
    endloop
  endfacet
  facet normal 0 0 1
    outer loop
      vertex -84.2 -27 2
      vertex -87.3916 -29.0257 2
      vertex -87 -29 2
    endloop
  endfacet
  facet normal 0 0 1
    outer loop
      vertex -84.2 27 2
      vertex -88.148 29.2284 2
      vertex -84.2 -27 2
    endloop
  endfacet
  facet normal 0 0 1
    outer loop
      vertex -84.2 -27 2
      vertex -87.7765 -29.1022 2
      vertex -87.3916 -29.0257 2
    endloop
  endfacet
  facet normal 0 0 1
    outer loop
      vertex -88.148 -29.2284 2
      vertex -84.2 -27 2
      vertex -88.148 29.2284 2
    endloop
  endfacet
  facet normal 0 0 1
    outer loop
      vertex -84.2 -27 2
      vertex -88.148 -29.2284 2
      vertex -87.7765 -29.1022 2
    endloop
  endfacet
  facet normal 0 0 1
    outer loop
      vertex -88.5 29.4019 2
      vertex -88.148 -29.2284 2
      vertex -88.148 29.2284 2
    endloop
  endfacet
  facet normal 0 0 1
    outer loop
      vertex -88.5 29.4019 2
      vertex -88.5 -29.4019 2
      vertex -88.148 -29.2284 2
    endloop
  endfacet
  facet normal 0 0 1
    outer loop
      vertex -88.8263 29.6199 2
      vertex -88.5 -29.4019 2
      vertex -88.5 29.4019 2
    endloop
  endfacet
  facet normal 0 0 1
    outer loop
      vertex -88.8263 29.6199 2
      vertex -88.8263 -29.6199 2
      vertex -88.5 -29.4019 2
    endloop
  endfacet
  facet normal 0 0 1
    outer loop
      vertex -89.1213 29.8787 2
      vertex -88.8263 -29.6199 2
      vertex -88.8263 29.6199 2
    endloop
  endfacet
  facet normal 0 0 1
    outer loop
      vertex -89.1213 29.8787 2
      vertex -89.1213 -29.8787 2
      vertex -88.8263 -29.6199 2
    endloop
  endfacet
  facet normal 0 0 1
    outer loop
      vertex -89.3801 30.1737 2
      vertex -89.1213 -29.8787 2
      vertex -89.1213 29.8787 2
    endloop
  endfacet
  facet normal 0 0 1
    outer loop
      vertex -89.3801 30.1737 2
      vertex -89.3801 -30.1737 2
      vertex -89.1213 -29.8787 2
    endloop
  endfacet
  facet normal 0 0 1
    outer loop
      vertex -89.5 30.3532 2
      vertex -89.3801 -30.1737 2
      vertex -89.3801 30.1737 2
    endloop
  endfacet
  facet normal 0 0 1
    outer loop
      vertex -89.3801 -30.1737 2
      vertex -89.5 30.3532 2
      vertex -89.5 -30.3532 2
    endloop
  endfacet
  facet normal 0 0 1
    outer loop
      vertex -79.9675 26.1581 2
      vertex 23.9675 26.1581 2
      vertex -79.875 26.4306 2
    endloop
  endfacet
  facet normal 0 0 1
    outer loop
      vertex 23.9675 -26.1581 2
      vertex -79.8188 -26.7128 2
      vertex -79.8 -27 2
    endloop
  endfacet
  facet normal 0 0 1
    outer loop
      vertex 23.9675 26.1581 2
      vertex -79.9675 26.1581 2
      vertex 23.9675 -26.1581 2
    endloop
  endfacet
  facet normal 0 0 1
    outer loop
      vertex 23.9675 -26.1581 2
      vertex -79.875 -26.4306 2
      vertex -79.8188 -26.7128 2
    endloop
  endfacet
  facet normal 0 0 1
    outer loop
      vertex -79.9675 -26.1581 2
      vertex 23.9675 -26.1581 2
      vertex -79.9675 26.1581 2
    endloop
  endfacet
  facet normal 0 0 1
    outer loop
      vertex 23.9675 -26.1581 2
      vertex -79.9675 -26.1581 2
      vertex -79.875 -26.4306 2
    endloop
  endfacet
  facet normal -0 0 1
    outer loop
      vertex -80.0947 25.9 2
      vertex -79.9675 -26.1581 2
      vertex -79.9675 26.1581 2
    endloop
  endfacet
  facet normal 0 0 1
    outer loop
      vertex -80.0947 25.9 2
      vertex -80.0947 -25.9 2
      vertex -79.9675 -26.1581 2
    endloop
  endfacet
  facet normal -0 0 1
    outer loop
      vertex -80.2546 25.6607 2
      vertex -80.0947 -25.9 2
      vertex -80.0947 25.9 2
    endloop
  endfacet
  facet normal 0 0 1
    outer loop
      vertex -80.2546 25.6607 2
      vertex -80.2546 -25.6607 2
      vertex -80.0947 -25.9 2
    endloop
  endfacet
  facet normal -0 0 1
    outer loop
      vertex -80.4444 25.4444 2
      vertex -80.2546 -25.6607 2
      vertex -80.2546 25.6607 2
    endloop
  endfacet
  facet normal 0 0 1
    outer loop
      vertex -80.4444 25.4444 2
      vertex -80.4444 -25.4444 2
      vertex -80.2546 -25.6607 2
    endloop
  endfacet
  facet normal -0 0 1
    outer loop
      vertex -80.6607 25.2546 2
      vertex -80.4444 -25.4444 2
      vertex -80.4444 25.4444 2
    endloop
  endfacet
  facet normal 0 0 1
    outer loop
      vertex -80.6607 25.2546 2
      vertex -80.6607 -25.2546 2
      vertex -80.4444 -25.4444 2
    endloop
  endfacet
  facet normal -0 0 1
    outer loop
      vertex -80.9 25.0947 2
      vertex -80.6607 -25.2546 2
      vertex -80.6607 25.2546 2
    endloop
  endfacet
  facet normal 0 0 1
    outer loop
      vertex -80.9 25.0947 2
      vertex -80.9 -25.0947 2
      vertex -80.6607 -25.2546 2
    endloop
  endfacet
  facet normal -0 0 1
    outer loop
      vertex -81.1581 24.9675 2
      vertex -80.9 -25.0947 2
      vertex -80.9 25.0947 2
    endloop
  endfacet
  facet normal 0 0 1
    outer loop
      vertex -81.1581 24.9675 2
      vertex -81.1581 -24.9675 2
      vertex -80.9 -25.0947 2
    endloop
  endfacet
  facet normal -0 0 1
    outer loop
      vertex -81.4306 24.875 2
      vertex -81.1581 -24.9675 2
      vertex -81.1581 24.9675 2
    endloop
  endfacet
  facet normal 0 0 1
    outer loop
      vertex -81.4306 24.875 2
      vertex -81.4306 -24.875 2
      vertex -81.1581 -24.9675 2
    endloop
  endfacet
  facet normal -0 0 1
    outer loop
      vertex -81.7128 24.8188 2
      vertex -81.4306 -24.875 2
      vertex -81.4306 24.875 2
    endloop
  endfacet
  facet normal 0 0 1
    outer loop
      vertex -81.7128 24.8188 2
      vertex -81.7128 -24.8188 2
      vertex -81.4306 -24.875 2
    endloop
  endfacet
  facet normal -0 0 1
    outer loop
      vertex -82 24.8 2
      vertex -81.7128 -24.8188 2
      vertex -81.7128 24.8188 2
    endloop
  endfacet
  facet normal 0 0 1
    outer loop
      vertex -82 24.8 2
      vertex -82 -24.8 2
      vertex -81.7128 -24.8188 2
    endloop
  endfacet
  facet normal 0 0 1
    outer loop
      vertex -82.2872 24.8188 2
      vertex -82 -24.8 2
      vertex -82 24.8 2
    endloop
  endfacet
  facet normal 0 0 1
    outer loop
      vertex -82.2872 24.8188 2
      vertex -82.2872 -24.8188 2
      vertex -82 -24.8 2
    endloop
  endfacet
  facet normal 0 0 1
    outer loop
      vertex -82.5694 24.875 2
      vertex -82.2872 -24.8188 2
      vertex -82.2872 24.8188 2
    endloop
  endfacet
  facet normal 0 0 1
    outer loop
      vertex -82.5694 24.875 2
      vertex -82.5694 -24.875 2
      vertex -82.2872 -24.8188 2
    endloop
  endfacet
  facet normal 0 0 1
    outer loop
      vertex -82.8419 24.9675 2
      vertex -82.5694 -24.875 2
      vertex -82.5694 24.875 2
    endloop
  endfacet
  facet normal 0 0 1
    outer loop
      vertex -82.8419 24.9675 2
      vertex -82.8419 -24.9675 2
      vertex -82.5694 -24.875 2
    endloop
  endfacet
  facet normal 0 0 1
    outer loop
      vertex -83.1 25.0947 2
      vertex -82.8419 -24.9675 2
      vertex -82.8419 24.9675 2
    endloop
  endfacet
  facet normal 0 0 1
    outer loop
      vertex -83.1 25.0947 2
      vertex -83.1 -25.0947 2
      vertex -82.8419 -24.9675 2
    endloop
  endfacet
  facet normal 0 0 1
    outer loop
      vertex -83.3393 25.2546 2
      vertex -83.1 -25.0947 2
      vertex -83.1 25.0947 2
    endloop
  endfacet
  facet normal 0 0 1
    outer loop
      vertex -83.3393 25.2546 2
      vertex -83.3393 -25.2546 2
      vertex -83.1 -25.0947 2
    endloop
  endfacet
  facet normal 0 0 1
    outer loop
      vertex -83.5556 25.4444 2
      vertex -83.3393 -25.2546 2
      vertex -83.3393 25.2546 2
    endloop
  endfacet
  facet normal 0 0 1
    outer loop
      vertex -83.5556 25.4444 2
      vertex -83.5556 -25.4444 2
      vertex -83.3393 -25.2546 2
    endloop
  endfacet
  facet normal 0 0 1
    outer loop
      vertex -83.7454 25.6607 2
      vertex -83.5556 -25.4444 2
      vertex -83.5556 25.4444 2
    endloop
  endfacet
  facet normal 0 0 1
    outer loop
      vertex -83.7454 25.6607 2
      vertex -83.7454 -25.6607 2
      vertex -83.5556 -25.4444 2
    endloop
  endfacet
  facet normal 0 0 1
    outer loop
      vertex -83.9053 25.9 2
      vertex -83.7454 -25.6607 2
      vertex -83.7454 25.6607 2
    endloop
  endfacet
  facet normal 0 0 1
    outer loop
      vertex -83.9053 25.9 2
      vertex -83.9053 -25.9 2
      vertex -83.7454 -25.6607 2
    endloop
  endfacet
  facet normal 0 0 1
    outer loop
      vertex -84.0325 26.1581 2
      vertex -83.9053 -25.9 2
      vertex -83.9053 25.9 2
    endloop
  endfacet
  facet normal 0 0 1
    outer loop
      vertex -84.0325 26.1581 2
      vertex -84.0325 -26.1581 2
      vertex -83.9053 -25.9 2
    endloop
  endfacet
  facet normal 0 0 1
    outer loop
      vertex -84.125 26.4306 2
      vertex -84.0325 -26.1581 2
      vertex -84.0325 26.1581 2
    endloop
  endfacet
  facet normal 0 0 1
    outer loop
      vertex -84.125 26.4306 2
      vertex -84.125 -26.4306 2
      vertex -84.0325 -26.1581 2
    endloop
  endfacet
  facet normal 0 0 1
    outer loop
      vertex -84.1812 26.7128 2
      vertex -84.125 -26.4306 2
      vertex -84.125 26.4306 2
    endloop
  endfacet
  facet normal 0 0 1
    outer loop
      vertex -84.1812 26.7128 2
      vertex -84.1812 -26.7128 2
      vertex -84.125 -26.4306 2
    endloop
  endfacet
  facet normal 0 0 1
    outer loop
      vertex -84.2 27 2
      vertex -84.1812 -26.7128 2
      vertex -84.1812 26.7128 2
    endloop
  endfacet
  facet normal 0 0 1
    outer loop
      vertex -84.1812 -26.7128 2
      vertex -84.2 27 2
      vertex -84.2 -27 2
    endloop
  endfacet
  facet normal -0 0 1
    outer loop
      vertex 28.0325 26.1581 2
      vertex 33 21 2
      vertex 28.125 26.4306 2
    endloop
  endfacet
  facet normal 0 0 1
    outer loop
      vertex 33 -21 2
      vertex 28.1812 -26.7128 2
      vertex 28.2 -27 2
    endloop
  endfacet
  facet normal -0 0 1
    outer loop
      vertex 27.9053 25.9 2
      vertex 33 21 2
      vertex 28.0325 26.1581 2
    endloop
  endfacet
  facet normal 0 0 1
    outer loop
      vertex 33 -21 2
      vertex 28.125 -26.4306 2
      vertex 28.1812 -26.7128 2
    endloop
  endfacet
  facet normal -0 0 1
    outer loop
      vertex 27.7454 25.6607 2
      vertex 33 21 2
      vertex 27.9053 25.9 2
    endloop
  endfacet
  facet normal 0 0 1
    outer loop
      vertex 33 -21 2
      vertex 28.0325 -26.1581 2
      vertex 28.125 -26.4306 2
    endloop
  endfacet
  facet normal -0 0 1
    outer loop
      vertex 27.5556 25.4444 2
      vertex 33 21 2
      vertex 27.7454 25.6607 2
    endloop
  endfacet
  facet normal 0 0 1
    outer loop
      vertex 33 -21 2
      vertex 27.9053 -25.9 2
      vertex 28.0325 -26.1581 2
    endloop
  endfacet
  facet normal -0 0 1
    outer loop
      vertex 27.3393 25.2546 2
      vertex 33 21 2
      vertex 27.5556 25.4444 2
    endloop
  endfacet
  facet normal 0 0 1
    outer loop
      vertex 33 -21 2
      vertex 27.7454 -25.6607 2
      vertex 27.9053 -25.9 2
    endloop
  endfacet
  facet normal -0 0 1
    outer loop
      vertex 27.1 25.0947 2
      vertex 33 21 2
      vertex 27.3393 25.2546 2
    endloop
  endfacet
  facet normal 0 0 1
    outer loop
      vertex 33 -21 2
      vertex 27.5556 -25.4444 2
      vertex 27.7454 -25.6607 2
    endloop
  endfacet
  facet normal -0 0 1
    outer loop
      vertex 26.8419 24.9675 2
      vertex 33 21 2
      vertex 27.1 25.0947 2
    endloop
  endfacet
  facet normal 0 0 1
    outer loop
      vertex 33 -21 2
      vertex 27.3393 -25.2546 2
      vertex 27.5556 -25.4444 2
    endloop
  endfacet
  facet normal -0 0 1
    outer loop
      vertex 26.5694 24.875 2
      vertex 33 21 2
      vertex 26.8419 24.9675 2
    endloop
  endfacet
  facet normal 0 0 1
    outer loop
      vertex 33 -21 2
      vertex 27.1 -25.0947 2
      vertex 27.3393 -25.2546 2
    endloop
  endfacet
  facet normal -0 0 1
    outer loop
      vertex 26.2872 24.8188 2
      vertex 33 21 2
      vertex 26.5694 24.875 2
    endloop
  endfacet
  facet normal 0 0 1
    outer loop
      vertex 33 -21 2
      vertex 26.8419 -24.9675 2
      vertex 27.1 -25.0947 2
    endloop
  endfacet
  facet normal -0 0 1
    outer loop
      vertex 26 24.8 2
      vertex 33 21 2
      vertex 26.2872 24.8188 2
    endloop
  endfacet
  facet normal 0 0 1
    outer loop
      vertex 33 -21 2
      vertex 26.5694 -24.875 2
      vertex 26.8419 -24.9675 2
    endloop
  endfacet
  facet normal 0 0 1
    outer loop
      vertex 25.7128 24.8188 2
      vertex 33 21 2
      vertex 26 24.8 2
    endloop
  endfacet
  facet normal 0 0 1
    outer loop
      vertex 33 -21 2
      vertex 26.2872 -24.8188 2
      vertex 26.5694 -24.875 2
    endloop
  endfacet
  facet normal 0 0 1
    outer loop
      vertex 25.4306 24.875 2
      vertex 33 21 2
      vertex 25.7128 24.8188 2
    endloop
  endfacet
  facet normal 0 0 1
    outer loop
      vertex 33 -21 2
      vertex 26 -24.8 2
      vertex 26.2872 -24.8188 2
    endloop
  endfacet
  facet normal 0 0 1
    outer loop
      vertex 33 21 2
      vertex 25.4306 24.875 2
      vertex 33 -21 2
    endloop
  endfacet
  facet normal 0 0 1
    outer loop
      vertex 33 -21 2
      vertex 25.7128 -24.8188 2
      vertex 26 -24.8 2
    endloop
  endfacet
  facet normal 0 0 1
    outer loop
      vertex 25.4306 -24.875 2
      vertex 33 -21 2
      vertex 25.4306 24.875 2
    endloop
  endfacet
  facet normal 0 0 1
    outer loop
      vertex 33 -21 2
      vertex 25.4306 -24.875 2
      vertex 25.7128 -24.8188 2
    endloop
  endfacet
  facet normal 0 0 1
    outer loop
      vertex 25.1581 24.9675 2
      vertex 25.4306 -24.875 2
      vertex 25.4306 24.875 2
    endloop
  endfacet
  facet normal 0 0 1
    outer loop
      vertex 25.1581 24.9675 2
      vertex 25.1581 -24.9675 2
      vertex 25.4306 -24.875 2
    endloop
  endfacet
  facet normal 0 0 1
    outer loop
      vertex 24.9 25.0947 2
      vertex 25.1581 -24.9675 2
      vertex 25.1581 24.9675 2
    endloop
  endfacet
  facet normal 0 0 1
    outer loop
      vertex 24.9 25.0947 2
      vertex 24.9 -25.0947 2
      vertex 25.1581 -24.9675 2
    endloop
  endfacet
  facet normal 0 0 1
    outer loop
      vertex 24.6607 25.2546 2
      vertex 24.9 -25.0947 2
      vertex 24.9 25.0947 2
    endloop
  endfacet
  facet normal 0 0 1
    outer loop
      vertex 24.6607 25.2546 2
      vertex 24.6607 -25.2546 2
      vertex 24.9 -25.0947 2
    endloop
  endfacet
  facet normal 0 0 1
    outer loop
      vertex 24.4444 25.4444 2
      vertex 24.6607 -25.2546 2
      vertex 24.6607 25.2546 2
    endloop
  endfacet
  facet normal 0 0 1
    outer loop
      vertex 24.4444 25.4444 2
      vertex 24.4444 -25.4444 2
      vertex 24.6607 -25.2546 2
    endloop
  endfacet
  facet normal 0 0 1
    outer loop
      vertex 24.2546 25.6607 2
      vertex 24.4444 -25.4444 2
      vertex 24.4444 25.4444 2
    endloop
  endfacet
  facet normal 0 0 1
    outer loop
      vertex 24.2546 25.6607 2
      vertex 24.2546 -25.6607 2
      vertex 24.4444 -25.4444 2
    endloop
  endfacet
  facet normal 0 0 1
    outer loop
      vertex 24.0947 25.9 2
      vertex 24.2546 -25.6607 2
      vertex 24.2546 25.6607 2
    endloop
  endfacet
  facet normal 0 0 1
    outer loop
      vertex 24.0947 25.9 2
      vertex 24.0947 -25.9 2
      vertex 24.2546 -25.6607 2
    endloop
  endfacet
  facet normal 0 0 1
    outer loop
      vertex 23.9675 26.1581 2
      vertex 24.0947 -25.9 2
      vertex 24.0947 25.9 2
    endloop
  endfacet
  facet normal 0 0 1
    outer loop
      vertex 23.9675 26.1581 2
      vertex 23.9675 -26.1581 2
      vertex 24.0947 -25.9 2
    endloop
  endfacet
  facet normal 0 0 1
    outer loop
      vertex 23.8188 26.7128 2
      vertex -79.8188 26.7128 2
      vertex 23.875 26.4306 2
    endloop
  endfacet
  facet normal 0 0 1
    outer loop
      vertex -79.875 26.4306 2
      vertex 23.875 26.4306 2
      vertex -79.8188 26.7128 2
    endloop
  endfacet
  facet normal 0 0 1
    outer loop
      vertex -79.8188 26.7128 2
      vertex 23.8188 26.7128 2
      vertex -79.8 27 2
    endloop
  endfacet
  facet normal 0 0 1
    outer loop
      vertex 23.875 26.4306 2
      vertex -79.875 26.4306 2
      vertex 23.9675 26.1581 2
    endloop
  endfacet
  facet normal -0 0 1
    outer loop
      vertex -79.8 27 2
      vertex 23.8188 26.7128 2
      vertex 23.8 27 2
    endloop
  endfacet
  facet normal 0 0 1
    outer loop
      vertex 23.9675 -26.1581 2
      vertex -79.8 -27 2
      vertex 23.875 -26.4306 2
    endloop
  endfacet
  facet normal 0 0 1
    outer loop
      vertex 84.0257 32.3916 2
      vertex 33 21 2
      vertex 84 32 2
    endloop
  endfacet
  facet normal 0 0 1
    outer loop
      vertex 84.1022 32.7765 2
      vertex 33 21 2
      vertex 84.0257 32.3916 2
    endloop
  endfacet
  facet normal 0 0 1
    outer loop
      vertex 27.9053 28.1 2
      vertex 84.1022 32.7765 2
      vertex 84.2284 33.148 2
    endloop
  endfacet
  facet normal 0 0 1
    outer loop
      vertex 27.7454 28.3393 2
      vertex 84.2284 33.148 2
      vertex 84.4019 33.5 2
    endloop
  endfacet
  facet normal 0 0 1
    outer loop
      vertex 27.5556 28.5556 2
      vertex 84.4019 33.5 2
      vertex 84.6199 33.8263 2
    endloop
  endfacet
  facet normal 0 0 1
    outer loop
      vertex 27.3393 28.7454 2
      vertex 84.6199 33.8263 2
      vertex 84.8787 34.1213 2
    endloop
  endfacet
  facet normal 0 0 1
    outer loop
      vertex 27.1 28.9053 2
      vertex 84.8787 34.1213 2
      vertex 85.1737 34.3801 2
    endloop
  endfacet
  facet normal 0 0 1
    outer loop
      vertex 26.8419 29.0325 2
      vertex 85.1737 34.3801 2
      vertex 85.3532 34.5 2
    endloop
  endfacet
  facet normal -0 0 1
    outer loop
      vertex 28.1812 26.7128 2
      vertex 33 21 2
      vertex 28.2 27 2
    endloop
  endfacet
  facet normal 0 0 1
    outer loop
      vertex 84.1022 32.7765 2
      vertex 27.9053 28.1 2
      vertex 33 21 2
    endloop
  endfacet
  facet normal 0 0 1
    outer loop
      vertex 33 21 2
      vertex 28.1812 27.2872 2
      vertex 28.2 27 2
    endloop
  endfacet
  facet normal 0 0 1
    outer loop
      vertex 33 21 2
      vertex 28.125 27.5694 2
      vertex 28.1812 27.2872 2
    endloop
  endfacet
  facet normal 0 0 1
    outer loop
      vertex 33 21 2
      vertex 28.0325 27.8419 2
      vertex 28.125 27.5694 2
    endloop
  endfacet
  facet normal 0 0 1
    outer loop
      vertex 33 21 2
      vertex 27.9053 28.1 2
      vertex 28.0325 27.8419 2
    endloop
  endfacet
  facet normal 0 0 1
    outer loop
      vertex 84.2284 33.148 2
      vertex 27.7454 28.3393 2
      vertex 27.9053 28.1 2
    endloop
  endfacet
  facet normal 0 0 1
    outer loop
      vertex 84.4019 33.5 2
      vertex 27.5556 28.5556 2
      vertex 27.7454 28.3393 2
    endloop
  endfacet
  facet normal 0 0 1
    outer loop
      vertex 84.6199 33.8263 2
      vertex 27.3393 28.7454 2
      vertex 27.5556 28.5556 2
    endloop
  endfacet
  facet normal 0 0 1
    outer loop
      vertex 84.8787 34.1213 2
      vertex 27.1 28.9053 2
      vertex 27.3393 28.7454 2
    endloop
  endfacet
  facet normal 0 0 1
    outer loop
      vertex 85.1737 34.3801 2
      vertex 26.8419 29.0325 2
      vertex 27.1 28.9053 2
    endloop
  endfacet
  facet normal 0 0 1
    outer loop
      vertex 85.3532 34.5 2
      vertex 26.5694 29.125 2
      vertex 26.8419 29.0325 2
    endloop
  endfacet
  facet normal 0 0 1
    outer loop
      vertex 85.3532 34.5 2
      vertex 26.2872 29.1812 2
      vertex 26.5694 29.125 2
    endloop
  endfacet
  facet normal 0 0 1
    outer loop
      vertex 85.3532 34.5 2
      vertex 26 29.2 2
      vertex 26.2872 29.1812 2
    endloop
  endfacet
  facet normal -0 0 1
    outer loop
      vertex -85.3532 34.5 2
      vertex 26 29.2 2
      vertex 85.3532 34.5 2
    endloop
  endfacet
  facet normal 0 0 1
    outer loop
      vertex 23.875 -26.4306 2
      vertex -79.8 -27 2
      vertex 23.8188 -26.7128 2
    endloop
  endfacet
  facet normal 0 0 1
    outer loop
      vertex 23.8188 27.2872 2
      vertex -79.8 27 2
      vertex 23.8 27 2
    endloop
  endfacet
  facet normal 0 0 1
    outer loop
      vertex -79.8188 27.2872 2
      vertex 23.8188 27.2872 2
      vertex 23.875 27.5694 2
    endloop
  endfacet
  facet normal 0 0 1
    outer loop
      vertex -79.875 27.5694 2
      vertex 23.875 27.5694 2
      vertex 23.9675 27.8419 2
    endloop
  endfacet
  facet normal 0 0 1
    outer loop
      vertex -79.9675 27.8419 2
      vertex 23.9675 27.8419 2
      vertex 24.0947 28.1 2
    endloop
  endfacet
  facet normal 0 0 1
    outer loop
      vertex -80.0947 28.1 2
      vertex 24.0947 28.1 2
      vertex 24.2546 28.3393 2
    endloop
  endfacet
  facet normal 0 0 1
    outer loop
      vertex -80.2546 28.3393 2
      vertex 24.2546 28.3393 2
      vertex 24.4444 28.5556 2
    endloop
  endfacet
  facet normal 0 0 1
    outer loop
      vertex -84.8787 34.1213 2
      vertex 24.4444 28.5556 2
      vertex 24.6607 28.7454 2
    endloop
  endfacet
  facet normal 0 0 1
    outer loop
      vertex -85.1737 34.3801 2
      vertex 24.6607 28.7454 2
      vertex 24.9 28.9053 2
    endloop
  endfacet
  facet normal 0 0 1
    outer loop
      vertex -85.3532 34.5 2
      vertex 24.9 28.9053 2
      vertex 25.1581 29.0325 2
    endloop
  endfacet
  facet normal 0 0 1
    outer loop
      vertex -85.3532 34.5 2
      vertex 25.1581 29.0325 2
      vertex 25.4306 29.125 2
    endloop
  endfacet
  facet normal 0 0 1
    outer loop
      vertex -85.3532 34.5 2
      vertex 25.4306 29.125 2
      vertex 25.7128 29.1812 2
    endloop
  endfacet
  facet normal 0 0 1
    outer loop
      vertex 26 29.2 2
      vertex -85.3532 34.5 2
      vertex 25.7128 29.1812 2
    endloop
  endfacet
  facet normal 0 0 1
    outer loop
      vertex 23.8188 27.2872 2
      vertex -79.8188 27.2872 2
      vertex -79.8 27 2
    endloop
  endfacet
  facet normal 0 0 1
    outer loop
      vertex 23.875 27.5694 2
      vertex -79.875 27.5694 2
      vertex -79.8188 27.2872 2
    endloop
  endfacet
  facet normal 0 0 1
    outer loop
      vertex 23.9675 27.8419 2
      vertex -79.9675 27.8419 2
      vertex -79.875 27.5694 2
    endloop
  endfacet
  facet normal 0 0 1
    outer loop
      vertex 24.0947 28.1 2
      vertex -80.0947 28.1 2
      vertex -79.9675 27.8419 2
    endloop
  endfacet
  facet normal 0 0 1
    outer loop
      vertex 24.2546 28.3393 2
      vertex -80.2546 28.3393 2
      vertex -80.0947 28.1 2
    endloop
  endfacet
  facet normal 0 0 1
    outer loop
      vertex 24.4444 28.5556 2
      vertex -84.6199 33.8263 2
      vertex -80.2546 28.3393 2
    endloop
  endfacet
  facet normal 0 0 1
    outer loop
      vertex -80.2546 28.3393 2
      vertex -84.6199 33.8263 2
      vertex -80.4444 28.5556 2
    endloop
  endfacet
  facet normal -0 -0 1
    outer loop
      vertex -84.4019 33.5 2
      vertex -80.4444 28.5556 2
      vertex -84.6199 33.8263 2
    endloop
  endfacet
  facet normal 0 0 1
    outer loop
      vertex -80.4444 28.5556 2
      vertex -84.4019 33.5 2
      vertex -80.6607 28.7454 2
    endloop
  endfacet
  facet normal -0 -0 1
    outer loop
      vertex -84.2284 33.148 2
      vertex -80.6607 28.7454 2
      vertex -84.4019 33.5 2
    endloop
  endfacet
  facet normal -0 -0 1
    outer loop
      vertex -84.1022 32.7765 2
      vertex -80.9 28.9053 2
      vertex -84.2284 33.148 2
    endloop
  endfacet
  facet normal 0 0 1
    outer loop
      vertex -80.9 28.9053 2
      vertex -84.1022 32.7765 2
      vertex -81.1581 29.0325 2
    endloop
  endfacet
  facet normal 0 0 1
    outer loop
      vertex -82.8419 29.0325 2
      vertex -84.4019 30.5 2
      vertex -83.1 28.9053 2
    endloop
  endfacet
  facet normal -0 0 1
    outer loop
      vertex -84.4019 30.5 2
      vertex -82.8419 29.0325 2
      vertex -84.2284 30.8519 2
    endloop
  endfacet
  facet normal 0 0 1
    outer loop
      vertex -82.5694 29.125 2
      vertex -84.2284 30.8519 2
      vertex -82.8419 29.0325 2
    endloop
  endfacet
  facet normal -0 0 1
    outer loop
      vertex -84.2284 30.8519 2
      vertex -82.5694 29.125 2
      vertex -84.1022 31.2235 2
    endloop
  endfacet
  facet normal 0 0 1
    outer loop
      vertex -82.2872 29.1812 2
      vertex -84.1022 31.2235 2
      vertex -82.5694 29.125 2
    endloop
  endfacet
  facet normal 0 0 1
    outer loop
      vertex -82 29.2 2
      vertex -84.1022 31.2235 2
      vertex -82.2872 29.1812 2
    endloop
  endfacet
  facet normal -0 0 1
    outer loop
      vertex -84.1022 31.2235 2
      vertex -82 29.2 2
      vertex -84.0257 31.6084 2
    endloop
  endfacet
  facet normal 0 0 1
    outer loop
      vertex -81.7128 29.1812 2
      vertex -84.0257 31.6084 2
      vertex -82 29.2 2
    endloop
  endfacet
  facet normal -0 -0 1
    outer loop
      vertex -84.0257 32.3916 2
      vertex -81.1581 29.0325 2
      vertex -84.1022 32.7765 2
    endloop
  endfacet
  facet normal -0 0 1
    outer loop
      vertex -84.0257 31.6084 2
      vertex -81.7128 29.1812 2
      vertex -84 32 2
    endloop
  endfacet
  facet normal 0 0 1
    outer loop
      vertex -81.4306 29.125 2
      vertex -84 32 2
      vertex -81.7128 29.1812 2
    endloop
  endfacet
  facet normal -0 -0 1
    outer loop
      vertex -84 32 2
      vertex -81.4306 29.125 2
      vertex -84.0257 32.3916 2
    endloop
  endfacet
  facet normal 0 0 1
    outer loop
      vertex -81.1581 29.0325 2
      vertex -84.0257 32.3916 2
      vertex -81.4306 29.125 2
    endloop
  endfacet
  facet normal 0 0 1
    outer loop
      vertex -80.6607 28.7454 2
      vertex -84.2284 33.148 2
      vertex -80.9 28.9053 2
    endloop
  endfacet
  facet normal 0 0 1
    outer loop
      vertex 24.4444 28.5556 2
      vertex -84.8787 34.1213 2
      vertex -84.6199 33.8263 2
    endloop
  endfacet
  facet normal 0 0 1
    outer loop
      vertex 24.6607 28.7454 2
      vertex -85.1737 34.3801 2
      vertex -84.8787 34.1213 2
    endloop
  endfacet
  facet normal 0 0 1
    outer loop
      vertex 24.9 28.9053 2
      vertex -85.3532 34.5 2
      vertex -85.1737 34.3801 2
    endloop
  endfacet
  facet normal -0 0 1
    outer loop
      vertex 89.3801 30.1737 2
      vertex 89.5 21 2
      vertex 89.5 30.3532 2
    endloop
  endfacet
  facet normal -0 0 1
    outer loop
      vertex 89.1213 29.8787 2
      vertex 89.5 21 2
      vertex 89.3801 30.1737 2
    endloop
  endfacet
  facet normal -0 0 1
    outer loop
      vertex 88.8263 29.6199 2
      vertex 89.5 21 2
      vertex 89.1213 29.8787 2
    endloop
  endfacet
  facet normal -0 0 1
    outer loop
      vertex 88.5 29.4019 2
      vertex 89.5 21 2
      vertex 88.8263 29.6199 2
    endloop
  endfacet
  facet normal -0 0 1
    outer loop
      vertex 88.148 29.2284 2
      vertex 89.5 21 2
      vertex 88.5 29.4019 2
    endloop
  endfacet
  facet normal -0 0 1
    outer loop
      vertex 87.7765 29.1022 2
      vertex 89.5 21 2
      vertex 88.148 29.2284 2
    endloop
  endfacet
  facet normal -0 0 1
    outer loop
      vertex 87.3916 29.0257 2
      vertex 89.5 21 2
      vertex 87.7765 29.1022 2
    endloop
  endfacet
  facet normal -0 0 1
    outer loop
      vertex 87 29 2
      vertex 89.5 21 2
      vertex 87.3916 29.0257 2
    endloop
  endfacet
  facet normal 0 0 1
    outer loop
      vertex 86.6084 29.0257 2
      vertex 89.5 21 2
      vertex 87 29 2
    endloop
  endfacet
  facet normal 0 0 1
    outer loop
      vertex 86.2235 29.1022 2
      vertex 89.5 21 2
      vertex 86.6084 29.0257 2
    endloop
  endfacet
  facet normal 0 0 1
    outer loop
      vertex 85.852 29.2284 2
      vertex 89.5 21 2
      vertex 86.2235 29.1022 2
    endloop
  endfacet
  facet normal 0 0 1
    outer loop
      vertex 85.5 29.4019 2
      vertex 89.5 21 2
      vertex 85.852 29.2284 2
    endloop
  endfacet
  facet normal 0 0 1
    outer loop
      vertex 85.1737 29.6199 2
      vertex 89.5 21 2
      vertex 85.5 29.4019 2
    endloop
  endfacet
  facet normal 0 0 1
    outer loop
      vertex 84.8787 29.8787 2
      vertex 89.5 21 2
      vertex 85.1737 29.6199 2
    endloop
  endfacet
  facet normal 0 0 1
    outer loop
      vertex 84.6199 30.1737 2
      vertex 89.5 21 2
      vertex 84.8787 29.8787 2
    endloop
  endfacet
  facet normal 0 0 1
    outer loop
      vertex 33 21 2
      vertex 84.6199 30.1737 2
      vertex 84.4019 30.5 2
    endloop
  endfacet
  facet normal 0 0 1
    outer loop
      vertex 84.6199 30.1737 2
      vertex 33 21 2
      vertex 89.5 21 2
    endloop
  endfacet
  facet normal 0 0 1
    outer loop
      vertex 84.2284 30.8519 2
      vertex 33 21 2
      vertex 84.4019 30.5 2
    endloop
  endfacet
  facet normal 0 0 1
    outer loop
      vertex 84.1022 31.2235 2
      vertex 33 21 2
      vertex 84.2284 30.8519 2
    endloop
  endfacet
  facet normal 0 0 1
    outer loop
      vertex 84.0257 31.6084 2
      vertex 33 21 2
      vertex 84.1022 31.2235 2
    endloop
  endfacet
  facet normal 0 0 1
    outer loop
      vertex 33 21 2
      vertex 84.0257 31.6084 2
      vertex 84 32 2
    endloop
  endfacet
  facet normal 0 0 1
    outer loop
      vertex 89.5 -21 2
      vertex 89.3801 -30.1737 2
      vertex 89.5 -30.3532 2
    endloop
  endfacet
  facet normal 0 0 1
    outer loop
      vertex 89.5 -21 2
      vertex 89.1213 -29.8787 2
      vertex 89.3801 -30.1737 2
    endloop
  endfacet
  facet normal 0 0 1
    outer loop
      vertex 89.5 -21 2
      vertex 88.8263 -29.6199 2
      vertex 89.1213 -29.8787 2
    endloop
  endfacet
  facet normal 0 0 1
    outer loop
      vertex 89.5 -21 2
      vertex 88.5 -29.4019 2
      vertex 88.8263 -29.6199 2
    endloop
  endfacet
  facet normal 0 0 1
    outer loop
      vertex 89.5 -21 2
      vertex 88.148 -29.2284 2
      vertex 88.5 -29.4019 2
    endloop
  endfacet
  facet normal 0 0 1
    outer loop
      vertex 89.5 -21 2
      vertex 87.7765 -29.1022 2
      vertex 88.148 -29.2284 2
    endloop
  endfacet
  facet normal 0 0 1
    outer loop
      vertex 89.5 -21 2
      vertex 87.3916 -29.0257 2
      vertex 87.7765 -29.1022 2
    endloop
  endfacet
  facet normal 0 0 1
    outer loop
      vertex 89.5 -21 2
      vertex 87 -29 2
      vertex 87.3916 -29.0257 2
    endloop
  endfacet
  facet normal 0 0 1
    outer loop
      vertex 89.5 -21 2
      vertex 86.6084 -29.0257 2
      vertex 87 -29 2
    endloop
  endfacet
  facet normal 0 0 1
    outer loop
      vertex 89.5 -21 2
      vertex 86.2235 -29.1022 2
      vertex 86.6084 -29.0257 2
    endloop
  endfacet
  facet normal 0 0 1
    outer loop
      vertex 89.5 -21 2
      vertex 85.852 -29.2284 2
      vertex 86.2235 -29.1022 2
    endloop
  endfacet
  facet normal 0 0 1
    outer loop
      vertex 89.5 -21 2
      vertex 85.5 -29.4019 2
      vertex 85.852 -29.2284 2
    endloop
  endfacet
  facet normal 0 0 1
    outer loop
      vertex 89.5 -21 2
      vertex 85.1737 -29.6199 2
      vertex 85.5 -29.4019 2
    endloop
  endfacet
  facet normal 0 0 1
    outer loop
      vertex 89.5 -21 2
      vertex 84.8787 -29.8787 2
      vertex 85.1737 -29.6199 2
    endloop
  endfacet
  facet normal 0 0 1
    outer loop
      vertex 89.5 -21 2
      vertex 84.6199 -30.1737 2
      vertex 84.8787 -29.8787 2
    endloop
  endfacet
  facet normal -0 0 1
    outer loop
      vertex 33 -21 2
      vertex 84.6199 -30.1737 2
      vertex 89.5 -21 2
    endloop
  endfacet
  facet normal 0 0 1
    outer loop
      vertex 84.0257 -31.6084 2
      vertex 33 -21 2
      vertex 84 -32 2
    endloop
  endfacet
  facet normal 0 0 1
    outer loop
      vertex 84.1022 -31.2235 2
      vertex 33 -21 2
      vertex 84.0257 -31.6084 2
    endloop
  endfacet
  facet normal 0 0 1
    outer loop
      vertex 84.2284 -30.8519 2
      vertex 33 -21 2
      vertex 84.1022 -31.2235 2
    endloop
  endfacet
  facet normal 0 0 1
    outer loop
      vertex 84.4019 -30.5 2
      vertex 33 -21 2
      vertex 84.2284 -30.8519 2
    endloop
  endfacet
  facet normal 0 0 1
    outer loop
      vertex 84.6199 -30.1737 2
      vertex 33 -21 2
      vertex 84.4019 -30.5 2
    endloop
  endfacet
  facet normal 0 0 1
    outer loop
      vertex 33 -21 2
      vertex 84.0257 -32.3916 2
      vertex 84 -32 2
    endloop
  endfacet
  facet normal 0 0 1
    outer loop
      vertex 33 -21 2
      vertex 84.1022 -32.7765 2
      vertex 84.0257 -32.3916 2
    endloop
  endfacet
  facet normal -0 0 1
    outer loop
      vertex 27.9053 -28.1 2
      vertex 84.1022 -32.7765 2
      vertex 33 -21 2
    endloop
  endfacet
  facet normal 0 0 1
    outer loop
      vertex 84.1022 -32.7765 2
      vertex 27.9053 -28.1 2
      vertex 84.2284 -33.148 2
    endloop
  endfacet
  facet normal -0 0 1
    outer loop
      vertex 27.7454 -28.3393 2
      vertex 84.2284 -33.148 2
      vertex 27.9053 -28.1 2
    endloop
  endfacet
  facet normal 0 0 1
    outer loop
      vertex 84.2284 -33.148 2
      vertex 27.7454 -28.3393 2
      vertex 84.4019 -33.5 2
    endloop
  endfacet
  facet normal -0 0 1
    outer loop
      vertex 27.5556 -28.5556 2
      vertex 84.4019 -33.5 2
      vertex 27.7454 -28.3393 2
    endloop
  endfacet
  facet normal 0 0 1
    outer loop
      vertex 84.4019 -33.5 2
      vertex 27.5556 -28.5556 2
      vertex 84.6199 -33.8263 2
    endloop
  endfacet
  facet normal -0 0 1
    outer loop
      vertex 28.125 26.4306 2
      vertex 33 21 2
      vertex 28.1812 26.7128 2
    endloop
  endfacet
  facet normal 0 0 1
    outer loop
      vertex 28.1812 -27.2872 2
      vertex 33 -21 2
      vertex 28.2 -27 2
    endloop
  endfacet
  facet normal 0 0 1
    outer loop
      vertex 28.125 -27.5694 2
      vertex 33 -21 2
      vertex 28.1812 -27.2872 2
    endloop
  endfacet
  facet normal 0 0 1
    outer loop
      vertex 28.0325 -27.8419 2
      vertex 33 -21 2
      vertex 28.125 -27.5694 2
    endloop
  endfacet
  facet normal 0 0 1
    outer loop
      vertex 27.9053 -28.1 2
      vertex 33 -21 2
      vertex 28.0325 -27.8419 2
    endloop
  endfacet
  facet normal -0 0 1
    outer loop
      vertex 27.3393 -28.7454 2
      vertex 84.6199 -33.8263 2
      vertex 27.5556 -28.5556 2
    endloop
  endfacet
  facet normal 0 0 1
    outer loop
      vertex 84.6199 -33.8263 2
      vertex 27.3393 -28.7454 2
      vertex 84.8787 -34.1213 2
    endloop
  endfacet
  facet normal -0 0 1
    outer loop
      vertex 27.1 -28.9053 2
      vertex 84.8787 -34.1213 2
      vertex 27.3393 -28.7454 2
    endloop
  endfacet
  facet normal 0 0 1
    outer loop
      vertex 84.8787 -34.1213 2
      vertex 27.1 -28.9053 2
      vertex 85.1737 -34.3801 2
    endloop
  endfacet
  facet normal -0 0 1
    outer loop
      vertex 26.8419 -29.0325 2
      vertex 85.1737 -34.3801 2
      vertex 27.1 -28.9053 2
    endloop
  endfacet
  facet normal 0 0 1
    outer loop
      vertex 85.1737 -34.3801 2
      vertex 26.8419 -29.0325 2
      vertex 85.3532 -34.5 2
    endloop
  endfacet
  facet normal -0 0 1
    outer loop
      vertex 26.5694 -29.125 2
      vertex 85.3532 -34.5 2
      vertex 26.8419 -29.0325 2
    endloop
  endfacet
  facet normal -0 0 1
    outer loop
      vertex 26.2872 -29.1812 2
      vertex 85.3532 -34.5 2
      vertex 26.5694 -29.125 2
    endloop
  endfacet
  facet normal -0 0 1
    outer loop
      vertex 26 -29.2 2
      vertex 85.3532 -34.5 2
      vertex 26.2872 -29.1812 2
    endloop
  endfacet
  facet normal 0 0 1
    outer loop
      vertex -85.3532 -34.5 2
      vertex 26 -29.2 2
      vertex 25.7128 -29.1812 2
    endloop
  endfacet
  facet normal 0 0 1
    outer loop
      vertex 23.8188 -26.7128 2
      vertex -79.8 -27 2
      vertex 23.8 -27 2
    endloop
  endfacet
  facet normal 0 0 1
    outer loop
      vertex 23.8 -27 2
      vertex -79.8 -27 2
      vertex 23.8188 -27.2872 2
    endloop
  endfacet
  facet normal 0 0 1
    outer loop
      vertex -79.8188 -27.2872 2
      vertex 23.8188 -27.2872 2
      vertex -79.8 -27 2
    endloop
  endfacet
  facet normal 0 0 1
    outer loop
      vertex 23.8188 -27.2872 2
      vertex -79.8188 -27.2872 2
      vertex 23.875 -27.5694 2
    endloop
  endfacet
  facet normal 0 0 1
    outer loop
      vertex -79.875 -27.5694 2
      vertex 23.875 -27.5694 2
      vertex -79.8188 -27.2872 2
    endloop
  endfacet
  facet normal 0 0 1
    outer loop
      vertex 23.875 -27.5694 2
      vertex -79.875 -27.5694 2
      vertex 23.9675 -27.8419 2
    endloop
  endfacet
  facet normal 0 0 1
    outer loop
      vertex -79.9675 -27.8419 2
      vertex 23.9675 -27.8419 2
      vertex -79.875 -27.5694 2
    endloop
  endfacet
  facet normal 0 0 1
    outer loop
      vertex 23.9675 -27.8419 2
      vertex -79.9675 -27.8419 2
      vertex 24.0947 -28.1 2
    endloop
  endfacet
  facet normal 0 0 1
    outer loop
      vertex -80.0947 -28.1 2
      vertex 24.0947 -28.1 2
      vertex -79.9675 -27.8419 2
    endloop
  endfacet
  facet normal 0 0 1
    outer loop
      vertex 24.0947 -28.1 2
      vertex -80.0947 -28.1 2
      vertex 24.2546 -28.3393 2
    endloop
  endfacet
  facet normal 0 0 1
    outer loop
      vertex -80.2546 -28.3393 2
      vertex 24.2546 -28.3393 2
      vertex -80.0947 -28.1 2
    endloop
  endfacet
  facet normal 0 0 1
    outer loop
      vertex 24.2546 -28.3393 2
      vertex -80.2546 -28.3393 2
      vertex 24.4444 -28.5556 2
    endloop
  endfacet
  facet normal 0 0 1
    outer loop
      vertex -84.6199 -33.8263 2
      vertex 24.4444 -28.5556 2
      vertex -80.2546 -28.3393 2
    endloop
  endfacet
  facet normal 0 0 1
    outer loop
      vertex -84.8787 -34.1213 2
      vertex 24.4444 -28.5556 2
      vertex -84.6199 -33.8263 2
    endloop
  endfacet
  facet normal 0 0 1
    outer loop
      vertex 24.4444 -28.5556 2
      vertex -84.8787 -34.1213 2
      vertex 24.6607 -28.7454 2
    endloop
  endfacet
  facet normal 0 0 1
    outer loop
      vertex -85.1737 -34.3801 2
      vertex 24.6607 -28.7454 2
      vertex -84.8787 -34.1213 2
    endloop
  endfacet
  facet normal 0 0 1
    outer loop
      vertex 24.6607 -28.7454 2
      vertex -85.1737 -34.3801 2
      vertex 24.9 -28.9053 2
    endloop
  endfacet
  facet normal 0 0 1
    outer loop
      vertex -85.3532 -34.5 2
      vertex 24.9 -28.9053 2
      vertex -85.1737 -34.3801 2
    endloop
  endfacet
  facet normal 0 0 1
    outer loop
      vertex -84.6199 -33.8263 2
      vertex -80.2546 -28.3393 2
      vertex -80.4444 -28.5556 2
    endloop
  endfacet
  facet normal 0 0 1
    outer loop
      vertex -84.4019 -33.5 2
      vertex -80.4444 -28.5556 2
      vertex -80.6607 -28.7454 2
    endloop
  endfacet
  facet normal 0 0 1
    outer loop
      vertex -84.2284 -33.148 2
      vertex -80.6607 -28.7454 2
      vertex -80.9 -28.9053 2
    endloop
  endfacet
  facet normal 0 0 1
    outer loop
      vertex -84.1022 -32.7765 2
      vertex -80.9 -28.9053 2
      vertex -81.1581 -29.0325 2
    endloop
  endfacet
  facet normal 0 0 1
    outer loop
      vertex -84.0257 -32.3916 2
      vertex -81.1581 -29.0325 2
      vertex -81.4306 -29.125 2
    endloop
  endfacet
  facet normal 0 0 1
    outer loop
      vertex -84 -32 2
      vertex -81.4306 -29.125 2
      vertex -81.7128 -29.1812 2
    endloop
  endfacet
  facet normal 0 0 1
    outer loop
      vertex -84.0257 -31.6084 2
      vertex -81.7128 -29.1812 2
      vertex -82 -29.2 2
    endloop
  endfacet
  facet normal 0 0 1
    outer loop
      vertex -85.1737 -29.6199 2
      vertex -83.7454 -28.3393 2
      vertex -83.9053 -28.1 2
    endloop
  endfacet
  facet normal 0 0 1
    outer loop
      vertex -84.0257 -31.6084 2
      vertex -83.5556 -28.5556 2
      vertex -83.7454 -28.3393 2
    endloop
  endfacet
  facet normal 0 0 1
    outer loop
      vertex -84.0257 -31.6084 2
      vertex -83.3393 -28.7454 2
      vertex -83.5556 -28.5556 2
    endloop
  endfacet
  facet normal 0 0 1
    outer loop
      vertex -84.0257 -31.6084 2
      vertex -83.1 -28.9053 2
      vertex -83.3393 -28.7454 2
    endloop
  endfacet
  facet normal 0 0 1
    outer loop
      vertex -84.0257 -31.6084 2
      vertex -82.8419 -29.0325 2
      vertex -83.1 -28.9053 2
    endloop
  endfacet
  facet normal 0 0 1
    outer loop
      vertex -84.0257 -31.6084 2
      vertex -82.5694 -29.125 2
      vertex -82.8419 -29.0325 2
    endloop
  endfacet
  facet normal 0 0 1
    outer loop
      vertex -84.0257 -31.6084 2
      vertex -82.2872 -29.1812 2
      vertex -82.5694 -29.125 2
    endloop
  endfacet
  facet normal 0 0 1
    outer loop
      vertex -84.0257 -31.6084 2
      vertex -82 -29.2 2
      vertex -82.2872 -29.1812 2
    endloop
  endfacet
  facet normal 0 0 1
    outer loop
      vertex -81.4306 -29.125 2
      vertex -84 -32 2
      vertex -84.0257 -32.3916 2
    endloop
  endfacet
  facet normal 0 0 1
    outer loop
      vertex -81.1581 -29.0325 2
      vertex -84.0257 -32.3916 2
      vertex -84.1022 -32.7765 2
    endloop
  endfacet
  facet normal 0 0 1
    outer loop
      vertex -80.9 -28.9053 2
      vertex -84.1022 -32.7765 2
      vertex -84.2284 -33.148 2
    endloop
  endfacet
  facet normal 0 0 1
    outer loop
      vertex -80.6607 -28.7454 2
      vertex -84.2284 -33.148 2
      vertex -84.4019 -33.5 2
    endloop
  endfacet
  facet normal 0 0 1
    outer loop
      vertex -80.4444 -28.5556 2
      vertex -84.4019 -33.5 2
      vertex -84.6199 -33.8263 2
    endloop
  endfacet
  facet normal 0 0 1
    outer loop
      vertex 24.9 -28.9053 2
      vertex -85.3532 -34.5 2
      vertex 25.1581 -29.0325 2
    endloop
  endfacet
  facet normal 0 0 1
    outer loop
      vertex 25.1581 -29.0325 2
      vertex -85.3532 -34.5 2
      vertex 25.4306 -29.125 2
    endloop
  endfacet
  facet normal 0 0 1
    outer loop
      vertex 25.4306 -29.125 2
      vertex -85.3532 -34.5 2
      vertex 25.7128 -29.1812 2
    endloop
  endfacet
  facet normal 0 0 1
    outer loop
      vertex 26 -29.2 2
      vertex -85.3532 -34.5 2
      vertex 85.3532 -34.5 2
    endloop
  endfacet
  facet normal -0 0 1
    outer loop
      vertex -84.6199 30.1737 2
      vertex -83.1 28.9053 2
      vertex -84.4019 30.5 2
    endloop
  endfacet
  facet normal 0 0 1
    outer loop
      vertex -83.1 28.9053 2
      vertex -84.6199 30.1737 2
      vertex -83.3393 28.7454 2
    endloop
  endfacet
  facet normal -0 0 1
    outer loop
      vertex -84.8787 29.8787 2
      vertex -83.3393 28.7454 2
      vertex -84.6199 30.1737 2
    endloop
  endfacet
  facet normal 0 0 1
    outer loop
      vertex -83.3393 28.7454 2
      vertex -84.8787 29.8787 2
      vertex -83.5556 28.5556 2
    endloop
  endfacet
  facet normal 0 0 1
    outer loop
      vertex -83.5556 28.5556 2
      vertex -84.8787 29.8787 2
      vertex -83.7454 28.3393 2
    endloop
  endfacet
  facet normal -0 0 1
    outer loop
      vertex -85.1737 29.6199 2
      vertex -83.7454 28.3393 2
      vertex -84.8787 29.8787 2
    endloop
  endfacet
  facet normal -0 0 1
    outer loop
      vertex -85.5 29.4019 2
      vertex -83.9053 28.1 2
      vertex -85.1737 29.6199 2
    endloop
  endfacet
  facet normal 0 0 1
    outer loop
      vertex -83.7454 28.3393 2
      vertex -85.1737 29.6199 2
      vertex -83.9053 28.1 2
    endloop
  endfacet
  facet normal -0 0 1
    outer loop
      vertex 36 18 2
      vertex 89.5 -18 2
      vertex 89.5 18 2
    endloop
  endfacet
  facet normal 0 0 1
    outer loop
      vertex 89.5 -18 2
      vertex 36 18 2
      vertex 36 -18 2
    endloop
  endfacet
  facet normal 0.896961 0.44211 0
    outer loop
      vertex -89.1785 -33.3 22
      vertex -89.3173 -33.0184 19.8
      vertex -89.3173 -33.0184 22
    endloop
  endfacet
  facet normal 0.896961 0.44211 0
    outer loop
      vertex -89.3173 -33.0184 19.8
      vertex -89.1785 -33.3 22
      vertex -89.1785 -33.3 19.8
    endloop
  endfacet
  facet normal -0.0652929 -0.997866 0
    outer loop
      vertex 87.1 34.5 19.8
      vertex 87.4133 34.4795 22
      vertex 87.1 34.5 22
    endloop
  endfacet
  facet normal -0.0652929 -0.997866 -0
    outer loop
      vertex 87.4133 34.4795 22
      vertex 87.1 34.5 19.8
      vertex 87.4133 34.4795 19.8
    endloop
  endfacet
  facet normal 0.195258 -0.980752 0
    outer loop
      vertex -87.7212 34.4182 19.8
      vertex -87.4133 34.4795 22
      vertex -87.7212 34.4182 22
    endloop
  endfacet
  facet normal 0.195258 -0.980752 0
    outer loop
      vertex -87.4133 34.4795 22
      vertex -87.7212 34.4182 19.8
      vertex -87.4133 34.4795 19.8
    endloop
  endfacet
  facet normal 0.946916 0.32148 0
    outer loop
      vertex -89.3173 -33.0184 22
      vertex -89.4182 -32.7212 19.8
      vertex -89.4182 -32.7212 22
    endloop
  endfacet
  facet normal 0.946916 0.32148 0
    outer loop
      vertex -89.4182 -32.7212 19.8
      vertex -89.3173 -33.0184 22
      vertex -89.3173 -33.0184 19.8
    endloop
  endfacet
  facet normal 0.997866 0.0652929 0
    outer loop
      vertex -89.4795 -32.4133 22
      vertex -89.5 -32.1 19.8
      vertex -89.5 -32.1 22
    endloop
  endfacet
  facet normal 0.997866 0.0652929 0
    outer loop
      vertex -89.5 -32.1 19.8
      vertex -89.4795 -32.4133 22
      vertex -89.4795 -32.4133 19.8
    endloop
  endfacet
  facet normal 0.831315 0.555802 0
    outer loop
      vertex -89.004 -33.561 22
      vertex -89.1785 -33.3 19.8
      vertex -89.1785 -33.3 22
    endloop
  endfacet
  facet normal 0.831315 0.555802 0
    outer loop
      vertex -89.1785 -33.3 19.8
      vertex -89.004 -33.561 22
      vertex -89.004 -33.561 19.8
    endloop
  endfacet
  facet normal -0.32148 -0.946916 0
    outer loop
      vertex 87.7212 34.4182 19.8
      vertex 88.0184 34.3173 22
      vertex 87.7212 34.4182 22
    endloop
  endfacet
  facet normal -0.32148 -0.946916 -0
    outer loop
      vertex 88.0184 34.3173 22
      vertex 87.7212 34.4182 19.8
      vertex 88.0184 34.3173 19.8
    endloop
  endfacet
  facet normal -0.44211 -0.896961 0
    outer loop
      vertex 88.0184 34.3173 19.8
      vertex 88.3 34.1785 22
      vertex 88.0184 34.3173 22
    endloop
  endfacet
  facet normal -0.44211 -0.896961 -0
    outer loop
      vertex 88.3 34.1785 22
      vertex 88.0184 34.3173 19.8
      vertex 88.3 34.1785 19.8
    endloop
  endfacet
  facet normal -0.195258 -0.980752 0
    outer loop
      vertex 87.4133 34.4795 19.8
      vertex 87.7212 34.4182 22
      vertex 87.4133 34.4795 22
    endloop
  endfacet
  facet normal -0.195258 -0.980752 -0
    outer loop
      vertex 87.7212 34.4182 22
      vertex 87.4133 34.4795 19.8
      vertex 87.7212 34.4182 19.8
    endloop
  endfacet
  facet normal -0.555802 -0.831315 0
    outer loop
      vertex 88.3 34.1785 19.8
      vertex 88.561 34.004 22
      vertex 88.3 34.1785 22
    endloop
  endfacet
  facet normal -0.555802 -0.831315 -0
    outer loop
      vertex 88.561 34.004 22
      vertex 88.3 34.1785 19.8
      vertex 88.561 34.004 19.8
    endloop
  endfacet
  facet normal 0.946916 -0.32148 0
    outer loop
      vertex -89.4182 32.7212 22
      vertex -89.3173 33.0184 19.8
      vertex -89.3173 33.0184 22
    endloop
  endfacet
  facet normal 0.946916 -0.32148 0
    outer loop
      vertex -89.3173 33.0184 19.8
      vertex -89.4182 32.7212 22
      vertex -89.4182 32.7212 19.8
    endloop
  endfacet
  facet normal 0.896961 -0.44211 0
    outer loop
      vertex -89.3173 33.0184 22
      vertex -89.1785 33.3 19.8
      vertex -89.1785 33.3 22
    endloop
  endfacet
  facet normal 0.896961 -0.44211 0
    outer loop
      vertex -89.1785 33.3 19.8
      vertex -89.3173 33.0184 22
      vertex -89.3173 33.0184 19.8
    endloop
  endfacet
  facet normal 0.0652929 -0.997866 0
    outer loop
      vertex -87.4133 34.4795 19.8
      vertex -87.1 34.5 22
      vertex -87.4133 34.4795 22
    endloop
  endfacet
  facet normal 0.0652929 -0.997866 0
    outer loop
      vertex -87.1 34.5 22
      vertex -87.4133 34.4795 19.8
      vertex -87.1 34.5 19.8
    endloop
  endfacet
  facet normal 0.44211 -0.896961 0
    outer loop
      vertex -88.3 34.1785 19.8
      vertex -88.0184 34.3173 22
      vertex -88.3 34.1785 22
    endloop
  endfacet
  facet normal 0.44211 -0.896961 0
    outer loop
      vertex -88.0184 34.3173 22
      vertex -88.3 34.1785 19.8
      vertex -88.0184 34.3173 19.8
    endloop
  endfacet
  facet normal 0.32148 -0.946916 0
    outer loop
      vertex -88.0184 34.3173 19.8
      vertex -87.7212 34.4182 22
      vertex -88.0184 34.3173 22
    endloop
  endfacet
  facet normal 0.32148 -0.946916 0
    outer loop
      vertex -87.7212 34.4182 22
      vertex -88.0184 34.3173 19.8
      vertex -87.7212 34.4182 19.8
    endloop
  endfacet
  facet normal -0.659068 0.752083 0
    outer loop
      vertex 88.7971 -33.7971 19.8
      vertex 88.561 -34.004 22
      vertex 88.7971 -33.7971 22
    endloop
  endfacet
  facet normal -0.659068 0.752083 0
    outer loop
      vertex 88.561 -34.004 22
      vertex 88.7971 -33.7971 19.8
      vertex 88.561 -34.004 19.8
    endloop
  endfacet
  facet normal -0.555802 0.831315 0
    outer loop
      vertex 88.561 -34.004 19.8
      vertex 88.3 -34.1785 22
      vertex 88.561 -34.004 22
    endloop
  endfacet
  facet normal -0.555802 0.831315 0
    outer loop
      vertex 88.3 -34.1785 22
      vertex 88.561 -34.004 19.8
      vertex 88.3 -34.1785 19.8
    endloop
  endfacet
  facet normal -0.44211 0.896961 0
    outer loop
      vertex 88.3 -34.1785 19.8
      vertex 88.0184 -34.3173 22
      vertex 88.3 -34.1785 22
    endloop
  endfacet
  facet normal -0.44211 0.896961 0
    outer loop
      vertex 88.0184 -34.3173 22
      vertex 88.3 -34.1785 19.8
      vertex 88.0184 -34.3173 19.8
    endloop
  endfacet
  facet normal -0.752083 0.659068 0
    outer loop
      vertex 88.7971 -33.7971 19.8
      vertex 89.004 -33.561 22
      vertex 89.004 -33.561 19.8
    endloop
  endfacet
  facet normal -0.752083 0.659068 0
    outer loop
      vertex 89.004 -33.561 22
      vertex 88.7971 -33.7971 19.8
      vertex 88.7971 -33.7971 22
    endloop
  endfacet
  facet normal -0.896961 0.44211 0
    outer loop
      vertex 89.1785 -33.3 19.8
      vertex 89.3173 -33.0184 22
      vertex 89.3173 -33.0184 19.8
    endloop
  endfacet
  facet normal -0.896961 0.44211 0
    outer loop
      vertex 89.3173 -33.0184 22
      vertex 89.1785 -33.3 19.8
      vertex 89.1785 -33.3 22
    endloop
  endfacet
  facet normal -0.195258 0.980752 0
    outer loop
      vertex 87.7212 -34.4182 19.8
      vertex 87.4133 -34.4795 22
      vertex 87.7212 -34.4182 22
    endloop
  endfacet
  facet normal -0.195258 0.980752 0
    outer loop
      vertex 87.4133 -34.4795 22
      vertex 87.7212 -34.4182 19.8
      vertex 87.4133 -34.4795 19.8
    endloop
  endfacet
  facet normal 0.555802 0.831315 -0
    outer loop
      vertex -88.3 -34.1785 19.8
      vertex -88.561 -34.004 22
      vertex -88.3 -34.1785 22
    endloop
  endfacet
  facet normal 0.555802 0.831315 0
    outer loop
      vertex -88.561 -34.004 22
      vertex -88.3 -34.1785 19.8
      vertex -88.561 -34.004 19.8
    endloop
  endfacet
  facet normal 0.659068 0.752083 -0
    outer loop
      vertex -88.561 -34.004 19.8
      vertex -88.7971 -33.7971 22
      vertex -88.561 -34.004 22
    endloop
  endfacet
  facet normal 0.659068 0.752083 0
    outer loop
      vertex -88.7971 -33.7971 22
      vertex -88.561 -34.004 19.8
      vertex -88.7971 -33.7971 19.8
    endloop
  endfacet
  facet normal 0.980752 0.195258 0
    outer loop
      vertex -89.4182 -32.7212 22
      vertex -89.4795 -32.4133 19.8
      vertex -89.4795 -32.4133 22
    endloop
  endfacet
  facet normal 0.980752 0.195258 0
    outer loop
      vertex -89.4795 -32.4133 19.8
      vertex -89.4182 -32.7212 22
      vertex -89.4182 -32.7212 19.8
    endloop
  endfacet
  facet normal -0.831315 -0.555802 0
    outer loop
      vertex 89.1785 33.3 19.8
      vertex 89.004 33.561 22
      vertex 89.004 33.561 19.8
    endloop
  endfacet
  facet normal -0.831315 -0.555802 0
    outer loop
      vertex 89.004 33.561 22
      vertex 89.1785 33.3 19.8
      vertex 89.1785 33.3 22
    endloop
  endfacet
  facet normal -0.659068 -0.752083 0
    outer loop
      vertex 88.561 34.004 19.8
      vertex 88.7971 33.7971 22
      vertex 88.561 34.004 22
    endloop
  endfacet
  facet normal -0.659068 -0.752083 -0
    outer loop
      vertex 88.7971 33.7971 22
      vertex 88.561 34.004 19.8
      vertex 88.7971 33.7971 19.8
    endloop
  endfacet
  facet normal 0.997866 -0.0652929 0
    outer loop
      vertex -89.5 32.1 22
      vertex -89.4795 32.4133 19.8
      vertex -89.4795 32.4133 22
    endloop
  endfacet
  facet normal 0.997866 -0.0652929 0
    outer loop
      vertex -89.4795 32.4133 19.8
      vertex -89.5 32.1 22
      vertex -89.5 32.1 19.8
    endloop
  endfacet
  facet normal 0.980752 -0.195258 0
    outer loop
      vertex -89.4795 32.4133 22
      vertex -89.4182 32.7212 19.8
      vertex -89.4182 32.7212 22
    endloop
  endfacet
  facet normal 0.980752 -0.195258 0
    outer loop
      vertex -89.4182 32.7212 19.8
      vertex -89.4795 32.4133 22
      vertex -89.4795 32.4133 19.8
    endloop
  endfacet
  facet normal 0.831315 -0.555802 0
    outer loop
      vertex -89.1785 33.3 22
      vertex -89.004 33.561 19.8
      vertex -89.004 33.561 22
    endloop
  endfacet
  facet normal 0.831315 -0.555802 0
    outer loop
      vertex -89.004 33.561 19.8
      vertex -89.1785 33.3 22
      vertex -89.1785 33.3 19.8
    endloop
  endfacet
  facet normal 0.752083 -0.659068 0
    outer loop
      vertex -89.004 33.561 22
      vertex -88.7971 33.7971 19.8
      vertex -88.7971 33.7971 22
    endloop
  endfacet
  facet normal 0.752083 -0.659068 0
    outer loop
      vertex -88.7971 33.7971 19.8
      vertex -89.004 33.561 22
      vertex -89.004 33.561 19.8
    endloop
  endfacet
  facet normal 0.555802 -0.831315 0
    outer loop
      vertex -88.561 34.004 19.8
      vertex -88.3 34.1785 22
      vertex -88.561 34.004 22
    endloop
  endfacet
  facet normal 0.555802 -0.831315 0
    outer loop
      vertex -88.3 34.1785 22
      vertex -88.561 34.004 19.8
      vertex -88.3 34.1785 19.8
    endloop
  endfacet
  facet normal -0.831315 0.555802 0
    outer loop
      vertex 89.004 -33.561 19.8
      vertex 89.1785 -33.3 22
      vertex 89.1785 -33.3 19.8
    endloop
  endfacet
  facet normal -0.831315 0.555802 0
    outer loop
      vertex 89.1785 -33.3 22
      vertex 89.004 -33.561 19.8
      vertex 89.004 -33.561 22
    endloop
  endfacet
  facet normal -0.980752 0.195258 0
    outer loop
      vertex 89.4182 -32.7212 19.8
      vertex 89.4795 -32.4133 22
      vertex 89.4795 -32.4133 19.8
    endloop
  endfacet
  facet normal -0.980752 0.195258 0
    outer loop
      vertex 89.4795 -32.4133 22
      vertex 89.4182 -32.7212 19.8
      vertex 89.4182 -32.7212 22
    endloop
  endfacet
  facet normal -0.997866 0.0652929 0
    outer loop
      vertex 89.4795 -32.4133 19.8
      vertex 89.5 -32.1 22
      vertex 89.5 -32.1 19.8
    endloop
  endfacet
  facet normal -0.997866 0.0652929 0
    outer loop
      vertex 89.5 -32.1 22
      vertex 89.4795 -32.4133 19.8
      vertex 89.4795 -32.4133 22
    endloop
  endfacet
  facet normal -0.896961 -0.44211 0
    outer loop
      vertex 89.3173 33.0184 19.8
      vertex 89.1785 33.3 22
      vertex 89.1785 33.3 19.8
    endloop
  endfacet
  facet normal -0.896961 -0.44211 0
    outer loop
      vertex 89.1785 33.3 22
      vertex 89.3173 33.0184 19.8
      vertex 89.3173 33.0184 22
    endloop
  endfacet
  facet normal -0.946916 0.32148 0
    outer loop
      vertex 89.3173 -33.0184 19.8
      vertex 89.4182 -32.7212 22
      vertex 89.4182 -32.7212 19.8
    endloop
  endfacet
  facet normal -0.946916 0.32148 0
    outer loop
      vertex 89.4182 -32.7212 22
      vertex 89.3173 -33.0184 19.8
      vertex 89.3173 -33.0184 22
    endloop
  endfacet
  facet normal -0.946916 -0.32148 0
    outer loop
      vertex 89.4182 32.7212 19.8
      vertex 89.3173 33.0184 22
      vertex 89.3173 33.0184 19.8
    endloop
  endfacet
  facet normal -0.946916 -0.32148 0
    outer loop
      vertex 89.3173 33.0184 22
      vertex 89.4182 32.7212 19.8
      vertex 89.4182 32.7212 22
    endloop
  endfacet
  facet normal -0.980752 -0.195258 0
    outer loop
      vertex 89.4795 32.4133 19.8
      vertex 89.4182 32.7212 22
      vertex 89.4182 32.7212 19.8
    endloop
  endfacet
  facet normal -0.980752 -0.195258 0
    outer loop
      vertex 89.4182 32.7212 22
      vertex 89.4795 32.4133 19.8
      vertex 89.4795 32.4133 22
    endloop
  endfacet
  facet normal -0.997866 -0.0652929 0
    outer loop
      vertex 89.5 32.1 19.8
      vertex 89.4795 32.4133 22
      vertex 89.4795 32.4133 19.8
    endloop
  endfacet
  facet normal -0.997866 -0.0652929 0
    outer loop
      vertex 89.4795 32.4133 22
      vertex 89.5 32.1 19.8
      vertex 89.5 32.1 22
    endloop
  endfacet
  facet normal 0 0 -1
    outer loop
      vertex -91.5 -12.25 12.5
      vertex -89.5 0.25 12.5
      vertex -89.5 -12.25 12.5
    endloop
  endfacet
  facet normal -0 0 -1
    outer loop
      vertex -89.5 0.25 12.5
      vertex -91.5 -12.25 12.5
      vertex -91.5 0.25 12.5
    endloop
  endfacet
  facet normal 0 -1 0
    outer loop
      vertex -91.5 0.25 4.5
      vertex -89.5 0.25 12.5
      vertex -91.5 0.25 12.5
    endloop
  endfacet
  facet normal 0 -1 -0
    outer loop
      vertex -89.5 0.25 12.5
      vertex -91.5 0.25 4.5
      vertex -89.5 0.25 4.5
    endloop
  endfacet
  facet normal -0 0 1
    outer loop
      vertex -91.5 0.25 4.5
      vertex -89.5 -12.25 4.5
      vertex -89.5 0.25 4.5
    endloop
  endfacet
  facet normal 0 0 1
    outer loop
      vertex -89.5 -12.25 4.5
      vertex -91.5 0.25 4.5
      vertex -91.5 -12.25 4.5
    endloop
  endfacet
  facet normal 0 1 -0
    outer loop
      vertex -89.5 -12.25 4.5
      vertex -91.5 -12.25 12.5
      vertex -89.5 -12.25 12.5
    endloop
  endfacet
  facet normal 0 1 0
    outer loop
      vertex -91.5 -12.25 12.5
      vertex -89.5 -12.25 4.5
      vertex -91.5 -12.25 4.5
    endloop
  endfacet
  facet normal 0 0 -1
    outer loop
      vertex -91.5 13 10.5
      vertex -89.5 21 10.5
      vertex -89.5 13 10.5
    endloop
  endfacet
  facet normal -0 0 -1
    outer loop
      vertex -89.5 21 10.5
      vertex -91.5 13 10.5
      vertex -91.5 21 10.5
    endloop
  endfacet
  facet normal 0 -1 0
    outer loop
      vertex -91.5 21 6.5
      vertex -89.5 21 10.5
      vertex -91.5 21 10.5
    endloop
  endfacet
  facet normal 0 -1 -0
    outer loop
      vertex -89.5 21 10.5
      vertex -91.5 21 6.5
      vertex -89.5 21 6.5
    endloop
  endfacet
  facet normal -0 0 1
    outer loop
      vertex -91.5 21 6.5
      vertex -89.5 13 6.5
      vertex -89.5 21 6.5
    endloop
  endfacet
  facet normal 0 0 1
    outer loop
      vertex -89.5 13 6.5
      vertex -91.5 21 6.5
      vertex -91.5 13 6.5
    endloop
  endfacet
  facet normal 0 1 -0
    outer loop
      vertex -89.5 13 6.5
      vertex -91.5 13 10.5
      vertex -89.5 13 10.5
    endloop
  endfacet
  facet normal 0 1 0
    outer loop
      vertex -91.5 13 10.5
      vertex -89.5 13 6.5
      vertex -91.5 13 6.5
    endloop
  endfacet
  facet normal 0.997853 0.0654873 0
    outer loop
      vertex -84 32 19.8
      vertex -84.0257 32.3916 2
      vertex -84.0257 32.3916 19.8
    endloop
  endfacet
  facet normal 0.997853 0.0654873 0
    outer loop
      vertex -84.0257 32.3916 2
      vertex -84 32 19.8
      vertex -84 32 2
    endloop
  endfacet
  facet normal 0.0654873 -0.997853 0
    outer loop
      vertex -87 29 2
      vertex -86.6084 29.0257 19.8
      vertex -87 29 19.8
    endloop
  endfacet
  facet normal 0.0654873 -0.997853 0
    outer loop
      vertex -86.6084 29.0257 19.8
      vertex -87 29 2
      vertex -86.6084 29.0257 2
    endloop
  endfacet
  facet normal 0.751724 0.659478 0
    outer loop
      vertex -84.6199 33.8263 19.8
      vertex -84.8787 34.1213 2
      vertex -84.8787 34.1213 19.8
    endloop
  endfacet
  facet normal 0.751724 0.659478 0
    outer loop
      vertex -84.8787 34.1213 2
      vertex -84.6199 33.8263 19.8
      vertex -84.6199 33.8263 2
    endloop
  endfacet
  facet normal 0.831501 -0.555523 0
    outer loop
      vertex -84.6199 30.1737 19.8
      vertex -84.4019 30.5 2
      vertex -84.4019 30.5 19.8
    endloop
  endfacet
  facet normal 0.831501 -0.555523 0
    outer loop
      vertex -84.4019 30.5 2
      vertex -84.6199 30.1737 19.8
      vertex -84.6199 30.1737 2
    endloop
  endfacet
  facet normal 0.896961 0.44211 0
    outer loop
      vertex -84.2284 33.148 19.8
      vertex -84.4019 33.5 2
      vertex -84.4019 33.5 19.8
    endloop
  endfacet
  facet normal 0.896961 0.44211 0
    outer loop
      vertex -84.4019 33.5 2
      vertex -84.2284 33.148 19.8
      vertex -84.2284 33.148 2
    endloop
  endfacet
  facet normal 0.980815 0.19494 0
    outer loop
      vertex -84.0257 32.3916 19.8
      vertex -84.1022 32.7765 2
      vertex -84.1022 32.7765 19.8
    endloop
  endfacet
  facet normal 0.980815 0.19494 0
    outer loop
      vertex -84.1022 32.7765 2
      vertex -84.0257 32.3916 19.8
      vertex -84.0257 32.3916 2
    endloop
  endfacet
  facet normal 0.831501 0.555523 0
    outer loop
      vertex -84.4019 33.5 19.8
      vertex -84.6199 33.8263 2
      vertex -84.6199 33.8263 19.8
    endloop
  endfacet
  facet normal 0.831501 0.555523 0
    outer loop
      vertex -84.6199 33.8263 2
      vertex -84.4019 33.5 19.8
      vertex -84.4019 33.5 2
    endloop
  endfacet
  facet normal 0.555448 0.831551 -0
    outer loop
      vertex -85.1737 34.3801 2
      vertex -85.3532 34.5 19.8
      vertex -85.1737 34.3801 19.8
    endloop
  endfacet
  facet normal 0.555448 0.831551 0
    outer loop
      vertex -85.3532 34.5 19.8
      vertex -85.1737 34.3801 2
      vertex -85.3532 34.5 2
    endloop
  endfacet
  facet normal 0.980815 -0.19494 0
    outer loop
      vertex -84.1022 31.2235 19.8
      vertex -84.0257 31.6084 2
      vertex -84.0257 31.6084 19.8
    endloop
  endfacet
  facet normal 0.980815 -0.19494 0
    outer loop
      vertex -84.0257 31.6084 2
      vertex -84.1022 31.2235 19.8
      vertex -84.1022 31.2235 2
    endloop
  endfacet
  facet normal 0.19494 -0.980815 0
    outer loop
      vertex -86.6084 29.0257 2
      vertex -86.2235 29.1022 19.8
      vertex -86.6084 29.0257 19.8
    endloop
  endfacet
  facet normal 0.19494 -0.980815 0
    outer loop
      vertex -86.2235 29.1022 19.8
      vertex -86.6084 29.0257 2
      vertex -86.2235 29.1022 2
    endloop
  endfacet
  facet normal 0.44211 -0.896961 0
    outer loop
      vertex -85.852 29.2284 2
      vertex -85.5 29.4019 19.8
      vertex -85.852 29.2284 19.8
    endloop
  endfacet
  facet normal 0.44211 -0.896961 0
    outer loop
      vertex -85.5 29.4019 19.8
      vertex -85.852 29.2284 2
      vertex -85.5 29.4019 2
    endloop
  endfacet
  facet normal 0.946858 0.321651 0
    outer loop
      vertex -84.1022 32.7765 19.8
      vertex -84.2284 33.148 2
      vertex -84.2284 33.148 19.8
    endloop
  endfacet
  facet normal 0.946858 0.321651 0
    outer loop
      vertex -84.2284 33.148 2
      vertex -84.1022 32.7765 19.8
      vertex -84.1022 32.7765 2
    endloop
  endfacet
  facet normal 0.659478 0.751724 -0
    outer loop
      vertex -84.8787 34.1213 2
      vertex -85.1737 34.3801 19.8
      vertex -84.8787 34.1213 19.8
    endloop
  endfacet
  facet normal 0.659478 0.751724 0
    outer loop
      vertex -85.1737 34.3801 19.8
      vertex -84.8787 34.1213 2
      vertex -85.1737 34.3801 2
    endloop
  endfacet
  facet normal 0 0 1
    outer loop
      vertex -86.15 32 19.8
      vertex -84 32 19.8
      vertex -84.0257 32.3916 19.8
    endloop
  endfacet
  facet normal 0 0 1
    outer loop
      vertex -86.1573 32.1109 19.8
      vertex -84.0257 32.3916 19.8
      vertex -84.1022 32.7765 19.8
    endloop
  endfacet
  facet normal 0 0 1
    outer loop
      vertex -84 32 19.8
      vertex -86.15 32 19.8
      vertex -84.0257 31.6084 19.8
    endloop
  endfacet
  facet normal 0 0 1
    outer loop
      vertex -86.179 32.22 19.8
      vertex -84.1022 32.7765 19.8
      vertex -84.2284 33.148 19.8
    endloop
  endfacet
  facet normal -0 0 1
    outer loop
      vertex -86.1573 31.8891 19.8
      vertex -84.0257 31.6084 19.8
      vertex -86.15 32 19.8
    endloop
  endfacet
  facet normal 0 0 1
    outer loop
      vertex -86.2147 32.3253 19.8
      vertex -84.2284 33.148 19.8
      vertex -84.4019 33.5 19.8
    endloop
  endfacet
  facet normal 0 0 1
    outer loop
      vertex -84.0257 31.6084 19.8
      vertex -86.1573 31.8891 19.8
      vertex -84.1022 31.2235 19.8
    endloop
  endfacet
  facet normal 0 0 1
    outer loop
      vertex -86.2639 32.425 19.8
      vertex -84.4019 33.5 19.8
      vertex -84.6199 33.8263 19.8
    endloop
  endfacet
  facet normal -0 0 1
    outer loop
      vertex -86.179 31.78 19.8
      vertex -84.1022 31.2235 19.8
      vertex -86.1573 31.8891 19.8
    endloop
  endfacet
  facet normal 0 0 1
    outer loop
      vertex -86.3257 32.5174 19.8
      vertex -84.6199 33.8263 19.8
      vertex -84.8787 34.1213 19.8
    endloop
  endfacet
  facet normal 0 0 1
    outer loop
      vertex -84.1022 31.2235 19.8
      vertex -86.179 31.78 19.8
      vertex -84.2284 30.8519 19.8
    endloop
  endfacet
  facet normal 0 0 1
    outer loop
      vertex -86.399 32.601 19.8
      vertex -84.8787 34.1213 19.8
      vertex -85.1737 34.3801 19.8
    endloop
  endfacet
  facet normal -0 0 1
    outer loop
      vertex -86.2147 31.6747 19.8
      vertex -84.2284 30.8519 19.8
      vertex -86.179 31.78 19.8
    endloop
  endfacet
  facet normal 0 0 1
    outer loop
      vertex -86.4826 32.6744 19.8
      vertex -85.1737 34.3801 19.8
      vertex -85.3532 34.5 19.8
    endloop
  endfacet
  facet normal 0 0 1
    outer loop
      vertex -84.2284 30.8519 19.8
      vertex -86.2147 31.6747 19.8
      vertex -84.4019 30.5 19.8
    endloop
  endfacet
  facet normal -0 0 1
    outer loop
      vertex -86.2639 31.575 19.8
      vertex -84.4019 30.5 19.8
      vertex -86.2147 31.6747 19.8
    endloop
  endfacet
  facet normal 0 0 1
    outer loop
      vertex -84.4019 30.5 19.8
      vertex -86.2639 31.575 19.8
      vertex -84.6199 30.1737 19.8
    endloop
  endfacet
  facet normal 0 0 1
    outer loop
      vertex -84.0257 32.3916 19.8
      vertex -86.1573 32.1109 19.8
      vertex -86.15 32 19.8
    endloop
  endfacet
  facet normal 0 0 1
    outer loop
      vertex -84.1022 32.7765 19.8
      vertex -86.179 32.22 19.8
      vertex -86.1573 32.1109 19.8
    endloop
  endfacet
  facet normal 0 0 1
    outer loop
      vertex -84.2284 33.148 19.8
      vertex -86.2147 32.3253 19.8
      vertex -86.179 32.22 19.8
    endloop
  endfacet
  facet normal 0 0 1
    outer loop
      vertex -84.4019 33.5 19.8
      vertex -86.2639 32.425 19.8
      vertex -86.2147 32.3253 19.8
    endloop
  endfacet
  facet normal 0 0 1
    outer loop
      vertex -84.6199 33.8263 19.8
      vertex -86.3257 32.5174 19.8
      vertex -86.2639 32.425 19.8
    endloop
  endfacet
  facet normal 0 0 1
    outer loop
      vertex -84.8787 34.1213 19.8
      vertex -86.399 32.601 19.8
      vertex -86.3257 32.5174 19.8
    endloop
  endfacet
  facet normal 0 0 1
    outer loop
      vertex -85.1737 34.3801 19.8
      vertex -86.4826 32.6744 19.8
      vertex -86.399 32.601 19.8
    endloop
  endfacet
  facet normal 0 0 1
    outer loop
      vertex -85.3532 34.5 19.8
      vertex -86.575 32.7361 19.8
      vertex -86.4826 32.6744 19.8
    endloop
  endfacet
  facet normal 0 0 1
    outer loop
      vertex -85.3532 34.5 19.8
      vertex -86.6747 32.7853 19.8
      vertex -86.575 32.7361 19.8
    endloop
  endfacet
  facet normal -0 0 1
    outer loop
      vertex -87.1 34.5 19.8
      vertex -86.6747 32.7853 19.8
      vertex -85.3532 34.5 19.8
    endloop
  endfacet
  facet normal 0 0 1
    outer loop
      vertex -86.6747 32.7853 19.8
      vertex -87.1 34.5 19.8
      vertex -86.78 32.821 19.8
    endloop
  endfacet
  facet normal 0 0 1
    outer loop
      vertex -86.78 32.821 19.8
      vertex -87.1 34.5 19.8
      vertex -86.8891 32.8427 19.8
    endloop
  endfacet
  facet normal 0 0 1
    outer loop
      vertex -86.8891 32.8427 19.8
      vertex -87.1 34.5 19.8
      vertex -87 32.85 19.8
    endloop
  endfacet
  facet normal 0 0 1
    outer loop
      vertex -87.1 34.5 19.8
      vertex -87.1109 32.8427 19.8
      vertex -87 32.85 19.8
    endloop
  endfacet
  facet normal -0 0 1
    outer loop
      vertex -87.4133 34.4795 19.8
      vertex -87.1109 32.8427 19.8
      vertex -87.1 34.5 19.8
    endloop
  endfacet
  facet normal 0 0 1
    outer loop
      vertex -87.1109 32.8427 19.8
      vertex -87.4133 34.4795 19.8
      vertex -87.22 32.821 19.8
    endloop
  endfacet
  facet normal -0 0 1
    outer loop
      vertex -87.7212 34.4182 19.8
      vertex -87.22 32.821 19.8
      vertex -87.4133 34.4795 19.8
    endloop
  endfacet
  facet normal 0 0 1
    outer loop
      vertex -87.22 32.821 19.8
      vertex -87.7212 34.4182 19.8
      vertex -87.3253 32.7853 19.8
    endloop
  endfacet
  facet normal -0 0 1
    outer loop
      vertex -88.0184 34.3173 19.8
      vertex -87.3253 32.7853 19.8
      vertex -87.7212 34.4182 19.8
    endloop
  endfacet
  facet normal 0 0 1
    outer loop
      vertex -87.3253 32.7853 19.8
      vertex -88.0184 34.3173 19.8
      vertex -87.425 32.7361 19.8
    endloop
  endfacet
  facet normal -0 0 1
    outer loop
      vertex -88.3 34.1785 19.8
      vertex -87.425 32.7361 19.8
      vertex -88.0184 34.3173 19.8
    endloop
  endfacet
  facet normal 0 0 1
    outer loop
      vertex -87.425 32.7361 19.8
      vertex -88.3 34.1785 19.8
      vertex -87.5174 32.6744 19.8
    endloop
  endfacet
  facet normal -0 0 1
    outer loop
      vertex -88.561 34.004 19.8
      vertex -87.5174 32.6744 19.8
      vertex -88.3 34.1785 19.8
    endloop
  endfacet
  facet normal 0 0 1
    outer loop
      vertex -87.5174 32.6744 19.8
      vertex -88.561 34.004 19.8
      vertex -87.601 32.601 19.8
    endloop
  endfacet
  facet normal -0 0 1
    outer loop
      vertex -88.7971 33.7971 19.8
      vertex -87.601 32.601 19.8
      vertex -88.561 34.004 19.8
    endloop
  endfacet
  facet normal -0 0 1
    outer loop
      vertex -89.004 33.561 19.8
      vertex -87.601 32.601 19.8
      vertex -88.7971 33.7971 19.8
    endloop
  endfacet
  facet normal 0 0 1
    outer loop
      vertex -87.601 32.601 19.8
      vertex -89.004 33.561 19.8
      vertex -87.6743 32.5174 19.8
    endloop
  endfacet
  facet normal -0 0 1
    outer loop
      vertex -89.1785 33.3 19.8
      vertex -87.6743 32.5174 19.8
      vertex -89.004 33.561 19.8
    endloop
  endfacet
  facet normal -0 0 1
    outer loop
      vertex -86.3257 31.4826 19.8
      vertex -84.6199 30.1737 19.8
      vertex -86.2639 31.575 19.8
    endloop
  endfacet
  facet normal 0 0 1
    outer loop
      vertex -84.6199 30.1737 19.8
      vertex -86.3257 31.4826 19.8
      vertex -84.8787 29.8787 19.8
    endloop
  endfacet
  facet normal -0 0 1
    outer loop
      vertex -86.399 31.399 19.8
      vertex -84.8787 29.8787 19.8
      vertex -86.3257 31.4826 19.8
    endloop
  endfacet
  facet normal 0 0 1
    outer loop
      vertex -84.8787 29.8787 19.8
      vertex -86.399 31.399 19.8
      vertex -85.1737 29.6199 19.8
    endloop
  endfacet
  facet normal -0 0 1
    outer loop
      vertex -86.4826 31.3256 19.8
      vertex -85.1737 29.6199 19.8
      vertex -86.399 31.399 19.8
    endloop
  endfacet
  facet normal 0 0 1
    outer loop
      vertex -85.1737 29.6199 19.8
      vertex -86.4826 31.3256 19.8
      vertex -85.5 29.4019 19.8
    endloop
  endfacet
  facet normal -0 0 1
    outer loop
      vertex -86.575 31.2639 19.8
      vertex -85.5 29.4019 19.8
      vertex -86.4826 31.3256 19.8
    endloop
  endfacet
  facet normal 0 0 1
    outer loop
      vertex -85.5 29.4019 19.8
      vertex -86.575 31.2639 19.8
      vertex -85.852 29.2284 19.8
    endloop
  endfacet
  facet normal -0 0 1
    outer loop
      vertex -86.6747 31.2147 19.8
      vertex -85.852 29.2284 19.8
      vertex -86.575 31.2639 19.8
    endloop
  endfacet
  facet normal 0 0 1
    outer loop
      vertex -85.852 29.2284 19.8
      vertex -86.6747 31.2147 19.8
      vertex -86.2235 29.1022 19.8
    endloop
  endfacet
  facet normal -0 0 1
    outer loop
      vertex -86.78 31.179 19.8
      vertex -86.2235 29.1022 19.8
      vertex -86.6747 31.2147 19.8
    endloop
  endfacet
  facet normal 0 0 1
    outer loop
      vertex -86.2235 29.1022 19.8
      vertex -86.78 31.179 19.8
      vertex -86.6084 29.0257 19.8
    endloop
  endfacet
  facet normal -0 0 1
    outer loop
      vertex -86.8891 31.1573 19.8
      vertex -86.6084 29.0257 19.8
      vertex -86.78 31.179 19.8
    endloop
  endfacet
  facet normal -0 0 1
    outer loop
      vertex -87 31.15 19.8
      vertex -86.6084 29.0257 19.8
      vertex -86.8891 31.1573 19.8
    endloop
  endfacet
  facet normal 0 0 1
    outer loop
      vertex -87 31.15 19.8
      vertex -87 29 19.8
      vertex -86.6084 29.0257 19.8
    endloop
  endfacet
  facet normal 0 0 1
    outer loop
      vertex -87.1109 31.1573 19.8
      vertex -87 29 19.8
      vertex -87 31.15 19.8
    endloop
  endfacet
  facet normal 0 0 1
    outer loop
      vertex -87.3916 29.0257 19.8
      vertex -87.1109 31.1573 19.8
      vertex -87.22 31.179 19.8
    endloop
  endfacet
  facet normal 0 0 1
    outer loop
      vertex -87.7765 29.1022 19.8
      vertex -87.22 31.179 19.8
      vertex -87.3253 31.2147 19.8
    endloop
  endfacet
  facet normal 0 0 1
    outer loop
      vertex -87.1109 31.1573 19.8
      vertex -87.3916 29.0257 19.8
      vertex -87 29 19.8
    endloop
  endfacet
  facet normal 0 0 1
    outer loop
      vertex -88.148 29.2284 19.8
      vertex -87.3253 31.2147 19.8
      vertex -87.425 31.2639 19.8
    endloop
  endfacet
  facet normal 0 0 1
    outer loop
      vertex -88.5 29.4019 19.8
      vertex -87.425 31.2639 19.8
      vertex -87.5174 31.3256 19.8
    endloop
  endfacet
  facet normal 0 0 1
    outer loop
      vertex -88.8263 29.6199 19.8
      vertex -87.5174 31.3256 19.8
      vertex -87.601 31.399 19.8
    endloop
  endfacet
  facet normal 0 0 1
    outer loop
      vertex -89.1213 29.8787 19.8
      vertex -87.601 31.399 19.8
      vertex -87.6743 31.4826 19.8
    endloop
  endfacet
  facet normal 0 0 1
    outer loop
      vertex -89.5 30.3532 19.8
      vertex -87.6743 31.4826 19.8
      vertex -87.7361 31.575 19.8
    endloop
  endfacet
  facet normal 0 0 1
    outer loop
      vertex -87.22 31.179 19.8
      vertex -87.7765 29.1022 19.8
      vertex -87.3916 29.0257 19.8
    endloop
  endfacet
  facet normal 0 0 1
    outer loop
      vertex -89.5 30.3532 19.8
      vertex -87.7361 31.575 19.8
      vertex -87.7853 31.6747 19.8
    endloop
  endfacet
  facet normal 0 0 1
    outer loop
      vertex -89.5 32.1 19.8
      vertex -87.7853 31.6747 19.8
      vertex -87.821 31.78 19.8
    endloop
  endfacet
  facet normal 0 0 1
    outer loop
      vertex -89.5 32.1 19.8
      vertex -87.821 31.78 19.8
      vertex -87.8427 31.8891 19.8
    endloop
  endfacet
  facet normal 0 0 1
    outer loop
      vertex -89.5 32.1 19.8
      vertex -87.8427 31.8891 19.8
      vertex -87.85 32 19.8
    endloop
  endfacet
  facet normal 0 0 1
    outer loop
      vertex -87.6743 32.5174 19.8
      vertex -89.1785 33.3 19.8
      vertex -87.7361 32.425 19.8
    endloop
  endfacet
  facet normal 0 0 1
    outer loop
      vertex -87.7853 31.6747 19.8
      vertex -89.5 32.1 19.8
      vertex -89.5 30.3532 19.8
    endloop
  endfacet
  facet normal -0 0 1
    outer loop
      vertex -89.3173 33.0184 19.8
      vertex -87.7361 32.425 19.8
      vertex -89.1785 33.3 19.8
    endloop
  endfacet
  facet normal 0 0 1
    outer loop
      vertex -87.3253 31.2147 19.8
      vertex -88.148 29.2284 19.8
      vertex -87.7765 29.1022 19.8
    endloop
  endfacet
  facet normal 0 0 1
    outer loop
      vertex -87.7361 32.425 19.8
      vertex -89.3173 33.0184 19.8
      vertex -87.7853 32.3253 19.8
    endloop
  endfacet
  facet normal -0 0 1
    outer loop
      vertex -89.4182 32.7212 19.8
      vertex -87.7853 32.3253 19.8
      vertex -89.3173 33.0184 19.8
    endloop
  endfacet
  facet normal 0 0 1
    outer loop
      vertex -87.425 31.2639 19.8
      vertex -88.5 29.4019 19.8
      vertex -88.148 29.2284 19.8
    endloop
  endfacet
  facet normal 0 0 1
    outer loop
      vertex -87.7853 32.3253 19.8
      vertex -89.4182 32.7212 19.8
      vertex -87.821 32.22 19.8
    endloop
  endfacet
  facet normal 0 0 1
    outer loop
      vertex -87.5174 31.3256 19.8
      vertex -88.8263 29.6199 19.8
      vertex -88.5 29.4019 19.8
    endloop
  endfacet
  facet normal -0 0 1
    outer loop
      vertex -89.4795 32.4133 19.8
      vertex -87.821 32.22 19.8
      vertex -89.4182 32.7212 19.8
    endloop
  endfacet
  facet normal 0 0 1
    outer loop
      vertex -87.821 32.22 19.8
      vertex -89.4795 32.4133 19.8
      vertex -87.8427 32.1109 19.8
    endloop
  endfacet
  facet normal 0 0 1
    outer loop
      vertex -87.601 31.399 19.8
      vertex -89.1213 29.8787 19.8
      vertex -88.8263 29.6199 19.8
    endloop
  endfacet
  facet normal 0 0 1
    outer loop
      vertex -89.5 32.1 19.8
      vertex -87.8427 32.1109 19.8
      vertex -89.4795 32.4133 19.8
    endloop
  endfacet
  facet normal 0 0 1
    outer loop
      vertex -87.8427 32.1109 19.8
      vertex -89.5 32.1 19.8
      vertex -87.85 32 19.8
    endloop
  endfacet
  facet normal 0 0 1
    outer loop
      vertex -87.6743 31.4826 19.8
      vertex -89.3801 30.1737 19.8
      vertex -89.1213 29.8787 19.8
    endloop
  endfacet
  facet normal 0 0 1
    outer loop
      vertex -87.6743 31.4826 19.8
      vertex -89.5 30.3532 19.8
      vertex -89.3801 30.1737 19.8
    endloop
  endfacet
  facet normal 0.997853 -0.0654873 0
    outer loop
      vertex -84.0257 31.6084 19.8
      vertex -84 32 2
      vertex -84 32 19.8
    endloop
  endfacet
  facet normal 0.997853 -0.0654873 0
    outer loop
      vertex -84 32 2
      vertex -84.0257 31.6084 19.8
      vertex -84.0257 31.6084 2
    endloop
  endfacet
  facet normal 0.751724 -0.659478 0
    outer loop
      vertex -84.8787 29.8787 19.8
      vertex -84.6199 30.1737 2
      vertex -84.6199 30.1737 19.8
    endloop
  endfacet
  facet normal 0.751724 -0.659478 0
    outer loop
      vertex -84.6199 30.1737 2
      vertex -84.8787 29.8787 19.8
      vertex -84.8787 29.8787 2
    endloop
  endfacet
  facet normal -0.659478 -0.751724 0
    outer loop
      vertex -89.1213 29.8787 2
      vertex -88.8263 29.6199 19.8
      vertex -89.1213 29.8787 19.8
    endloop
  endfacet
  facet normal -0.659478 -0.751724 -0
    outer loop
      vertex -88.8263 29.6199 19.8
      vertex -89.1213 29.8787 2
      vertex -88.8263 29.6199 2
    endloop
  endfacet
  facet normal -0.831551 -0.555448 0
    outer loop
      vertex -89.3801 30.1737 2
      vertex -89.5 30.3532 19.8
      vertex -89.5 30.3532 2
    endloop
  endfacet
  facet normal -0.831551 -0.555448 0
    outer loop
      vertex -89.5 30.3532 19.8
      vertex -89.3801 30.1737 2
      vertex -89.3801 30.1737 19.8
    endloop
  endfacet
  facet normal 0.896911 -0.442211 0
    outer loop
      vertex -84.4019 30.5 19.8
      vertex -84.2284 30.8519 2
      vertex -84.2284 30.8519 19.8
    endloop
  endfacet
  facet normal 0.896911 -0.442211 0
    outer loop
      vertex -84.2284 30.8519 2
      vertex -84.4019 30.5 19.8
      vertex -84.4019 30.5 2
    endloop
  endfacet
  facet normal -0.19494 -0.980815 0
    outer loop
      vertex -87.7765 29.1022 2
      vertex -87.3916 29.0257 19.8
      vertex -87.7765 29.1022 19.8
    endloop
  endfacet
  facet normal -0.19494 -0.980815 -0
    outer loop
      vertex -87.3916 29.0257 19.8
      vertex -87.7765 29.1022 2
      vertex -87.3916 29.0257 2
    endloop
  endfacet
  facet normal -0.751724 -0.659478 0
    outer loop
      vertex -89.1213 29.8787 2
      vertex -89.3801 30.1737 19.8
      vertex -89.3801 30.1737 2
    endloop
  endfacet
  facet normal -0.751724 -0.659478 0
    outer loop
      vertex -89.3801 30.1737 19.8
      vertex -89.1213 29.8787 2
      vertex -89.1213 29.8787 19.8
    endloop
  endfacet
  facet normal 0.321651 -0.946858 0
    outer loop
      vertex -86.2235 29.1022 2
      vertex -85.852 29.2284 19.8
      vertex -86.2235 29.1022 19.8
    endloop
  endfacet
  facet normal 0.321651 -0.946858 0
    outer loop
      vertex -85.852 29.2284 19.8
      vertex -86.2235 29.1022 2
      vertex -85.852 29.2284 2
    endloop
  endfacet
  facet normal 0.659478 -0.751724 0
    outer loop
      vertex -85.1737 29.6199 2
      vertex -84.8787 29.8787 19.8
      vertex -85.1737 29.6199 19.8
    endloop
  endfacet
  facet normal 0.659478 -0.751724 0
    outer loop
      vertex -84.8787 29.8787 19.8
      vertex -85.1737 29.6199 2
      vertex -84.8787 29.8787 2
    endloop
  endfacet
  facet normal 0.555523 -0.831501 0
    outer loop
      vertex -85.5 29.4019 2
      vertex -85.1737 29.6199 19.8
      vertex -85.5 29.4019 19.8
    endloop
  endfacet
  facet normal 0.555523 -0.831501 0
    outer loop
      vertex -85.1737 29.6199 19.8
      vertex -85.5 29.4019 2
      vertex -85.1737 29.6199 2
    endloop
  endfacet
  facet normal 0.946885 -0.321574 0
    outer loop
      vertex -84.2284 30.8519 19.8
      vertex -84.1022 31.2235 2
      vertex -84.1022 31.2235 19.8
    endloop
  endfacet
  facet normal 0.946885 -0.321574 0
    outer loop
      vertex -84.1022 31.2235 2
      vertex -84.2284 30.8519 19.8
      vertex -84.2284 30.8519 2
    endloop
  endfacet
  facet normal -0.0654873 -0.997853 0
    outer loop
      vertex -87.3916 29.0257 2
      vertex -87 29 19.8
      vertex -87.3916 29.0257 19.8
    endloop
  endfacet
  facet normal -0.0654873 -0.997853 -0
    outer loop
      vertex -87 29 19.8
      vertex -87.3916 29.0257 2
      vertex -87 29 2
    endloop
  endfacet
  facet normal -0.321651 -0.946858 0
    outer loop
      vertex -88.148 29.2284 2
      vertex -87.7765 29.1022 19.8
      vertex -88.148 29.2284 19.8
    endloop
  endfacet
  facet normal -0.321651 -0.946858 -0
    outer loop
      vertex -87.7765 29.1022 19.8
      vertex -88.148 29.2284 2
      vertex -87.7765 29.1022 2
    endloop
  endfacet
  facet normal -0.555523 -0.831501 0
    outer loop
      vertex -88.8263 29.6199 2
      vertex -88.5 29.4019 19.8
      vertex -88.8263 29.6199 19.8
    endloop
  endfacet
  facet normal -0.555523 -0.831501 -0
    outer loop
      vertex -88.5 29.4019 19.8
      vertex -88.8263 29.6199 2
      vertex -88.5 29.4019 2
    endloop
  endfacet
  facet normal -0.44211 -0.896961 0
    outer loop
      vertex -88.5 29.4019 2
      vertex -88.148 29.2284 19.8
      vertex -88.5 29.4019 19.8
    endloop
  endfacet
  facet normal -0.44211 -0.896961 -0
    outer loop
      vertex -88.148 29.2284 19.8
      vertex -88.5 29.4019 2
      vertex -88.148 29.2284 2
    endloop
  endfacet
  facet normal 0.555523 0.831501 -0
    outer loop
      vertex -85.1737 -29.6199 2
      vertex -85.5 -29.4019 19.8
      vertex -85.1737 -29.6199 19.8
    endloop
  endfacet
  facet normal 0.555523 0.831501 0
    outer loop
      vertex -85.5 -29.4019 19.8
      vertex -85.1737 -29.6199 2
      vertex -85.5 -29.4019 2
    endloop
  endfacet
  facet normal -0.44211 0.896961 0
    outer loop
      vertex -88.148 -29.2284 2
      vertex -88.5 -29.4019 19.8
      vertex -88.148 -29.2284 19.8
    endloop
  endfacet
  facet normal -0.44211 0.896961 0
    outer loop
      vertex -88.5 -29.4019 19.8
      vertex -88.148 -29.2284 2
      vertex -88.5 -29.4019 2
    endloop
  endfacet
  facet normal 0.896911 0.442211 0
    outer loop
      vertex -84.2284 -30.8519 19.8
      vertex -84.4019 -30.5 2
      vertex -84.4019 -30.5 19.8
    endloop
  endfacet
  facet normal 0.896911 0.442211 0
    outer loop
      vertex -84.4019 -30.5 2
      vertex -84.2284 -30.8519 19.8
      vertex -84.2284 -30.8519 2
    endloop
  endfacet
  facet normal 0.980815 0.19494 0
    outer loop
      vertex -84.0257 -31.6084 19.8
      vertex -84.1022 -31.2235 2
      vertex -84.1022 -31.2235 19.8
    endloop
  endfacet
  facet normal 0.980815 0.19494 0
    outer loop
      vertex -84.1022 -31.2235 2
      vertex -84.0257 -31.6084 19.8
      vertex -84.0257 -31.6084 2
    endloop
  endfacet
  facet normal 0.831501 0.555523 0
    outer loop
      vertex -84.4019 -30.5 19.8
      vertex -84.6199 -30.1737 2
      vertex -84.6199 -30.1737 19.8
    endloop
  endfacet
  facet normal 0.831501 0.555523 0
    outer loop
      vertex -84.6199 -30.1737 2
      vertex -84.4019 -30.5 19.8
      vertex -84.4019 -30.5 2
    endloop
  endfacet
  facet normal 0.659478 0.751724 -0
    outer loop
      vertex -84.8787 -29.8787 2
      vertex -85.1737 -29.6199 19.8
      vertex -84.8787 -29.8787 19.8
    endloop
  endfacet
  facet normal 0.659478 0.751724 0
    outer loop
      vertex -85.1737 -29.6199 19.8
      vertex -84.8787 -29.8787 2
      vertex -85.1737 -29.6199 2
    endloop
  endfacet
  facet normal 0.321651 0.946858 -0
    outer loop
      vertex -85.852 -29.2284 2
      vertex -86.2235 -29.1022 19.8
      vertex -85.852 -29.2284 19.8
    endloop
  endfacet
  facet normal 0.321651 0.946858 0
    outer loop
      vertex -86.2235 -29.1022 19.8
      vertex -85.852 -29.2284 2
      vertex -86.2235 -29.1022 2
    endloop
  endfacet
  facet normal -0.751724 0.659478 0
    outer loop
      vertex -89.3801 -30.1737 2
      vertex -89.1213 -29.8787 19.8
      vertex -89.1213 -29.8787 2
    endloop
  endfacet
  facet normal -0.751724 0.659478 0
    outer loop
      vertex -89.1213 -29.8787 19.8
      vertex -89.3801 -30.1737 2
      vertex -89.3801 -30.1737 19.8
    endloop
  endfacet
  facet normal -0.555523 0.831501 0
    outer loop
      vertex -88.5 -29.4019 2
      vertex -88.8263 -29.6199 19.8
      vertex -88.5 -29.4019 19.8
    endloop
  endfacet
  facet normal -0.555523 0.831501 0
    outer loop
      vertex -88.8263 -29.6199 19.8
      vertex -88.5 -29.4019 2
      vertex -88.8263 -29.6199 2
    endloop
  endfacet
  facet normal -0.19494 0.980815 0
    outer loop
      vertex -87.3916 -29.0257 2
      vertex -87.7765 -29.1022 19.8
      vertex -87.3916 -29.0257 19.8
    endloop
  endfacet
  facet normal -0.19494 0.980815 0
    outer loop
      vertex -87.7765 -29.1022 19.8
      vertex -87.3916 -29.0257 2
      vertex -87.7765 -29.1022 2
    endloop
  endfacet
  facet normal -0.659478 0.751724 0
    outer loop
      vertex -88.8263 -29.6199 2
      vertex -89.1213 -29.8787 19.8
      vertex -88.8263 -29.6199 19.8
    endloop
  endfacet
  facet normal -0.659478 0.751724 0
    outer loop
      vertex -89.1213 -29.8787 19.8
      vertex -88.8263 -29.6199 2
      vertex -89.1213 -29.8787 2
    endloop
  endfacet
  facet normal 0.946858 -0.321651 0
    outer loop
      vertex -84.2284 -33.148 19.8
      vertex -84.1022 -32.7765 2
      vertex -84.1022 -32.7765 19.8
    endloop
  endfacet
  facet normal 0.946858 -0.321651 0
    outer loop
      vertex -84.1022 -32.7765 2
      vertex -84.2284 -33.148 19.8
      vertex -84.2284 -33.148 2
    endloop
  endfacet
  facet normal 0.946885 0.321574 0
    outer loop
      vertex -84.1022 -31.2235 19.8
      vertex -84.2284 -30.8519 2
      vertex -84.2284 -30.8519 19.8
    endloop
  endfacet
  facet normal 0.946885 0.321574 0
    outer loop
      vertex -84.2284 -30.8519 2
      vertex -84.1022 -31.2235 19.8
      vertex -84.1022 -31.2235 2
    endloop
  endfacet
  facet normal 0.751724 0.659478 0
    outer loop
      vertex -84.6199 -30.1737 19.8
      vertex -84.8787 -29.8787 2
      vertex -84.8787 -29.8787 19.8
    endloop
  endfacet
  facet normal 0.751724 0.659478 0
    outer loop
      vertex -84.8787 -29.8787 2
      vertex -84.6199 -30.1737 19.8
      vertex -84.6199 -30.1737 2
    endloop
  endfacet
  facet normal -0.0654873 0.997853 0
    outer loop
      vertex -87 -29 2
      vertex -87.3916 -29.0257 19.8
      vertex -87 -29 19.8
    endloop
  endfacet
  facet normal -0.0654873 0.997853 0
    outer loop
      vertex -87.3916 -29.0257 19.8
      vertex -87 -29 2
      vertex -87.3916 -29.0257 2
    endloop
  endfacet
  facet normal 0.44211 0.896961 -0
    outer loop
      vertex -85.5 -29.4019 2
      vertex -85.852 -29.2284 19.8
      vertex -85.5 -29.4019 19.8
    endloop
  endfacet
  facet normal 0.44211 0.896961 0
    outer loop
      vertex -85.852 -29.2284 19.8
      vertex -85.5 -29.4019 2
      vertex -85.852 -29.2284 2
    endloop
  endfacet
  facet normal 0.19494 0.980815 -0
    outer loop
      vertex -86.2235 -29.1022 2
      vertex -86.6084 -29.0257 19.8
      vertex -86.2235 -29.1022 19.8
    endloop
  endfacet
  facet normal 0.19494 0.980815 0
    outer loop
      vertex -86.6084 -29.0257 19.8
      vertex -86.2235 -29.1022 2
      vertex -86.6084 -29.0257 2
    endloop
  endfacet
  facet normal -0.831551 0.555448 0
    outer loop
      vertex -89.5 -30.3532 2
      vertex -89.3801 -30.1737 19.8
      vertex -89.3801 -30.1737 2
    endloop
  endfacet
  facet normal -0.831551 0.555448 0
    outer loop
      vertex -89.3801 -30.1737 19.8
      vertex -89.5 -30.3532 2
      vertex -89.5 -30.3532 19.8
    endloop
  endfacet
  facet normal -0.321651 0.946858 0
    outer loop
      vertex -87.7765 -29.1022 2
      vertex -88.148 -29.2284 19.8
      vertex -87.7765 -29.1022 19.8
    endloop
  endfacet
  facet normal -0.321651 0.946858 0
    outer loop
      vertex -88.148 -29.2284 19.8
      vertex -87.7765 -29.1022 2
      vertex -88.148 -29.2284 2
    endloop
  endfacet
  facet normal 0.997853 0.0654873 0
    outer loop
      vertex -84 -32 19.8
      vertex -84.0257 -31.6084 2
      vertex -84.0257 -31.6084 19.8
    endloop
  endfacet
  facet normal 0.997853 0.0654873 0
    outer loop
      vertex -84.0257 -31.6084 2
      vertex -84 -32 19.8
      vertex -84 -32 2
    endloop
  endfacet
  facet normal 0.997853 -0.0654873 0
    outer loop
      vertex -84.0257 -32.3916 19.8
      vertex -84 -32 2
      vertex -84 -32 19.8
    endloop
  endfacet
  facet normal 0.997853 -0.0654873 0
    outer loop
      vertex -84 -32 2
      vertex -84.0257 -32.3916 19.8
      vertex -84.0257 -32.3916 2
    endloop
  endfacet
  facet normal 0.980815 -0.19494 0
    outer loop
      vertex -84.1022 -32.7765 19.8
      vertex -84.0257 -32.3916 2
      vertex -84.0257 -32.3916 19.8
    endloop
  endfacet
  facet normal 0.980815 -0.19494 0
    outer loop
      vertex -84.0257 -32.3916 2
      vertex -84.1022 -32.7765 19.8
      vertex -84.1022 -32.7765 2
    endloop
  endfacet
  facet normal 0.751724 -0.659478 0
    outer loop
      vertex -84.8787 -34.1213 19.8
      vertex -84.6199 -33.8263 2
      vertex -84.6199 -33.8263 19.8
    endloop
  endfacet
  facet normal 0.751724 -0.659478 0
    outer loop
      vertex -84.6199 -33.8263 2
      vertex -84.8787 -34.1213 19.8
      vertex -84.8787 -34.1213 2
    endloop
  endfacet
  facet normal 0.555448 -0.831551 0
    outer loop
      vertex -85.3532 -34.5 2
      vertex -85.1737 -34.3801 19.8
      vertex -85.3532 -34.5 19.8
    endloop
  endfacet
  facet normal 0.555448 -0.831551 0
    outer loop
      vertex -85.1737 -34.3801 19.8
      vertex -85.3532 -34.5 2
      vertex -85.1737 -34.3801 2
    endloop
  endfacet
  facet normal 0.0654873 0.997853 -0
    outer loop
      vertex -86.6084 -29.0257 2
      vertex -87 -29 19.8
      vertex -86.6084 -29.0257 19.8
    endloop
  endfacet
  facet normal 0.0654873 0.997853 0
    outer loop
      vertex -87 -29 19.8
      vertex -86.6084 -29.0257 2
      vertex -87 -29 2
    endloop
  endfacet
  facet normal 0 0 1
    outer loop
      vertex -84.0257 -31.6084 19.8
      vertex -86.1573 -31.8891 19.8
      vertex -86.15 -32 19.8
    endloop
  endfacet
  facet normal 0 0 1
    outer loop
      vertex -85.5 -29.4019 19.8
      vertex -86.179 -31.78 19.8
      vertex -86.1573 -31.8891 19.8
    endloop
  endfacet
  facet normal 0 0 1
    outer loop
      vertex -85.5 -29.4019 19.8
      vertex -86.2147 -31.6747 19.8
      vertex -86.179 -31.78 19.8
    endloop
  endfacet
  facet normal 0 0 1
    outer loop
      vertex -86.6747 -31.2147 19.8
      vertex -85.852 -29.2284 19.8
      vertex -86.2235 -29.1022 19.8
    endloop
  endfacet
  facet normal 0 0 1
    outer loop
      vertex -85.5 -29.4019 19.8
      vertex -86.2639 -31.575 19.8
      vertex -86.2147 -31.6747 19.8
    endloop
  endfacet
  facet normal 0 0 1
    outer loop
      vertex -85.5 -29.4019 19.8
      vertex -86.3257 -31.4826 19.8
      vertex -86.2639 -31.575 19.8
    endloop
  endfacet
  facet normal 0 0 1
    outer loop
      vertex -85.5 -29.4019 19.8
      vertex -86.399 -31.399 19.8
      vertex -86.3257 -31.4826 19.8
    endloop
  endfacet
  facet normal 0 0 1
    outer loop
      vertex -85.5 -29.4019 19.8
      vertex -86.4826 -31.3256 19.8
      vertex -86.399 -31.399 19.8
    endloop
  endfacet
  facet normal 0 0 1
    outer loop
      vertex -85.5 -29.4019 19.8
      vertex -86.575 -31.2639 19.8
      vertex -86.4826 -31.3256 19.8
    endloop
  endfacet
  facet normal 0 0 1
    outer loop
      vertex -86.78 -31.179 19.8
      vertex -86.2235 -29.1022 19.8
      vertex -86.6084 -29.0257 19.8
    endloop
  endfacet
  facet normal 0 0 1
    outer loop
      vertex -85.852 -29.2284 19.8
      vertex -86.6747 -31.2147 19.8
      vertex -86.575 -31.2639 19.8
    endloop
  endfacet
  facet normal 0 0 1
    outer loop
      vertex -86.2235 -29.1022 19.8
      vertex -86.78 -31.179 19.8
      vertex -86.6747 -31.2147 19.8
    endloop
  endfacet
  facet normal 0 0 1
    outer loop
      vertex -86.6084 -29.0257 19.8
      vertex -86.8891 -31.1573 19.8
      vertex -86.78 -31.179 19.8
    endloop
  endfacet
  facet normal 0 0 1
    outer loop
      vertex -87 -29 19.8
      vertex -86.8891 -31.1573 19.8
      vertex -86.6084 -29.0257 19.8
    endloop
  endfacet
  facet normal 0 0 1
    outer loop
      vertex -87 -29 19.8
      vertex -87 -31.15 19.8
      vertex -86.8891 -31.1573 19.8
    endloop
  endfacet
  facet normal 0 0 1
    outer loop
      vertex -87 -29 19.8
      vertex -87.1109 -31.1573 19.8
      vertex -87 -31.15 19.8
    endloop
  endfacet
  facet normal -0 0 1
    outer loop
      vertex -87.3916 -29.0257 19.8
      vertex -87.1109 -31.1573 19.8
      vertex -87 -29 19.8
    endloop
  endfacet
  facet normal 0 0 1
    outer loop
      vertex -87.1109 -31.1573 19.8
      vertex -87.3916 -29.0257 19.8
      vertex -87.22 -31.179 19.8
    endloop
  endfacet
  facet normal -0 0 1
    outer loop
      vertex -87.7765 -29.1022 19.8
      vertex -87.22 -31.179 19.8
      vertex -87.3916 -29.0257 19.8
    endloop
  endfacet
  facet normal 0 0 1
    outer loop
      vertex -87.22 -31.179 19.8
      vertex -87.7765 -29.1022 19.8
      vertex -87.3253 -31.2147 19.8
    endloop
  endfacet
  facet normal -0 0 1
    outer loop
      vertex -88.148 -29.2284 19.8
      vertex -87.3253 -31.2147 19.8
      vertex -87.7765 -29.1022 19.8
    endloop
  endfacet
  facet normal 0 0 1
    outer loop
      vertex -87.3253 -31.2147 19.8
      vertex -88.148 -29.2284 19.8
      vertex -87.425 -31.2639 19.8
    endloop
  endfacet
  facet normal -0 0 1
    outer loop
      vertex -88.5 -29.4019 19.8
      vertex -87.425 -31.2639 19.8
      vertex -88.148 -29.2284 19.8
    endloop
  endfacet
  facet normal 0 0 1
    outer loop
      vertex -87.425 -31.2639 19.8
      vertex -88.5 -29.4019 19.8
      vertex -87.5174 -31.3256 19.8
    endloop
  endfacet
  facet normal -0 0 1
    outer loop
      vertex -88.8263 -29.6199 19.8
      vertex -87.5174 -31.3256 19.8
      vertex -88.5 -29.4019 19.8
    endloop
  endfacet
  facet normal 0 0 1
    outer loop
      vertex -87.5174 -31.3256 19.8
      vertex -88.8263 -29.6199 19.8
      vertex -87.601 -31.399 19.8
    endloop
  endfacet
  facet normal -0 0 1
    outer loop
      vertex -89.1213 -29.8787 19.8
      vertex -87.601 -31.399 19.8
      vertex -88.8263 -29.6199 19.8
    endloop
  endfacet
  facet normal 0 0 1
    outer loop
      vertex -87.601 -31.399 19.8
      vertex -89.1213 -29.8787 19.8
      vertex -87.6743 -31.4826 19.8
    endloop
  endfacet
  facet normal -0 0 1
    outer loop
      vertex -89.3801 -30.1737 19.8
      vertex -87.6743 -31.4826 19.8
      vertex -89.1213 -29.8787 19.8
    endloop
  endfacet
  facet normal -0 0 1
    outer loop
      vertex -89.5 -30.3532 19.8
      vertex -87.6743 -31.4826 19.8
      vertex -89.3801 -30.1737 19.8
    endloop
  endfacet
  facet normal 0 0 1
    outer loop
      vertex -87.6743 -31.4826 19.8
      vertex -89.5 -30.3532 19.8
      vertex -87.7361 -31.575 19.8
    endloop
  endfacet
  facet normal 0 -0 1
    outer loop
      vertex -89.4795 -32.4133 19.8
      vertex -87.85 -32 19.8
      vertex -89.5 -32.1 19.8
    endloop
  endfacet
  facet normal 0 0 1
    outer loop
      vertex -87.7361 -31.575 19.8
      vertex -89.5 -30.3532 19.8
      vertex -87.7853 -31.6747 19.8
    endloop
  endfacet
  facet normal 0 0 1
    outer loop
      vertex -87.85 -32 19.8
      vertex -88.3 -34.1785 19.8
      vertex -88.0184 -34.3173 19.8
    endloop
  endfacet
  facet normal 0 0 1
    outer loop
      vertex -87.85 -32 19.8
      vertex -88.561 -34.004 19.8
      vertex -88.3 -34.1785 19.8
    endloop
  endfacet
  facet normal 0 0 1
    outer loop
      vertex -89.5 -32.1 19.8
      vertex -87.7853 -31.6747 19.8
      vertex -89.5 -30.3532 19.8
    endloop
  endfacet
  facet normal 0 0 1
    outer loop
      vertex -87.85 -32 19.8
      vertex -88.7971 -33.7971 19.8
      vertex -88.561 -34.004 19.8
    endloop
  endfacet
  facet normal 0 0 1
    outer loop
      vertex -87.7853 -31.6747 19.8
      vertex -89.5 -32.1 19.8
      vertex -87.821 -31.78 19.8
    endloop
  endfacet
  facet normal 0 0 1
    outer loop
      vertex -87.85 -32 19.8
      vertex -89.004 -33.561 19.8
      vertex -88.7971 -33.7971 19.8
    endloop
  endfacet
  facet normal 0 0 1
    outer loop
      vertex -87.85 -32 19.8
      vertex -89.1785 -33.3 19.8
      vertex -89.004 -33.561 19.8
    endloop
  endfacet
  facet normal 0 0 1
    outer loop
      vertex -87.821 -31.78 19.8
      vertex -89.5 -32.1 19.8
      vertex -87.8427 -31.8891 19.8
    endloop
  endfacet
  facet normal 0 0 1
    outer loop
      vertex -87.85 -32 19.8
      vertex -89.3173 -33.0184 19.8
      vertex -89.1785 -33.3 19.8
    endloop
  endfacet
  facet normal 0 0 1
    outer loop
      vertex -87.85 -32 19.8
      vertex -89.4182 -32.7212 19.8
      vertex -89.3173 -33.0184 19.8
    endloop
  endfacet
  facet normal 0 0 1
    outer loop
      vertex -87.8427 -31.8891 19.8
      vertex -89.5 -32.1 19.8
      vertex -87.85 -32 19.8
    endloop
  endfacet
  facet normal 0 0 1
    outer loop
      vertex -87.85 -32 19.8
      vertex -89.4795 -32.4133 19.8
      vertex -89.4182 -32.7212 19.8
    endloop
  endfacet
  facet normal 0 0 1
    outer loop
      vertex -86.15 -32 19.8
      vertex -84 -32 19.8
      vertex -84.0257 -31.6084 19.8
    endloop
  endfacet
  facet normal 0 0 1
    outer loop
      vertex -86.1573 -31.8891 19.8
      vertex -84.0257 -31.6084 19.8
      vertex -84.1022 -31.2235 19.8
    endloop
  endfacet
  facet normal 0 0 1
    outer loop
      vertex -84 -32 19.8
      vertex -86.15 -32 19.8
      vertex -84.0257 -32.3916 19.8
    endloop
  endfacet
  facet normal 0 0 1
    outer loop
      vertex -86.1573 -31.8891 19.8
      vertex -84.1022 -31.2235 19.8
      vertex -84.2284 -30.8519 19.8
    endloop
  endfacet
  facet normal -0 0 1
    outer loop
      vertex -86.1573 -32.1109 19.8
      vertex -84.0257 -32.3916 19.8
      vertex -86.15 -32 19.8
    endloop
  endfacet
  facet normal 0 0 1
    outer loop
      vertex -86.1573 -31.8891 19.8
      vertex -84.2284 -30.8519 19.8
      vertex -84.4019 -30.5 19.8
    endloop
  endfacet
  facet normal 0 0 1
    outer loop
      vertex -84.0257 -32.3916 19.8
      vertex -86.1573 -32.1109 19.8
      vertex -84.1022 -32.7765 19.8
    endloop
  endfacet
  facet normal 0 0 1
    outer loop
      vertex -86.1573 -31.8891 19.8
      vertex -84.4019 -30.5 19.8
      vertex -84.6199 -30.1737 19.8
    endloop
  endfacet
  facet normal -0 0 1
    outer loop
      vertex -86.179 -32.22 19.8
      vertex -84.1022 -32.7765 19.8
      vertex -86.1573 -32.1109 19.8
    endloop
  endfacet
  facet normal 0 0 1
    outer loop
      vertex -86.1573 -31.8891 19.8
      vertex -84.6199 -30.1737 19.8
      vertex -84.8787 -29.8787 19.8
    endloop
  endfacet
  facet normal 0 0 1
    outer loop
      vertex -84.1022 -32.7765 19.8
      vertex -86.179 -32.22 19.8
      vertex -84.2284 -33.148 19.8
    endloop
  endfacet
  facet normal 0 0 1
    outer loop
      vertex -86.1573 -31.8891 19.8
      vertex -84.8787 -29.8787 19.8
      vertex -85.1737 -29.6199 19.8
    endloop
  endfacet
  facet normal -0 0 1
    outer loop
      vertex -86.2147 -32.3253 19.8
      vertex -84.2284 -33.148 19.8
      vertex -86.179 -32.22 19.8
    endloop
  endfacet
  facet normal 0 0 1
    outer loop
      vertex -84.2284 -33.148 19.8
      vertex -86.2147 -32.3253 19.8
      vertex -84.4019 -33.5 19.8
    endloop
  endfacet
  facet normal 0 0 1
    outer loop
      vertex -86.1573 -31.8891 19.8
      vertex -85.1737 -29.6199 19.8
      vertex -85.5 -29.4019 19.8
    endloop
  endfacet
  facet normal 0 0 1
    outer loop
      vertex -86.575 -31.2639 19.8
      vertex -85.5 -29.4019 19.8
      vertex -85.852 -29.2284 19.8
    endloop
  endfacet
  facet normal -0 0 1
    outer loop
      vertex -86.2639 -32.425 19.8
      vertex -84.4019 -33.5 19.8
      vertex -86.2147 -32.3253 19.8
    endloop
  endfacet
  facet normal 0 0 1
    outer loop
      vertex -84.4019 -33.5 19.8
      vertex -86.2639 -32.425 19.8
      vertex -84.6199 -33.8263 19.8
    endloop
  endfacet
  facet normal -0 0 1
    outer loop
      vertex -86.3257 -32.5174 19.8
      vertex -84.6199 -33.8263 19.8
      vertex -86.2639 -32.425 19.8
    endloop
  endfacet
  facet normal 0 0 1
    outer loop
      vertex -84.6199 -33.8263 19.8
      vertex -86.3257 -32.5174 19.8
      vertex -84.8787 -34.1213 19.8
    endloop
  endfacet
  facet normal -0 0 1
    outer loop
      vertex -86.399 -32.601 19.8
      vertex -84.8787 -34.1213 19.8
      vertex -86.3257 -32.5174 19.8
    endloop
  endfacet
  facet normal 0 0 1
    outer loop
      vertex -84.8787 -34.1213 19.8
      vertex -86.399 -32.601 19.8
      vertex -85.1737 -34.3801 19.8
    endloop
  endfacet
  facet normal -0 0 1
    outer loop
      vertex -86.4826 -32.6744 19.8
      vertex -85.1737 -34.3801 19.8
      vertex -86.399 -32.601 19.8
    endloop
  endfacet
  facet normal 0 0 1
    outer loop
      vertex -85.1737 -34.3801 19.8
      vertex -86.4826 -32.6744 19.8
      vertex -85.3532 -34.5 19.8
    endloop
  endfacet
  facet normal -0 0 1
    outer loop
      vertex -86.575 -32.7361 19.8
      vertex -85.3532 -34.5 19.8
      vertex -86.4826 -32.6744 19.8
    endloop
  endfacet
  facet normal -0 0 1
    outer loop
      vertex -86.6747 -32.7853 19.8
      vertex -85.3532 -34.5 19.8
      vertex -86.575 -32.7361 19.8
    endloop
  endfacet
  facet normal 0 0 1
    outer loop
      vertex -87.1 -34.5 19.8
      vertex -86.6747 -32.7853 19.8
      vertex -86.78 -32.821 19.8
    endloop
  endfacet
  facet normal 0 0 1
    outer loop
      vertex -87.1 -34.5 19.8
      vertex -86.78 -32.821 19.8
      vertex -86.8891 -32.8427 19.8
    endloop
  endfacet
  facet normal 0 0 1
    outer loop
      vertex -87.1 -34.5 19.8
      vertex -86.8891 -32.8427 19.8
      vertex -87 -32.85 19.8
    endloop
  endfacet
  facet normal 0 0 1
    outer loop
      vertex -86.6747 -32.7853 19.8
      vertex -87.1 -34.5 19.8
      vertex -85.3532 -34.5 19.8
    endloop
  endfacet
  facet normal 0 0 1
    outer loop
      vertex -87.1109 -32.8427 19.8
      vertex -87.1 -34.5 19.8
      vertex -87 -32.85 19.8
    endloop
  endfacet
  facet normal 0 0 1
    outer loop
      vertex -87.4133 -34.4795 19.8
      vertex -87.1109 -32.8427 19.8
      vertex -87.22 -32.821 19.8
    endloop
  endfacet
  facet normal 0 0 1
    outer loop
      vertex -87.7212 -34.4182 19.8
      vertex -87.22 -32.821 19.8
      vertex -87.3253 -32.7853 19.8
    endloop
  endfacet
  facet normal 0 0 1
    outer loop
      vertex -87.1109 -32.8427 19.8
      vertex -87.4133 -34.4795 19.8
      vertex -87.1 -34.5 19.8
    endloop
  endfacet
  facet normal 0 0 1
    outer loop
      vertex -88.0184 -34.3173 19.8
      vertex -87.3253 -32.7853 19.8
      vertex -87.425 -32.7361 19.8
    endloop
  endfacet
  facet normal 0 0 1
    outer loop
      vertex -88.0184 -34.3173 19.8
      vertex -87.425 -32.7361 19.8
      vertex -87.5174 -32.6744 19.8
    endloop
  endfacet
  facet normal 0 0 1
    outer loop
      vertex -88.0184 -34.3173 19.8
      vertex -87.5174 -32.6744 19.8
      vertex -87.601 -32.601 19.8
    endloop
  endfacet
  facet normal 0 0 1
    outer loop
      vertex -88.0184 -34.3173 19.8
      vertex -87.601 -32.601 19.8
      vertex -87.6743 -32.5174 19.8
    endloop
  endfacet
  facet normal 0 0 1
    outer loop
      vertex -87.22 -32.821 19.8
      vertex -87.7212 -34.4182 19.8
      vertex -87.4133 -34.4795 19.8
    endloop
  endfacet
  facet normal 0 0 1
    outer loop
      vertex -88.0184 -34.3173 19.8
      vertex -87.6743 -32.5174 19.8
      vertex -87.7361 -32.425 19.8
    endloop
  endfacet
  facet normal 0 0 1
    outer loop
      vertex -88.0184 -34.3173 19.8
      vertex -87.7361 -32.425 19.8
      vertex -87.7853 -32.3253 19.8
    endloop
  endfacet
  facet normal 0 0 1
    outer loop
      vertex -88.0184 -34.3173 19.8
      vertex -87.7853 -32.3253 19.8
      vertex -87.821 -32.22 19.8
    endloop
  endfacet
  facet normal 0 0 1
    outer loop
      vertex -88.0184 -34.3173 19.8
      vertex -87.821 -32.22 19.8
      vertex -87.8427 -32.1109 19.8
    endloop
  endfacet
  facet normal 0 0 1
    outer loop
      vertex -88.0184 -34.3173 19.8
      vertex -87.8427 -32.1109 19.8
      vertex -87.85 -32 19.8
    endloop
  endfacet
  facet normal 0 0 1
    outer loop
      vertex -87.3253 -32.7853 19.8
      vertex -88.0184 -34.3173 19.8
      vertex -87.7212 -34.4182 19.8
    endloop
  endfacet
  facet normal 0.896961 -0.44211 0
    outer loop
      vertex -84.4019 -33.5 19.8
      vertex -84.2284 -33.148 2
      vertex -84.2284 -33.148 19.8
    endloop
  endfacet
  facet normal 0.896961 -0.44211 0
    outer loop
      vertex -84.2284 -33.148 2
      vertex -84.4019 -33.5 19.8
      vertex -84.4019 -33.5 2
    endloop
  endfacet
  facet normal 0.659478 -0.751724 0
    outer loop
      vertex -85.1737 -34.3801 2
      vertex -84.8787 -34.1213 19.8
      vertex -85.1737 -34.3801 19.8
    endloop
  endfacet
  facet normal 0.659478 -0.751724 0
    outer loop
      vertex -84.8787 -34.1213 19.8
      vertex -85.1737 -34.3801 2
      vertex -84.8787 -34.1213 2
    endloop
  endfacet
  facet normal 0.831501 -0.555523 0
    outer loop
      vertex -84.6199 -33.8263 19.8
      vertex -84.4019 -33.5 2
      vertex -84.4019 -33.5 19.8
    endloop
  endfacet
  facet normal 0.831501 -0.555523 0
    outer loop
      vertex -84.4019 -33.5 2
      vertex -84.6199 -33.8263 19.8
      vertex -84.6199 -33.8263 2
    endloop
  endfacet
  facet normal -0.19494 -0.980815 0
    outer loop
      vertex 86.2235 29.1022 2
      vertex 86.6084 29.0257 19.8
      vertex 86.2235 29.1022 19.8
    endloop
  endfacet
  facet normal -0.19494 -0.980815 -0
    outer loop
      vertex 86.6084 29.0257 19.8
      vertex 86.2235 29.1022 2
      vertex 86.6084 29.0257 2
    endloop
  endfacet
  facet normal -0.946858 0.321651 0
    outer loop
      vertex 84.1022 32.7765 2
      vertex 84.2284 33.148 19.8
      vertex 84.2284 33.148 2
    endloop
  endfacet
  facet normal -0.946858 0.321651 0
    outer loop
      vertex 84.2284 33.148 19.8
      vertex 84.1022 32.7765 2
      vertex 84.1022 32.7765 19.8
    endloop
  endfacet
  facet normal 0.751724 -0.659478 0
    outer loop
      vertex 89.1213 29.8787 19.8
      vertex 89.3801 30.1737 2
      vertex 89.3801 30.1737 19.8
    endloop
  endfacet
  facet normal 0.751724 -0.659478 0
    outer loop
      vertex 89.3801 30.1737 2
      vertex 89.1213 29.8787 19.8
      vertex 89.1213 29.8787 2
    endloop
  endfacet
  facet normal -0.997853 0.0654873 0
    outer loop
      vertex 84 32 2
      vertex 84.0257 32.3916 19.8
      vertex 84.0257 32.3916 2
    endloop
  endfacet
  facet normal -0.997853 0.0654873 0
    outer loop
      vertex 84.0257 32.3916 19.8
      vertex 84 32 2
      vertex 84 32 19.8
    endloop
  endfacet
  facet normal -0.831501 0.555523 0
    outer loop
      vertex 84.4019 33.5 2
      vertex 84.6199 33.8263 19.8
      vertex 84.6199 33.8263 2
    endloop
  endfacet
  facet normal -0.831501 0.555523 0
    outer loop
      vertex 84.6199 33.8263 19.8
      vertex 84.4019 33.5 2
      vertex 84.4019 33.5 19.8
    endloop
  endfacet
  facet normal -0.751724 0.659478 0
    outer loop
      vertex 84.6199 33.8263 2
      vertex 84.8787 34.1213 19.8
      vertex 84.8787 34.1213 2
    endloop
  endfacet
  facet normal -0.751724 0.659478 0
    outer loop
      vertex 84.8787 34.1213 19.8
      vertex 84.6199 33.8263 2
      vertex 84.6199 33.8263 19.8
    endloop
  endfacet
  facet normal 0.19494 -0.980815 0
    outer loop
      vertex 87.3916 29.0257 2
      vertex 87.7765 29.1022 19.8
      vertex 87.3916 29.0257 19.8
    endloop
  endfacet
  facet normal 0.19494 -0.980815 0
    outer loop
      vertex 87.7765 29.1022 19.8
      vertex 87.3916 29.0257 2
      vertex 87.7765 29.1022 2
    endloop
  endfacet
  facet normal -0.0654873 -0.997853 0
    outer loop
      vertex 86.6084 29.0257 2
      vertex 87 29 19.8
      vertex 86.6084 29.0257 19.8
    endloop
  endfacet
  facet normal -0.0654873 -0.997853 -0
    outer loop
      vertex 87 29 19.8
      vertex 86.6084 29.0257 2
      vertex 87 29 2
    endloop
  endfacet
  facet normal -0.555523 -0.831501 0
    outer loop
      vertex 85.1737 29.6199 2
      vertex 85.5 29.4019 19.8
      vertex 85.1737 29.6199 19.8
    endloop
  endfacet
  facet normal -0.555523 -0.831501 -0
    outer loop
      vertex 85.5 29.4019 19.8
      vertex 85.1737 29.6199 2
      vertex 85.5 29.4019 2
    endloop
  endfacet
  facet normal -0.980815 -0.19494 0
    outer loop
      vertex 84.1022 31.2235 2
      vertex 84.0257 31.6084 19.8
      vertex 84.0257 31.6084 2
    endloop
  endfacet
  facet normal -0.980815 -0.19494 0
    outer loop
      vertex 84.0257 31.6084 19.8
      vertex 84.1022 31.2235 2
      vertex 84.1022 31.2235 19.8
    endloop
  endfacet
  facet normal -0.659478 -0.751724 0
    outer loop
      vertex 84.8787 29.8787 2
      vertex 85.1737 29.6199 19.8
      vertex 84.8787 29.8787 19.8
    endloop
  endfacet
  facet normal -0.659478 -0.751724 -0
    outer loop
      vertex 85.1737 29.6199 19.8
      vertex 84.8787 29.8787 2
      vertex 85.1737 29.6199 2
    endloop
  endfacet
  facet normal 0 0 1
    outer loop
      vertex 89.5 32.1 19.8
      vertex 87.8427 32.1109 19.8
      vertex 87.85 32 19.8
    endloop
  endfacet
  facet normal 0 0 1
    outer loop
      vertex 88.3 34.1785 19.8
      vertex 87.821 32.22 19.8
      vertex 87.8427 32.1109 19.8
    endloop
  endfacet
  facet normal 0 0 1
    outer loop
      vertex 88.3 34.1785 19.8
      vertex 87.7853 32.3253 19.8
      vertex 87.821 32.22 19.8
    endloop
  endfacet
  facet normal 0 0 1
    outer loop
      vertex 88.3 34.1785 19.8
      vertex 87.7361 32.425 19.8
      vertex 87.7853 32.3253 19.8
    endloop
  endfacet
  facet normal 0 0 1
    outer loop
      vertex 87.3253 32.7853 19.8
      vertex 88.0184 34.3173 19.8
      vertex 87.7212 34.4182 19.8
    endloop
  endfacet
  facet normal 0 0 1
    outer loop
      vertex 88.3 34.1785 19.8
      vertex 87.6743 32.5174 19.8
      vertex 87.7361 32.425 19.8
    endloop
  endfacet
  facet normal 0 0 1
    outer loop
      vertex 88.3 34.1785 19.8
      vertex 87.601 32.601 19.8
      vertex 87.6743 32.5174 19.8
    endloop
  endfacet
  facet normal 0 0 1
    outer loop
      vertex 88.3 34.1785 19.8
      vertex 87.5174 32.6744 19.8
      vertex 87.601 32.601 19.8
    endloop
  endfacet
  facet normal 0 0 1
    outer loop
      vertex 88.3 34.1785 19.8
      vertex 87.425 32.7361 19.8
      vertex 87.5174 32.6744 19.8
    endloop
  endfacet
  facet normal 0 0 1
    outer loop
      vertex 87.22 32.821 19.8
      vertex 87.7212 34.4182 19.8
      vertex 87.4133 34.4795 19.8
    endloop
  endfacet
  facet normal 0 0 1
    outer loop
      vertex 88.0184 34.3173 19.8
      vertex 87.3253 32.7853 19.8
      vertex 87.425 32.7361 19.8
    endloop
  endfacet
  facet normal 0 0 1
    outer loop
      vertex 87.7212 34.4182 19.8
      vertex 87.22 32.821 19.8
      vertex 87.3253 32.7853 19.8
    endloop
  endfacet
  facet normal 0 0 1
    outer loop
      vertex 87.4133 34.4795 19.8
      vertex 87.1109 32.8427 19.8
      vertex 87.22 32.821 19.8
    endloop
  endfacet
  facet normal 0 0 1
    outer loop
      vertex 87.1 34.5 19.8
      vertex 87.1109 32.8427 19.8
      vertex 87.4133 34.4795 19.8
    endloop
  endfacet
  facet normal 0 0 1
    outer loop
      vertex 87.1 34.5 19.8
      vertex 87 32.85 19.8
      vertex 87.1109 32.8427 19.8
    endloop
  endfacet
  facet normal 0 0 1
    outer loop
      vertex 87.1 34.5 19.8
      vertex 86.8891 32.8427 19.8
      vertex 87 32.85 19.8
    endloop
  endfacet
  facet normal 0 0 1
    outer loop
      vertex 87.1 34.5 19.8
      vertex 86.78 32.821 19.8
      vertex 86.8891 32.8427 19.8
    endloop
  endfacet
  facet normal 0 0 1
    outer loop
      vertex 87.1 34.5 19.8
      vertex 86.6747 32.7853 19.8
      vertex 86.78 32.821 19.8
    endloop
  endfacet
  facet normal -0 0 1
    outer loop
      vertex 85.3532 34.5 19.8
      vertex 86.6747 32.7853 19.8
      vertex 87.1 34.5 19.8
    endloop
  endfacet
  facet normal 0 0 1
    outer loop
      vertex 86.6747 32.7853 19.8
      vertex 85.3532 34.5 19.8
      vertex 86.575 32.7361 19.8
    endloop
  endfacet
  facet normal 0 0 1
    outer loop
      vertex 86.575 32.7361 19.8
      vertex 85.3532 34.5 19.8
      vertex 86.4826 32.6744 19.8
    endloop
  endfacet
  facet normal -0 0 1
    outer loop
      vertex 85.1737 34.3801 19.8
      vertex 86.4826 32.6744 19.8
      vertex 85.3532 34.5 19.8
    endloop
  endfacet
  facet normal 0 0 1
    outer loop
      vertex 86.4826 32.6744 19.8
      vertex 85.1737 34.3801 19.8
      vertex 86.399 32.601 19.8
    endloop
  endfacet
  facet normal -0 0 1
    outer loop
      vertex 84.8787 34.1213 19.8
      vertex 86.399 32.601 19.8
      vertex 85.1737 34.3801 19.8
    endloop
  endfacet
  facet normal 0 0 1
    outer loop
      vertex 84 32 19.8
      vertex 86.15 32 19.8
      vertex 86.1573 32.1109 19.8
    endloop
  endfacet
  facet normal 0 0 1
    outer loop
      vertex 86.15 32 19.8
      vertex 85.5 29.4019 19.8
      vertex 85.852 29.2284 19.8
    endloop
  endfacet
  facet normal 0 0 1
    outer loop
      vertex 84.0257 32.3916 19.8
      vertex 86.1573 32.1109 19.8
      vertex 86.179 32.22 19.8
    endloop
  endfacet
  facet normal 0 0 1
    outer loop
      vertex 86.399 32.601 19.8
      vertex 84.8787 34.1213 19.8
      vertex 86.3257 32.5174 19.8
    endloop
  endfacet
  facet normal -0 0 1
    outer loop
      vertex 84.6199 33.8263 19.8
      vertex 86.3257 32.5174 19.8
      vertex 84.8787 34.1213 19.8
    endloop
  endfacet
  facet normal 0 0 1
    outer loop
      vertex 86.3257 32.5174 19.8
      vertex 84.6199 33.8263 19.8
      vertex 86.2639 32.425 19.8
    endloop
  endfacet
  facet normal -0 0 1
    outer loop
      vertex 84.4019 33.5 19.8
      vertex 86.2639 32.425 19.8
      vertex 84.6199 33.8263 19.8
    endloop
  endfacet
  facet normal 0 0 1
    outer loop
      vertex 86.15 32 19.8
      vertex 85.1737 29.6199 19.8
      vertex 85.5 29.4019 19.8
    endloop
  endfacet
  facet normal 0 0 1
    outer loop
      vertex 86.2639 32.425 19.8
      vertex 84.4019 33.5 19.8
      vertex 86.2147 32.3253 19.8
    endloop
  endfacet
  facet normal 0 0 1
    outer loop
      vertex 86.15 32 19.8
      vertex 84.8787 29.8787 19.8
      vertex 85.1737 29.6199 19.8
    endloop
  endfacet
  facet normal -0 0 1
    outer loop
      vertex 84.2284 33.148 19.8
      vertex 86.2147 32.3253 19.8
      vertex 84.4019 33.5 19.8
    endloop
  endfacet
  facet normal 0 0 1
    outer loop
      vertex 86.15 32 19.8
      vertex 84.6199 30.1737 19.8
      vertex 84.8787 29.8787 19.8
    endloop
  endfacet
  facet normal 0 0 1
    outer loop
      vertex 86.2147 32.3253 19.8
      vertex 84.2284 33.148 19.8
      vertex 86.179 32.22 19.8
    endloop
  endfacet
  facet normal 0 0 1
    outer loop
      vertex 86.15 32 19.8
      vertex 84.4019 30.5 19.8
      vertex 84.6199 30.1737 19.8
    endloop
  endfacet
  facet normal -0 0 1
    outer loop
      vertex 84.1022 32.7765 19.8
      vertex 86.179 32.22 19.8
      vertex 84.2284 33.148 19.8
    endloop
  endfacet
  facet normal 0 0 1
    outer loop
      vertex 86.15 32 19.8
      vertex 84.2284 30.8519 19.8
      vertex 84.4019 30.5 19.8
    endloop
  endfacet
  facet normal -0 0 1
    outer loop
      vertex 84.0257 32.3916 19.8
      vertex 86.179 32.22 19.8
      vertex 84.1022 32.7765 19.8
    endloop
  endfacet
  facet normal 0 0 1
    outer loop
      vertex 86.15 32 19.8
      vertex 84.1022 31.2235 19.8
      vertex 84.2284 30.8519 19.8
    endloop
  endfacet
  facet normal 0 0 1
    outer loop
      vertex 86.1573 32.1109 19.8
      vertex 84.0257 32.3916 19.8
      vertex 84 32 19.8
    endloop
  endfacet
  facet normal 0 0 1
    outer loop
      vertex 86.15 32 19.8
      vertex 84.0257 31.6084 19.8
      vertex 84.1022 31.2235 19.8
    endloop
  endfacet
  facet normal 0 0 1
    outer loop
      vertex 86.15 32 19.8
      vertex 84 32 19.8
      vertex 84.0257 31.6084 19.8
    endloop
  endfacet
  facet normal -0 0 1
    outer loop
      vertex 87.8427 32.1109 19.8
      vertex 89.5 32.1 19.8
      vertex 89.4795 32.4133 19.8
    endloop
  endfacet
  facet normal 0 0 1
    outer loop
      vertex 87.8427 32.1109 19.8
      vertex 89.4795 32.4133 19.8
      vertex 89.4182 32.7212 19.8
    endloop
  endfacet
  facet normal 0 0 1
    outer loop
      vertex 87.7853 31.6747 19.8
      vertex 89.5 32.1 19.8
      vertex 87.821 31.78 19.8
    endloop
  endfacet
  facet normal 0 0 1
    outer loop
      vertex 87.8427 32.1109 19.8
      vertex 89.4182 32.7212 19.8
      vertex 89.3173 33.0184 19.8
    endloop
  endfacet
  facet normal 0 0 1
    outer loop
      vertex 87.8427 32.1109 19.8
      vertex 89.3173 33.0184 19.8
      vertex 89.1785 33.3 19.8
    endloop
  endfacet
  facet normal 0 0 1
    outer loop
      vertex 89.5 32.1 19.8
      vertex 87.8427 31.8891 19.8
      vertex 87.821 31.78 19.8
    endloop
  endfacet
  facet normal 0 0 1
    outer loop
      vertex 87.8427 32.1109 19.8
      vertex 89.1785 33.3 19.8
      vertex 89.004 33.561 19.8
    endloop
  endfacet
  facet normal 0 0 1
    outer loop
      vertex 89.5 32.1 19.8
      vertex 87.7853 31.6747 19.8
      vertex 89.5 30.3532 19.8
    endloop
  endfacet
  facet normal 0 0 1
    outer loop
      vertex 87.8427 32.1109 19.8
      vertex 89.004 33.561 19.8
      vertex 88.7971 33.7971 19.8
    endloop
  endfacet
  facet normal 0 0 1
    outer loop
      vertex 87.8427 32.1109 19.8
      vertex 88.7971 33.7971 19.8
      vertex 88.561 34.004 19.8
    endloop
  endfacet
  facet normal 0 0 1
    outer loop
      vertex 89.5 32.1 19.8
      vertex 87.85 32 19.8
      vertex 87.8427 31.8891 19.8
    endloop
  endfacet
  facet normal 0 0 1
    outer loop
      vertex 87.8427 32.1109 19.8
      vertex 88.561 34.004 19.8
      vertex 88.3 34.1785 19.8
    endloop
  endfacet
  facet normal -0 0 1
    outer loop
      vertex 87.7361 31.575 19.8
      vertex 89.5 30.3532 19.8
      vertex 87.7853 31.6747 19.8
    endloop
  endfacet
  facet normal 0 0 1
    outer loop
      vertex 87.425 32.7361 19.8
      vertex 88.3 34.1785 19.8
      vertex 88.0184 34.3173 19.8
    endloop
  endfacet
  facet normal -0 0 1
    outer loop
      vertex 87.6743 31.4826 19.8
      vertex 89.5 30.3532 19.8
      vertex 87.7361 31.575 19.8
    endloop
  endfacet
  facet normal 0 0 1
    outer loop
      vertex 89.5 30.3532 19.8
      vertex 87.6743 31.4826 19.8
      vertex 89.3801 30.1737 19.8
    endloop
  endfacet
  facet normal 0 0 1
    outer loop
      vertex 89.3801 30.1737 19.8
      vertex 87.6743 31.4826 19.8
      vertex 89.1213 29.8787 19.8
    endloop
  endfacet
  facet normal -0 0 1
    outer loop
      vertex 87.601 31.399 19.8
      vertex 89.1213 29.8787 19.8
      vertex 87.6743 31.4826 19.8
    endloop
  endfacet
  facet normal 0 0 1
    outer loop
      vertex 89.1213 29.8787 19.8
      vertex 87.601 31.399 19.8
      vertex 88.8263 29.6199 19.8
    endloop
  endfacet
  facet normal -0 0 1
    outer loop
      vertex 87.5174 31.3256 19.8
      vertex 88.8263 29.6199 19.8
      vertex 87.601 31.399 19.8
    endloop
  endfacet
  facet normal 0 0 1
    outer loop
      vertex 88.8263 29.6199 19.8
      vertex 87.5174 31.3256 19.8
      vertex 88.5 29.4019 19.8
    endloop
  endfacet
  facet normal -0 0 1
    outer loop
      vertex 87.425 31.2639 19.8
      vertex 88.5 29.4019 19.8
      vertex 87.5174 31.3256 19.8
    endloop
  endfacet
  facet normal 0 0 1
    outer loop
      vertex 88.5 29.4019 19.8
      vertex 87.425 31.2639 19.8
      vertex 88.148 29.2284 19.8
    endloop
  endfacet
  facet normal -0 0 1
    outer loop
      vertex 87.3253 31.2147 19.8
      vertex 88.148 29.2284 19.8
      vertex 87.425 31.2639 19.8
    endloop
  endfacet
  facet normal 0 0 1
    outer loop
      vertex 88.148 29.2284 19.8
      vertex 87.3253 31.2147 19.8
      vertex 87.7765 29.1022 19.8
    endloop
  endfacet
  facet normal -0 0 1
    outer loop
      vertex 87.22 31.179 19.8
      vertex 87.7765 29.1022 19.8
      vertex 87.3253 31.2147 19.8
    endloop
  endfacet
  facet normal 0 0 1
    outer loop
      vertex 87.7765 29.1022 19.8
      vertex 87.22 31.179 19.8
      vertex 87.3916 29.0257 19.8
    endloop
  endfacet
  facet normal -0 0 1
    outer loop
      vertex 87.1109 31.1573 19.8
      vertex 87.3916 29.0257 19.8
      vertex 87.22 31.179 19.8
    endloop
  endfacet
  facet normal -0 0 1
    outer loop
      vertex 87 31.15 19.8
      vertex 87.3916 29.0257 19.8
      vertex 87.1109 31.1573 19.8
    endloop
  endfacet
  facet normal 0 0 1
    outer loop
      vertex 87 31.15 19.8
      vertex 87 29 19.8
      vertex 87.3916 29.0257 19.8
    endloop
  endfacet
  facet normal 0 0 1
    outer loop
      vertex 86.8891 31.1573 19.8
      vertex 87 29 19.8
      vertex 87 31.15 19.8
    endloop
  endfacet
  facet normal 0 0 1
    outer loop
      vertex 86.6084 29.0257 19.8
      vertex 86.8891 31.1573 19.8
      vertex 86.78 31.179 19.8
    endloop
  endfacet
  facet normal 0 0 1
    outer loop
      vertex 86.2235 29.1022 19.8
      vertex 86.78 31.179 19.8
      vertex 86.6747 31.2147 19.8
    endloop
  endfacet
  facet normal 0 0 1
    outer loop
      vertex 86.8891 31.1573 19.8
      vertex 86.6084 29.0257 19.8
      vertex 87 29 19.8
    endloop
  endfacet
  facet normal 0 0 1
    outer loop
      vertex 85.852 29.2284 19.8
      vertex 86.6747 31.2147 19.8
      vertex 86.575 31.2639 19.8
    endloop
  endfacet
  facet normal 0 0 1
    outer loop
      vertex 85.852 29.2284 19.8
      vertex 86.575 31.2639 19.8
      vertex 86.4826 31.3256 19.8
    endloop
  endfacet
  facet normal 0 0 1
    outer loop
      vertex 85.852 29.2284 19.8
      vertex 86.4826 31.3256 19.8
      vertex 86.399 31.399 19.8
    endloop
  endfacet
  facet normal 0 0 1
    outer loop
      vertex 85.852 29.2284 19.8
      vertex 86.399 31.399 19.8
      vertex 86.3257 31.4826 19.8
    endloop
  endfacet
  facet normal 0 0 1
    outer loop
      vertex 85.852 29.2284 19.8
      vertex 86.3257 31.4826 19.8
      vertex 86.2639 31.575 19.8
    endloop
  endfacet
  facet normal 0 0 1
    outer loop
      vertex 86.78 31.179 19.8
      vertex 86.2235 29.1022 19.8
      vertex 86.6084 29.0257 19.8
    endloop
  endfacet
  facet normal 0 0 1
    outer loop
      vertex 85.852 29.2284 19.8
      vertex 86.2639 31.575 19.8
      vertex 86.2147 31.6747 19.8
    endloop
  endfacet
  facet normal 0 0 1
    outer loop
      vertex 85.852 29.2284 19.8
      vertex 86.2147 31.6747 19.8
      vertex 86.179 31.78 19.8
    endloop
  endfacet
  facet normal 0 0 1
    outer loop
      vertex 85.852 29.2284 19.8
      vertex 86.179 31.78 19.8
      vertex 86.1573 31.8891 19.8
    endloop
  endfacet
  facet normal 0 0 1
    outer loop
      vertex 85.852 29.2284 19.8
      vertex 86.1573 31.8891 19.8
      vertex 86.15 32 19.8
    endloop
  endfacet
  facet normal 0 0 1
    outer loop
      vertex 86.6747 31.2147 19.8
      vertex 85.852 29.2284 19.8
      vertex 86.2235 29.1022 19.8
    endloop
  endfacet
  facet normal -0.980815 0.19494 0
    outer loop
      vertex 84.0257 32.3916 2
      vertex 84.1022 32.7765 19.8
      vertex 84.1022 32.7765 2
    endloop
  endfacet
  facet normal -0.980815 0.19494 0
    outer loop
      vertex 84.1022 32.7765 19.8
      vertex 84.0257 32.3916 2
      vertex 84.0257 32.3916 19.8
    endloop
  endfacet
  facet normal -0.896961 0.44211 0
    outer loop
      vertex 84.2284 33.148 2
      vertex 84.4019 33.5 19.8
      vertex 84.4019 33.5 2
    endloop
  endfacet
  facet normal -0.896961 0.44211 0
    outer loop
      vertex 84.4019 33.5 19.8
      vertex 84.2284 33.148 2
      vertex 84.2284 33.148 19.8
    endloop
  endfacet
  facet normal -0.659478 0.751724 0
    outer loop
      vertex 85.1737 34.3801 2
      vertex 84.8787 34.1213 19.8
      vertex 85.1737 34.3801 19.8
    endloop
  endfacet
  facet normal -0.659478 0.751724 0
    outer loop
      vertex 84.8787 34.1213 19.8
      vertex 85.1737 34.3801 2
      vertex 84.8787 34.1213 2
    endloop
  endfacet
  facet normal -0.555448 0.831551 0
    outer loop
      vertex 85.3532 34.5 2
      vertex 85.1737 34.3801 19.8
      vertex 85.3532 34.5 19.8
    endloop
  endfacet
  facet normal -0.555448 0.831551 0
    outer loop
      vertex 85.1737 34.3801 19.8
      vertex 85.3532 34.5 2
      vertex 85.1737 34.3801 2
    endloop
  endfacet
  facet normal 0.831551 -0.555448 0
    outer loop
      vertex 89.3801 30.1737 19.8
      vertex 89.5 30.3532 2
      vertex 89.5 30.3532 19.8
    endloop
  endfacet
  facet normal 0.831551 -0.555448 0
    outer loop
      vertex 89.5 30.3532 2
      vertex 89.3801 30.1737 19.8
      vertex 89.3801 30.1737 2
    endloop
  endfacet
  facet normal 0.321651 -0.946858 0
    outer loop
      vertex 87.7765 29.1022 2
      vertex 88.148 29.2284 19.8
      vertex 87.7765 29.1022 19.8
    endloop
  endfacet
  facet normal 0.321651 -0.946858 0
    outer loop
      vertex 88.148 29.2284 19.8
      vertex 87.7765 29.1022 2
      vertex 88.148 29.2284 2
    endloop
  endfacet
  facet normal 0.555523 -0.831501 0
    outer loop
      vertex 88.5 29.4019 2
      vertex 88.8263 29.6199 19.8
      vertex 88.5 29.4019 19.8
    endloop
  endfacet
  facet normal 0.555523 -0.831501 0
    outer loop
      vertex 88.8263 29.6199 19.8
      vertex 88.5 29.4019 2
      vertex 88.8263 29.6199 2
    endloop
  endfacet
  facet normal -0.44211 -0.896961 0
    outer loop
      vertex 85.5 29.4019 2
      vertex 85.852 29.2284 19.8
      vertex 85.5 29.4019 19.8
    endloop
  endfacet
  facet normal -0.44211 -0.896961 -0
    outer loop
      vertex 85.852 29.2284 19.8
      vertex 85.5 29.4019 2
      vertex 85.852 29.2284 2
    endloop
  endfacet
  facet normal -0.946885 -0.321574 0
    outer loop
      vertex 84.2284 30.8519 2
      vertex 84.1022 31.2235 19.8
      vertex 84.1022 31.2235 2
    endloop
  endfacet
  facet normal -0.946885 -0.321574 0
    outer loop
      vertex 84.1022 31.2235 19.8
      vertex 84.2284 30.8519 2
      vertex 84.2284 30.8519 19.8
    endloop
  endfacet
  facet normal -0.831501 -0.555523 0
    outer loop
      vertex 84.6199 30.1737 2
      vertex 84.4019 30.5 19.8
      vertex 84.4019 30.5 2
    endloop
  endfacet
  facet normal -0.831501 -0.555523 0
    outer loop
      vertex 84.4019 30.5 19.8
      vertex 84.6199 30.1737 2
      vertex 84.6199 30.1737 19.8
    endloop
  endfacet
  facet normal -0.997853 -0.0654873 0
    outer loop
      vertex 84.0257 31.6084 2
      vertex 84 32 19.8
      vertex 84 32 2
    endloop
  endfacet
  facet normal -0.997853 -0.0654873 0
    outer loop
      vertex 84 32 19.8
      vertex 84.0257 31.6084 2
      vertex 84.0257 31.6084 19.8
    endloop
  endfacet
  facet normal 0.44211 -0.896961 0
    outer loop
      vertex 88.148 29.2284 2
      vertex 88.5 29.4019 19.8
      vertex 88.148 29.2284 19.8
    endloop
  endfacet
  facet normal 0.44211 -0.896961 0
    outer loop
      vertex 88.5 29.4019 19.8
      vertex 88.148 29.2284 2
      vertex 88.5 29.4019 2
    endloop
  endfacet
  facet normal 0.659478 -0.751724 0
    outer loop
      vertex 88.8263 29.6199 2
      vertex 89.1213 29.8787 19.8
      vertex 88.8263 29.6199 19.8
    endloop
  endfacet
  facet normal 0.659478 -0.751724 0
    outer loop
      vertex 89.1213 29.8787 19.8
      vertex 88.8263 29.6199 2
      vertex 89.1213 29.8787 2
    endloop
  endfacet
  facet normal 0.0654873 -0.997853 0
    outer loop
      vertex 87 29 2
      vertex 87.3916 29.0257 19.8
      vertex 87 29 19.8
    endloop
  endfacet
  facet normal 0.0654873 -0.997853 0
    outer loop
      vertex 87.3916 29.0257 19.8
      vertex 87 29 2
      vertex 87.3916 29.0257 2
    endloop
  endfacet
  facet normal -0.321651 -0.946858 0
    outer loop
      vertex 85.852 29.2284 2
      vertex 86.2235 29.1022 19.8
      vertex 85.852 29.2284 19.8
    endloop
  endfacet
  facet normal -0.321651 -0.946858 -0
    outer loop
      vertex 86.2235 29.1022 19.8
      vertex 85.852 29.2284 2
      vertex 86.2235 29.1022 2
    endloop
  endfacet
  facet normal -0.896911 -0.442211 0
    outer loop
      vertex 84.4019 30.5 2
      vertex 84.2284 30.8519 19.8
      vertex 84.2284 30.8519 2
    endloop
  endfacet
  facet normal -0.896911 -0.442211 0
    outer loop
      vertex 84.2284 30.8519 19.8
      vertex 84.4019 30.5 2
      vertex 84.4019 30.5 19.8
    endloop
  endfacet
  facet normal -0.751724 -0.659478 0
    outer loop
      vertex 84.8787 29.8787 2
      vertex 84.6199 30.1737 19.8
      vertex 84.6199 30.1737 2
    endloop
  endfacet
  facet normal -0.751724 -0.659478 0
    outer loop
      vertex 84.6199 30.1737 19.8
      vertex 84.8787 29.8787 2
      vertex 84.8787 29.8787 19.8
    endloop
  endfacet
  facet normal -0.0654873 0.997853 0
    outer loop
      vertex 87 -29 2
      vertex 86.6084 -29.0257 19.8
      vertex 87 -29 19.8
    endloop
  endfacet
  facet normal -0.0654873 0.997853 0
    outer loop
      vertex 86.6084 -29.0257 19.8
      vertex 87 -29 2
      vertex 86.6084 -29.0257 2
    endloop
  endfacet
  facet normal 0.659478 0.751724 -0
    outer loop
      vertex 89.1213 -29.8787 2
      vertex 88.8263 -29.6199 19.8
      vertex 89.1213 -29.8787 19.8
    endloop
  endfacet
  facet normal 0.659478 0.751724 0
    outer loop
      vertex 88.8263 -29.6199 19.8
      vertex 89.1213 -29.8787 2
      vertex 88.8263 -29.6199 2
    endloop
  endfacet
  facet normal -0.751724 0.659478 0
    outer loop
      vertex 84.6199 -30.1737 2
      vertex 84.8787 -29.8787 19.8
      vertex 84.8787 -29.8787 2
    endloop
  endfacet
  facet normal -0.751724 0.659478 0
    outer loop
      vertex 84.8787 -29.8787 19.8
      vertex 84.6199 -30.1737 2
      vertex 84.6199 -30.1737 19.8
    endloop
  endfacet
  facet normal -0.44211 0.896961 0
    outer loop
      vertex 85.852 -29.2284 2
      vertex 85.5 -29.4019 19.8
      vertex 85.852 -29.2284 19.8
    endloop
  endfacet
  facet normal -0.44211 0.896961 0
    outer loop
      vertex 85.5 -29.4019 19.8
      vertex 85.852 -29.2284 2
      vertex 85.5 -29.4019 2
    endloop
  endfacet
  facet normal 0.321651 0.946858 -0
    outer loop
      vertex 88.148 -29.2284 2
      vertex 87.7765 -29.1022 19.8
      vertex 88.148 -29.2284 19.8
    endloop
  endfacet
  facet normal 0.321651 0.946858 0
    outer loop
      vertex 87.7765 -29.1022 19.8
      vertex 88.148 -29.2284 2
      vertex 87.7765 -29.1022 2
    endloop
  endfacet
  facet normal 0.19494 0.980815 -0
    outer loop
      vertex 87.7765 -29.1022 2
      vertex 87.3916 -29.0257 19.8
      vertex 87.7765 -29.1022 19.8
    endloop
  endfacet
  facet normal 0.19494 0.980815 0
    outer loop
      vertex 87.3916 -29.0257 19.8
      vertex 87.7765 -29.1022 2
      vertex 87.3916 -29.0257 2
    endloop
  endfacet
  facet normal 0.555523 0.831501 -0
    outer loop
      vertex 88.8263 -29.6199 2
      vertex 88.5 -29.4019 19.8
      vertex 88.8263 -29.6199 19.8
    endloop
  endfacet
  facet normal 0.555523 0.831501 0
    outer loop
      vertex 88.5 -29.4019 19.8
      vertex 88.8263 -29.6199 2
      vertex 88.5 -29.4019 2
    endloop
  endfacet
  facet normal -0.946885 0.321574 0
    outer loop
      vertex 84.1022 -31.2235 2
      vertex 84.2284 -30.8519 19.8
      vertex 84.2284 -30.8519 2
    endloop
  endfacet
  facet normal -0.946885 0.321574 0
    outer loop
      vertex 84.2284 -30.8519 19.8
      vertex 84.1022 -31.2235 2
      vertex 84.1022 -31.2235 19.8
    endloop
  endfacet
  facet normal -0.831501 0.555523 0
    outer loop
      vertex 84.4019 -30.5 2
      vertex 84.6199 -30.1737 19.8
      vertex 84.6199 -30.1737 2
    endloop
  endfacet
  facet normal -0.831501 0.555523 0
    outer loop
      vertex 84.6199 -30.1737 19.8
      vertex 84.4019 -30.5 2
      vertex 84.4019 -30.5 19.8
    endloop
  endfacet
  facet normal -0.980815 0.19494 0
    outer loop
      vertex 84.0257 -31.6084 2
      vertex 84.1022 -31.2235 19.8
      vertex 84.1022 -31.2235 2
    endloop
  endfacet
  facet normal -0.980815 0.19494 0
    outer loop
      vertex 84.1022 -31.2235 19.8
      vertex 84.0257 -31.6084 2
      vertex 84.0257 -31.6084 19.8
    endloop
  endfacet
  facet normal -0.19494 0.980815 0
    outer loop
      vertex 86.6084 -29.0257 2
      vertex 86.2235 -29.1022 19.8
      vertex 86.6084 -29.0257 19.8
    endloop
  endfacet
  facet normal -0.19494 0.980815 0
    outer loop
      vertex 86.2235 -29.1022 19.8
      vertex 86.6084 -29.0257 2
      vertex 86.2235 -29.1022 2
    endloop
  endfacet
  facet normal -0.831501 -0.555523 0
    outer loop
      vertex 84.6199 -33.8263 2
      vertex 84.4019 -33.5 19.8
      vertex 84.4019 -33.5 2
    endloop
  endfacet
  facet normal -0.831501 -0.555523 0
    outer loop
      vertex 84.4019 -33.5 19.8
      vertex 84.6199 -33.8263 2
      vertex 84.6199 -33.8263 19.8
    endloop
  endfacet
  facet normal 0.751724 0.659478 0
    outer loop
      vertex 89.3801 -30.1737 19.8
      vertex 89.1213 -29.8787 2
      vertex 89.1213 -29.8787 19.8
    endloop
  endfacet
  facet normal 0.751724 0.659478 0
    outer loop
      vertex 89.1213 -29.8787 2
      vertex 89.3801 -30.1737 19.8
      vertex 89.3801 -30.1737 2
    endloop
  endfacet
  facet normal 0.831551 0.555448 0
    outer loop
      vertex 89.5 -30.3532 19.8
      vertex 89.3801 -30.1737 2
      vertex 89.3801 -30.1737 19.8
    endloop
  endfacet
  facet normal 0.831551 0.555448 0
    outer loop
      vertex 89.3801 -30.1737 2
      vertex 89.5 -30.3532 19.8
      vertex 89.5 -30.3532 2
    endloop
  endfacet
  facet normal 0.0654873 0.997853 -0
    outer loop
      vertex 87.3916 -29.0257 2
      vertex 87 -29 19.8
      vertex 87.3916 -29.0257 19.8
    endloop
  endfacet
  facet normal 0.0654873 0.997853 0
    outer loop
      vertex 87 -29 19.8
      vertex 87.3916 -29.0257 2
      vertex 87 -29 2
    endloop
  endfacet
  facet normal 0.44211 0.896961 -0
    outer loop
      vertex 88.5 -29.4019 2
      vertex 88.148 -29.2284 19.8
      vertex 88.5 -29.4019 19.8
    endloop
  endfacet
  facet normal 0.44211 0.896961 0
    outer loop
      vertex 88.148 -29.2284 19.8
      vertex 88.5 -29.4019 2
      vertex 88.148 -29.2284 2
    endloop
  endfacet
  facet normal -0.896911 0.442211 0
    outer loop
      vertex 84.2284 -30.8519 2
      vertex 84.4019 -30.5 19.8
      vertex 84.4019 -30.5 2
    endloop
  endfacet
  facet normal -0.896911 0.442211 0
    outer loop
      vertex 84.4019 -30.5 19.8
      vertex 84.2284 -30.8519 2
      vertex 84.2284 -30.8519 19.8
    endloop
  endfacet
  facet normal -0.997853 0.0654873 0
    outer loop
      vertex 84 -32 2
      vertex 84.0257 -31.6084 19.8
      vertex 84.0257 -31.6084 2
    endloop
  endfacet
  facet normal -0.997853 0.0654873 0
    outer loop
      vertex 84.0257 -31.6084 19.8
      vertex 84 -32 2
      vertex 84 -32 19.8
    endloop
  endfacet
  facet normal -0 0 1
    outer loop
      vertex 87.7853 -31.6747 19.8
      vertex 89.5 -32.1 19.8
      vertex 89.5 -30.3532 19.8
    endloop
  endfacet
  facet normal -0 -0 1
    outer loop
      vertex 87.8427 -31.8891 19.8
      vertex 89.5 -32.1 19.8
      vertex 87.821 -31.78 19.8
    endloop
  endfacet
  facet normal 0 0 1
    outer loop
      vertex 87.6743 -31.4826 19.8
      vertex 89.5 -30.3532 19.8
      vertex 89.3801 -30.1737 19.8
    endloop
  endfacet
  facet normal -0 -0 1
    outer loop
      vertex 87.85 -32 19.8
      vertex 89.5 -32.1 19.8
      vertex 87.8427 -31.8891 19.8
    endloop
  endfacet
  facet normal 0 0 1
    outer loop
      vertex 89.5 -32.1 19.8
      vertex 87.8427 -32.1109 19.8
      vertex 89.4795 -32.4133 19.8
    endloop
  endfacet
  facet normal 0 0 1
    outer loop
      vertex 87.6743 -31.4826 19.8
      vertex 89.3801 -30.1737 19.8
      vertex 89.1213 -29.8787 19.8
    endloop
  endfacet
  facet normal -0 0 1
    outer loop
      vertex 87.821 -32.22 19.8
      vertex 89.4795 -32.4133 19.8
      vertex 87.8427 -32.1109 19.8
    endloop
  endfacet
  facet normal 0 0 1
    outer loop
      vertex 87.601 -31.399 19.8
      vertex 89.1213 -29.8787 19.8
      vertex 88.8263 -29.6199 19.8
    endloop
  endfacet
  facet normal 0 0 1
    outer loop
      vertex 89.4795 -32.4133 19.8
      vertex 87.821 -32.22 19.8
      vertex 89.4182 -32.7212 19.8
    endloop
  endfacet
  facet normal -0 0 1
    outer loop
      vertex 87.7853 -32.3253 19.8
      vertex 89.4182 -32.7212 19.8
      vertex 87.821 -32.22 19.8
    endloop
  endfacet
  facet normal 0 0 1
    outer loop
      vertex 87.5174 -31.3256 19.8
      vertex 88.8263 -29.6199 19.8
      vertex 88.5 -29.4019 19.8
    endloop
  endfacet
  facet normal -0 0 1
    outer loop
      vertex 87.7361 -32.425 19.8
      vertex 89.3173 -33.0184 19.8
      vertex 87.7853 -32.3253 19.8
    endloop
  endfacet
  facet normal 0 0 1
    outer loop
      vertex 87.425 -31.2639 19.8
      vertex 88.5 -29.4019 19.8
      vertex 88.148 -29.2284 19.8
    endloop
  endfacet
  facet normal 0 0 1
    outer loop
      vertex 89.3173 -33.0184 19.8
      vertex 87.7361 -32.425 19.8
      vertex 89.1785 -33.3 19.8
    endloop
  endfacet
  facet normal -0 0 1
    outer loop
      vertex 87.6743 -32.5174 19.8
      vertex 89.1785 -33.3 19.8
      vertex 87.7361 -32.425 19.8
    endloop
  endfacet
  facet normal 0 0 1
    outer loop
      vertex 89.4182 -32.7212 19.8
      vertex 87.7853 -32.3253 19.8
      vertex 89.3173 -33.0184 19.8
    endloop
  endfacet
  facet normal 0 0 1
    outer loop
      vertex 87.8427 -32.1109 19.8
      vertex 89.5 -32.1 19.8
      vertex 87.85 -32 19.8
    endloop
  endfacet
  facet normal 0 0 1
    outer loop
      vertex 89.5 -32.1 19.8
      vertex 87.7853 -31.6747 19.8
      vertex 87.821 -31.78 19.8
    endloop
  endfacet
  facet normal 0 0 1
    outer loop
      vertex 87.3253 -31.2147 19.8
      vertex 88.148 -29.2284 19.8
      vertex 87.7765 -29.1022 19.8
    endloop
  endfacet
  facet normal 0 0 1
    outer loop
      vertex 89.5 -30.3532 19.8
      vertex 87.7361 -31.575 19.8
      vertex 87.7853 -31.6747 19.8
    endloop
  endfacet
  facet normal 0 0 1
    outer loop
      vertex 89.5 -30.3532 19.8
      vertex 87.6743 -31.4826 19.8
      vertex 87.7361 -31.575 19.8
    endloop
  endfacet
  facet normal 0 0 1
    outer loop
      vertex 89.1213 -29.8787 19.8
      vertex 87.601 -31.399 19.8
      vertex 87.6743 -31.4826 19.8
    endloop
  endfacet
  facet normal 0 0 1
    outer loop
      vertex 88.8263 -29.6199 19.8
      vertex 87.5174 -31.3256 19.8
      vertex 87.601 -31.399 19.8
    endloop
  endfacet
  facet normal 0 0 1
    outer loop
      vertex 88.5 -29.4019 19.8
      vertex 87.425 -31.2639 19.8
      vertex 87.5174 -31.3256 19.8
    endloop
  endfacet
  facet normal 0 0 1
    outer loop
      vertex 87.22 -31.179 19.8
      vertex 87.7765 -29.1022 19.8
      vertex 87.3916 -29.0257 19.8
    endloop
  endfacet
  facet normal 0 0 1
    outer loop
      vertex 88.148 -29.2284 19.8
      vertex 87.3253 -31.2147 19.8
      vertex 87.425 -31.2639 19.8
    endloop
  endfacet
  facet normal 0 0 1
    outer loop
      vertex 87.7765 -29.1022 19.8
      vertex 87.22 -31.179 19.8
      vertex 87.3253 -31.2147 19.8
    endloop
  endfacet
  facet normal 0 0 1
    outer loop
      vertex 87.3916 -29.0257 19.8
      vertex 87.1109 -31.1573 19.8
      vertex 87.22 -31.179 19.8
    endloop
  endfacet
  facet normal 0 0 1
    outer loop
      vertex 87 -29 19.8
      vertex 87.1109 -31.1573 19.8
      vertex 87.3916 -29.0257 19.8
    endloop
  endfacet
  facet normal 0 0 1
    outer loop
      vertex 87 -29 19.8
      vertex 87 -31.15 19.8
      vertex 87.1109 -31.1573 19.8
    endloop
  endfacet
  facet normal 0 0 1
    outer loop
      vertex 87 -29 19.8
      vertex 86.8891 -31.1573 19.8
      vertex 87 -31.15 19.8
    endloop
  endfacet
  facet normal -0 0 1
    outer loop
      vertex 86.6084 -29.0257 19.8
      vertex 86.8891 -31.1573 19.8
      vertex 87 -29 19.8
    endloop
  endfacet
  facet normal 0 0 1
    outer loop
      vertex 86.8891 -31.1573 19.8
      vertex 86.6084 -29.0257 19.8
      vertex 86.78 -31.179 19.8
    endloop
  endfacet
  facet normal -0 0 1
    outer loop
      vertex 86.2235 -29.1022 19.8
      vertex 86.78 -31.179 19.8
      vertex 86.6084 -29.0257 19.8
    endloop
  endfacet
  facet normal 0 0 1
    outer loop
      vertex 86.78 -31.179 19.8
      vertex 86.2235 -29.1022 19.8
      vertex 86.6747 -31.2147 19.8
    endloop
  endfacet
  facet normal -0 0 1
    outer loop
      vertex 85.852 -29.2284 19.8
      vertex 86.6747 -31.2147 19.8
      vertex 86.2235 -29.1022 19.8
    endloop
  endfacet
  facet normal 0 0 1
    outer loop
      vertex 86.6747 -31.2147 19.8
      vertex 85.852 -29.2284 19.8
      vertex 86.575 -31.2639 19.8
    endloop
  endfacet
  facet normal -0 0 1
    outer loop
      vertex 85.5 -29.4019 19.8
      vertex 86.575 -31.2639 19.8
      vertex 85.852 -29.2284 19.8
    endloop
  endfacet
  facet normal 0 0 1
    outer loop
      vertex 86.575 -31.2639 19.8
      vertex 85.5 -29.4019 19.8
      vertex 86.4826 -31.3256 19.8
    endloop
  endfacet
  facet normal -0 0 1
    outer loop
      vertex 85.1737 -29.6199 19.8
      vertex 86.4826 -31.3256 19.8
      vertex 85.5 -29.4019 19.8
    endloop
  endfacet
  facet normal 0 0 1
    outer loop
      vertex 86.4826 -31.3256 19.8
      vertex 85.1737 -29.6199 19.8
      vertex 86.399 -31.399 19.8
    endloop
  endfacet
  facet normal -0 0 1
    outer loop
      vertex 84.8787 -29.8787 19.8
      vertex 86.399 -31.399 19.8
      vertex 85.1737 -29.6199 19.8
    endloop
  endfacet
  facet normal 0 0 1
    outer loop
      vertex 86.399 -31.399 19.8
      vertex 84.8787 -29.8787 19.8
      vertex 86.3257 -31.4826 19.8
    endloop
  endfacet
  facet normal -0 0 1
    outer loop
      vertex 84.6199 -30.1737 19.8
      vertex 86.3257 -31.4826 19.8
      vertex 84.8787 -29.8787 19.8
    endloop
  endfacet
  facet normal 0 0 1
    outer loop
      vertex 86.3257 -31.4826 19.8
      vertex 84.6199 -30.1737 19.8
      vertex 86.2639 -31.575 19.8
    endloop
  endfacet
  facet normal 0 0 1
    outer loop
      vertex 89.1785 -33.3 19.8
      vertex 87.6743 -32.5174 19.8
      vertex 89.004 -33.561 19.8
    endloop
  endfacet
  facet normal -0 0 1
    outer loop
      vertex 87.601 -32.601 19.8
      vertex 89.004 -33.561 19.8
      vertex 87.6743 -32.5174 19.8
    endloop
  endfacet
  facet normal 0 0 1
    outer loop
      vertex 89.004 -33.561 19.8
      vertex 87.601 -32.601 19.8
      vertex 88.7971 -33.7971 19.8
    endloop
  endfacet
  facet normal 0 0 1
    outer loop
      vertex 88.7971 -33.7971 19.8
      vertex 87.601 -32.601 19.8
      vertex 88.561 -34.004 19.8
    endloop
  endfacet
  facet normal -0 0 1
    outer loop
      vertex 87.5174 -32.6744 19.8
      vertex 88.561 -34.004 19.8
      vertex 87.601 -32.601 19.8
    endloop
  endfacet
  facet normal 0 0 1
    outer loop
      vertex 88.561 -34.004 19.8
      vertex 87.5174 -32.6744 19.8
      vertex 88.3 -34.1785 19.8
    endloop
  endfacet
  facet normal -0 0 1
    outer loop
      vertex 87.425 -32.7361 19.8
      vertex 88.3 -34.1785 19.8
      vertex 87.5174 -32.6744 19.8
    endloop
  endfacet
  facet normal 0 0 1
    outer loop
      vertex 88.3 -34.1785 19.8
      vertex 87.425 -32.7361 19.8
      vertex 88.0184 -34.3173 19.8
    endloop
  endfacet
  facet normal -0 0 1
    outer loop
      vertex 87.3253 -32.7853 19.8
      vertex 88.0184 -34.3173 19.8
      vertex 87.425 -32.7361 19.8
    endloop
  endfacet
  facet normal 0 0 1
    outer loop
      vertex 88.0184 -34.3173 19.8
      vertex 87.3253 -32.7853 19.8
      vertex 87.7212 -34.4182 19.8
    endloop
  endfacet
  facet normal -0 0 1
    outer loop
      vertex 87.22 -32.821 19.8
      vertex 87.7212 -34.4182 19.8
      vertex 87.3253 -32.7853 19.8
    endloop
  endfacet
  facet normal 0 0 1
    outer loop
      vertex 87.7212 -34.4182 19.8
      vertex 87.22 -32.821 19.8
      vertex 87.4133 -34.4795 19.8
    endloop
  endfacet
  facet normal -0 0 1
    outer loop
      vertex 87.1109 -32.8427 19.8
      vertex 87.4133 -34.4795 19.8
      vertex 87.22 -32.821 19.8
    endloop
  endfacet
  facet normal 0 0 1
    outer loop
      vertex 87.1109 -32.8427 19.8
      vertex 87.1 -34.5 19.8
      vertex 87.4133 -34.4795 19.8
    endloop
  endfacet
  facet normal -0 0 1
    outer loop
      vertex 87 -32.85 19.8
      vertex 87.1 -34.5 19.8
      vertex 87.1109 -32.8427 19.8
    endloop
  endfacet
  facet normal 0 0 1
    outer loop
      vertex 86.8891 -32.8427 19.8
      vertex 87.1 -34.5 19.8
      vertex 87 -32.85 19.8
    endloop
  endfacet
  facet normal 0 0 1
    outer loop
      vertex 86.78 -32.821 19.8
      vertex 87.1 -34.5 19.8
      vertex 86.8891 -32.8427 19.8
    endloop
  endfacet
  facet normal 0 0 1
    outer loop
      vertex 86.6747 -32.7853 19.8
      vertex 87.1 -34.5 19.8
      vertex 86.78 -32.821 19.8
    endloop
  endfacet
  facet normal 0 0 1
    outer loop
      vertex 85.3532 -34.5 19.8
      vertex 86.6747 -32.7853 19.8
      vertex 86.575 -32.7361 19.8
    endloop
  endfacet
  facet normal 0 0 1
    outer loop
      vertex 85.3532 -34.5 19.8
      vertex 86.575 -32.7361 19.8
      vertex 86.4826 -32.6744 19.8
    endloop
  endfacet
  facet normal 0 0 1
    outer loop
      vertex 85.1737 -34.3801 19.8
      vertex 86.4826 -32.6744 19.8
      vertex 86.399 -32.601 19.8
    endloop
  endfacet
  facet normal 0 0 1
    outer loop
      vertex 84.8787 -34.1213 19.8
      vertex 86.399 -32.601 19.8
      vertex 86.3257 -32.5174 19.8
    endloop
  endfacet
  facet normal 0 0 1
    outer loop
      vertex 84.6199 -33.8263 19.8
      vertex 86.3257 -32.5174 19.8
      vertex 86.2639 -32.425 19.8
    endloop
  endfacet
  facet normal 0 0 1
    outer loop
      vertex 84.4019 -33.5 19.8
      vertex 86.2639 -32.425 19.8
      vertex 86.2147 -32.3253 19.8
    endloop
  endfacet
  facet normal -0 0 1
    outer loop
      vertex 84.4019 -30.5 19.8
      vertex 86.2639 -31.575 19.8
      vertex 84.6199 -30.1737 19.8
    endloop
  endfacet
  facet normal 0 0 1
    outer loop
      vertex 86.2639 -31.575 19.8
      vertex 84.4019 -30.5 19.8
      vertex 86.2147 -31.6747 19.8
    endloop
  endfacet
  facet normal -0 0 1
    outer loop
      vertex 84.2284 -30.8519 19.8
      vertex 86.2147 -31.6747 19.8
      vertex 84.4019 -30.5 19.8
    endloop
  endfacet
  facet normal 0 0 1
    outer loop
      vertex 86.6747 -32.7853 19.8
      vertex 85.3532 -34.5 19.8
      vertex 87.1 -34.5 19.8
    endloop
  endfacet
  facet normal 0 0 1
    outer loop
      vertex 84.2284 -33.148 19.8
      vertex 86.2147 -32.3253 19.8
      vertex 86.179 -32.22 19.8
    endloop
  endfacet
  facet normal 0 0 1
    outer loop
      vertex 86.2147 -31.6747 19.8
      vertex 84.2284 -30.8519 19.8
      vertex 86.179 -31.78 19.8
    endloop
  endfacet
  facet normal -0 0 1
    outer loop
      vertex 84.1022 -31.2235 19.8
      vertex 86.179 -31.78 19.8
      vertex 84.2284 -30.8519 19.8
    endloop
  endfacet
  facet normal 0 0 1
    outer loop
      vertex 86.179 -31.78 19.8
      vertex 84.1022 -31.2235 19.8
      vertex 86.1573 -31.8891 19.8
    endloop
  endfacet
  facet normal 0 0 1
    outer loop
      vertex 86.399 -32.601 19.8
      vertex 84.8787 -34.1213 19.8
      vertex 85.1737 -34.3801 19.8
    endloop
  endfacet
  facet normal 0 0 1
    outer loop
      vertex 86.4826 -32.6744 19.8
      vertex 85.1737 -34.3801 19.8
      vertex 85.3532 -34.5 19.8
    endloop
  endfacet
  facet normal -0 0 1
    outer loop
      vertex 84.0257 -31.6084 19.8
      vertex 86.1573 -31.8891 19.8
      vertex 84.1022 -31.2235 19.8
    endloop
  endfacet
  facet normal 0 0 1
    outer loop
      vertex 86.3257 -32.5174 19.8
      vertex 84.6199 -33.8263 19.8
      vertex 84.8787 -34.1213 19.8
    endloop
  endfacet
  facet normal 0 0 1
    outer loop
      vertex 86.1573 -31.8891 19.8
      vertex 84.0257 -31.6084 19.8
      vertex 86.15 -32 19.8
    endloop
  endfacet
  facet normal 0 0 1
    outer loop
      vertex 86.2639 -32.425 19.8
      vertex 84.4019 -33.5 19.8
      vertex 84.6199 -33.8263 19.8
    endloop
  endfacet
  facet normal 0 0 1
    outer loop
      vertex 84 -32 19.8
      vertex 86.15 -32 19.8
      vertex 84.0257 -31.6084 19.8
    endloop
  endfacet
  facet normal 0 0 1
    outer loop
      vertex 86.2147 -32.3253 19.8
      vertex 84.2284 -33.148 19.8
      vertex 84.4019 -33.5 19.8
    endloop
  endfacet
  facet normal 0 0 1
    outer loop
      vertex 86.15 -32 19.8
      vertex 84 -32 19.8
      vertex 86.1573 -32.1109 19.8
    endloop
  endfacet
  facet normal 0 0 1
    outer loop
      vertex 86.179 -32.22 19.8
      vertex 84.1022 -32.7765 19.8
      vertex 84.2284 -33.148 19.8
    endloop
  endfacet
  facet normal 0 -0 1
    outer loop
      vertex 84.0257 -32.3916 19.8
      vertex 86.1573 -32.1109 19.8
      vertex 84 -32 19.8
    endloop
  endfacet
  facet normal 0 0 1
    outer loop
      vertex 86.179 -32.22 19.8
      vertex 84.0257 -32.3916 19.8
      vertex 84.1022 -32.7765 19.8
    endloop
  endfacet
  facet normal 0 0 1
    outer loop
      vertex 86.1573 -32.1109 19.8
      vertex 84.0257 -32.3916 19.8
      vertex 86.179 -32.22 19.8
    endloop
  endfacet
  facet normal -0.555523 0.831501 0
    outer loop
      vertex 85.5 -29.4019 2
      vertex 85.1737 -29.6199 19.8
      vertex 85.5 -29.4019 19.8
    endloop
  endfacet
  facet normal -0.555523 0.831501 0
    outer loop
      vertex 85.1737 -29.6199 19.8
      vertex 85.5 -29.4019 2
      vertex 85.1737 -29.6199 2
    endloop
  endfacet
  facet normal -0.659478 0.751724 0
    outer loop
      vertex 85.1737 -29.6199 2
      vertex 84.8787 -29.8787 19.8
      vertex 85.1737 -29.6199 19.8
    endloop
  endfacet
  facet normal -0.659478 0.751724 0
    outer loop
      vertex 84.8787 -29.8787 19.8
      vertex 85.1737 -29.6199 2
      vertex 84.8787 -29.8787 2
    endloop
  endfacet
  facet normal -0.321651 0.946858 0
    outer loop
      vertex 86.2235 -29.1022 2
      vertex 85.852 -29.2284 19.8
      vertex 86.2235 -29.1022 19.8
    endloop
  endfacet
  facet normal -0.321651 0.946858 0
    outer loop
      vertex 85.852 -29.2284 19.8
      vertex 86.2235 -29.1022 2
      vertex 85.852 -29.2284 2
    endloop
  endfacet
  facet normal -0.980815 -0.19494 0
    outer loop
      vertex 84.1022 -32.7765 2
      vertex 84.0257 -32.3916 19.8
      vertex 84.0257 -32.3916 2
    endloop
  endfacet
  facet normal -0.980815 -0.19494 0
    outer loop
      vertex 84.0257 -32.3916 19.8
      vertex 84.1022 -32.7765 2
      vertex 84.1022 -32.7765 19.8
    endloop
  endfacet
  facet normal -0.997853 -0.0654873 0
    outer loop
      vertex 84.0257 -32.3916 2
      vertex 84 -32 19.8
      vertex 84 -32 2
    endloop
  endfacet
  facet normal -0.997853 -0.0654873 0
    outer loop
      vertex 84 -32 19.8
      vertex 84.0257 -32.3916 2
      vertex 84.0257 -32.3916 19.8
    endloop
  endfacet
  facet normal -0.659478 -0.751724 0
    outer loop
      vertex 84.8787 -34.1213 2
      vertex 85.1737 -34.3801 19.8
      vertex 84.8787 -34.1213 19.8
    endloop
  endfacet
  facet normal -0.659478 -0.751724 -0
    outer loop
      vertex 85.1737 -34.3801 19.8
      vertex 84.8787 -34.1213 2
      vertex 85.1737 -34.3801 2
    endloop
  endfacet
  facet normal -0.946858 -0.321651 0
    outer loop
      vertex 84.2284 -33.148 2
      vertex 84.1022 -32.7765 19.8
      vertex 84.1022 -32.7765 2
    endloop
  endfacet
  facet normal -0.946858 -0.321651 0
    outer loop
      vertex 84.1022 -32.7765 19.8
      vertex 84.2284 -33.148 2
      vertex 84.2284 -33.148 19.8
    endloop
  endfacet
  facet normal -0.896961 -0.44211 0
    outer loop
      vertex 84.4019 -33.5 2
      vertex 84.2284 -33.148 19.8
      vertex 84.2284 -33.148 2
    endloop
  endfacet
  facet normal -0.896961 -0.44211 0
    outer loop
      vertex 84.2284 -33.148 19.8
      vertex 84.4019 -33.5 2
      vertex 84.4019 -33.5 19.8
    endloop
  endfacet
  facet normal -0.751724 -0.659478 0
    outer loop
      vertex 84.8787 -34.1213 2
      vertex 84.6199 -33.8263 19.8
      vertex 84.6199 -33.8263 2
    endloop
  endfacet
  facet normal -0.751724 -0.659478 0
    outer loop
      vertex 84.6199 -33.8263 19.8
      vertex 84.8787 -34.1213 2
      vertex 84.8787 -34.1213 19.8
    endloop
  endfacet
  facet normal -0.555448 -0.831551 0
    outer loop
      vertex 85.1737 -34.3801 2
      vertex 85.3532 -34.5 19.8
      vertex 85.1737 -34.3801 19.8
    endloop
  endfacet
  facet normal -0.555448 -0.831551 -0
    outer loop
      vertex 85.3532 -34.5 19.8
      vertex 85.1737 -34.3801 2
      vertex 85.3532 -34.5 2
    endloop
  endfacet
  facet normal -1 0 0
    outer loop
      vertex 33 -21 2
      vertex 33 21 12
      vertex 33 21 2
    endloop
  endfacet
  facet normal -1 -0 0
    outer loop
      vertex 33 21 12
      vertex 33 -21 2
      vertex 33 -21 12
    endloop
  endfacet
  facet normal 0 0 1
    outer loop
      vertex 89.5 21 12
      vertex 36 18 12
      vertex 89.5 18 12
    endloop
  endfacet
  facet normal 0 0 1
    outer loop
      vertex 36 18 12
      vertex 33 21 12
      vertex 36 -18 12
    endloop
  endfacet
  facet normal -0 0 1
    outer loop
      vertex 33 21 12
      vertex 36 18 12
      vertex 89.5 21 12
    endloop
  endfacet
  facet normal -0 0 1
    outer loop
      vertex 36 -18 12
      vertex 89.5 -21 12
      vertex 89.5 -18 12
    endloop
  endfacet
  facet normal 0 0 1
    outer loop
      vertex 36 -18 12
      vertex 33 -21 12
      vertex 89.5 -21 12
    endloop
  endfacet
  facet normal 0 0 1
    outer loop
      vertex 33 -21 12
      vertex 36 -18 12
      vertex 33 21 12
    endloop
  endfacet
  facet normal 0 1 -0
    outer loop
      vertex 89.5 -18 2
      vertex 36 -18 12
      vertex 89.5 -18 12
    endloop
  endfacet
  facet normal 0 1 0
    outer loop
      vertex 36 -18 12
      vertex 89.5 -18 2
      vertex 36 -18 2
    endloop
  endfacet
  facet normal 0 -1 0
    outer loop
      vertex 33 -21 2
      vertex 89.5 -21 12
      vertex 33 -21 12
    endloop
  endfacet
  facet normal 0 -1 -0
    outer loop
      vertex 89.5 -21 12
      vertex 33 -21 2
      vertex 89.5 -21 2
    endloop
  endfacet
  facet normal 0 -1 0
    outer loop
      vertex 36 18 2
      vertex 89.5 18 12
      vertex 36 18 12
    endloop
  endfacet
  facet normal 0 -1 -0
    outer loop
      vertex 89.5 18 12
      vertex 36 18 2
      vertex 89.5 18 2
    endloop
  endfacet
  facet normal 0 1 -0
    outer loop
      vertex 89.5 21 2
      vertex 33 21 12
      vertex 89.5 21 12
    endloop
  endfacet
  facet normal 0 1 0
    outer loop
      vertex 33 21 12
      vertex 89.5 21 2
      vertex 33 21 2
    endloop
  endfacet
  facet normal 0.997864 0.0653198 0
    outer loop
      vertex -79.8 27 4
      vertex -79.8188 27.2872 2
      vertex -79.8188 27.2872 4
    endloop
  endfacet
  facet normal 0.997864 0.0653198 0
    outer loop
      vertex -79.8188 27.2872 2
      vertex -79.8 27 4
      vertex -79.8 27 2
    endloop
  endfacet
  facet normal -0.0653198 0.997864 0
    outer loop
      vertex -82 29.2 2
      vertex -82.2872 29.1812 4
      vertex -82 29.2 4
    endloop
  endfacet
  facet normal -0.0653198 0.997864 0
    outer loop
      vertex -82.2872 29.1812 4
      vertex -82 29.2 2
      vertex -82.2872 29.1812 2
    endloop
  endfacet
  facet normal 0.0653198 -0.997864 0
    outer loop
      vertex -82 24.8 2
      vertex -81.7128 24.8188 4
      vertex -82 24.8 4
    endloop
  endfacet
  facet normal 0.0653198 -0.997864 0
    outer loop
      vertex -81.7128 24.8188 4
      vertex -82 24.8 2
      vertex -81.7128 24.8188 2
    endloop
  endfacet
  facet normal 0.659562 0.75165 -0
    outer loop
      vertex -80.4444 28.5556 2
      vertex -80.6607 28.7454 4
      vertex -80.4444 28.5556 4
    endloop
  endfacet
  facet normal 0.659562 0.75165 0
    outer loop
      vertex -80.6607 28.7454 4
      vertex -80.4444 28.5556 2
      vertex -80.6607 28.7454 2
    endloop
  endfacet
  facet normal -0.75165 0.659562 0
    outer loop
      vertex -83.7454 28.3393 2
      vertex -83.5556 28.5556 4
      vertex -83.5556 28.5556 2
    endloop
  endfacet
  facet normal -0.75165 0.659562 0
    outer loop
      vertex -83.5556 28.5556 4
      vertex -83.7454 28.3393 2
      vertex -83.7454 28.3393 4
    endloop
  endfacet
  facet normal -0.442063 0.896984 0
    outer loop
      vertex -82.8419 29.0325 2
      vertex -83.1 28.9053 4
      vertex -82.8419 29.0325 4
    endloop
  endfacet
  facet normal -0.442063 0.896984 0
    outer loop
      vertex -83.1 28.9053 4
      vertex -82.8419 29.0325 2
      vertex -83.1 28.9053 2
    endloop
  endfacet
  facet normal 0.946931 -0.321435 0
    outer loop
      vertex -79.9675 26.1581 4
      vertex -79.875 26.4306 2
      vertex -79.875 26.4306 4
    endloop
  endfacet
  facet normal 0.946931 -0.321435 0
    outer loop
      vertex -79.875 26.4306 2
      vertex -79.9675 26.1581 4
      vertex -79.9675 26.1581 2
    endloop
  endfacet
  facet normal 0.896984 0.442063 0
    outer loop
      vertex -79.9675 27.8419 4
      vertex -80.0947 28.1 2
      vertex -80.0947 28.1 4
    endloop
  endfacet
  facet normal 0.896984 0.442063 0
    outer loop
      vertex -80.0947 28.1 2
      vertex -79.9675 27.8419 4
      vertex -79.9675 27.8419 2
    endloop
  endfacet
  facet normal 0.980741 0.195314 0
    outer loop
      vertex -79.8188 27.2872 4
      vertex -79.875 27.5694 2
      vertex -79.875 27.5694 4
    endloop
  endfacet
  facet normal 0.980741 0.195314 0
    outer loop
      vertex -79.875 27.5694 2
      vertex -79.8188 27.2872 4
      vertex -79.8188 27.2872 2
    endloop
  endfacet
  facet normal 0.321435 0.946931 -0
    outer loop
      vertex -81.1581 29.0325 2
      vertex -81.4306 29.125 4
      vertex -81.1581 29.0325 4
    endloop
  endfacet
  facet normal 0.321435 0.946931 0
    outer loop
      vertex -81.4306 29.125 4
      vertex -81.1581 29.0325 2
      vertex -81.4306 29.125 2
    endloop
  endfacet
  facet normal 0.555582 0.831462 -0
    outer loop
      vertex -80.6607 28.7454 2
      vertex -80.9 28.9053 4
      vertex -80.6607 28.7454 4
    endloop
  endfacet
  facet normal 0.555582 0.831462 0
    outer loop
      vertex -80.9 28.9053 4
      vertex -80.6607 28.7454 2
      vertex -80.9 28.9053 2
    endloop
  endfacet
  facet normal -0.946931 0.321435 0
    outer loop
      vertex -84.125 27.5694 2
      vertex -84.0325 27.8419 4
      vertex -84.0325 27.8419 2
    endloop
  endfacet
  facet normal -0.946931 0.321435 0
    outer loop
      vertex -84.0325 27.8419 4
      vertex -84.125 27.5694 2
      vertex -84.125 27.5694 4
    endloop
  endfacet
  facet normal -0.831462 0.555582 0
    outer loop
      vertex -83.9053 28.1 2
      vertex -83.7454 28.3393 4
      vertex -83.7454 28.3393 2
    endloop
  endfacet
  facet normal -0.831462 0.555582 0
    outer loop
      vertex -83.7454 28.3393 4
      vertex -83.9053 28.1 2
      vertex -83.9053 28.1 4
    endloop
  endfacet
  facet normal 0 0 1
    outer loop
      vertex -81.15 27 4
      vertex -79.8 27 4
      vertex -79.8188 27.2872 4
    endloop
  endfacet
  facet normal 0 0 1
    outer loop
      vertex -81.1573 27.1109 4
      vertex -79.8188 27.2872 4
      vertex -79.875 27.5694 4
    endloop
  endfacet
  facet normal 0 0 1
    outer loop
      vertex -79.8 27 4
      vertex -81.15 27 4
      vertex -79.8188 26.7128 4
    endloop
  endfacet
  facet normal 0 0 1
    outer loop
      vertex -81.179 27.22 4
      vertex -79.875 27.5694 4
      vertex -79.9675 27.8419 4
    endloop
  endfacet
  facet normal -0 0 1
    outer loop
      vertex -81.1573 26.8891 4
      vertex -79.8188 26.7128 4
      vertex -81.15 27 4
    endloop
  endfacet
  facet normal 0 0 1
    outer loop
      vertex -81.2147 27.3253 4
      vertex -79.9675 27.8419 4
      vertex -80.0947 28.1 4
    endloop
  endfacet
  facet normal 0 0 1
    outer loop
      vertex -79.8188 26.7128 4
      vertex -81.1573 26.8891 4
      vertex -79.875 26.4306 4
    endloop
  endfacet
  facet normal 0 0 1
    outer loop
      vertex -81.2639 27.425 4
      vertex -80.0947 28.1 4
      vertex -80.2546 28.3393 4
    endloop
  endfacet
  facet normal -0 0 1
    outer loop
      vertex -81.179 26.78 4
      vertex -79.875 26.4306 4
      vertex -81.1573 26.8891 4
    endloop
  endfacet
  facet normal 0 0 1
    outer loop
      vertex -81.3257 27.5174 4
      vertex -80.2546 28.3393 4
      vertex -80.4444 28.5556 4
    endloop
  endfacet
  facet normal 0 0 1
    outer loop
      vertex -79.875 26.4306 4
      vertex -81.179 26.78 4
      vertex -79.9675 26.1581 4
    endloop
  endfacet
  facet normal 0 0 1
    outer loop
      vertex -81.399 27.601 4
      vertex -80.4444 28.5556 4
      vertex -80.6607 28.7454 4
    endloop
  endfacet
  facet normal -0 0 1
    outer loop
      vertex -81.2147 26.6747 4
      vertex -79.9675 26.1581 4
      vertex -81.179 26.78 4
    endloop
  endfacet
  facet normal 0 0 1
    outer loop
      vertex -81.4826 27.6744 4
      vertex -80.6607 28.7454 4
      vertex -80.9 28.9053 4
    endloop
  endfacet
  facet normal 0 0 1
    outer loop
      vertex -79.9675 26.1581 4
      vertex -81.2147 26.6747 4
      vertex -80.0947 25.9 4
    endloop
  endfacet
  facet normal -0 0 1
    outer loop
      vertex -81.2639 26.575 4
      vertex -80.0947 25.9 4
      vertex -81.2147 26.6747 4
    endloop
  endfacet
  facet normal 0 0 1
    outer loop
      vertex -79.8188 27.2872 4
      vertex -81.1573 27.1109 4
      vertex -81.15 27 4
    endloop
  endfacet
  facet normal 0 0 1
    outer loop
      vertex -81.575 27.7361 4
      vertex -80.9 28.9053 4
      vertex -81.1581 29.0325 4
    endloop
  endfacet
  facet normal 0 0 1
    outer loop
      vertex -79.875 27.5694 4
      vertex -81.179 27.22 4
      vertex -81.1573 27.1109 4
    endloop
  endfacet
  facet normal 0 0 1
    outer loop
      vertex -79.9675 27.8419 4
      vertex -81.2147 27.3253 4
      vertex -81.179 27.22 4
    endloop
  endfacet
  facet normal 0 0 1
    outer loop
      vertex -80.0947 28.1 4
      vertex -81.2639 27.425 4
      vertex -81.2147 27.3253 4
    endloop
  endfacet
  facet normal 0 0 1
    outer loop
      vertex -80.2546 28.3393 4
      vertex -81.3257 27.5174 4
      vertex -81.2639 27.425 4
    endloop
  endfacet
  facet normal 0 0 1
    outer loop
      vertex -80.4444 28.5556 4
      vertex -81.399 27.601 4
      vertex -81.3257 27.5174 4
    endloop
  endfacet
  facet normal 0 0 1
    outer loop
      vertex -81.6747 27.7853 4
      vertex -81.1581 29.0325 4
      vertex -81.4306 29.125 4
    endloop
  endfacet
  facet normal 0 0 1
    outer loop
      vertex -80.6607 28.7454 4
      vertex -81.4826 27.6744 4
      vertex -81.399 27.601 4
    endloop
  endfacet
  facet normal 0 0 1
    outer loop
      vertex -80.9 28.9053 4
      vertex -81.575 27.7361 4
      vertex -81.4826 27.6744 4
    endloop
  endfacet
  facet normal 0 0 1
    outer loop
      vertex -81.1581 29.0325 4
      vertex -81.6747 27.7853 4
      vertex -81.575 27.7361 4
    endloop
  endfacet
  facet normal 0 0 1
    outer loop
      vertex -81.78 27.821 4
      vertex -81.4306 29.125 4
      vertex -81.7128 29.1812 4
    endloop
  endfacet
  facet normal 0 0 1
    outer loop
      vertex -81.4306 29.125 4
      vertex -81.78 27.821 4
      vertex -81.6747 27.7853 4
    endloop
  endfacet
  facet normal 0 0 1
    outer loop
      vertex -81.7128 29.1812 4
      vertex -81.8891 27.8427 4
      vertex -81.78 27.821 4
    endloop
  endfacet
  facet normal 0 0 1
    outer loop
      vertex -82 29.2 4
      vertex -81.8891 27.8427 4
      vertex -81.7128 29.1812 4
    endloop
  endfacet
  facet normal 0 0 1
    outer loop
      vertex -82 29.2 4
      vertex -82 27.85 4
      vertex -81.8891 27.8427 4
    endloop
  endfacet
  facet normal 0 0 1
    outer loop
      vertex -82 29.2 4
      vertex -82.1109 27.8427 4
      vertex -82 27.85 4
    endloop
  endfacet
  facet normal -0 0 1
    outer loop
      vertex -82.2872 29.1812 4
      vertex -82.1109 27.8427 4
      vertex -82 29.2 4
    endloop
  endfacet
  facet normal 0 0 1
    outer loop
      vertex -82.1109 27.8427 4
      vertex -82.2872 29.1812 4
      vertex -82.22 27.821 4
    endloop
  endfacet
  facet normal -0 0 1
    outer loop
      vertex -82.5694 29.125 4
      vertex -82.22 27.821 4
      vertex -82.2872 29.1812 4
    endloop
  endfacet
  facet normal 0 0 1
    outer loop
      vertex -82.22 27.821 4
      vertex -82.5694 29.125 4
      vertex -82.3253 27.7853 4
    endloop
  endfacet
  facet normal -0 0 1
    outer loop
      vertex -82.8419 29.0325 4
      vertex -82.3253 27.7853 4
      vertex -82.5694 29.125 4
    endloop
  endfacet
  facet normal 0 0 1
    outer loop
      vertex -82.3253 27.7853 4
      vertex -82.8419 29.0325 4
      vertex -82.425 27.7361 4
    endloop
  endfacet
  facet normal -0 0 1
    outer loop
      vertex -83.1 28.9053 4
      vertex -82.425 27.7361 4
      vertex -82.8419 29.0325 4
    endloop
  endfacet
  facet normal 0 0 1
    outer loop
      vertex -82.425 27.7361 4
      vertex -83.1 28.9053 4
      vertex -82.5174 27.6744 4
    endloop
  endfacet
  facet normal -0 0 1
    outer loop
      vertex -83.3393 28.7454 4
      vertex -82.5174 27.6744 4
      vertex -83.1 28.9053 4
    endloop
  endfacet
  facet normal 0 0 1
    outer loop
      vertex -82.5174 27.6744 4
      vertex -83.3393 28.7454 4
      vertex -82.601 27.601 4
    endloop
  endfacet
  facet normal -0 0 1
    outer loop
      vertex -83.5556 28.5556 4
      vertex -82.601 27.601 4
      vertex -83.3393 28.7454 4
    endloop
  endfacet
  facet normal 0 0 1
    outer loop
      vertex -82.601 27.601 4
      vertex -83.5556 28.5556 4
      vertex -82.6743 27.5174 4
    endloop
  endfacet
  facet normal -0 0 1
    outer loop
      vertex -83.7454 28.3393 4
      vertex -82.6743 27.5174 4
      vertex -83.5556 28.5556 4
    endloop
  endfacet
  facet normal 0 0 1
    outer loop
      vertex -82.6743 27.5174 4
      vertex -83.7454 28.3393 4
      vertex -82.7361 27.425 4
    endloop
  endfacet
  facet normal -0 0 1
    outer loop
      vertex -83.9053 28.1 4
      vertex -82.7361 27.425 4
      vertex -83.7454 28.3393 4
    endloop
  endfacet
  facet normal 0 0 1
    outer loop
      vertex -80.0947 25.9 4
      vertex -81.2639 26.575 4
      vertex -80.2546 25.6607 4
    endloop
  endfacet
  facet normal -0 0 1
    outer loop
      vertex -81.3257 26.4826 4
      vertex -80.2546 25.6607 4
      vertex -81.2639 26.575 4
    endloop
  endfacet
  facet normal 0 0 1
    outer loop
      vertex -80.2546 25.6607 4
      vertex -81.3257 26.4826 4
      vertex -80.4444 25.4444 4
    endloop
  endfacet
  facet normal -0 0 1
    outer loop
      vertex -81.399 26.399 4
      vertex -80.4444 25.4444 4
      vertex -81.3257 26.4826 4
    endloop
  endfacet
  facet normal 0 0 1
    outer loop
      vertex -80.4444 25.4444 4
      vertex -81.399 26.399 4
      vertex -80.6607 25.2546 4
    endloop
  endfacet
  facet normal -0 0 1
    outer loop
      vertex -81.4826 26.3256 4
      vertex -80.6607 25.2546 4
      vertex -81.399 26.399 4
    endloop
  endfacet
  facet normal 0 0 1
    outer loop
      vertex -80.6607 25.2546 4
      vertex -81.4826 26.3256 4
      vertex -80.9 25.0947 4
    endloop
  endfacet
  facet normal -0 0 1
    outer loop
      vertex -81.575 26.2639 4
      vertex -80.9 25.0947 4
      vertex -81.4826 26.3256 4
    endloop
  endfacet
  facet normal 0 0 1
    outer loop
      vertex -80.9 25.0947 4
      vertex -81.575 26.2639 4
      vertex -81.1581 24.9675 4
    endloop
  endfacet
  facet normal -0 0 1
    outer loop
      vertex -81.6747 26.2147 4
      vertex -81.1581 24.9675 4
      vertex -81.575 26.2639 4
    endloop
  endfacet
  facet normal 0 0 1
    outer loop
      vertex -81.1581 24.9675 4
      vertex -81.6747 26.2147 4
      vertex -81.4306 24.875 4
    endloop
  endfacet
  facet normal -0 0 1
    outer loop
      vertex -81.78 26.179 4
      vertex -81.4306 24.875 4
      vertex -81.6747 26.2147 4
    endloop
  endfacet
  facet normal 0 0 1
    outer loop
      vertex -81.4306 24.875 4
      vertex -81.78 26.179 4
      vertex -81.7128 24.8188 4
    endloop
  endfacet
  facet normal -0 0 1
    outer loop
      vertex -81.8891 26.1573 4
      vertex -81.7128 24.8188 4
      vertex -81.78 26.179 4
    endloop
  endfacet
  facet normal -0 0 1
    outer loop
      vertex -82 26.15 4
      vertex -81.7128 24.8188 4
      vertex -81.8891 26.1573 4
    endloop
  endfacet
  facet normal 0 0 1
    outer loop
      vertex -82 26.15 4
      vertex -82 24.8 4
      vertex -81.7128 24.8188 4
    endloop
  endfacet
  facet normal 0 0 1
    outer loop
      vertex -82.1109 26.1573 4
      vertex -82 24.8 4
      vertex -82 26.15 4
    endloop
  endfacet
  facet normal 0 0 1
    outer loop
      vertex -82.2872 24.8188 4
      vertex -82.1109 26.1573 4
      vertex -82.22 26.179 4
    endloop
  endfacet
  facet normal 0 0 1
    outer loop
      vertex -82.1109 26.1573 4
      vertex -82.2872 24.8188 4
      vertex -82 24.8 4
    endloop
  endfacet
  facet normal 0 0 1
    outer loop
      vertex -82.5694 24.875 4
      vertex -82.22 26.179 4
      vertex -82.3253 26.2147 4
    endloop
  endfacet
  facet normal 0 0 1
    outer loop
      vertex -82.8419 24.9675 4
      vertex -82.3253 26.2147 4
      vertex -82.425 26.2639 4
    endloop
  endfacet
  facet normal 0 0 1
    outer loop
      vertex -83.1 25.0947 4
      vertex -82.425 26.2639 4
      vertex -82.5174 26.3256 4
    endloop
  endfacet
  facet normal 0 0 1
    outer loop
      vertex -82.22 26.179 4
      vertex -82.5694 24.875 4
      vertex -82.2872 24.8188 4
    endloop
  endfacet
  facet normal 0 0 1
    outer loop
      vertex -83.3393 25.2546 4
      vertex -82.5174 26.3256 4
      vertex -82.601 26.399 4
    endloop
  endfacet
  facet normal 0 0 1
    outer loop
      vertex -83.5556 25.4444 4
      vertex -82.601 26.399 4
      vertex -82.6743 26.4826 4
    endloop
  endfacet
  facet normal 0 0 1
    outer loop
      vertex -83.7454 25.6607 4
      vertex -82.6743 26.4826 4
      vertex -82.7361 26.575 4
    endloop
  endfacet
  facet normal 0 0 1
    outer loop
      vertex -83.9053 25.9 4
      vertex -82.7361 26.575 4
      vertex -82.7853 26.6747 4
    endloop
  endfacet
  facet normal 0 0 1
    outer loop
      vertex -84.0325 26.1581 4
      vertex -82.7853 26.6747 4
      vertex -82.821 26.78 4
    endloop
  endfacet
  facet normal 0 0 1
    outer loop
      vertex -82.3253 26.2147 4
      vertex -82.8419 24.9675 4
      vertex -82.5694 24.875 4
    endloop
  endfacet
  facet normal 0 0 1
    outer loop
      vertex -84.125 26.4306 4
      vertex -82.821 26.78 4
      vertex -82.8427 26.8891 4
    endloop
  endfacet
  facet normal 0 0 1
    outer loop
      vertex -84.1812 26.7128 4
      vertex -82.8427 26.8891 4
      vertex -82.85 27 4
    endloop
  endfacet
  facet normal 0 0 1
    outer loop
      vertex -82.7361 27.425 4
      vertex -83.9053 28.1 4
      vertex -82.7853 27.3253 4
    endloop
  endfacet
  facet normal 0 0 1
    outer loop
      vertex -82.425 26.2639 4
      vertex -83.1 25.0947 4
      vertex -82.8419 24.9675 4
    endloop
  endfacet
  facet normal -0 0 1
    outer loop
      vertex -84.0325 27.8419 4
      vertex -82.7853 27.3253 4
      vertex -83.9053 28.1 4
    endloop
  endfacet
  facet normal 0 0 1
    outer loop
      vertex -82.5174 26.3256 4
      vertex -83.3393 25.2546 4
      vertex -83.1 25.0947 4
    endloop
  endfacet
  facet normal 0 0 1
    outer loop
      vertex -82.7853 27.3253 4
      vertex -84.0325 27.8419 4
      vertex -82.821 27.22 4
    endloop
  endfacet
  facet normal 0 0 1
    outer loop
      vertex -82.601 26.399 4
      vertex -83.5556 25.4444 4
      vertex -83.3393 25.2546 4
    endloop
  endfacet
  facet normal -0 0 1
    outer loop
      vertex -84.125 27.5694 4
      vertex -82.821 27.22 4
      vertex -84.0325 27.8419 4
    endloop
  endfacet
  facet normal 0 0 1
    outer loop
      vertex -82.6743 26.4826 4
      vertex -83.7454 25.6607 4
      vertex -83.5556 25.4444 4
    endloop
  endfacet
  facet normal 0 0 1
    outer loop
      vertex -82.821 27.22 4
      vertex -84.125 27.5694 4
      vertex -82.8427 27.1109 4
    endloop
  endfacet
  facet normal 0 0 1
    outer loop
      vertex -82.7361 26.575 4
      vertex -83.9053 25.9 4
      vertex -83.7454 25.6607 4
    endloop
  endfacet
  facet normal -0 0 1
    outer loop
      vertex -84.1812 27.2872 4
      vertex -82.8427 27.1109 4
      vertex -84.125 27.5694 4
    endloop
  endfacet
  facet normal 0 0 1
    outer loop
      vertex -82.7853 26.6747 4
      vertex -84.0325 26.1581 4
      vertex -83.9053 25.9 4
    endloop
  endfacet
  facet normal 0 0 1
    outer loop
      vertex -82.8427 27.1109 4
      vertex -84.1812 27.2872 4
      vertex -82.85 27 4
    endloop
  endfacet
  facet normal 0 0 1
    outer loop
      vertex -82.821 26.78 4
      vertex -84.125 26.4306 4
      vertex -84.0325 26.1581 4
    endloop
  endfacet
  facet normal 0 0 1
    outer loop
      vertex -84.2 27 4
      vertex -82.85 27 4
      vertex -84.1812 27.2872 4
    endloop
  endfacet
  facet normal 0 0 1
    outer loop
      vertex -82.8427 26.8891 4
      vertex -84.1812 26.7128 4
      vertex -84.125 26.4306 4
    endloop
  endfacet
  facet normal 0 0 1
    outer loop
      vertex -82.85 27 4
      vertex -84.2 27 4
      vertex -84.1812 26.7128 4
    endloop
  endfacet
  facet normal -0.195314 0.980741 0
    outer loop
      vertex -82.2872 29.1812 2
      vertex -82.5694 29.125 4
      vertex -82.2872 29.1812 4
    endloop
  endfacet
  facet normal -0.195314 0.980741 0
    outer loop
      vertex -82.5694 29.125 4
      vertex -82.2872 29.1812 2
      vertex -82.5694 29.125 2
    endloop
  endfacet
  facet normal 0.442063 -0.896984 0
    outer loop
      vertex -81.1581 24.9675 2
      vertex -80.9 25.0947 4
      vertex -81.1581 24.9675 4
    endloop
  endfacet
  facet normal 0.442063 -0.896984 0
    outer loop
      vertex -80.9 25.0947 4
      vertex -81.1581 24.9675 2
      vertex -80.9 25.0947 2
    endloop
  endfacet
  facet normal 0.946931 0.321435 0
    outer loop
      vertex -79.875 27.5694 4
      vertex -79.9675 27.8419 2
      vertex -79.9675 27.8419 4
    endloop
  endfacet
  facet normal 0.946931 0.321435 0
    outer loop
      vertex -79.9675 27.8419 2
      vertex -79.875 27.5694 4
      vertex -79.875 27.5694 2
    endloop
  endfacet
  facet normal 0.75165 0.659562 0
    outer loop
      vertex -80.2546 28.3393 4
      vertex -80.4444 28.5556 2
      vertex -80.4444 28.5556 4
    endloop
  endfacet
  facet normal 0.75165 0.659562 0
    outer loop
      vertex -80.4444 28.5556 2
      vertex -80.2546 28.3393 4
      vertex -80.2546 28.3393 2
    endloop
  endfacet
  facet normal 0.831462 0.555582 0
    outer loop
      vertex -80.0947 28.1 4
      vertex -80.2546 28.3393 2
      vertex -80.2546 28.3393 4
    endloop
  endfacet
  facet normal 0.831462 0.555582 0
    outer loop
      vertex -80.2546 28.3393 2
      vertex -80.0947 28.1 4
      vertex -80.0947 28.1 2
    endloop
  endfacet
  facet normal 0.195314 0.980741 -0
    outer loop
      vertex -81.4306 29.125 2
      vertex -81.7128 29.1812 4
      vertex -81.4306 29.125 4
    endloop
  endfacet
  facet normal 0.195314 0.980741 0
    outer loop
      vertex -81.7128 29.1812 4
      vertex -81.4306 29.125 2
      vertex -81.7128 29.1812 2
    endloop
  endfacet
  facet normal 0.0653198 0.997864 -0
    outer loop
      vertex -81.7128 29.1812 2
      vertex -82 29.2 4
      vertex -81.7128 29.1812 4
    endloop
  endfacet
  facet normal 0.0653198 0.997864 0
    outer loop
      vertex -82 29.2 4
      vertex -81.7128 29.1812 2
      vertex -82 29.2 2
    endloop
  endfacet
  facet normal 0.442063 0.896984 -0
    outer loop
      vertex -80.9 28.9053 2
      vertex -81.1581 29.0325 4
      vertex -80.9 28.9053 4
    endloop
  endfacet
  facet normal 0.442063 0.896984 0
    outer loop
      vertex -81.1581 29.0325 4
      vertex -80.9 28.9053 2
      vertex -81.1581 29.0325 2
    endloop
  endfacet
  facet normal -0.896984 0.442063 0
    outer loop
      vertex -84.0325 27.8419 2
      vertex -83.9053 28.1 4
      vertex -83.9053 28.1 2
    endloop
  endfacet
  facet normal -0.896984 0.442063 0
    outer loop
      vertex -83.9053 28.1 4
      vertex -84.0325 27.8419 2
      vertex -84.0325 27.8419 4
    endloop
  endfacet
  facet normal -0.980741 0.195314 0
    outer loop
      vertex -84.1812 27.2872 2
      vertex -84.125 27.5694 4
      vertex -84.125 27.5694 2
    endloop
  endfacet
  facet normal -0.980741 0.195314 0
    outer loop
      vertex -84.125 27.5694 4
      vertex -84.1812 27.2872 2
      vertex -84.1812 27.2872 4
    endloop
  endfacet
  facet normal -0.997864 0.0653198 0
    outer loop
      vertex -84.2 27 2
      vertex -84.1812 27.2872 4
      vertex -84.1812 27.2872 2
    endloop
  endfacet
  facet normal -0.997864 0.0653198 0
    outer loop
      vertex -84.1812 27.2872 4
      vertex -84.2 27 2
      vertex -84.2 27 4
    endloop
  endfacet
  facet normal -0.997864 -0.0653198 0
    outer loop
      vertex -84.1812 26.7128 2
      vertex -84.2 27 4
      vertex -84.2 27 2
    endloop
  endfacet
  facet normal -0.997864 -0.0653198 0
    outer loop
      vertex -84.2 27 4
      vertex -84.1812 26.7128 2
      vertex -84.1812 26.7128 4
    endloop
  endfacet
  facet normal -0.555582 0.831462 0
    outer loop
      vertex -83.1 28.9053 2
      vertex -83.3393 28.7454 4
      vertex -83.1 28.9053 4
    endloop
  endfacet
  facet normal -0.555582 0.831462 0
    outer loop
      vertex -83.3393 28.7454 4
      vertex -83.1 28.9053 2
      vertex -83.3393 28.7454 2
    endloop
  endfacet
  facet normal -0.659562 0.75165 0
    outer loop
      vertex -83.3393 28.7454 2
      vertex -83.5556 28.5556 4
      vertex -83.3393 28.7454 4
    endloop
  endfacet
  facet normal -0.659562 0.75165 0
    outer loop
      vertex -83.5556 28.5556 4
      vertex -83.3393 28.7454 2
      vertex -83.5556 28.5556 2
    endloop
  endfacet
  facet normal -0.321435 0.946931 0
    outer loop
      vertex -82.5694 29.125 2
      vertex -82.8419 29.0325 4
      vertex -82.5694 29.125 4
    endloop
  endfacet
  facet normal -0.321435 0.946931 0
    outer loop
      vertex -82.8419 29.0325 4
      vertex -82.5694 29.125 2
      vertex -82.8419 29.0325 2
    endloop
  endfacet
  facet normal 0.555582 -0.831462 0
    outer loop
      vertex -80.9 25.0947 2
      vertex -80.6607 25.2546 4
      vertex -80.9 25.0947 4
    endloop
  endfacet
  facet normal 0.555582 -0.831462 0
    outer loop
      vertex -80.6607 25.2546 4
      vertex -80.9 25.0947 2
      vertex -80.6607 25.2546 2
    endloop
  endfacet
  facet normal 0.75165 -0.659562 0
    outer loop
      vertex -80.4444 25.4444 4
      vertex -80.2546 25.6607 2
      vertex -80.2546 25.6607 4
    endloop
  endfacet
  facet normal 0.75165 -0.659562 0
    outer loop
      vertex -80.2546 25.6607 2
      vertex -80.4444 25.4444 4
      vertex -80.4444 25.4444 2
    endloop
  endfacet
  facet normal 0.896984 -0.442063 0
    outer loop
      vertex -80.0947 25.9 4
      vertex -79.9675 26.1581 2
      vertex -79.9675 26.1581 4
    endloop
  endfacet
  facet normal 0.896984 -0.442063 0
    outer loop
      vertex -79.9675 26.1581 2
      vertex -80.0947 25.9 4
      vertex -80.0947 25.9 2
    endloop
  endfacet
  facet normal 0.980741 -0.195314 0
    outer loop
      vertex -79.875 26.4306 4
      vertex -79.8188 26.7128 2
      vertex -79.8188 26.7128 4
    endloop
  endfacet
  facet normal 0.980741 -0.195314 0
    outer loop
      vertex -79.8188 26.7128 2
      vertex -79.875 26.4306 4
      vertex -79.875 26.4306 2
    endloop
  endfacet
  facet normal 0.831462 -0.555582 0
    outer loop
      vertex -80.2546 25.6607 4
      vertex -80.0947 25.9 2
      vertex -80.0947 25.9 4
    endloop
  endfacet
  facet normal 0.831462 -0.555582 0
    outer loop
      vertex -80.0947 25.9 2
      vertex -80.2546 25.6607 4
      vertex -80.2546 25.6607 2
    endloop
  endfacet
  facet normal 0.997864 -0.0653198 0
    outer loop
      vertex -79.8188 26.7128 4
      vertex -79.8 27 2
      vertex -79.8 27 4
    endloop
  endfacet
  facet normal 0.997864 -0.0653198 0
    outer loop
      vertex -79.8 27 2
      vertex -79.8188 26.7128 4
      vertex -79.8188 26.7128 2
    endloop
  endfacet
  facet normal -0.659562 -0.75165 0
    outer loop
      vertex -83.5556 25.4444 2
      vertex -83.3393 25.2546 4
      vertex -83.5556 25.4444 4
    endloop
  endfacet
  facet normal -0.659562 -0.75165 -0
    outer loop
      vertex -83.3393 25.2546 4
      vertex -83.5556 25.4444 2
      vertex -83.3393 25.2546 2
    endloop
  endfacet
  facet normal -0.831462 -0.555582 0
    outer loop
      vertex -83.7454 25.6607 2
      vertex -83.9053 25.9 4
      vertex -83.9053 25.9 2
    endloop
  endfacet
  facet normal -0.831462 -0.555582 0
    outer loop
      vertex -83.9053 25.9 4
      vertex -83.7454 25.6607 2
      vertex -83.7454 25.6607 4
    endloop
  endfacet
  facet normal -0.946931 -0.321435 0
    outer loop
      vertex -84.0325 26.1581 2
      vertex -84.125 26.4306 4
      vertex -84.125 26.4306 2
    endloop
  endfacet
  facet normal -0.946931 -0.321435 0
    outer loop
      vertex -84.125 26.4306 4
      vertex -84.0325 26.1581 2
      vertex -84.0325 26.1581 4
    endloop
  endfacet
  facet normal -0.980741 -0.195314 0
    outer loop
      vertex -84.125 26.4306 2
      vertex -84.1812 26.7128 4
      vertex -84.1812 26.7128 2
    endloop
  endfacet
  facet normal -0.980741 -0.195314 0
    outer loop
      vertex -84.1812 26.7128 4
      vertex -84.125 26.4306 2
      vertex -84.125 26.4306 4
    endloop
  endfacet
  facet normal 0.321435 -0.946931 0
    outer loop
      vertex -81.4306 24.875 2
      vertex -81.1581 24.9675 4
      vertex -81.4306 24.875 4
    endloop
  endfacet
  facet normal 0.321435 -0.946931 0
    outer loop
      vertex -81.1581 24.9675 4
      vertex -81.4306 24.875 2
      vertex -81.1581 24.9675 2
    endloop
  endfacet
  facet normal 0.195314 -0.980741 0
    outer loop
      vertex -81.7128 24.8188 2
      vertex -81.4306 24.875 4
      vertex -81.7128 24.8188 4
    endloop
  endfacet
  facet normal 0.195314 -0.980741 0
    outer loop
      vertex -81.4306 24.875 4
      vertex -81.7128 24.8188 2
      vertex -81.4306 24.875 2
    endloop
  endfacet
  facet normal 0.659562 -0.75165 0
    outer loop
      vertex -80.6607 25.2546 2
      vertex -80.4444 25.4444 4
      vertex -80.6607 25.2546 4
    endloop
  endfacet
  facet normal 0.659562 -0.75165 0
    outer loop
      vertex -80.4444 25.4444 4
      vertex -80.6607 25.2546 2
      vertex -80.4444 25.4444 2
    endloop
  endfacet
  facet normal -0.0653198 -0.997864 0
    outer loop
      vertex -82.2872 24.8188 2
      vertex -82 24.8 4
      vertex -82.2872 24.8188 4
    endloop
  endfacet
  facet normal -0.0653198 -0.997864 -0
    outer loop
      vertex -82 24.8 4
      vertex -82.2872 24.8188 2
      vertex -82 24.8 2
    endloop
  endfacet
  facet normal -0.321435 -0.946931 0
    outer loop
      vertex -82.8419 24.9675 2
      vertex -82.5694 24.875 4
      vertex -82.8419 24.9675 4
    endloop
  endfacet
  facet normal -0.321435 -0.946931 -0
    outer loop
      vertex -82.5694 24.875 4
      vertex -82.8419 24.9675 2
      vertex -82.5694 24.875 2
    endloop
  endfacet
  facet normal -0.195314 -0.980741 0
    outer loop
      vertex -82.5694 24.875 2
      vertex -82.2872 24.8188 4
      vertex -82.5694 24.875 4
    endloop
  endfacet
  facet normal -0.195314 -0.980741 -0
    outer loop
      vertex -82.2872 24.8188 4
      vertex -82.5694 24.875 2
      vertex -82.2872 24.8188 2
    endloop
  endfacet
  facet normal -0.75165 -0.659562 0
    outer loop
      vertex -83.5556 25.4444 2
      vertex -83.7454 25.6607 4
      vertex -83.7454 25.6607 2
    endloop
  endfacet
  facet normal -0.75165 -0.659562 0
    outer loop
      vertex -83.7454 25.6607 4
      vertex -83.5556 25.4444 2
      vertex -83.5556 25.4444 4
    endloop
  endfacet
  facet normal -0.896984 -0.442063 0
    outer loop
      vertex -83.9053 25.9 2
      vertex -84.0325 26.1581 4
      vertex -84.0325 26.1581 2
    endloop
  endfacet
  facet normal -0.896984 -0.442063 0
    outer loop
      vertex -84.0325 26.1581 4
      vertex -83.9053 25.9 2
      vertex -83.9053 25.9 4
    endloop
  endfacet
  facet normal -0.442063 -0.896984 0
    outer loop
      vertex -83.1 25.0947 2
      vertex -82.8419 24.9675 4
      vertex -83.1 25.0947 4
    endloop
  endfacet
  facet normal -0.442063 -0.896984 -0
    outer loop
      vertex -82.8419 24.9675 4
      vertex -83.1 25.0947 2
      vertex -82.8419 24.9675 2
    endloop
  endfacet
  facet normal -0.555582 -0.831462 0
    outer loop
      vertex -83.3393 25.2546 2
      vertex -83.1 25.0947 4
      vertex -83.3393 25.2546 4
    endloop
  endfacet
  facet normal -0.555582 -0.831462 -0
    outer loop
      vertex -83.1 25.0947 4
      vertex -83.3393 25.2546 2
      vertex -83.1 25.0947 2
    endloop
  endfacet
  facet normal 0.997864 0.0653198 0
    outer loop
      vertex -79.8 -27 4
      vertex -79.8188 -26.7128 2
      vertex -79.8188 -26.7128 4
    endloop
  endfacet
  facet normal 0.997864 0.0653198 0
    outer loop
      vertex -79.8188 -26.7128 2
      vertex -79.8 -27 4
      vertex -79.8 -27 2
    endloop
  endfacet
  facet normal -0.997864 0.0653198 0
    outer loop
      vertex -84.2 -27 2
      vertex -84.1812 -26.7128 4
      vertex -84.1812 -26.7128 2
    endloop
  endfacet
  facet normal -0.997864 0.0653198 0
    outer loop
      vertex -84.1812 -26.7128 4
      vertex -84.2 -27 2
      vertex -84.2 -27 4
    endloop
  endfacet
  facet normal 0.0653198 0.997864 -0
    outer loop
      vertex -81.7128 -24.8188 2
      vertex -82 -24.8 4
      vertex -81.7128 -24.8188 4
    endloop
  endfacet
  facet normal 0.0653198 0.997864 0
    outer loop
      vertex -82 -24.8 4
      vertex -81.7128 -24.8188 2
      vertex -82 -24.8 2
    endloop
  endfacet
  facet normal -0.0653198 -0.997864 0
    outer loop
      vertex -82.2872 -29.1812 2
      vertex -82 -29.2 4
      vertex -82.2872 -29.1812 4
    endloop
  endfacet
  facet normal -0.0653198 -0.997864 -0
    outer loop
      vertex -82 -29.2 4
      vertex -82.2872 -29.1812 2
      vertex -82 -29.2 2
    endloop
  endfacet
  facet normal 0.75165 0.659562 0
    outer loop
      vertex -80.2546 -25.6607 4
      vertex -80.4444 -25.4444 2
      vertex -80.4444 -25.4444 4
    endloop
  endfacet
  facet normal 0.75165 0.659562 0
    outer loop
      vertex -80.4444 -25.4444 2
      vertex -80.2546 -25.6607 4
      vertex -80.2546 -25.6607 2
    endloop
  endfacet
  facet normal -0.659562 0.75165 0
    outer loop
      vertex -83.3393 -25.2546 2
      vertex -83.5556 -25.4444 4
      vertex -83.3393 -25.2546 4
    endloop
  endfacet
  facet normal -0.659562 0.75165 0
    outer loop
      vertex -83.5556 -25.4444 4
      vertex -83.3393 -25.2546 2
      vertex -83.5556 -25.4444 2
    endloop
  endfacet
  facet normal -0.321435 0.946931 0
    outer loop
      vertex -82.5694 -24.875 2
      vertex -82.8419 -24.9675 4
      vertex -82.5694 -24.875 4
    endloop
  endfacet
  facet normal -0.321435 0.946931 0
    outer loop
      vertex -82.8419 -24.9675 4
      vertex -82.5694 -24.875 2
      vertex -82.8419 -24.9675 2
    endloop
  endfacet
  facet normal 0.946931 0.321435 0
    outer loop
      vertex -79.875 -26.4306 4
      vertex -79.9675 -26.1581 2
      vertex -79.9675 -26.1581 4
    endloop
  endfacet
  facet normal 0.946931 0.321435 0
    outer loop
      vertex -79.9675 -26.1581 2
      vertex -79.875 -26.4306 4
      vertex -79.875 -26.4306 2
    endloop
  endfacet
  facet normal 0.980741 0.195314 0
    outer loop
      vertex -79.8188 -26.7128 4
      vertex -79.875 -26.4306 2
      vertex -79.875 -26.4306 4
    endloop
  endfacet
  facet normal 0.980741 0.195314 0
    outer loop
      vertex -79.875 -26.4306 2
      vertex -79.8188 -26.7128 4
      vertex -79.8188 -26.7128 2
    endloop
  endfacet
  facet normal 0.896984 0.442063 0
    outer loop
      vertex -79.9675 -26.1581 4
      vertex -80.0947 -25.9 2
      vertex -80.0947 -25.9 4
    endloop
  endfacet
  facet normal 0.896984 0.442063 0
    outer loop
      vertex -80.0947 -25.9 2
      vertex -79.9675 -26.1581 4
      vertex -79.9675 -26.1581 2
    endloop
  endfacet
  facet normal 0.442063 0.896984 -0
    outer loop
      vertex -80.9 -25.0947 2
      vertex -81.1581 -24.9675 4
      vertex -80.9 -25.0947 4
    endloop
  endfacet
  facet normal 0.442063 0.896984 0
    outer loop
      vertex -81.1581 -24.9675 4
      vertex -80.9 -25.0947 2
      vertex -81.1581 -24.9675 2
    endloop
  endfacet
  facet normal 0.321435 0.946931 -0
    outer loop
      vertex -81.1581 -24.9675 2
      vertex -81.4306 -24.875 4
      vertex -81.1581 -24.9675 4
    endloop
  endfacet
  facet normal 0.321435 0.946931 0
    outer loop
      vertex -81.4306 -24.875 4
      vertex -81.1581 -24.9675 2
      vertex -81.4306 -24.875 2
    endloop
  endfacet
  facet normal 0.555582 0.831462 -0
    outer loop
      vertex -80.6607 -25.2546 2
      vertex -80.9 -25.0947 4
      vertex -80.6607 -25.2546 4
    endloop
  endfacet
  facet normal 0.555582 0.831462 0
    outer loop
      vertex -80.9 -25.0947 4
      vertex -80.6607 -25.2546 2
      vertex -80.9 -25.0947 2
    endloop
  endfacet
  facet normal -0.896984 0.442063 0
    outer loop
      vertex -84.0325 -26.1581 2
      vertex -83.9053 -25.9 4
      vertex -83.9053 -25.9 2
    endloop
  endfacet
  facet normal -0.896984 0.442063 0
    outer loop
      vertex -83.9053 -25.9 4
      vertex -84.0325 -26.1581 2
      vertex -84.0325 -26.1581 4
    endloop
  endfacet
  facet normal -0.831462 0.555582 0
    outer loop
      vertex -83.9053 -25.9 2
      vertex -83.7454 -25.6607 4
      vertex -83.7454 -25.6607 2
    endloop
  endfacet
  facet normal -0.831462 0.555582 0
    outer loop
      vertex -83.7454 -25.6607 4
      vertex -83.9053 -25.9 2
      vertex -83.9053 -25.9 4
    endloop
  endfacet
  facet normal -0.946931 0.321435 0
    outer loop
      vertex -84.125 -26.4306 2
      vertex -84.0325 -26.1581 4
      vertex -84.0325 -26.1581 2
    endloop
  endfacet
  facet normal -0.946931 0.321435 0
    outer loop
      vertex -84.0325 -26.1581 4
      vertex -84.125 -26.4306 2
      vertex -84.125 -26.4306 4
    endloop
  endfacet
  facet normal -0.442063 0.896984 0
    outer loop
      vertex -82.8419 -24.9675 2
      vertex -83.1 -25.0947 4
      vertex -82.8419 -24.9675 4
    endloop
  endfacet
  facet normal -0.442063 0.896984 0
    outer loop
      vertex -83.1 -25.0947 4
      vertex -82.8419 -24.9675 2
      vertex -83.1 -25.0947 2
    endloop
  endfacet
  facet normal -0.195314 0.980741 0
    outer loop
      vertex -82.2872 -24.8188 2
      vertex -82.5694 -24.875 4
      vertex -82.2872 -24.8188 4
    endloop
  endfacet
  facet normal -0.195314 0.980741 0
    outer loop
      vertex -82.5694 -24.875 4
      vertex -82.2872 -24.8188 2
      vertex -82.5694 -24.875 2
    endloop
  endfacet
  facet normal 0.659562 -0.75165 0
    outer loop
      vertex -80.6607 -28.7454 2
      vertex -80.4444 -28.5556 4
      vertex -80.6607 -28.7454 4
    endloop
  endfacet
  facet normal 0.659562 -0.75165 0
    outer loop
      vertex -80.4444 -28.5556 4
      vertex -80.6607 -28.7454 2
      vertex -80.4444 -28.5556 2
    endloop
  endfacet
  facet normal 0.442063 -0.896984 0
    outer loop
      vertex -81.1581 -29.0325 2
      vertex -80.9 -28.9053 4
      vertex -81.1581 -29.0325 4
    endloop
  endfacet
  facet normal 0.442063 -0.896984 0
    outer loop
      vertex -80.9 -28.9053 4
      vertex -81.1581 -29.0325 2
      vertex -80.9 -28.9053 2
    endloop
  endfacet
  facet normal 0.896984 -0.442063 0
    outer loop
      vertex -80.0947 -28.1 4
      vertex -79.9675 -27.8419 2
      vertex -79.9675 -27.8419 4
    endloop
  endfacet
  facet normal 0.896984 -0.442063 0
    outer loop
      vertex -79.9675 -27.8419 2
      vertex -80.0947 -28.1 4
      vertex -80.0947 -28.1 2
    endloop
  endfacet
  facet normal 0.980741 -0.195314 0
    outer loop
      vertex -79.875 -27.5694 4
      vertex -79.8188 -27.2872 2
      vertex -79.8188 -27.2872 4
    endloop
  endfacet
  facet normal 0.980741 -0.195314 0
    outer loop
      vertex -79.8188 -27.2872 2
      vertex -79.875 -27.5694 4
      vertex -79.875 -27.5694 2
    endloop
  endfacet
  facet normal -0.442063 -0.896984 0
    outer loop
      vertex -83.1 -28.9053 2
      vertex -82.8419 -29.0325 4
      vertex -83.1 -28.9053 4
    endloop
  endfacet
  facet normal -0.442063 -0.896984 -0
    outer loop
      vertex -82.8419 -29.0325 4
      vertex -83.1 -28.9053 2
      vertex -82.8419 -29.0325 2
    endloop
  endfacet
  facet normal -0.321435 -0.946931 0
    outer loop
      vertex -82.8419 -29.0325 2
      vertex -82.5694 -29.125 4
      vertex -82.8419 -29.0325 4
    endloop
  endfacet
  facet normal -0.321435 -0.946931 -0
    outer loop
      vertex -82.5694 -29.125 4
      vertex -82.8419 -29.0325 2
      vertex -82.5694 -29.125 2
    endloop
  endfacet
  facet normal -0.896984 -0.442063 0
    outer loop
      vertex -83.9053 -28.1 2
      vertex -84.0325 -27.8419 4
      vertex -84.0325 -27.8419 2
    endloop
  endfacet
  facet normal -0.896984 -0.442063 0
    outer loop
      vertex -84.0325 -27.8419 4
      vertex -83.9053 -28.1 2
      vertex -83.9053 -28.1 4
    endloop
  endfacet
  facet normal -0.831462 -0.555582 0
    outer loop
      vertex -83.7454 -28.3393 2
      vertex -83.9053 -28.1 4
      vertex -83.9053 -28.1 2
    endloop
  endfacet
  facet normal -0.831462 -0.555582 0
    outer loop
      vertex -83.9053 -28.1 4
      vertex -83.7454 -28.3393 2
      vertex -83.7454 -28.3393 4
    endloop
  endfacet
  facet normal 0.195314 0.980741 -0
    outer loop
      vertex -81.4306 -24.875 2
      vertex -81.7128 -24.8188 4
      vertex -81.4306 -24.875 4
    endloop
  endfacet
  facet normal 0.195314 0.980741 0
    outer loop
      vertex -81.7128 -24.8188 4
      vertex -81.4306 -24.875 2
      vertex -81.7128 -24.8188 2
    endloop
  endfacet
  facet normal 0.659562 0.75165 -0
    outer loop
      vertex -80.4444 -25.4444 2
      vertex -80.6607 -25.2546 4
      vertex -80.4444 -25.4444 4
    endloop
  endfacet
  facet normal 0.659562 0.75165 0
    outer loop
      vertex -80.6607 -25.2546 4
      vertex -80.4444 -25.4444 2
      vertex -80.6607 -25.2546 2
    endloop
  endfacet
  facet normal -0.980741 0.195314 0
    outer loop
      vertex -84.1812 -26.7128 2
      vertex -84.125 -26.4306 4
      vertex -84.125 -26.4306 2
    endloop
  endfacet
  facet normal -0.980741 0.195314 0
    outer loop
      vertex -84.125 -26.4306 4
      vertex -84.1812 -26.7128 2
      vertex -84.1812 -26.7128 4
    endloop
  endfacet
  facet normal 0 0 1
    outer loop
      vertex -81.15 -27 4
      vertex -79.8 -27 4
      vertex -79.8188 -26.7128 4
    endloop
  endfacet
  facet normal 0 0 1
    outer loop
      vertex -81.1573 -26.8891 4
      vertex -79.8188 -26.7128 4
      vertex -79.875 -26.4306 4
    endloop
  endfacet
  facet normal 0 0 1
    outer loop
      vertex -79.8 -27 4
      vertex -81.15 -27 4
      vertex -79.8188 -27.2872 4
    endloop
  endfacet
  facet normal 0 0 1
    outer loop
      vertex -81.179 -26.78 4
      vertex -79.875 -26.4306 4
      vertex -79.9675 -26.1581 4
    endloop
  endfacet
  facet normal -0 0 1
    outer loop
      vertex -81.1573 -27.1109 4
      vertex -79.8188 -27.2872 4
      vertex -81.15 -27 4
    endloop
  endfacet
  facet normal 0 0 1
    outer loop
      vertex -81.2147 -26.6747 4
      vertex -79.9675 -26.1581 4
      vertex -80.0947 -25.9 4
    endloop
  endfacet
  facet normal 0 0 1
    outer loop
      vertex -79.8188 -27.2872 4
      vertex -81.1573 -27.1109 4
      vertex -79.875 -27.5694 4
    endloop
  endfacet
  facet normal 0 0 1
    outer loop
      vertex -81.2639 -26.575 4
      vertex -80.0947 -25.9 4
      vertex -80.2546 -25.6607 4
    endloop
  endfacet
  facet normal -0 0 1
    outer loop
      vertex -81.179 -27.22 4
      vertex -79.875 -27.5694 4
      vertex -81.1573 -27.1109 4
    endloop
  endfacet
  facet normal 0 0 1
    outer loop
      vertex -81.3257 -26.4826 4
      vertex -80.2546 -25.6607 4
      vertex -80.4444 -25.4444 4
    endloop
  endfacet
  facet normal 0 0 1
    outer loop
      vertex -79.875 -27.5694 4
      vertex -81.179 -27.22 4
      vertex -79.9675 -27.8419 4
    endloop
  endfacet
  facet normal 0 0 1
    outer loop
      vertex -81.399 -26.399 4
      vertex -80.4444 -25.4444 4
      vertex -80.6607 -25.2546 4
    endloop
  endfacet
  facet normal -0 0 1
    outer loop
      vertex -81.2147 -27.3253 4
      vertex -79.9675 -27.8419 4
      vertex -81.179 -27.22 4
    endloop
  endfacet
  facet normal 0 0 1
    outer loop
      vertex -81.4826 -26.3256 4
      vertex -80.6607 -25.2546 4
      vertex -80.9 -25.0947 4
    endloop
  endfacet
  facet normal 0 0 1
    outer loop
      vertex -79.9675 -27.8419 4
      vertex -81.2147 -27.3253 4
      vertex -80.0947 -28.1 4
    endloop
  endfacet
  facet normal -0 0 1
    outer loop
      vertex -81.2639 -27.425 4
      vertex -80.0947 -28.1 4
      vertex -81.2147 -27.3253 4
    endloop
  endfacet
  facet normal 0 0 1
    outer loop
      vertex -79.8188 -26.7128 4
      vertex -81.1573 -26.8891 4
      vertex -81.15 -27 4
    endloop
  endfacet
  facet normal 0 0 1
    outer loop
      vertex -81.575 -26.2639 4
      vertex -80.9 -25.0947 4
      vertex -81.1581 -24.9675 4
    endloop
  endfacet
  facet normal 0 0 1
    outer loop
      vertex -79.875 -26.4306 4
      vertex -81.179 -26.78 4
      vertex -81.1573 -26.8891 4
    endloop
  endfacet
  facet normal 0 0 1
    outer loop
      vertex -79.9675 -26.1581 4
      vertex -81.2147 -26.6747 4
      vertex -81.179 -26.78 4
    endloop
  endfacet
  facet normal 0 0 1
    outer loop
      vertex -80.0947 -25.9 4
      vertex -81.2639 -26.575 4
      vertex -81.2147 -26.6747 4
    endloop
  endfacet
  facet normal 0 0 1
    outer loop
      vertex -80.2546 -25.6607 4
      vertex -81.3257 -26.4826 4
      vertex -81.2639 -26.575 4
    endloop
  endfacet
  facet normal 0 0 1
    outer loop
      vertex -80.4444 -25.4444 4
      vertex -81.399 -26.399 4
      vertex -81.3257 -26.4826 4
    endloop
  endfacet
  facet normal 0 0 1
    outer loop
      vertex -81.6747 -26.2147 4
      vertex -81.1581 -24.9675 4
      vertex -81.4306 -24.875 4
    endloop
  endfacet
  facet normal 0 0 1
    outer loop
      vertex -80.6607 -25.2546 4
      vertex -81.4826 -26.3256 4
      vertex -81.399 -26.399 4
    endloop
  endfacet
  facet normal 0 0 1
    outer loop
      vertex -80.9 -25.0947 4
      vertex -81.575 -26.2639 4
      vertex -81.4826 -26.3256 4
    endloop
  endfacet
  facet normal 0 0 1
    outer loop
      vertex -81.1581 -24.9675 4
      vertex -81.6747 -26.2147 4
      vertex -81.575 -26.2639 4
    endloop
  endfacet
  facet normal 0 0 1
    outer loop
      vertex -81.78 -26.179 4
      vertex -81.4306 -24.875 4
      vertex -81.7128 -24.8188 4
    endloop
  endfacet
  facet normal 0 0 1
    outer loop
      vertex -81.4306 -24.875 4
      vertex -81.78 -26.179 4
      vertex -81.6747 -26.2147 4
    endloop
  endfacet
  facet normal 0 0 1
    outer loop
      vertex -81.7128 -24.8188 4
      vertex -81.8891 -26.1573 4
      vertex -81.78 -26.179 4
    endloop
  endfacet
  facet normal 0 0 1
    outer loop
      vertex -82 -24.8 4
      vertex -81.8891 -26.1573 4
      vertex -81.7128 -24.8188 4
    endloop
  endfacet
  facet normal 0 0 1
    outer loop
      vertex -82 -24.8 4
      vertex -82 -26.15 4
      vertex -81.8891 -26.1573 4
    endloop
  endfacet
  facet normal 0 0 1
    outer loop
      vertex -82 -24.8 4
      vertex -82.1109 -26.1573 4
      vertex -82 -26.15 4
    endloop
  endfacet
  facet normal -0 0 1
    outer loop
      vertex -82.2872 -24.8188 4
      vertex -82.1109 -26.1573 4
      vertex -82 -24.8 4
    endloop
  endfacet
  facet normal 0 0 1
    outer loop
      vertex -82.1109 -26.1573 4
      vertex -82.2872 -24.8188 4
      vertex -82.22 -26.179 4
    endloop
  endfacet
  facet normal -0 0 1
    outer loop
      vertex -82.5694 -24.875 4
      vertex -82.22 -26.179 4
      vertex -82.2872 -24.8188 4
    endloop
  endfacet
  facet normal 0 0 1
    outer loop
      vertex -82.22 -26.179 4
      vertex -82.5694 -24.875 4
      vertex -82.3253 -26.2147 4
    endloop
  endfacet
  facet normal -0 0 1
    outer loop
      vertex -82.8419 -24.9675 4
      vertex -82.3253 -26.2147 4
      vertex -82.5694 -24.875 4
    endloop
  endfacet
  facet normal 0 0 1
    outer loop
      vertex -82.3253 -26.2147 4
      vertex -82.8419 -24.9675 4
      vertex -82.425 -26.2639 4
    endloop
  endfacet
  facet normal -0 0 1
    outer loop
      vertex -83.1 -25.0947 4
      vertex -82.425 -26.2639 4
      vertex -82.8419 -24.9675 4
    endloop
  endfacet
  facet normal 0 0 1
    outer loop
      vertex -82.425 -26.2639 4
      vertex -83.1 -25.0947 4
      vertex -82.5174 -26.3256 4
    endloop
  endfacet
  facet normal -0 0 1
    outer loop
      vertex -83.3393 -25.2546 4
      vertex -82.5174 -26.3256 4
      vertex -83.1 -25.0947 4
    endloop
  endfacet
  facet normal 0 0 1
    outer loop
      vertex -82.5174 -26.3256 4
      vertex -83.3393 -25.2546 4
      vertex -82.601 -26.399 4
    endloop
  endfacet
  facet normal -0 0 1
    outer loop
      vertex -83.5556 -25.4444 4
      vertex -82.601 -26.399 4
      vertex -83.3393 -25.2546 4
    endloop
  endfacet
  facet normal 0 0 1
    outer loop
      vertex -82.601 -26.399 4
      vertex -83.5556 -25.4444 4
      vertex -82.6743 -26.4826 4
    endloop
  endfacet
  facet normal -0 0 1
    outer loop
      vertex -83.7454 -25.6607 4
      vertex -82.6743 -26.4826 4
      vertex -83.5556 -25.4444 4
    endloop
  endfacet
  facet normal 0 0 1
    outer loop
      vertex -82.6743 -26.4826 4
      vertex -83.7454 -25.6607 4
      vertex -82.7361 -26.575 4
    endloop
  endfacet
  facet normal -0 0 1
    outer loop
      vertex -83.9053 -25.9 4
      vertex -82.7361 -26.575 4
      vertex -83.7454 -25.6607 4
    endloop
  endfacet
  facet normal 0 0 1
    outer loop
      vertex -80.0947 -28.1 4
      vertex -81.2639 -27.425 4
      vertex -80.2546 -28.3393 4
    endloop
  endfacet
  facet normal -0 0 1
    outer loop
      vertex -81.3257 -27.5174 4
      vertex -80.2546 -28.3393 4
      vertex -81.2639 -27.425 4
    endloop
  endfacet
  facet normal 0 0 1
    outer loop
      vertex -80.2546 -28.3393 4
      vertex -81.3257 -27.5174 4
      vertex -80.4444 -28.5556 4
    endloop
  endfacet
  facet normal -0 0 1
    outer loop
      vertex -81.399 -27.601 4
      vertex -80.4444 -28.5556 4
      vertex -81.3257 -27.5174 4
    endloop
  endfacet
  facet normal 0 0 1
    outer loop
      vertex -80.4444 -28.5556 4
      vertex -81.399 -27.601 4
      vertex -80.6607 -28.7454 4
    endloop
  endfacet
  facet normal -0 0 1
    outer loop
      vertex -81.4826 -27.6744 4
      vertex -80.6607 -28.7454 4
      vertex -81.399 -27.601 4
    endloop
  endfacet
  facet normal 0 0 1
    outer loop
      vertex -80.6607 -28.7454 4
      vertex -81.4826 -27.6744 4
      vertex -80.9 -28.9053 4
    endloop
  endfacet
  facet normal -0 0 1
    outer loop
      vertex -81.575 -27.7361 4
      vertex -80.9 -28.9053 4
      vertex -81.4826 -27.6744 4
    endloop
  endfacet
  facet normal 0 0 1
    outer loop
      vertex -80.9 -28.9053 4
      vertex -81.575 -27.7361 4
      vertex -81.1581 -29.0325 4
    endloop
  endfacet
  facet normal -0 0 1
    outer loop
      vertex -81.6747 -27.7853 4
      vertex -81.1581 -29.0325 4
      vertex -81.575 -27.7361 4
    endloop
  endfacet
  facet normal 0 0 1
    outer loop
      vertex -81.1581 -29.0325 4
      vertex -81.6747 -27.7853 4
      vertex -81.4306 -29.125 4
    endloop
  endfacet
  facet normal -0 0 1
    outer loop
      vertex -81.78 -27.821 4
      vertex -81.4306 -29.125 4
      vertex -81.6747 -27.7853 4
    endloop
  endfacet
  facet normal 0 0 1
    outer loop
      vertex -81.4306 -29.125 4
      vertex -81.78 -27.821 4
      vertex -81.7128 -29.1812 4
    endloop
  endfacet
  facet normal -0 0 1
    outer loop
      vertex -81.8891 -27.8427 4
      vertex -81.7128 -29.1812 4
      vertex -81.78 -27.821 4
    endloop
  endfacet
  facet normal -0 0 1
    outer loop
      vertex -82 -27.85 4
      vertex -81.7128 -29.1812 4
      vertex -81.8891 -27.8427 4
    endloop
  endfacet
  facet normal 0 0 1
    outer loop
      vertex -82 -27.85 4
      vertex -82 -29.2 4
      vertex -81.7128 -29.1812 4
    endloop
  endfacet
  facet normal 0 0 1
    outer loop
      vertex -82.1109 -27.8427 4
      vertex -82 -29.2 4
      vertex -82 -27.85 4
    endloop
  endfacet
  facet normal 0 0 1
    outer loop
      vertex -82.2872 -29.1812 4
      vertex -82.1109 -27.8427 4
      vertex -82.22 -27.821 4
    endloop
  endfacet
  facet normal 0 0 1
    outer loop
      vertex -82.1109 -27.8427 4
      vertex -82.2872 -29.1812 4
      vertex -82 -29.2 4
    endloop
  endfacet
  facet normal 0 0 1
    outer loop
      vertex -82.5694 -29.125 4
      vertex -82.22 -27.821 4
      vertex -82.3253 -27.7853 4
    endloop
  endfacet
  facet normal 0 0 1
    outer loop
      vertex -82.8419 -29.0325 4
      vertex -82.3253 -27.7853 4
      vertex -82.425 -27.7361 4
    endloop
  endfacet
  facet normal 0 0 1
    outer loop
      vertex -83.1 -28.9053 4
      vertex -82.425 -27.7361 4
      vertex -82.5174 -27.6744 4
    endloop
  endfacet
  facet normal 0 0 1
    outer loop
      vertex -82.22 -27.821 4
      vertex -82.5694 -29.125 4
      vertex -82.2872 -29.1812 4
    endloop
  endfacet
  facet normal 0 0 1
    outer loop
      vertex -83.3393 -28.7454 4
      vertex -82.5174 -27.6744 4
      vertex -82.601 -27.601 4
    endloop
  endfacet
  facet normal 0 0 1
    outer loop
      vertex -83.5556 -28.5556 4
      vertex -82.601 -27.601 4
      vertex -82.6743 -27.5174 4
    endloop
  endfacet
  facet normal 0 0 1
    outer loop
      vertex -83.7454 -28.3393 4
      vertex -82.6743 -27.5174 4
      vertex -82.7361 -27.425 4
    endloop
  endfacet
  facet normal 0 0 1
    outer loop
      vertex -83.9053 -28.1 4
      vertex -82.7361 -27.425 4
      vertex -82.7853 -27.3253 4
    endloop
  endfacet
  facet normal 0 0 1
    outer loop
      vertex -84.0325 -27.8419 4
      vertex -82.7853 -27.3253 4
      vertex -82.821 -27.22 4
    endloop
  endfacet
  facet normal 0 0 1
    outer loop
      vertex -82.3253 -27.7853 4
      vertex -82.8419 -29.0325 4
      vertex -82.5694 -29.125 4
    endloop
  endfacet
  facet normal 0 0 1
    outer loop
      vertex -84.125 -27.5694 4
      vertex -82.821 -27.22 4
      vertex -82.8427 -27.1109 4
    endloop
  endfacet
  facet normal 0 0 1
    outer loop
      vertex -84.1812 -27.2872 4
      vertex -82.8427 -27.1109 4
      vertex -82.85 -27 4
    endloop
  endfacet
  facet normal 0 0 1
    outer loop
      vertex -82.7361 -26.575 4
      vertex -83.9053 -25.9 4
      vertex -82.7853 -26.6747 4
    endloop
  endfacet
  facet normal 0 0 1
    outer loop
      vertex -82.425 -27.7361 4
      vertex -83.1 -28.9053 4
      vertex -82.8419 -29.0325 4
    endloop
  endfacet
  facet normal -0 0 1
    outer loop
      vertex -84.0325 -26.1581 4
      vertex -82.7853 -26.6747 4
      vertex -83.9053 -25.9 4
    endloop
  endfacet
  facet normal 0 0 1
    outer loop
      vertex -82.5174 -27.6744 4
      vertex -83.3393 -28.7454 4
      vertex -83.1 -28.9053 4
    endloop
  endfacet
  facet normal 0 0 1
    outer loop
      vertex -82.7853 -26.6747 4
      vertex -84.0325 -26.1581 4
      vertex -82.821 -26.78 4
    endloop
  endfacet
  facet normal 0 0 1
    outer loop
      vertex -82.601 -27.601 4
      vertex -83.5556 -28.5556 4
      vertex -83.3393 -28.7454 4
    endloop
  endfacet
  facet normal -0 0 1
    outer loop
      vertex -84.125 -26.4306 4
      vertex -82.821 -26.78 4
      vertex -84.0325 -26.1581 4
    endloop
  endfacet
  facet normal 0 0 1
    outer loop
      vertex -82.6743 -27.5174 4
      vertex -83.7454 -28.3393 4
      vertex -83.5556 -28.5556 4
    endloop
  endfacet
  facet normal 0 0 1
    outer loop
      vertex -82.821 -26.78 4
      vertex -84.125 -26.4306 4
      vertex -82.8427 -26.8891 4
    endloop
  endfacet
  facet normal 0 0 1
    outer loop
      vertex -82.7361 -27.425 4
      vertex -83.9053 -28.1 4
      vertex -83.7454 -28.3393 4
    endloop
  endfacet
  facet normal -0 0 1
    outer loop
      vertex -84.1812 -26.7128 4
      vertex -82.8427 -26.8891 4
      vertex -84.125 -26.4306 4
    endloop
  endfacet
  facet normal 0 0 1
    outer loop
      vertex -82.7853 -27.3253 4
      vertex -84.0325 -27.8419 4
      vertex -83.9053 -28.1 4
    endloop
  endfacet
  facet normal 0 0 1
    outer loop
      vertex -82.8427 -26.8891 4
      vertex -84.1812 -26.7128 4
      vertex -82.85 -27 4
    endloop
  endfacet
  facet normal 0 0 1
    outer loop
      vertex -82.821 -27.22 4
      vertex -84.125 -27.5694 4
      vertex -84.0325 -27.8419 4
    endloop
  endfacet
  facet normal 0 0 1
    outer loop
      vertex -84.2 -27 4
      vertex -82.85 -27 4
      vertex -84.1812 -26.7128 4
    endloop
  endfacet
  facet normal 0 0 1
    outer loop
      vertex -82.8427 -27.1109 4
      vertex -84.1812 -27.2872 4
      vertex -84.125 -27.5694 4
    endloop
  endfacet
  facet normal 0 0 1
    outer loop
      vertex -82.85 -27 4
      vertex -84.2 -27 4
      vertex -84.1812 -27.2872 4
    endloop
  endfacet
  facet normal -0.0653198 0.997864 0
    outer loop
      vertex -82 -24.8 2
      vertex -82.2872 -24.8188 4
      vertex -82 -24.8 4
    endloop
  endfacet
  facet normal -0.0653198 0.997864 0
    outer loop
      vertex -82.2872 -24.8188 4
      vertex -82 -24.8 2
      vertex -82.2872 -24.8188 2
    endloop
  endfacet
  facet normal 0.997864 -0.0653198 0
    outer loop
      vertex -79.8188 -27.2872 4
      vertex -79.8 -27 2
      vertex -79.8 -27 4
    endloop
  endfacet
  facet normal 0.997864 -0.0653198 0
    outer loop
      vertex -79.8 -27 2
      vertex -79.8188 -27.2872 4
      vertex -79.8188 -27.2872 2
    endloop
  endfacet
  facet normal 0.0653198 -0.997864 0
    outer loop
      vertex -82 -29.2 2
      vertex -81.7128 -29.1812 4
      vertex -82 -29.2 4
    endloop
  endfacet
  facet normal 0.0653198 -0.997864 0
    outer loop
      vertex -81.7128 -29.1812 4
      vertex -82 -29.2 2
      vertex -81.7128 -29.1812 2
    endloop
  endfacet
  facet normal 0.321435 -0.946931 0
    outer loop
      vertex -81.4306 -29.125 2
      vertex -81.1581 -29.0325 4
      vertex -81.4306 -29.125 4
    endloop
  endfacet
  facet normal 0.321435 -0.946931 0
    outer loop
      vertex -81.1581 -29.0325 4
      vertex -81.4306 -29.125 2
      vertex -81.1581 -29.0325 2
    endloop
  endfacet
  facet normal 0.555582 -0.831462 0
    outer loop
      vertex -80.9 -28.9053 2
      vertex -80.6607 -28.7454 4
      vertex -80.9 -28.9053 4
    endloop
  endfacet
  facet normal 0.555582 -0.831462 0
    outer loop
      vertex -80.6607 -28.7454 4
      vertex -80.9 -28.9053 2
      vertex -80.6607 -28.7454 2
    endloop
  endfacet
  facet normal 0.75165 -0.659562 0
    outer loop
      vertex -80.4444 -28.5556 4
      vertex -80.2546 -28.3393 2
      vertex -80.2546 -28.3393 4
    endloop
  endfacet
  facet normal 0.75165 -0.659562 0
    outer loop
      vertex -80.2546 -28.3393 2
      vertex -80.4444 -28.5556 4
      vertex -80.4444 -28.5556 2
    endloop
  endfacet
  facet normal 0.831462 -0.555582 0
    outer loop
      vertex -80.2546 -28.3393 4
      vertex -80.0947 -28.1 2
      vertex -80.0947 -28.1 4
    endloop
  endfacet
  facet normal 0.831462 -0.555582 0
    outer loop
      vertex -80.0947 -28.1 2
      vertex -80.2546 -28.3393 4
      vertex -80.2546 -28.3393 2
    endloop
  endfacet
  facet normal -0.659562 -0.75165 0
    outer loop
      vertex -83.5556 -28.5556 2
      vertex -83.3393 -28.7454 4
      vertex -83.5556 -28.5556 4
    endloop
  endfacet
  facet normal -0.659562 -0.75165 -0
    outer loop
      vertex -83.3393 -28.7454 4
      vertex -83.5556 -28.5556 2
      vertex -83.3393 -28.7454 2
    endloop
  endfacet
  facet normal -0.555582 -0.831462 0
    outer loop
      vertex -83.3393 -28.7454 2
      vertex -83.1 -28.9053 4
      vertex -83.3393 -28.7454 4
    endloop
  endfacet
  facet normal -0.555582 -0.831462 -0
    outer loop
      vertex -83.1 -28.9053 4
      vertex -83.3393 -28.7454 2
      vertex -83.1 -28.9053 2
    endloop
  endfacet
  facet normal -0.195314 -0.980741 0
    outer loop
      vertex -82.5694 -29.125 2
      vertex -82.2872 -29.1812 4
      vertex -82.5694 -29.125 4
    endloop
  endfacet
  facet normal -0.195314 -0.980741 -0
    outer loop
      vertex -82.2872 -29.1812 4
      vertex -82.5694 -29.125 2
      vertex -82.2872 -29.1812 2
    endloop
  endfacet
  facet normal -0.75165 -0.659562 0
    outer loop
      vertex -83.5556 -28.5556 2
      vertex -83.7454 -28.3393 4
      vertex -83.7454 -28.3393 2
    endloop
  endfacet
  facet normal -0.75165 -0.659562 0
    outer loop
      vertex -83.7454 -28.3393 4
      vertex -83.5556 -28.5556 2
      vertex -83.5556 -28.5556 4
    endloop
  endfacet
  facet normal -0.946931 -0.321435 0
    outer loop
      vertex -84.0325 -27.8419 2
      vertex -84.125 -27.5694 4
      vertex -84.125 -27.5694 2
    endloop
  endfacet
  facet normal -0.946931 -0.321435 0
    outer loop
      vertex -84.125 -27.5694 4
      vertex -84.0325 -27.8419 2
      vertex -84.0325 -27.8419 4
    endloop
  endfacet
  facet normal -0.997864 -0.0653198 0
    outer loop
      vertex -84.1812 -27.2872 2
      vertex -84.2 -27 4
      vertex -84.2 -27 2
    endloop
  endfacet
  facet normal -0.997864 -0.0653198 0
    outer loop
      vertex -84.2 -27 4
      vertex -84.1812 -27.2872 2
      vertex -84.1812 -27.2872 4
    endloop
  endfacet
  facet normal 0.831462 0.555582 0
    outer loop
      vertex -80.0947 -25.9 4
      vertex -80.2546 -25.6607 2
      vertex -80.2546 -25.6607 4
    endloop
  endfacet
  facet normal 0.831462 0.555582 0
    outer loop
      vertex -80.2546 -25.6607 2
      vertex -80.0947 -25.9 4
      vertex -80.0947 -25.9 2
    endloop
  endfacet
  facet normal -0.75165 0.659562 0
    outer loop
      vertex -83.7454 -25.6607 2
      vertex -83.5556 -25.4444 4
      vertex -83.5556 -25.4444 2
    endloop
  endfacet
  facet normal -0.75165 0.659562 0
    outer loop
      vertex -83.5556 -25.4444 4
      vertex -83.7454 -25.6607 2
      vertex -83.7454 -25.6607 4
    endloop
  endfacet
  facet normal -0.555582 0.831462 0
    outer loop
      vertex -83.1 -25.0947 2
      vertex -83.3393 -25.2546 4
      vertex -83.1 -25.0947 4
    endloop
  endfacet
  facet normal -0.555582 0.831462 0
    outer loop
      vertex -83.3393 -25.2546 4
      vertex -83.1 -25.0947 2
      vertex -83.3393 -25.2546 2
    endloop
  endfacet
  facet normal 0.195314 -0.980741 0
    outer loop
      vertex -81.7128 -29.1812 2
      vertex -81.4306 -29.125 4
      vertex -81.7128 -29.1812 4
    endloop
  endfacet
  facet normal 0.195314 -0.980741 0
    outer loop
      vertex -81.4306 -29.125 4
      vertex -81.7128 -29.1812 2
      vertex -81.4306 -29.125 2
    endloop
  endfacet
  facet normal 0.946931 -0.321435 0
    outer loop
      vertex -79.9675 -27.8419 4
      vertex -79.875 -27.5694 2
      vertex -79.875 -27.5694 4
    endloop
  endfacet
  facet normal 0.946931 -0.321435 0
    outer loop
      vertex -79.875 -27.5694 2
      vertex -79.9675 -27.8419 4
      vertex -79.9675 -27.8419 2
    endloop
  endfacet
  facet normal -0.980741 -0.195314 0
    outer loop
      vertex -84.125 -27.5694 2
      vertex -84.1812 -27.2872 4
      vertex -84.1812 -27.2872 2
    endloop
  endfacet
  facet normal -0.980741 -0.195314 0
    outer loop
      vertex -84.1812 -27.2872 4
      vertex -84.125 -27.5694 2
      vertex -84.125 -27.5694 4
    endloop
  endfacet
  facet normal 0.997864 0.0653198 0
    outer loop
      vertex 28.2 27 4
      vertex 28.1812 27.2872 2
      vertex 28.1812 27.2872 4
    endloop
  endfacet
  facet normal 0.997864 0.0653198 0
    outer loop
      vertex 28.1812 27.2872 2
      vertex 28.2 27 4
      vertex 28.2 27 2
    endloop
  endfacet
  facet normal -0.0653198 0.997864 0
    outer loop
      vertex 26 29.2 2
      vertex 25.7128 29.1812 4
      vertex 26 29.2 4
    endloop
  endfacet
  facet normal -0.0653198 0.997864 0
    outer loop
      vertex 25.7128 29.1812 4
      vertex 26 29.2 2
      vertex 25.7128 29.1812 2
    endloop
  endfacet
  facet normal 0.0653198 -0.997864 0
    outer loop
      vertex 26 24.8 2
      vertex 26.2872 24.8188 4
      vertex 26 24.8 4
    endloop
  endfacet
  facet normal 0.0653198 -0.997864 0
    outer loop
      vertex 26.2872 24.8188 4
      vertex 26 24.8 2
      vertex 26.2872 24.8188 2
    endloop
  endfacet
  facet normal 0.659562 0.75165 -0
    outer loop
      vertex 27.5556 28.5556 2
      vertex 27.3393 28.7454 4
      vertex 27.5556 28.5556 4
    endloop
  endfacet
  facet normal 0.659562 0.75165 0
    outer loop
      vertex 27.3393 28.7454 4
      vertex 27.5556 28.5556 2
      vertex 27.3393 28.7454 2
    endloop
  endfacet
  facet normal -0.75165 0.659562 0
    outer loop
      vertex 24.2546 28.3393 2
      vertex 24.4444 28.5556 4
      vertex 24.4444 28.5556 2
    endloop
  endfacet
  facet normal -0.75165 0.659562 0
    outer loop
      vertex 24.4444 28.5556 4
      vertex 24.2546 28.3393 2
      vertex 24.2546 28.3393 4
    endloop
  endfacet
  facet normal -0.442063 0.896984 0
    outer loop
      vertex 25.1581 29.0325 2
      vertex 24.9 28.9053 4
      vertex 25.1581 29.0325 4
    endloop
  endfacet
  facet normal -0.442063 0.896984 0
    outer loop
      vertex 24.9 28.9053 4
      vertex 25.1581 29.0325 2
      vertex 24.9 28.9053 2
    endloop
  endfacet
  facet normal 0.946931 -0.321435 0
    outer loop
      vertex 28.0325 26.1581 4
      vertex 28.125 26.4306 2
      vertex 28.125 26.4306 4
    endloop
  endfacet
  facet normal 0.946931 -0.321435 0
    outer loop
      vertex 28.125 26.4306 2
      vertex 28.0325 26.1581 4
      vertex 28.0325 26.1581 2
    endloop
  endfacet
  facet normal 0.896984 0.442063 0
    outer loop
      vertex 28.0325 27.8419 4
      vertex 27.9053 28.1 2
      vertex 27.9053 28.1 4
    endloop
  endfacet
  facet normal 0.896984 0.442063 0
    outer loop
      vertex 27.9053 28.1 2
      vertex 28.0325 27.8419 4
      vertex 28.0325 27.8419 2
    endloop
  endfacet
  facet normal 0.980741 0.195314 0
    outer loop
      vertex 28.1812 27.2872 4
      vertex 28.125 27.5694 2
      vertex 28.125 27.5694 4
    endloop
  endfacet
  facet normal 0.980741 0.195314 0
    outer loop
      vertex 28.125 27.5694 2
      vertex 28.1812 27.2872 4
      vertex 28.1812 27.2872 2
    endloop
  endfacet
  facet normal 0.321435 0.946931 -0
    outer loop
      vertex 26.8419 29.0325 2
      vertex 26.5694 29.125 4
      vertex 26.8419 29.0325 4
    endloop
  endfacet
  facet normal 0.321435 0.946931 0
    outer loop
      vertex 26.5694 29.125 4
      vertex 26.8419 29.0325 2
      vertex 26.5694 29.125 2
    endloop
  endfacet
  facet normal 0.555582 0.831462 -0
    outer loop
      vertex 27.3393 28.7454 2
      vertex 27.1 28.9053 4
      vertex 27.3393 28.7454 4
    endloop
  endfacet
  facet normal 0.555582 0.831462 0
    outer loop
      vertex 27.1 28.9053 4
      vertex 27.3393 28.7454 2
      vertex 27.1 28.9053 2
    endloop
  endfacet
  facet normal -0.946931 0.321435 0
    outer loop
      vertex 23.875 27.5694 2
      vertex 23.9675 27.8419 4
      vertex 23.9675 27.8419 2
    endloop
  endfacet
  facet normal -0.946931 0.321435 0
    outer loop
      vertex 23.9675 27.8419 4
      vertex 23.875 27.5694 2
      vertex 23.875 27.5694 4
    endloop
  endfacet
  facet normal -0.831462 0.555582 0
    outer loop
      vertex 24.0947 28.1 2
      vertex 24.2546 28.3393 4
      vertex 24.2546 28.3393 2
    endloop
  endfacet
  facet normal -0.831462 0.555582 0
    outer loop
      vertex 24.2546 28.3393 4
      vertex 24.0947 28.1 2
      vertex 24.0947 28.1 4
    endloop
  endfacet
  facet normal -0.195314 0.980741 0
    outer loop
      vertex 25.7128 29.1812 2
      vertex 25.4306 29.125 4
      vertex 25.7128 29.1812 4
    endloop
  endfacet
  facet normal -0.195314 0.980741 0
    outer loop
      vertex 25.4306 29.125 4
      vertex 25.7128 29.1812 2
      vertex 25.4306 29.125 2
    endloop
  endfacet
  facet normal 0.195314 -0.980741 0
    outer loop
      vertex 26.2872 24.8188 2
      vertex 26.5694 24.875 4
      vertex 26.2872 24.8188 4
    endloop
  endfacet
  facet normal 0.195314 -0.980741 0
    outer loop
      vertex 26.5694 24.875 4
      vertex 26.2872 24.8188 2
      vertex 26.5694 24.875 2
    endloop
  endfacet
  facet normal 0.946931 0.321435 0
    outer loop
      vertex 28.125 27.5694 4
      vertex 28.0325 27.8419 2
      vertex 28.0325 27.8419 4
    endloop
  endfacet
  facet normal 0.946931 0.321435 0
    outer loop
      vertex 28.0325 27.8419 2
      vertex 28.125 27.5694 4
      vertex 28.125 27.5694 2
    endloop
  endfacet
  facet normal 0.75165 0.659562 0
    outer loop
      vertex 27.7454 28.3393 4
      vertex 27.5556 28.5556 2
      vertex 27.5556 28.5556 4
    endloop
  endfacet
  facet normal 0.75165 0.659562 0
    outer loop
      vertex 27.5556 28.5556 2
      vertex 27.7454 28.3393 4
      vertex 27.7454 28.3393 2
    endloop
  endfacet
  facet normal 0.831462 0.555582 0
    outer loop
      vertex 27.9053 28.1 4
      vertex 27.7454 28.3393 2
      vertex 27.7454 28.3393 4
    endloop
  endfacet
  facet normal 0.831462 0.555582 0
    outer loop
      vertex 27.7454 28.3393 2
      vertex 27.9053 28.1 4
      vertex 27.9053 28.1 2
    endloop
  endfacet
  facet normal 0.195314 0.980741 -0
    outer loop
      vertex 26.5694 29.125 2
      vertex 26.2872 29.1812 4
      vertex 26.5694 29.125 4
    endloop
  endfacet
  facet normal 0.195314 0.980741 0
    outer loop
      vertex 26.2872 29.1812 4
      vertex 26.5694 29.125 2
      vertex 26.2872 29.1812 2
    endloop
  endfacet
  facet normal 0.0653198 0.997864 -0
    outer loop
      vertex 26.2872 29.1812 2
      vertex 26 29.2 4
      vertex 26.2872 29.1812 4
    endloop
  endfacet
  facet normal 0.0653198 0.997864 0
    outer loop
      vertex 26 29.2 4
      vertex 26.2872 29.1812 2
      vertex 26 29.2 2
    endloop
  endfacet
  facet normal 0.442063 0.896984 -0
    outer loop
      vertex 27.1 28.9053 2
      vertex 26.8419 29.0325 4
      vertex 27.1 28.9053 4
    endloop
  endfacet
  facet normal 0.442063 0.896984 0
    outer loop
      vertex 26.8419 29.0325 4
      vertex 27.1 28.9053 2
      vertex 26.8419 29.0325 2
    endloop
  endfacet
  facet normal -0.896984 0.442063 0
    outer loop
      vertex 23.9675 27.8419 2
      vertex 24.0947 28.1 4
      vertex 24.0947 28.1 2
    endloop
  endfacet
  facet normal -0.896984 0.442063 0
    outer loop
      vertex 24.0947 28.1 4
      vertex 23.9675 27.8419 2
      vertex 23.9675 27.8419 4
    endloop
  endfacet
  facet normal -0.980741 0.195314 0
    outer loop
      vertex 23.8188 27.2872 2
      vertex 23.875 27.5694 4
      vertex 23.875 27.5694 2
    endloop
  endfacet
  facet normal -0.980741 0.195314 0
    outer loop
      vertex 23.875 27.5694 4
      vertex 23.8188 27.2872 2
      vertex 23.8188 27.2872 4
    endloop
  endfacet
  facet normal -0.997864 0.0653198 0
    outer loop
      vertex 23.8 27 2
      vertex 23.8188 27.2872 4
      vertex 23.8188 27.2872 2
    endloop
  endfacet
  facet normal -0.997864 0.0653198 0
    outer loop
      vertex 23.8188 27.2872 4
      vertex 23.8 27 2
      vertex 23.8 27 4
    endloop
  endfacet
  facet normal -0.997864 -0.0653198 0
    outer loop
      vertex 23.8188 26.7128 2
      vertex 23.8 27 4
      vertex 23.8 27 2
    endloop
  endfacet
  facet normal -0.997864 -0.0653198 0
    outer loop
      vertex 23.8 27 4
      vertex 23.8188 26.7128 2
      vertex 23.8188 26.7128 4
    endloop
  endfacet
  facet normal -0.555582 0.831462 0
    outer loop
      vertex 24.9 28.9053 2
      vertex 24.6607 28.7454 4
      vertex 24.9 28.9053 4
    endloop
  endfacet
  facet normal -0.555582 0.831462 0
    outer loop
      vertex 24.6607 28.7454 4
      vertex 24.9 28.9053 2
      vertex 24.6607 28.7454 2
    endloop
  endfacet
  facet normal -0.659562 0.75165 0
    outer loop
      vertex 24.6607 28.7454 2
      vertex 24.4444 28.5556 4
      vertex 24.6607 28.7454 4
    endloop
  endfacet
  facet normal -0.659562 0.75165 0
    outer loop
      vertex 24.4444 28.5556 4
      vertex 24.6607 28.7454 2
      vertex 24.4444 28.5556 2
    endloop
  endfacet
  facet normal -0.321435 0.946931 0
    outer loop
      vertex 25.4306 29.125 2
      vertex 25.1581 29.0325 4
      vertex 25.4306 29.125 4
    endloop
  endfacet
  facet normal -0.321435 0.946931 0
    outer loop
      vertex 25.1581 29.0325 4
      vertex 25.4306 29.125 2
      vertex 25.1581 29.0325 2
    endloop
  endfacet
  facet normal 0.997864 -0.0653198 0
    outer loop
      vertex 28.1812 26.7128 4
      vertex 28.2 27 2
      vertex 28.2 27 4
    endloop
  endfacet
  facet normal 0.997864 -0.0653198 0
    outer loop
      vertex 28.2 27 2
      vertex 28.1812 26.7128 4
      vertex 28.1812 26.7128 2
    endloop
  endfacet
  facet normal 0.555582 -0.831462 0
    outer loop
      vertex 27.1 25.0947 2
      vertex 27.3393 25.2546 4
      vertex 27.1 25.0947 4
    endloop
  endfacet
  facet normal 0.555582 -0.831462 0
    outer loop
      vertex 27.3393 25.2546 4
      vertex 27.1 25.0947 2
      vertex 27.3393 25.2546 2
    endloop
  endfacet
  facet normal 0.75165 -0.659562 0
    outer loop
      vertex 27.5556 25.4444 4
      vertex 27.7454 25.6607 2
      vertex 27.7454 25.6607 4
    endloop
  endfacet
  facet normal 0.75165 -0.659562 0
    outer loop
      vertex 27.7454 25.6607 2
      vertex 27.5556 25.4444 4
      vertex 27.5556 25.4444 2
    endloop
  endfacet
  facet normal 0.896984 -0.442063 0
    outer loop
      vertex 27.9053 25.9 4
      vertex 28.0325 26.1581 2
      vertex 28.0325 26.1581 4
    endloop
  endfacet
  facet normal 0.896984 -0.442063 0
    outer loop
      vertex 28.0325 26.1581 2
      vertex 27.9053 25.9 4
      vertex 27.9053 25.9 2
    endloop
  endfacet
  facet normal 0.980741 -0.195314 0
    outer loop
      vertex 28.125 26.4306 4
      vertex 28.1812 26.7128 2
      vertex 28.1812 26.7128 4
    endloop
  endfacet
  facet normal 0.980741 -0.195314 0
    outer loop
      vertex 28.1812 26.7128 2
      vertex 28.125 26.4306 4
      vertex 28.125 26.4306 2
    endloop
  endfacet
  facet normal -0.980741 -0.195314 0
    outer loop
      vertex 23.875 26.4306 2
      vertex 23.8188 26.7128 4
      vertex 23.8188 26.7128 2
    endloop
  endfacet
  facet normal -0.980741 -0.195314 0
    outer loop
      vertex 23.8188 26.7128 4
      vertex 23.875 26.4306 2
      vertex 23.875 26.4306 4
    endloop
  endfacet
  facet normal 0 0 1
    outer loop
      vertex 26.85 27 4
      vertex 28.2 27 4
      vertex 28.1812 27.2872 4
    endloop
  endfacet
  facet normal 0 0 1
    outer loop
      vertex 26.8427 27.1109 4
      vertex 28.1812 27.2872 4
      vertex 28.125 27.5694 4
    endloop
  endfacet
  facet normal 0 0 1
    outer loop
      vertex 28.2 27 4
      vertex 26.85 27 4
      vertex 28.1812 26.7128 4
    endloop
  endfacet
  facet normal 0 0 1
    outer loop
      vertex 26.821 27.22 4
      vertex 28.125 27.5694 4
      vertex 28.0325 27.8419 4
    endloop
  endfacet
  facet normal -0 0 1
    outer loop
      vertex 26.8427 26.8891 4
      vertex 28.1812 26.7128 4
      vertex 26.85 27 4
    endloop
  endfacet
  facet normal 0 0 1
    outer loop
      vertex 26.7853 27.3253 4
      vertex 28.0325 27.8419 4
      vertex 27.9053 28.1 4
    endloop
  endfacet
  facet normal 0 0 1
    outer loop
      vertex 28.1812 26.7128 4
      vertex 26.8427 26.8891 4
      vertex 28.125 26.4306 4
    endloop
  endfacet
  facet normal 0 0 1
    outer loop
      vertex 26.7361 27.425 4
      vertex 27.9053 28.1 4
      vertex 27.7454 28.3393 4
    endloop
  endfacet
  facet normal -0 0 1
    outer loop
      vertex 26.821 26.78 4
      vertex 28.125 26.4306 4
      vertex 26.8427 26.8891 4
    endloop
  endfacet
  facet normal 0 0 1
    outer loop
      vertex 26.6744 27.5174 4
      vertex 27.7454 28.3393 4
      vertex 27.5556 28.5556 4
    endloop
  endfacet
  facet normal 0 0 1
    outer loop
      vertex 28.125 26.4306 4
      vertex 26.821 26.78 4
      vertex 28.0325 26.1581 4
    endloop
  endfacet
  facet normal 0 0 1
    outer loop
      vertex 26.601 27.601 4
      vertex 27.5556 28.5556 4
      vertex 27.3393 28.7454 4
    endloop
  endfacet
  facet normal -0 0 1
    outer loop
      vertex 26.7853 26.6747 4
      vertex 28.0325 26.1581 4
      vertex 26.821 26.78 4
    endloop
  endfacet
  facet normal 0 0 1
    outer loop
      vertex 26.5174 27.6744 4
      vertex 27.3393 28.7454 4
      vertex 27.1 28.9053 4
    endloop
  endfacet
  facet normal 0 0 1
    outer loop
      vertex 28.0325 26.1581 4
      vertex 26.7853 26.6747 4
      vertex 27.9053 25.9 4
    endloop
  endfacet
  facet normal -0 0 1
    outer loop
      vertex 26.7361 26.575 4
      vertex 27.9053 25.9 4
      vertex 26.7853 26.6747 4
    endloop
  endfacet
  facet normal 0 0 1
    outer loop
      vertex 28.1812 27.2872 4
      vertex 26.8427 27.1109 4
      vertex 26.85 27 4
    endloop
  endfacet
  facet normal 0 0 1
    outer loop
      vertex 26.425 27.7361 4
      vertex 27.1 28.9053 4
      vertex 26.8419 29.0325 4
    endloop
  endfacet
  facet normal 0 0 1
    outer loop
      vertex 28.125 27.5694 4
      vertex 26.821 27.22 4
      vertex 26.8427 27.1109 4
    endloop
  endfacet
  facet normal 0 0 1
    outer loop
      vertex 28.0325 27.8419 4
      vertex 26.7853 27.3253 4
      vertex 26.821 27.22 4
    endloop
  endfacet
  facet normal 0 0 1
    outer loop
      vertex 27.9053 28.1 4
      vertex 26.7361 27.425 4
      vertex 26.7853 27.3253 4
    endloop
  endfacet
  facet normal 0 0 1
    outer loop
      vertex 27.7454 28.3393 4
      vertex 26.6744 27.5174 4
      vertex 26.7361 27.425 4
    endloop
  endfacet
  facet normal 0 0 1
    outer loop
      vertex 27.5556 28.5556 4
      vertex 26.601 27.601 4
      vertex 26.6744 27.5174 4
    endloop
  endfacet
  facet normal 0 0 1
    outer loop
      vertex 26.3253 27.7853 4
      vertex 26.8419 29.0325 4
      vertex 26.5694 29.125 4
    endloop
  endfacet
  facet normal 0 0 1
    outer loop
      vertex 27.3393 28.7454 4
      vertex 26.5174 27.6744 4
      vertex 26.601 27.601 4
    endloop
  endfacet
  facet normal 0 0 1
    outer loop
      vertex 27.1 28.9053 4
      vertex 26.425 27.7361 4
      vertex 26.5174 27.6744 4
    endloop
  endfacet
  facet normal 0 0 1
    outer loop
      vertex 26.8419 29.0325 4
      vertex 26.3253 27.7853 4
      vertex 26.425 27.7361 4
    endloop
  endfacet
  facet normal 0 0 1
    outer loop
      vertex 26.22 27.821 4
      vertex 26.5694 29.125 4
      vertex 26.2872 29.1812 4
    endloop
  endfacet
  facet normal 0 0 1
    outer loop
      vertex 26.5694 29.125 4
      vertex 26.22 27.821 4
      vertex 26.3253 27.7853 4
    endloop
  endfacet
  facet normal 0 0 1
    outer loop
      vertex 26.2872 29.1812 4
      vertex 26.1109 27.8427 4
      vertex 26.22 27.821 4
    endloop
  endfacet
  facet normal 0 0 1
    outer loop
      vertex 26 29.2 4
      vertex 26.1109 27.8427 4
      vertex 26.2872 29.1812 4
    endloop
  endfacet
  facet normal 0 0 1
    outer loop
      vertex 26 29.2 4
      vertex 26 27.85 4
      vertex 26.1109 27.8427 4
    endloop
  endfacet
  facet normal 0 0 1
    outer loop
      vertex 26 29.2 4
      vertex 25.8891 27.8427 4
      vertex 26 27.85 4
    endloop
  endfacet
  facet normal -0 0 1
    outer loop
      vertex 25.7128 29.1812 4
      vertex 25.8891 27.8427 4
      vertex 26 29.2 4
    endloop
  endfacet
  facet normal 0 0 1
    outer loop
      vertex 25.8891 27.8427 4
      vertex 25.7128 29.1812 4
      vertex 25.78 27.821 4
    endloop
  endfacet
  facet normal -0 0 1
    outer loop
      vertex 25.4306 29.125 4
      vertex 25.78 27.821 4
      vertex 25.7128 29.1812 4
    endloop
  endfacet
  facet normal 0 0 1
    outer loop
      vertex 25.78 27.821 4
      vertex 25.4306 29.125 4
      vertex 25.6747 27.7853 4
    endloop
  endfacet
  facet normal -0 0 1
    outer loop
      vertex 25.1581 29.0325 4
      vertex 25.6747 27.7853 4
      vertex 25.4306 29.125 4
    endloop
  endfacet
  facet normal 0 0 1
    outer loop
      vertex 25.6747 27.7853 4
      vertex 25.1581 29.0325 4
      vertex 25.575 27.7361 4
    endloop
  endfacet
  facet normal -0 0 1
    outer loop
      vertex 24.9 28.9053 4
      vertex 25.575 27.7361 4
      vertex 25.1581 29.0325 4
    endloop
  endfacet
  facet normal 0 0 1
    outer loop
      vertex 25.575 27.7361 4
      vertex 24.9 28.9053 4
      vertex 25.4826 27.6744 4
    endloop
  endfacet
  facet normal -0 0 1
    outer loop
      vertex 24.6607 28.7454 4
      vertex 25.4826 27.6744 4
      vertex 24.9 28.9053 4
    endloop
  endfacet
  facet normal 0 0 1
    outer loop
      vertex 25.4826 27.6744 4
      vertex 24.6607 28.7454 4
      vertex 25.399 27.601 4
    endloop
  endfacet
  facet normal -0 0 1
    outer loop
      vertex 24.4444 28.5556 4
      vertex 25.399 27.601 4
      vertex 24.6607 28.7454 4
    endloop
  endfacet
  facet normal 0 0 1
    outer loop
      vertex 25.399 27.601 4
      vertex 24.4444 28.5556 4
      vertex 25.3256 27.5174 4
    endloop
  endfacet
  facet normal -0 0 1
    outer loop
      vertex 24.2546 28.3393 4
      vertex 25.3256 27.5174 4
      vertex 24.4444 28.5556 4
    endloop
  endfacet
  facet normal 0 0 1
    outer loop
      vertex 25.3256 27.5174 4
      vertex 24.2546 28.3393 4
      vertex 25.2639 27.425 4
    endloop
  endfacet
  facet normal -0 0 1
    outer loop
      vertex 24.0947 28.1 4
      vertex 25.2639 27.425 4
      vertex 24.2546 28.3393 4
    endloop
  endfacet
  facet normal 0 0 1
    outer loop
      vertex 27.9053 25.9 4
      vertex 26.7361 26.575 4
      vertex 27.7454 25.6607 4
    endloop
  endfacet
  facet normal -0 0 1
    outer loop
      vertex 26.6744 26.4826 4
      vertex 27.7454 25.6607 4
      vertex 26.7361 26.575 4
    endloop
  endfacet
  facet normal 0 0 1
    outer loop
      vertex 27.7454 25.6607 4
      vertex 26.6744 26.4826 4
      vertex 27.5556 25.4444 4
    endloop
  endfacet
  facet normal -0 0 1
    outer loop
      vertex 26.601 26.399 4
      vertex 27.5556 25.4444 4
      vertex 26.6744 26.4826 4
    endloop
  endfacet
  facet normal 0 0 1
    outer loop
      vertex 27.5556 25.4444 4
      vertex 26.601 26.399 4
      vertex 27.3393 25.2546 4
    endloop
  endfacet
  facet normal -0 0 1
    outer loop
      vertex 26.5174 26.3256 4
      vertex 27.3393 25.2546 4
      vertex 26.601 26.399 4
    endloop
  endfacet
  facet normal 0 0 1
    outer loop
      vertex 27.3393 25.2546 4
      vertex 26.5174 26.3256 4
      vertex 27.1 25.0947 4
    endloop
  endfacet
  facet normal -0 0 1
    outer loop
      vertex 26.425 26.2639 4
      vertex 27.1 25.0947 4
      vertex 26.5174 26.3256 4
    endloop
  endfacet
  facet normal 0 0 1
    outer loop
      vertex 27.1 25.0947 4
      vertex 26.425 26.2639 4
      vertex 26.8419 24.9675 4
    endloop
  endfacet
  facet normal -0 0 1
    outer loop
      vertex 26.3253 26.2147 4
      vertex 26.8419 24.9675 4
      vertex 26.425 26.2639 4
    endloop
  endfacet
  facet normal 0 0 1
    outer loop
      vertex 26.8419 24.9675 4
      vertex 26.3253 26.2147 4
      vertex 26.5694 24.875 4
    endloop
  endfacet
  facet normal -0 0 1
    outer loop
      vertex 26.22 26.179 4
      vertex 26.5694 24.875 4
      vertex 26.3253 26.2147 4
    endloop
  endfacet
  facet normal 0 0 1
    outer loop
      vertex 26.5694 24.875 4
      vertex 26.22 26.179 4
      vertex 26.2872 24.8188 4
    endloop
  endfacet
  facet normal -0 0 1
    outer loop
      vertex 26.1109 26.1573 4
      vertex 26.2872 24.8188 4
      vertex 26.22 26.179 4
    endloop
  endfacet
  facet normal -0 0 1
    outer loop
      vertex 26 26.15 4
      vertex 26.2872 24.8188 4
      vertex 26.1109 26.1573 4
    endloop
  endfacet
  facet normal 0 0 1
    outer loop
      vertex 26 26.15 4
      vertex 26 24.8 4
      vertex 26.2872 24.8188 4
    endloop
  endfacet
  facet normal 0 0 1
    outer loop
      vertex 25.8891 26.1573 4
      vertex 26 24.8 4
      vertex 26 26.15 4
    endloop
  endfacet
  facet normal 0 0 1
    outer loop
      vertex 25.7128 24.8188 4
      vertex 25.8891 26.1573 4
      vertex 25.78 26.179 4
    endloop
  endfacet
  facet normal 0 0 1
    outer loop
      vertex 25.8891 26.1573 4
      vertex 25.7128 24.8188 4
      vertex 26 24.8 4
    endloop
  endfacet
  facet normal 0 0 1
    outer loop
      vertex 25.4306 24.875 4
      vertex 25.78 26.179 4
      vertex 25.6747 26.2147 4
    endloop
  endfacet
  facet normal 0 0 1
    outer loop
      vertex 25.1581 24.9675 4
      vertex 25.6747 26.2147 4
      vertex 25.575 26.2639 4
    endloop
  endfacet
  facet normal 0 0 1
    outer loop
      vertex 24.9 25.0947 4
      vertex 25.575 26.2639 4
      vertex 25.4826 26.3256 4
    endloop
  endfacet
  facet normal 0 0 1
    outer loop
      vertex 25.78 26.179 4
      vertex 25.4306 24.875 4
      vertex 25.7128 24.8188 4
    endloop
  endfacet
  facet normal 0 0 1
    outer loop
      vertex 24.6607 25.2546 4
      vertex 25.4826 26.3256 4
      vertex 25.399 26.399 4
    endloop
  endfacet
  facet normal 0 0 1
    outer loop
      vertex 24.4444 25.4444 4
      vertex 25.399 26.399 4
      vertex 25.3256 26.4826 4
    endloop
  endfacet
  facet normal 0 0 1
    outer loop
      vertex 24.2546 25.6607 4
      vertex 25.3256 26.4826 4
      vertex 25.2639 26.575 4
    endloop
  endfacet
  facet normal 0 0 1
    outer loop
      vertex 24.0947 25.9 4
      vertex 25.2639 26.575 4
      vertex 25.2147 26.6747 4
    endloop
  endfacet
  facet normal 0 0 1
    outer loop
      vertex 23.9675 26.1581 4
      vertex 25.2147 26.6747 4
      vertex 25.179 26.78 4
    endloop
  endfacet
  facet normal 0 0 1
    outer loop
      vertex 25.6747 26.2147 4
      vertex 25.1581 24.9675 4
      vertex 25.4306 24.875 4
    endloop
  endfacet
  facet normal 0 0 1
    outer loop
      vertex 23.875 26.4306 4
      vertex 25.179 26.78 4
      vertex 25.1573 26.8891 4
    endloop
  endfacet
  facet normal 0 0 1
    outer loop
      vertex 23.8188 26.7128 4
      vertex 25.1573 26.8891 4
      vertex 25.15 27 4
    endloop
  endfacet
  facet normal 0 0 1
    outer loop
      vertex 25.2639 27.425 4
      vertex 24.0947 28.1 4
      vertex 25.2147 27.3253 4
    endloop
  endfacet
  facet normal 0 0 1
    outer loop
      vertex 25.575 26.2639 4
      vertex 24.9 25.0947 4
      vertex 25.1581 24.9675 4
    endloop
  endfacet
  facet normal -0 0 1
    outer loop
      vertex 23.9675 27.8419 4
      vertex 25.2147 27.3253 4
      vertex 24.0947 28.1 4
    endloop
  endfacet
  facet normal 0 0 1
    outer loop
      vertex 25.4826 26.3256 4
      vertex 24.6607 25.2546 4
      vertex 24.9 25.0947 4
    endloop
  endfacet
  facet normal 0 0 1
    outer loop
      vertex 25.2147 27.3253 4
      vertex 23.9675 27.8419 4
      vertex 25.179 27.22 4
    endloop
  endfacet
  facet normal 0 0 1
    outer loop
      vertex 25.399 26.399 4
      vertex 24.4444 25.4444 4
      vertex 24.6607 25.2546 4
    endloop
  endfacet
  facet normal -0 0 1
    outer loop
      vertex 23.875 27.5694 4
      vertex 25.179 27.22 4
      vertex 23.9675 27.8419 4
    endloop
  endfacet
  facet normal 0 0 1
    outer loop
      vertex 25.3256 26.4826 4
      vertex 24.2546 25.6607 4
      vertex 24.4444 25.4444 4
    endloop
  endfacet
  facet normal 0 0 1
    outer loop
      vertex 25.179 27.22 4
      vertex 23.875 27.5694 4
      vertex 25.1573 27.1109 4
    endloop
  endfacet
  facet normal 0 0 1
    outer loop
      vertex 25.2639 26.575 4
      vertex 24.0947 25.9 4
      vertex 24.2546 25.6607 4
    endloop
  endfacet
  facet normal -0 0 1
    outer loop
      vertex 23.8188 27.2872 4
      vertex 25.1573 27.1109 4
      vertex 23.875 27.5694 4
    endloop
  endfacet
  facet normal 0 0 1
    outer loop
      vertex 25.2147 26.6747 4
      vertex 23.9675 26.1581 4
      vertex 24.0947 25.9 4
    endloop
  endfacet
  facet normal 0 0 1
    outer loop
      vertex 25.1573 27.1109 4
      vertex 23.8188 27.2872 4
      vertex 25.15 27 4
    endloop
  endfacet
  facet normal 0 0 1
    outer loop
      vertex 25.179 26.78 4
      vertex 23.875 26.4306 4
      vertex 23.9675 26.1581 4
    endloop
  endfacet
  facet normal 0 0 1
    outer loop
      vertex 23.8 27 4
      vertex 25.15 27 4
      vertex 23.8188 27.2872 4
    endloop
  endfacet
  facet normal 0 0 1
    outer loop
      vertex 25.1573 26.8891 4
      vertex 23.8188 26.7128 4
      vertex 23.875 26.4306 4
    endloop
  endfacet
  facet normal 0 0 1
    outer loop
      vertex 25.15 27 4
      vertex 23.8 27 4
      vertex 23.8188 26.7128 4
    endloop
  endfacet
  facet normal 0.831462 -0.555582 0
    outer loop
      vertex 27.7454 25.6607 4
      vertex 27.9053 25.9 2
      vertex 27.9053 25.9 4
    endloop
  endfacet
  facet normal 0.831462 -0.555582 0
    outer loop
      vertex 27.9053 25.9 2
      vertex 27.7454 25.6607 4
      vertex 27.7454 25.6607 2
    endloop
  endfacet
  facet normal -0.659562 -0.75165 0
    outer loop
      vertex 24.4444 25.4444 2
      vertex 24.6607 25.2546 4
      vertex 24.4444 25.4444 4
    endloop
  endfacet
  facet normal -0.659562 -0.75165 -0
    outer loop
      vertex 24.6607 25.2546 4
      vertex 24.4444 25.4444 2
      vertex 24.6607 25.2546 2
    endloop
  endfacet
  facet normal -0.831462 -0.555582 0
    outer loop
      vertex 24.2546 25.6607 2
      vertex 24.0947 25.9 4
      vertex 24.0947 25.9 2
    endloop
  endfacet
  facet normal -0.831462 -0.555582 0
    outer loop
      vertex 24.0947 25.9 4
      vertex 24.2546 25.6607 2
      vertex 24.2546 25.6607 4
    endloop
  endfacet
  facet normal -0.946931 -0.321435 0
    outer loop
      vertex 23.9675 26.1581 2
      vertex 23.875 26.4306 4
      vertex 23.875 26.4306 2
    endloop
  endfacet
  facet normal -0.946931 -0.321435 0
    outer loop
      vertex 23.875 26.4306 4
      vertex 23.9675 26.1581 2
      vertex 23.9675 26.1581 4
    endloop
  endfacet
  facet normal 0.442063 -0.896984 0
    outer loop
      vertex 26.8419 24.9675 2
      vertex 27.1 25.0947 4
      vertex 26.8419 24.9675 4
    endloop
  endfacet
  facet normal 0.442063 -0.896984 0
    outer loop
      vertex 27.1 25.0947 4
      vertex 26.8419 24.9675 2
      vertex 27.1 25.0947 2
    endloop
  endfacet
  facet normal 0.321435 -0.946931 0
    outer loop
      vertex 26.5694 24.875 2
      vertex 26.8419 24.9675 4
      vertex 26.5694 24.875 4
    endloop
  endfacet
  facet normal 0.321435 -0.946931 0
    outer loop
      vertex 26.8419 24.9675 4
      vertex 26.5694 24.875 2
      vertex 26.8419 24.9675 2
    endloop
  endfacet
  facet normal 0.659562 -0.75165 0
    outer loop
      vertex 27.3393 25.2546 2
      vertex 27.5556 25.4444 4
      vertex 27.3393 25.2546 4
    endloop
  endfacet
  facet normal 0.659562 -0.75165 0
    outer loop
      vertex 27.5556 25.4444 4
      vertex 27.3393 25.2546 2
      vertex 27.5556 25.4444 2
    endloop
  endfacet
  facet normal -0.321435 -0.946931 0
    outer loop
      vertex 25.1581 24.9675 2
      vertex 25.4306 24.875 4
      vertex 25.1581 24.9675 4
    endloop
  endfacet
  facet normal -0.321435 -0.946931 -0
    outer loop
      vertex 25.4306 24.875 4
      vertex 25.1581 24.9675 2
      vertex 25.4306 24.875 2
    endloop
  endfacet
  facet normal -0.195314 -0.980741 0
    outer loop
      vertex 25.4306 24.875 2
      vertex 25.7128 24.8188 4
      vertex 25.4306 24.875 4
    endloop
  endfacet
  facet normal -0.195314 -0.980741 -0
    outer loop
      vertex 25.7128 24.8188 4
      vertex 25.4306 24.875 2
      vertex 25.7128 24.8188 2
    endloop
  endfacet
  facet normal -0.896984 -0.442063 0
    outer loop
      vertex 24.0947 25.9 2
      vertex 23.9675 26.1581 4
      vertex 23.9675 26.1581 2
    endloop
  endfacet
  facet normal -0.896984 -0.442063 0
    outer loop
      vertex 23.9675 26.1581 4
      vertex 24.0947 25.9 2
      vertex 24.0947 25.9 4
    endloop
  endfacet
  facet normal -0.555582 -0.831462 0
    outer loop
      vertex 24.6607 25.2546 2
      vertex 24.9 25.0947 4
      vertex 24.6607 25.2546 4
    endloop
  endfacet
  facet normal -0.555582 -0.831462 -0
    outer loop
      vertex 24.9 25.0947 4
      vertex 24.6607 25.2546 2
      vertex 24.9 25.0947 2
    endloop
  endfacet
  facet normal -0.442063 -0.896984 0
    outer loop
      vertex 24.9 25.0947 2
      vertex 25.1581 24.9675 4
      vertex 24.9 25.0947 4
    endloop
  endfacet
  facet normal -0.442063 -0.896984 -0
    outer loop
      vertex 25.1581 24.9675 4
      vertex 24.9 25.0947 2
      vertex 25.1581 24.9675 2
    endloop
  endfacet
  facet normal -0.0653198 -0.997864 0
    outer loop
      vertex 25.7128 24.8188 2
      vertex 26 24.8 4
      vertex 25.7128 24.8188 4
    endloop
  endfacet
  facet normal -0.0653198 -0.997864 -0
    outer loop
      vertex 26 24.8 4
      vertex 25.7128 24.8188 2
      vertex 26 24.8 2
    endloop
  endfacet
  facet normal -0.75165 -0.659562 0
    outer loop
      vertex 24.4444 25.4444 2
      vertex 24.2546 25.6607 4
      vertex 24.2546 25.6607 2
    endloop
  endfacet
  facet normal -0.75165 -0.659562 0
    outer loop
      vertex 24.2546 25.6607 4
      vertex 24.4444 25.4444 2
      vertex 24.4444 25.4444 4
    endloop
  endfacet
  facet normal 0.997864 0.0653198 0
    outer loop
      vertex 28.2 -27 4
      vertex 28.1812 -26.7128 2
      vertex 28.1812 -26.7128 4
    endloop
  endfacet
  facet normal 0.997864 0.0653198 0
    outer loop
      vertex 28.1812 -26.7128 2
      vertex 28.2 -27 4
      vertex 28.2 -27 2
    endloop
  endfacet
  facet normal -0.997864 0.0653198 0
    outer loop
      vertex 23.8 -27 2
      vertex 23.8188 -26.7128 4
      vertex 23.8188 -26.7128 2
    endloop
  endfacet
  facet normal -0.997864 0.0653198 0
    outer loop
      vertex 23.8188 -26.7128 4
      vertex 23.8 -27 2
      vertex 23.8 -27 4
    endloop
  endfacet
  facet normal 0.0653198 0.997864 -0
    outer loop
      vertex 26.2872 -24.8188 2
      vertex 26 -24.8 4
      vertex 26.2872 -24.8188 4
    endloop
  endfacet
  facet normal 0.0653198 0.997864 0
    outer loop
      vertex 26 -24.8 4
      vertex 26.2872 -24.8188 2
      vertex 26 -24.8 2
    endloop
  endfacet
  facet normal 0.75165 0.659562 0
    outer loop
      vertex 27.7454 -25.6607 4
      vertex 27.5556 -25.4444 2
      vertex 27.5556 -25.4444 4
    endloop
  endfacet
  facet normal 0.75165 0.659562 0
    outer loop
      vertex 27.5556 -25.4444 2
      vertex 27.7454 -25.6607 4
      vertex 27.7454 -25.6607 2
    endloop
  endfacet
  facet normal -0.659562 0.75165 0
    outer loop
      vertex 24.6607 -25.2546 2
      vertex 24.4444 -25.4444 4
      vertex 24.6607 -25.2546 4
    endloop
  endfacet
  facet normal -0.659562 0.75165 0
    outer loop
      vertex 24.4444 -25.4444 4
      vertex 24.6607 -25.2546 2
      vertex 24.4444 -25.4444 2
    endloop
  endfacet
  facet normal -0.321435 0.946931 0
    outer loop
      vertex 25.4306 -24.875 2
      vertex 25.1581 -24.9675 4
      vertex 25.4306 -24.875 4
    endloop
  endfacet
  facet normal -0.321435 0.946931 0
    outer loop
      vertex 25.1581 -24.9675 4
      vertex 25.4306 -24.875 2
      vertex 25.1581 -24.9675 2
    endloop
  endfacet
  facet normal 0.946931 0.321435 0
    outer loop
      vertex 28.125 -26.4306 4
      vertex 28.0325 -26.1581 2
      vertex 28.0325 -26.1581 4
    endloop
  endfacet
  facet normal 0.946931 0.321435 0
    outer loop
      vertex 28.0325 -26.1581 2
      vertex 28.125 -26.4306 4
      vertex 28.125 -26.4306 2
    endloop
  endfacet
  facet normal 0.980741 0.195314 0
    outer loop
      vertex 28.1812 -26.7128 4
      vertex 28.125 -26.4306 2
      vertex 28.125 -26.4306 4
    endloop
  endfacet
  facet normal 0.980741 0.195314 0
    outer loop
      vertex 28.125 -26.4306 2
      vertex 28.1812 -26.7128 4
      vertex 28.1812 -26.7128 2
    endloop
  endfacet
  facet normal 0.896984 0.442063 0
    outer loop
      vertex 28.0325 -26.1581 4
      vertex 27.9053 -25.9 2
      vertex 27.9053 -25.9 4
    endloop
  endfacet
  facet normal 0.896984 0.442063 0
    outer loop
      vertex 27.9053 -25.9 2
      vertex 28.0325 -26.1581 4
      vertex 28.0325 -26.1581 2
    endloop
  endfacet
  facet normal 0.442063 0.896984 -0
    outer loop
      vertex 27.1 -25.0947 2
      vertex 26.8419 -24.9675 4
      vertex 27.1 -25.0947 4
    endloop
  endfacet
  facet normal 0.442063 0.896984 0
    outer loop
      vertex 26.8419 -24.9675 4
      vertex 27.1 -25.0947 2
      vertex 26.8419 -24.9675 2
    endloop
  endfacet
  facet normal 0.321435 0.946931 -0
    outer loop
      vertex 26.8419 -24.9675 2
      vertex 26.5694 -24.875 4
      vertex 26.8419 -24.9675 4
    endloop
  endfacet
  facet normal 0.321435 0.946931 0
    outer loop
      vertex 26.5694 -24.875 4
      vertex 26.8419 -24.9675 2
      vertex 26.5694 -24.875 2
    endloop
  endfacet
  facet normal 0.555582 0.831462 -0
    outer loop
      vertex 27.3393 -25.2546 2
      vertex 27.1 -25.0947 4
      vertex 27.3393 -25.2546 4
    endloop
  endfacet
  facet normal 0.555582 0.831462 0
    outer loop
      vertex 27.1 -25.0947 4
      vertex 27.3393 -25.2546 2
      vertex 27.1 -25.0947 2
    endloop
  endfacet
  facet normal -0.896984 0.442063 0
    outer loop
      vertex 23.9675 -26.1581 2
      vertex 24.0947 -25.9 4
      vertex 24.0947 -25.9 2
    endloop
  endfacet
  facet normal -0.896984 0.442063 0
    outer loop
      vertex 24.0947 -25.9 4
      vertex 23.9675 -26.1581 2
      vertex 23.9675 -26.1581 4
    endloop
  endfacet
  facet normal -0.946931 0.321435 0
    outer loop
      vertex 23.875 -26.4306 2
      vertex 23.9675 -26.1581 4
      vertex 23.9675 -26.1581 2
    endloop
  endfacet
  facet normal -0.946931 0.321435 0
    outer loop
      vertex 23.9675 -26.1581 4
      vertex 23.875 -26.4306 2
      vertex 23.875 -26.4306 4
    endloop
  endfacet
  facet normal -0.442063 0.896984 0
    outer loop
      vertex 25.1581 -24.9675 2
      vertex 24.9 -25.0947 4
      vertex 25.1581 -24.9675 4
    endloop
  endfacet
  facet normal -0.442063 0.896984 0
    outer loop
      vertex 24.9 -25.0947 4
      vertex 25.1581 -24.9675 2
      vertex 24.9 -25.0947 2
    endloop
  endfacet
  facet normal -0.195314 0.980741 0
    outer loop
      vertex 25.7128 -24.8188 2
      vertex 25.4306 -24.875 4
      vertex 25.7128 -24.8188 4
    endloop
  endfacet
  facet normal -0.195314 0.980741 0
    outer loop
      vertex 25.4306 -24.875 4
      vertex 25.7128 -24.8188 2
      vertex 25.4306 -24.875 2
    endloop
  endfacet
  facet normal 0.442063 -0.896984 0
    outer loop
      vertex 26.8419 -29.0325 2
      vertex 27.1 -28.9053 4
      vertex 26.8419 -29.0325 4
    endloop
  endfacet
  facet normal 0.442063 -0.896984 0
    outer loop
      vertex 27.1 -28.9053 4
      vertex 26.8419 -29.0325 2
      vertex 27.1 -28.9053 2
    endloop
  endfacet
  facet normal 0.980741 -0.195314 0
    outer loop
      vertex 28.125 -27.5694 4
      vertex 28.1812 -27.2872 2
      vertex 28.1812 -27.2872 4
    endloop
  endfacet
  facet normal 0.980741 -0.195314 0
    outer loop
      vertex 28.1812 -27.2872 2
      vertex 28.125 -27.5694 4
      vertex 28.125 -27.5694 2
    endloop
  endfacet
  facet normal -0.321435 -0.946931 0
    outer loop
      vertex 25.1581 -29.0325 2
      vertex 25.4306 -29.125 4
      vertex 25.1581 -29.0325 4
    endloop
  endfacet
  facet normal -0.321435 -0.946931 -0
    outer loop
      vertex 25.4306 -29.125 4
      vertex 25.1581 -29.0325 2
      vertex 25.4306 -29.125 2
    endloop
  endfacet
  facet normal -0.896984 -0.442063 0
    outer loop
      vertex 24.0947 -28.1 2
      vertex 23.9675 -27.8419 4
      vertex 23.9675 -27.8419 2
    endloop
  endfacet
  facet normal -0.896984 -0.442063 0
    outer loop
      vertex 23.9675 -27.8419 4
      vertex 24.0947 -28.1 2
      vertex 24.0947 -28.1 4
    endloop
  endfacet
  facet normal 0.831462 0.555582 0
    outer loop
      vertex 27.9053 -25.9 4
      vertex 27.7454 -25.6607 2
      vertex 27.7454 -25.6607 4
    endloop
  endfacet
  facet normal 0.831462 0.555582 0
    outer loop
      vertex 27.7454 -25.6607 2
      vertex 27.9053 -25.9 4
      vertex 27.9053 -25.9 2
    endloop
  endfacet
  facet normal 0.195314 0.980741 -0
    outer loop
      vertex 26.5694 -24.875 2
      vertex 26.2872 -24.8188 4
      vertex 26.5694 -24.875 4
    endloop
  endfacet
  facet normal 0.195314 0.980741 0
    outer loop
      vertex 26.2872 -24.8188 4
      vertex 26.5694 -24.875 2
      vertex 26.2872 -24.8188 2
    endloop
  endfacet
  facet normal 0.659562 0.75165 -0
    outer loop
      vertex 27.5556 -25.4444 2
      vertex 27.3393 -25.2546 4
      vertex 27.5556 -25.4444 4
    endloop
  endfacet
  facet normal 0.659562 0.75165 0
    outer loop
      vertex 27.3393 -25.2546 4
      vertex 27.5556 -25.4444 2
      vertex 27.3393 -25.2546 2
    endloop
  endfacet
  facet normal -0.831462 0.555582 0
    outer loop
      vertex 24.0947 -25.9 2
      vertex 24.2546 -25.6607 4
      vertex 24.2546 -25.6607 2
    endloop
  endfacet
  facet normal -0.831462 0.555582 0
    outer loop
      vertex 24.2546 -25.6607 4
      vertex 24.0947 -25.9 2
      vertex 24.0947 -25.9 4
    endloop
  endfacet
  facet normal -0.75165 0.659562 0
    outer loop
      vertex 24.2546 -25.6607 2
      vertex 24.4444 -25.4444 4
      vertex 24.4444 -25.4444 2
    endloop
  endfacet
  facet normal -0.75165 0.659562 0
    outer loop
      vertex 24.4444 -25.4444 4
      vertex 24.2546 -25.6607 2
      vertex 24.2546 -25.6607 4
    endloop
  endfacet
  facet normal -0.980741 0.195314 0
    outer loop
      vertex 23.8188 -26.7128 2
      vertex 23.875 -26.4306 4
      vertex 23.875 -26.4306 2
    endloop
  endfacet
  facet normal -0.980741 0.195314 0
    outer loop
      vertex 23.875 -26.4306 4
      vertex 23.8188 -26.7128 2
      vertex 23.8188 -26.7128 4
    endloop
  endfacet
  facet normal 0 0 1
    outer loop
      vertex 26.85 -27 4
      vertex 28.2 -27 4
      vertex 28.1812 -26.7128 4
    endloop
  endfacet
  facet normal 0 0 1
    outer loop
      vertex 26.8427 -26.8891 4
      vertex 28.1812 -26.7128 4
      vertex 28.125 -26.4306 4
    endloop
  endfacet
  facet normal 0 0 1
    outer loop
      vertex 28.2 -27 4
      vertex 26.85 -27 4
      vertex 28.1812 -27.2872 4
    endloop
  endfacet
  facet normal 0 0 1
    outer loop
      vertex 26.821 -26.78 4
      vertex 28.125 -26.4306 4
      vertex 28.0325 -26.1581 4
    endloop
  endfacet
  facet normal -0 0 1
    outer loop
      vertex 26.8427 -27.1109 4
      vertex 28.1812 -27.2872 4
      vertex 26.85 -27 4
    endloop
  endfacet
  facet normal 0 0 1
    outer loop
      vertex 26.7853 -26.6747 4
      vertex 28.0325 -26.1581 4
      vertex 27.9053 -25.9 4
    endloop
  endfacet
  facet normal 0 0 1
    outer loop
      vertex 28.1812 -27.2872 4
      vertex 26.8427 -27.1109 4
      vertex 28.125 -27.5694 4
    endloop
  endfacet
  facet normal 0 0 1
    outer loop
      vertex 26.7361 -26.575 4
      vertex 27.9053 -25.9 4
      vertex 27.7454 -25.6607 4
    endloop
  endfacet
  facet normal -0 0 1
    outer loop
      vertex 26.821 -27.22 4
      vertex 28.125 -27.5694 4
      vertex 26.8427 -27.1109 4
    endloop
  endfacet
  facet normal 0 0 1
    outer loop
      vertex 26.6744 -26.4826 4
      vertex 27.7454 -25.6607 4
      vertex 27.5556 -25.4444 4
    endloop
  endfacet
  facet normal 0 0 1
    outer loop
      vertex 28.125 -27.5694 4
      vertex 26.821 -27.22 4
      vertex 28.0325 -27.8419 4
    endloop
  endfacet
  facet normal 0 0 1
    outer loop
      vertex 26.601 -26.399 4
      vertex 27.5556 -25.4444 4
      vertex 27.3393 -25.2546 4
    endloop
  endfacet
  facet normal -0 0 1
    outer loop
      vertex 26.7853 -27.3253 4
      vertex 28.0325 -27.8419 4
      vertex 26.821 -27.22 4
    endloop
  endfacet
  facet normal 0 0 1
    outer loop
      vertex 26.5174 -26.3256 4
      vertex 27.3393 -25.2546 4
      vertex 27.1 -25.0947 4
    endloop
  endfacet
  facet normal 0 0 1
    outer loop
      vertex 28.0325 -27.8419 4
      vertex 26.7853 -27.3253 4
      vertex 27.9053 -28.1 4
    endloop
  endfacet
  facet normal -0 0 1
    outer loop
      vertex 26.7361 -27.425 4
      vertex 27.9053 -28.1 4
      vertex 26.7853 -27.3253 4
    endloop
  endfacet
  facet normal 0 0 1
    outer loop
      vertex 28.1812 -26.7128 4
      vertex 26.8427 -26.8891 4
      vertex 26.85 -27 4
    endloop
  endfacet
  facet normal 0 0 1
    outer loop
      vertex 26.425 -26.2639 4
      vertex 27.1 -25.0947 4
      vertex 26.8419 -24.9675 4
    endloop
  endfacet
  facet normal 0 0 1
    outer loop
      vertex 28.125 -26.4306 4
      vertex 26.821 -26.78 4
      vertex 26.8427 -26.8891 4
    endloop
  endfacet
  facet normal 0 0 1
    outer loop
      vertex 28.0325 -26.1581 4
      vertex 26.7853 -26.6747 4
      vertex 26.821 -26.78 4
    endloop
  endfacet
  facet normal 0 0 1
    outer loop
      vertex 27.9053 -25.9 4
      vertex 26.7361 -26.575 4
      vertex 26.7853 -26.6747 4
    endloop
  endfacet
  facet normal 0 0 1
    outer loop
      vertex 27.7454 -25.6607 4
      vertex 26.6744 -26.4826 4
      vertex 26.7361 -26.575 4
    endloop
  endfacet
  facet normal 0 0 1
    outer loop
      vertex 27.5556 -25.4444 4
      vertex 26.601 -26.399 4
      vertex 26.6744 -26.4826 4
    endloop
  endfacet
  facet normal 0 0 1
    outer loop
      vertex 26.3253 -26.2147 4
      vertex 26.8419 -24.9675 4
      vertex 26.5694 -24.875 4
    endloop
  endfacet
  facet normal 0 0 1
    outer loop
      vertex 27.3393 -25.2546 4
      vertex 26.5174 -26.3256 4
      vertex 26.601 -26.399 4
    endloop
  endfacet
  facet normal 0 0 1
    outer loop
      vertex 27.1 -25.0947 4
      vertex 26.425 -26.2639 4
      vertex 26.5174 -26.3256 4
    endloop
  endfacet
  facet normal 0 0 1
    outer loop
      vertex 26.8419 -24.9675 4
      vertex 26.3253 -26.2147 4
      vertex 26.425 -26.2639 4
    endloop
  endfacet
  facet normal 0 0 1
    outer loop
      vertex 26.22 -26.179 4
      vertex 26.5694 -24.875 4
      vertex 26.2872 -24.8188 4
    endloop
  endfacet
  facet normal 0 0 1
    outer loop
      vertex 26.5694 -24.875 4
      vertex 26.22 -26.179 4
      vertex 26.3253 -26.2147 4
    endloop
  endfacet
  facet normal 0 0 1
    outer loop
      vertex 26.2872 -24.8188 4
      vertex 26.1109 -26.1573 4
      vertex 26.22 -26.179 4
    endloop
  endfacet
  facet normal 0 0 1
    outer loop
      vertex 26 -24.8 4
      vertex 26.1109 -26.1573 4
      vertex 26.2872 -24.8188 4
    endloop
  endfacet
  facet normal 0 0 1
    outer loop
      vertex 26 -24.8 4
      vertex 26 -26.15 4
      vertex 26.1109 -26.1573 4
    endloop
  endfacet
  facet normal 0 0 1
    outer loop
      vertex 26 -24.8 4
      vertex 25.8891 -26.1573 4
      vertex 26 -26.15 4
    endloop
  endfacet
  facet normal -0 0 1
    outer loop
      vertex 25.7128 -24.8188 4
      vertex 25.8891 -26.1573 4
      vertex 26 -24.8 4
    endloop
  endfacet
  facet normal 0 0 1
    outer loop
      vertex 25.8891 -26.1573 4
      vertex 25.7128 -24.8188 4
      vertex 25.78 -26.179 4
    endloop
  endfacet
  facet normal -0 0 1
    outer loop
      vertex 25.4306 -24.875 4
      vertex 25.78 -26.179 4
      vertex 25.7128 -24.8188 4
    endloop
  endfacet
  facet normal 0 0 1
    outer loop
      vertex 25.78 -26.179 4
      vertex 25.4306 -24.875 4
      vertex 25.6747 -26.2147 4
    endloop
  endfacet
  facet normal -0 0 1
    outer loop
      vertex 25.1581 -24.9675 4
      vertex 25.6747 -26.2147 4
      vertex 25.4306 -24.875 4
    endloop
  endfacet
  facet normal 0 0 1
    outer loop
      vertex 25.6747 -26.2147 4
      vertex 25.1581 -24.9675 4
      vertex 25.575 -26.2639 4
    endloop
  endfacet
  facet normal -0 0 1
    outer loop
      vertex 24.9 -25.0947 4
      vertex 25.575 -26.2639 4
      vertex 25.1581 -24.9675 4
    endloop
  endfacet
  facet normal 0 0 1
    outer loop
      vertex 25.575 -26.2639 4
      vertex 24.9 -25.0947 4
      vertex 25.4826 -26.3256 4
    endloop
  endfacet
  facet normal -0 0 1
    outer loop
      vertex 24.6607 -25.2546 4
      vertex 25.4826 -26.3256 4
      vertex 24.9 -25.0947 4
    endloop
  endfacet
  facet normal 0 0 1
    outer loop
      vertex 25.4826 -26.3256 4
      vertex 24.6607 -25.2546 4
      vertex 25.399 -26.399 4
    endloop
  endfacet
  facet normal -0 0 1
    outer loop
      vertex 24.4444 -25.4444 4
      vertex 25.399 -26.399 4
      vertex 24.6607 -25.2546 4
    endloop
  endfacet
  facet normal 0 0 1
    outer loop
      vertex 25.399 -26.399 4
      vertex 24.4444 -25.4444 4
      vertex 25.3256 -26.4826 4
    endloop
  endfacet
  facet normal -0 0 1
    outer loop
      vertex 24.2546 -25.6607 4
      vertex 25.3256 -26.4826 4
      vertex 24.4444 -25.4444 4
    endloop
  endfacet
  facet normal 0 0 1
    outer loop
      vertex 25.3256 -26.4826 4
      vertex 24.2546 -25.6607 4
      vertex 25.2639 -26.575 4
    endloop
  endfacet
  facet normal -0 0 1
    outer loop
      vertex 24.0947 -25.9 4
      vertex 25.2639 -26.575 4
      vertex 24.2546 -25.6607 4
    endloop
  endfacet
  facet normal 0 0 1
    outer loop
      vertex 27.9053 -28.1 4
      vertex 26.7361 -27.425 4
      vertex 27.7454 -28.3393 4
    endloop
  endfacet
  facet normal -0 0 1
    outer loop
      vertex 26.6744 -27.5174 4
      vertex 27.7454 -28.3393 4
      vertex 26.7361 -27.425 4
    endloop
  endfacet
  facet normal 0 0 1
    outer loop
      vertex 27.7454 -28.3393 4
      vertex 26.6744 -27.5174 4
      vertex 27.5556 -28.5556 4
    endloop
  endfacet
  facet normal -0 0 1
    outer loop
      vertex 26.601 -27.601 4
      vertex 27.5556 -28.5556 4
      vertex 26.6744 -27.5174 4
    endloop
  endfacet
  facet normal 0 0 1
    outer loop
      vertex 27.5556 -28.5556 4
      vertex 26.601 -27.601 4
      vertex 27.3393 -28.7454 4
    endloop
  endfacet
  facet normal -0 0 1
    outer loop
      vertex 26.5174 -27.6744 4
      vertex 27.3393 -28.7454 4
      vertex 26.601 -27.601 4
    endloop
  endfacet
  facet normal 0 0 1
    outer loop
      vertex 27.3393 -28.7454 4
      vertex 26.5174 -27.6744 4
      vertex 27.1 -28.9053 4
    endloop
  endfacet
  facet normal -0 0 1
    outer loop
      vertex 26.425 -27.7361 4
      vertex 27.1 -28.9053 4
      vertex 26.5174 -27.6744 4
    endloop
  endfacet
  facet normal 0 0 1
    outer loop
      vertex 27.1 -28.9053 4
      vertex 26.425 -27.7361 4
      vertex 26.8419 -29.0325 4
    endloop
  endfacet
  facet normal -0 0 1
    outer loop
      vertex 26.3253 -27.7853 4
      vertex 26.8419 -29.0325 4
      vertex 26.425 -27.7361 4
    endloop
  endfacet
  facet normal 0 0 1
    outer loop
      vertex 26.8419 -29.0325 4
      vertex 26.3253 -27.7853 4
      vertex 26.5694 -29.125 4
    endloop
  endfacet
  facet normal -0 0 1
    outer loop
      vertex 26.22 -27.821 4
      vertex 26.5694 -29.125 4
      vertex 26.3253 -27.7853 4
    endloop
  endfacet
  facet normal 0 0 1
    outer loop
      vertex 26.5694 -29.125 4
      vertex 26.22 -27.821 4
      vertex 26.2872 -29.1812 4
    endloop
  endfacet
  facet normal -0 0 1
    outer loop
      vertex 26.1109 -27.8427 4
      vertex 26.2872 -29.1812 4
      vertex 26.22 -27.821 4
    endloop
  endfacet
  facet normal -0 0 1
    outer loop
      vertex 26 -27.85 4
      vertex 26.2872 -29.1812 4
      vertex 26.1109 -27.8427 4
    endloop
  endfacet
  facet normal 0 0 1
    outer loop
      vertex 26 -27.85 4
      vertex 26 -29.2 4
      vertex 26.2872 -29.1812 4
    endloop
  endfacet
  facet normal 0 0 1
    outer loop
      vertex 25.8891 -27.8427 4
      vertex 26 -29.2 4
      vertex 26 -27.85 4
    endloop
  endfacet
  facet normal 0 0 1
    outer loop
      vertex 25.7128 -29.1812 4
      vertex 25.8891 -27.8427 4
      vertex 25.78 -27.821 4
    endloop
  endfacet
  facet normal 0 0 1
    outer loop
      vertex 25.8891 -27.8427 4
      vertex 25.7128 -29.1812 4
      vertex 26 -29.2 4
    endloop
  endfacet
  facet normal 0 0 1
    outer loop
      vertex 25.4306 -29.125 4
      vertex 25.78 -27.821 4
      vertex 25.6747 -27.7853 4
    endloop
  endfacet
  facet normal 0 0 1
    outer loop
      vertex 25.1581 -29.0325 4
      vertex 25.6747 -27.7853 4
      vertex 25.575 -27.7361 4
    endloop
  endfacet
  facet normal 0 0 1
    outer loop
      vertex 24.9 -28.9053 4
      vertex 25.575 -27.7361 4
      vertex 25.4826 -27.6744 4
    endloop
  endfacet
  facet normal 0 0 1
    outer loop
      vertex 25.78 -27.821 4
      vertex 25.4306 -29.125 4
      vertex 25.7128 -29.1812 4
    endloop
  endfacet
  facet normal 0 0 1
    outer loop
      vertex 24.6607 -28.7454 4
      vertex 25.4826 -27.6744 4
      vertex 25.399 -27.601 4
    endloop
  endfacet
  facet normal 0 0 1
    outer loop
      vertex 24.4444 -28.5556 4
      vertex 25.399 -27.601 4
      vertex 25.3256 -27.5174 4
    endloop
  endfacet
  facet normal 0 0 1
    outer loop
      vertex 24.2546 -28.3393 4
      vertex 25.3256 -27.5174 4
      vertex 25.2639 -27.425 4
    endloop
  endfacet
  facet normal 0 0 1
    outer loop
      vertex 24.0947 -28.1 4
      vertex 25.2639 -27.425 4
      vertex 25.2147 -27.3253 4
    endloop
  endfacet
  facet normal 0 0 1
    outer loop
      vertex 23.9675 -27.8419 4
      vertex 25.2147 -27.3253 4
      vertex 25.179 -27.22 4
    endloop
  endfacet
  facet normal 0 0 1
    outer loop
      vertex 25.6747 -27.7853 4
      vertex 25.1581 -29.0325 4
      vertex 25.4306 -29.125 4
    endloop
  endfacet
  facet normal 0 0 1
    outer loop
      vertex 23.875 -27.5694 4
      vertex 25.179 -27.22 4
      vertex 25.1573 -27.1109 4
    endloop
  endfacet
  facet normal 0 0 1
    outer loop
      vertex 23.8188 -27.2872 4
      vertex 25.1573 -27.1109 4
      vertex 25.15 -27 4
    endloop
  endfacet
  facet normal 0 0 1
    outer loop
      vertex 25.2639 -26.575 4
      vertex 24.0947 -25.9 4
      vertex 25.2147 -26.6747 4
    endloop
  endfacet
  facet normal 0 0 1
    outer loop
      vertex 25.575 -27.7361 4
      vertex 24.9 -28.9053 4
      vertex 25.1581 -29.0325 4
    endloop
  endfacet
  facet normal -0 0 1
    outer loop
      vertex 23.9675 -26.1581 4
      vertex 25.2147 -26.6747 4
      vertex 24.0947 -25.9 4
    endloop
  endfacet
  facet normal 0 0 1
    outer loop
      vertex 25.4826 -27.6744 4
      vertex 24.6607 -28.7454 4
      vertex 24.9 -28.9053 4
    endloop
  endfacet
  facet normal 0 0 1
    outer loop
      vertex 25.2147 -26.6747 4
      vertex 23.9675 -26.1581 4
      vertex 25.179 -26.78 4
    endloop
  endfacet
  facet normal 0 0 1
    outer loop
      vertex 25.399 -27.601 4
      vertex 24.4444 -28.5556 4
      vertex 24.6607 -28.7454 4
    endloop
  endfacet
  facet normal -0 0 1
    outer loop
      vertex 23.875 -26.4306 4
      vertex 25.179 -26.78 4
      vertex 23.9675 -26.1581 4
    endloop
  endfacet
  facet normal 0 0 1
    outer loop
      vertex 25.3256 -27.5174 4
      vertex 24.2546 -28.3393 4
      vertex 24.4444 -28.5556 4
    endloop
  endfacet
  facet normal 0 0 1
    outer loop
      vertex 25.179 -26.78 4
      vertex 23.875 -26.4306 4
      vertex 25.1573 -26.8891 4
    endloop
  endfacet
  facet normal 0 0 1
    outer loop
      vertex 25.2639 -27.425 4
      vertex 24.0947 -28.1 4
      vertex 24.2546 -28.3393 4
    endloop
  endfacet
  facet normal -0 0 1
    outer loop
      vertex 23.8188 -26.7128 4
      vertex 25.1573 -26.8891 4
      vertex 23.875 -26.4306 4
    endloop
  endfacet
  facet normal 0 0 1
    outer loop
      vertex 25.2147 -27.3253 4
      vertex 23.9675 -27.8419 4
      vertex 24.0947 -28.1 4
    endloop
  endfacet
  facet normal 0 0 1
    outer loop
      vertex 25.1573 -26.8891 4
      vertex 23.8188 -26.7128 4
      vertex 25.15 -27 4
    endloop
  endfacet
  facet normal 0 0 1
    outer loop
      vertex 25.179 -27.22 4
      vertex 23.875 -27.5694 4
      vertex 23.9675 -27.8419 4
    endloop
  endfacet
  facet normal 0 0 1
    outer loop
      vertex 23.8 -27 4
      vertex 25.15 -27 4
      vertex 23.8188 -26.7128 4
    endloop
  endfacet
  facet normal 0 0 1
    outer loop
      vertex 25.1573 -27.1109 4
      vertex 23.8188 -27.2872 4
      vertex 23.875 -27.5694 4
    endloop
  endfacet
  facet normal 0 0 1
    outer loop
      vertex 25.15 -27 4
      vertex 23.8 -27 4
      vertex 23.8188 -27.2872 4
    endloop
  endfacet
  facet normal -0.555582 0.831462 0
    outer loop
      vertex 24.9 -25.0947 2
      vertex 24.6607 -25.2546 4
      vertex 24.9 -25.0947 4
    endloop
  endfacet
  facet normal -0.555582 0.831462 0
    outer loop
      vertex 24.6607 -25.2546 4
      vertex 24.9 -25.0947 2
      vertex 24.6607 -25.2546 2
    endloop
  endfacet
  facet normal -0.0653198 0.997864 0
    outer loop
      vertex 26 -24.8 2
      vertex 25.7128 -24.8188 4
      vertex 26 -24.8 4
    endloop
  endfacet
  facet normal -0.0653198 0.997864 0
    outer loop
      vertex 25.7128 -24.8188 4
      vertex 26 -24.8 2
      vertex 25.7128 -24.8188 2
    endloop
  endfacet
  facet normal 0.0653198 -0.997864 0
    outer loop
      vertex 26 -29.2 2
      vertex 26.2872 -29.1812 4
      vertex 26 -29.2 4
    endloop
  endfacet
  facet normal 0.0653198 -0.997864 0
    outer loop
      vertex 26.2872 -29.1812 4
      vertex 26 -29.2 2
      vertex 26.2872 -29.1812 2
    endloop
  endfacet
  facet normal 0.321435 -0.946931 0
    outer loop
      vertex 26.5694 -29.125 2
      vertex 26.8419 -29.0325 4
      vertex 26.5694 -29.125 4
    endloop
  endfacet
  facet normal 0.321435 -0.946931 0
    outer loop
      vertex 26.8419 -29.0325 4
      vertex 26.5694 -29.125 2
      vertex 26.8419 -29.0325 2
    endloop
  endfacet
  facet normal 0.555582 -0.831462 0
    outer loop
      vertex 27.1 -28.9053 2
      vertex 27.3393 -28.7454 4
      vertex 27.1 -28.9053 4
    endloop
  endfacet
  facet normal 0.555582 -0.831462 0
    outer loop
      vertex 27.3393 -28.7454 4
      vertex 27.1 -28.9053 2
      vertex 27.3393 -28.7454 2
    endloop
  endfacet
  facet normal 0.75165 -0.659562 0
    outer loop
      vertex 27.5556 -28.5556 4
      vertex 27.7454 -28.3393 2
      vertex 27.7454 -28.3393 4
    endloop
  endfacet
  facet normal 0.75165 -0.659562 0
    outer loop
      vertex 27.7454 -28.3393 2
      vertex 27.5556 -28.5556 4
      vertex 27.5556 -28.5556 2
    endloop
  endfacet
  facet normal 0.896984 -0.442063 0
    outer loop
      vertex 27.9053 -28.1 4
      vertex 28.0325 -27.8419 2
      vertex 28.0325 -27.8419 4
    endloop
  endfacet
  facet normal 0.896984 -0.442063 0
    outer loop
      vertex 28.0325 -27.8419 2
      vertex 27.9053 -28.1 4
      vertex 27.9053 -28.1 2
    endloop
  endfacet
  facet normal -0.659562 -0.75165 0
    outer loop
      vertex 24.4444 -28.5556 2
      vertex 24.6607 -28.7454 4
      vertex 24.4444 -28.5556 4
    endloop
  endfacet
  facet normal -0.659562 -0.75165 -0
    outer loop
      vertex 24.6607 -28.7454 4
      vertex 24.4444 -28.5556 2
      vertex 24.6607 -28.7454 2
    endloop
  endfacet
  facet normal -0.442063 -0.896984 0
    outer loop
      vertex 24.9 -28.9053 2
      vertex 25.1581 -29.0325 4
      vertex 24.9 -28.9053 4
    endloop
  endfacet
  facet normal -0.442063 -0.896984 -0
    outer loop
      vertex 25.1581 -29.0325 4
      vertex 24.9 -28.9053 2
      vertex 25.1581 -29.0325 2
    endloop
  endfacet
  facet normal -0.195314 -0.980741 0
    outer loop
      vertex 25.4306 -29.125 2
      vertex 25.7128 -29.1812 4
      vertex 25.4306 -29.125 4
    endloop
  endfacet
  facet normal -0.195314 -0.980741 -0
    outer loop
      vertex 25.7128 -29.1812 4
      vertex 25.4306 -29.125 2
      vertex 25.7128 -29.1812 2
    endloop
  endfacet
  facet normal -0.831462 -0.555582 0
    outer loop
      vertex 24.2546 -28.3393 2
      vertex 24.0947 -28.1 4
      vertex 24.0947 -28.1 2
    endloop
  endfacet
  facet normal -0.831462 -0.555582 0
    outer loop
      vertex 24.0947 -28.1 4
      vertex 24.2546 -28.3393 2
      vertex 24.2546 -28.3393 4
    endloop
  endfacet
  facet normal -0.946931 -0.321435 0
    outer loop
      vertex 23.9675 -27.8419 2
      vertex 23.875 -27.5694 4
      vertex 23.875 -27.5694 2
    endloop
  endfacet
  facet normal -0.946931 -0.321435 0
    outer loop
      vertex 23.875 -27.5694 4
      vertex 23.9675 -27.8419 2
      vertex 23.9675 -27.8419 4
    endloop
  endfacet
  facet normal -0.997864 -0.0653198 0
    outer loop
      vertex 23.8188 -27.2872 2
      vertex 23.8 -27 4
      vertex 23.8 -27 2
    endloop
  endfacet
  facet normal -0.997864 -0.0653198 0
    outer loop
      vertex 23.8 -27 4
      vertex 23.8188 -27.2872 2
      vertex 23.8188 -27.2872 4
    endloop
  endfacet
  facet normal 0.997864 -0.0653198 0
    outer loop
      vertex 28.1812 -27.2872 4
      vertex 28.2 -27 2
      vertex 28.2 -27 4
    endloop
  endfacet
  facet normal 0.997864 -0.0653198 0
    outer loop
      vertex 28.2 -27 2
      vertex 28.1812 -27.2872 4
      vertex 28.1812 -27.2872 2
    endloop
  endfacet
  facet normal 0.195314 -0.980741 0
    outer loop
      vertex 26.2872 -29.1812 2
      vertex 26.5694 -29.125 4
      vertex 26.2872 -29.1812 4
    endloop
  endfacet
  facet normal 0.195314 -0.980741 0
    outer loop
      vertex 26.5694 -29.125 4
      vertex 26.2872 -29.1812 2
      vertex 26.5694 -29.125 2
    endloop
  endfacet
  facet normal 0.659562 -0.75165 0
    outer loop
      vertex 27.3393 -28.7454 2
      vertex 27.5556 -28.5556 4
      vertex 27.3393 -28.7454 4
    endloop
  endfacet
  facet normal 0.659562 -0.75165 0
    outer loop
      vertex 27.5556 -28.5556 4
      vertex 27.3393 -28.7454 2
      vertex 27.5556 -28.5556 2
    endloop
  endfacet
  facet normal 0.831462 -0.555582 0
    outer loop
      vertex 27.7454 -28.3393 4
      vertex 27.9053 -28.1 2
      vertex 27.9053 -28.1 4
    endloop
  endfacet
  facet normal 0.831462 -0.555582 0
    outer loop
      vertex 27.9053 -28.1 2
      vertex 27.7454 -28.3393 4
      vertex 27.7454 -28.3393 2
    endloop
  endfacet
  facet normal 0.946931 -0.321435 0
    outer loop
      vertex 28.0325 -27.8419 4
      vertex 28.125 -27.5694 2
      vertex 28.125 -27.5694 4
    endloop
  endfacet
  facet normal 0.946931 -0.321435 0
    outer loop
      vertex 28.125 -27.5694 2
      vertex 28.0325 -27.8419 4
      vertex 28.0325 -27.8419 2
    endloop
  endfacet
  facet normal -0.555582 -0.831462 0
    outer loop
      vertex 24.6607 -28.7454 2
      vertex 24.9 -28.9053 4
      vertex 24.6607 -28.7454 4
    endloop
  endfacet
  facet normal -0.555582 -0.831462 -0
    outer loop
      vertex 24.9 -28.9053 4
      vertex 24.6607 -28.7454 2
      vertex 24.9 -28.9053 2
    endloop
  endfacet
  facet normal -0.0653198 -0.997864 0
    outer loop
      vertex 25.7128 -29.1812 2
      vertex 26 -29.2 4
      vertex 25.7128 -29.1812 4
    endloop
  endfacet
  facet normal -0.0653198 -0.997864 -0
    outer loop
      vertex 26 -29.2 4
      vertex 25.7128 -29.1812 2
      vertex 26 -29.2 2
    endloop
  endfacet
  facet normal -0.75165 -0.659562 0
    outer loop
      vertex 24.4444 -28.5556 2
      vertex 24.2546 -28.3393 4
      vertex 24.2546 -28.3393 2
    endloop
  endfacet
  facet normal -0.75165 -0.659562 0
    outer loop
      vertex 24.2546 -28.3393 4
      vertex 24.4444 -28.5556 2
      vertex 24.4444 -28.5556 4
    endloop
  endfacet
  facet normal -0.980741 -0.195314 0
    outer loop
      vertex 23.875 -27.5694 2
      vertex 23.8188 -27.2872 4
      vertex 23.8188 -27.2872 2
    endloop
  endfacet
  facet normal -0.980741 -0.195314 0
    outer loop
      vertex 23.8188 -27.2872 4
      vertex 23.875 -27.5694 2
      vertex 23.875 -27.5694 4
    endloop
  endfacet
  facet normal 1 -0 0
    outer loop
      vertex 36 -18 12
      vertex 36 18 2
      vertex 36 18 12
    endloop
  endfacet
  facet normal 1 0 0
    outer loop
      vertex 36 18 2
      vertex 36 -18 12
      vertex 36 -18 2
    endloop
  endfacet
  facet normal -0.997841 -0.0656829 0
    outer loop
      vertex -86.15 32 1.5
      vertex -86.1573 32.1109 19.8
      vertex -86.1573 32.1109 1.5
    endloop
  endfacet
  facet normal -0.997841 -0.0656829 0
    outer loop
      vertex -86.1573 32.1109 19.8
      vertex -86.15 32 1.5
      vertex -86.15 32 19.8
    endloop
  endfacet
  facet normal 0.0656829 -0.997841 0
    outer loop
      vertex -87.1109 32.8427 1.5
      vertex -87 32.85 19.8
      vertex -87.1109 32.8427 19.8
    endloop
  endfacet
  facet normal 0.0656829 -0.997841 0
    outer loop
      vertex -87 32.85 19.8
      vertex -87.1109 32.8427 1.5
      vertex -87 32.85 1.5
    endloop
  endfacet
  facet normal -0.0656829 0.997841 0
    outer loop
      vertex -86.8891 31.1573 1.5
      vertex -87 31.15 19.8
      vertex -86.8891 31.1573 19.8
    endloop
  endfacet
  facet normal -0.0656829 0.997841 0
    outer loop
      vertex -87 31.15 19.8
      vertex -86.8891 31.1573 1.5
      vertex -87 31.15 1.5
    endloop
  endfacet
  facet normal 0.659776 0.751462 -0
    outer loop
      vertex -87.5174 31.3256 1.5
      vertex -87.601 31.399 19.8
      vertex -87.5174 31.3256 19.8
    endloop
  endfacet
  facet normal 0.659776 0.751462 0
    outer loop
      vertex -87.601 31.399 19.8
      vertex -87.5174 31.3256 1.5
      vertex -87.601 31.399 1.5
    endloop
  endfacet
  facet normal -0.659776 -0.751462 0
    outer loop
      vertex -86.4826 32.6744 1.5
      vertex -86.399 32.601 19.8
      vertex -86.4826 32.6744 19.8
    endloop
  endfacet
  facet normal -0.659776 -0.751462 -0
    outer loop
      vertex -86.399 32.601 19.8
      vertex -86.4826 32.6744 1.5
      vertex -86.399 32.601 1.5
    endloop
  endfacet
  facet normal 0.751908 -0.659268 0
    outer loop
      vertex -87.6743 32.5174 19.8
      vertex -87.601 32.601 1.5
      vertex -87.601 32.601 19.8
    endloop
  endfacet
  facet normal 0.751908 -0.659268 0
    outer loop
      vertex -87.601 32.601 1.5
      vertex -87.6743 32.5174 19.8
      vertex -87.6743 32.5174 1.5
    endloop
  endfacet
  facet normal 0.44253 -0.896754 0
    outer loop
      vertex -87.425 32.7361 1.5
      vertex -87.3253 32.7853 19.8
      vertex -87.425 32.7361 19.8
    endloop
  endfacet
  facet normal 0.44253 -0.896754 0
    outer loop
      vertex -87.3253 32.7853 19.8
      vertex -87.425 32.7361 1.5
      vertex -87.3253 32.7853 1.5
    endloop
  endfacet
  facet normal -0.896754 -0.44253 0
    outer loop
      vertex -86.2147 32.3253 1.5
      vertex -86.2639 32.425 19.8
      vertex -86.2639 32.425 1.5
    endloop
  endfacet
  facet normal -0.896754 -0.44253 0
    outer loop
      vertex -86.2639 32.425 19.8
      vertex -86.2147 32.3253 1.5
      vertex -86.2147 32.3253 19.8
    endloop
  endfacet
  facet normal -0.831219 -0.555945 0
    outer loop
      vertex -86.2639 32.425 1.5
      vertex -86.3257 32.5174 19.8
      vertex -86.3257 32.5174 1.5
    endloop
  endfacet
  facet normal -0.831219 -0.555945 0
    outer loop
      vertex -86.3257 32.5174 19.8
      vertex -86.2639 32.425 1.5
      vertex -86.2639 32.425 19.8
    endloop
  endfacet
  facet normal -0.32108 -0.947052 0
    outer loop
      vertex -86.78 32.821 1.5
      vertex -86.6747 32.7853 19.8
      vertex -86.78 32.821 19.8
    endloop
  endfacet
  facet normal -0.32108 -0.947052 -0
    outer loop
      vertex -86.6747 32.7853 19.8
      vertex -86.78 32.821 1.5
      vertex -86.6747 32.7853 1.5
    endloop
  endfacet
  facet normal -0.195079 -0.980788 0
    outer loop
      vertex -86.8891 32.8427 1.5
      vertex -86.78 32.821 19.8
      vertex -86.8891 32.8427 19.8
    endloop
  endfacet
  facet normal -0.195079 -0.980788 -0
    outer loop
      vertex -86.78 32.821 19.8
      vertex -86.8891 32.8427 1.5
      vertex -86.78 32.821 1.5
    endloop
  endfacet
  facet normal -0.44253 -0.896754 0
    outer loop
      vertex -86.6747 32.7853 1.5
      vertex -86.575 32.7361 19.8
      vertex -86.6747 32.7853 19.8
    endloop
  endfacet
  facet normal -0.44253 -0.896754 -0
    outer loop
      vertex -86.575 32.7361 19.8
      vertex -86.6747 32.7853 1.5
      vertex -86.575 32.7361 1.5
    endloop
  endfacet
  facet normal 0.947052 -0.32108 0
    outer loop
      vertex -87.821 32.22 19.8
      vertex -87.7853 32.3253 1.5
      vertex -87.7853 32.3253 19.8
    endloop
  endfacet
  facet normal 0.947052 -0.32108 0
    outer loop
      vertex -87.7853 32.3253 1.5
      vertex -87.821 32.22 19.8
      vertex -87.821 32.22 1.5
    endloop
  endfacet
  facet normal 0.980788 -0.195079 0
    outer loop
      vertex -87.8427 32.1109 19.8
      vertex -87.821 32.22 1.5
      vertex -87.821 32.22 19.8
    endloop
  endfacet
  facet normal 0.980788 -0.195079 0
    outer loop
      vertex -87.821 32.22 1.5
      vertex -87.8427 32.1109 19.8
      vertex -87.8427 32.1109 1.5
    endloop
  endfacet
  facet normal 0.555323 -0.831635 0
    outer loop
      vertex -87.5174 32.6744 1.5
      vertex -87.425 32.7361 19.8
      vertex -87.5174 32.6744 19.8
    endloop
  endfacet
  facet normal 0.555323 -0.831635 0
    outer loop
      vertex -87.425 32.7361 19.8
      vertex -87.5174 32.6744 1.5
      vertex -87.425 32.7361 1.5
    endloop
  endfacet
  facet normal 0.32108 -0.947052 0
    outer loop
      vertex -87.3253 32.7853 1.5
      vertex -87.22 32.821 19.8
      vertex -87.3253 32.7853 19.8
    endloop
  endfacet
  facet normal 0.32108 -0.947052 0
    outer loop
      vertex -87.22 32.821 19.8
      vertex -87.3253 32.7853 1.5
      vertex -87.22 32.821 1.5
    endloop
  endfacet
  facet normal -0.555323 0.831635 0
    outer loop
      vertex -86.4826 31.3256 1.5
      vertex -86.575 31.2639 19.8
      vertex -86.4826 31.3256 19.8
    endloop
  endfacet
  facet normal -0.555323 0.831635 0
    outer loop
      vertex -86.575 31.2639 19.8
      vertex -86.4826 31.3256 1.5
      vertex -86.575 31.2639 1.5
    endloop
  endfacet
  facet normal -0.980788 0.195079 0
    outer loop
      vertex -86.179 31.78 1.5
      vertex -86.1573 31.8891 19.8
      vertex -86.1573 31.8891 1.5
    endloop
  endfacet
  facet normal -0.980788 0.195079 0
    outer loop
      vertex -86.1573 31.8891 19.8
      vertex -86.179 31.78 1.5
      vertex -86.179 31.78 19.8
    endloop
  endfacet
  facet normal 0.195079 0.980788 -0
    outer loop
      vertex -87.1109 31.1573 1.5
      vertex -87.22 31.179 19.8
      vertex -87.1109 31.1573 19.8
    endloop
  endfacet
  facet normal 0.195079 0.980788 0
    outer loop
      vertex -87.22 31.179 19.8
      vertex -87.1109 31.1573 1.5
      vertex -87.22 31.179 1.5
    endloop
  endfacet
  facet normal 0.831219 0.555945 0
    outer loop
      vertex -87.6743 31.4826 19.8
      vertex -87.7361 31.575 1.5
      vertex -87.7361 31.575 19.8
    endloop
  endfacet
  facet normal 0.831219 0.555945 0
    outer loop
      vertex -87.7361 31.575 1.5
      vertex -87.6743 31.4826 19.8
      vertex -87.6743 31.4826 1.5
    endloop
  endfacet
  facet normal -0.947052 -0.32108 0
    outer loop
      vertex -86.179 32.22 1.5
      vertex -86.2147 32.3253 19.8
      vertex -86.2147 32.3253 1.5
    endloop
  endfacet
  facet normal -0.947052 -0.32108 0
    outer loop
      vertex -86.2147 32.3253 19.8
      vertex -86.179 32.22 1.5
      vertex -86.179 32.22 19.8
    endloop
  endfacet
  facet normal -0.980788 -0.195079 0
    outer loop
      vertex -86.1573 32.1109 1.5
      vertex -86.179 32.22 19.8
      vertex -86.179 32.22 1.5
    endloop
  endfacet
  facet normal -0.980788 -0.195079 0
    outer loop
      vertex -86.179 32.22 19.8
      vertex -86.1573 32.1109 1.5
      vertex -86.1573 32.1109 19.8
    endloop
  endfacet
  facet normal -0.751908 -0.659268 0
    outer loop
      vertex -86.3257 32.5174 1.5
      vertex -86.399 32.601 19.8
      vertex -86.399 32.601 1.5
    endloop
  endfacet
  facet normal -0.751908 -0.659268 0
    outer loop
      vertex -86.399 32.601 19.8
      vertex -86.3257 32.5174 1.5
      vertex -86.3257 32.5174 19.8
    endloop
  endfacet
  facet normal -0.0656829 -0.997841 0
    outer loop
      vertex -87 32.85 1.5
      vertex -86.8891 32.8427 19.8
      vertex -87 32.85 19.8
    endloop
  endfacet
  facet normal -0.0656829 -0.997841 -0
    outer loop
      vertex -86.8891 32.8427 19.8
      vertex -87 32.85 1.5
      vertex -86.8891 32.8427 1.5
    endloop
  endfacet
  facet normal -0.555323 -0.831635 0
    outer loop
      vertex -86.575 32.7361 1.5
      vertex -86.4826 32.6744 19.8
      vertex -86.575 32.7361 19.8
    endloop
  endfacet
  facet normal -0.555323 -0.831635 -0
    outer loop
      vertex -86.4826 32.6744 19.8
      vertex -86.575 32.7361 1.5
      vertex -86.4826 32.6744 1.5
    endloop
  endfacet
  facet normal 0 0 1
    outer loop
      vertex -86.1573 32.1109 1.5
      vertex -86.1573 31.8891 1.5
      vertex -86.15 32 1.5
    endloop
  endfacet
  facet normal 0 0 1
    outer loop
      vertex -86.179 32.22 1.5
      vertex -86.1573 31.8891 1.5
      vertex -86.1573 32.1109 1.5
    endloop
  endfacet
  facet normal 0 0 1
    outer loop
      vertex -86.179 32.22 1.5
      vertex -86.179 31.78 1.5
      vertex -86.1573 31.8891 1.5
    endloop
  endfacet
  facet normal 0 0 1
    outer loop
      vertex -86.2147 32.3253 1.5
      vertex -86.179 31.78 1.5
      vertex -86.179 32.22 1.5
    endloop
  endfacet
  facet normal 0 0 1
    outer loop
      vertex -86.2147 32.3253 1.5
      vertex -86.2147 31.6747 1.5
      vertex -86.179 31.78 1.5
    endloop
  endfacet
  facet normal 0 0 1
    outer loop
      vertex -86.2639 32.425 1.5
      vertex -86.2147 31.6747 1.5
      vertex -86.2147 32.3253 1.5
    endloop
  endfacet
  facet normal 0 0 1
    outer loop
      vertex -86.2639 32.425 1.5
      vertex -86.2639 31.575 1.5
      vertex -86.2147 31.6747 1.5
    endloop
  endfacet
  facet normal 0 0 1
    outer loop
      vertex -86.3257 32.5174 1.5
      vertex -86.2639 31.575 1.5
      vertex -86.2639 32.425 1.5
    endloop
  endfacet
  facet normal 0 0 1
    outer loop
      vertex -86.3257 32.5174 1.5
      vertex -86.3257 31.4826 1.5
      vertex -86.2639 31.575 1.5
    endloop
  endfacet
  facet normal 0 0 1
    outer loop
      vertex -86.399 32.601 1.5
      vertex -86.3257 31.4826 1.5
      vertex -86.3257 32.5174 1.5
    endloop
  endfacet
  facet normal 0 0 1
    outer loop
      vertex -86.399 32.601 1.5
      vertex -86.399 31.399 1.5
      vertex -86.3257 31.4826 1.5
    endloop
  endfacet
  facet normal 0 0 1
    outer loop
      vertex -86.4826 32.6744 1.5
      vertex -86.399 31.399 1.5
      vertex -86.399 32.601 1.5
    endloop
  endfacet
  facet normal 0 0 1
    outer loop
      vertex -86.4826 32.6744 1.5
      vertex -86.4826 31.3256 1.5
      vertex -86.399 31.399 1.5
    endloop
  endfacet
  facet normal 0 0 1
    outer loop
      vertex -86.575 32.7361 1.5
      vertex -86.4826 31.3256 1.5
      vertex -86.4826 32.6744 1.5
    endloop
  endfacet
  facet normal 0 0 1
    outer loop
      vertex -86.575 32.7361 1.5
      vertex -86.575 31.2639 1.5
      vertex -86.4826 31.3256 1.5
    endloop
  endfacet
  facet normal 0 0 1
    outer loop
      vertex -86.6747 32.7853 1.5
      vertex -86.575 31.2639 1.5
      vertex -86.575 32.7361 1.5
    endloop
  endfacet
  facet normal 0 0 1
    outer loop
      vertex -86.6747 32.7853 1.5
      vertex -86.6747 31.2147 1.5
      vertex -86.575 31.2639 1.5
    endloop
  endfacet
  facet normal 0 0 1
    outer loop
      vertex -86.78 32.821 1.5
      vertex -86.6747 31.2147 1.5
      vertex -86.6747 32.7853 1.5
    endloop
  endfacet
  facet normal 0 0 1
    outer loop
      vertex -86.78 32.821 1.5
      vertex -86.78 31.179 1.5
      vertex -86.6747 31.2147 1.5
    endloop
  endfacet
  facet normal 0 0 1
    outer loop
      vertex -86.8891 32.8427 1.5
      vertex -86.78 31.179 1.5
      vertex -86.78 32.821 1.5
    endloop
  endfacet
  facet normal 0 0 1
    outer loop
      vertex -86.8891 32.8427 1.5
      vertex -86.8891 31.1573 1.5
      vertex -86.78 31.179 1.5
    endloop
  endfacet
  facet normal 0 0 1
    outer loop
      vertex -87 32.85 1.5
      vertex -86.8891 31.1573 1.5
      vertex -86.8891 32.8427 1.5
    endloop
  endfacet
  facet normal 0 0 1
    outer loop
      vertex -87 32.85 1.5
      vertex -87 31.15 1.5
      vertex -86.8891 31.1573 1.5
    endloop
  endfacet
  facet normal -0 0 1
    outer loop
      vertex -87.1109 32.8427 1.5
      vertex -87 31.15 1.5
      vertex -87 32.85 1.5
    endloop
  endfacet
  facet normal 0 0 1
    outer loop
      vertex -87.1109 32.8427 1.5
      vertex -87.1109 31.1573 1.5
      vertex -87 31.15 1.5
    endloop
  endfacet
  facet normal -0 0 1
    outer loop
      vertex -87.22 32.821 1.5
      vertex -87.1109 31.1573 1.5
      vertex -87.1109 32.8427 1.5
    endloop
  endfacet
  facet normal 0 0 1
    outer loop
      vertex -87.22 32.821 1.5
      vertex -87.22 31.179 1.5
      vertex -87.1109 31.1573 1.5
    endloop
  endfacet
  facet normal -0 0 1
    outer loop
      vertex -87.3253 32.7853 1.5
      vertex -87.22 31.179 1.5
      vertex -87.22 32.821 1.5
    endloop
  endfacet
  facet normal 0 0 1
    outer loop
      vertex -87.3253 32.7853 1.5
      vertex -87.3253 31.2147 1.5
      vertex -87.22 31.179 1.5
    endloop
  endfacet
  facet normal -0 0 1
    outer loop
      vertex -87.425 32.7361 1.5
      vertex -87.3253 31.2147 1.5
      vertex -87.3253 32.7853 1.5
    endloop
  endfacet
  facet normal 0 0 1
    outer loop
      vertex -87.425 32.7361 1.5
      vertex -87.425 31.2639 1.5
      vertex -87.3253 31.2147 1.5
    endloop
  endfacet
  facet normal -0 0 1
    outer loop
      vertex -87.5174 32.6744 1.5
      vertex -87.425 31.2639 1.5
      vertex -87.425 32.7361 1.5
    endloop
  endfacet
  facet normal 0 0 1
    outer loop
      vertex -87.5174 32.6744 1.5
      vertex -87.5174 31.3256 1.5
      vertex -87.425 31.2639 1.5
    endloop
  endfacet
  facet normal -0 0 1
    outer loop
      vertex -87.601 32.601 1.5
      vertex -87.5174 31.3256 1.5
      vertex -87.5174 32.6744 1.5
    endloop
  endfacet
  facet normal 0 0 1
    outer loop
      vertex -87.601 32.601 1.5
      vertex -87.601 31.399 1.5
      vertex -87.5174 31.3256 1.5
    endloop
  endfacet
  facet normal -0 0 1
    outer loop
      vertex -87.6743 32.5174 1.5
      vertex -87.601 31.399 1.5
      vertex -87.601 32.601 1.5
    endloop
  endfacet
  facet normal 0 0 1
    outer loop
      vertex -87.6743 32.5174 1.5
      vertex -87.6743 31.4826 1.5
      vertex -87.601 31.399 1.5
    endloop
  endfacet
  facet normal -0 0 1
    outer loop
      vertex -87.7361 32.425 1.5
      vertex -87.6743 31.4826 1.5
      vertex -87.6743 32.5174 1.5
    endloop
  endfacet
  facet normal 0 0 1
    outer loop
      vertex -87.7361 32.425 1.5
      vertex -87.7361 31.575 1.5
      vertex -87.6743 31.4826 1.5
    endloop
  endfacet
  facet normal -0 0 1
    outer loop
      vertex -87.7853 32.3253 1.5
      vertex -87.7361 31.575 1.5
      vertex -87.7361 32.425 1.5
    endloop
  endfacet
  facet normal 0 0 1
    outer loop
      vertex -87.7853 32.3253 1.5
      vertex -87.7853 31.6747 1.5
      vertex -87.7361 31.575 1.5
    endloop
  endfacet
  facet normal -0 0 1
    outer loop
      vertex -87.821 32.22 1.5
      vertex -87.7853 31.6747 1.5
      vertex -87.7853 32.3253 1.5
    endloop
  endfacet
  facet normal 0 0 1
    outer loop
      vertex -87.821 32.22 1.5
      vertex -87.821 31.78 1.5
      vertex -87.7853 31.6747 1.5
    endloop
  endfacet
  facet normal -0 0 1
    outer loop
      vertex -87.8427 32.1109 1.5
      vertex -87.821 31.78 1.5
      vertex -87.821 32.22 1.5
    endloop
  endfacet
  facet normal 0 0 1
    outer loop
      vertex -87.8427 32.1109 1.5
      vertex -87.8427 31.8891 1.5
      vertex -87.821 31.78 1.5
    endloop
  endfacet
  facet normal 0 -0 1
    outer loop
      vertex -87.8427 31.8891 1.5
      vertex -87.8427 32.1109 1.5
      vertex -87.85 32 1.5
    endloop
  endfacet
  facet normal 0.896754 -0.44253 0
    outer loop
      vertex -87.7853 32.3253 19.8
      vertex -87.7361 32.425 1.5
      vertex -87.7361 32.425 19.8
    endloop
  endfacet
  facet normal 0.896754 -0.44253 0
    outer loop
      vertex -87.7361 32.425 1.5
      vertex -87.7853 32.3253 19.8
      vertex -87.7853 32.3253 1.5
    endloop
  endfacet
  facet normal 0.831219 -0.555945 0
    outer loop
      vertex -87.7361 32.425 19.8
      vertex -87.6743 32.5174 1.5
      vertex -87.6743 32.5174 19.8
    endloop
  endfacet
  facet normal 0.831219 -0.555945 0
    outer loop
      vertex -87.6743 32.5174 1.5
      vertex -87.7361 32.425 19.8
      vertex -87.7361 32.425 1.5
    endloop
  endfacet
  facet normal 0.997841 -0.0656829 0
    outer loop
      vertex -87.85 32 19.8
      vertex -87.8427 32.1109 1.5
      vertex -87.8427 32.1109 19.8
    endloop
  endfacet
  facet normal 0.997841 -0.0656829 0
    outer loop
      vertex -87.8427 32.1109 1.5
      vertex -87.85 32 19.8
      vertex -87.85 32 1.5
    endloop
  endfacet
  facet normal 0.659776 -0.751462 0
    outer loop
      vertex -87.601 32.601 1.5
      vertex -87.5174 32.6744 19.8
      vertex -87.601 32.601 19.8
    endloop
  endfacet
  facet normal 0.659776 -0.751462 0
    outer loop
      vertex -87.5174 32.6744 19.8
      vertex -87.601 32.601 1.5
      vertex -87.5174 32.6744 1.5
    endloop
  endfacet
  facet normal 0.195079 -0.980788 0
    outer loop
      vertex -87.22 32.821 1.5
      vertex -87.1109 32.8427 19.8
      vertex -87.22 32.821 19.8
    endloop
  endfacet
  facet normal 0.195079 -0.980788 0
    outer loop
      vertex -87.1109 32.8427 19.8
      vertex -87.22 32.821 1.5
      vertex -87.1109 32.8427 1.5
    endloop
  endfacet
  facet normal -0.997841 0.0656829 0
    outer loop
      vertex -86.1573 31.8891 1.5
      vertex -86.15 32 19.8
      vertex -86.15 32 1.5
    endloop
  endfacet
  facet normal -0.997841 0.0656829 0
    outer loop
      vertex -86.15 32 19.8
      vertex -86.1573 31.8891 1.5
      vertex -86.1573 31.8891 19.8
    endloop
  endfacet
  facet normal -0.195079 0.980788 0
    outer loop
      vertex -86.78 31.179 1.5
      vertex -86.8891 31.1573 19.8
      vertex -86.78 31.179 19.8
    endloop
  endfacet
  facet normal -0.195079 0.980788 0
    outer loop
      vertex -86.8891 31.1573 19.8
      vertex -86.78 31.179 1.5
      vertex -86.8891 31.1573 1.5
    endloop
  endfacet
  facet normal -0.44253 0.896754 0
    outer loop
      vertex -86.575 31.2639 1.5
      vertex -86.6747 31.2147 19.8
      vertex -86.575 31.2639 19.8
    endloop
  endfacet
  facet normal -0.44253 0.896754 0
    outer loop
      vertex -86.6747 31.2147 19.8
      vertex -86.575 31.2639 1.5
      vertex -86.6747 31.2147 1.5
    endloop
  endfacet
  facet normal -0.659776 0.751462 0
    outer loop
      vertex -86.399 31.399 1.5
      vertex -86.4826 31.3256 19.8
      vertex -86.399 31.399 19.8
    endloop
  endfacet
  facet normal -0.659776 0.751462 0
    outer loop
      vertex -86.4826 31.3256 19.8
      vertex -86.399 31.399 1.5
      vertex -86.4826 31.3256 1.5
    endloop
  endfacet
  facet normal -0.831219 0.555945 0
    outer loop
      vertex -86.3257 31.4826 1.5
      vertex -86.2639 31.575 19.8
      vertex -86.2639 31.575 1.5
    endloop
  endfacet
  facet normal -0.831219 0.555945 0
    outer loop
      vertex -86.2639 31.575 19.8
      vertex -86.3257 31.4826 1.5
      vertex -86.3257 31.4826 19.8
    endloop
  endfacet
  facet normal 0.555323 0.831635 -0
    outer loop
      vertex -87.425 31.2639 1.5
      vertex -87.5174 31.3256 19.8
      vertex -87.425 31.2639 19.8
    endloop
  endfacet
  facet normal 0.555323 0.831635 0
    outer loop
      vertex -87.5174 31.3256 19.8
      vertex -87.425 31.2639 1.5
      vertex -87.5174 31.3256 1.5
    endloop
  endfacet
  facet normal 0.32108 0.947052 -0
    outer loop
      vertex -87.22 31.179 1.5
      vertex -87.3253 31.2147 19.8
      vertex -87.22 31.179 19.8
    endloop
  endfacet
  facet normal 0.32108 0.947052 0
    outer loop
      vertex -87.3253 31.2147 19.8
      vertex -87.22 31.179 1.5
      vertex -87.3253 31.2147 1.5
    endloop
  endfacet
  facet normal 0.0656829 0.997841 -0
    outer loop
      vertex -87 31.15 1.5
      vertex -87.1109 31.1573 19.8
      vertex -87 31.15 19.8
    endloop
  endfacet
  facet normal 0.0656829 0.997841 0
    outer loop
      vertex -87.1109 31.1573 19.8
      vertex -87 31.15 1.5
      vertex -87.1109 31.1573 1.5
    endloop
  endfacet
  facet normal 0.751908 0.659268 0
    outer loop
      vertex -87.601 31.399 19.8
      vertex -87.6743 31.4826 1.5
      vertex -87.6743 31.4826 19.8
    endloop
  endfacet
  facet normal 0.751908 0.659268 0
    outer loop
      vertex -87.6743 31.4826 1.5
      vertex -87.601 31.399 19.8
      vertex -87.601 31.399 1.5
    endloop
  endfacet
  facet normal 0.896754 0.44253 0
    outer loop
      vertex -87.7361 31.575 19.8
      vertex -87.7853 31.6747 1.5
      vertex -87.7853 31.6747 19.8
    endloop
  endfacet
  facet normal 0.896754 0.44253 0
    outer loop
      vertex -87.7853 31.6747 1.5
      vertex -87.7361 31.575 19.8
      vertex -87.7361 31.575 1.5
    endloop
  endfacet
  facet normal 0.980788 0.195079 0
    outer loop
      vertex -87.821 31.78 19.8
      vertex -87.8427 31.8891 1.5
      vertex -87.8427 31.8891 19.8
    endloop
  endfacet
  facet normal 0.980788 0.195079 0
    outer loop
      vertex -87.8427 31.8891 1.5
      vertex -87.821 31.78 19.8
      vertex -87.821 31.78 1.5
    endloop
  endfacet
  facet normal 0.997841 0.0656829 0
    outer loop
      vertex -87.8427 31.8891 19.8
      vertex -87.85 32 1.5
      vertex -87.85 32 19.8
    endloop
  endfacet
  facet normal 0.997841 0.0656829 0
    outer loop
      vertex -87.85 32 1.5
      vertex -87.8427 31.8891 19.8
      vertex -87.8427 31.8891 1.5
    endloop
  endfacet
  facet normal -0.947052 0.32108 0
    outer loop
      vertex -86.2147 31.6747 1.5
      vertex -86.179 31.78 19.8
      vertex -86.179 31.78 1.5
    endloop
  endfacet
  facet normal -0.947052 0.32108 0
    outer loop
      vertex -86.179 31.78 19.8
      vertex -86.2147 31.6747 1.5
      vertex -86.2147 31.6747 19.8
    endloop
  endfacet
  facet normal -0.32108 0.947052 0
    outer loop
      vertex -86.6747 31.2147 1.5
      vertex -86.78 31.179 19.8
      vertex -86.6747 31.2147 19.8
    endloop
  endfacet
  facet normal -0.32108 0.947052 0
    outer loop
      vertex -86.78 31.179 19.8
      vertex -86.6747 31.2147 1.5
      vertex -86.78 31.179 1.5
    endloop
  endfacet
  facet normal -0.751908 0.659268 0
    outer loop
      vertex -86.399 31.399 1.5
      vertex -86.3257 31.4826 19.8
      vertex -86.3257 31.4826 1.5
    endloop
  endfacet
  facet normal -0.751908 0.659268 0
    outer loop
      vertex -86.3257 31.4826 19.8
      vertex -86.399 31.399 1.5
      vertex -86.399 31.399 19.8
    endloop
  endfacet
  facet normal 0.44253 0.896754 -0
    outer loop
      vertex -87.3253 31.2147 1.5
      vertex -87.425 31.2639 19.8
      vertex -87.3253 31.2147 19.8
    endloop
  endfacet
  facet normal 0.44253 0.896754 0
    outer loop
      vertex -87.425 31.2639 19.8
      vertex -87.3253 31.2147 1.5
      vertex -87.425 31.2639 1.5
    endloop
  endfacet
  facet normal 0.947052 0.32108 0
    outer loop
      vertex -87.7853 31.6747 19.8
      vertex -87.821 31.78 1.5
      vertex -87.821 31.78 19.8
    endloop
  endfacet
  facet normal 0.947052 0.32108 0
    outer loop
      vertex -87.821 31.78 1.5
      vertex -87.7853 31.6747 19.8
      vertex -87.7853 31.6747 1.5
    endloop
  endfacet
  facet normal -0.896754 0.44253 0
    outer loop
      vertex -86.2639 31.575 1.5
      vertex -86.2147 31.6747 19.8
      vertex -86.2147 31.6747 1.5
    endloop
  endfacet
  facet normal -0.896754 0.44253 0
    outer loop
      vertex -86.2147 31.6747 19.8
      vertex -86.2639 31.575 1.5
      vertex -86.2639 31.575 19.8
    endloop
  endfacet
  facet normal -0.997841 -0.0656829 0
    outer loop
      vertex -86.15 -32 1.5
      vertex -86.1573 -31.8891 19.8
      vertex -86.1573 -31.8891 1.5
    endloop
  endfacet
  facet normal -0.997841 -0.0656829 0
    outer loop
      vertex -86.1573 -31.8891 19.8
      vertex -86.15 -32 1.5
      vertex -86.15 -32 19.8
    endloop
  endfacet
  facet normal 0.997841 -0.0656829 0
    outer loop
      vertex -87.85 -32 19.8
      vertex -87.8427 -31.8891 1.5
      vertex -87.8427 -31.8891 19.8
    endloop
  endfacet
  facet normal 0.997841 -0.0656829 0
    outer loop
      vertex -87.8427 -31.8891 1.5
      vertex -87.85 -32 19.8
      vertex -87.85 -32 1.5
    endloop
  endfacet
  facet normal 0.0656829 -0.997841 0
    outer loop
      vertex -87.1109 -31.1573 1.5
      vertex -87 -31.15 19.8
      vertex -87.1109 -31.1573 19.8
    endloop
  endfacet
  facet normal 0.0656829 -0.997841 0
    outer loop
      vertex -87 -31.15 19.8
      vertex -87.1109 -31.1573 1.5
      vertex -87 -31.15 1.5
    endloop
  endfacet
  facet normal -0.0656829 0.997841 0
    outer loop
      vertex -86.8891 -32.8427 1.5
      vertex -87 -32.85 19.8
      vertex -86.8891 -32.8427 19.8
    endloop
  endfacet
  facet normal -0.0656829 0.997841 0
    outer loop
      vertex -87 -32.85 19.8
      vertex -86.8891 -32.8427 1.5
      vertex -87 -32.85 1.5
    endloop
  endfacet
  facet normal -0.751908 0.659268 0
    outer loop
      vertex -86.399 -32.601 1.5
      vertex -86.3257 -32.5174 19.8
      vertex -86.3257 -32.5174 1.5
    endloop
  endfacet
  facet normal -0.751908 0.659268 0
    outer loop
      vertex -86.3257 -32.5174 19.8
      vertex -86.399 -32.601 1.5
      vertex -86.399 -32.601 19.8
    endloop
  endfacet
  facet normal -0.659776 -0.751462 0
    outer loop
      vertex -86.4826 -31.3256 1.5
      vertex -86.399 -31.399 19.8
      vertex -86.4826 -31.3256 19.8
    endloop
  endfacet
  facet normal -0.659776 -0.751462 -0
    outer loop
      vertex -86.399 -31.399 19.8
      vertex -86.4826 -31.3256 1.5
      vertex -86.399 -31.399 1.5
    endloop
  endfacet
  facet normal 0.751908 -0.659268 0
    outer loop
      vertex -87.6743 -31.4826 19.8
      vertex -87.601 -31.399 1.5
      vertex -87.601 -31.399 19.8
    endloop
  endfacet
  facet normal 0.751908 -0.659268 0
    outer loop
      vertex -87.601 -31.399 1.5
      vertex -87.6743 -31.4826 19.8
      vertex -87.6743 -31.4826 1.5
    endloop
  endfacet
  facet normal 0.44253 -0.896754 0
    outer loop
      vertex -87.425 -31.2639 1.5
      vertex -87.3253 -31.2147 19.8
      vertex -87.425 -31.2639 19.8
    endloop
  endfacet
  facet normal 0.44253 -0.896754 0
    outer loop
      vertex -87.3253 -31.2147 19.8
      vertex -87.425 -31.2639 1.5
      vertex -87.3253 -31.2147 1.5
    endloop
  endfacet
  facet normal -0.896754 -0.44253 0
    outer loop
      vertex -86.2147 -31.6747 1.5
      vertex -86.2639 -31.575 19.8
      vertex -86.2639 -31.575 1.5
    endloop
  endfacet
  facet normal -0.896754 -0.44253 0
    outer loop
      vertex -86.2639 -31.575 19.8
      vertex -86.2147 -31.6747 1.5
      vertex -86.2147 -31.6747 19.8
    endloop
  endfacet
  facet normal -0.831219 -0.555945 0
    outer loop
      vertex -86.2639 -31.575 1.5
      vertex -86.3257 -31.4826 19.8
      vertex -86.3257 -31.4826 1.5
    endloop
  endfacet
  facet normal -0.831219 -0.555945 0
    outer loop
      vertex -86.3257 -31.4826 19.8
      vertex -86.2639 -31.575 1.5
      vertex -86.2639 -31.575 19.8
    endloop
  endfacet
  facet normal -0.32108 -0.947052 0
    outer loop
      vertex -86.78 -31.179 1.5
      vertex -86.6747 -31.2147 19.8
      vertex -86.78 -31.179 19.8
    endloop
  endfacet
  facet normal -0.32108 -0.947052 -0
    outer loop
      vertex -86.6747 -31.2147 19.8
      vertex -86.78 -31.179 1.5
      vertex -86.6747 -31.2147 1.5
    endloop
  endfacet
  facet normal -0.195079 -0.980788 0
    outer loop
      vertex -86.8891 -31.1573 1.5
      vertex -86.78 -31.179 19.8
      vertex -86.8891 -31.1573 19.8
    endloop
  endfacet
  facet normal -0.195079 -0.980788 -0
    outer loop
      vertex -86.78 -31.179 19.8
      vertex -86.8891 -31.1573 1.5
      vertex -86.78 -31.179 1.5
    endloop
  endfacet
  facet normal -0.44253 -0.896754 0
    outer loop
      vertex -86.6747 -31.2147 1.5
      vertex -86.575 -31.2639 19.8
      vertex -86.6747 -31.2147 19.8
    endloop
  endfacet
  facet normal -0.44253 -0.896754 -0
    outer loop
      vertex -86.575 -31.2639 19.8
      vertex -86.6747 -31.2147 1.5
      vertex -86.575 -31.2639 1.5
    endloop
  endfacet
  facet normal 0.896754 -0.44253 0
    outer loop
      vertex -87.7853 -31.6747 19.8
      vertex -87.7361 -31.575 1.5
      vertex -87.7361 -31.575 19.8
    endloop
  endfacet
  facet normal 0.896754 -0.44253 0
    outer loop
      vertex -87.7361 -31.575 1.5
      vertex -87.7853 -31.6747 19.8
      vertex -87.7853 -31.6747 1.5
    endloop
  endfacet
  facet normal 0.831219 -0.555945 0
    outer loop
      vertex -87.7361 -31.575 19.8
      vertex -87.6743 -31.4826 1.5
      vertex -87.6743 -31.4826 19.8
    endloop
  endfacet
  facet normal 0.831219 -0.555945 0
    outer loop
      vertex -87.6743 -31.4826 1.5
      vertex -87.7361 -31.575 19.8
      vertex -87.7361 -31.575 1.5
    endloop
  endfacet
  facet normal 0.555323 -0.831635 0
    outer loop
      vertex -87.5174 -31.3256 1.5
      vertex -87.425 -31.2639 19.8
      vertex -87.5174 -31.3256 19.8
    endloop
  endfacet
  facet normal 0.555323 -0.831635 0
    outer loop
      vertex -87.425 -31.2639 19.8
      vertex -87.5174 -31.3256 1.5
      vertex -87.425 -31.2639 1.5
    endloop
  endfacet
  facet normal 0.32108 -0.947052 0
    outer loop
      vertex -87.3253 -31.2147 1.5
      vertex -87.22 -31.179 19.8
      vertex -87.3253 -31.2147 19.8
    endloop
  endfacet
  facet normal 0.32108 -0.947052 0
    outer loop
      vertex -87.22 -31.179 19.8
      vertex -87.3253 -31.2147 1.5
      vertex -87.22 -31.179 1.5
    endloop
  endfacet
  facet normal 0 0 1
    outer loop
      vertex -86.1573 -31.8891 1.5
      vertex -86.1573 -32.1109 1.5
      vertex -86.15 -32 1.5
    endloop
  endfacet
  facet normal 0 0 1
    outer loop
      vertex -86.179 -31.78 1.5
      vertex -86.1573 -32.1109 1.5
      vertex -86.1573 -31.8891 1.5
    endloop
  endfacet
  facet normal 0 0 1
    outer loop
      vertex -86.179 -31.78 1.5
      vertex -86.179 -32.22 1.5
      vertex -86.1573 -32.1109 1.5
    endloop
  endfacet
  facet normal 0 0 1
    outer loop
      vertex -86.2147 -31.6747 1.5
      vertex -86.179 -32.22 1.5
      vertex -86.179 -31.78 1.5
    endloop
  endfacet
  facet normal 0 0 1
    outer loop
      vertex -86.2147 -31.6747 1.5
      vertex -86.2147 -32.3253 1.5
      vertex -86.179 -32.22 1.5
    endloop
  endfacet
  facet normal 0 0 1
    outer loop
      vertex -86.2639 -31.575 1.5
      vertex -86.2147 -32.3253 1.5
      vertex -86.2147 -31.6747 1.5
    endloop
  endfacet
  facet normal 0 0 1
    outer loop
      vertex -86.2639 -31.575 1.5
      vertex -86.2639 -32.425 1.5
      vertex -86.2147 -32.3253 1.5
    endloop
  endfacet
  facet normal 0 0 1
    outer loop
      vertex -86.3257 -31.4826 1.5
      vertex -86.2639 -32.425 1.5
      vertex -86.2639 -31.575 1.5
    endloop
  endfacet
  facet normal 0 0 1
    outer loop
      vertex -86.3257 -31.4826 1.5
      vertex -86.3257 -32.5174 1.5
      vertex -86.2639 -32.425 1.5
    endloop
  endfacet
  facet normal 0 0 1
    outer loop
      vertex -86.399 -31.399 1.5
      vertex -86.3257 -32.5174 1.5
      vertex -86.3257 -31.4826 1.5
    endloop
  endfacet
  facet normal 0 0 1
    outer loop
      vertex -86.399 -31.399 1.5
      vertex -86.399 -32.601 1.5
      vertex -86.3257 -32.5174 1.5
    endloop
  endfacet
  facet normal 0 0 1
    outer loop
      vertex -86.4826 -31.3256 1.5
      vertex -86.399 -32.601 1.5
      vertex -86.399 -31.399 1.5
    endloop
  endfacet
  facet normal 0 0 1
    outer loop
      vertex -86.4826 -31.3256 1.5
      vertex -86.4826 -32.6744 1.5
      vertex -86.399 -32.601 1.5
    endloop
  endfacet
  facet normal 0 0 1
    outer loop
      vertex -86.575 -31.2639 1.5
      vertex -86.4826 -32.6744 1.5
      vertex -86.4826 -31.3256 1.5
    endloop
  endfacet
  facet normal 0 0 1
    outer loop
      vertex -86.575 -31.2639 1.5
      vertex -86.575 -32.7361 1.5
      vertex -86.4826 -32.6744 1.5
    endloop
  endfacet
  facet normal 0 0 1
    outer loop
      vertex -86.6747 -31.2147 1.5
      vertex -86.575 -32.7361 1.5
      vertex -86.575 -31.2639 1.5
    endloop
  endfacet
  facet normal 0 0 1
    outer loop
      vertex -86.6747 -31.2147 1.5
      vertex -86.6747 -32.7853 1.5
      vertex -86.575 -32.7361 1.5
    endloop
  endfacet
  facet normal 0 0 1
    outer loop
      vertex -86.78 -31.179 1.5
      vertex -86.6747 -32.7853 1.5
      vertex -86.6747 -31.2147 1.5
    endloop
  endfacet
  facet normal 0 0 1
    outer loop
      vertex -86.78 -31.179 1.5
      vertex -86.78 -32.821 1.5
      vertex -86.6747 -32.7853 1.5
    endloop
  endfacet
  facet normal 0 0 1
    outer loop
      vertex -86.8891 -31.1573 1.5
      vertex -86.78 -32.821 1.5
      vertex -86.78 -31.179 1.5
    endloop
  endfacet
  facet normal 0 0 1
    outer loop
      vertex -86.8891 -31.1573 1.5
      vertex -86.8891 -32.8427 1.5
      vertex -86.78 -32.821 1.5
    endloop
  endfacet
  facet normal 0 0 1
    outer loop
      vertex -87 -31.15 1.5
      vertex -86.8891 -32.8427 1.5
      vertex -86.8891 -31.1573 1.5
    endloop
  endfacet
  facet normal 0 0 1
    outer loop
      vertex -87 -31.15 1.5
      vertex -87 -32.85 1.5
      vertex -86.8891 -32.8427 1.5
    endloop
  endfacet
  facet normal -0 0 1
    outer loop
      vertex -87.1109 -31.1573 1.5
      vertex -87 -32.85 1.5
      vertex -87 -31.15 1.5
    endloop
  endfacet
  facet normal 0 0 1
    outer loop
      vertex -87.1109 -31.1573 1.5
      vertex -87.1109 -32.8427 1.5
      vertex -87 -32.85 1.5
    endloop
  endfacet
  facet normal -0 0 1
    outer loop
      vertex -87.22 -31.179 1.5
      vertex -87.1109 -32.8427 1.5
      vertex -87.1109 -31.1573 1.5
    endloop
  endfacet
  facet normal 0 0 1
    outer loop
      vertex -87.22 -31.179 1.5
      vertex -87.22 -32.821 1.5
      vertex -87.1109 -32.8427 1.5
    endloop
  endfacet
  facet normal -0 0 1
    outer loop
      vertex -87.3253 -31.2147 1.5
      vertex -87.22 -32.821 1.5
      vertex -87.22 -31.179 1.5
    endloop
  endfacet
  facet normal 0 0 1
    outer loop
      vertex -87.3253 -31.2147 1.5
      vertex -87.3253 -32.7853 1.5
      vertex -87.22 -32.821 1.5
    endloop
  endfacet
  facet normal -0 0 1
    outer loop
      vertex -87.425 -31.2639 1.5
      vertex -87.3253 -32.7853 1.5
      vertex -87.3253 -31.2147 1.5
    endloop
  endfacet
  facet normal 0 0 1
    outer loop
      vertex -87.425 -31.2639 1.5
      vertex -87.425 -32.7361 1.5
      vertex -87.3253 -32.7853 1.5
    endloop
  endfacet
  facet normal -0 0 1
    outer loop
      vertex -87.5174 -31.3256 1.5
      vertex -87.425 -32.7361 1.5
      vertex -87.425 -31.2639 1.5
    endloop
  endfacet
  facet normal 0 0 1
    outer loop
      vertex -87.5174 -31.3256 1.5
      vertex -87.5174 -32.6744 1.5
      vertex -87.425 -32.7361 1.5
    endloop
  endfacet
  facet normal -0 0 1
    outer loop
      vertex -87.601 -31.399 1.5
      vertex -87.5174 -32.6744 1.5
      vertex -87.5174 -31.3256 1.5
    endloop
  endfacet
  facet normal 0 0 1
    outer loop
      vertex -87.601 -31.399 1.5
      vertex -87.601 -32.601 1.5
      vertex -87.5174 -32.6744 1.5
    endloop
  endfacet
  facet normal -0 0 1
    outer loop
      vertex -87.6743 -31.4826 1.5
      vertex -87.601 -32.601 1.5
      vertex -87.601 -31.399 1.5
    endloop
  endfacet
  facet normal 0 0 1
    outer loop
      vertex -87.6743 -31.4826 1.5
      vertex -87.6743 -32.5174 1.5
      vertex -87.601 -32.601 1.5
    endloop
  endfacet
  facet normal -0 0 1
    outer loop
      vertex -87.7361 -31.575 1.5
      vertex -87.6743 -32.5174 1.5
      vertex -87.6743 -31.4826 1.5
    endloop
  endfacet
  facet normal 0 0 1
    outer loop
      vertex -87.7361 -31.575 1.5
      vertex -87.7361 -32.425 1.5
      vertex -87.6743 -32.5174 1.5
    endloop
  endfacet
  facet normal -0 0 1
    outer loop
      vertex -87.7853 -31.6747 1.5
      vertex -87.7361 -32.425 1.5
      vertex -87.7361 -31.575 1.5
    endloop
  endfacet
  facet normal 0 0 1
    outer loop
      vertex -87.7853 -31.6747 1.5
      vertex -87.7853 -32.3253 1.5
      vertex -87.7361 -32.425 1.5
    endloop
  endfacet
  facet normal -0 0 1
    outer loop
      vertex -87.821 -31.78 1.5
      vertex -87.7853 -32.3253 1.5
      vertex -87.7853 -31.6747 1.5
    endloop
  endfacet
  facet normal 0 0 1
    outer loop
      vertex -87.821 -31.78 1.5
      vertex -87.821 -32.22 1.5
      vertex -87.7853 -32.3253 1.5
    endloop
  endfacet
  facet normal -0 0 1
    outer loop
      vertex -87.8427 -31.8891 1.5
      vertex -87.821 -32.22 1.5
      vertex -87.821 -31.78 1.5
    endloop
  endfacet
  facet normal 0 0 1
    outer loop
      vertex -87.8427 -31.8891 1.5
      vertex -87.8427 -32.1109 1.5
      vertex -87.821 -32.22 1.5
    endloop
  endfacet
  facet normal 0 -0 1
    outer loop
      vertex -87.8427 -32.1109 1.5
      vertex -87.8427 -31.8891 1.5
      vertex -87.85 -32 1.5
    endloop
  endfacet
  facet normal -0.195079 0.980788 0
    outer loop
      vertex -86.78 -32.821 1.5
      vertex -86.8891 -32.8427 19.8
      vertex -86.78 -32.821 19.8
    endloop
  endfacet
  facet normal -0.195079 0.980788 0
    outer loop
      vertex -86.8891 -32.8427 19.8
      vertex -86.78 -32.821 1.5
      vertex -86.8891 -32.8427 1.5
    endloop
  endfacet
  facet normal -0.44253 0.896754 0
    outer loop
      vertex -86.575 -32.7361 1.5
      vertex -86.6747 -32.7853 19.8
      vertex -86.575 -32.7361 19.8
    endloop
  endfacet
  facet normal -0.44253 0.896754 0
    outer loop
      vertex -86.6747 -32.7853 19.8
      vertex -86.575 -32.7361 1.5
      vertex -86.6747 -32.7853 1.5
    endloop
  endfacet
  facet normal -0.947052 -0.32108 0
    outer loop
      vertex -86.179 -31.78 1.5
      vertex -86.2147 -31.6747 19.8
      vertex -86.2147 -31.6747 1.5
    endloop
  endfacet
  facet normal -0.947052 -0.32108 0
    outer loop
      vertex -86.2147 -31.6747 19.8
      vertex -86.179 -31.78 1.5
      vertex -86.179 -31.78 19.8
    endloop
  endfacet
  facet normal -0.980788 -0.195079 0
    outer loop
      vertex -86.1573 -31.8891 1.5
      vertex -86.179 -31.78 19.8
      vertex -86.179 -31.78 1.5
    endloop
  endfacet
  facet normal -0.980788 -0.195079 0
    outer loop
      vertex -86.179 -31.78 19.8
      vertex -86.1573 -31.8891 1.5
      vertex -86.1573 -31.8891 19.8
    endloop
  endfacet
  facet normal -0.751908 -0.659268 0
    outer loop
      vertex -86.3257 -31.4826 1.5
      vertex -86.399 -31.399 19.8
      vertex -86.399 -31.399 1.5
    endloop
  endfacet
  facet normal -0.751908 -0.659268 0
    outer loop
      vertex -86.399 -31.399 19.8
      vertex -86.3257 -31.4826 1.5
      vertex -86.3257 -31.4826 19.8
    endloop
  endfacet
  facet normal -0.0656829 -0.997841 0
    outer loop
      vertex -87 -31.15 1.5
      vertex -86.8891 -31.1573 19.8
      vertex -87 -31.15 19.8
    endloop
  endfacet
  facet normal -0.0656829 -0.997841 -0
    outer loop
      vertex -86.8891 -31.1573 19.8
      vertex -87 -31.15 1.5
      vertex -86.8891 -31.1573 1.5
    endloop
  endfacet
  facet normal -0.555323 -0.831635 0
    outer loop
      vertex -86.575 -31.2639 1.5
      vertex -86.4826 -31.3256 19.8
      vertex -86.575 -31.2639 19.8
    endloop
  endfacet
  facet normal -0.555323 -0.831635 -0
    outer loop
      vertex -86.4826 -31.3256 19.8
      vertex -86.575 -31.2639 1.5
      vertex -86.4826 -31.3256 1.5
    endloop
  endfacet
  facet normal 0.947052 -0.32108 0
    outer loop
      vertex -87.821 -31.78 19.8
      vertex -87.7853 -31.6747 1.5
      vertex -87.7853 -31.6747 19.8
    endloop
  endfacet
  facet normal 0.947052 -0.32108 0
    outer loop
      vertex -87.7853 -31.6747 1.5
      vertex -87.821 -31.78 19.8
      vertex -87.821 -31.78 1.5
    endloop
  endfacet
  facet normal 0.980788 -0.195079 0
    outer loop
      vertex -87.8427 -31.8891 19.8
      vertex -87.821 -31.78 1.5
      vertex -87.821 -31.78 19.8
    endloop
  endfacet
  facet normal 0.980788 -0.195079 0
    outer loop
      vertex -87.821 -31.78 1.5
      vertex -87.8427 -31.8891 19.8
      vertex -87.8427 -31.8891 1.5
    endloop
  endfacet
  facet normal 0.659776 -0.751462 0
    outer loop
      vertex -87.601 -31.399 1.5
      vertex -87.5174 -31.3256 19.8
      vertex -87.601 -31.399 19.8
    endloop
  endfacet
  facet normal 0.659776 -0.751462 0
    outer loop
      vertex -87.5174 -31.3256 19.8
      vertex -87.601 -31.399 1.5
      vertex -87.5174 -31.3256 1.5
    endloop
  endfacet
  facet normal 0.195079 -0.980788 0
    outer loop
      vertex -87.22 -31.179 1.5
      vertex -87.1109 -31.1573 19.8
      vertex -87.22 -31.179 19.8
    endloop
  endfacet
  facet normal 0.195079 -0.980788 0
    outer loop
      vertex -87.1109 -31.1573 19.8
      vertex -87.22 -31.179 1.5
      vertex -87.1109 -31.1573 1.5
    endloop
  endfacet
  facet normal -0.997841 0.0656829 0
    outer loop
      vertex -86.1573 -32.1109 1.5
      vertex -86.15 -32 19.8
      vertex -86.15 -32 1.5
    endloop
  endfacet
  facet normal -0.997841 0.0656829 0
    outer loop
      vertex -86.15 -32 19.8
      vertex -86.1573 -32.1109 1.5
      vertex -86.1573 -32.1109 19.8
    endloop
  endfacet
  facet normal -0.947052 0.32108 0
    outer loop
      vertex -86.2147 -32.3253 1.5
      vertex -86.179 -32.22 19.8
      vertex -86.179 -32.22 1.5
    endloop
  endfacet
  facet normal -0.947052 0.32108 0
    outer loop
      vertex -86.179 -32.22 19.8
      vertex -86.2147 -32.3253 1.5
      vertex -86.2147 -32.3253 19.8
    endloop
  endfacet
  facet normal -0.980788 0.195079 0
    outer loop
      vertex -86.179 -32.22 1.5
      vertex -86.1573 -32.1109 19.8
      vertex -86.1573 -32.1109 1.5
    endloop
  endfacet
  facet normal -0.980788 0.195079 0
    outer loop
      vertex -86.1573 -32.1109 19.8
      vertex -86.179 -32.22 1.5
      vertex -86.179 -32.22 19.8
    endloop
  endfacet
  facet normal 0.896754 0.44253 0
    outer loop
      vertex -87.7361 -32.425 19.8
      vertex -87.7853 -32.3253 1.5
      vertex -87.7853 -32.3253 19.8
    endloop
  endfacet
  facet normal 0.896754 0.44253 0
    outer loop
      vertex -87.7853 -32.3253 1.5
      vertex -87.7361 -32.425 19.8
      vertex -87.7361 -32.425 1.5
    endloop
  endfacet
  facet normal -0.555323 0.831635 0
    outer loop
      vertex -86.4826 -32.6744 1.5
      vertex -86.575 -32.7361 19.8
      vertex -86.4826 -32.6744 19.8
    endloop
  endfacet
  facet normal -0.555323 0.831635 0
    outer loop
      vertex -86.575 -32.7361 19.8
      vertex -86.4826 -32.6744 1.5
      vertex -86.575 -32.7361 1.5
    endloop
  endfacet
  facet normal 0.980788 0.195079 0
    outer loop
      vertex -87.821 -32.22 19.8
      vertex -87.8427 -32.1109 1.5
      vertex -87.8427 -32.1109 19.8
    endloop
  endfacet
  facet normal 0.980788 0.195079 0
    outer loop
      vertex -87.8427 -32.1109 1.5
      vertex -87.821 -32.22 19.8
      vertex -87.821 -32.22 1.5
    endloop
  endfacet
  facet normal 0.997841 0.0656829 0
    outer loop
      vertex -87.8427 -32.1109 19.8
      vertex -87.85 -32 1.5
      vertex -87.85 -32 19.8
    endloop
  endfacet
  facet normal 0.997841 0.0656829 0
    outer loop
      vertex -87.85 -32 1.5
      vertex -87.8427 -32.1109 19.8
      vertex -87.8427 -32.1109 1.5
    endloop
  endfacet
  facet normal 0.947052 0.32108 0
    outer loop
      vertex -87.7853 -32.3253 19.8
      vertex -87.821 -32.22 1.5
      vertex -87.821 -32.22 19.8
    endloop
  endfacet
  facet normal 0.947052 0.32108 0
    outer loop
      vertex -87.821 -32.22 1.5
      vertex -87.7853 -32.3253 19.8
      vertex -87.7853 -32.3253 1.5
    endloop
  endfacet
  facet normal -0.659776 0.751462 0
    outer loop
      vertex -86.399 -32.601 1.5
      vertex -86.4826 -32.6744 19.8
      vertex -86.399 -32.601 19.8
    endloop
  endfacet
  facet normal -0.659776 0.751462 0
    outer loop
      vertex -86.4826 -32.6744 19.8
      vertex -86.399 -32.601 1.5
      vertex -86.4826 -32.6744 1.5
    endloop
  endfacet
  facet normal -0.32108 0.947052 0
    outer loop
      vertex -86.6747 -32.7853 1.5
      vertex -86.78 -32.821 19.8
      vertex -86.6747 -32.7853 19.8
    endloop
  endfacet
  facet normal -0.32108 0.947052 0
    outer loop
      vertex -86.78 -32.821 19.8
      vertex -86.6747 -32.7853 1.5
      vertex -86.78 -32.821 1.5
    endloop
  endfacet
  facet normal -0.896754 0.44253 0
    outer loop
      vertex -86.2639 -32.425 1.5
      vertex -86.2147 -32.3253 19.8
      vertex -86.2147 -32.3253 1.5
    endloop
  endfacet
  facet normal -0.896754 0.44253 0
    outer loop
      vertex -86.2147 -32.3253 19.8
      vertex -86.2639 -32.425 1.5
      vertex -86.2639 -32.425 19.8
    endloop
  endfacet
  facet normal -0.831219 0.555945 0
    outer loop
      vertex -86.3257 -32.5174 1.5
      vertex -86.2639 -32.425 19.8
      vertex -86.2639 -32.425 1.5
    endloop
  endfacet
  facet normal -0.831219 0.555945 0
    outer loop
      vertex -86.2639 -32.425 19.8
      vertex -86.3257 -32.5174 1.5
      vertex -86.3257 -32.5174 19.8
    endloop
  endfacet
  facet normal 0.32108 0.947052 -0
    outer loop
      vertex -87.22 -32.821 1.5
      vertex -87.3253 -32.7853 19.8
      vertex -87.22 -32.821 19.8
    endloop
  endfacet
  facet normal 0.32108 0.947052 0
    outer loop
      vertex -87.3253 -32.7853 19.8
      vertex -87.22 -32.821 1.5
      vertex -87.3253 -32.7853 1.5
    endloop
  endfacet
  facet normal 0.195079 0.980788 -0
    outer loop
      vertex -87.1109 -32.8427 1.5
      vertex -87.22 -32.821 19.8
      vertex -87.1109 -32.8427 19.8
    endloop
  endfacet
  facet normal 0.195079 0.980788 0
    outer loop
      vertex -87.22 -32.821 19.8
      vertex -87.1109 -32.8427 1.5
      vertex -87.22 -32.821 1.5
    endloop
  endfacet
  facet normal 0.751908 0.659268 0
    outer loop
      vertex -87.601 -32.601 19.8
      vertex -87.6743 -32.5174 1.5
      vertex -87.6743 -32.5174 19.8
    endloop
  endfacet
  facet normal 0.751908 0.659268 0
    outer loop
      vertex -87.6743 -32.5174 1.5
      vertex -87.601 -32.601 19.8
      vertex -87.601 -32.601 1.5
    endloop
  endfacet
  facet normal 0.659776 0.751462 -0
    outer loop
      vertex -87.5174 -32.6744 1.5
      vertex -87.601 -32.601 19.8
      vertex -87.5174 -32.6744 19.8
    endloop
  endfacet
  facet normal 0.659776 0.751462 0
    outer loop
      vertex -87.601 -32.601 19.8
      vertex -87.5174 -32.6744 1.5
      vertex -87.601 -32.601 1.5
    endloop
  endfacet
  facet normal 0.0656829 0.997841 -0
    outer loop
      vertex -87 -32.85 1.5
      vertex -87.1109 -32.8427 19.8
      vertex -87 -32.85 19.8
    endloop
  endfacet
  facet normal 0.0656829 0.997841 0
    outer loop
      vertex -87.1109 -32.8427 19.8
      vertex -87 -32.85 1.5
      vertex -87.1109 -32.8427 1.5
    endloop
  endfacet
  facet normal 0.831219 0.555945 0
    outer loop
      vertex -87.6743 -32.5174 19.8
      vertex -87.7361 -32.425 1.5
      vertex -87.7361 -32.425 19.8
    endloop
  endfacet
  facet normal 0.831219 0.555945 0
    outer loop
      vertex -87.7361 -32.425 1.5
      vertex -87.6743 -32.5174 19.8
      vertex -87.6743 -32.5174 1.5
    endloop
  endfacet
  facet normal 0.44253 0.896754 -0
    outer loop
      vertex -87.3253 -32.7853 1.5
      vertex -87.425 -32.7361 19.8
      vertex -87.3253 -32.7853 19.8
    endloop
  endfacet
  facet normal 0.44253 0.896754 0
    outer loop
      vertex -87.425 -32.7361 19.8
      vertex -87.3253 -32.7853 1.5
      vertex -87.425 -32.7361 1.5
    endloop
  endfacet
  facet normal 0.555323 0.831635 -0
    outer loop
      vertex -87.425 -32.7361 1.5
      vertex -87.5174 -32.6744 19.8
      vertex -87.425 -32.7361 19.8
    endloop
  endfacet
  facet normal 0.555323 0.831635 0
    outer loop
      vertex -87.5174 -32.6744 19.8
      vertex -87.425 -32.7361 1.5
      vertex -87.5174 -32.6744 1.5
    endloop
  endfacet
  facet normal -0.997841 -0.0656829 0
    outer loop
      vertex 87.85 32 1.5
      vertex 87.8427 32.1109 19.8
      vertex 87.8427 32.1109 1.5
    endloop
  endfacet
  facet normal -0.997841 -0.0656829 0
    outer loop
      vertex 87.8427 32.1109 19.8
      vertex 87.85 32 1.5
      vertex 87.85 32 19.8
    endloop
  endfacet
  facet normal 0.0656829 -0.997841 0
    outer loop
      vertex 86.8891 32.8427 1.5
      vertex 87 32.85 19.8
      vertex 86.8891 32.8427 19.8
    endloop
  endfacet
  facet normal 0.0656829 -0.997841 0
    outer loop
      vertex 87 32.85 19.8
      vertex 86.8891 32.8427 1.5
      vertex 87 32.85 1.5
    endloop
  endfacet
  facet normal -0.0656829 0.997841 0
    outer loop
      vertex 87.1109 31.1573 1.5
      vertex 87 31.15 19.8
      vertex 87.1109 31.1573 19.8
    endloop
  endfacet
  facet normal -0.0656829 0.997841 0
    outer loop
      vertex 87 31.15 19.8
      vertex 87.1109 31.1573 1.5
      vertex 87 31.15 1.5
    endloop
  endfacet
  facet normal -0.659776 -0.751462 0
    outer loop
      vertex 87.5174 32.6744 1.5
      vertex 87.601 32.601 19.8
      vertex 87.5174 32.6744 19.8
    endloop
  endfacet
  facet normal -0.659776 -0.751462 -0
    outer loop
      vertex 87.601 32.601 19.8
      vertex 87.5174 32.6744 1.5
      vertex 87.601 32.601 1.5
    endloop
  endfacet
  facet normal 0.751908 -0.659268 0
    outer loop
      vertex 86.3257 32.5174 19.8
      vertex 86.399 32.601 1.5
      vertex 86.399 32.601 19.8
    endloop
  endfacet
  facet normal 0.751908 -0.659268 0
    outer loop
      vertex 86.399 32.601 1.5
      vertex 86.3257 32.5174 19.8
      vertex 86.3257 32.5174 1.5
    endloop
  endfacet
  facet normal 0.44253 -0.896754 0
    outer loop
      vertex 86.575 32.7361 1.5
      vertex 86.6747 32.7853 19.8
      vertex 86.575 32.7361 19.8
    endloop
  endfacet
  facet normal 0.44253 -0.896754 0
    outer loop
      vertex 86.6747 32.7853 19.8
      vertex 86.575 32.7361 1.5
      vertex 86.6747 32.7853 1.5
    endloop
  endfacet
  facet normal -0.896754 0.44253 0
    outer loop
      vertex 87.7361 31.575 1.5
      vertex 87.7853 31.6747 19.8
      vertex 87.7853 31.6747 1.5
    endloop
  endfacet
  facet normal -0.896754 0.44253 0
    outer loop
      vertex 87.7853 31.6747 19.8
      vertex 87.7361 31.575 1.5
      vertex 87.7361 31.575 19.8
    endloop
  endfacet
  facet normal -0.896754 -0.44253 0
    outer loop
      vertex 87.7853 32.3253 1.5
      vertex 87.7361 32.425 19.8
      vertex 87.7361 32.425 1.5
    endloop
  endfacet
  facet normal -0.896754 -0.44253 0
    outer loop
      vertex 87.7361 32.425 19.8
      vertex 87.7853 32.3253 1.5
      vertex 87.7853 32.3253 19.8
    endloop
  endfacet
  facet normal -0.831219 -0.555945 0
    outer loop
      vertex 87.7361 32.425 1.5
      vertex 87.6743 32.5174 19.8
      vertex 87.6743 32.5174 1.5
    endloop
  endfacet
  facet normal -0.831219 -0.555945 0
    outer loop
      vertex 87.6743 32.5174 19.8
      vertex 87.7361 32.425 1.5
      vertex 87.7361 32.425 19.8
    endloop
  endfacet
  facet normal -0.32108 -0.947052 0
    outer loop
      vertex 87.22 32.821 1.5
      vertex 87.3253 32.7853 19.8
      vertex 87.22 32.821 19.8
    endloop
  endfacet
  facet normal -0.32108 -0.947052 -0
    outer loop
      vertex 87.3253 32.7853 19.8
      vertex 87.22 32.821 1.5
      vertex 87.3253 32.7853 1.5
    endloop
  endfacet
  facet normal -0.195079 -0.980788 0
    outer loop
      vertex 87.1109 32.8427 1.5
      vertex 87.22 32.821 19.8
      vertex 87.1109 32.8427 19.8
    endloop
  endfacet
  facet normal -0.195079 -0.980788 -0
    outer loop
      vertex 87.22 32.821 19.8
      vertex 87.1109 32.8427 1.5
      vertex 87.22 32.821 1.5
    endloop
  endfacet
  facet normal -0.44253 -0.896754 0
    outer loop
      vertex 87.3253 32.7853 1.5
      vertex 87.425 32.7361 19.8
      vertex 87.3253 32.7853 19.8
    endloop
  endfacet
  facet normal -0.44253 -0.896754 -0
    outer loop
      vertex 87.425 32.7361 19.8
      vertex 87.3253 32.7853 1.5
      vertex 87.425 32.7361 1.5
    endloop
  endfacet
  facet normal 0.947052 -0.32108 0
    outer loop
      vertex 86.179 32.22 19.8
      vertex 86.2147 32.3253 1.5
      vertex 86.2147 32.3253 19.8
    endloop
  endfacet
  facet normal 0.947052 -0.32108 0
    outer loop
      vertex 86.2147 32.3253 1.5
      vertex 86.179 32.22 19.8
      vertex 86.179 32.22 1.5
    endloop
  endfacet
  facet normal 0.896754 -0.44253 0
    outer loop
      vertex 86.2147 32.3253 19.8
      vertex 86.2639 32.425 1.5
      vertex 86.2639 32.425 19.8
    endloop
  endfacet
  facet normal 0.896754 -0.44253 0
    outer loop
      vertex 86.2639 32.425 1.5
      vertex 86.2147 32.3253 19.8
      vertex 86.2147 32.3253 1.5
    endloop
  endfacet
  facet normal 0.980788 -0.195079 0
    outer loop
      vertex 86.1573 32.1109 19.8
      vertex 86.179 32.22 1.5
      vertex 86.179 32.22 19.8
    endloop
  endfacet
  facet normal 0.980788 -0.195079 0
    outer loop
      vertex 86.179 32.22 1.5
      vertex 86.1573 32.1109 19.8
      vertex 86.1573 32.1109 1.5
    endloop
  endfacet
  facet normal 0.555323 -0.831635 0
    outer loop
      vertex 86.4826 32.6744 1.5
      vertex 86.575 32.7361 19.8
      vertex 86.4826 32.6744 19.8
    endloop
  endfacet
  facet normal 0.555323 -0.831635 0
    outer loop
      vertex 86.575 32.7361 19.8
      vertex 86.4826 32.6744 1.5
      vertex 86.575 32.7361 1.5
    endloop
  endfacet
  facet normal 0.32108 -0.947052 0
    outer loop
      vertex 86.6747 32.7853 1.5
      vertex 86.78 32.821 19.8
      vertex 86.6747 32.7853 19.8
    endloop
  endfacet
  facet normal 0.32108 -0.947052 0
    outer loop
      vertex 86.78 32.821 19.8
      vertex 86.6747 32.7853 1.5
      vertex 86.78 32.821 1.5
    endloop
  endfacet
  facet normal -0.751908 0.659268 0
    outer loop
      vertex 87.601 31.399 1.5
      vertex 87.6743 31.4826 19.8
      vertex 87.6743 31.4826 1.5
    endloop
  endfacet
  facet normal -0.751908 0.659268 0
    outer loop
      vertex 87.6743 31.4826 19.8
      vertex 87.601 31.399 1.5
      vertex 87.601 31.399 19.8
    endloop
  endfacet
  facet normal -0.555323 0.831635 0
    outer loop
      vertex 87.5174 31.3256 1.5
      vertex 87.425 31.2639 19.8
      vertex 87.5174 31.3256 19.8
    endloop
  endfacet
  facet normal -0.555323 0.831635 0
    outer loop
      vertex 87.425 31.2639 19.8
      vertex 87.5174 31.3256 1.5
      vertex 87.425 31.2639 1.5
    endloop
  endfacet
  facet normal 0.32108 0.947052 -0
    outer loop
      vertex 86.78 31.179 1.5
      vertex 86.6747 31.2147 19.8
      vertex 86.78 31.179 19.8
    endloop
  endfacet
  facet normal 0.32108 0.947052 0
    outer loop
      vertex 86.6747 31.2147 19.8
      vertex 86.78 31.179 1.5
      vertex 86.6747 31.2147 1.5
    endloop
  endfacet
  facet normal 0.195079 0.980788 -0
    outer loop
      vertex 86.8891 31.1573 1.5
      vertex 86.78 31.179 19.8
      vertex 86.8891 31.1573 19.8
    endloop
  endfacet
  facet normal 0.195079 0.980788 0
    outer loop
      vertex 86.78 31.179 19.8
      vertex 86.8891 31.1573 1.5
      vertex 86.78 31.179 1.5
    endloop
  endfacet
  facet normal 0.831219 0.555945 0
    outer loop
      vertex 86.3257 31.4826 19.8
      vertex 86.2639 31.575 1.5
      vertex 86.2639 31.575 19.8
    endloop
  endfacet
  facet normal 0.831219 0.555945 0
    outer loop
      vertex 86.2639 31.575 1.5
      vertex 86.3257 31.4826 19.8
      vertex 86.3257 31.4826 1.5
    endloop
  endfacet
  facet normal 0.751908 0.659268 0
    outer loop
      vertex 86.399 31.399 19.8
      vertex 86.3257 31.4826 1.5
      vertex 86.3257 31.4826 19.8
    endloop
  endfacet
  facet normal 0.751908 0.659268 0
    outer loop
      vertex 86.3257 31.4826 1.5
      vertex 86.399 31.399 19.8
      vertex 86.399 31.399 1.5
    endloop
  endfacet
  facet normal -0.947052 -0.32108 0
    outer loop
      vertex 87.821 32.22 1.5
      vertex 87.7853 32.3253 19.8
      vertex 87.7853 32.3253 1.5
    endloop
  endfacet
  facet normal -0.947052 -0.32108 0
    outer loop
      vertex 87.7853 32.3253 19.8
      vertex 87.821 32.22 1.5
      vertex 87.821 32.22 19.8
    endloop
  endfacet
  facet normal -0.980788 -0.195079 0
    outer loop
      vertex 87.8427 32.1109 1.5
      vertex 87.821 32.22 19.8
      vertex 87.821 32.22 1.5
    endloop
  endfacet
  facet normal -0.980788 -0.195079 0
    outer loop
      vertex 87.821 32.22 19.8
      vertex 87.8427 32.1109 1.5
      vertex 87.8427 32.1109 19.8
    endloop
  endfacet
  facet normal -0.0656829 -0.997841 0
    outer loop
      vertex 87 32.85 1.5
      vertex 87.1109 32.8427 19.8
      vertex 87 32.85 19.8
    endloop
  endfacet
  facet normal -0.0656829 -0.997841 -0
    outer loop
      vertex 87.1109 32.8427 19.8
      vertex 87 32.85 1.5
      vertex 87.1109 32.8427 1.5
    endloop
  endfacet
  facet normal -0.555323 -0.831635 0
    outer loop
      vertex 87.425 32.7361 1.5
      vertex 87.5174 32.6744 19.8
      vertex 87.425 32.7361 19.8
    endloop
  endfacet
  facet normal -0.555323 -0.831635 -0
    outer loop
      vertex 87.5174 32.6744 19.8
      vertex 87.425 32.7361 1.5
      vertex 87.5174 32.6744 1.5
    endloop
  endfacet
  facet normal 0 0 1
    outer loop
      vertex 87.8427 32.1109 1.5
      vertex 87.8427 31.8891 1.5
      vertex 87.85 32 1.5
    endloop
  endfacet
  facet normal 0 0 1
    outer loop
      vertex 87.821 32.22 1.5
      vertex 87.8427 31.8891 1.5
      vertex 87.8427 32.1109 1.5
    endloop
  endfacet
  facet normal 0 0 1
    outer loop
      vertex 87.821 32.22 1.5
      vertex 87.821 31.78 1.5
      vertex 87.8427 31.8891 1.5
    endloop
  endfacet
  facet normal 0 0 1
    outer loop
      vertex 87.7853 32.3253 1.5
      vertex 87.821 31.78 1.5
      vertex 87.821 32.22 1.5
    endloop
  endfacet
  facet normal 0 0 1
    outer loop
      vertex 87.7853 32.3253 1.5
      vertex 87.7853 31.6747 1.5
      vertex 87.821 31.78 1.5
    endloop
  endfacet
  facet normal 0 0 1
    outer loop
      vertex 87.7361 32.425 1.5
      vertex 87.7853 31.6747 1.5
      vertex 87.7853 32.3253 1.5
    endloop
  endfacet
  facet normal 0 0 1
    outer loop
      vertex 87.7361 32.425 1.5
      vertex 87.7361 31.575 1.5
      vertex 87.7853 31.6747 1.5
    endloop
  endfacet
  facet normal 0 0 1
    outer loop
      vertex 87.6743 32.5174 1.5
      vertex 87.7361 31.575 1.5
      vertex 87.7361 32.425 1.5
    endloop
  endfacet
  facet normal 0 0 1
    outer loop
      vertex 87.6743 32.5174 1.5
      vertex 87.6743 31.4826 1.5
      vertex 87.7361 31.575 1.5
    endloop
  endfacet
  facet normal 0 0 1
    outer loop
      vertex 87.601 32.601 1.5
      vertex 87.6743 31.4826 1.5
      vertex 87.6743 32.5174 1.5
    endloop
  endfacet
  facet normal 0 0 1
    outer loop
      vertex 87.601 32.601 1.5
      vertex 87.601 31.399 1.5
      vertex 87.6743 31.4826 1.5
    endloop
  endfacet
  facet normal 0 0 1
    outer loop
      vertex 87.5174 32.6744 1.5
      vertex 87.601 31.399 1.5
      vertex 87.601 32.601 1.5
    endloop
  endfacet
  facet normal 0 0 1
    outer loop
      vertex 87.5174 32.6744 1.5
      vertex 87.5174 31.3256 1.5
      vertex 87.601 31.399 1.5
    endloop
  endfacet
  facet normal 0 0 1
    outer loop
      vertex 87.425 32.7361 1.5
      vertex 87.5174 31.3256 1.5
      vertex 87.5174 32.6744 1.5
    endloop
  endfacet
  facet normal 0 0 1
    outer loop
      vertex 87.425 32.7361 1.5
      vertex 87.425 31.2639 1.5
      vertex 87.5174 31.3256 1.5
    endloop
  endfacet
  facet normal 0 0 1
    outer loop
      vertex 87.3253 32.7853 1.5
      vertex 87.425 31.2639 1.5
      vertex 87.425 32.7361 1.5
    endloop
  endfacet
  facet normal 0 0 1
    outer loop
      vertex 87.3253 32.7853 1.5
      vertex 87.3253 31.2147 1.5
      vertex 87.425 31.2639 1.5
    endloop
  endfacet
  facet normal 0 0 1
    outer loop
      vertex 87.22 32.821 1.5
      vertex 87.3253 31.2147 1.5
      vertex 87.3253 32.7853 1.5
    endloop
  endfacet
  facet normal 0 0 1
    outer loop
      vertex 87.22 32.821 1.5
      vertex 87.22 31.179 1.5
      vertex 87.3253 31.2147 1.5
    endloop
  endfacet
  facet normal 0 0 1
    outer loop
      vertex 87.1109 32.8427 1.5
      vertex 87.22 31.179 1.5
      vertex 87.22 32.821 1.5
    endloop
  endfacet
  facet normal 0 0 1
    outer loop
      vertex 87.1109 32.8427 1.5
      vertex 87.1109 31.1573 1.5
      vertex 87.22 31.179 1.5
    endloop
  endfacet
  facet normal 0 0 1
    outer loop
      vertex 87 32.85 1.5
      vertex 87.1109 31.1573 1.5
      vertex 87.1109 32.8427 1.5
    endloop
  endfacet
  facet normal 0 0 1
    outer loop
      vertex 87 32.85 1.5
      vertex 87 31.15 1.5
      vertex 87.1109 31.1573 1.5
    endloop
  endfacet
  facet normal -0 0 1
    outer loop
      vertex 86.8891 32.8427 1.5
      vertex 87 31.15 1.5
      vertex 87 32.85 1.5
    endloop
  endfacet
  facet normal 0 0 1
    outer loop
      vertex 86.8891 32.8427 1.5
      vertex 86.8891 31.1573 1.5
      vertex 87 31.15 1.5
    endloop
  endfacet
  facet normal -0 0 1
    outer loop
      vertex 86.78 32.821 1.5
      vertex 86.8891 31.1573 1.5
      vertex 86.8891 32.8427 1.5
    endloop
  endfacet
  facet normal 0 0 1
    outer loop
      vertex 86.78 32.821 1.5
      vertex 86.78 31.179 1.5
      vertex 86.8891 31.1573 1.5
    endloop
  endfacet
  facet normal -0 0 1
    outer loop
      vertex 86.6747 32.7853 1.5
      vertex 86.78 31.179 1.5
      vertex 86.78 32.821 1.5
    endloop
  endfacet
  facet normal 0 0 1
    outer loop
      vertex 86.6747 32.7853 1.5
      vertex 86.6747 31.2147 1.5
      vertex 86.78 31.179 1.5
    endloop
  endfacet
  facet normal -0 0 1
    outer loop
      vertex 86.575 32.7361 1.5
      vertex 86.6747 31.2147 1.5
      vertex 86.6747 32.7853 1.5
    endloop
  endfacet
  facet normal 0 0 1
    outer loop
      vertex 86.575 32.7361 1.5
      vertex 86.575 31.2639 1.5
      vertex 86.6747 31.2147 1.5
    endloop
  endfacet
  facet normal -0 0 1
    outer loop
      vertex 86.4826 32.6744 1.5
      vertex 86.575 31.2639 1.5
      vertex 86.575 32.7361 1.5
    endloop
  endfacet
  facet normal 0 0 1
    outer loop
      vertex 86.4826 32.6744 1.5
      vertex 86.4826 31.3256 1.5
      vertex 86.575 31.2639 1.5
    endloop
  endfacet
  facet normal -0 0 1
    outer loop
      vertex 86.399 32.601 1.5
      vertex 86.4826 31.3256 1.5
      vertex 86.4826 32.6744 1.5
    endloop
  endfacet
  facet normal 0 0 1
    outer loop
      vertex 86.399 32.601 1.5
      vertex 86.399 31.399 1.5
      vertex 86.4826 31.3256 1.5
    endloop
  endfacet
  facet normal -0 0 1
    outer loop
      vertex 86.3257 32.5174 1.5
      vertex 86.399 31.399 1.5
      vertex 86.399 32.601 1.5
    endloop
  endfacet
  facet normal 0 0 1
    outer loop
      vertex 86.3257 32.5174 1.5
      vertex 86.3257 31.4826 1.5
      vertex 86.399 31.399 1.5
    endloop
  endfacet
  facet normal -0 0 1
    outer loop
      vertex 86.2639 32.425 1.5
      vertex 86.3257 31.4826 1.5
      vertex 86.3257 32.5174 1.5
    endloop
  endfacet
  facet normal 0 0 1
    outer loop
      vertex 86.2639 32.425 1.5
      vertex 86.2639 31.575 1.5
      vertex 86.3257 31.4826 1.5
    endloop
  endfacet
  facet normal -0 0 1
    outer loop
      vertex 86.2147 32.3253 1.5
      vertex 86.2639 31.575 1.5
      vertex 86.2639 32.425 1.5
    endloop
  endfacet
  facet normal 0 0 1
    outer loop
      vertex 86.2147 32.3253 1.5
      vertex 86.2147 31.6747 1.5
      vertex 86.2639 31.575 1.5
    endloop
  endfacet
  facet normal -0 0 1
    outer loop
      vertex 86.179 32.22 1.5
      vertex 86.2147 31.6747 1.5
      vertex 86.2147 32.3253 1.5
    endloop
  endfacet
  facet normal 0 0 1
    outer loop
      vertex 86.179 32.22 1.5
      vertex 86.179 31.78 1.5
      vertex 86.2147 31.6747 1.5
    endloop
  endfacet
  facet normal -0 0 1
    outer loop
      vertex 86.1573 32.1109 1.5
      vertex 86.179 31.78 1.5
      vertex 86.179 32.22 1.5
    endloop
  endfacet
  facet normal 0 0 1
    outer loop
      vertex 86.1573 32.1109 1.5
      vertex 86.1573 31.8891 1.5
      vertex 86.179 31.78 1.5
    endloop
  endfacet
  facet normal 0 -0 1
    outer loop
      vertex 86.1573 31.8891 1.5
      vertex 86.1573 32.1109 1.5
      vertex 86.15 32 1.5
    endloop
  endfacet
  facet normal 0.997841 -0.0656829 0
    outer loop
      vertex 86.15 32 19.8
      vertex 86.1573 32.1109 1.5
      vertex 86.1573 32.1109 19.8
    endloop
  endfacet
  facet normal 0.997841 -0.0656829 0
    outer loop
      vertex 86.1573 32.1109 1.5
      vertex 86.15 32 19.8
      vertex 86.15 32 1.5
    endloop
  endfacet
  facet normal 0.195079 -0.980788 0
    outer loop
      vertex 86.78 32.821 1.5
      vertex 86.8891 32.8427 19.8
      vertex 86.78 32.821 19.8
    endloop
  endfacet
  facet normal 0.195079 -0.980788 0
    outer loop
      vertex 86.8891 32.8427 19.8
      vertex 86.78 32.821 1.5
      vertex 86.8891 32.8427 1.5
    endloop
  endfacet
  facet normal -0.997841 0.0656829 0
    outer loop
      vertex 87.8427 31.8891 1.5
      vertex 87.85 32 19.8
      vertex 87.85 32 1.5
    endloop
  endfacet
  facet normal -0.997841 0.0656829 0
    outer loop
      vertex 87.85 32 19.8
      vertex 87.8427 31.8891 1.5
      vertex 87.8427 31.8891 19.8
    endloop
  endfacet
  facet normal -0.195079 0.980788 0
    outer loop
      vertex 87.22 31.179 1.5
      vertex 87.1109 31.1573 19.8
      vertex 87.22 31.179 19.8
    endloop
  endfacet
  facet normal -0.195079 0.980788 0
    outer loop
      vertex 87.1109 31.1573 19.8
      vertex 87.22 31.179 1.5
      vertex 87.1109 31.1573 1.5
    endloop
  endfacet
  facet normal -0.44253 0.896754 0
    outer loop
      vertex 87.425 31.2639 1.5
      vertex 87.3253 31.2147 19.8
      vertex 87.425 31.2639 19.8
    endloop
  endfacet
  facet normal -0.44253 0.896754 0
    outer loop
      vertex 87.3253 31.2147 19.8
      vertex 87.425 31.2639 1.5
      vertex 87.3253 31.2147 1.5
    endloop
  endfacet
  facet normal -0.659776 0.751462 0
    outer loop
      vertex 87.601 31.399 1.5
      vertex 87.5174 31.3256 19.8
      vertex 87.601 31.399 19.8
    endloop
  endfacet
  facet normal -0.659776 0.751462 0
    outer loop
      vertex 87.5174 31.3256 19.8
      vertex 87.601 31.399 1.5
      vertex 87.5174 31.3256 1.5
    endloop
  endfacet
  facet normal -0.831219 0.555945 0
    outer loop
      vertex 87.6743 31.4826 1.5
      vertex 87.7361 31.575 19.8
      vertex 87.7361 31.575 1.5
    endloop
  endfacet
  facet normal -0.831219 0.555945 0
    outer loop
      vertex 87.7361 31.575 19.8
      vertex 87.6743 31.4826 1.5
      vertex 87.6743 31.4826 19.8
    endloop
  endfacet
  facet normal 0.44253 0.896754 -0
    outer loop
      vertex 86.6747 31.2147 1.5
      vertex 86.575 31.2639 19.8
      vertex 86.6747 31.2147 19.8
    endloop
  endfacet
  facet normal 0.44253 0.896754 0
    outer loop
      vertex 86.575 31.2639 19.8
      vertex 86.6747 31.2147 1.5
      vertex 86.575 31.2639 1.5
    endloop
  endfacet
  facet normal 0.555323 0.831635 -0
    outer loop
      vertex 86.575 31.2639 1.5
      vertex 86.4826 31.3256 19.8
      vertex 86.575 31.2639 19.8
    endloop
  endfacet
  facet normal 0.555323 0.831635 0
    outer loop
      vertex 86.4826 31.3256 19.8
      vertex 86.575 31.2639 1.5
      vertex 86.4826 31.3256 1.5
    endloop
  endfacet
  facet normal 0.0656829 0.997841 -0
    outer loop
      vertex 87 31.15 1.5
      vertex 86.8891 31.1573 19.8
      vertex 87 31.15 19.8
    endloop
  endfacet
  facet normal 0.0656829 0.997841 0
    outer loop
      vertex 86.8891 31.1573 19.8
      vertex 87 31.15 1.5
      vertex 86.8891 31.1573 1.5
    endloop
  endfacet
  facet normal 0.659776 0.751462 -0
    outer loop
      vertex 86.4826 31.3256 1.5
      vertex 86.399 31.399 19.8
      vertex 86.4826 31.3256 19.8
    endloop
  endfacet
  facet normal 0.659776 0.751462 0
    outer loop
      vertex 86.399 31.399 19.8
      vertex 86.4826 31.3256 1.5
      vertex 86.399 31.399 1.5
    endloop
  endfacet
  facet normal 0.896754 0.44253 0
    outer loop
      vertex 86.2639 31.575 19.8
      vertex 86.2147 31.6747 1.5
      vertex 86.2147 31.6747 19.8
    endloop
  endfacet
  facet normal 0.896754 0.44253 0
    outer loop
      vertex 86.2147 31.6747 1.5
      vertex 86.2639 31.575 19.8
      vertex 86.2639 31.575 1.5
    endloop
  endfacet
  facet normal 0.980788 0.195079 0
    outer loop
      vertex 86.179 31.78 19.8
      vertex 86.1573 31.8891 1.5
      vertex 86.1573 31.8891 19.8
    endloop
  endfacet
  facet normal 0.980788 0.195079 0
    outer loop
      vertex 86.1573 31.8891 1.5
      vertex 86.179 31.78 19.8
      vertex 86.179 31.78 1.5
    endloop
  endfacet
  facet normal -0.751908 -0.659268 0
    outer loop
      vertex 87.6743 32.5174 1.5
      vertex 87.601 32.601 19.8
      vertex 87.601 32.601 1.5
    endloop
  endfacet
  facet normal -0.751908 -0.659268 0
    outer loop
      vertex 87.601 32.601 19.8
      vertex 87.6743 32.5174 1.5
      vertex 87.6743 32.5174 19.8
    endloop
  endfacet
  facet normal 0.831219 -0.555945 0
    outer loop
      vertex 86.2639 32.425 19.8
      vertex 86.3257 32.5174 1.5
      vertex 86.3257 32.5174 19.8
    endloop
  endfacet
  facet normal 0.831219 -0.555945 0
    outer loop
      vertex 86.3257 32.5174 1.5
      vertex 86.2639 32.425 19.8
      vertex 86.2639 32.425 1.5
    endloop
  endfacet
  facet normal 0.997841 0.0656829 0
    outer loop
      vertex 86.1573 31.8891 19.8
      vertex 86.15 32 1.5
      vertex 86.15 32 19.8
    endloop
  endfacet
  facet normal 0.997841 0.0656829 0
    outer loop
      vertex 86.15 32 1.5
      vertex 86.1573 31.8891 19.8
      vertex 86.1573 31.8891 1.5
    endloop
  endfacet
  facet normal 0.659776 -0.751462 0
    outer loop
      vertex 86.399 32.601 1.5
      vertex 86.4826 32.6744 19.8
      vertex 86.399 32.601 19.8
    endloop
  endfacet
  facet normal 0.659776 -0.751462 0
    outer loop
      vertex 86.4826 32.6744 19.8
      vertex 86.399 32.601 1.5
      vertex 86.4826 32.6744 1.5
    endloop
  endfacet
  facet normal -0.947052 0.32108 0
    outer loop
      vertex 87.7853 31.6747 1.5
      vertex 87.821 31.78 19.8
      vertex 87.821 31.78 1.5
    endloop
  endfacet
  facet normal -0.947052 0.32108 0
    outer loop
      vertex 87.821 31.78 19.8
      vertex 87.7853 31.6747 1.5
      vertex 87.7853 31.6747 19.8
    endloop
  endfacet
  facet normal -0.32108 0.947052 0
    outer loop
      vertex 87.3253 31.2147 1.5
      vertex 87.22 31.179 19.8
      vertex 87.3253 31.2147 19.8
    endloop
  endfacet
  facet normal -0.32108 0.947052 0
    outer loop
      vertex 87.22 31.179 19.8
      vertex 87.3253 31.2147 1.5
      vertex 87.22 31.179 1.5
    endloop
  endfacet
  facet normal 0.947052 0.32108 0
    outer loop
      vertex 86.2147 31.6747 19.8
      vertex 86.179 31.78 1.5
      vertex 86.179 31.78 19.8
    endloop
  endfacet
  facet normal 0.947052 0.32108 0
    outer loop
      vertex 86.179 31.78 1.5
      vertex 86.2147 31.6747 19.8
      vertex 86.2147 31.6747 1.5
    endloop
  endfacet
  facet normal -0.980788 0.195079 0
    outer loop
      vertex 87.821 31.78 1.5
      vertex 87.8427 31.8891 19.8
      vertex 87.8427 31.8891 1.5
    endloop
  endfacet
  facet normal -0.980788 0.195079 0
    outer loop
      vertex 87.8427 31.8891 19.8
      vertex 87.821 31.78 1.5
      vertex 87.821 31.78 19.8
    endloop
  endfacet
  facet normal -0.997841 -0.0656829 0
    outer loop
      vertex 87.85 -32 1.5
      vertex 87.8427 -31.8891 19.8
      vertex 87.8427 -31.8891 1.5
    endloop
  endfacet
  facet normal -0.997841 -0.0656829 0
    outer loop
      vertex 87.8427 -31.8891 19.8
      vertex 87.85 -32 1.5
      vertex 87.85 -32 19.8
    endloop
  endfacet
  facet normal 0.997841 -0.0656829 0
    outer loop
      vertex 86.15 -32 19.8
      vertex 86.1573 -31.8891 1.5
      vertex 86.1573 -31.8891 19.8
    endloop
  endfacet
  facet normal 0.997841 -0.0656829 0
    outer loop
      vertex 86.1573 -31.8891 1.5
      vertex 86.15 -32 19.8
      vertex 86.15 -32 1.5
    endloop
  endfacet
  facet normal 0.0656829 -0.997841 0
    outer loop
      vertex 86.8891 -31.1573 1.5
      vertex 87 -31.15 19.8
      vertex 86.8891 -31.1573 19.8
    endloop
  endfacet
  facet normal 0.0656829 -0.997841 0
    outer loop
      vertex 87 -31.15 19.8
      vertex 86.8891 -31.1573 1.5
      vertex 87 -31.15 1.5
    endloop
  endfacet
  facet normal -0.0656829 0.997841 0
    outer loop
      vertex 87.1109 -32.8427 1.5
      vertex 87 -32.85 19.8
      vertex 87.1109 -32.8427 19.8
    endloop
  endfacet
  facet normal -0.0656829 0.997841 0
    outer loop
      vertex 87 -32.85 19.8
      vertex 87.1109 -32.8427 1.5
      vertex 87 -32.85 1.5
    endloop
  endfacet
  facet normal -0.751908 0.659268 0
    outer loop
      vertex 87.601 -32.601 1.5
      vertex 87.6743 -32.5174 19.8
      vertex 87.6743 -32.5174 1.5
    endloop
  endfacet
  facet normal -0.751908 0.659268 0
    outer loop
      vertex 87.6743 -32.5174 19.8
      vertex 87.601 -32.601 1.5
      vertex 87.601 -32.601 19.8
    endloop
  endfacet
  facet normal -0.659776 -0.751462 0
    outer loop
      vertex 87.5174 -31.3256 1.5
      vertex 87.601 -31.399 19.8
      vertex 87.5174 -31.3256 19.8
    endloop
  endfacet
  facet normal -0.659776 -0.751462 -0
    outer loop
      vertex 87.601 -31.399 19.8
      vertex 87.5174 -31.3256 1.5
      vertex 87.601 -31.399 1.5
    endloop
  endfacet
  facet normal 0.751908 -0.659268 0
    outer loop
      vertex 86.3257 -31.4826 19.8
      vertex 86.399 -31.399 1.5
      vertex 86.399 -31.399 19.8
    endloop
  endfacet
  facet normal 0.751908 -0.659268 0
    outer loop
      vertex 86.399 -31.399 1.5
      vertex 86.3257 -31.4826 19.8
      vertex 86.3257 -31.4826 1.5
    endloop
  endfacet
  facet normal 0.44253 -0.896754 0
    outer loop
      vertex 86.575 -31.2639 1.5
      vertex 86.6747 -31.2147 19.8
      vertex 86.575 -31.2639 19.8
    endloop
  endfacet
  facet normal 0.44253 -0.896754 0
    outer loop
      vertex 86.6747 -31.2147 19.8
      vertex 86.575 -31.2639 1.5
      vertex 86.6747 -31.2147 1.5
    endloop
  endfacet
  facet normal -0.896754 -0.44253 0
    outer loop
      vertex 87.7853 -31.6747 1.5
      vertex 87.7361 -31.575 19.8
      vertex 87.7361 -31.575 1.5
    endloop
  endfacet
  facet normal -0.896754 -0.44253 0
    outer loop
      vertex 87.7361 -31.575 19.8
      vertex 87.7853 -31.6747 1.5
      vertex 87.7853 -31.6747 19.8
    endloop
  endfacet
  facet normal -0.831219 -0.555945 0
    outer loop
      vertex 87.7361 -31.575 1.5
      vertex 87.6743 -31.4826 19.8
      vertex 87.6743 -31.4826 1.5
    endloop
  endfacet
  facet normal -0.831219 -0.555945 0
    outer loop
      vertex 87.6743 -31.4826 19.8
      vertex 87.7361 -31.575 1.5
      vertex 87.7361 -31.575 19.8
    endloop
  endfacet
  facet normal -0.32108 -0.947052 0
    outer loop
      vertex 87.22 -31.179 1.5
      vertex 87.3253 -31.2147 19.8
      vertex 87.22 -31.179 19.8
    endloop
  endfacet
  facet normal -0.32108 -0.947052 -0
    outer loop
      vertex 87.3253 -31.2147 19.8
      vertex 87.22 -31.179 1.5
      vertex 87.3253 -31.2147 1.5
    endloop
  endfacet
  facet normal -0.195079 -0.980788 0
    outer loop
      vertex 87.1109 -31.1573 1.5
      vertex 87.22 -31.179 19.8
      vertex 87.1109 -31.1573 19.8
    endloop
  endfacet
  facet normal -0.195079 -0.980788 -0
    outer loop
      vertex 87.22 -31.179 19.8
      vertex 87.1109 -31.1573 1.5
      vertex 87.22 -31.179 1.5
    endloop
  endfacet
  facet normal -0.44253 -0.896754 0
    outer loop
      vertex 87.3253 -31.2147 1.5
      vertex 87.425 -31.2639 19.8
      vertex 87.3253 -31.2147 19.8
    endloop
  endfacet
  facet normal -0.44253 -0.896754 -0
    outer loop
      vertex 87.425 -31.2639 19.8
      vertex 87.3253 -31.2147 1.5
      vertex 87.425 -31.2639 1.5
    endloop
  endfacet
  facet normal 0.896754 -0.44253 0
    outer loop
      vertex 86.2147 -31.6747 19.8
      vertex 86.2639 -31.575 1.5
      vertex 86.2639 -31.575 19.8
    endloop
  endfacet
  facet normal 0.896754 -0.44253 0
    outer loop
      vertex 86.2639 -31.575 1.5
      vertex 86.2147 -31.6747 19.8
      vertex 86.2147 -31.6747 1.5
    endloop
  endfacet
  facet normal 0.831219 -0.555945 0
    outer loop
      vertex 86.2639 -31.575 19.8
      vertex 86.3257 -31.4826 1.5
      vertex 86.3257 -31.4826 19.8
    endloop
  endfacet
  facet normal 0.831219 -0.555945 0
    outer loop
      vertex 86.3257 -31.4826 1.5
      vertex 86.2639 -31.575 19.8
      vertex 86.2639 -31.575 1.5
    endloop
  endfacet
  facet normal 0.555323 -0.831635 0
    outer loop
      vertex 86.4826 -31.3256 1.5
      vertex 86.575 -31.2639 19.8
      vertex 86.4826 -31.3256 19.8
    endloop
  endfacet
  facet normal 0.555323 -0.831635 0
    outer loop
      vertex 86.575 -31.2639 19.8
      vertex 86.4826 -31.3256 1.5
      vertex 86.575 -31.2639 1.5
    endloop
  endfacet
  facet normal 0.32108 -0.947052 0
    outer loop
      vertex 86.6747 -31.2147 1.5
      vertex 86.78 -31.179 19.8
      vertex 86.6747 -31.2147 19.8
    endloop
  endfacet
  facet normal 0.32108 -0.947052 0
    outer loop
      vertex 86.78 -31.179 19.8
      vertex 86.6747 -31.2147 1.5
      vertex 86.78 -31.179 1.5
    endloop
  endfacet
  facet normal 0 0 1
    outer loop
      vertex 87.8427 -31.8891 1.5
      vertex 87.8427 -32.1109 1.5
      vertex 87.85 -32 1.5
    endloop
  endfacet
  facet normal 0 0 1
    outer loop
      vertex 87.821 -31.78 1.5
      vertex 87.8427 -32.1109 1.5
      vertex 87.8427 -31.8891 1.5
    endloop
  endfacet
  facet normal 0 0 1
    outer loop
      vertex 87.821 -31.78 1.5
      vertex 87.821 -32.22 1.5
      vertex 87.8427 -32.1109 1.5
    endloop
  endfacet
  facet normal 0 0 1
    outer loop
      vertex 87.7853 -31.6747 1.5
      vertex 87.821 -32.22 1.5
      vertex 87.821 -31.78 1.5
    endloop
  endfacet
  facet normal 0 0 1
    outer loop
      vertex 87.7853 -31.6747 1.5
      vertex 87.7853 -32.3253 1.5
      vertex 87.821 -32.22 1.5
    endloop
  endfacet
  facet normal 0 0 1
    outer loop
      vertex 87.7361 -31.575 1.5
      vertex 87.7853 -32.3253 1.5
      vertex 87.7853 -31.6747 1.5
    endloop
  endfacet
  facet normal 0 0 1
    outer loop
      vertex 87.7361 -31.575 1.5
      vertex 87.7361 -32.425 1.5
      vertex 87.7853 -32.3253 1.5
    endloop
  endfacet
  facet normal 0 0 1
    outer loop
      vertex 87.6743 -31.4826 1.5
      vertex 87.7361 -32.425 1.5
      vertex 87.7361 -31.575 1.5
    endloop
  endfacet
  facet normal 0 0 1
    outer loop
      vertex 87.6743 -31.4826 1.5
      vertex 87.6743 -32.5174 1.5
      vertex 87.7361 -32.425 1.5
    endloop
  endfacet
  facet normal 0 0 1
    outer loop
      vertex 87.601 -31.399 1.5
      vertex 87.6743 -32.5174 1.5
      vertex 87.6743 -31.4826 1.5
    endloop
  endfacet
  facet normal 0 0 1
    outer loop
      vertex 87.601 -31.399 1.5
      vertex 87.601 -32.601 1.5
      vertex 87.6743 -32.5174 1.5
    endloop
  endfacet
  facet normal 0 0 1
    outer loop
      vertex 87.5174 -31.3256 1.5
      vertex 87.601 -32.601 1.5
      vertex 87.601 -31.399 1.5
    endloop
  endfacet
  facet normal 0 0 1
    outer loop
      vertex 87.5174 -31.3256 1.5
      vertex 87.5174 -32.6744 1.5
      vertex 87.601 -32.601 1.5
    endloop
  endfacet
  facet normal 0 0 1
    outer loop
      vertex 87.425 -31.2639 1.5
      vertex 87.5174 -32.6744 1.5
      vertex 87.5174 -31.3256 1.5
    endloop
  endfacet
  facet normal 0 0 1
    outer loop
      vertex 87.425 -31.2639 1.5
      vertex 87.425 -32.7361 1.5
      vertex 87.5174 -32.6744 1.5
    endloop
  endfacet
  facet normal 0 0 1
    outer loop
      vertex 87.3253 -31.2147 1.5
      vertex 87.425 -32.7361 1.5
      vertex 87.425 -31.2639 1.5
    endloop
  endfacet
  facet normal 0 0 1
    outer loop
      vertex 87.3253 -31.2147 1.5
      vertex 87.3253 -32.7853 1.5
      vertex 87.425 -32.7361 1.5
    endloop
  endfacet
  facet normal 0 0 1
    outer loop
      vertex 87.22 -31.179 1.5
      vertex 87.3253 -32.7853 1.5
      vertex 87.3253 -31.2147 1.5
    endloop
  endfacet
  facet normal 0 0 1
    outer loop
      vertex 87.22 -31.179 1.5
      vertex 87.22 -32.821 1.5
      vertex 87.3253 -32.7853 1.5
    endloop
  endfacet
  facet normal 0 0 1
    outer loop
      vertex 87.1109 -31.1573 1.5
      vertex 87.22 -32.821 1.5
      vertex 87.22 -31.179 1.5
    endloop
  endfacet
  facet normal 0 0 1
    outer loop
      vertex 87.1109 -31.1573 1.5
      vertex 87.1109 -32.8427 1.5
      vertex 87.22 -32.821 1.5
    endloop
  endfacet
  facet normal 0 0 1
    outer loop
      vertex 87 -31.15 1.5
      vertex 87.1109 -32.8427 1.5
      vertex 87.1109 -31.1573 1.5
    endloop
  endfacet
  facet normal 0 0 1
    outer loop
      vertex 87 -31.15 1.5
      vertex 87 -32.85 1.5
      vertex 87.1109 -32.8427 1.5
    endloop
  endfacet
  facet normal -0 0 1
    outer loop
      vertex 86.8891 -31.1573 1.5
      vertex 87 -32.85 1.5
      vertex 87 -31.15 1.5
    endloop
  endfacet
  facet normal 0 0 1
    outer loop
      vertex 86.8891 -31.1573 1.5
      vertex 86.8891 -32.8427 1.5
      vertex 87 -32.85 1.5
    endloop
  endfacet
  facet normal -0 0 1
    outer loop
      vertex 86.78 -31.179 1.5
      vertex 86.8891 -32.8427 1.5
      vertex 86.8891 -31.1573 1.5
    endloop
  endfacet
  facet normal 0 0 1
    outer loop
      vertex 86.78 -31.179 1.5
      vertex 86.78 -32.821 1.5
      vertex 86.8891 -32.8427 1.5
    endloop
  endfacet
  facet normal -0 0 1
    outer loop
      vertex 86.6747 -31.2147 1.5
      vertex 86.78 -32.821 1.5
      vertex 86.78 -31.179 1.5
    endloop
  endfacet
  facet normal 0 0 1
    outer loop
      vertex 86.6747 -31.2147 1.5
      vertex 86.6747 -32.7853 1.5
      vertex 86.78 -32.821 1.5
    endloop
  endfacet
  facet normal -0 0 1
    outer loop
      vertex 86.575 -31.2639 1.5
      vertex 86.6747 -32.7853 1.5
      vertex 86.6747 -31.2147 1.5
    endloop
  endfacet
  facet normal 0 0 1
    outer loop
      vertex 86.575 -31.2639 1.5
      vertex 86.575 -32.7361 1.5
      vertex 86.6747 -32.7853 1.5
    endloop
  endfacet
  facet normal -0 0 1
    outer loop
      vertex 86.4826 -31.3256 1.5
      vertex 86.575 -32.7361 1.5
      vertex 86.575 -31.2639 1.5
    endloop
  endfacet
  facet normal 0 0 1
    outer loop
      vertex 86.4826 -31.3256 1.5
      vertex 86.4826 -32.6744 1.5
      vertex 86.575 -32.7361 1.5
    endloop
  endfacet
  facet normal -0 0 1
    outer loop
      vertex 86.399 -31.399 1.5
      vertex 86.4826 -32.6744 1.5
      vertex 86.4826 -31.3256 1.5
    endloop
  endfacet
  facet normal 0 0 1
    outer loop
      vertex 86.399 -31.399 1.5
      vertex 86.399 -32.601 1.5
      vertex 86.4826 -32.6744 1.5
    endloop
  endfacet
  facet normal -0 0 1
    outer loop
      vertex 86.3257 -31.4826 1.5
      vertex 86.399 -32.601 1.5
      vertex 86.399 -31.399 1.5
    endloop
  endfacet
  facet normal 0 0 1
    outer loop
      vertex 86.3257 -31.4826 1.5
      vertex 86.3257 -32.5174 1.5
      vertex 86.399 -32.601 1.5
    endloop
  endfacet
  facet normal -0 0 1
    outer loop
      vertex 86.2639 -31.575 1.5
      vertex 86.3257 -32.5174 1.5
      vertex 86.3257 -31.4826 1.5
    endloop
  endfacet
  facet normal 0 0 1
    outer loop
      vertex 86.2639 -31.575 1.5
      vertex 86.2639 -32.425 1.5
      vertex 86.3257 -32.5174 1.5
    endloop
  endfacet
  facet normal -0 0 1
    outer loop
      vertex 86.2147 -31.6747 1.5
      vertex 86.2639 -32.425 1.5
      vertex 86.2639 -31.575 1.5
    endloop
  endfacet
  facet normal 0 0 1
    outer loop
      vertex 86.2147 -31.6747 1.5
      vertex 86.2147 -32.3253 1.5
      vertex 86.2639 -32.425 1.5
    endloop
  endfacet
  facet normal -0 0 1
    outer loop
      vertex 86.179 -31.78 1.5
      vertex 86.2147 -32.3253 1.5
      vertex 86.2147 -31.6747 1.5
    endloop
  endfacet
  facet normal 0 0 1
    outer loop
      vertex 86.179 -31.78 1.5
      vertex 86.179 -32.22 1.5
      vertex 86.2147 -32.3253 1.5
    endloop
  endfacet
  facet normal -0 0 1
    outer loop
      vertex 86.1573 -31.8891 1.5
      vertex 86.179 -32.22 1.5
      vertex 86.179 -31.78 1.5
    endloop
  endfacet
  facet normal 0 0 1
    outer loop
      vertex 86.1573 -31.8891 1.5
      vertex 86.1573 -32.1109 1.5
      vertex 86.179 -32.22 1.5
    endloop
  endfacet
  facet normal 0 -0 1
    outer loop
      vertex 86.1573 -32.1109 1.5
      vertex 86.1573 -31.8891 1.5
      vertex 86.15 -32 1.5
    endloop
  endfacet
  facet normal -0.195079 0.980788 0
    outer loop
      vertex 87.22 -32.821 1.5
      vertex 87.1109 -32.8427 19.8
      vertex 87.22 -32.821 19.8
    endloop
  endfacet
  facet normal -0.195079 0.980788 0
    outer loop
      vertex 87.1109 -32.8427 19.8
      vertex 87.22 -32.821 1.5
      vertex 87.1109 -32.8427 1.5
    endloop
  endfacet
  facet normal -0.947052 -0.32108 0
    outer loop
      vertex 87.821 -31.78 1.5
      vertex 87.7853 -31.6747 19.8
      vertex 87.7853 -31.6747 1.5
    endloop
  endfacet
  facet normal -0.947052 -0.32108 0
    outer loop
      vertex 87.7853 -31.6747 19.8
      vertex 87.821 -31.78 1.5
      vertex 87.821 -31.78 19.8
    endloop
  endfacet
  facet normal -0.980788 -0.195079 0
    outer loop
      vertex 87.8427 -31.8891 1.5
      vertex 87.821 -31.78 19.8
      vertex 87.821 -31.78 1.5
    endloop
  endfacet
  facet normal -0.980788 -0.195079 0
    outer loop
      vertex 87.821 -31.78 19.8
      vertex 87.8427 -31.8891 1.5
      vertex 87.8427 -31.8891 19.8
    endloop
  endfacet
  facet normal -0.751908 -0.659268 0
    outer loop
      vertex 87.6743 -31.4826 1.5
      vertex 87.601 -31.399 19.8
      vertex 87.601 -31.399 1.5
    endloop
  endfacet
  facet normal -0.751908 -0.659268 0
    outer loop
      vertex 87.601 -31.399 19.8
      vertex 87.6743 -31.4826 1.5
      vertex 87.6743 -31.4826 19.8
    endloop
  endfacet
  facet normal -0.0656829 -0.997841 0
    outer loop
      vertex 87 -31.15 1.5
      vertex 87.1109 -31.1573 19.8
      vertex 87 -31.15 19.8
    endloop
  endfacet
  facet normal -0.0656829 -0.997841 -0
    outer loop
      vertex 87.1109 -31.1573 19.8
      vertex 87 -31.15 1.5
      vertex 87.1109 -31.1573 1.5
    endloop
  endfacet
  facet normal -0.555323 -0.831635 0
    outer loop
      vertex 87.425 -31.2639 1.5
      vertex 87.5174 -31.3256 19.8
      vertex 87.425 -31.2639 19.8
    endloop
  endfacet
  facet normal -0.555323 -0.831635 -0
    outer loop
      vertex 87.5174 -31.3256 19.8
      vertex 87.425 -31.2639 1.5
      vertex 87.5174 -31.3256 1.5
    endloop
  endfacet
  facet normal 0.947052 -0.32108 0
    outer loop
      vertex 86.179 -31.78 19.8
      vertex 86.2147 -31.6747 1.5
      vertex 86.2147 -31.6747 19.8
    endloop
  endfacet
  facet normal 0.947052 -0.32108 0
    outer loop
      vertex 86.2147 -31.6747 1.5
      vertex 86.179 -31.78 19.8
      vertex 86.179 -31.78 1.5
    endloop
  endfacet
  facet normal 0.980788 -0.195079 0
    outer loop
      vertex 86.1573 -31.8891 19.8
      vertex 86.179 -31.78 1.5
      vertex 86.179 -31.78 19.8
    endloop
  endfacet
  facet normal 0.980788 -0.195079 0
    outer loop
      vertex 86.179 -31.78 1.5
      vertex 86.1573 -31.8891 19.8
      vertex 86.1573 -31.8891 1.5
    endloop
  endfacet
  facet normal 0.659776 -0.751462 0
    outer loop
      vertex 86.399 -31.399 1.5
      vertex 86.4826 -31.3256 19.8
      vertex 86.399 -31.399 19.8
    endloop
  endfacet
  facet normal 0.659776 -0.751462 0
    outer loop
      vertex 86.4826 -31.3256 19.8
      vertex 86.399 -31.399 1.5
      vertex 86.4826 -31.3256 1.5
    endloop
  endfacet
  facet normal 0.195079 -0.980788 0
    outer loop
      vertex 86.78 -31.179 1.5
      vertex 86.8891 -31.1573 19.8
      vertex 86.78 -31.179 19.8
    endloop
  endfacet
  facet normal 0.195079 -0.980788 0
    outer loop
      vertex 86.8891 -31.1573 19.8
      vertex 86.78 -31.179 1.5
      vertex 86.8891 -31.1573 1.5
    endloop
  endfacet
  facet normal -0.947052 0.32108 0
    outer loop
      vertex 87.7853 -32.3253 1.5
      vertex 87.821 -32.22 19.8
      vertex 87.821 -32.22 1.5
    endloop
  endfacet
  facet normal -0.947052 0.32108 0
    outer loop
      vertex 87.821 -32.22 19.8
      vertex 87.7853 -32.3253 1.5
      vertex 87.7853 -32.3253 19.8
    endloop
  endfacet
  facet normal -0.980788 0.195079 0
    outer loop
      vertex 87.821 -32.22 1.5
      vertex 87.8427 -32.1109 19.8
      vertex 87.8427 -32.1109 1.5
    endloop
  endfacet
  facet normal -0.980788 0.195079 0
    outer loop
      vertex 87.8427 -32.1109 19.8
      vertex 87.821 -32.22 1.5
      vertex 87.821 -32.22 19.8
    endloop
  endfacet
  facet normal -0.555323 0.831635 0
    outer loop
      vertex 87.5174 -32.6744 1.5
      vertex 87.425 -32.7361 19.8
      vertex 87.5174 -32.6744 19.8
    endloop
  endfacet
  facet normal -0.555323 0.831635 0
    outer loop
      vertex 87.425 -32.7361 19.8
      vertex 87.5174 -32.6744 1.5
      vertex 87.425 -32.7361 1.5
    endloop
  endfacet
  facet normal -0.44253 0.896754 0
    outer loop
      vertex 87.425 -32.7361 1.5
      vertex 87.3253 -32.7853 19.8
      vertex 87.425 -32.7361 19.8
    endloop
  endfacet
  facet normal -0.44253 0.896754 0
    outer loop
      vertex 87.3253 -32.7853 19.8
      vertex 87.425 -32.7361 1.5
      vertex 87.3253 -32.7853 1.5
    endloop
  endfacet
  facet normal -0.997841 0.0656829 0
    outer loop
      vertex 87.8427 -32.1109 1.5
      vertex 87.85 -32 19.8
      vertex 87.85 -32 1.5
    endloop
  endfacet
  facet normal -0.997841 0.0656829 0
    outer loop
      vertex 87.85 -32 19.8
      vertex 87.8427 -32.1109 1.5
      vertex 87.8427 -32.1109 19.8
    endloop
  endfacet
  facet normal 0.32108 0.947052 -0
    outer loop
      vertex 86.78 -32.821 1.5
      vertex 86.6747 -32.7853 19.8
      vertex 86.78 -32.821 19.8
    endloop
  endfacet
  facet normal 0.32108 0.947052 0
    outer loop
      vertex 86.6747 -32.7853 19.8
      vertex 86.78 -32.821 1.5
      vertex 86.6747 -32.7853 1.5
    endloop
  endfacet
  facet normal 0.751908 0.659268 0
    outer loop
      vertex 86.399 -32.601 19.8
      vertex 86.3257 -32.5174 1.5
      vertex 86.3257 -32.5174 19.8
    endloop
  endfacet
  facet normal 0.751908 0.659268 0
    outer loop
      vertex 86.3257 -32.5174 1.5
      vertex 86.399 -32.601 19.8
      vertex 86.399 -32.601 1.5
    endloop
  endfacet
  facet normal 0.997841 0.0656829 0
    outer loop
      vertex 86.1573 -32.1109 19.8
      vertex 86.15 -32 1.5
      vertex 86.15 -32 19.8
    endloop
  endfacet
  facet normal 0.997841 0.0656829 0
    outer loop
      vertex 86.15 -32 1.5
      vertex 86.1573 -32.1109 19.8
      vertex 86.1573 -32.1109 1.5
    endloop
  endfacet
  facet normal 0.980788 0.195079 0
    outer loop
      vertex 86.179 -32.22 19.8
      vertex 86.1573 -32.1109 1.5
      vertex 86.1573 -32.1109 19.8
    endloop
  endfacet
  facet normal 0.980788 0.195079 0
    outer loop
      vertex 86.1573 -32.1109 1.5
      vertex 86.179 -32.22 19.8
      vertex 86.179 -32.22 1.5
    endloop
  endfacet
  facet normal 0.947052 0.32108 0
    outer loop
      vertex 86.2147 -32.3253 19.8
      vertex 86.179 -32.22 1.5
      vertex 86.179 -32.22 19.8
    endloop
  endfacet
  facet normal 0.947052 0.32108 0
    outer loop
      vertex 86.179 -32.22 1.5
      vertex 86.2147 -32.3253 19.8
      vertex 86.2147 -32.3253 1.5
    endloop
  endfacet
  facet normal -0.659776 0.751462 0
    outer loop
      vertex 87.601 -32.601 1.5
      vertex 87.5174 -32.6744 19.8
      vertex 87.601 -32.601 19.8
    endloop
  endfacet
  facet normal -0.659776 0.751462 0
    outer loop
      vertex 87.5174 -32.6744 19.8
      vertex 87.601 -32.601 1.5
      vertex 87.5174 -32.6744 1.5
    endloop
  endfacet
  facet normal -0.32108 0.947052 0
    outer loop
      vertex 87.3253 -32.7853 1.5
      vertex 87.22 -32.821 19.8
      vertex 87.3253 -32.7853 19.8
    endloop
  endfacet
  facet normal -0.32108 0.947052 0
    outer loop
      vertex 87.22 -32.821 19.8
      vertex 87.3253 -32.7853 1.5
      vertex 87.22 -32.821 1.5
    endloop
  endfacet
  facet normal -0.896754 0.44253 0
    outer loop
      vertex 87.7361 -32.425 1.5
      vertex 87.7853 -32.3253 19.8
      vertex 87.7853 -32.3253 1.5
    endloop
  endfacet
  facet normal -0.896754 0.44253 0
    outer loop
      vertex 87.7853 -32.3253 19.8
      vertex 87.7361 -32.425 1.5
      vertex 87.7361 -32.425 19.8
    endloop
  endfacet
  facet normal -0.831219 0.555945 0
    outer loop
      vertex 87.6743 -32.5174 1.5
      vertex 87.7361 -32.425 19.8
      vertex 87.7361 -32.425 1.5
    endloop
  endfacet
  facet normal -0.831219 0.555945 0
    outer loop
      vertex 87.7361 -32.425 19.8
      vertex 87.6743 -32.5174 1.5
      vertex 87.6743 -32.5174 19.8
    endloop
  endfacet
  facet normal 0.555323 0.831635 -0
    outer loop
      vertex 86.575 -32.7361 1.5
      vertex 86.4826 -32.6744 19.8
      vertex 86.575 -32.7361 19.8
    endloop
  endfacet
  facet normal 0.555323 0.831635 0
    outer loop
      vertex 86.4826 -32.6744 19.8
      vertex 86.575 -32.7361 1.5
      vertex 86.4826 -32.6744 1.5
    endloop
  endfacet
  facet normal 0.195079 0.980788 -0
    outer loop
      vertex 86.8891 -32.8427 1.5
      vertex 86.78 -32.821 19.8
      vertex 86.8891 -32.8427 19.8
    endloop
  endfacet
  facet normal 0.195079 0.980788 0
    outer loop
      vertex 86.78 -32.821 19.8
      vertex 86.8891 -32.8427 1.5
      vertex 86.78 -32.821 1.5
    endloop
  endfacet
  facet normal 0.659776 0.751462 -0
    outer loop
      vertex 86.4826 -32.6744 1.5
      vertex 86.399 -32.601 19.8
      vertex 86.4826 -32.6744 19.8
    endloop
  endfacet
  facet normal 0.659776 0.751462 0
    outer loop
      vertex 86.399 -32.601 19.8
      vertex 86.4826 -32.6744 1.5
      vertex 86.399 -32.601 1.5
    endloop
  endfacet
  facet normal 0.831219 0.555945 0
    outer loop
      vertex 86.3257 -32.5174 19.8
      vertex 86.2639 -32.425 1.5
      vertex 86.2639 -32.425 19.8
    endloop
  endfacet
  facet normal 0.831219 0.555945 0
    outer loop
      vertex 86.2639 -32.425 1.5
      vertex 86.3257 -32.5174 19.8
      vertex 86.3257 -32.5174 1.5
    endloop
  endfacet
  facet normal 0.896754 0.44253 0
    outer loop
      vertex 86.2639 -32.425 19.8
      vertex 86.2147 -32.3253 1.5
      vertex 86.2147 -32.3253 19.8
    endloop
  endfacet
  facet normal 0.896754 0.44253 0
    outer loop
      vertex 86.2147 -32.3253 1.5
      vertex 86.2639 -32.425 19.8
      vertex 86.2639 -32.425 1.5
    endloop
  endfacet
  facet normal 0.44253 0.896754 -0
    outer loop
      vertex 86.6747 -32.7853 1.5
      vertex 86.575 -32.7361 19.8
      vertex 86.6747 -32.7853 19.8
    endloop
  endfacet
  facet normal 0.44253 0.896754 0
    outer loop
      vertex 86.575 -32.7361 19.8
      vertex 86.6747 -32.7853 1.5
      vertex 86.575 -32.7361 1.5
    endloop
  endfacet
  facet normal 0.0656829 0.997841 -0
    outer loop
      vertex 87 -32.85 1.5
      vertex 86.8891 -32.8427 19.8
      vertex 87 -32.85 19.8
    endloop
  endfacet
  facet normal 0.0656829 0.997841 0
    outer loop
      vertex 86.8891 -32.8427 19.8
      vertex 87 -32.85 1.5
      vertex 86.8891 -32.8427 1.5
    endloop
  endfacet
  facet normal -0.997841 -0.0656829 0
    outer loop
      vertex -81.15 27 0.599999
      vertex -81.1573 27.1109 4
      vertex -81.1573 27.1109 0.599999
    endloop
  endfacet
  facet normal -0.997841 -0.0656829 0
    outer loop
      vertex -81.1573 27.1109 4
      vertex -81.15 27 0.599999
      vertex -81.15 27 4
    endloop
  endfacet
  facet normal 0.0656829 -0.997841 0
    outer loop
      vertex -82.1109 27.8427 0.599999
      vertex -82 27.85 4
      vertex -82.1109 27.8427 4
    endloop
  endfacet
  facet normal 0.0656829 -0.997841 0
    outer loop
      vertex -82 27.85 4
      vertex -82.1109 27.8427 0.599999
      vertex -82 27.85 0.599999
    endloop
  endfacet
  facet normal -0.0656829 0.997841 0
    outer loop
      vertex -81.8891 26.1573 0.599999
      vertex -82 26.15 4
      vertex -81.8891 26.1573 4
    endloop
  endfacet
  facet normal -0.0656829 0.997841 0
    outer loop
      vertex -82 26.15 4
      vertex -81.8891 26.1573 0.599999
      vertex -82 26.15 0.599999
    endloop
  endfacet
  facet normal -0.659776 -0.751462 0
    outer loop
      vertex -81.4826 27.6744 0.599999
      vertex -81.399 27.601 4
      vertex -81.4826 27.6744 4
    endloop
  endfacet
  facet normal -0.659776 -0.751462 -0
    outer loop
      vertex -81.399 27.601 4
      vertex -81.4826 27.6744 0.599999
      vertex -81.399 27.601 0.599999
    endloop
  endfacet
  facet normal 0.751908 -0.659268 0
    outer loop
      vertex -82.6743 27.5174 4
      vertex -82.601 27.601 0.599999
      vertex -82.601 27.601 4
    endloop
  endfacet
  facet normal 0.751908 -0.659268 0
    outer loop
      vertex -82.601 27.601 0.599999
      vertex -82.6743 27.5174 4
      vertex -82.6743 27.5174 0.599999
    endloop
  endfacet
  facet normal 0.44253 -0.896754 0
    outer loop
      vertex -82.425 27.7361 0.599999
      vertex -82.3253 27.7853 4
      vertex -82.425 27.7361 4
    endloop
  endfacet
  facet normal 0.44253 -0.896754 0
    outer loop
      vertex -82.3253 27.7853 4
      vertex -82.425 27.7361 0.599999
      vertex -82.3253 27.7853 0.599999
    endloop
  endfacet
  facet normal -0.896754 0.44253 0
    outer loop
      vertex -81.2639 26.575 0.599999
      vertex -81.2147 26.6747 4
      vertex -81.2147 26.6747 0.599999
    endloop
  endfacet
  facet normal -0.896754 0.44253 0
    outer loop
      vertex -81.2147 26.6747 4
      vertex -81.2639 26.575 0.599999
      vertex -81.2639 26.575 4
    endloop
  endfacet
  facet normal -0.896754 -0.44253 0
    outer loop
      vertex -81.2147 27.3253 0.599999
      vertex -81.2639 27.425 4
      vertex -81.2639 27.425 0.599999
    endloop
  endfacet
  facet normal -0.896754 -0.44253 0
    outer loop
      vertex -81.2639 27.425 4
      vertex -81.2147 27.3253 0.599999
      vertex -81.2147 27.3253 4
    endloop
  endfacet
  facet normal -0.831219 -0.555945 0
    outer loop
      vertex -81.2639 27.425 0.599999
      vertex -81.3257 27.5174 4
      vertex -81.3257 27.5174 0.599999
    endloop
  endfacet
  facet normal -0.831219 -0.555945 0
    outer loop
      vertex -81.3257 27.5174 4
      vertex -81.2639 27.425 0.599999
      vertex -81.2639 27.425 4
    endloop
  endfacet
  facet normal -0.32108 -0.947052 0
    outer loop
      vertex -81.78 27.821 0.599999
      vertex -81.6747 27.7853 4
      vertex -81.78 27.821 4
    endloop
  endfacet
  facet normal -0.32108 -0.947052 -0
    outer loop
      vertex -81.6747 27.7853 4
      vertex -81.78 27.821 0.599999
      vertex -81.6747 27.7853 0.599999
    endloop
  endfacet
  facet normal -0.195079 -0.980788 0
    outer loop
      vertex -81.8891 27.8427 0.599999
      vertex -81.78 27.821 4
      vertex -81.8891 27.8427 4
    endloop
  endfacet
  facet normal -0.195079 -0.980788 -0
    outer loop
      vertex -81.78 27.821 4
      vertex -81.8891 27.8427 0.599999
      vertex -81.78 27.821 0.599999
    endloop
  endfacet
  facet normal -0.44253 -0.896754 0
    outer loop
      vertex -81.6747 27.7853 0.599999
      vertex -81.575 27.7361 4
      vertex -81.6747 27.7853 4
    endloop
  endfacet
  facet normal -0.44253 -0.896754 -0
    outer loop
      vertex -81.575 27.7361 4
      vertex -81.6747 27.7853 0.599999
      vertex -81.575 27.7361 0.599999
    endloop
  endfacet
  facet normal 0.947052 -0.32108 0
    outer loop
      vertex -82.821 27.22 4
      vertex -82.7853 27.3253 0.599999
      vertex -82.7853 27.3253 4
    endloop
  endfacet
  facet normal 0.947052 -0.32108 0
    outer loop
      vertex -82.7853 27.3253 0.599999
      vertex -82.821 27.22 4
      vertex -82.821 27.22 0.599999
    endloop
  endfacet
  facet normal 0.896754 -0.44253 0
    outer loop
      vertex -82.7853 27.3253 4
      vertex -82.7361 27.425 0.599999
      vertex -82.7361 27.425 4
    endloop
  endfacet
  facet normal 0.896754 -0.44253 0
    outer loop
      vertex -82.7361 27.425 0.599999
      vertex -82.7853 27.3253 4
      vertex -82.7853 27.3253 0.599999
    endloop
  endfacet
  facet normal 0.980788 -0.195079 0
    outer loop
      vertex -82.8427 27.1109 4
      vertex -82.821 27.22 0.599999
      vertex -82.821 27.22 4
    endloop
  endfacet
  facet normal 0.980788 -0.195079 0
    outer loop
      vertex -82.821 27.22 0.599999
      vertex -82.8427 27.1109 4
      vertex -82.8427 27.1109 0.599999
    endloop
  endfacet
  facet normal 0.555323 -0.831635 0
    outer loop
      vertex -82.5174 27.6744 0.599999
      vertex -82.425 27.7361 4
      vertex -82.5174 27.6744 4
    endloop
  endfacet
  facet normal 0.555323 -0.831635 0
    outer loop
      vertex -82.425 27.7361 4
      vertex -82.5174 27.6744 0.599999
      vertex -82.425 27.7361 0.599999
    endloop
  endfacet
  facet normal 0.32108 -0.947052 0
    outer loop
      vertex -82.3253 27.7853 0.599999
      vertex -82.22 27.821 4
      vertex -82.3253 27.7853 4
    endloop
  endfacet
  facet normal 0.32108 -0.947052 0
    outer loop
      vertex -82.22 27.821 4
      vertex -82.3253 27.7853 0.599999
      vertex -82.22 27.821 0.599999
    endloop
  endfacet
  facet normal -0.751908 0.659268 0
    outer loop
      vertex -81.399 26.399 0.599999
      vertex -81.3257 26.4826 4
      vertex -81.3257 26.4826 0.599999
    endloop
  endfacet
  facet normal -0.751908 0.659268 0
    outer loop
      vertex -81.3257 26.4826 4
      vertex -81.399 26.399 0.599999
      vertex -81.399 26.399 4
    endloop
  endfacet
  facet normal -0.555323 0.831635 0
    outer loop
      vertex -81.4826 26.3256 0.599999
      vertex -81.575 26.2639 4
      vertex -81.4826 26.3256 4
    endloop
  endfacet
  facet normal -0.555323 0.831635 0
    outer loop
      vertex -81.575 26.2639 4
      vertex -81.4826 26.3256 0.599999
      vertex -81.575 26.2639 0.599999
    endloop
  endfacet
  facet normal 0.32108 0.947052 -0
    outer loop
      vertex -82.22 26.179 0.599999
      vertex -82.3253 26.2147 4
      vertex -82.22 26.179 4
    endloop
  endfacet
  facet normal 0.32108 0.947052 0
    outer loop
      vertex -82.3253 26.2147 4
      vertex -82.22 26.179 0.599999
      vertex -82.3253 26.2147 0.599999
    endloop
  endfacet
  facet normal 0.195079 0.980788 -0
    outer loop
      vertex -82.1109 26.1573 0.599999
      vertex -82.22 26.179 4
      vertex -82.1109 26.1573 4
    endloop
  endfacet
  facet normal 0.195079 0.980788 0
    outer loop
      vertex -82.22 26.179 4
      vertex -82.1109 26.1573 0.599999
      vertex -82.22 26.179 0.599999
    endloop
  endfacet
  facet normal 0.831219 0.555945 0
    outer loop
      vertex -82.6743 26.4826 4
      vertex -82.7361 26.575 0.599999
      vertex -82.7361 26.575 4
    endloop
  endfacet
  facet normal 0.831219 0.555945 0
    outer loop
      vertex -82.7361 26.575 0.599999
      vertex -82.6743 26.4826 4
      vertex -82.6743 26.4826 0.599999
    endloop
  endfacet
  facet normal 0.751908 0.659268 0
    outer loop
      vertex -82.601 26.399 4
      vertex -82.6743 26.4826 0.599999
      vertex -82.6743 26.4826 4
    endloop
  endfacet
  facet normal 0.751908 0.659268 0
    outer loop
      vertex -82.6743 26.4826 0.599999
      vertex -82.601 26.399 4
      vertex -82.601 26.399 0.599999
    endloop
  endfacet
  facet normal -0.947052 -0.32108 0
    outer loop
      vertex -81.179 27.22 0.599999
      vertex -81.2147 27.3253 4
      vertex -81.2147 27.3253 0.599999
    endloop
  endfacet
  facet normal -0.947052 -0.32108 0
    outer loop
      vertex -81.2147 27.3253 4
      vertex -81.179 27.22 0.599999
      vertex -81.179 27.22 4
    endloop
  endfacet
  facet normal -0.980788 -0.195079 0
    outer loop
      vertex -81.1573 27.1109 0.599999
      vertex -81.179 27.22 4
      vertex -81.179 27.22 0.599999
    endloop
  endfacet
  facet normal -0.980788 -0.195079 0
    outer loop
      vertex -81.179 27.22 4
      vertex -81.1573 27.1109 0.599999
      vertex -81.1573 27.1109 4
    endloop
  endfacet
  facet normal -0.0656829 -0.997841 0
    outer loop
      vertex -82 27.85 0.599999
      vertex -81.8891 27.8427 4
      vertex -82 27.85 4
    endloop
  endfacet
  facet normal -0.0656829 -0.997841 -0
    outer loop
      vertex -81.8891 27.8427 4
      vertex -82 27.85 0.599999
      vertex -81.8891 27.8427 0.599999
    endloop
  endfacet
  facet normal -0.555323 -0.831635 0
    outer loop
      vertex -81.575 27.7361 0.599999
      vertex -81.4826 27.6744 4
      vertex -81.575 27.7361 4
    endloop
  endfacet
  facet normal -0.555323 -0.831635 -0
    outer loop
      vertex -81.4826 27.6744 4
      vertex -81.575 27.7361 0.599999
      vertex -81.4826 27.6744 0.599999
    endloop
  endfacet
  facet normal 0 0 1
    outer loop
      vertex -81.1573 27.1109 0.599999
      vertex -81.1573 26.8891 0.599999
      vertex -81.15 27 0.599999
    endloop
  endfacet
  facet normal 0 0 1
    outer loop
      vertex -81.179 27.22 0.599999
      vertex -81.1573 26.8891 0.599999
      vertex -81.1573 27.1109 0.599999
    endloop
  endfacet
  facet normal 0 0 1
    outer loop
      vertex -81.179 27.22 0.599999
      vertex -81.179 26.78 0.599999
      vertex -81.1573 26.8891 0.599999
    endloop
  endfacet
  facet normal 0 0 1
    outer loop
      vertex -81.2147 27.3253 0.599999
      vertex -81.179 26.78 0.599999
      vertex -81.179 27.22 0.599999
    endloop
  endfacet
  facet normal 0 0 1
    outer loop
      vertex -81.2147 27.3253 0.599999
      vertex -81.2147 26.6747 0.599999
      vertex -81.179 26.78 0.599999
    endloop
  endfacet
  facet normal 0 0 1
    outer loop
      vertex -81.2639 27.425 0.599999
      vertex -81.2147 26.6747 0.599999
      vertex -81.2147 27.3253 0.599999
    endloop
  endfacet
  facet normal 0 0 1
    outer loop
      vertex -81.2639 27.425 0.599999
      vertex -81.2639 26.575 0.599999
      vertex -81.2147 26.6747 0.599999
    endloop
  endfacet
  facet normal 0 0 1
    outer loop
      vertex -81.3257 27.5174 0.599999
      vertex -81.2639 26.575 0.599999
      vertex -81.2639 27.425 0.599999
    endloop
  endfacet
  facet normal 0 0 1
    outer loop
      vertex -81.3257 27.5174 0.599999
      vertex -81.3257 26.4826 0.599999
      vertex -81.2639 26.575 0.599999
    endloop
  endfacet
  facet normal 0 0 1
    outer loop
      vertex -81.399 27.601 0.599999
      vertex -81.3257 26.4826 0.599999
      vertex -81.3257 27.5174 0.599999
    endloop
  endfacet
  facet normal 0 0 1
    outer loop
      vertex -81.399 27.601 0.599999
      vertex -81.399 26.399 0.599999
      vertex -81.3257 26.4826 0.599999
    endloop
  endfacet
  facet normal 0 0 1
    outer loop
      vertex -81.4826 27.6744 0.599999
      vertex -81.399 26.399 0.599999
      vertex -81.399 27.601 0.599999
    endloop
  endfacet
  facet normal 0 0 1
    outer loop
      vertex -81.4826 27.6744 0.599999
      vertex -81.4826 26.3256 0.599999
      vertex -81.399 26.399 0.599999
    endloop
  endfacet
  facet normal 0 0 1
    outer loop
      vertex -81.575 27.7361 0.599999
      vertex -81.4826 26.3256 0.599999
      vertex -81.4826 27.6744 0.599999
    endloop
  endfacet
  facet normal 0 0 1
    outer loop
      vertex -81.575 27.7361 0.599999
      vertex -81.575 26.2639 0.599999
      vertex -81.4826 26.3256 0.599999
    endloop
  endfacet
  facet normal 0 0 1
    outer loop
      vertex -81.6747 27.7853 0.599999
      vertex -81.575 26.2639 0.599999
      vertex -81.575 27.7361 0.599999
    endloop
  endfacet
  facet normal 0 0 1
    outer loop
      vertex -81.6747 27.7853 0.599999
      vertex -81.6747 26.2147 0.599999
      vertex -81.575 26.2639 0.599999
    endloop
  endfacet
  facet normal 0 0 1
    outer loop
      vertex -81.78 27.821 0.599999
      vertex -81.6747 26.2147 0.599999
      vertex -81.6747 27.7853 0.599999
    endloop
  endfacet
  facet normal 0 0 1
    outer loop
      vertex -81.78 27.821 0.599999
      vertex -81.78 26.179 0.599999
      vertex -81.6747 26.2147 0.599999
    endloop
  endfacet
  facet normal 0 0 1
    outer loop
      vertex -81.8891 27.8427 0.599999
      vertex -81.78 26.179 0.599999
      vertex -81.78 27.821 0.599999
    endloop
  endfacet
  facet normal 0 0 1
    outer loop
      vertex -81.8891 27.8427 0.599999
      vertex -81.8891 26.1573 0.599999
      vertex -81.78 26.179 0.599999
    endloop
  endfacet
  facet normal 0 0 1
    outer loop
      vertex -82 27.85 0.599999
      vertex -81.8891 26.1573 0.599999
      vertex -81.8891 27.8427 0.599999
    endloop
  endfacet
  facet normal 0 0 1
    outer loop
      vertex -82 27.85 0.599999
      vertex -82 26.15 0.599999
      vertex -81.8891 26.1573 0.599999
    endloop
  endfacet
  facet normal -0 0 1
    outer loop
      vertex -82.1109 27.8427 0.599999
      vertex -82 26.15 0.599999
      vertex -82 27.85 0.599999
    endloop
  endfacet
  facet normal 0 0 1
    outer loop
      vertex -82.1109 27.8427 0.599999
      vertex -82.1109 26.1573 0.599999
      vertex -82 26.15 0.599999
    endloop
  endfacet
  facet normal -0 0 1
    outer loop
      vertex -82.22 27.821 0.599999
      vertex -82.1109 26.1573 0.599999
      vertex -82.1109 27.8427 0.599999
    endloop
  endfacet
  facet normal 0 0 1
    outer loop
      vertex -82.22 27.821 0.599999
      vertex -82.22 26.179 0.599999
      vertex -82.1109 26.1573 0.599999
    endloop
  endfacet
  facet normal -0 0 1
    outer loop
      vertex -82.3253 27.7853 0.599999
      vertex -82.22 26.179 0.599999
      vertex -82.22 27.821 0.599999
    endloop
  endfacet
  facet normal 0 0 1
    outer loop
      vertex -82.3253 27.7853 0.599999
      vertex -82.3253 26.2147 0.599999
      vertex -82.22 26.179 0.599999
    endloop
  endfacet
  facet normal -0 0 1
    outer loop
      vertex -82.425 27.7361 0.599999
      vertex -82.3253 26.2147 0.599999
      vertex -82.3253 27.7853 0.599999
    endloop
  endfacet
  facet normal 0 0 1
    outer loop
      vertex -82.425 27.7361 0.599999
      vertex -82.425 26.2639 0.599999
      vertex -82.3253 26.2147 0.599999
    endloop
  endfacet
  facet normal -0 0 1
    outer loop
      vertex -82.5174 27.6744 0.599999
      vertex -82.425 26.2639 0.599999
      vertex -82.425 27.7361 0.599999
    endloop
  endfacet
  facet normal 0 0 1
    outer loop
      vertex -82.5174 27.6744 0.599999
      vertex -82.5174 26.3256 0.599999
      vertex -82.425 26.2639 0.599999
    endloop
  endfacet
  facet normal -0 0 1
    outer loop
      vertex -82.601 27.601 0.599999
      vertex -82.5174 26.3256 0.599999
      vertex -82.5174 27.6744 0.599999
    endloop
  endfacet
  facet normal 0 0 1
    outer loop
      vertex -82.601 27.601 0.599999
      vertex -82.601 26.399 0.599999
      vertex -82.5174 26.3256 0.599999
    endloop
  endfacet
  facet normal -0 0 1
    outer loop
      vertex -82.6743 27.5174 0.599999
      vertex -82.601 26.399 0.599999
      vertex -82.601 27.601 0.599999
    endloop
  endfacet
  facet normal 0 0 1
    outer loop
      vertex -82.6743 27.5174 0.599999
      vertex -82.6743 26.4826 0.599999
      vertex -82.601 26.399 0.599999
    endloop
  endfacet
  facet normal -0 0 1
    outer loop
      vertex -82.7361 27.425 0.599999
      vertex -82.6743 26.4826 0.599999
      vertex -82.6743 27.5174 0.599999
    endloop
  endfacet
  facet normal 0 0 1
    outer loop
      vertex -82.7361 27.425 0.599999
      vertex -82.7361 26.575 0.599999
      vertex -82.6743 26.4826 0.599999
    endloop
  endfacet
  facet normal -0 0 1
    outer loop
      vertex -82.7853 27.3253 0.599999
      vertex -82.7361 26.575 0.599999
      vertex -82.7361 27.425 0.599999
    endloop
  endfacet
  facet normal 0 0 1
    outer loop
      vertex -82.7853 27.3253 0.599999
      vertex -82.7853 26.6747 0.599999
      vertex -82.7361 26.575 0.599999
    endloop
  endfacet
  facet normal -0 0 1
    outer loop
      vertex -82.821 27.22 0.599999
      vertex -82.7853 26.6747 0.599999
      vertex -82.7853 27.3253 0.599999
    endloop
  endfacet
  facet normal 0 0 1
    outer loop
      vertex -82.821 27.22 0.599999
      vertex -82.821 26.78 0.599999
      vertex -82.7853 26.6747 0.599999
    endloop
  endfacet
  facet normal -0 0 1
    outer loop
      vertex -82.8427 27.1109 0.599999
      vertex -82.821 26.78 0.599999
      vertex -82.821 27.22 0.599999
    endloop
  endfacet
  facet normal 0 0 1
    outer loop
      vertex -82.8427 27.1109 0.599999
      vertex -82.8427 26.8891 0.599999
      vertex -82.821 26.78 0.599999
    endloop
  endfacet
  facet normal 0 -0 1
    outer loop
      vertex -82.8427 26.8891 0.599999
      vertex -82.8427 27.1109 0.599999
      vertex -82.85 27 0.599999
    endloop
  endfacet
  facet normal 0.997841 -0.0656829 0
    outer loop
      vertex -82.85 27 4
      vertex -82.8427 27.1109 0.599999
      vertex -82.8427 27.1109 4
    endloop
  endfacet
  facet normal 0.997841 -0.0656829 0
    outer loop
      vertex -82.8427 27.1109 0.599999
      vertex -82.85 27 4
      vertex -82.85 27 0.599999
    endloop
  endfacet
  facet normal 0.195079 -0.980788 0
    outer loop
      vertex -82.22 27.821 0.599999
      vertex -82.1109 27.8427 4
      vertex -82.22 27.821 4
    endloop
  endfacet
  facet normal 0.195079 -0.980788 0
    outer loop
      vertex -82.1109 27.8427 4
      vertex -82.22 27.821 0.599999
      vertex -82.1109 27.8427 0.599999
    endloop
  endfacet
  facet normal -0.997841 0.0656829 0
    outer loop
      vertex -81.1573 26.8891 0.599999
      vertex -81.15 27 4
      vertex -81.15 27 0.599999
    endloop
  endfacet
  facet normal -0.997841 0.0656829 0
    outer loop
      vertex -81.15 27 4
      vertex -81.1573 26.8891 0.599999
      vertex -81.1573 26.8891 4
    endloop
  endfacet
  facet normal -0.980788 0.195079 0
    outer loop
      vertex -81.179 26.78 0.599999
      vertex -81.1573 26.8891 4
      vertex -81.1573 26.8891 0.599999
    endloop
  endfacet
  facet normal -0.980788 0.195079 0
    outer loop
      vertex -81.1573 26.8891 4
      vertex -81.179 26.78 0.599999
      vertex -81.179 26.78 4
    endloop
  endfacet
  facet normal -0.195079 0.980788 0
    outer loop
      vertex -81.78 26.179 0.599999
      vertex -81.8891 26.1573 4
      vertex -81.78 26.179 4
    endloop
  endfacet
  facet normal -0.195079 0.980788 0
    outer loop
      vertex -81.8891 26.1573 4
      vertex -81.78 26.179 0.599999
      vertex -81.8891 26.1573 0.599999
    endloop
  endfacet
  facet normal -0.44253 0.896754 0
    outer loop
      vertex -81.575 26.2639 0.599999
      vertex -81.6747 26.2147 4
      vertex -81.575 26.2639 4
    endloop
  endfacet
  facet normal -0.44253 0.896754 0
    outer loop
      vertex -81.6747 26.2147 4
      vertex -81.575 26.2639 0.599999
      vertex -81.6747 26.2147 0.599999
    endloop
  endfacet
  facet normal -0.659776 0.751462 0
    outer loop
      vertex -81.399 26.399 0.599999
      vertex -81.4826 26.3256 4
      vertex -81.399 26.399 4
    endloop
  endfacet
  facet normal -0.659776 0.751462 0
    outer loop
      vertex -81.4826 26.3256 4
      vertex -81.399 26.399 0.599999
      vertex -81.4826 26.3256 0.599999
    endloop
  endfacet
  facet normal -0.831219 0.555945 0
    outer loop
      vertex -81.3257 26.4826 0.599999
      vertex -81.2639 26.575 4
      vertex -81.2639 26.575 0.599999
    endloop
  endfacet
  facet normal -0.831219 0.555945 0
    outer loop
      vertex -81.2639 26.575 4
      vertex -81.3257 26.4826 0.599999
      vertex -81.3257 26.4826 4
    endloop
  endfacet
  facet normal 0.44253 0.896754 -0
    outer loop
      vertex -82.3253 26.2147 0.599999
      vertex -82.425 26.2639 4
      vertex -82.3253 26.2147 4
    endloop
  endfacet
  facet normal 0.44253 0.896754 0
    outer loop
      vertex -82.425 26.2639 4
      vertex -82.3253 26.2147 0.599999
      vertex -82.425 26.2639 0.599999
    endloop
  endfacet
  facet normal 0.555323 0.831635 -0
    outer loop
      vertex -82.425 26.2639 0.599999
      vertex -82.5174 26.3256 4
      vertex -82.425 26.2639 4
    endloop
  endfacet
  facet normal 0.555323 0.831635 0
    outer loop
      vertex -82.5174 26.3256 4
      vertex -82.425 26.2639 0.599999
      vertex -82.5174 26.3256 0.599999
    endloop
  endfacet
  facet normal 0.0656829 0.997841 -0
    outer loop
      vertex -82 26.15 0.599999
      vertex -82.1109 26.1573 4
      vertex -82 26.15 4
    endloop
  endfacet
  facet normal 0.0656829 0.997841 0
    outer loop
      vertex -82.1109 26.1573 4
      vertex -82 26.15 0.599999
      vertex -82.1109 26.1573 0.599999
    endloop
  endfacet
  facet normal 0.659776 0.751462 -0
    outer loop
      vertex -82.5174 26.3256 0.599999
      vertex -82.601 26.399 4
      vertex -82.5174 26.3256 4
    endloop
  endfacet
  facet normal 0.659776 0.751462 0
    outer loop
      vertex -82.601 26.399 4
      vertex -82.5174 26.3256 0.599999
      vertex -82.601 26.399 0.599999
    endloop
  endfacet
  facet normal 0.896754 0.44253 0
    outer loop
      vertex -82.7361 26.575 4
      vertex -82.7853 26.6747 0.599999
      vertex -82.7853 26.6747 4
    endloop
  endfacet
  facet normal 0.896754 0.44253 0
    outer loop
      vertex -82.7853 26.6747 0.599999
      vertex -82.7361 26.575 4
      vertex -82.7361 26.575 0.599999
    endloop
  endfacet
  facet normal 0.980788 0.195079 0
    outer loop
      vertex -82.821 26.78 4
      vertex -82.8427 26.8891 0.599999
      vertex -82.8427 26.8891 4
    endloop
  endfacet
  facet normal 0.980788 0.195079 0
    outer loop
      vertex -82.8427 26.8891 0.599999
      vertex -82.821 26.78 4
      vertex -82.821 26.78 0.599999
    endloop
  endfacet
  facet normal -0.751908 -0.659268 0
    outer loop
      vertex -81.3257 27.5174 0.599999
      vertex -81.399 27.601 4
      vertex -81.399 27.601 0.599999
    endloop
  endfacet
  facet normal -0.751908 -0.659268 0
    outer loop
      vertex -81.399 27.601 4
      vertex -81.3257 27.5174 0.599999
      vertex -81.3257 27.5174 4
    endloop
  endfacet
  facet normal 0.831219 -0.555945 0
    outer loop
      vertex -82.7361 27.425 4
      vertex -82.6743 27.5174 0.599999
      vertex -82.6743 27.5174 4
    endloop
  endfacet
  facet normal 0.831219 -0.555945 0
    outer loop
      vertex -82.6743 27.5174 0.599999
      vertex -82.7361 27.425 4
      vertex -82.7361 27.425 0.599999
    endloop
  endfacet
  facet normal 0.997841 0.0656829 0
    outer loop
      vertex -82.8427 26.8891 4
      vertex -82.85 27 0.599999
      vertex -82.85 27 4
    endloop
  endfacet
  facet normal 0.997841 0.0656829 0
    outer loop
      vertex -82.85 27 0.599999
      vertex -82.8427 26.8891 4
      vertex -82.8427 26.8891 0.599999
    endloop
  endfacet
  facet normal 0.659776 -0.751462 0
    outer loop
      vertex -82.601 27.601 0.599999
      vertex -82.5174 27.6744 4
      vertex -82.601 27.601 4
    endloop
  endfacet
  facet normal 0.659776 -0.751462 0
    outer loop
      vertex -82.5174 27.6744 4
      vertex -82.601 27.601 0.599999
      vertex -82.5174 27.6744 0.599999
    endloop
  endfacet
  facet normal -0.947052 0.32108 0
    outer loop
      vertex -81.2147 26.6747 0.599999
      vertex -81.179 26.78 4
      vertex -81.179 26.78 0.599999
    endloop
  endfacet
  facet normal -0.947052 0.32108 0
    outer loop
      vertex -81.179 26.78 4
      vertex -81.2147 26.6747 0.599999
      vertex -81.2147 26.6747 4
    endloop
  endfacet
  facet normal -0.32108 0.947052 0
    outer loop
      vertex -81.6747 26.2147 0.599999
      vertex -81.78 26.179 4
      vertex -81.6747 26.2147 4
    endloop
  endfacet
  facet normal -0.32108 0.947052 0
    outer loop
      vertex -81.78 26.179 4
      vertex -81.6747 26.2147 0.599999
      vertex -81.78 26.179 0.599999
    endloop
  endfacet
  facet normal 0.947052 0.32108 0
    outer loop
      vertex -82.7853 26.6747 4
      vertex -82.821 26.78 0.599999
      vertex -82.821 26.78 4
    endloop
  endfacet
  facet normal 0.947052 0.32108 0
    outer loop
      vertex -82.821 26.78 0.599999
      vertex -82.7853 26.6747 4
      vertex -82.7853 26.6747 0.599999
    endloop
  endfacet
  facet normal -0.997841 -0.0656829 0
    outer loop
      vertex -81.15 -27 0.599999
      vertex -81.1573 -26.8891 4
      vertex -81.1573 -26.8891 0.599999
    endloop
  endfacet
  facet normal -0.997841 -0.0656829 0
    outer loop
      vertex -81.1573 -26.8891 4
      vertex -81.15 -27 0.599999
      vertex -81.15 -27 4
    endloop
  endfacet
  facet normal 0.997841 -0.0656829 0
    outer loop
      vertex -82.85 -27 4
      vertex -82.8427 -26.8891 0.599999
      vertex -82.8427 -26.8891 4
    endloop
  endfacet
  facet normal 0.997841 -0.0656829 0
    outer loop
      vertex -82.8427 -26.8891 0.599999
      vertex -82.85 -27 4
      vertex -82.85 -27 0.599999
    endloop
  endfacet
  facet normal 0.0656829 -0.997841 0
    outer loop
      vertex -82.1109 -26.1573 0.599999
      vertex -82 -26.15 4
      vertex -82.1109 -26.1573 4
    endloop
  endfacet
  facet normal 0.0656829 -0.997841 0
    outer loop
      vertex -82 -26.15 4
      vertex -82.1109 -26.1573 0.599999
      vertex -82 -26.15 0.599999
    endloop
  endfacet
  facet normal -0.0656829 0.997841 0
    outer loop
      vertex -81.8891 -27.8427 0.599999
      vertex -82 -27.85 4
      vertex -81.8891 -27.8427 4
    endloop
  endfacet
  facet normal -0.0656829 0.997841 0
    outer loop
      vertex -82 -27.85 4
      vertex -81.8891 -27.8427 0.599999
      vertex -82 -27.85 0.599999
    endloop
  endfacet
  facet normal -0.659776 -0.751462 0
    outer loop
      vertex -81.4826 -26.3256 0.599999
      vertex -81.399 -26.399 4
      vertex -81.4826 -26.3256 4
    endloop
  endfacet
  facet normal -0.659776 -0.751462 -0
    outer loop
      vertex -81.399 -26.399 4
      vertex -81.4826 -26.3256 0.599999
      vertex -81.399 -26.399 0.599999
    endloop
  endfacet
  facet normal 0.751908 -0.659268 0
    outer loop
      vertex -82.6743 -26.4826 4
      vertex -82.601 -26.399 0.599999
      vertex -82.601 -26.399 4
    endloop
  endfacet
  facet normal 0.751908 -0.659268 0
    outer loop
      vertex -82.601 -26.399 0.599999
      vertex -82.6743 -26.4826 4
      vertex -82.6743 -26.4826 0.599999
    endloop
  endfacet
  facet normal 0.44253 -0.896754 0
    outer loop
      vertex -82.425 -26.2639 0.599999
      vertex -82.3253 -26.2147 4
      vertex -82.425 -26.2639 4
    endloop
  endfacet
  facet normal 0.44253 -0.896754 0
    outer loop
      vertex -82.3253 -26.2147 4
      vertex -82.425 -26.2639 0.599999
      vertex -82.3253 -26.2147 0.599999
    endloop
  endfacet
  facet normal -0.896754 -0.44253 0
    outer loop
      vertex -81.2147 -26.6747 0.599999
      vertex -81.2639 -26.575 4
      vertex -81.2639 -26.575 0.599999
    endloop
  endfacet
  facet normal -0.896754 -0.44253 0
    outer loop
      vertex -81.2639 -26.575 4
      vertex -81.2147 -26.6747 0.599999
      vertex -81.2147 -26.6747 4
    endloop
  endfacet
  facet normal -0.831219 -0.555945 0
    outer loop
      vertex -81.2639 -26.575 0.599999
      vertex -81.3257 -26.4826 4
      vertex -81.3257 -26.4826 0.599999
    endloop
  endfacet
  facet normal -0.831219 -0.555945 0
    outer loop
      vertex -81.3257 -26.4826 4
      vertex -81.2639 -26.575 0.599999
      vertex -81.2639 -26.575 4
    endloop
  endfacet
  facet normal -0.32108 -0.947052 0
    outer loop
      vertex -81.78 -26.179 0.599999
      vertex -81.6747 -26.2147 4
      vertex -81.78 -26.179 4
    endloop
  endfacet
  facet normal -0.32108 -0.947052 -0
    outer loop
      vertex -81.6747 -26.2147 4
      vertex -81.78 -26.179 0.599999
      vertex -81.6747 -26.2147 0.599999
    endloop
  endfacet
  facet normal -0.195079 -0.980788 0
    outer loop
      vertex -81.8891 -26.1573 0.599999
      vertex -81.78 -26.179 4
      vertex -81.8891 -26.1573 4
    endloop
  endfacet
  facet normal -0.195079 -0.980788 -0
    outer loop
      vertex -81.78 -26.179 4
      vertex -81.8891 -26.1573 0.599999
      vertex -81.78 -26.179 0.599999
    endloop
  endfacet
  facet normal -0.44253 -0.896754 0
    outer loop
      vertex -81.6747 -26.2147 0.599999
      vertex -81.575 -26.2639 4
      vertex -81.6747 -26.2147 4
    endloop
  endfacet
  facet normal -0.44253 -0.896754 -0
    outer loop
      vertex -81.575 -26.2639 4
      vertex -81.6747 -26.2147 0.599999
      vertex -81.575 -26.2639 0.599999
    endloop
  endfacet
  facet normal 0.896754 -0.44253 0
    outer loop
      vertex -82.7853 -26.6747 4
      vertex -82.7361 -26.575 0.599999
      vertex -82.7361 -26.575 4
    endloop
  endfacet
  facet normal 0.896754 -0.44253 0
    outer loop
      vertex -82.7361 -26.575 0.599999
      vertex -82.7853 -26.6747 4
      vertex -82.7853 -26.6747 0.599999
    endloop
  endfacet
  facet normal 0.831219 -0.555945 0
    outer loop
      vertex -82.7361 -26.575 4
      vertex -82.6743 -26.4826 0.599999
      vertex -82.6743 -26.4826 4
    endloop
  endfacet
  facet normal 0.831219 -0.555945 0
    outer loop
      vertex -82.6743 -26.4826 0.599999
      vertex -82.7361 -26.575 4
      vertex -82.7361 -26.575 0.599999
    endloop
  endfacet
  facet normal 0.555323 -0.831635 0
    outer loop
      vertex -82.5174 -26.3256 0.599999
      vertex -82.425 -26.2639 4
      vertex -82.5174 -26.3256 4
    endloop
  endfacet
  facet normal 0.555323 -0.831635 0
    outer loop
      vertex -82.425 -26.2639 4
      vertex -82.5174 -26.3256 0.599999
      vertex -82.425 -26.2639 0.599999
    endloop
  endfacet
  facet normal 0.32108 -0.947052 0
    outer loop
      vertex -82.3253 -26.2147 0.599999
      vertex -82.22 -26.179 4
      vertex -82.3253 -26.2147 4
    endloop
  endfacet
  facet normal 0.32108 -0.947052 0
    outer loop
      vertex -82.22 -26.179 4
      vertex -82.3253 -26.2147 0.599999
      vertex -82.22 -26.179 0.599999
    endloop
  endfacet
  facet normal 0 0 1
    outer loop
      vertex -81.1573 -26.8891 0.599999
      vertex -81.1573 -27.1109 0.599999
      vertex -81.15 -27 0.599999
    endloop
  endfacet
  facet normal 0 0 1
    outer loop
      vertex -81.179 -26.78 0.599999
      vertex -81.1573 -27.1109 0.599999
      vertex -81.1573 -26.8891 0.599999
    endloop
  endfacet
  facet normal 0 0 1
    outer loop
      vertex -81.179 -26.78 0.599999
      vertex -81.179 -27.22 0.599999
      vertex -81.1573 -27.1109 0.599999
    endloop
  endfacet
  facet normal 0 0 1
    outer loop
      vertex -81.2147 -26.6747 0.599999
      vertex -81.179 -27.22 0.599999
      vertex -81.179 -26.78 0.599999
    endloop
  endfacet
  facet normal 0 0 1
    outer loop
      vertex -81.2147 -26.6747 0.599999
      vertex -81.2147 -27.3253 0.599999
      vertex -81.179 -27.22 0.599999
    endloop
  endfacet
  facet normal 0 0 1
    outer loop
      vertex -81.2639 -26.575 0.599999
      vertex -81.2147 -27.3253 0.599999
      vertex -81.2147 -26.6747 0.599999
    endloop
  endfacet
  facet normal 0 0 1
    outer loop
      vertex -81.2639 -26.575 0.599999
      vertex -81.2639 -27.425 0.599999
      vertex -81.2147 -27.3253 0.599999
    endloop
  endfacet
  facet normal 0 0 1
    outer loop
      vertex -81.3257 -26.4826 0.599999
      vertex -81.2639 -27.425 0.599999
      vertex -81.2639 -26.575 0.599999
    endloop
  endfacet
  facet normal 0 0 1
    outer loop
      vertex -81.3257 -26.4826 0.599999
      vertex -81.3257 -27.5174 0.599999
      vertex -81.2639 -27.425 0.599999
    endloop
  endfacet
  facet normal 0 0 1
    outer loop
      vertex -81.399 -26.399 0.599999
      vertex -81.3257 -27.5174 0.599999
      vertex -81.3257 -26.4826 0.599999
    endloop
  endfacet
  facet normal 0 0 1
    outer loop
      vertex -81.399 -26.399 0.599999
      vertex -81.399 -27.601 0.599999
      vertex -81.3257 -27.5174 0.599999
    endloop
  endfacet
  facet normal 0 0 1
    outer loop
      vertex -81.4826 -26.3256 0.599999
      vertex -81.399 -27.601 0.599999
      vertex -81.399 -26.399 0.599999
    endloop
  endfacet
  facet normal 0 0 1
    outer loop
      vertex -81.4826 -26.3256 0.599999
      vertex -81.4826 -27.6744 0.599999
      vertex -81.399 -27.601 0.599999
    endloop
  endfacet
  facet normal 0 0 1
    outer loop
      vertex -81.575 -26.2639 0.599999
      vertex -81.4826 -27.6744 0.599999
      vertex -81.4826 -26.3256 0.599999
    endloop
  endfacet
  facet normal 0 0 1
    outer loop
      vertex -81.575 -26.2639 0.599999
      vertex -81.575 -27.7361 0.599999
      vertex -81.4826 -27.6744 0.599999
    endloop
  endfacet
  facet normal 0 0 1
    outer loop
      vertex -81.6747 -26.2147 0.599999
      vertex -81.575 -27.7361 0.599999
      vertex -81.575 -26.2639 0.599999
    endloop
  endfacet
  facet normal 0 0 1
    outer loop
      vertex -81.6747 -26.2147 0.599999
      vertex -81.6747 -27.7853 0.599999
      vertex -81.575 -27.7361 0.599999
    endloop
  endfacet
  facet normal 0 0 1
    outer loop
      vertex -81.78 -26.179 0.599999
      vertex -81.6747 -27.7853 0.599999
      vertex -81.6747 -26.2147 0.599999
    endloop
  endfacet
  facet normal 0 0 1
    outer loop
      vertex -81.78 -26.179 0.599999
      vertex -81.78 -27.821 0.599999
      vertex -81.6747 -27.7853 0.599999
    endloop
  endfacet
  facet normal 0 0 1
    outer loop
      vertex -81.8891 -26.1573 0.599999
      vertex -81.78 -27.821 0.599999
      vertex -81.78 -26.179 0.599999
    endloop
  endfacet
  facet normal 0 0 1
    outer loop
      vertex -81.8891 -26.1573 0.599999
      vertex -81.8891 -27.8427 0.599999
      vertex -81.78 -27.821 0.599999
    endloop
  endfacet
  facet normal 0 0 1
    outer loop
      vertex -82 -26.15 0.599999
      vertex -81.8891 -27.8427 0.599999
      vertex -81.8891 -26.1573 0.599999
    endloop
  endfacet
  facet normal 0 0 1
    outer loop
      vertex -82 -26.15 0.599999
      vertex -82 -27.85 0.599999
      vertex -81.8891 -27.8427 0.599999
    endloop
  endfacet
  facet normal -0 0 1
    outer loop
      vertex -82.1109 -26.1573 0.599999
      vertex -82 -27.85 0.599999
      vertex -82 -26.15 0.599999
    endloop
  endfacet
  facet normal 0 0 1
    outer loop
      vertex -82.1109 -26.1573 0.599999
      vertex -82.1109 -27.8427 0.599999
      vertex -82 -27.85 0.599999
    endloop
  endfacet
  facet normal -0 0 1
    outer loop
      vertex -82.22 -26.179 0.599999
      vertex -82.1109 -27.8427 0.599999
      vertex -82.1109 -26.1573 0.599999
    endloop
  endfacet
  facet normal 0 0 1
    outer loop
      vertex -82.22 -26.179 0.599999
      vertex -82.22 -27.821 0.599999
      vertex -82.1109 -27.8427 0.599999
    endloop
  endfacet
  facet normal -0 0 1
    outer loop
      vertex -82.3253 -26.2147 0.599999
      vertex -82.22 -27.821 0.599999
      vertex -82.22 -26.179 0.599999
    endloop
  endfacet
  facet normal 0 0 1
    outer loop
      vertex -82.3253 -26.2147 0.599999
      vertex -82.3253 -27.7853 0.599999
      vertex -82.22 -27.821 0.599999
    endloop
  endfacet
  facet normal -0 0 1
    outer loop
      vertex -82.425 -26.2639 0.599999
      vertex -82.3253 -27.7853 0.599999
      vertex -82.3253 -26.2147 0.599999
    endloop
  endfacet
  facet normal 0 0 1
    outer loop
      vertex -82.425 -26.2639 0.599999
      vertex -82.425 -27.7361 0.599999
      vertex -82.3253 -27.7853 0.599999
    endloop
  endfacet
  facet normal -0 0 1
    outer loop
      vertex -82.5174 -26.3256 0.599999
      vertex -82.425 -27.7361 0.599999
      vertex -82.425 -26.2639 0.599999
    endloop
  endfacet
  facet normal 0 0 1
    outer loop
      vertex -82.5174 -26.3256 0.599999
      vertex -82.5174 -27.6744 0.599999
      vertex -82.425 -27.7361 0.599999
    endloop
  endfacet
  facet normal -0 0 1
    outer loop
      vertex -82.601 -26.399 0.599999
      vertex -82.5174 -27.6744 0.599999
      vertex -82.5174 -26.3256 0.599999
    endloop
  endfacet
  facet normal 0 0 1
    outer loop
      vertex -82.601 -26.399 0.599999
      vertex -82.601 -27.601 0.599999
      vertex -82.5174 -27.6744 0.599999
    endloop
  endfacet
  facet normal -0 0 1
    outer loop
      vertex -82.6743 -26.4826 0.599999
      vertex -82.601 -27.601 0.599999
      vertex -82.601 -26.399 0.599999
    endloop
  endfacet
  facet normal 0 0 1
    outer loop
      vertex -82.6743 -26.4826 0.599999
      vertex -82.6743 -27.5174 0.599999
      vertex -82.601 -27.601 0.599999
    endloop
  endfacet
  facet normal -0 0 1
    outer loop
      vertex -82.7361 -26.575 0.599999
      vertex -82.6743 -27.5174 0.599999
      vertex -82.6743 -26.4826 0.599999
    endloop
  endfacet
  facet normal 0 0 1
    outer loop
      vertex -82.7361 -26.575 0.599999
      vertex -82.7361 -27.425 0.599999
      vertex -82.6743 -27.5174 0.599999
    endloop
  endfacet
  facet normal -0 0 1
    outer loop
      vertex -82.7853 -26.6747 0.599999
      vertex -82.7361 -27.425 0.599999
      vertex -82.7361 -26.575 0.599999
    endloop
  endfacet
  facet normal 0 0 1
    outer loop
      vertex -82.7853 -26.6747 0.599999
      vertex -82.7853 -27.3253 0.599999
      vertex -82.7361 -27.425 0.599999
    endloop
  endfacet
  facet normal -0 0 1
    outer loop
      vertex -82.821 -26.78 0.599999
      vertex -82.7853 -27.3253 0.599999
      vertex -82.7853 -26.6747 0.599999
    endloop
  endfacet
  facet normal 0 0 1
    outer loop
      vertex -82.821 -26.78 0.599999
      vertex -82.821 -27.22 0.599999
      vertex -82.7853 -27.3253 0.599999
    endloop
  endfacet
  facet normal -0 0 1
    outer loop
      vertex -82.8427 -26.8891 0.599999
      vertex -82.821 -27.22 0.599999
      vertex -82.821 -26.78 0.599999
    endloop
  endfacet
  facet normal 0 0 1
    outer loop
      vertex -82.8427 -26.8891 0.599999
      vertex -82.8427 -27.1109 0.599999
      vertex -82.821 -27.22 0.599999
    endloop
  endfacet
  facet normal 0 -0 1
    outer loop
      vertex -82.8427 -27.1109 0.599999
      vertex -82.8427 -26.8891 0.599999
      vertex -82.85 -27 0.599999
    endloop
  endfacet
  facet normal -0.195079 0.980788 0
    outer loop
      vertex -81.78 -27.821 0.599999
      vertex -81.8891 -27.8427 4
      vertex -81.78 -27.821 4
    endloop
  endfacet
  facet normal -0.195079 0.980788 0
    outer loop
      vertex -81.8891 -27.8427 4
      vertex -81.78 -27.821 0.599999
      vertex -81.8891 -27.8427 0.599999
    endloop
  endfacet
  facet normal -0.947052 -0.32108 0
    outer loop
      vertex -81.179 -26.78 0.599999
      vertex -81.2147 -26.6747 4
      vertex -81.2147 -26.6747 0.599999
    endloop
  endfacet
  facet normal -0.947052 -0.32108 0
    outer loop
      vertex -81.2147 -26.6747 4
      vertex -81.179 -26.78 0.599999
      vertex -81.179 -26.78 4
    endloop
  endfacet
  facet normal -0.980788 -0.195079 0
    outer loop
      vertex -81.1573 -26.8891 0.599999
      vertex -81.179 -26.78 4
      vertex -81.179 -26.78 0.599999
    endloop
  endfacet
  facet normal -0.980788 -0.195079 0
    outer loop
      vertex -81.179 -26.78 4
      vertex -81.1573 -26.8891 0.599999
      vertex -81.1573 -26.8891 4
    endloop
  endfacet
  facet normal -0.751908 -0.659268 0
    outer loop
      vertex -81.3257 -26.4826 0.599999
      vertex -81.399 -26.399 4
      vertex -81.399 -26.399 0.599999
    endloop
  endfacet
  facet normal -0.751908 -0.659268 0
    outer loop
      vertex -81.399 -26.399 4
      vertex -81.3257 -26.4826 0.599999
      vertex -81.3257 -26.4826 4
    endloop
  endfacet
  facet normal -0.0656829 -0.997841 0
    outer loop
      vertex -82 -26.15 0.599999
      vertex -81.8891 -26.1573 4
      vertex -82 -26.15 4
    endloop
  endfacet
  facet normal -0.0656829 -0.997841 -0
    outer loop
      vertex -81.8891 -26.1573 4
      vertex -82 -26.15 0.599999
      vertex -81.8891 -26.1573 0.599999
    endloop
  endfacet
  facet normal -0.555323 -0.831635 0
    outer loop
      vertex -81.575 -26.2639 0.599999
      vertex -81.4826 -26.3256 4
      vertex -81.575 -26.2639 4
    endloop
  endfacet
  facet normal -0.555323 -0.831635 -0
    outer loop
      vertex -81.4826 -26.3256 4
      vertex -81.575 -26.2639 0.599999
      vertex -81.4826 -26.3256 0.599999
    endloop
  endfacet
  facet normal 0.980788 -0.195079 0
    outer loop
      vertex -82.8427 -26.8891 4
      vertex -82.821 -26.78 0.599999
      vertex -82.821 -26.78 4
    endloop
  endfacet
  facet normal 0.980788 -0.195079 0
    outer loop
      vertex -82.821 -26.78 0.599999
      vertex -82.8427 -26.8891 4
      vertex -82.8427 -26.8891 0.599999
    endloop
  endfacet
  facet normal 0.195079 -0.980788 0
    outer loop
      vertex -82.22 -26.179 0.599999
      vertex -82.1109 -26.1573 4
      vertex -82.22 -26.179 4
    endloop
  endfacet
  facet normal 0.195079 -0.980788 0
    outer loop
      vertex -82.1109 -26.1573 4
      vertex -82.22 -26.179 0.599999
      vertex -82.1109 -26.1573 0.599999
    endloop
  endfacet
  facet normal -0.997841 0.0656829 0
    outer loop
      vertex -81.1573 -27.1109 0.599999
      vertex -81.15 -27 4
      vertex -81.15 -27 0.599999
    endloop
  endfacet
  facet normal -0.997841 0.0656829 0
    outer loop
      vertex -81.15 -27 4
      vertex -81.1573 -27.1109 0.599999
      vertex -81.1573 -27.1109 4
    endloop
  endfacet
  facet normal -0.947052 0.32108 0
    outer loop
      vertex -81.2147 -27.3253 0.599999
      vertex -81.179 -27.22 4
      vertex -81.179 -27.22 0.599999
    endloop
  endfacet
  facet normal -0.947052 0.32108 0
    outer loop
      vertex -81.179 -27.22 4
      vertex -81.2147 -27.3253 0.599999
      vertex -81.2147 -27.3253 4
    endloop
  endfacet
  facet normal -0.980788 0.195079 0
    outer loop
      vertex -81.179 -27.22 0.599999
      vertex -81.1573 -27.1109 4
      vertex -81.1573 -27.1109 0.599999
    endloop
  endfacet
  facet normal -0.980788 0.195079 0
    outer loop
      vertex -81.1573 -27.1109 4
      vertex -81.179 -27.22 0.599999
      vertex -81.179 -27.22 4
    endloop
  endfacet
  facet normal -0.555323 0.831635 0
    outer loop
      vertex -81.4826 -27.6744 0.599999
      vertex -81.575 -27.7361 4
      vertex -81.4826 -27.6744 4
    endloop
  endfacet
  facet normal -0.555323 0.831635 0
    outer loop
      vertex -81.575 -27.7361 4
      vertex -81.4826 -27.6744 0.599999
      vertex -81.575 -27.7361 0.599999
    endloop
  endfacet
  facet normal -0.44253 0.896754 0
    outer loop
      vertex -81.575 -27.7361 0.599999
      vertex -81.6747 -27.7853 4
      vertex -81.575 -27.7361 4
    endloop
  endfacet
  facet normal -0.44253 0.896754 0
    outer loop
      vertex -81.6747 -27.7853 4
      vertex -81.575 -27.7361 0.599999
      vertex -81.6747 -27.7853 0.599999
    endloop
  endfacet
  facet normal 0.947052 -0.32108 0
    outer loop
      vertex -82.821 -26.78 4
      vertex -82.7853 -26.6747 0.599999
      vertex -82.7853 -26.6747 4
    endloop
  endfacet
  facet normal 0.947052 -0.32108 0
    outer loop
      vertex -82.7853 -26.6747 0.599999
      vertex -82.821 -26.78 4
      vertex -82.821 -26.78 0.599999
    endloop
  endfacet
  facet normal 0.659776 -0.751462 0
    outer loop
      vertex -82.601 -26.399 0.599999
      vertex -82.5174 -26.3256 4
      vertex -82.601 -26.399 4
    endloop
  endfacet
  facet normal 0.659776 -0.751462 0
    outer loop
      vertex -82.5174 -26.3256 4
      vertex -82.601 -26.399 0.599999
      vertex -82.5174 -26.3256 0.599999
    endloop
  endfacet
  facet normal -0.831219 0.555945 0
    outer loop
      vertex -81.3257 -27.5174 0.599999
      vertex -81.2639 -27.425 4
      vertex -81.2639 -27.425 0.599999
    endloop
  endfacet
  facet normal -0.831219 0.555945 0
    outer loop
      vertex -81.2639 -27.425 4
      vertex -81.3257 -27.5174 0.599999
      vertex -81.3257 -27.5174 4
    endloop
  endfacet
  facet normal 0.32108 0.947052 -0
    outer loop
      vertex -82.22 -27.821 0.599999
      vertex -82.3253 -27.7853 4
      vertex -82.22 -27.821 4
    endloop
  endfacet
  facet normal 0.32108 0.947052 0
    outer loop
      vertex -82.3253 -27.7853 4
      vertex -82.22 -27.821 0.599999
      vertex -82.3253 -27.7853 0.599999
    endloop
  endfacet
  facet normal 0.751908 0.659268 0
    outer loop
      vertex -82.601 -27.601 4
      vertex -82.6743 -27.5174 0.599999
      vertex -82.6743 -27.5174 4
    endloop
  endfacet
  facet normal 0.751908 0.659268 0
    outer loop
      vertex -82.6743 -27.5174 0.599999
      vertex -82.601 -27.601 4
      vertex -82.601 -27.601 0.599999
    endloop
  endfacet
  facet normal 0.997841 0.0656829 0
    outer loop
      vertex -82.8427 -27.1109 4
      vertex -82.85 -27 0.599999
      vertex -82.85 -27 4
    endloop
  endfacet
  facet normal 0.997841 0.0656829 0
    outer loop
      vertex -82.85 -27 0.599999
      vertex -82.8427 -27.1109 4
      vertex -82.8427 -27.1109 0.599999
    endloop
  endfacet
  facet normal 0.980788 0.195079 0
    outer loop
      vertex -82.821 -27.22 4
      vertex -82.8427 -27.1109 0.599999
      vertex -82.8427 -27.1109 4
    endloop
  endfacet
  facet normal 0.980788 0.195079 0
    outer loop
      vertex -82.8427 -27.1109 0.599999
      vertex -82.821 -27.22 4
      vertex -82.821 -27.22 0.599999
    endloop
  endfacet
  facet normal 0.947052 0.32108 0
    outer loop
      vertex -82.7853 -27.3253 4
      vertex -82.821 -27.22 0.599999
      vertex -82.821 -27.22 4
    endloop
  endfacet
  facet normal 0.947052 0.32108 0
    outer loop
      vertex -82.821 -27.22 0.599999
      vertex -82.7853 -27.3253 4
      vertex -82.7853 -27.3253 0.599999
    endloop
  endfacet
  facet normal -0.659776 0.751462 0
    outer loop
      vertex -81.399 -27.601 0.599999
      vertex -81.4826 -27.6744 4
      vertex -81.399 -27.601 4
    endloop
  endfacet
  facet normal -0.659776 0.751462 0
    outer loop
      vertex -81.4826 -27.6744 4
      vertex -81.399 -27.601 0.599999
      vertex -81.4826 -27.6744 0.599999
    endloop
  endfacet
  facet normal -0.32108 0.947052 0
    outer loop
      vertex -81.6747 -27.7853 0.599999
      vertex -81.78 -27.821 4
      vertex -81.6747 -27.7853 4
    endloop
  endfacet
  facet normal -0.32108 0.947052 0
    outer loop
      vertex -81.78 -27.821 4
      vertex -81.6747 -27.7853 0.599999
      vertex -81.78 -27.821 0.599999
    endloop
  endfacet
  facet normal -0.896754 0.44253 0
    outer loop
      vertex -81.2639 -27.425 0.599999
      vertex -81.2147 -27.3253 4
      vertex -81.2147 -27.3253 0.599999
    endloop
  endfacet
  facet normal -0.896754 0.44253 0
    outer loop
      vertex -81.2147 -27.3253 4
      vertex -81.2639 -27.425 0.599999
      vertex -81.2639 -27.425 4
    endloop
  endfacet
  facet normal 0.0656829 0.997841 -0
    outer loop
      vertex -82 -27.85 0.599999
      vertex -82.1109 -27.8427 4
      vertex -82 -27.85 4
    endloop
  endfacet
  facet normal 0.0656829 0.997841 0
    outer loop
      vertex -82.1109 -27.8427 4
      vertex -82 -27.85 0.599999
      vertex -82.1109 -27.8427 0.599999
    endloop
  endfacet
  facet normal 0.555323 0.831635 -0
    outer loop
      vertex -82.425 -27.7361 0.599999
      vertex -82.5174 -27.6744 4
      vertex -82.425 -27.7361 4
    endloop
  endfacet
  facet normal 0.555323 0.831635 0
    outer loop
      vertex -82.5174 -27.6744 4
      vertex -82.425 -27.7361 0.599999
      vertex -82.5174 -27.6744 0.599999
    endloop
  endfacet
  facet normal 0.195079 0.980788 -0
    outer loop
      vertex -82.1109 -27.8427 0.599999
      vertex -82.22 -27.821 4
      vertex -82.1109 -27.8427 4
    endloop
  endfacet
  facet normal 0.195079 0.980788 0
    outer loop
      vertex -82.22 -27.821 4
      vertex -82.1109 -27.8427 0.599999
      vertex -82.22 -27.821 0.599999
    endloop
  endfacet
  facet normal 0.659776 0.751462 -0
    outer loop
      vertex -82.5174 -27.6744 0.599999
      vertex -82.601 -27.601 4
      vertex -82.5174 -27.6744 4
    endloop
  endfacet
  facet normal 0.659776 0.751462 0
    outer loop
      vertex -82.601 -27.601 4
      vertex -82.5174 -27.6744 0.599999
      vertex -82.601 -27.601 0.599999
    endloop
  endfacet
  facet normal 0.896754 0.44253 0
    outer loop
      vertex -82.7361 -27.425 4
      vertex -82.7853 -27.3253 0.599999
      vertex -82.7853 -27.3253 4
    endloop
  endfacet
  facet normal 0.896754 0.44253 0
    outer loop
      vertex -82.7853 -27.3253 0.599999
      vertex -82.7361 -27.425 4
      vertex -82.7361 -27.425 0.599999
    endloop
  endfacet
  facet normal -0.751908 0.659268 0
    outer loop
      vertex -81.399 -27.601 0.599999
      vertex -81.3257 -27.5174 4
      vertex -81.3257 -27.5174 0.599999
    endloop
  endfacet
  facet normal -0.751908 0.659268 0
    outer loop
      vertex -81.3257 -27.5174 4
      vertex -81.399 -27.601 0.599999
      vertex -81.399 -27.601 4
    endloop
  endfacet
  facet normal 0.831219 0.555945 0
    outer loop
      vertex -82.6743 -27.5174 4
      vertex -82.7361 -27.425 0.599999
      vertex -82.7361 -27.425 4
    endloop
  endfacet
  facet normal 0.831219 0.555945 0
    outer loop
      vertex -82.7361 -27.425 0.599999
      vertex -82.6743 -27.5174 4
      vertex -82.6743 -27.5174 0.599999
    endloop
  endfacet
  facet normal 0.44253 0.896754 -0
    outer loop
      vertex -82.3253 -27.7853 0.599999
      vertex -82.425 -27.7361 4
      vertex -82.3253 -27.7853 4
    endloop
  endfacet
  facet normal 0.44253 0.896754 0
    outer loop
      vertex -82.425 -27.7361 4
      vertex -82.3253 -27.7853 0.599999
      vertex -82.425 -27.7361 0.599999
    endloop
  endfacet
  facet normal -0.997841 -0.0656829 0
    outer loop
      vertex 26.85 27 0.599999
      vertex 26.8427 27.1109 4
      vertex 26.8427 27.1109 0.599999
    endloop
  endfacet
  facet normal -0.997841 -0.0656829 0
    outer loop
      vertex 26.8427 27.1109 4
      vertex 26.85 27 0.599999
      vertex 26.85 27 4
    endloop
  endfacet
  facet normal 0.0656829 -0.997841 0
    outer loop
      vertex 25.8891 27.8427 0.599999
      vertex 26 27.85 4
      vertex 25.8891 27.8427 4
    endloop
  endfacet
  facet normal 0.0656829 -0.997841 0
    outer loop
      vertex 26 27.85 4
      vertex 25.8891 27.8427 0.599999
      vertex 26 27.85 0.599999
    endloop
  endfacet
  facet normal -0.659776 -0.751462 0
    outer loop
      vertex 26.5174 27.6744 0.599999
      vertex 26.601 27.601 4
      vertex 26.5174 27.6744 4
    endloop
  endfacet
  facet normal -0.659776 -0.751462 -0
    outer loop
      vertex 26.601 27.601 4
      vertex 26.5174 27.6744 0.599999
      vertex 26.601 27.601 0.599999
    endloop
  endfacet
  facet normal 0.751462 -0.659776 0
    outer loop
      vertex 25.3256 27.5174 4
      vertex 25.399 27.601 0.599999
      vertex 25.399 27.601 4
    endloop
  endfacet
  facet normal 0.751462 -0.659776 0
    outer loop
      vertex 25.399 27.601 0.599999
      vertex 25.3256 27.5174 4
      vertex 25.3256 27.5174 0.599999
    endloop
  endfacet
  facet normal 0.44253 -0.896754 0
    outer loop
      vertex 25.575 27.7361 0.599999
      vertex 25.6747 27.7853 4
      vertex 25.575 27.7361 4
    endloop
  endfacet
  facet normal 0.44253 -0.896754 0
    outer loop
      vertex 25.6747 27.7853 4
      vertex 25.575 27.7361 0.599999
      vertex 25.6747 27.7853 0.599999
    endloop
  endfacet
  facet normal -0.896754 -0.44253 0
    outer loop
      vertex 26.7853 27.3253 0.599999
      vertex 26.7361 27.425 4
      vertex 26.7361 27.425 0.599999
    endloop
  endfacet
  facet normal -0.896754 -0.44253 0
    outer loop
      vertex 26.7361 27.425 4
      vertex 26.7853 27.3253 0.599999
      vertex 26.7853 27.3253 4
    endloop
  endfacet
  facet normal -0.831635 -0.555323 0
    outer loop
      vertex 26.7361 27.425 0.599999
      vertex 26.6744 27.5174 4
      vertex 26.6744 27.5174 0.599999
    endloop
  endfacet
  facet normal -0.831635 -0.555323 0
    outer loop
      vertex 26.6744 27.5174 4
      vertex 26.7361 27.425 0.599999
      vertex 26.7361 27.425 4
    endloop
  endfacet
  facet normal -0.32108 -0.947052 0
    outer loop
      vertex 26.22 27.821 0.599999
      vertex 26.3253 27.7853 4
      vertex 26.22 27.821 4
    endloop
  endfacet
  facet normal -0.32108 -0.947052 -0
    outer loop
      vertex 26.3253 27.7853 4
      vertex 26.22 27.821 0.599999
      vertex 26.3253 27.7853 0.599999
    endloop
  endfacet
  facet normal -0.195079 -0.980788 0
    outer loop
      vertex 26.1109 27.8427 0.599999
      vertex 26.22 27.821 4
      vertex 26.1109 27.8427 4
    endloop
  endfacet
  facet normal -0.195079 -0.980788 -0
    outer loop
      vertex 26.22 27.821 4
      vertex 26.1109 27.8427 0.599999
      vertex 26.22 27.821 0.599999
    endloop
  endfacet
  facet normal -0.44253 -0.896754 0
    outer loop
      vertex 26.3253 27.7853 0.599999
      vertex 26.425 27.7361 4
      vertex 26.3253 27.7853 4
    endloop
  endfacet
  facet normal -0.44253 -0.896754 -0
    outer loop
      vertex 26.425 27.7361 4
      vertex 26.3253 27.7853 0.599999
      vertex 26.425 27.7361 0.599999
    endloop
  endfacet
  facet normal 0.947052 -0.32108 0
    outer loop
      vertex 25.179 27.22 4
      vertex 25.2147 27.3253 0.599999
      vertex 25.2147 27.3253 4
    endloop
  endfacet
  facet normal 0.947052 -0.32108 0
    outer loop
      vertex 25.2147 27.3253 0.599999
      vertex 25.179 27.22 4
      vertex 25.179 27.22 0.599999
    endloop
  endfacet
  facet normal 0.980788 -0.195079 0
    outer loop
      vertex 25.1573 27.1109 4
      vertex 25.179 27.22 0.599999
      vertex 25.179 27.22 4
    endloop
  endfacet
  facet normal 0.980788 -0.195079 0
    outer loop
      vertex 25.179 27.22 0.599999
      vertex 25.1573 27.1109 4
      vertex 25.1573 27.1109 0.599999
    endloop
  endfacet
  facet normal 0.555323 -0.831635 0
    outer loop
      vertex 25.4826 27.6744 0.599999
      vertex 25.575 27.7361 4
      vertex 25.4826 27.6744 4
    endloop
  endfacet
  facet normal 0.555323 -0.831635 0
    outer loop
      vertex 25.575 27.7361 4
      vertex 25.4826 27.6744 0.599999
      vertex 25.575 27.7361 0.599999
    endloop
  endfacet
  facet normal 0.32108 -0.947052 0
    outer loop
      vertex 25.6747 27.7853 0.599999
      vertex 25.78 27.821 4
      vertex 25.6747 27.7853 4
    endloop
  endfacet
  facet normal 0.32108 -0.947052 0
    outer loop
      vertex 25.78 27.821 4
      vertex 25.6747 27.7853 0.599999
      vertex 25.78 27.821 0.599999
    endloop
  endfacet
  facet normal -0.555323 0.831635 0
    outer loop
      vertex 26.5174 26.3256 0.599999
      vertex 26.425 26.2639 4
      vertex 26.5174 26.3256 4
    endloop
  endfacet
  facet normal -0.555323 0.831635 0
    outer loop
      vertex 26.425 26.2639 4
      vertex 26.5174 26.3256 0.599999
      vertex 26.425 26.2639 0.599999
    endloop
  endfacet
  facet normal -0.980788 0.195079 0
    outer loop
      vertex 26.821 26.78 0.599999
      vertex 26.8427 26.8891 4
      vertex 26.8427 26.8891 0.599999
    endloop
  endfacet
  facet normal -0.980788 0.195079 0
    outer loop
      vertex 26.8427 26.8891 4
      vertex 26.821 26.78 0.599999
      vertex 26.821 26.78 4
    endloop
  endfacet
  facet normal 0.195079 0.980788 -0
    outer loop
      vertex 25.8891 26.1573 0.599999
      vertex 25.78 26.179 4
      vertex 25.8891 26.1573 4
    endloop
  endfacet
  facet normal 0.195079 0.980788 0
    outer loop
      vertex 25.78 26.179 4
      vertex 25.8891 26.1573 0.599999
      vertex 25.78 26.179 0.599999
    endloop
  endfacet
  facet normal 0.831635 0.555323 0
    outer loop
      vertex 25.3256 26.4826 4
      vertex 25.2639 26.575 0.599999
      vertex 25.2639 26.575 4
    endloop
  endfacet
  facet normal 0.831635 0.555323 0
    outer loop
      vertex 25.2639 26.575 0.599999
      vertex 25.3256 26.4826 4
      vertex 25.3256 26.4826 0.599999
    endloop
  endfacet
  facet normal -0.947052 -0.32108 0
    outer loop
      vertex 26.821 27.22 0.599999
      vertex 26.7853 27.3253 4
      vertex 26.7853 27.3253 0.599999
    endloop
  endfacet
  facet normal -0.947052 -0.32108 0
    outer loop
      vertex 26.7853 27.3253 4
      vertex 26.821 27.22 0.599999
      vertex 26.821 27.22 4
    endloop
  endfacet
  facet normal -0.980788 -0.195079 0
    outer loop
      vertex 26.8427 27.1109 0.599999
      vertex 26.821 27.22 4
      vertex 26.821 27.22 0.599999
    endloop
  endfacet
  facet normal -0.980788 -0.195079 0
    outer loop
      vertex 26.821 27.22 4
      vertex 26.8427 27.1109 0.599999
      vertex 26.8427 27.1109 4
    endloop
  endfacet
  facet normal -0.751462 -0.659776 0
    outer loop
      vertex 26.6744 27.5174 0.599999
      vertex 26.601 27.601 4
      vertex 26.601 27.601 0.599999
    endloop
  endfacet
  facet normal -0.751462 -0.659776 0
    outer loop
      vertex 26.601 27.601 4
      vertex 26.6744 27.5174 0.599999
      vertex 26.6744 27.5174 4
    endloop
  endfacet
  facet normal -0.0656829 -0.997841 0
    outer loop
      vertex 26 27.85 0.599999
      vertex 26.1109 27.8427 4
      vertex 26 27.85 4
    endloop
  endfacet
  facet normal -0.0656829 -0.997841 -0
    outer loop
      vertex 26.1109 27.8427 4
      vertex 26 27.85 0.599999
      vertex 26.1109 27.8427 0.599999
    endloop
  endfacet
  facet normal -0.555323 -0.831635 0
    outer loop
      vertex 26.425 27.7361 0.599999
      vertex 26.5174 27.6744 4
      vertex 26.425 27.7361 4
    endloop
  endfacet
  facet normal -0.555323 -0.831635 -0
    outer loop
      vertex 26.5174 27.6744 4
      vertex 26.425 27.7361 0.599999
      vertex 26.5174 27.6744 0.599999
    endloop
  endfacet
  facet normal 0 0 1
    outer loop
      vertex 26.8427 27.1109 0.599999
      vertex 26.8427 26.8891 0.599999
      vertex 26.85 27 0.599999
    endloop
  endfacet
  facet normal 0 0 1
    outer loop
      vertex 26.821 27.22 0.599999
      vertex 26.8427 26.8891 0.599999
      vertex 26.8427 27.1109 0.599999
    endloop
  endfacet
  facet normal 0 0 1
    outer loop
      vertex 26.821 27.22 0.599999
      vertex 26.821 26.78 0.599999
      vertex 26.8427 26.8891 0.599999
    endloop
  endfacet
  facet normal 0 0 1
    outer loop
      vertex 26.7853 27.3253 0.599999
      vertex 26.821 26.78 0.599999
      vertex 26.821 27.22 0.599999
    endloop
  endfacet
  facet normal 0 0 1
    outer loop
      vertex 26.7853 27.3253 0.599999
      vertex 26.7853 26.6747 0.599999
      vertex 26.821 26.78 0.599999
    endloop
  endfacet
  facet normal 0 0 1
    outer loop
      vertex 26.7361 27.425 0.599999
      vertex 26.7853 26.6747 0.599999
      vertex 26.7853 27.3253 0.599999
    endloop
  endfacet
  facet normal 0 0 1
    outer loop
      vertex 26.7361 27.425 0.599999
      vertex 26.7361 26.575 0.599999
      vertex 26.7853 26.6747 0.599999
    endloop
  endfacet
  facet normal 0 0 1
    outer loop
      vertex 26.6744 27.5174 0.599999
      vertex 26.7361 26.575 0.599999
      vertex 26.7361 27.425 0.599999
    endloop
  endfacet
  facet normal 0 0 1
    outer loop
      vertex 26.6744 27.5174 0.599999
      vertex 26.6744 26.4826 0.599999
      vertex 26.7361 26.575 0.599999
    endloop
  endfacet
  facet normal 0 0 1
    outer loop
      vertex 26.601 27.601 0.599999
      vertex 26.6744 26.4826 0.599999
      vertex 26.6744 27.5174 0.599999
    endloop
  endfacet
  facet normal 0 0 1
    outer loop
      vertex 26.601 27.601 0.599999
      vertex 26.601 26.399 0.599999
      vertex 26.6744 26.4826 0.599999
    endloop
  endfacet
  facet normal 0 0 1
    outer loop
      vertex 26.5174 27.6744 0.599999
      vertex 26.601 26.399 0.599999
      vertex 26.601 27.601 0.599999
    endloop
  endfacet
  facet normal 0 0 1
    outer loop
      vertex 26.5174 27.6744 0.599999
      vertex 26.5174 26.3256 0.599999
      vertex 26.601 26.399 0.599999
    endloop
  endfacet
  facet normal 0 0 1
    outer loop
      vertex 26.425 27.7361 0.599999
      vertex 26.5174 26.3256 0.599999
      vertex 26.5174 27.6744 0.599999
    endloop
  endfacet
  facet normal 0 0 1
    outer loop
      vertex 26.425 27.7361 0.599999
      vertex 26.425 26.2639 0.599999
      vertex 26.5174 26.3256 0.599999
    endloop
  endfacet
  facet normal 0 0 1
    outer loop
      vertex 26.3253 27.7853 0.599999
      vertex 26.425 26.2639 0.599999
      vertex 26.425 27.7361 0.599999
    endloop
  endfacet
  facet normal 0 0 1
    outer loop
      vertex 26.3253 27.7853 0.599999
      vertex 26.3253 26.2147 0.599999
      vertex 26.425 26.2639 0.599999
    endloop
  endfacet
  facet normal 0 0 1
    outer loop
      vertex 26.22 27.821 0.599999
      vertex 26.3253 26.2147 0.599999
      vertex 26.3253 27.7853 0.599999
    endloop
  endfacet
  facet normal 0 0 1
    outer loop
      vertex 26.22 27.821 0.599999
      vertex 26.22 26.179 0.599999
      vertex 26.3253 26.2147 0.599999
    endloop
  endfacet
  facet normal 0 0 1
    outer loop
      vertex 26.1109 27.8427 0.599999
      vertex 26.22 26.179 0.599999
      vertex 26.22 27.821 0.599999
    endloop
  endfacet
  facet normal 0 0 1
    outer loop
      vertex 26.1109 27.8427 0.599999
      vertex 26.1109 26.1573 0.599999
      vertex 26.22 26.179 0.599999
    endloop
  endfacet
  facet normal 0 0 1
    outer loop
      vertex 26 27.85 0.599999
      vertex 26.1109 26.1573 0.599999
      vertex 26.1109 27.8427 0.599999
    endloop
  endfacet
  facet normal 0 0 1
    outer loop
      vertex 26 27.85 0.599999
      vertex 26 26.15 0.599999
      vertex 26.1109 26.1573 0.599999
    endloop
  endfacet
  facet normal -0 0 1
    outer loop
      vertex 25.8891 27.8427 0.599999
      vertex 26 26.15 0.599999
      vertex 26 27.85 0.599999
    endloop
  endfacet
  facet normal 0 0 1
    outer loop
      vertex 25.8891 27.8427 0.599999
      vertex 25.8891 26.1573 0.599999
      vertex 26 26.15 0.599999
    endloop
  endfacet
  facet normal -0 0 1
    outer loop
      vertex 25.78 27.821 0.599999
      vertex 25.8891 26.1573 0.599999
      vertex 25.8891 27.8427 0.599999
    endloop
  endfacet
  facet normal 0 0 1
    outer loop
      vertex 25.78 27.821 0.599999
      vertex 25.78 26.179 0.599999
      vertex 25.8891 26.1573 0.599999
    endloop
  endfacet
  facet normal -0 0 1
    outer loop
      vertex 25.6747 27.7853 0.599999
      vertex 25.78 26.179 0.599999
      vertex 25.78 27.821 0.599999
    endloop
  endfacet
  facet normal 0 0 1
    outer loop
      vertex 25.6747 27.7853 0.599999
      vertex 25.6747 26.2147 0.599999
      vertex 25.78 26.179 0.599999
    endloop
  endfacet
  facet normal -0 0 1
    outer loop
      vertex 25.575 27.7361 0.599999
      vertex 25.6747 26.2147 0.599999
      vertex 25.6747 27.7853 0.599999
    endloop
  endfacet
  facet normal 0 0 1
    outer loop
      vertex 25.575 27.7361 0.599999
      vertex 25.575 26.2639 0.599999
      vertex 25.6747 26.2147 0.599999
    endloop
  endfacet
  facet normal -0 0 1
    outer loop
      vertex 25.4826 27.6744 0.599999
      vertex 25.575 26.2639 0.599999
      vertex 25.575 27.7361 0.599999
    endloop
  endfacet
  facet normal 0 0 1
    outer loop
      vertex 25.4826 27.6744 0.599999
      vertex 25.4826 26.3256 0.599999
      vertex 25.575 26.2639 0.599999
    endloop
  endfacet
  facet normal -0 0 1
    outer loop
      vertex 25.399 27.601 0.599999
      vertex 25.4826 26.3256 0.599999
      vertex 25.4826 27.6744 0.599999
    endloop
  endfacet
  facet normal 0 0 1
    outer loop
      vertex 25.399 27.601 0.599999
      vertex 25.399 26.399 0.599999
      vertex 25.4826 26.3256 0.599999
    endloop
  endfacet
  facet normal -0 0 1
    outer loop
      vertex 25.3256 27.5174 0.599999
      vertex 25.399 26.399 0.599999
      vertex 25.399 27.601 0.599999
    endloop
  endfacet
  facet normal 0 0 1
    outer loop
      vertex 25.3256 27.5174 0.599999
      vertex 25.3256 26.4826 0.599999
      vertex 25.399 26.399 0.599999
    endloop
  endfacet
  facet normal -0 0 1
    outer loop
      vertex 25.2639 27.425 0.599999
      vertex 25.3256 26.4826 0.599999
      vertex 25.3256 27.5174 0.599999
    endloop
  endfacet
  facet normal 0 0 1
    outer loop
      vertex 25.2639 27.425 0.599999
      vertex 25.2639 26.575 0.599999
      vertex 25.3256 26.4826 0.599999
    endloop
  endfacet
  facet normal -0 0 1
    outer loop
      vertex 25.2147 27.3253 0.599999
      vertex 25.2639 26.575 0.599999
      vertex 25.2639 27.425 0.599999
    endloop
  endfacet
  facet normal 0 0 1
    outer loop
      vertex 25.2147 27.3253 0.599999
      vertex 25.2147 26.6747 0.599999
      vertex 25.2639 26.575 0.599999
    endloop
  endfacet
  facet normal -0 0 1
    outer loop
      vertex 25.179 27.22 0.599999
      vertex 25.2147 26.6747 0.599999
      vertex 25.2147 27.3253 0.599999
    endloop
  endfacet
  facet normal 0 0 1
    outer loop
      vertex 25.179 27.22 0.599999
      vertex 25.179 26.78 0.599999
      vertex 25.2147 26.6747 0.599999
    endloop
  endfacet
  facet normal -0 0 1
    outer loop
      vertex 25.1573 27.1109 0.599999
      vertex 25.179 26.78 0.599999
      vertex 25.179 27.22 0.599999
    endloop
  endfacet
  facet normal 0 0 1
    outer loop
      vertex 25.1573 27.1109 0.599999
      vertex 25.1573 26.8891 0.599999
      vertex 25.179 26.78 0.599999
    endloop
  endfacet
  facet normal 0 -0 1
    outer loop
      vertex 25.1573 26.8891 0.599999
      vertex 25.1573 27.1109 0.599999
      vertex 25.15 27 0.599999
    endloop
  endfacet
  facet normal 0.896754 -0.44253 0
    outer loop
      vertex 25.2147 27.3253 4
      vertex 25.2639 27.425 0.599999
      vertex 25.2639 27.425 4
    endloop
  endfacet
  facet normal 0.896754 -0.44253 0
    outer loop
      vertex 25.2639 27.425 0.599999
      vertex 25.2147 27.3253 4
      vertex 25.2147 27.3253 0.599999
    endloop
  endfacet
  facet normal 0.831635 -0.555323 0
    outer loop
      vertex 25.2639 27.425 4
      vertex 25.3256 27.5174 0.599999
      vertex 25.3256 27.5174 4
    endloop
  endfacet
  facet normal 0.831635 -0.555323 0
    outer loop
      vertex 25.3256 27.5174 0.599999
      vertex 25.2639 27.425 4
      vertex 25.2639 27.425 0.599999
    endloop
  endfacet
  facet normal 0.997841 -0.0656829 0
    outer loop
      vertex 25.15 27 4
      vertex 25.1573 27.1109 0.599999
      vertex 25.1573 27.1109 4
    endloop
  endfacet
  facet normal 0.997841 -0.0656829 0
    outer loop
      vertex 25.1573 27.1109 0.599999
      vertex 25.15 27 4
      vertex 25.15 27 0.599999
    endloop
  endfacet
  facet normal 0.659776 -0.751462 0
    outer loop
      vertex 25.399 27.601 0.599999
      vertex 25.4826 27.6744 4
      vertex 25.399 27.601 4
    endloop
  endfacet
  facet normal 0.659776 -0.751462 0
    outer loop
      vertex 25.4826 27.6744 4
      vertex 25.399 27.601 0.599999
      vertex 25.4826 27.6744 0.599999
    endloop
  endfacet
  facet normal 0.195079 -0.980788 0
    outer loop
      vertex 25.78 27.821 0.599999
      vertex 25.8891 27.8427 4
      vertex 25.78 27.821 4
    endloop
  endfacet
  facet normal 0.195079 -0.980788 0
    outer loop
      vertex 25.8891 27.8427 4
      vertex 25.78 27.821 0.599999
      vertex 25.8891 27.8427 0.599999
    endloop
  endfacet
  facet normal -0.997841 0.0656829 0
    outer loop
      vertex 26.8427 26.8891 0.599999
      vertex 26.85 27 4
      vertex 26.85 27 0.599999
    endloop
  endfacet
  facet normal -0.997841 0.0656829 0
    outer loop
      vertex 26.85 27 4
      vertex 26.8427 26.8891 0.599999
      vertex 26.8427 26.8891 4
    endloop
  endfacet
  facet normal -0.195079 0.980788 0
    outer loop
      vertex 26.22 26.179 0.599999
      vertex 26.1109 26.1573 4
      vertex 26.22 26.179 4
    endloop
  endfacet
  facet normal -0.195079 0.980788 0
    outer loop
      vertex 26.1109 26.1573 4
      vertex 26.22 26.179 0.599999
      vertex 26.1109 26.1573 0.599999
    endloop
  endfacet
  facet normal -0.44253 0.896754 0
    outer loop
      vertex 26.425 26.2639 0.599999
      vertex 26.3253 26.2147 4
      vertex 26.425 26.2639 4
    endloop
  endfacet
  facet normal -0.44253 0.896754 0
    outer loop
      vertex 26.3253 26.2147 4
      vertex 26.425 26.2639 0.599999
      vertex 26.3253 26.2147 0.599999
    endloop
  endfacet
  facet normal -0.659776 0.751462 0
    outer loop
      vertex 26.601 26.399 0.599999
      vertex 26.5174 26.3256 4
      vertex 26.601 26.399 4
    endloop
  endfacet
  facet normal -0.659776 0.751462 0
    outer loop
      vertex 26.5174 26.3256 4
      vertex 26.601 26.399 0.599999
      vertex 26.5174 26.3256 0.599999
    endloop
  endfacet
  facet normal -0.831635 0.555323 0
    outer loop
      vertex 26.6744 26.4826 0.599999
      vertex 26.7361 26.575 4
      vertex 26.7361 26.575 0.599999
    endloop
  endfacet
  facet normal -0.831635 0.555323 0
    outer loop
      vertex 26.7361 26.575 4
      vertex 26.6744 26.4826 0.599999
      vertex 26.6744 26.4826 4
    endloop
  endfacet
  facet normal 0.555323 0.831635 -0
    outer loop
      vertex 25.575 26.2639 0.599999
      vertex 25.4826 26.3256 4
      vertex 25.575 26.2639 4
    endloop
  endfacet
  facet normal 0.555323 0.831635 0
    outer loop
      vertex 25.4826 26.3256 4
      vertex 25.575 26.2639 0.599999
      vertex 25.4826 26.3256 0.599999
    endloop
  endfacet
  facet normal 0.32108 0.947052 -0
    outer loop
      vertex 25.78 26.179 0.599999
      vertex 25.6747 26.2147 4
      vertex 25.78 26.179 4
    endloop
  endfacet
  facet normal 0.32108 0.947052 0
    outer loop
      vertex 25.6747 26.2147 4
      vertex 25.78 26.179 0.599999
      vertex 25.6747 26.2147 0.599999
    endloop
  endfacet
  facet normal 0.0656829 0.997841 -0
    outer loop
      vertex 26 26.15 0.599999
      vertex 25.8891 26.1573 4
      vertex 26 26.15 4
    endloop
  endfacet
  facet normal 0.0656829 0.997841 0
    outer loop
      vertex 25.8891 26.1573 4
      vertex 26 26.15 0.599999
      vertex 25.8891 26.1573 0.599999
    endloop
  endfacet
  facet normal 0.751462 0.659776 0
    outer loop
      vertex 25.399 26.399 4
      vertex 25.3256 26.4826 0.599999
      vertex 25.3256 26.4826 4
    endloop
  endfacet
  facet normal 0.751462 0.659776 0
    outer loop
      vertex 25.3256 26.4826 0.599999
      vertex 25.399 26.399 4
      vertex 25.399 26.399 0.599999
    endloop
  endfacet
  facet normal 0.896754 0.44253 0
    outer loop
      vertex 25.2639 26.575 4
      vertex 25.2147 26.6747 0.599999
      vertex 25.2147 26.6747 4
    endloop
  endfacet
  facet normal 0.896754 0.44253 0
    outer loop
      vertex 25.2147 26.6747 0.599999
      vertex 25.2639 26.575 4
      vertex 25.2639 26.575 0.599999
    endloop
  endfacet
  facet normal 0.980788 0.195079 0
    outer loop
      vertex 25.179 26.78 4
      vertex 25.1573 26.8891 0.599999
      vertex 25.1573 26.8891 4
    endloop
  endfacet
  facet normal 0.980788 0.195079 0
    outer loop
      vertex 25.1573 26.8891 0.599999
      vertex 25.179 26.78 4
      vertex 25.179 26.78 0.599999
    endloop
  endfacet
  facet normal 0.997841 0.0656829 0
    outer loop
      vertex 25.1573 26.8891 4
      vertex 25.15 27 0.599999
      vertex 25.15 27 4
    endloop
  endfacet
  facet normal 0.997841 0.0656829 0
    outer loop
      vertex 25.15 27 0.599999
      vertex 25.1573 26.8891 4
      vertex 25.1573 26.8891 0.599999
    endloop
  endfacet
  facet normal -0.947052 0.32108 0
    outer loop
      vertex 26.7853 26.6747 0.599999
      vertex 26.821 26.78 4
      vertex 26.821 26.78 0.599999
    endloop
  endfacet
  facet normal -0.947052 0.32108 0
    outer loop
      vertex 26.821 26.78 4
      vertex 26.7853 26.6747 0.599999
      vertex 26.7853 26.6747 4
    endloop
  endfacet
  facet normal -0.32108 0.947052 0
    outer loop
      vertex 26.3253 26.2147 0.599999
      vertex 26.22 26.179 4
      vertex 26.3253 26.2147 4
    endloop
  endfacet
  facet normal -0.32108 0.947052 0
    outer loop
      vertex 26.22 26.179 4
      vertex 26.3253 26.2147 0.599999
      vertex 26.22 26.179 0.599999
    endloop
  endfacet
  facet normal -0.751462 0.659776 0
    outer loop
      vertex 26.601 26.399 0.599999
      vertex 26.6744 26.4826 4
      vertex 26.6744 26.4826 0.599999
    endloop
  endfacet
  facet normal -0.751462 0.659776 0
    outer loop
      vertex 26.6744 26.4826 4
      vertex 26.601 26.399 0.599999
      vertex 26.601 26.399 4
    endloop
  endfacet
  facet normal 0.44253 0.896754 -0
    outer loop
      vertex 25.6747 26.2147 0.599999
      vertex 25.575 26.2639 4
      vertex 25.6747 26.2147 4
    endloop
  endfacet
  facet normal 0.44253 0.896754 0
    outer loop
      vertex 25.575 26.2639 4
      vertex 25.6747 26.2147 0.599999
      vertex 25.575 26.2639 0.599999
    endloop
  endfacet
  facet normal -0.0656829 0.997841 0
    outer loop
      vertex 26.1109 26.1573 0.599999
      vertex 26 26.15 4
      vertex 26.1109 26.1573 4
    endloop
  endfacet
  facet normal -0.0656829 0.997841 0
    outer loop
      vertex 26 26.15 4
      vertex 26.1109 26.1573 0.599999
      vertex 26 26.15 0.599999
    endloop
  endfacet
  facet normal 0.659776 0.751462 -0
    outer loop
      vertex 25.4826 26.3256 0.599999
      vertex 25.399 26.399 4
      vertex 25.4826 26.3256 4
    endloop
  endfacet
  facet normal 0.659776 0.751462 0
    outer loop
      vertex 25.399 26.399 4
      vertex 25.4826 26.3256 0.599999
      vertex 25.399 26.399 0.599999
    endloop
  endfacet
  facet normal 0.947052 0.32108 0
    outer loop
      vertex 25.2147 26.6747 4
      vertex 25.179 26.78 0.599999
      vertex 25.179 26.78 4
    endloop
  endfacet
  facet normal 0.947052 0.32108 0
    outer loop
      vertex 25.179 26.78 0.599999
      vertex 25.2147 26.6747 4
      vertex 25.2147 26.6747 0.599999
    endloop
  endfacet
  facet normal -0.896754 0.44253 0
    outer loop
      vertex 26.7361 26.575 0.599999
      vertex 26.7853 26.6747 4
      vertex 26.7853 26.6747 0.599999
    endloop
  endfacet
  facet normal -0.896754 0.44253 0
    outer loop
      vertex 26.7853 26.6747 4
      vertex 26.7361 26.575 0.599999
      vertex 26.7361 26.575 4
    endloop
  endfacet
  facet normal -0.997841 -0.0656829 0
    outer loop
      vertex 26.85 -27 0.599999
      vertex 26.8427 -26.8891 4
      vertex 26.8427 -26.8891 0.599999
    endloop
  endfacet
  facet normal -0.997841 -0.0656829 0
    outer loop
      vertex 26.8427 -26.8891 4
      vertex 26.85 -27 0.599999
      vertex 26.85 -27 4
    endloop
  endfacet
  facet normal 0.997841 -0.0656829 0
    outer loop
      vertex 25.15 -27 4
      vertex 25.1573 -26.8891 0.599999
      vertex 25.1573 -26.8891 4
    endloop
  endfacet
  facet normal 0.997841 -0.0656829 0
    outer loop
      vertex 25.1573 -26.8891 0.599999
      vertex 25.15 -27 4
      vertex 25.15 -27 0.599999
    endloop
  endfacet
  facet normal 0.0656829 -0.997841 0
    outer loop
      vertex 25.8891 -26.1573 0.599999
      vertex 26 -26.15 4
      vertex 25.8891 -26.1573 4
    endloop
  endfacet
  facet normal 0.0656829 -0.997841 0
    outer loop
      vertex 26 -26.15 4
      vertex 25.8891 -26.1573 0.599999
      vertex 26 -26.15 0.599999
    endloop
  endfacet
  facet normal -0.0656829 0.997841 0
    outer loop
      vertex 26.1109 -27.8427 0.599999
      vertex 26 -27.85 4
      vertex 26.1109 -27.8427 4
    endloop
  endfacet
  facet normal -0.0656829 0.997841 0
    outer loop
      vertex 26 -27.85 4
      vertex 26.1109 -27.8427 0.599999
      vertex 26 -27.85 0.599999
    endloop
  endfacet
  facet normal -0.659776 -0.751462 0
    outer loop
      vertex 26.5174 -26.3256 0.599999
      vertex 26.601 -26.399 4
      vertex 26.5174 -26.3256 4
    endloop
  endfacet
  facet normal -0.659776 -0.751462 -0
    outer loop
      vertex 26.601 -26.399 4
      vertex 26.5174 -26.3256 0.599999
      vertex 26.601 -26.399 0.599999
    endloop
  endfacet
  facet normal 0.751462 -0.659776 0
    outer loop
      vertex 25.3256 -26.4826 4
      vertex 25.399 -26.399 0.599999
      vertex 25.399 -26.399 4
    endloop
  endfacet
  facet normal 0.751462 -0.659776 0
    outer loop
      vertex 25.399 -26.399 0.599999
      vertex 25.3256 -26.4826 4
      vertex 25.3256 -26.4826 0.599999
    endloop
  endfacet
  facet normal 0.44253 -0.896754 0
    outer loop
      vertex 25.575 -26.2639 0.599999
      vertex 25.6747 -26.2147 4
      vertex 25.575 -26.2639 4
    endloop
  endfacet
  facet normal 0.44253 -0.896754 0
    outer loop
      vertex 25.6747 -26.2147 4
      vertex 25.575 -26.2639 0.599999
      vertex 25.6747 -26.2147 0.599999
    endloop
  endfacet
  facet normal -0.896754 -0.44253 0
    outer loop
      vertex 26.7853 -26.6747 0.599999
      vertex 26.7361 -26.575 4
      vertex 26.7361 -26.575 0.599999
    endloop
  endfacet
  facet normal -0.896754 -0.44253 0
    outer loop
      vertex 26.7361 -26.575 4
      vertex 26.7853 -26.6747 0.599999
      vertex 26.7853 -26.6747 4
    endloop
  endfacet
  facet normal -0.831635 -0.555323 0
    outer loop
      vertex 26.7361 -26.575 0.599999
      vertex 26.6744 -26.4826 4
      vertex 26.6744 -26.4826 0.599999
    endloop
  endfacet
  facet normal -0.831635 -0.555323 0
    outer loop
      vertex 26.6744 -26.4826 4
      vertex 26.7361 -26.575 0.599999
      vertex 26.7361 -26.575 4
    endloop
  endfacet
  facet normal -0.32108 -0.947052 0
    outer loop
      vertex 26.22 -26.179 0.599999
      vertex 26.3253 -26.2147 4
      vertex 26.22 -26.179 4
    endloop
  endfacet
  facet normal -0.32108 -0.947052 -0
    outer loop
      vertex 26.3253 -26.2147 4
      vertex 26.22 -26.179 0.599999
      vertex 26.3253 -26.2147 0.599999
    endloop
  endfacet
  facet normal -0.195079 -0.980788 0
    outer loop
      vertex 26.1109 -26.1573 0.599999
      vertex 26.22 -26.179 4
      vertex 26.1109 -26.1573 4
    endloop
  endfacet
  facet normal -0.195079 -0.980788 -0
    outer loop
      vertex 26.22 -26.179 4
      vertex 26.1109 -26.1573 0.599999
      vertex 26.22 -26.179 0.599999
    endloop
  endfacet
  facet normal -0.44253 -0.896754 0
    outer loop
      vertex 26.3253 -26.2147 0.599999
      vertex 26.425 -26.2639 4
      vertex 26.3253 -26.2147 4
    endloop
  endfacet
  facet normal -0.44253 -0.896754 -0
    outer loop
      vertex 26.425 -26.2639 4
      vertex 26.3253 -26.2147 0.599999
      vertex 26.425 -26.2639 0.599999
    endloop
  endfacet
  facet normal 0.896754 -0.44253 0
    outer loop
      vertex 25.2147 -26.6747 4
      vertex 25.2639 -26.575 0.599999
      vertex 25.2639 -26.575 4
    endloop
  endfacet
  facet normal 0.896754 -0.44253 0
    outer loop
      vertex 25.2639 -26.575 0.599999
      vertex 25.2147 -26.6747 4
      vertex 25.2147 -26.6747 0.599999
    endloop
  endfacet
  facet normal 0.831635 -0.555323 0
    outer loop
      vertex 25.2639 -26.575 4
      vertex 25.3256 -26.4826 0.599999
      vertex 25.3256 -26.4826 4
    endloop
  endfacet
  facet normal 0.831635 -0.555323 0
    outer loop
      vertex 25.3256 -26.4826 0.599999
      vertex 25.2639 -26.575 4
      vertex 25.2639 -26.575 0.599999
    endloop
  endfacet
  facet normal 0.555323 -0.831635 0
    outer loop
      vertex 25.4826 -26.3256 0.599999
      vertex 25.575 -26.2639 4
      vertex 25.4826 -26.3256 4
    endloop
  endfacet
  facet normal 0.555323 -0.831635 0
    outer loop
      vertex 25.575 -26.2639 4
      vertex 25.4826 -26.3256 0.599999
      vertex 25.575 -26.2639 0.599999
    endloop
  endfacet
  facet normal 0.32108 -0.947052 0
    outer loop
      vertex 25.6747 -26.2147 0.599999
      vertex 25.78 -26.179 4
      vertex 25.6747 -26.2147 4
    endloop
  endfacet
  facet normal 0.32108 -0.947052 0
    outer loop
      vertex 25.78 -26.179 4
      vertex 25.6747 -26.2147 0.599999
      vertex 25.78 -26.179 0.599999
    endloop
  endfacet
  facet normal 0 0 1
    outer loop
      vertex 26.8427 -26.8891 0.599999
      vertex 26.8427 -27.1109 0.599999
      vertex 26.85 -27 0.599999
    endloop
  endfacet
  facet normal 0 0 1
    outer loop
      vertex 26.821 -26.78 0.599999
      vertex 26.8427 -27.1109 0.599999
      vertex 26.8427 -26.8891 0.599999
    endloop
  endfacet
  facet normal 0 0 1
    outer loop
      vertex 26.821 -26.78 0.599999
      vertex 26.821 -27.22 0.599999
      vertex 26.8427 -27.1109 0.599999
    endloop
  endfacet
  facet normal 0 0 1
    outer loop
      vertex 26.7853 -26.6747 0.599999
      vertex 26.821 -27.22 0.599999
      vertex 26.821 -26.78 0.599999
    endloop
  endfacet
  facet normal 0 0 1
    outer loop
      vertex 26.7853 -26.6747 0.599999
      vertex 26.7853 -27.3253 0.599999
      vertex 26.821 -27.22 0.599999
    endloop
  endfacet
  facet normal 0 0 1
    outer loop
      vertex 26.7361 -26.575 0.599999
      vertex 26.7853 -27.3253 0.599999
      vertex 26.7853 -26.6747 0.599999
    endloop
  endfacet
  facet normal 0 0 1
    outer loop
      vertex 26.7361 -26.575 0.599999
      vertex 26.7361 -27.425 0.599999
      vertex 26.7853 -27.3253 0.599999
    endloop
  endfacet
  facet normal 0 0 1
    outer loop
      vertex 26.6744 -26.4826 0.599999
      vertex 26.7361 -27.425 0.599999
      vertex 26.7361 -26.575 0.599999
    endloop
  endfacet
  facet normal 0 0 1
    outer loop
      vertex 26.6744 -26.4826 0.599999
      vertex 26.6744 -27.5174 0.599999
      vertex 26.7361 -27.425 0.599999
    endloop
  endfacet
  facet normal 0 0 1
    outer loop
      vertex 26.601 -26.399 0.599999
      vertex 26.6744 -27.5174 0.599999
      vertex 26.6744 -26.4826 0.599999
    endloop
  endfacet
  facet normal 0 0 1
    outer loop
      vertex 26.601 -26.399 0.599999
      vertex 26.601 -27.601 0.599999
      vertex 26.6744 -27.5174 0.599999
    endloop
  endfacet
  facet normal 0 0 1
    outer loop
      vertex 26.5174 -26.3256 0.599999
      vertex 26.601 -27.601 0.599999
      vertex 26.601 -26.399 0.599999
    endloop
  endfacet
  facet normal 0 0 1
    outer loop
      vertex 26.5174 -26.3256 0.599999
      vertex 26.5174 -27.6744 0.599999
      vertex 26.601 -27.601 0.599999
    endloop
  endfacet
  facet normal 0 0 1
    outer loop
      vertex 26.425 -26.2639 0.599999
      vertex 26.5174 -27.6744 0.599999
      vertex 26.5174 -26.3256 0.599999
    endloop
  endfacet
  facet normal 0 0 1
    outer loop
      vertex 26.425 -26.2639 0.599999
      vertex 26.425 -27.7361 0.599999
      vertex 26.5174 -27.6744 0.599999
    endloop
  endfacet
  facet normal 0 0 1
    outer loop
      vertex 26.3253 -26.2147 0.599999
      vertex 26.425 -27.7361 0.599999
      vertex 26.425 -26.2639 0.599999
    endloop
  endfacet
  facet normal 0 0 1
    outer loop
      vertex 26.3253 -26.2147 0.599999
      vertex 26.3253 -27.7853 0.599999
      vertex 26.425 -27.7361 0.599999
    endloop
  endfacet
  facet normal 0 0 1
    outer loop
      vertex 26.22 -26.179 0.599999
      vertex 26.3253 -27.7853 0.599999
      vertex 26.3253 -26.2147 0.599999
    endloop
  endfacet
  facet normal 0 0 1
    outer loop
      vertex 26.22 -26.179 0.599999
      vertex 26.22 -27.821 0.599999
      vertex 26.3253 -27.7853 0.599999
    endloop
  endfacet
  facet normal 0 0 1
    outer loop
      vertex 26.1109 -26.1573 0.599999
      vertex 26.22 -27.821 0.599999
      vertex 26.22 -26.179 0.599999
    endloop
  endfacet
  facet normal 0 0 1
    outer loop
      vertex 26.1109 -26.1573 0.599999
      vertex 26.1109 -27.8427 0.599999
      vertex 26.22 -27.821 0.599999
    endloop
  endfacet
  facet normal 0 0 1
    outer loop
      vertex 26 -26.15 0.599999
      vertex 26.1109 -27.8427 0.599999
      vertex 26.1109 -26.1573 0.599999
    endloop
  endfacet
  facet normal 0 0 1
    outer loop
      vertex 26 -26.15 0.599999
      vertex 26 -27.85 0.599999
      vertex 26.1109 -27.8427 0.599999
    endloop
  endfacet
  facet normal -0 0 1
    outer loop
      vertex 25.8891 -26.1573 0.599999
      vertex 26 -27.85 0.599999
      vertex 26 -26.15 0.599999
    endloop
  endfacet
  facet normal 0 0 1
    outer loop
      vertex 25.8891 -26.1573 0.599999
      vertex 25.8891 -27.8427 0.599999
      vertex 26 -27.85 0.599999
    endloop
  endfacet
  facet normal -0 0 1
    outer loop
      vertex 25.78 -26.179 0.599999
      vertex 25.8891 -27.8427 0.599999
      vertex 25.8891 -26.1573 0.599999
    endloop
  endfacet
  facet normal 0 0 1
    outer loop
      vertex 25.78 -26.179 0.599999
      vertex 25.78 -27.821 0.599999
      vertex 25.8891 -27.8427 0.599999
    endloop
  endfacet
  facet normal -0 0 1
    outer loop
      vertex 25.6747 -26.2147 0.599999
      vertex 25.78 -27.821 0.599999
      vertex 25.78 -26.179 0.599999
    endloop
  endfacet
  facet normal 0 0 1
    outer loop
      vertex 25.6747 -26.2147 0.599999
      vertex 25.6747 -27.7853 0.599999
      vertex 25.78 -27.821 0.599999
    endloop
  endfacet
  facet normal -0 0 1
    outer loop
      vertex 25.575 -26.2639 0.599999
      vertex 25.6747 -27.7853 0.599999
      vertex 25.6747 -26.2147 0.599999
    endloop
  endfacet
  facet normal 0 0 1
    outer loop
      vertex 25.575 -26.2639 0.599999
      vertex 25.575 -27.7361 0.599999
      vertex 25.6747 -27.7853 0.599999
    endloop
  endfacet
  facet normal -0 0 1
    outer loop
      vertex 25.4826 -26.3256 0.599999
      vertex 25.575 -27.7361 0.599999
      vertex 25.575 -26.2639 0.599999
    endloop
  endfacet
  facet normal 0 0 1
    outer loop
      vertex 25.4826 -26.3256 0.599999
      vertex 25.4826 -27.6744 0.599999
      vertex 25.575 -27.7361 0.599999
    endloop
  endfacet
  facet normal -0 0 1
    outer loop
      vertex 25.399 -26.399 0.599999
      vertex 25.4826 -27.6744 0.599999
      vertex 25.4826 -26.3256 0.599999
    endloop
  endfacet
  facet normal 0 0 1
    outer loop
      vertex 25.399 -26.399 0.599999
      vertex 25.399 -27.601 0.599999
      vertex 25.4826 -27.6744 0.599999
    endloop
  endfacet
  facet normal -0 0 1
    outer loop
      vertex 25.3256 -26.4826 0.599999
      vertex 25.399 -27.601 0.599999
      vertex 25.399 -26.399 0.599999
    endloop
  endfacet
  facet normal 0 0 1
    outer loop
      vertex 25.3256 -26.4826 0.599999
      vertex 25.3256 -27.5174 0.599999
      vertex 25.399 -27.601 0.599999
    endloop
  endfacet
  facet normal -0 0 1
    outer loop
      vertex 25.2639 -26.575 0.599999
      vertex 25.3256 -27.5174 0.599999
      vertex 25.3256 -26.4826 0.599999
    endloop
  endfacet
  facet normal 0 0 1
    outer loop
      vertex 25.2639 -26.575 0.599999
      vertex 25.2639 -27.425 0.599999
      vertex 25.3256 -27.5174 0.599999
    endloop
  endfacet
  facet normal -0 0 1
    outer loop
      vertex 25.2147 -26.6747 0.599999
      vertex 25.2639 -27.425 0.599999
      vertex 25.2639 -26.575 0.599999
    endloop
  endfacet
  facet normal 0 0 1
    outer loop
      vertex 25.2147 -26.6747 0.599999
      vertex 25.2147 -27.3253 0.599999
      vertex 25.2639 -27.425 0.599999
    endloop
  endfacet
  facet normal -0 0 1
    outer loop
      vertex 25.179 -26.78 0.599999
      vertex 25.2147 -27.3253 0.599999
      vertex 25.2147 -26.6747 0.599999
    endloop
  endfacet
  facet normal 0 0 1
    outer loop
      vertex 25.179 -26.78 0.599999
      vertex 25.179 -27.22 0.599999
      vertex 25.2147 -27.3253 0.599999
    endloop
  endfacet
  facet normal -0 0 1
    outer loop
      vertex 25.1573 -26.8891 0.599999
      vertex 25.179 -27.22 0.599999
      vertex 25.179 -26.78 0.599999
    endloop
  endfacet
  facet normal 0 0 1
    outer loop
      vertex 25.1573 -26.8891 0.599999
      vertex 25.1573 -27.1109 0.599999
      vertex 25.179 -27.22 0.599999
    endloop
  endfacet
  facet normal 0 -0 1
    outer loop
      vertex 25.1573 -27.1109 0.599999
      vertex 25.1573 -26.8891 0.599999
      vertex 25.15 -27 0.599999
    endloop
  endfacet
  facet normal -0.195079 0.980788 0
    outer loop
      vertex 26.22 -27.821 0.599999
      vertex 26.1109 -27.8427 4
      vertex 26.22 -27.821 4
    endloop
  endfacet
  facet normal -0.195079 0.980788 0
    outer loop
      vertex 26.1109 -27.8427 4
      vertex 26.22 -27.821 0.599999
      vertex 26.1109 -27.8427 0.599999
    endloop
  endfacet
  facet normal -0.947052 -0.32108 0
    outer loop
      vertex 26.821 -26.78 0.599999
      vertex 26.7853 -26.6747 4
      vertex 26.7853 -26.6747 0.599999
    endloop
  endfacet
  facet normal -0.947052 -0.32108 0
    outer loop
      vertex 26.7853 -26.6747 4
      vertex 26.821 -26.78 0.599999
      vertex 26.821 -26.78 4
    endloop
  endfacet
  facet normal -0.980788 -0.195079 0
    outer loop
      vertex 26.8427 -26.8891 0.599999
      vertex 26.821 -26.78 4
      vertex 26.821 -26.78 0.599999
    endloop
  endfacet
  facet normal -0.980788 -0.195079 0
    outer loop
      vertex 26.821 -26.78 4
      vertex 26.8427 -26.8891 0.599999
      vertex 26.8427 -26.8891 4
    endloop
  endfacet
  facet normal -0.751462 -0.659776 0
    outer loop
      vertex 26.6744 -26.4826 0.599999
      vertex 26.601 -26.399 4
      vertex 26.601 -26.399 0.599999
    endloop
  endfacet
  facet normal -0.751462 -0.659776 0
    outer loop
      vertex 26.601 -26.399 4
      vertex 26.6744 -26.4826 0.599999
      vertex 26.6744 -26.4826 4
    endloop
  endfacet
  facet normal -0.0656829 -0.997841 0
    outer loop
      vertex 26 -26.15 0.599999
      vertex 26.1109 -26.1573 4
      vertex 26 -26.15 4
    endloop
  endfacet
  facet normal -0.0656829 -0.997841 -0
    outer loop
      vertex 26.1109 -26.1573 4
      vertex 26 -26.15 0.599999
      vertex 26.1109 -26.1573 0.599999
    endloop
  endfacet
  facet normal -0.555323 -0.831635 0
    outer loop
      vertex 26.425 -26.2639 0.599999
      vertex 26.5174 -26.3256 4
      vertex 26.425 -26.2639 4
    endloop
  endfacet
  facet normal -0.555323 -0.831635 -0
    outer loop
      vertex 26.5174 -26.3256 4
      vertex 26.425 -26.2639 0.599999
      vertex 26.5174 -26.3256 0.599999
    endloop
  endfacet
  facet normal 0.947052 -0.32108 0
    outer loop
      vertex 25.179 -26.78 4
      vertex 25.2147 -26.6747 0.599999
      vertex 25.2147 -26.6747 4
    endloop
  endfacet
  facet normal 0.947052 -0.32108 0
    outer loop
      vertex 25.2147 -26.6747 0.599999
      vertex 25.179 -26.78 4
      vertex 25.179 -26.78 0.599999
    endloop
  endfacet
  facet normal 0.980788 -0.195079 0
    outer loop
      vertex 25.1573 -26.8891 4
      vertex 25.179 -26.78 0.599999
      vertex 25.179 -26.78 4
    endloop
  endfacet
  facet normal 0.980788 -0.195079 0
    outer loop
      vertex 25.179 -26.78 0.599999
      vertex 25.1573 -26.8891 4
      vertex 25.1573 -26.8891 0.599999
    endloop
  endfacet
  facet normal 0.659776 -0.751462 0
    outer loop
      vertex 25.399 -26.399 0.599999
      vertex 25.4826 -26.3256 4
      vertex 25.399 -26.399 4
    endloop
  endfacet
  facet normal 0.659776 -0.751462 0
    outer loop
      vertex 25.4826 -26.3256 4
      vertex 25.399 -26.399 0.599999
      vertex 25.4826 -26.3256 0.599999
    endloop
  endfacet
  facet normal 0.195079 -0.980788 0
    outer loop
      vertex 25.78 -26.179 0.599999
      vertex 25.8891 -26.1573 4
      vertex 25.78 -26.179 4
    endloop
  endfacet
  facet normal 0.195079 -0.980788 0
    outer loop
      vertex 25.8891 -26.1573 4
      vertex 25.78 -26.179 0.599999
      vertex 25.8891 -26.1573 0.599999
    endloop
  endfacet
  facet normal -0.997841 0.0656829 0
    outer loop
      vertex 26.8427 -27.1109 0.599999
      vertex 26.85 -27 4
      vertex 26.85 -27 0.599999
    endloop
  endfacet
  facet normal -0.997841 0.0656829 0
    outer loop
      vertex 26.85 -27 4
      vertex 26.8427 -27.1109 0.599999
      vertex 26.8427 -27.1109 4
    endloop
  endfacet
  facet normal -0.947052 0.32108 0
    outer loop
      vertex 26.7853 -27.3253 0.599999
      vertex 26.821 -27.22 4
      vertex 26.821 -27.22 0.599999
    endloop
  endfacet
  facet normal -0.947052 0.32108 0
    outer loop
      vertex 26.821 -27.22 4
      vertex 26.7853 -27.3253 0.599999
      vertex 26.7853 -27.3253 4
    endloop
  endfacet
  facet normal -0.980788 0.195079 0
    outer loop
      vertex 26.821 -27.22 0.599999
      vertex 26.8427 -27.1109 4
      vertex 26.8427 -27.1109 0.599999
    endloop
  endfacet
  facet normal -0.980788 0.195079 0
    outer loop
      vertex 26.8427 -27.1109 4
      vertex 26.821 -27.22 0.599999
      vertex 26.821 -27.22 4
    endloop
  endfacet
  facet normal 0.896754 0.44253 0
    outer loop
      vertex 25.2639 -27.425 4
      vertex 25.2147 -27.3253 0.599999
      vertex 25.2147 -27.3253 4
    endloop
  endfacet
  facet normal 0.896754 0.44253 0
    outer loop
      vertex 25.2147 -27.3253 0.599999
      vertex 25.2639 -27.425 4
      vertex 25.2639 -27.425 0.599999
    endloop
  endfacet
  facet normal -0.555323 0.831635 0
    outer loop
      vertex 26.5174 -27.6744 0.599999
      vertex 26.425 -27.7361 4
      vertex 26.5174 -27.6744 4
    endloop
  endfacet
  facet normal -0.555323 0.831635 0
    outer loop
      vertex 26.425 -27.7361 4
      vertex 26.5174 -27.6744 0.599999
      vertex 26.425 -27.7361 0.599999
    endloop
  endfacet
  facet normal 0.980788 0.195079 0
    outer loop
      vertex 25.179 -27.22 4
      vertex 25.1573 -27.1109 0.599999
      vertex 25.1573 -27.1109 4
    endloop
  endfacet
  facet normal 0.980788 0.195079 0
    outer loop
      vertex 25.1573 -27.1109 0.599999
      vertex 25.179 -27.22 4
      vertex 25.179 -27.22 0.599999
    endloop
  endfacet
  facet normal 0.997841 0.0656829 0
    outer loop
      vertex 25.1573 -27.1109 4
      vertex 25.15 -27 0.599999
      vertex 25.15 -27 4
    endloop
  endfacet
  facet normal 0.997841 0.0656829 0
    outer loop
      vertex 25.15 -27 0.599999
      vertex 25.1573 -27.1109 4
      vertex 25.1573 -27.1109 0.599999
    endloop
  endfacet
  facet normal 0.947052 0.32108 0
    outer loop
      vertex 25.2147 -27.3253 4
      vertex 25.179 -27.22 0.599999
      vertex 25.179 -27.22 4
    endloop
  endfacet
  facet normal 0.947052 0.32108 0
    outer loop
      vertex 25.179 -27.22 0.599999
      vertex 25.2147 -27.3253 4
      vertex 25.2147 -27.3253 0.599999
    endloop
  endfacet
  facet normal -0.659776 0.751462 0
    outer loop
      vertex 26.601 -27.601 0.599999
      vertex 26.5174 -27.6744 4
      vertex 26.601 -27.601 4
    endloop
  endfacet
  facet normal -0.659776 0.751462 0
    outer loop
      vertex 26.5174 -27.6744 4
      vertex 26.601 -27.601 0.599999
      vertex 26.5174 -27.6744 0.599999
    endloop
  endfacet
  facet normal -0.44253 0.896754 0
    outer loop
      vertex 26.425 -27.7361 0.599999
      vertex 26.3253 -27.7853 4
      vertex 26.425 -27.7361 4
    endloop
  endfacet
  facet normal -0.44253 0.896754 0
    outer loop
      vertex 26.3253 -27.7853 4
      vertex 26.425 -27.7361 0.599999
      vertex 26.3253 -27.7853 0.599999
    endloop
  endfacet
  facet normal -0.32108 0.947052 0
    outer loop
      vertex 26.3253 -27.7853 0.599999
      vertex 26.22 -27.821 4
      vertex 26.3253 -27.7853 4
    endloop
  endfacet
  facet normal -0.32108 0.947052 0
    outer loop
      vertex 26.22 -27.821 4
      vertex 26.3253 -27.7853 0.599999
      vertex 26.22 -27.821 0.599999
    endloop
  endfacet
  facet normal -0.896754 0.44253 0
    outer loop
      vertex 26.7361 -27.425 0.599999
      vertex 26.7853 -27.3253 4
      vertex 26.7853 -27.3253 0.599999
    endloop
  endfacet
  facet normal -0.896754 0.44253 0
    outer loop
      vertex 26.7853 -27.3253 4
      vertex 26.7361 -27.425 0.599999
      vertex 26.7361 -27.425 4
    endloop
  endfacet
  facet normal -0.831635 0.555323 0
    outer loop
      vertex 26.6744 -27.5174 0.599999
      vertex 26.7361 -27.425 4
      vertex 26.7361 -27.425 0.599999
    endloop
  endfacet
  facet normal -0.831635 0.555323 0
    outer loop
      vertex 26.7361 -27.425 4
      vertex 26.6744 -27.5174 0.599999
      vertex 26.6744 -27.5174 4
    endloop
  endfacet
  facet normal 0.0656829 0.997841 -0
    outer loop
      vertex 26 -27.85 0.599999
      vertex 25.8891 -27.8427 4
      vertex 26 -27.85 4
    endloop
  endfacet
  facet normal 0.0656829 0.997841 0
    outer loop
      vertex 25.8891 -27.8427 4
      vertex 26 -27.85 0.599999
      vertex 25.8891 -27.8427 0.599999
    endloop
  endfacet
  facet normal 0.32108 0.947052 -0
    outer loop
      vertex 25.78 -27.821 0.599999
      vertex 25.6747 -27.7853 4
      vertex 25.78 -27.821 4
    endloop
  endfacet
  facet normal 0.32108 0.947052 0
    outer loop
      vertex 25.6747 -27.7853 4
      vertex 25.78 -27.821 0.599999
      vertex 25.6747 -27.7853 0.599999
    endloop
  endfacet
  facet normal 0.195079 0.980788 -0
    outer loop
      vertex 25.8891 -27.8427 0.599999
      vertex 25.78 -27.821 4
      vertex 25.8891 -27.8427 4
    endloop
  endfacet
  facet normal 0.195079 0.980788 0
    outer loop
      vertex 25.78 -27.821 4
      vertex 25.8891 -27.8427 0.599999
      vertex 25.78 -27.821 0.599999
    endloop
  endfacet
  facet normal 0.751462 0.659776 0
    outer loop
      vertex 25.399 -27.601 4
      vertex 25.3256 -27.5174 0.599999
      vertex 25.3256 -27.5174 4
    endloop
  endfacet
  facet normal 0.751462 0.659776 0
    outer loop
      vertex 25.3256 -27.5174 0.599999
      vertex 25.399 -27.601 4
      vertex 25.399 -27.601 0.599999
    endloop
  endfacet
  facet normal 0.659776 0.751462 -0
    outer loop
      vertex 25.4826 -27.6744 0.599999
      vertex 25.399 -27.601 4
      vertex 25.4826 -27.6744 4
    endloop
  endfacet
  facet normal 0.659776 0.751462 0
    outer loop
      vertex 25.399 -27.601 4
      vertex 25.4826 -27.6744 0.599999
      vertex 25.399 -27.601 0.599999
    endloop
  endfacet
  facet normal -0.751462 0.659776 0
    outer loop
      vertex 26.601 -27.601 0.599999
      vertex 26.6744 -27.5174 4
      vertex 26.6744 -27.5174 0.599999
    endloop
  endfacet
  facet normal -0.751462 0.659776 0
    outer loop
      vertex 26.6744 -27.5174 4
      vertex 26.601 -27.601 0.599999
      vertex 26.601 -27.601 4
    endloop
  endfacet
  facet normal 0.555323 0.831635 -0
    outer loop
      vertex 25.575 -27.7361 0.599999
      vertex 25.4826 -27.6744 4
      vertex 25.575 -27.7361 4
    endloop
  endfacet
  facet normal 0.555323 0.831635 0
    outer loop
      vertex 25.4826 -27.6744 4
      vertex 25.575 -27.7361 0.599999
      vertex 25.4826 -27.6744 0.599999
    endloop
  endfacet
  facet normal 0.831635 0.555323 0
    outer loop
      vertex 25.3256 -27.5174 4
      vertex 25.2639 -27.425 0.599999
      vertex 25.2639 -27.425 4
    endloop
  endfacet
  facet normal 0.831635 0.555323 0
    outer loop
      vertex 25.2639 -27.425 0.599999
      vertex 25.3256 -27.5174 4
      vertex 25.3256 -27.5174 0.599999
    endloop
  endfacet
  facet normal 0.44253 0.896754 -0
    outer loop
      vertex 25.6747 -27.7853 0.599999
      vertex 25.575 -27.7361 4
      vertex 25.6747 -27.7853 4
    endloop
  endfacet
  facet normal 0.44253 0.896754 0
    outer loop
      vertex 25.575 -27.7361 4
      vertex 25.6747 -27.7853 0.599999
      vertex 25.575 -27.7361 0.599999
    endloop
  endfacet
endsolid OpenSCAD_Model
