solid OpenSCAD_Model
  facet normal 0 1 -0
    outer loop
      vertex 70.35 25.25 -2
      vertex -70.35 25.25 0
      vertex 70.35 25.25 0
    endloop
  endfacet
  facet normal 0 1 0
    outer loop
      vertex -70.35 25.25 0
      vertex 70.35 25.25 -2
      vertex -70.35 25.25 -2
    endloop
  endfacet
  facet normal 0.946916 0.32148 0
    outer loop
      vertex 72.6682 23.4712 0
      vertex 72.5673 23.7684 -2
      vertex 72.5673 23.7684 0
    endloop
  endfacet
  facet normal 0.946916 0.32148 0
    outer loop
      vertex 72.5673 23.7684 -2
      vertex 72.6682 23.4712 0
      vertex 72.6682 23.4712 -2
    endloop
  endfacet
  facet normal 0 -1 0
    outer loop
      vertex -70.35 -25.25 -2
      vertex 70.35 -25.25 0
      vertex -70.35 -25.25 0
    endloop
  endfacet
  facet normal 0 -1 -0
    outer loop
      vertex 70.35 -25.25 0
      vertex -70.35 -25.25 -2
      vertex 70.35 -25.25 -2
    endloop
  endfacet
  facet normal -0.32148 -0.946916 0
    outer loop
      vertex -71.2684 -25.0673 -2
      vertex -70.9712 -25.1682 0
      vertex -71.2684 -25.0673 0
    endloop
  endfacet
  facet normal -0.32148 -0.946916 -0
    outer loop
      vertex -70.9712 -25.1682 0
      vertex -71.2684 -25.0673 -2
      vertex -70.9712 -25.1682 -2
    endloop
  endfacet
  facet normal -0.997866 0.0652929 0
    outer loop
      vertex -72.75 22.85 -2
      vertex -72.7295 23.1633 0
      vertex -72.7295 23.1633 -2
    endloop
  endfacet
  facet normal -0.997866 0.0652929 0
    outer loop
      vertex -72.7295 23.1633 0
      vertex -72.75 22.85 -2
      vertex -72.75 22.85 0
    endloop
  endfacet
  facet normal -1 0 0
    outer loop
      vertex -72.75 -22.85 -2
      vertex -72.75 22.85 0
      vertex -72.75 22.85 -2
    endloop
  endfacet
  facet normal -1 -0 0
    outer loop
      vertex -72.75 22.85 0
      vertex -72.75 -22.85 -2
      vertex -72.75 -22.85 0
    endloop
  endfacet
  facet normal 0 0 -1
    outer loop
      vertex -69.3913 -22.5408 -2
      vertex -66.25 -18.75 -2
      vertex -69.3409 -22.6894 -2
    endloop
  endfacet
  facet normal 0 0 -1
    outer loop
      vertex -66.25 18.75 -2
      vertex -69.3103 22.8434 -2
      vertex -69.3 23 -2
    endloop
  endfacet
  facet normal 0 0 -1
    outer loop
      vertex -69.4608 -22.4 -2
      vertex -66.25 -18.75 -2
      vertex -69.3913 -22.5408 -2
    endloop
  endfacet
  facet normal 0 0 -1
    outer loop
      vertex -66.25 18.75 -2
      vertex -69.3409 22.6894 -2
      vertex -69.3103 22.8434 -2
    endloop
  endfacet
  facet normal 0 0 -1
    outer loop
      vertex -69.548 -22.2695 -2
      vertex -66.25 -18.75 -2
      vertex -69.4608 -22.4 -2
    endloop
  endfacet
  facet normal 0 0 -1
    outer loop
      vertex -66.25 18.75 -2
      vertex -69.3913 22.5408 -2
      vertex -69.3409 22.6894 -2
    endloop
  endfacet
  facet normal 0 0 -1
    outer loop
      vertex -69.6515 -22.1515 -2
      vertex -66.25 -18.75 -2
      vertex -69.548 -22.2695 -2
    endloop
  endfacet
  facet normal 0 0 -1
    outer loop
      vertex -66.25 18.75 -2
      vertex -69.4608 22.4 -2
      vertex -69.3913 22.5408 -2
    endloop
  endfacet
  facet normal 0 0 -1
    outer loop
      vertex -69.7695 -22.048 -2
      vertex -66.25 -18.75 -2
      vertex -69.6515 -22.1515 -2
    endloop
  endfacet
  facet normal 0 0 -1
    outer loop
      vertex -66.25 18.75 -2
      vertex -69.548 22.2695 -2
      vertex -69.4608 22.4 -2
    endloop
  endfacet
  facet normal 0 0 -1
    outer loop
      vertex -69.9 -21.9608 -2
      vertex -66.25 -18.75 -2
      vertex -69.7695 -22.048 -2
    endloop
  endfacet
  facet normal 0 0 -1
    outer loop
      vertex -66.25 18.75 -2
      vertex -69.6515 22.1515 -2
      vertex -69.548 22.2695 -2
    endloop
  endfacet
  facet normal 0 0 -1
    outer loop
      vertex -70.0408 -21.8913 -2
      vertex -66.25 -18.75 -2
      vertex -69.9 -21.9608 -2
    endloop
  endfacet
  facet normal 0 0 -1
    outer loop
      vertex -66.25 18.75 -2
      vertex -69.7695 22.048 -2
      vertex -69.6515 22.1515 -2
    endloop
  endfacet
  facet normal 0 0 -1
    outer loop
      vertex -70.1894 -21.8409 -2
      vertex -66.25 -18.75 -2
      vertex -70.0408 -21.8913 -2
    endloop
  endfacet
  facet normal 0 0 -1
    outer loop
      vertex -66.25 18.75 -2
      vertex -69.9 21.9608 -2
      vertex -69.7695 22.048 -2
    endloop
  endfacet
  facet normal 0 0 -1
    outer loop
      vertex -70.3434 -21.8103 -2
      vertex -66.25 -18.75 -2
      vertex -70.1894 -21.8409 -2
    endloop
  endfacet
  facet normal 0 0 -1
    outer loop
      vertex -66.25 18.75 -2
      vertex -70.0408 21.8913 -2
      vertex -69.9 21.9608 -2
    endloop
  endfacet
  facet normal 0 0 -1
    outer loop
      vertex -70.5 -21.8 -2
      vertex -66.25 -18.75 -2
      vertex -70.3434 -21.8103 -2
    endloop
  endfacet
  facet normal 0 0 -1
    outer loop
      vertex -66.25 18.75 -2
      vertex -70.1894 21.8409 -2
      vertex -70.0408 21.8913 -2
    endloop
  endfacet
  facet normal 0 0 -1
    outer loop
      vertex -70.6566 -21.8103 -2
      vertex -66.25 -18.75 -2
      vertex -70.5 -21.8 -2
    endloop
  endfacet
  facet normal 0 0 -1
    outer loop
      vertex -66.25 18.75 -2
      vertex -70.3434 21.8103 -2
      vertex -70.1894 21.8409 -2
    endloop
  endfacet
  facet normal 0 0 -1
    outer loop
      vertex -70.8106 -21.8409 -2
      vertex -66.25 -18.75 -2
      vertex -70.6566 -21.8103 -2
    endloop
  endfacet
  facet normal 0 0 -1
    outer loop
      vertex -66.25 18.75 -2
      vertex -70.5 21.8 -2
      vertex -70.3434 21.8103 -2
    endloop
  endfacet
  facet normal 0 0 -1
    outer loop
      vertex -70.9592 -21.8913 -2
      vertex -66.25 -18.75 -2
      vertex -70.8106 -21.8409 -2
    endloop
  endfacet
  facet normal 0 0 -1
    outer loop
      vertex -66.25 18.75 -2
      vertex -70.6566 21.8103 -2
      vertex -70.5 21.8 -2
    endloop
  endfacet
  facet normal 0 0 -1
    outer loop
      vertex -71.1 -21.9608 -2
      vertex -66.25 -18.75 -2
      vertex -70.9592 -21.8913 -2
    endloop
  endfacet
  facet normal 0 0 -1
    outer loop
      vertex -66.25 18.75 -2
      vertex -70.8106 21.8409 -2
      vertex -70.6566 21.8103 -2
    endloop
  endfacet
  facet normal -0 0 -1
    outer loop
      vertex -66.25 -18.75 -2
      vertex -71.1 -21.9608 -2
      vertex -66.25 18.75 -2
    endloop
  endfacet
  facet normal 0 0 -1
    outer loop
      vertex -66.25 18.75 -2
      vertex -70.9592 21.8913 -2
      vertex -70.8106 21.8409 -2
    endloop
  endfacet
  facet normal 0 0 -1
    outer loop
      vertex -71.1 21.9608 -2
      vertex -66.25 18.75 -2
      vertex -71.1 -21.9608 -2
    endloop
  endfacet
  facet normal 0 0 -1
    outer loop
      vertex -66.25 18.75 -2
      vertex -71.1 21.9608 -2
      vertex -70.9592 21.8913 -2
    endloop
  endfacet
  facet normal 0 0 -1
    outer loop
      vertex -72.75 -22.85 -2
      vertex -71.1 -21.9608 -2
      vertex -71.2305 -22.048 -2
    endloop
  endfacet
  facet normal -0 0 -1
    outer loop
      vertex -71.1 -21.9608 -2
      vertex -72.75 -22.85 -2
      vertex -71.1 21.9608 -2
    endloop
  endfacet
  facet normal 0 0 -1
    outer loop
      vertex -72.75 -22.85 -2
      vertex -71.2305 -22.048 -2
      vertex -71.3485 -22.1515 -2
    endloop
  endfacet
  facet normal 0 0 -1
    outer loop
      vertex -72.75 22.85 -2
      vertex -71.1 21.9608 -2
      vertex -72.75 -22.85 -2
    endloop
  endfacet
  facet normal 0 0 -1
    outer loop
      vertex -72.75 -22.85 -2
      vertex -71.3485 -22.1515 -2
      vertex -71.452 -22.2695 -2
    endloop
  endfacet
  facet normal 0 0 -1
    outer loop
      vertex -71.1 21.9608 -2
      vertex -72.75 22.85 -2
      vertex -71.2305 22.048 -2
    endloop
  endfacet
  facet normal 0 0 -1
    outer loop
      vertex -72.75 -22.85 -2
      vertex -71.452 -22.2695 -2
      vertex -71.5392 -22.4 -2
    endloop
  endfacet
  facet normal 0 0 -1
    outer loop
      vertex -71.2305 22.048 -2
      vertex -72.75 22.85 -2
      vertex -71.3485 22.1515 -2
    endloop
  endfacet
  facet normal 0 0 -1
    outer loop
      vertex -72.75 -22.85 -2
      vertex -71.5392 -22.4 -2
      vertex -71.6087 -22.5408 -2
    endloop
  endfacet
  facet normal 0 0 -1
    outer loop
      vertex -71.3485 22.1515 -2
      vertex -72.75 22.85 -2
      vertex -71.452 22.2695 -2
    endloop
  endfacet
  facet normal 0 0 -1
    outer loop
      vertex -72.75 -22.85 -2
      vertex -71.6087 -22.5408 -2
      vertex -71.6591 -22.6894 -2
    endloop
  endfacet
  facet normal 0 0 -1
    outer loop
      vertex -71.452 22.2695 -2
      vertex -72.75 22.85 -2
      vertex -71.5392 22.4 -2
    endloop
  endfacet
  facet normal 0 0 -1
    outer loop
      vertex -72.75 -22.85 -2
      vertex -71.6591 -22.6894 -2
      vertex -71.6897 -22.8434 -2
    endloop
  endfacet
  facet normal 0 0 -1
    outer loop
      vertex -71.5392 22.4 -2
      vertex -72.75 22.85 -2
      vertex -71.6087 22.5408 -2
    endloop
  endfacet
  facet normal 0 0 -1
    outer loop
      vertex -72.75 -22.85 -2
      vertex -71.6897 -22.8434 -2
      vertex -71.7 -23 -2
    endloop
  endfacet
  facet normal 0 0 -1
    outer loop
      vertex -71.6087 22.5408 -2
      vertex -72.75 22.85 -2
      vertex -71.6591 22.6894 -2
    endloop
  endfacet
  facet normal 0 0 -1
    outer loop
      vertex 71.6087 -22.5408 -2
      vertex 72.75 -22.85 -2
      vertex 71.6591 -22.6894 -2
    endloop
  endfacet
  facet normal -0 0 -1
    outer loop
      vertex 72.75 22.85 -2
      vertex 71.6897 22.8434 -2
      vertex 71.7 23 -2
    endloop
  endfacet
  facet normal 0 0 -1
    outer loop
      vertex 71.5392 -22.4 -2
      vertex 72.75 -22.85 -2
      vertex 71.6087 -22.5408 -2
    endloop
  endfacet
  facet normal 0 0 -1
    outer loop
      vertex 72.75 22.85 -2
      vertex 71.6591 22.6894 -2
      vertex 71.6897 22.8434 -2
    endloop
  endfacet
  facet normal 0 0 -1
    outer loop
      vertex 71.452 -22.2695 -2
      vertex 72.75 -22.85 -2
      vertex 71.5392 -22.4 -2
    endloop
  endfacet
  facet normal 0 0 -1
    outer loop
      vertex 72.75 22.85 -2
      vertex 71.6087 22.5408 -2
      vertex 71.6591 22.6894 -2
    endloop
  endfacet
  facet normal 0 0 -1
    outer loop
      vertex 71.3485 -22.1515 -2
      vertex 72.75 -22.85 -2
      vertex 71.452 -22.2695 -2
    endloop
  endfacet
  facet normal 0 0 -1
    outer loop
      vertex 72.75 22.85 -2
      vertex 71.5392 22.4 -2
      vertex 71.6087 22.5408 -2
    endloop
  endfacet
  facet normal 0 0 -1
    outer loop
      vertex 71.2305 -22.048 -2
      vertex 72.75 -22.85 -2
      vertex 71.3485 -22.1515 -2
    endloop
  endfacet
  facet normal 0 0 -1
    outer loop
      vertex 72.75 22.85 -2
      vertex 71.452 22.2695 -2
      vertex 71.5392 22.4 -2
    endloop
  endfacet
  facet normal 0 0 -1
    outer loop
      vertex 71.1 -21.9608 -2
      vertex 72.75 -22.85 -2
      vertex 71.2305 -22.048 -2
    endloop
  endfacet
  facet normal 0 0 -1
    outer loop
      vertex 72.75 22.85 -2
      vertex 71.3485 22.1515 -2
      vertex 71.452 22.2695 -2
    endloop
  endfacet
  facet normal 0 0 -1
    outer loop
      vertex 72.75 -22.85 -2
      vertex 71.1 -21.9608 -2
      vertex 72.75 22.85 -2
    endloop
  endfacet
  facet normal 0 0 -1
    outer loop
      vertex 72.75 22.85 -2
      vertex 71.2305 22.048 -2
      vertex 71.3485 22.1515 -2
    endloop
  endfacet
  facet normal 0 0 -1
    outer loop
      vertex 71.1 21.9608 -2
      vertex 72.75 22.85 -2
      vertex 71.1 -21.9608 -2
    endloop
  endfacet
  facet normal 0 0 -1
    outer loop
      vertex 72.75 22.85 -2
      vertex 71.1 21.9608 -2
      vertex 71.2305 22.048 -2
    endloop
  endfacet
  facet normal 0 0 -1
    outer loop
      vertex 66.25 -18.75 -2
      vertex 71.1 -21.9608 -2
      vertex 70.9592 -21.8913 -2
    endloop
  endfacet
  facet normal 0 0 -1
    outer loop
      vertex 71.1 -21.9608 -2
      vertex 66.25 -18.75 -2
      vertex 71.1 21.9608 -2
    endloop
  endfacet
  facet normal 0 0 -1
    outer loop
      vertex 66.25 -18.75 -2
      vertex 70.9592 -21.8913 -2
      vertex 70.8106 -21.8409 -2
    endloop
  endfacet
  facet normal 0 0 -1
    outer loop
      vertex 66.25 18.75 -2
      vertex 71.1 21.9608 -2
      vertex 66.25 -18.75 -2
    endloop
  endfacet
  facet normal 0 0 -1
    outer loop
      vertex 66.25 -18.75 -2
      vertex 70.8106 -21.8409 -2
      vertex 70.6566 -21.8103 -2
    endloop
  endfacet
  facet normal 0 0 -1
    outer loop
      vertex 71.1 21.9608 -2
      vertex 66.25 18.75 -2
      vertex 70.9592 21.8913 -2
    endloop
  endfacet
  facet normal 0 0 -1
    outer loop
      vertex 66.25 -18.75 -2
      vertex 70.6566 -21.8103 -2
      vertex 70.5 -21.8 -2
    endloop
  endfacet
  facet normal 0 0 -1
    outer loop
      vertex 70.9592 21.8913 -2
      vertex 66.25 18.75 -2
      vertex 70.8106 21.8409 -2
    endloop
  endfacet
  facet normal 0 0 -1
    outer loop
      vertex 66.25 -18.75 -2
      vertex 70.5 -21.8 -2
      vertex 70.3434 -21.8103 -2
    endloop
  endfacet
  facet normal 0 0 -1
    outer loop
      vertex 70.8106 21.8409 -2
      vertex 66.25 18.75 -2
      vertex 70.6566 21.8103 -2
    endloop
  endfacet
  facet normal 0 0 -1
    outer loop
      vertex 66.25 -18.75 -2
      vertex 70.3434 -21.8103 -2
      vertex 70.1894 -21.8409 -2
    endloop
  endfacet
  facet normal 0 0 -1
    outer loop
      vertex 70.6566 21.8103 -2
      vertex 66.25 18.75 -2
      vertex 70.5 21.8 -2
    endloop
  endfacet
  facet normal 0 0 -1
    outer loop
      vertex 66.25 -18.75 -2
      vertex 70.1894 -21.8409 -2
      vertex 70.0408 -21.8913 -2
    endloop
  endfacet
  facet normal -0 0 -1
    outer loop
      vertex 70.5 21.8 -2
      vertex 66.25 18.75 -2
      vertex 70.3434 21.8103 -2
    endloop
  endfacet
  facet normal 0 0 -1
    outer loop
      vertex 66.25 -18.75 -2
      vertex 70.0408 -21.8913 -2
      vertex 69.9 -21.9608 -2
    endloop
  endfacet
  facet normal -0 0 -1
    outer loop
      vertex 70.3434 21.8103 -2
      vertex 66.25 18.75 -2
      vertex 70.1894 21.8409 -2
    endloop
  endfacet
  facet normal 0 0 -1
    outer loop
      vertex 66.25 -18.75 -2
      vertex 69.9 -21.9608 -2
      vertex 69.7695 -22.048 -2
    endloop
  endfacet
  facet normal -0 0 -1
    outer loop
      vertex 70.1894 21.8409 -2
      vertex 66.25 18.75 -2
      vertex 70.0408 21.8913 -2
    endloop
  endfacet
  facet normal 0 0 -1
    outer loop
      vertex 66.25 -18.75 -2
      vertex 69.7695 -22.048 -2
      vertex 69.6515 -22.1515 -2
    endloop
  endfacet
  facet normal -0 0 -1
    outer loop
      vertex 70.0408 21.8913 -2
      vertex 66.25 18.75 -2
      vertex 69.9 21.9608 -2
    endloop
  endfacet
  facet normal 0 0 -1
    outer loop
      vertex 66.25 -18.75 -2
      vertex 69.6515 -22.1515 -2
      vertex 69.548 -22.2695 -2
    endloop
  endfacet
  facet normal -0 0 -1
    outer loop
      vertex 69.9 21.9608 -2
      vertex 66.25 18.75 -2
      vertex 69.7695 22.048 -2
    endloop
  endfacet
  facet normal 0 0 -1
    outer loop
      vertex 66.25 -18.75 -2
      vertex 69.548 -22.2695 -2
      vertex 69.4608 -22.4 -2
    endloop
  endfacet
  facet normal -0 0 -1
    outer loop
      vertex 69.7695 22.048 -2
      vertex 66.25 18.75 -2
      vertex 69.6515 22.1515 -2
    endloop
  endfacet
  facet normal 0 0 -1
    outer loop
      vertex 66.25 -18.75 -2
      vertex 69.4608 -22.4 -2
      vertex 69.3913 -22.5408 -2
    endloop
  endfacet
  facet normal -0 0 -1
    outer loop
      vertex 69.6515 22.1515 -2
      vertex 66.25 18.75 -2
      vertex 69.548 22.2695 -2
    endloop
  endfacet
  facet normal 0 0 -1
    outer loop
      vertex 66.25 -18.75 -2
      vertex 69.3913 -22.5408 -2
      vertex 69.3409 -22.6894 -2
    endloop
  endfacet
  facet normal -0 0 -1
    outer loop
      vertex 69.548 22.2695 -2
      vertex 66.25 18.75 -2
      vertex 69.4608 22.4 -2
    endloop
  endfacet
  facet normal 0 0 -1
    outer loop
      vertex 66.25 -18.75 -2
      vertex 69.3409 -22.6894 -2
      vertex 69.3103 -22.8434 -2
    endloop
  endfacet
  facet normal -0 0 -1
    outer loop
      vertex 69.4608 22.4 -2
      vertex 66.25 18.75 -2
      vertex 69.3913 22.5408 -2
    endloop
  endfacet
  facet normal 0 0 -1
    outer loop
      vertex 66.25 -18.75 -2
      vertex 69.3103 -22.8434 -2
      vertex 69.3 -23 -2
    endloop
  endfacet
  facet normal -0 0 -1
    outer loop
      vertex 69.3913 22.5408 -2
      vertex 66.25 18.75 -2
      vertex 69.3409 22.6894 -2
    endloop
  endfacet
  facet normal 0 0 -1
    outer loop
      vertex 71.7 -23 -2
      vertex 72.75 -22.85 -2
      vertex 72.7295 -23.1633 -2
    endloop
  endfacet
  facet normal 0 0 -1
    outer loop
      vertex 71.6897 -22.8434 -2
      vertex 72.75 -22.85 -2
      vertex 71.7 -23 -2
    endloop
  endfacet
  facet normal 0 0 -1
    outer loop
      vertex 71.6897 -23.1566 -2
      vertex 72.7295 -23.1633 -2
      vertex 72.6682 -23.4712 -2
    endloop
  endfacet
  facet normal 0 0 -1
    outer loop
      vertex 71.6591 -22.6894 -2
      vertex 72.75 -22.85 -2
      vertex 71.6897 -22.8434 -2
    endloop
  endfacet
  facet normal 0 0 -1
    outer loop
      vertex 71.6591 -23.3106 -2
      vertex 72.6682 -23.4712 -2
      vertex 72.5673 -23.7684 -2
    endloop
  endfacet
  facet normal 0 0 -1
    outer loop
      vertex 72.75 22.85 -2
      vertex 71.7 23 -2
      vertex 72.7295 23.1633 -2
    endloop
  endfacet
  facet normal 0 0 -1
    outer loop
      vertex 71.6087 -23.4592 -2
      vertex 72.5673 -23.7684 -2
      vertex 72.4285 -24.05 -2
    endloop
  endfacet
  facet normal 0 0 -1
    outer loop
      vertex 71.6897 23.1566 -2
      vertex 72.7295 23.1633 -2
      vertex 71.7 23 -2
    endloop
  endfacet
  facet normal 0 0 -1
    outer loop
      vertex 71.5392 -23.6 -2
      vertex 72.4285 -24.05 -2
      vertex 72.254 -24.311 -2
    endloop
  endfacet
  facet normal -0 0 -1
    outer loop
      vertex 72.7295 23.1633 -2
      vertex 71.6897 23.1566 -2
      vertex 72.6682 23.4712 -2
    endloop
  endfacet
  facet normal 0 0 -1
    outer loop
      vertex 71.452 -23.7305 -2
      vertex 72.254 -24.311 -2
      vertex 72.0471 -24.5471 -2
    endloop
  endfacet
  facet normal 0 0 -1
    outer loop
      vertex 71.6591 23.3106 -2
      vertex 72.6682 23.4712 -2
      vertex 71.6897 23.1566 -2
    endloop
  endfacet
  facet normal 0 0 -1
    outer loop
      vertex 71.2305 -23.952 -2
      vertex 72.0471 -24.5471 -2
      vertex 71.811 -24.754 -2
    endloop
  endfacet
  facet normal -0 0 -1
    outer loop
      vertex 72.6682 23.4712 -2
      vertex 71.6591 23.3106 -2
      vertex 72.5673 23.7684 -2
    endloop
  endfacet
  facet normal 0 0 -1
    outer loop
      vertex 71.6087 23.4592 -2
      vertex 72.5673 23.7684 -2
      vertex 71.6591 23.3106 -2
    endloop
  endfacet
  facet normal 0 0 -1
    outer loop
      vertex 72.7295 -23.1633 -2
      vertex 71.6897 -23.1566 -2
      vertex 71.7 -23 -2
    endloop
  endfacet
  facet normal 0 0 -1
    outer loop
      vertex 72.6682 -23.4712 -2
      vertex 71.6591 -23.3106 -2
      vertex 71.6897 -23.1566 -2
    endloop
  endfacet
  facet normal 0 0 -1
    outer loop
      vertex 72.5673 -23.7684 -2
      vertex 71.6087 -23.4592 -2
      vertex 71.6591 -23.3106 -2
    endloop
  endfacet
  facet normal 0 0 -1
    outer loop
      vertex 71.1 -24.0392 -2
      vertex 71.811 -24.754 -2
      vertex 71.55 -24.9285 -2
    endloop
  endfacet
  facet normal 0 0 -1
    outer loop
      vertex 72.4285 -24.05 -2
      vertex 71.5392 -23.6 -2
      vertex 71.6087 -23.4592 -2
    endloop
  endfacet
  facet normal 0 0 -1
    outer loop
      vertex 72.254 -24.311 -2
      vertex 71.452 -23.7305 -2
      vertex 71.5392 -23.6 -2
    endloop
  endfacet
  facet normal 0 0 -1
    outer loop
      vertex 72.0471 -24.5471 -2
      vertex 71.3485 -23.8485 -2
      vertex 71.452 -23.7305 -2
    endloop
  endfacet
  facet normal 0 0 -1
    outer loop
      vertex 70.9592 -24.1087 -2
      vertex 71.55 -24.9285 -2
      vertex 71.2684 -25.0673 -2
    endloop
  endfacet
  facet normal 0 0 -1
    outer loop
      vertex 72.0471 -24.5471 -2
      vertex 71.2305 -23.952 -2
      vertex 71.3485 -23.8485 -2
    endloop
  endfacet
  facet normal 0 0 -1
    outer loop
      vertex 71.811 -24.754 -2
      vertex 71.1 -24.0392 -2
      vertex 71.2305 -23.952 -2
    endloop
  endfacet
  facet normal 0 0 -1
    outer loop
      vertex 70.8106 -24.1591 -2
      vertex 71.2684 -25.0673 -2
      vertex 70.9712 -25.1682 -2
    endloop
  endfacet
  facet normal 0 0 -1
    outer loop
      vertex 71.55 -24.9285 -2
      vertex 70.9592 -24.1087 -2
      vertex 71.1 -24.0392 -2
    endloop
  endfacet
  facet normal 0 0 -1
    outer loop
      vertex 71.2684 -25.0673 -2
      vertex 70.8106 -24.1591 -2
      vertex 70.9592 -24.1087 -2
    endloop
  endfacet
  facet normal 0 0 -1
    outer loop
      vertex 70.6566 -24.1897 -2
      vertex 70.9712 -25.1682 -2
      vertex 70.6633 -25.2295 -2
    endloop
  endfacet
  facet normal 0 0 -1
    outer loop
      vertex 70.9712 -25.1682 -2
      vertex 70.6566 -24.1897 -2
      vertex 70.8106 -24.1591 -2
    endloop
  endfacet
  facet normal 0 0 -1
    outer loop
      vertex 70.6633 -25.2295 -2
      vertex 70.5 -24.2 -2
      vertex 70.6566 -24.1897 -2
    endloop
  endfacet
  facet normal 0 0 -1
    outer loop
      vertex 70.35 -25.25 -2
      vertex 70.5 -24.2 -2
      vertex 70.6633 -25.2295 -2
    endloop
  endfacet
  facet normal 0 0 -1
    outer loop
      vertex 70.35 -25.25 -2
      vertex 70.3434 -24.1897 -2
      vertex 70.5 -24.2 -2
    endloop
  endfacet
  facet normal 0 0 -1
    outer loop
      vertex 70.35 -25.25 -2
      vertex 70.1894 -24.1591 -2
      vertex 70.3434 -24.1897 -2
    endloop
  endfacet
  facet normal 0 0 -1
    outer loop
      vertex 70.35 -25.25 -2
      vertex 70.0408 -24.1087 -2
      vertex 70.1894 -24.1591 -2
    endloop
  endfacet
  facet normal 0 0 -1
    outer loop
      vertex 70.35 -25.25 -2
      vertex 69.9 -24.0392 -2
      vertex 70.0408 -24.1087 -2
    endloop
  endfacet
  facet normal 0 0 -1
    outer loop
      vertex 70.35 -25.25 -2
      vertex 69.7695 -23.952 -2
      vertex 69.9 -24.0392 -2
    endloop
  endfacet
  facet normal 0 0 -1
    outer loop
      vertex 70.35 -25.25 -2
      vertex 69.6515 -23.8485 -2
      vertex 69.7695 -23.952 -2
    endloop
  endfacet
  facet normal 0 0 -1
    outer loop
      vertex 70.35 -25.25 -2
      vertex 69.548 -23.7305 -2
      vertex 69.6515 -23.8485 -2
    endloop
  endfacet
  facet normal 0 0 -1
    outer loop
      vertex 70.35 -25.25 -2
      vertex 69.4608 -23.6 -2
      vertex 69.548 -23.7305 -2
    endloop
  endfacet
  facet normal -0 0 -1
    outer loop
      vertex 69.3409 22.6894 -2
      vertex 66.25 18.75 -2
      vertex 69.3103 22.8434 -2
    endloop
  endfacet
  facet normal 0 0 -1
    outer loop
      vertex 69.3103 -23.1566 -2
      vertex 66.25 -18.75 -2
      vertex 69.3 -23 -2
    endloop
  endfacet
  facet normal 0 0 -1
    outer loop
      vertex 69.3409 -23.3106 -2
      vertex 66.25 -18.75 -2
      vertex 69.3103 -23.1566 -2
    endloop
  endfacet
  facet normal 0 0 -1
    outer loop
      vertex 69.3913 -23.4592 -2
      vertex 66.25 -18.75 -2
      vertex 69.3409 -23.3106 -2
    endloop
  endfacet
  facet normal 0 0 -1
    outer loop
      vertex 69.4608 -23.6 -2
      vertex 66.25 -18.75 -2
      vertex 69.3913 -23.4592 -2
    endloop
  endfacet
  facet normal 0 0 -1
    outer loop
      vertex 27.8284 -19.3284 -2
      vertex 69.4608 -23.6 -2
      vertex 70.35 -25.25 -2
    endloop
  endfacet
  facet normal 0 0 -1
    outer loop
      vertex 69.4608 -23.6 -2
      vertex 28.1734 -18.935 -2
      vertex 66.25 -18.75 -2
    endloop
  endfacet
  facet normal -0 0 -1
    outer loop
      vertex 66.25 -18.75 -2
      vertex 28.1734 -18.935 -2
      vertex 28.2971 -18.75 -2
    endloop
  endfacet
  facet normal 0 0 -1
    outer loop
      vertex 69.4608 -23.6 -2
      vertex 27.8284 -19.3284 -2
      vertex 28.1734 -18.935 -2
    endloop
  endfacet
  facet normal 0 0 -1
    outer loop
      vertex 70.35 -25.25 -2
      vertex 27.435 -19.6734 -2
      vertex 27.8284 -19.3284 -2
    endloop
  endfacet
  facet normal 0 0 -1
    outer loop
      vertex 70.35 -25.25 -2
      vertex 27 -19.9641 -2
      vertex 27.435 -19.6734 -2
    endloop
  endfacet
  facet normal 0 0 -1
    outer loop
      vertex 70.35 -25.25 -2
      vertex 26.5307 -20.1955 -2
      vertex 27 -19.9641 -2
    endloop
  endfacet
  facet normal 0 0 -1
    outer loop
      vertex 70.35 -25.25 -2
      vertex 26.0353 -20.3637 -2
      vertex 26.5307 -20.1955 -2
    endloop
  endfacet
  facet normal 0 0 -1
    outer loop
      vertex 70.35 -25.25 -2
      vertex 25.5221 -20.4658 -2
      vertex 26.0353 -20.3637 -2
    endloop
  endfacet
  facet normal 0 0 -1
    outer loop
      vertex 70.35 -25.25 -2
      vertex 25 -20.5 -2
      vertex 25.5221 -20.4658 -2
    endloop
  endfacet
  facet normal 0 0 -1
    outer loop
      vertex -70.35 -25.25 -2
      vertex 25 -20.5 -2
      vertex 70.35 -25.25 -2
    endloop
  endfacet
  facet normal 0 0 -1
    outer loop
      vertex 21.8266 -18.935 -2
      vertex -66.25 -18.75 -2
      vertex 21.7029 -18.75 -2
    endloop
  endfacet
  facet normal 0 0 -1
    outer loop
      vertex -70.35 -25.25 -2
      vertex 21.8266 -18.935 -2
      vertex 22.1716 -19.3284 -2
    endloop
  endfacet
  facet normal 0 0 -1
    outer loop
      vertex -70.35 -25.25 -2
      vertex 22.1716 -19.3284 -2
      vertex 22.565 -19.6734 -2
    endloop
  endfacet
  facet normal 0 0 -1
    outer loop
      vertex -70.35 -25.25 -2
      vertex 22.565 -19.6734 -2
      vertex 23 -19.9641 -2
    endloop
  endfacet
  facet normal 0 0 -1
    outer loop
      vertex -70.35 -25.25 -2
      vertex 23 -19.9641 -2
      vertex 23.4693 -20.1955 -2
    endloop
  endfacet
  facet normal 0 0 -1
    outer loop
      vertex -70.35 -25.25 -2
      vertex 23.4693 -20.1955 -2
      vertex 23.9647 -20.3637 -2
    endloop
  endfacet
  facet normal 0 0 -1
    outer loop
      vertex -70.35 -25.25 -2
      vertex 23.9647 -20.3637 -2
      vertex 24.4779 -20.4658 -2
    endloop
  endfacet
  facet normal -0 0 -1
    outer loop
      vertex 25 -20.5 -2
      vertex -70.35 -25.25 -2
      vertex 24.4779 -20.4658 -2
    endloop
  endfacet
  facet normal 0 0 -1
    outer loop
      vertex -69.3103 -22.8434 -2
      vertex -66.25 -18.75 -2
      vertex -69.3 -23 -2
    endloop
  endfacet
  facet normal -0 0 -1
    outer loop
      vertex 21.8266 -18.935 -2
      vertex -70.35 -25.25 -2
      vertex -66.25 -18.75 -2
    endloop
  endfacet
  facet normal 0 0 -1
    outer loop
      vertex -66.25 -18.75 -2
      vertex -69.3103 -23.1566 -2
      vertex -69.3 -23 -2
    endloop
  endfacet
  facet normal 0 0 -1
    outer loop
      vertex -66.25 -18.75 -2
      vertex -69.3409 -23.3106 -2
      vertex -69.3103 -23.1566 -2
    endloop
  endfacet
  facet normal 0 0 -1
    outer loop
      vertex -66.25 -18.75 -2
      vertex -69.3913 -23.4592 -2
      vertex -69.3409 -23.3106 -2
    endloop
  endfacet
  facet normal 0 0 -1
    outer loop
      vertex -66.25 -18.75 -2
      vertex -69.4608 -23.6 -2
      vertex -69.3913 -23.4592 -2
    endloop
  endfacet
  facet normal 0 0 -1
    outer loop
      vertex -66.25 -18.75 -2
      vertex -70.35 -25.25 -2
      vertex -69.4608 -23.6 -2
    endloop
  endfacet
  facet normal 0 0 -1
    outer loop
      vertex -69.4608 -23.6 -2
      vertex -70.35 -25.25 -2
      vertex -69.548 -23.7305 -2
    endloop
  endfacet
  facet normal 0 0 -1
    outer loop
      vertex -69.548 -23.7305 -2
      vertex -70.35 -25.25 -2
      vertex -69.6515 -23.8485 -2
    endloop
  endfacet
  facet normal 0 0 -1
    outer loop
      vertex -69.6515 -23.8485 -2
      vertex -70.35 -25.25 -2
      vertex -69.7695 -23.952 -2
    endloop
  endfacet
  facet normal 0 0 -1
    outer loop
      vertex -69.7695 -23.952 -2
      vertex -70.35 -25.25 -2
      vertex -69.9 -24.0392 -2
    endloop
  endfacet
  facet normal 0 0 -1
    outer loop
      vertex -69.9 -24.0392 -2
      vertex -70.35 -25.25 -2
      vertex -70.0408 -24.1087 -2
    endloop
  endfacet
  facet normal 0 0 -1
    outer loop
      vertex -70.0408 -24.1087 -2
      vertex -70.35 -25.25 -2
      vertex -70.1894 -24.1591 -2
    endloop
  endfacet
  facet normal 0 0 -1
    outer loop
      vertex -70.1894 -24.1591 -2
      vertex -70.35 -25.25 -2
      vertex -70.3434 -24.1897 -2
    endloop
  endfacet
  facet normal 0 0 -1
    outer loop
      vertex -70.35 -25.25 -2
      vertex -70.5 -24.2 -2
      vertex -70.3434 -24.1897 -2
    endloop
  endfacet
  facet normal 0 0 -1
    outer loop
      vertex -70.6633 -25.2295 -2
      vertex -70.5 -24.2 -2
      vertex -70.35 -25.25 -2
    endloop
  endfacet
  facet normal -0 0 -1
    outer loop
      vertex -70.5 -24.2 -2
      vertex -70.6633 -25.2295 -2
      vertex -70.6566 -24.1897 -2
    endloop
  endfacet
  facet normal 0 0 -1
    outer loop
      vertex -70.9712 -25.1682 -2
      vertex -70.6566 -24.1897 -2
      vertex -70.6633 -25.2295 -2
    endloop
  endfacet
  facet normal -0 0 -1
    outer loop
      vertex -70.6566 -24.1897 -2
      vertex -70.9712 -25.1682 -2
      vertex -70.8106 -24.1591 -2
    endloop
  endfacet
  facet normal 0 0 -1
    outer loop
      vertex -71.2684 -25.0673 -2
      vertex -70.8106 -24.1591 -2
      vertex -70.9712 -25.1682 -2
    endloop
  endfacet
  facet normal -0 0 -1
    outer loop
      vertex -70.8106 -24.1591 -2
      vertex -71.2684 -25.0673 -2
      vertex -70.9592 -24.1087 -2
    endloop
  endfacet
  facet normal 0 0 -1
    outer loop
      vertex -71.55 -24.9285 -2
      vertex -70.9592 -24.1087 -2
      vertex -71.2684 -25.0673 -2
    endloop
  endfacet
  facet normal -0 0 -1
    outer loop
      vertex -70.9592 -24.1087 -2
      vertex -71.55 -24.9285 -2
      vertex -71.1 -24.0392 -2
    endloop
  endfacet
  facet normal 0 0 -1
    outer loop
      vertex -71.811 -24.754 -2
      vertex -71.1 -24.0392 -2
      vertex -71.55 -24.9285 -2
    endloop
  endfacet
  facet normal -0 0 -1
    outer loop
      vertex -71.1 -24.0392 -2
      vertex -71.811 -24.754 -2
      vertex -71.2305 -23.952 -2
    endloop
  endfacet
  facet normal 0 0 -1
    outer loop
      vertex -72.0471 -24.5471 -2
      vertex -71.2305 -23.952 -2
      vertex -71.811 -24.754 -2
    endloop
  endfacet
  facet normal -0 0 -1
    outer loop
      vertex -71.2305 -23.952 -2
      vertex -72.0471 -24.5471 -2
      vertex -71.3485 -23.8485 -2
    endloop
  endfacet
  facet normal -0 0 -1
    outer loop
      vertex -71.3485 -23.8485 -2
      vertex -72.0471 -24.5471 -2
      vertex -71.452 -23.7305 -2
    endloop
  endfacet
  facet normal 0 0 -1
    outer loop
      vertex -72.254 -24.311 -2
      vertex -71.452 -23.7305 -2
      vertex -72.0471 -24.5471 -2
    endloop
  endfacet
  facet normal -0 0 -1
    outer loop
      vertex -71.452 -23.7305 -2
      vertex -72.254 -24.311 -2
      vertex -71.5392 -23.6 -2
    endloop
  endfacet
  facet normal 0 0 -1
    outer loop
      vertex -72.5673 -23.7684 -2
      vertex -71.6087 -23.4592 -2
      vertex -72.4285 -24.05 -2
    endloop
  endfacet
  facet normal -0 0 -1
    outer loop
      vertex -71.5392 -23.6 -2
      vertex -72.4285 -24.05 -2
      vertex -71.6087 -23.4592 -2
    endloop
  endfacet
  facet normal 0 0 -1
    outer loop
      vertex -72.4285 -24.05 -2
      vertex -71.5392 -23.6 -2
      vertex -72.254 -24.311 -2
    endloop
  endfacet
  facet normal -0 0 -1
    outer loop
      vertex 72.5673 23.7684 -2
      vertex 71.6087 23.4592 -2
      vertex 72.4285 24.05 -2
    endloop
  endfacet
  facet normal 0 0 -1
    outer loop
      vertex 71.5392 23.6 -2
      vertex 72.4285 24.05 -2
      vertex 71.6087 23.4592 -2
    endloop
  endfacet
  facet normal -0 0 -1
    outer loop
      vertex 72.4285 24.05 -2
      vertex 71.5392 23.6 -2
      vertex 72.254 24.311 -2
    endloop
  endfacet
  facet normal 0 0 -1
    outer loop
      vertex 71.452 23.7305 -2
      vertex 72.254 24.311 -2
      vertex 71.5392 23.6 -2
    endloop
  endfacet
  facet normal -0 0 -1
    outer loop
      vertex 72.254 24.311 -2
      vertex 71.452 23.7305 -2
      vertex 72.0471 24.5471 -2
    endloop
  endfacet
  facet normal 0 0 -1
    outer loop
      vertex 71.3485 23.8485 -2
      vertex 72.0471 24.5471 -2
      vertex 71.452 23.7305 -2
    endloop
  endfacet
  facet normal 0 0 -1
    outer loop
      vertex 71.2305 23.952 -2
      vertex 72.0471 24.5471 -2
      vertex 71.3485 23.8485 -2
    endloop
  endfacet
  facet normal -0 0 -1
    outer loop
      vertex 72.0471 24.5471 -2
      vertex 71.2305 23.952 -2
      vertex 71.811 24.754 -2
    endloop
  endfacet
  facet normal 0 0 -1
    outer loop
      vertex 71.1 24.0392 -2
      vertex 71.811 24.754 -2
      vertex 71.2305 23.952 -2
    endloop
  endfacet
  facet normal -0 0 -1
    outer loop
      vertex 71.811 24.754 -2
      vertex 71.1 24.0392 -2
      vertex 71.55 24.9285 -2
    endloop
  endfacet
  facet normal 0 0 -1
    outer loop
      vertex 70.9592 24.1087 -2
      vertex 71.55 24.9285 -2
      vertex 71.1 24.0392 -2
    endloop
  endfacet
  facet normal -0 0 -1
    outer loop
      vertex 71.55 24.9285 -2
      vertex 70.9592 24.1087 -2
      vertex 71.2684 25.0673 -2
    endloop
  endfacet
  facet normal 0 0 -1
    outer loop
      vertex 70.8106 24.1591 -2
      vertex 71.2684 25.0673 -2
      vertex 70.9592 24.1087 -2
    endloop
  endfacet
  facet normal -0 0 -1
    outer loop
      vertex 71.2684 25.0673 -2
      vertex 70.8106 24.1591 -2
      vertex 70.9712 25.1682 -2
    endloop
  endfacet
  facet normal 0 0 -1
    outer loop
      vertex 70.6566 24.1897 -2
      vertex 70.9712 25.1682 -2
      vertex 70.8106 24.1591 -2
    endloop
  endfacet
  facet normal -0 0 -1
    outer loop
      vertex 70.9712 25.1682 -2
      vertex 70.6566 24.1897 -2
      vertex 70.6633 25.2295 -2
    endloop
  endfacet
  facet normal 0 0 -1
    outer loop
      vertex 70.5 24.2 -2
      vertex 70.6633 25.2295 -2
      vertex 70.6566 24.1897 -2
    endloop
  endfacet
  facet normal 0 0 -1
    outer loop
      vertex 70.5 24.2 -2
      vertex 70.35 25.25 -2
      vertex 70.6633 25.2295 -2
    endloop
  endfacet
  facet normal 0 0 -1
    outer loop
      vertex 70.3434 24.1897 -2
      vertex 70.35 25.25 -2
      vertex 70.5 24.2 -2
    endloop
  endfacet
  facet normal 0 0 -1
    outer loop
      vertex 70.1894 24.1591 -2
      vertex 70.35 25.25 -2
      vertex 70.3434 24.1897 -2
    endloop
  endfacet
  facet normal 0 0 -1
    outer loop
      vertex 70.0408 24.1087 -2
      vertex 70.35 25.25 -2
      vertex 70.1894 24.1591 -2
    endloop
  endfacet
  facet normal 0 0 -1
    outer loop
      vertex 69.9 24.0392 -2
      vertex 70.35 25.25 -2
      vertex 70.0408 24.1087 -2
    endloop
  endfacet
  facet normal 0 0 -1
    outer loop
      vertex 69.7695 23.952 -2
      vertex 70.35 25.25 -2
      vertex 69.9 24.0392 -2
    endloop
  endfacet
  facet normal 0 0 -1
    outer loop
      vertex 69.6515 23.8485 -2
      vertex 70.35 25.25 -2
      vertex 69.7695 23.952 -2
    endloop
  endfacet
  facet normal 0 0 -1
    outer loop
      vertex 69.548 23.7305 -2
      vertex 70.35 25.25 -2
      vertex 69.6515 23.8485 -2
    endloop
  endfacet
  facet normal 0 0 -1
    outer loop
      vertex 69.4608 23.6 -2
      vertex 70.35 25.25 -2
      vertex 69.548 23.7305 -2
    endloop
  endfacet
  facet normal -0 0 -1
    outer loop
      vertex 69.3103 22.8434 -2
      vertex 66.25 18.75 -2
      vertex 69.3 23 -2
    endloop
  endfacet
  facet normal -0 0 -1
    outer loop
      vertex 69.3 23 -2
      vertex 66.25 18.75 -2
      vertex 69.3103 23.1566 -2
    endloop
  endfacet
  facet normal 0 0 -1
    outer loop
      vertex 66.25 18.75 -2
      vertex 69.3409 23.3106 -2
      vertex 69.3103 23.1566 -2
    endloop
  endfacet
  facet normal 0 0 -1
    outer loop
      vertex 66.25 18.75 -2
      vertex 69.3913 23.4592 -2
      vertex 69.3409 23.3106 -2
    endloop
  endfacet
  facet normal 0 0 -1
    outer loop
      vertex 66.25 18.75 -2
      vertex 69.4608 23.6 -2
      vertex 69.3913 23.4592 -2
    endloop
  endfacet
  facet normal 0 0 -1
    outer loop
      vertex 66.25 18.75 -2
      vertex 70.35 25.25 -2
      vertex 69.4608 23.6 -2
    endloop
  endfacet
  facet normal 0 0 -1
    outer loop
      vertex -66.25 18.75 -2
      vertex 70.35 25.25 -2
      vertex 66.25 18.75 -2
    endloop
  endfacet
  facet normal 0 0 -1
    outer loop
      vertex -69.3409 -22.6894 -2
      vertex -66.25 -18.75 -2
      vertex -69.3103 -22.8434 -2
    endloop
  endfacet
  facet normal 0 0 -1
    outer loop
      vertex -69.3103 23.1566 -2
      vertex -66.25 18.75 -2
      vertex -69.3 23 -2
    endloop
  endfacet
  facet normal 0 0 -1
    outer loop
      vertex -69.3409 23.3106 -2
      vertex -66.25 18.75 -2
      vertex -69.3103 23.1566 -2
    endloop
  endfacet
  facet normal 0 0 -1
    outer loop
      vertex -69.3913 23.4592 -2
      vertex -66.25 18.75 -2
      vertex -69.3409 23.3106 -2
    endloop
  endfacet
  facet normal 0 0 -1
    outer loop
      vertex -69.4608 23.6 -2
      vertex -66.25 18.75 -2
      vertex -69.3913 23.4592 -2
    endloop
  endfacet
  facet normal 0 0 -1
    outer loop
      vertex -70.35 25.25 -2
      vertex -66.25 18.75 -2
      vertex -69.4608 23.6 -2
    endloop
  endfacet
  facet normal 0 0 -1
    outer loop
      vertex -70.35 25.25 -2
      vertex -69.4608 23.6 -2
      vertex -69.548 23.7305 -2
    endloop
  endfacet
  facet normal 0 0 -1
    outer loop
      vertex -70.35 25.25 -2
      vertex -69.548 23.7305 -2
      vertex -69.6515 23.8485 -2
    endloop
  endfacet
  facet normal 0 0 -1
    outer loop
      vertex -70.35 25.25 -2
      vertex -69.6515 23.8485 -2
      vertex -69.7695 23.952 -2
    endloop
  endfacet
  facet normal 0 0 -1
    outer loop
      vertex -70.35 25.25 -2
      vertex -69.7695 23.952 -2
      vertex -69.9 24.0392 -2
    endloop
  endfacet
  facet normal 0 0 -1
    outer loop
      vertex -70.35 25.25 -2
      vertex -69.9 24.0392 -2
      vertex -70.0408 24.1087 -2
    endloop
  endfacet
  facet normal 0 0 -1
    outer loop
      vertex -70.35 25.25 -2
      vertex -70.0408 24.1087 -2
      vertex -70.1894 24.1591 -2
    endloop
  endfacet
  facet normal 0 0 -1
    outer loop
      vertex -70.35 25.25 -2
      vertex -70.1894 24.1591 -2
      vertex -70.3434 24.1897 -2
    endloop
  endfacet
  facet normal 0 0 -1
    outer loop
      vertex -66.25 18.75 -2
      vertex -70.35 25.25 -2
      vertex 70.35 25.25 -2
    endloop
  endfacet
  facet normal 0 0 -1
    outer loop
      vertex -70.5 24.2 -2
      vertex -70.35 25.25 -2
      vertex -70.3434 24.1897 -2
    endloop
  endfacet
  facet normal 0 0 -1
    outer loop
      vertex -70.6633 25.2295 -2
      vertex -70.5 24.2 -2
      vertex -70.6566 24.1897 -2
    endloop
  endfacet
  facet normal 0 0 -1
    outer loop
      vertex -70.5 24.2 -2
      vertex -70.6633 25.2295 -2
      vertex -70.35 25.25 -2
    endloop
  endfacet
  facet normal 0 0 -1
    outer loop
      vertex -70.9712 25.1682 -2
      vertex -70.6566 24.1897 -2
      vertex -70.8106 24.1591 -2
    endloop
  endfacet
  facet normal 0 0 -1
    outer loop
      vertex -71.2684 25.0673 -2
      vertex -70.8106 24.1591 -2
      vertex -70.9592 24.1087 -2
    endloop
  endfacet
  facet normal 0 0 -1
    outer loop
      vertex -70.6566 24.1897 -2
      vertex -70.9712 25.1682 -2
      vertex -70.6633 25.2295 -2
    endloop
  endfacet
  facet normal 0 0 -1
    outer loop
      vertex -71.55 24.9285 -2
      vertex -70.9592 24.1087 -2
      vertex -71.1 24.0392 -2
    endloop
  endfacet
  facet normal 0 0 -1
    outer loop
      vertex -71.811 24.754 -2
      vertex -71.1 24.0392 -2
      vertex -71.2305 23.952 -2
    endloop
  endfacet
  facet normal 0 0 -1
    outer loop
      vertex -70.8106 24.1591 -2
      vertex -71.2684 25.0673 -2
      vertex -70.9712 25.1682 -2
    endloop
  endfacet
  facet normal 0 0 -1
    outer loop
      vertex -72.0471 24.5471 -2
      vertex -71.2305 23.952 -2
      vertex -71.3485 23.8485 -2
    endloop
  endfacet
  facet normal 0 0 -1
    outer loop
      vertex -72.0471 24.5471 -2
      vertex -71.3485 23.8485 -2
      vertex -71.452 23.7305 -2
    endloop
  endfacet
  facet normal 0 0 -1
    outer loop
      vertex -72.254 24.311 -2
      vertex -71.452 23.7305 -2
      vertex -71.5392 23.6 -2
    endloop
  endfacet
  facet normal 0 0 -1
    outer loop
      vertex -70.9592 24.1087 -2
      vertex -71.55 24.9285 -2
      vertex -71.2684 25.0673 -2
    endloop
  endfacet
  facet normal 0 0 -1
    outer loop
      vertex -72.4285 24.05 -2
      vertex -71.5392 23.6 -2
      vertex -71.6087 23.4592 -2
    endloop
  endfacet
  facet normal 0 0 -1
    outer loop
      vertex -72.5673 23.7684 -2
      vertex -71.6087 23.4592 -2
      vertex -71.6591 23.3106 -2
    endloop
  endfacet
  facet normal 0 0 -1
    outer loop
      vertex -72.6682 23.4712 -2
      vertex -71.6591 23.3106 -2
      vertex -71.6897 23.1566 -2
    endloop
  endfacet
  facet normal 0 0 -1
    outer loop
      vertex -71.1 24.0392 -2
      vertex -71.811 24.754 -2
      vertex -71.55 24.9285 -2
    endloop
  endfacet
  facet normal 0 0 -1
    outer loop
      vertex -72.7295 23.1633 -2
      vertex -71.6897 23.1566 -2
      vertex -71.7 23 -2
    endloop
  endfacet
  facet normal 0 0 -1
    outer loop
      vertex -71.6591 22.6894 -2
      vertex -72.75 22.85 -2
      vertex -71.6897 22.8434 -2
    endloop
  endfacet
  facet normal -0 0 -1
    outer loop
      vertex -71.6087 -23.4592 -2
      vertex -72.5673 -23.7684 -2
      vertex -71.6591 -23.3106 -2
    endloop
  endfacet
  facet normal 0 0 -1
    outer loop
      vertex -71.6897 22.8434 -2
      vertex -72.75 22.85 -2
      vertex -71.7 23 -2
    endloop
  endfacet
  facet normal 0 0 -1
    outer loop
      vertex -72.6682 -23.4712 -2
      vertex -71.6591 -23.3106 -2
      vertex -72.5673 -23.7684 -2
    endloop
  endfacet
  facet normal 0 -0 -1
    outer loop
      vertex -72.7295 23.1633 -2
      vertex -71.7 23 -2
      vertex -72.75 22.85 -2
    endloop
  endfacet
  facet normal -0 0 -1
    outer loop
      vertex -71.6591 -23.3106 -2
      vertex -72.6682 -23.4712 -2
      vertex -71.6897 -23.1566 -2
    endloop
  endfacet
  facet normal 0 0 -1
    outer loop
      vertex -71.2305 23.952 -2
      vertex -72.0471 24.5471 -2
      vertex -71.811 24.754 -2
    endloop
  endfacet
  facet normal 0 0 -1
    outer loop
      vertex -72.7295 -23.1633 -2
      vertex -71.6897 -23.1566 -2
      vertex -72.6682 -23.4712 -2
    endloop
  endfacet
  facet normal 0 0 -1
    outer loop
      vertex -71.452 23.7305 -2
      vertex -72.254 24.311 -2
      vertex -72.0471 24.5471 -2
    endloop
  endfacet
  facet normal -0 0 -1
    outer loop
      vertex -71.6897 -23.1566 -2
      vertex -72.7295 -23.1633 -2
      vertex -71.7 -23 -2
    endloop
  endfacet
  facet normal 0 0 -1
    outer loop
      vertex -71.5392 23.6 -2
      vertex -72.4285 24.05 -2
      vertex -72.254 24.311 -2
    endloop
  endfacet
  facet normal -0 0 -1
    outer loop
      vertex -71.7 -23 -2
      vertex -72.7295 -23.1633 -2
      vertex -72.75 -22.85 -2
    endloop
  endfacet
  facet normal 0 0 -1
    outer loop
      vertex -71.6087 23.4592 -2
      vertex -72.5673 23.7684 -2
      vertex -72.4285 24.05 -2
    endloop
  endfacet
  facet normal 0 0 -1
    outer loop
      vertex -71.6591 23.3106 -2
      vertex -72.6682 23.4712 -2
      vertex -72.5673 23.7684 -2
    endloop
  endfacet
  facet normal 0 0 -1
    outer loop
      vertex -71.6897 23.1566 -2
      vertex -72.7295 23.1633 -2
      vertex -72.6682 23.4712 -2
    endloop
  endfacet
  facet normal 0.32148 -0.946916 0
    outer loop
      vertex 70.9712 -25.1682 -2
      vertex 71.2684 -25.0673 0
      vertex 70.9712 -25.1682 0
    endloop
  endfacet
  facet normal 0.32148 -0.946916 0
    outer loop
      vertex 71.2684 -25.0673 0
      vertex 70.9712 -25.1682 -2
      vertex 71.2684 -25.0673 -2
    endloop
  endfacet
  facet normal -0.980752 0.195258 0
    outer loop
      vertex -72.7295 23.1633 -2
      vertex -72.6682 23.4712 0
      vertex -72.6682 23.4712 -2
    endloop
  endfacet
  facet normal -0.980752 0.195258 0
    outer loop
      vertex -72.6682 23.4712 0
      vertex -72.7295 23.1633 -2
      vertex -72.7295 23.1633 0
    endloop
  endfacet
  facet normal -0.195258 0.980752 0
    outer loop
      vertex -70.6633 25.2295 -2
      vertex -70.9712 25.1682 0
      vertex -70.6633 25.2295 0
    endloop
  endfacet
  facet normal -0.195258 0.980752 0
    outer loop
      vertex -70.9712 25.1682 0
      vertex -70.6633 25.2295 -2
      vertex -70.9712 25.1682 -2
    endloop
  endfacet
  facet normal -0.752083 -0.659068 0
    outer loop
      vertex -72.0471 -24.5471 -2
      vertex -72.254 -24.311 0
      vertex -72.254 -24.311 -2
    endloop
  endfacet
  facet normal -0.752083 -0.659068 0
    outer loop
      vertex -72.254 -24.311 0
      vertex -72.0471 -24.5471 -2
      vertex -72.0471 -24.5471 0
    endloop
  endfacet
  facet normal -0.659068 -0.752083 0
    outer loop
      vertex -72.0471 -24.5471 -2
      vertex -71.811 -24.754 0
      vertex -72.0471 -24.5471 0
    endloop
  endfacet
  facet normal -0.659068 -0.752083 -0
    outer loop
      vertex -71.811 -24.754 0
      vertex -72.0471 -24.5471 -2
      vertex -71.811 -24.754 -2
    endloop
  endfacet
  facet normal 0.195258 -0.980752 0
    outer loop
      vertex 70.6633 -25.2295 -2
      vertex 70.9712 -25.1682 0
      vertex 70.6633 -25.2295 0
    endloop
  endfacet
  facet normal 0.195258 -0.980752 0
    outer loop
      vertex 70.9712 -25.1682 0
      vertex 70.6633 -25.2295 -2
      vertex 70.9712 -25.1682 -2
    endloop
  endfacet
  facet normal 1 -0 0
    outer loop
      vertex 72.75 -22.85 0
      vertex 72.75 22.85 -2
      vertex 72.75 22.85 0
    endloop
  endfacet
  facet normal 1 0 0
    outer loop
      vertex 72.75 22.85 -2
      vertex 72.75 -22.85 0
      vertex 72.75 -22.85 -2
    endloop
  endfacet
  facet normal 0.980752 -0.195258 0
    outer loop
      vertex 72.6682 -23.4712 0
      vertex 72.7295 -23.1633 -2
      vertex 72.7295 -23.1633 0
    endloop
  endfacet
  facet normal 0.980752 -0.195258 0
    outer loop
      vertex 72.7295 -23.1633 -2
      vertex 72.6682 -23.4712 0
      vertex 72.6682 -23.4712 -2
    endloop
  endfacet
  facet normal -0.0652929 -0.997866 0
    outer loop
      vertex -70.6633 -25.2295 -2
      vertex -70.35 -25.25 0
      vertex -70.6633 -25.2295 0
    endloop
  endfacet
  facet normal -0.0652929 -0.997866 -0
    outer loop
      vertex -70.35 -25.25 0
      vertex -70.6633 -25.2295 -2
      vertex -70.35 -25.25 -2
    endloop
  endfacet
  facet normal -0.195258 -0.980752 0
    outer loop
      vertex -70.9712 -25.1682 -2
      vertex -70.6633 -25.2295 0
      vertex -70.9712 -25.1682 0
    endloop
  endfacet
  facet normal -0.195258 -0.980752 -0
    outer loop
      vertex -70.6633 -25.2295 0
      vertex -70.9712 -25.1682 -2
      vertex -70.6633 -25.2295 -2
    endloop
  endfacet
  facet normal -0.32148 0.946916 0
    outer loop
      vertex -70.9712 25.1682 -2
      vertex -71.2684 25.0673 0
      vertex -70.9712 25.1682 0
    endloop
  endfacet
  facet normal -0.32148 0.946916 0
    outer loop
      vertex -71.2684 25.0673 0
      vertex -70.9712 25.1682 -2
      vertex -71.2684 25.0673 -2
    endloop
  endfacet
  facet normal -0.752083 0.659068 0
    outer loop
      vertex -72.254 24.311 -2
      vertex -72.0471 24.5471 0
      vertex -72.0471 24.5471 -2
    endloop
  endfacet
  facet normal -0.752083 0.659068 0
    outer loop
      vertex -72.0471 24.5471 0
      vertex -72.254 24.311 -2
      vertex -72.254 24.311 0
    endloop
  endfacet
  facet normal -0.946916 0.32148 0
    outer loop
      vertex -72.6682 23.4712 -2
      vertex -72.5673 23.7684 0
      vertex -72.5673 23.7684 -2
    endloop
  endfacet
  facet normal -0.946916 0.32148 0
    outer loop
      vertex -72.5673 23.7684 0
      vertex -72.6682 23.4712 -2
      vertex -72.6682 23.4712 0
    endloop
  endfacet
  facet normal -0.946916 -0.32148 0
    outer loop
      vertex -72.5673 -23.7684 -2
      vertex -72.6682 -23.4712 0
      vertex -72.6682 -23.4712 -2
    endloop
  endfacet
  facet normal -0.946916 -0.32148 0
    outer loop
      vertex -72.6682 -23.4712 0
      vertex -72.5673 -23.7684 -2
      vertex -72.5673 -23.7684 0
    endloop
  endfacet
  facet normal -0.997866 -0.0652929 0
    outer loop
      vertex -72.7295 -23.1633 -2
      vertex -72.75 -22.85 0
      vertex -72.75 -22.85 -2
    endloop
  endfacet
  facet normal -0.997866 -0.0652929 0
    outer loop
      vertex -72.75 -22.85 0
      vertex -72.7295 -23.1633 -2
      vertex -72.7295 -23.1633 0
    endloop
  endfacet
  facet normal 0.0652929 -0.997866 0
    outer loop
      vertex 70.35 -25.25 -2
      vertex 70.6633 -25.2295 0
      vertex 70.35 -25.25 0
    endloop
  endfacet
  facet normal 0.0652929 -0.997866 0
    outer loop
      vertex 70.6633 -25.2295 0
      vertex 70.35 -25.25 -2
      vertex 70.6633 -25.2295 -2
    endloop
  endfacet
  facet normal -0.44211 -0.896961 0
    outer loop
      vertex -71.55 -24.9285 -2
      vertex -71.2684 -25.0673 0
      vertex -71.55 -24.9285 0
    endloop
  endfacet
  facet normal -0.44211 -0.896961 -0
    outer loop
      vertex -71.2684 -25.0673 0
      vertex -71.55 -24.9285 -2
      vertex -71.2684 -25.0673 -2
    endloop
  endfacet
  facet normal -0.555802 -0.831315 0
    outer loop
      vertex -71.811 -24.754 -2
      vertex -71.55 -24.9285 0
      vertex -71.811 -24.754 0
    endloop
  endfacet
  facet normal -0.555802 -0.831315 -0
    outer loop
      vertex -71.55 -24.9285 0
      vertex -71.811 -24.754 -2
      vertex -71.55 -24.9285 -2
    endloop
  endfacet
  facet normal -0.0652929 0.997866 0
    outer loop
      vertex -70.35 25.25 -2
      vertex -70.6633 25.2295 0
      vertex -70.35 25.25 0
    endloop
  endfacet
  facet normal -0.0652929 0.997866 0
    outer loop
      vertex -70.6633 25.2295 0
      vertex -70.35 25.25 -2
      vertex -70.6633 25.2295 -2
    endloop
  endfacet
  facet normal -0.44211 0.896961 0
    outer loop
      vertex -71.2684 25.0673 -2
      vertex -71.55 24.9285 0
      vertex -71.2684 25.0673 0
    endloop
  endfacet
  facet normal -0.44211 0.896961 0
    outer loop
      vertex -71.55 24.9285 0
      vertex -71.2684 25.0673 -2
      vertex -71.55 24.9285 -2
    endloop
  endfacet
  facet normal -0.659068 0.752083 0
    outer loop
      vertex -71.811 24.754 -2
      vertex -72.0471 24.5471 0
      vertex -71.811 24.754 0
    endloop
  endfacet
  facet normal -0.659068 0.752083 0
    outer loop
      vertex -72.0471 24.5471 0
      vertex -71.811 24.754 -2
      vertex -72.0471 24.5471 -2
    endloop
  endfacet
  facet normal -0.896961 -0.44211 0
    outer loop
      vertex -72.4285 -24.05 -2
      vertex -72.5673 -23.7684 0
      vertex -72.5673 -23.7684 -2
    endloop
  endfacet
  facet normal -0.896961 -0.44211 0
    outer loop
      vertex -72.5673 -23.7684 0
      vertex -72.4285 -24.05 -2
      vertex -72.4285 -24.05 0
    endloop
  endfacet
  facet normal -0.980752 -0.195258 0
    outer loop
      vertex -72.6682 -23.4712 -2
      vertex -72.7295 -23.1633 0
      vertex -72.7295 -23.1633 -2
    endloop
  endfacet
  facet normal -0.980752 -0.195258 0
    outer loop
      vertex -72.7295 -23.1633 0
      vertex -72.6682 -23.4712 -2
      vertex -72.6682 -23.4712 0
    endloop
  endfacet
  facet normal 0.752083 0.659068 0
    outer loop
      vertex 72.254 24.311 0
      vertex 72.0471 24.5471 -2
      vertex 72.0471 24.5471 0
    endloop
  endfacet
  facet normal 0.752083 0.659068 0
    outer loop
      vertex 72.0471 24.5471 -2
      vertex 72.254 24.311 0
      vertex 72.254 24.311 -2
    endloop
  endfacet
  facet normal 0.32148 0.946916 -0
    outer loop
      vertex 71.2684 25.0673 -2
      vertex 70.9712 25.1682 0
      vertex 71.2684 25.0673 0
    endloop
  endfacet
  facet normal 0.32148 0.946916 0
    outer loop
      vertex 70.9712 25.1682 0
      vertex 71.2684 25.0673 -2
      vertex 70.9712 25.1682 -2
    endloop
  endfacet
  facet normal 0.0652929 0.997866 -0
    outer loop
      vertex 70.6633 25.2295 -2
      vertex 70.35 25.25 0
      vertex 70.6633 25.2295 0
    endloop
  endfacet
  facet normal 0.0652929 0.997866 0
    outer loop
      vertex 70.35 25.25 0
      vertex 70.6633 25.2295 -2
      vertex 70.35 25.25 -2
    endloop
  endfacet
  facet normal 0.195258 0.980752 -0
    outer loop
      vertex 70.9712 25.1682 -2
      vertex 70.6633 25.2295 0
      vertex 70.9712 25.1682 0
    endloop
  endfacet
  facet normal 0.195258 0.980752 0
    outer loop
      vertex 70.6633 25.2295 0
      vertex 70.9712 25.1682 -2
      vertex 70.6633 25.2295 -2
    endloop
  endfacet
  facet normal 0.997866 -0.0652929 0
    outer loop
      vertex 72.7295 -23.1633 0
      vertex 72.75 -22.85 -2
      vertex 72.75 -22.85 0
    endloop
  endfacet
  facet normal 0.997866 -0.0652929 0
    outer loop
      vertex 72.75 -22.85 -2
      vertex 72.7295 -23.1633 0
      vertex 72.7295 -23.1633 -2
    endloop
  endfacet
  facet normal 0.831315 -0.555802 0
    outer loop
      vertex 72.254 -24.311 0
      vertex 72.4285 -24.05 -2
      vertex 72.4285 -24.05 0
    endloop
  endfacet
  facet normal 0.831315 -0.555802 0
    outer loop
      vertex 72.4285 -24.05 -2
      vertex 72.254 -24.311 0
      vertex 72.254 -24.311 -2
    endloop
  endfacet
  facet normal 0.659068 -0.752083 0
    outer loop
      vertex 71.811 -24.754 -2
      vertex 72.0471 -24.5471 0
      vertex 71.811 -24.754 0
    endloop
  endfacet
  facet normal 0.659068 -0.752083 0
    outer loop
      vertex 72.0471 -24.5471 0
      vertex 71.811 -24.754 -2
      vertex 72.0471 -24.5471 -2
    endloop
  endfacet
  facet normal -0.555802 0.831315 0
    outer loop
      vertex -71.55 24.9285 -2
      vertex -71.811 24.754 0
      vertex -71.55 24.9285 0
    endloop
  endfacet
  facet normal -0.555802 0.831315 0
    outer loop
      vertex -71.811 24.754 0
      vertex -71.55 24.9285 -2
      vertex -71.811 24.754 -2
    endloop
  endfacet
  facet normal -0.896961 0.44211 0
    outer loop
      vertex -72.5673 23.7684 -2
      vertex -72.4285 24.05 0
      vertex -72.4285 24.05 -2
    endloop
  endfacet
  facet normal -0.896961 0.44211 0
    outer loop
      vertex -72.4285 24.05 0
      vertex -72.5673 23.7684 -2
      vertex -72.5673 23.7684 0
    endloop
  endfacet
  facet normal -0.831315 0.555802 0
    outer loop
      vertex -72.4285 24.05 -2
      vertex -72.254 24.311 0
      vertex -72.254 24.311 -2
    endloop
  endfacet
  facet normal -0.831315 0.555802 0
    outer loop
      vertex -72.254 24.311 0
      vertex -72.4285 24.05 -2
      vertex -72.4285 24.05 0
    endloop
  endfacet
  facet normal -0.831315 -0.555802 0
    outer loop
      vertex -72.254 -24.311 -2
      vertex -72.4285 -24.05 0
      vertex -72.4285 -24.05 -2
    endloop
  endfacet
  facet normal -0.831315 -0.555802 0
    outer loop
      vertex -72.4285 -24.05 0
      vertex -72.254 -24.311 -2
      vertex -72.254 -24.311 0
    endloop
  endfacet
  facet normal 0.44211 0.896961 -0
    outer loop
      vertex 71.55 24.9285 -2
      vertex 71.2684 25.0673 0
      vertex 71.55 24.9285 0
    endloop
  endfacet
  facet normal 0.44211 0.896961 0
    outer loop
      vertex 71.2684 25.0673 0
      vertex 71.55 24.9285 -2
      vertex 71.2684 25.0673 -2
    endloop
  endfacet
  facet normal 0.980752 0.195258 0
    outer loop
      vertex 72.7295 23.1633 0
      vertex 72.6682 23.4712 -2
      vertex 72.6682 23.4712 0
    endloop
  endfacet
  facet normal 0.980752 0.195258 0
    outer loop
      vertex 72.6682 23.4712 -2
      vertex 72.7295 23.1633 0
      vertex 72.7295 23.1633 -2
    endloop
  endfacet
  facet normal 0.831315 0.555802 0
    outer loop
      vertex 72.4285 24.05 0
      vertex 72.254 24.311 -2
      vertex 72.254 24.311 0
    endloop
  endfacet
  facet normal 0.831315 0.555802 0
    outer loop
      vertex 72.254 24.311 -2
      vertex 72.4285 24.05 0
      vertex 72.4285 24.05 -2
    endloop
  endfacet
  facet normal 0.896961 0.44211 0
    outer loop
      vertex 72.5673 23.7684 0
      vertex 72.4285 24.05 -2
      vertex 72.4285 24.05 0
    endloop
  endfacet
  facet normal 0.896961 0.44211 0
    outer loop
      vertex 72.4285 24.05 -2
      vertex 72.5673 23.7684 0
      vertex 72.5673 23.7684 -2
    endloop
  endfacet
  facet normal 0.659068 0.752083 -0
    outer loop
      vertex 72.0471 24.5471 -2
      vertex 71.811 24.754 0
      vertex 72.0471 24.5471 0
    endloop
  endfacet
  facet normal 0.659068 0.752083 0
    outer loop
      vertex 71.811 24.754 0
      vertex 72.0471 24.5471 -2
      vertex 71.811 24.754 -2
    endloop
  endfacet
  facet normal 0.946916 -0.32148 0
    outer loop
      vertex 72.5673 -23.7684 0
      vertex 72.6682 -23.4712 -2
      vertex 72.6682 -23.4712 0
    endloop
  endfacet
  facet normal 0.946916 -0.32148 0
    outer loop
      vertex 72.6682 -23.4712 -2
      vertex 72.5673 -23.7684 0
      vertex 72.5673 -23.7684 -2
    endloop
  endfacet
  facet normal 0.896961 -0.44211 0
    outer loop
      vertex 72.4285 -24.05 0
      vertex 72.5673 -23.7684 -2
      vertex 72.5673 -23.7684 0
    endloop
  endfacet
  facet normal 0.896961 -0.44211 0
    outer loop
      vertex 72.5673 -23.7684 -2
      vertex 72.4285 -24.05 0
      vertex 72.4285 -24.05 -2
    endloop
  endfacet
  facet normal 0.44211 -0.896961 0
    outer loop
      vertex 71.2684 -25.0673 -2
      vertex 71.55 -24.9285 0
      vertex 71.2684 -25.0673 0
    endloop
  endfacet
  facet normal 0.44211 -0.896961 0
    outer loop
      vertex 71.55 -24.9285 0
      vertex 71.2684 -25.0673 -2
      vertex 71.55 -24.9285 -2
    endloop
  endfacet
  facet normal 0.752083 -0.659068 0
    outer loop
      vertex 72.0471 -24.5471 0
      vertex 72.254 -24.311 -2
      vertex 72.254 -24.311 0
    endloop
  endfacet
  facet normal 0.752083 -0.659068 0
    outer loop
      vertex 72.254 -24.311 -2
      vertex 72.0471 -24.5471 0
      vertex 72.0471 -24.5471 -2
    endloop
  endfacet
  facet normal 0.997866 0.0652929 0
    outer loop
      vertex 72.75 22.85 0
      vertex 72.7295 23.1633 -2
      vertex 72.7295 23.1633 0
    endloop
  endfacet
  facet normal 0.997866 0.0652929 0
    outer loop
      vertex 72.7295 23.1633 -2
      vertex 72.75 22.85 0
      vertex 72.75 22.85 -2
    endloop
  endfacet
  facet normal 0.555802 0.831315 -0
    outer loop
      vertex 71.811 24.754 -2
      vertex 71.55 24.9285 0
      vertex 71.811 24.754 0
    endloop
  endfacet
  facet normal 0.555802 0.831315 0
    outer loop
      vertex 71.55 24.9285 0
      vertex 71.811 24.754 -2
      vertex 71.55 24.9285 -2
    endloop
  endfacet
  facet normal 0.555802 -0.831315 0
    outer loop
      vertex 71.55 -24.9285 -2
      vertex 71.811 -24.754 0
      vertex 71.55 -24.9285 0
    endloop
  endfacet
  facet normal 0.555802 -0.831315 0
    outer loop
      vertex 71.811 -24.754 0
      vertex 71.55 -24.9285 -2
      vertex 71.811 -24.754 -2
    endloop
  endfacet
  facet normal 1 -0 0
    outer loop
      vertex -66.25 -18.75 0
      vertex -66.25 18.75 -2
      vertex -66.25 18.75 0
    endloop
  endfacet
  facet normal 1 0 0
    outer loop
      vertex -66.25 18.75 -2
      vertex -66.25 -18.75 0
      vertex -66.25 -18.75 -2
    endloop
  endfacet
  facet normal -1 0 0
    outer loop
      vertex 66.25 -18.75 -2
      vertex 66.25 18.75 0
      vertex 66.25 18.75 -2
    endloop
  endfacet
  facet normal -1 -0 0
    outer loop
      vertex 66.25 18.75 0
      vertex 66.25 -18.75 -2
      vertex 66.25 -18.75 0
    endloop
  endfacet
  facet normal 0 -1 0
    outer loop
      vertex -66.25 18.75 -2
      vertex 66.25 18.75 0
      vertex -66.25 18.75 0
    endloop
  endfacet
  facet normal 0 -1 -0
    outer loop
      vertex 66.25 18.75 0
      vertex -66.25 18.75 -2
      vertex 66.25 18.75 -2
    endloop
  endfacet
  facet normal 0 1 -0
    outer loop
      vertex 21.7029 -18.75 -2
      vertex -66.25 -18.75 0
      vertex 21.7029 -18.75 0
    endloop
  endfacet
  facet normal 0 1 0
    outer loop
      vertex -66.25 -18.75 0
      vertex 21.7029 -18.75 -2
      vertex -66.25 -18.75 -2
    endloop
  endfacet
  facet normal 0 1 -0
    outer loop
      vertex 66.25 -18.75 -2
      vertex 28.2971 -18.75 0
      vertex 66.25 -18.75 0
    endloop
  endfacet
  facet normal 0 1 0
    outer loop
      vertex 28.2971 -18.75 0
      vertex 66.25 -18.75 -2
      vertex 28.2971 -18.75 -2
    endloop
  endfacet
  facet normal -0 0 1
    outer loop
      vertex -68.6033 21.905 3
      vertex -43.0026 11.2437 3
      vertex -68.4773 22.1605 3
    endloop
  endfacet
  facet normal 0 0 1
    outer loop
      vertex -43.0026 8.75628 3
      vertex -68.31 -22.9984 3
      vertex -68.3099 -23 3
    endloop
  endfacet
  facet normal 0 0 1
    outer loop
      vertex -43.0026 11.2437 3
      vertex -68.6033 21.905 3
      vertex -43.1393 10.8412 3
    endloop
  endfacet
  facet normal 0 0 1
    outer loop
      vertex -43.0026 8.75628 3
      vertex -68.3286 -22.7141 3
      vertex -68.31 -22.9984 3
    endloop
  endfacet
  facet normal -0 0 1
    outer loop
      vertex -68.6042 21.9037 3
      vertex -43.1393 10.8412 3
      vertex -68.6033 21.905 3
    endloop
  endfacet
  facet normal 0 0 1
    outer loop
      vertex -43.0026 8.75628 3
      vertex -68.3842 -22.4347 3
      vertex -68.3286 -22.7141 3
    endloop
  endfacet
  facet normal -0 0 1
    outer loop
      vertex -68.7625 21.6668 3
      vertex -43.1393 10.8412 3
      vertex -68.6042 21.9037 3
    endloop
  endfacet
  facet normal 0 0 1
    outer loop
      vertex -43.0026 8.75628 3
      vertex -68.3845 -22.4332 3
      vertex -68.3842 -22.4347 3
    endloop
  endfacet
  facet normal 0 0 1
    outer loop
      vertex -43.1393 10.8412 3
      vertex -68.7625 21.6668 3
      vertex -43.2222 10.4242 3
    endloop
  endfacet
  facet normal 0 0 1
    outer loop
      vertex -43.0026 8.75628 3
      vertex -68.385 -22.4317 3
      vertex -68.3845 -22.4332 3
    endloop
  endfacet
  facet normal -0 0 1
    outer loop
      vertex -68.9503 21.4525 3
      vertex -43.2222 10.4242 3
      vertex -68.7625 21.6668 3
    endloop
  endfacet
  facet normal 0 0 1
    outer loop
      vertex -43.0026 8.75628 3
      vertex -68.4766 -22.1619 3
      vertex -68.385 -22.4317 3
    endloop
  endfacet
  facet normal -0 0 1
    outer loop
      vertex -68.9514 21.4514 3
      vertex -43.2222 10.4242 3
      vertex -68.9503 21.4525 3
    endloop
  endfacet
  facet normal 0 0 1
    outer loop
      vertex -43.0026 8.75628 3
      vertex -68.4773 -22.1605 3
      vertex -68.4766 -22.1619 3
    endloop
  endfacet
  facet normal 0 0 1
    outer loop
      vertex -43.2222 10.4242 3
      vertex -68.9514 21.4514 3
      vertex -43.25 10 3
    endloop
  endfacet
  facet normal 0 0 1
    outer loop
      vertex -43.0026 8.75628 3
      vertex -68.6033 -21.905 3
      vertex -68.4773 -22.1605 3
    endloop
  endfacet
  facet normal -0 0 1
    outer loop
      vertex -68.9525 21.4503 3
      vertex -43.25 10 3
      vertex -68.9514 21.4514 3
    endloop
  endfacet
  facet normal 0 0 1
    outer loop
      vertex -43.0026 8.75628 3
      vertex -68.6042 -21.9037 3
      vertex -68.6033 -21.905 3
    endloop
  endfacet
  facet normal -0 0 1
    outer loop
      vertex -69.1668 21.2625 3
      vertex -43.25 10 3
      vertex -68.9525 21.4503 3
    endloop
  endfacet
  facet normal 0 0 1
    outer loop
      vertex -43.0026 8.75628 3
      vertex -68.7625 -21.6668 3
      vertex -68.6042 -21.9037 3
    endloop
  endfacet
  facet normal 0 0 1
    outer loop
      vertex -43.25 10 3
      vertex -69.1668 21.2625 3
      vertex -43.2222 9.57579 3
    endloop
  endfacet
  facet normal 0 0 1
    outer loop
      vertex -43.0026 8.75628 3
      vertex -68.9503 -21.4525 3
      vertex -68.7625 -21.6668 3
    endloop
  endfacet
  facet normal -0 0 1
    outer loop
      vertex -69.4037 21.1042 3
      vertex -43.2222 9.57579 3
      vertex -69.1668 21.2625 3
    endloop
  endfacet
  facet normal 0 0 1
    outer loop
      vertex -43.0026 8.75628 3
      vertex -68.9514 -21.4514 3
      vertex -68.9503 -21.4525 3
    endloop
  endfacet
  facet normal -0 0 1
    outer loop
      vertex -69.405 21.1033 3
      vertex -43.2222 9.57579 3
      vertex -69.4037 21.1042 3
    endloop
  endfacet
  facet normal 0 0 1
    outer loop
      vertex -43.0026 8.75628 3
      vertex -68.9525 -21.4503 3
      vertex -68.9514 -21.4514 3
    endloop
  endfacet
  facet normal 0 0 1
    outer loop
      vertex -43.2222 9.57579 3
      vertex -69.405 21.1033 3
      vertex -43.1393 9.15884 3
    endloop
  endfacet
  facet normal 0 0 1
    outer loop
      vertex -43.0026 8.75628 3
      vertex -69.1668 -21.2625 3
      vertex -68.9525 -21.4503 3
    endloop
  endfacet
  facet normal -0 0 1
    outer loop
      vertex -69.6605 20.9773 3
      vertex -43.1393 9.15884 3
      vertex -69.405 21.1033 3
    endloop
  endfacet
  facet normal 0 0 1
    outer loop
      vertex -43.0026 8.75628 3
      vertex -69.4037 -21.1042 3
      vertex -69.1668 -21.2625 3
    endloop
  endfacet
  facet normal -0 0 1
    outer loop
      vertex -69.6619 20.9766 3
      vertex -43.1393 9.15884 3
      vertex -69.6605 20.9773 3
    endloop
  endfacet
  facet normal 0 0 1
    outer loop
      vertex -43.0026 8.75628 3
      vertex -69.405 -21.1033 3
      vertex -69.4037 -21.1042 3
    endloop
  endfacet
  facet normal 0 0 1
    outer loop
      vertex -43.1393 9.15884 3
      vertex -69.6619 20.9766 3
      vertex -43.0026 8.75628 3
    endloop
  endfacet
  facet normal 0 0 1
    outer loop
      vertex -43.0026 8.75628 3
      vertex -69.6605 -20.9773 3
      vertex -69.405 -21.1033 3
    endloop
  endfacet
  facet normal -0 0 1
    outer loop
      vertex -69.9317 20.885 3
      vertex -43.0026 8.75628 3
      vertex -69.6619 20.9766 3
    endloop
  endfacet
  facet normal 0 0 1
    outer loop
      vertex -43.0026 8.75628 3
      vertex -69.6619 -20.9766 3
      vertex -69.6605 -20.9773 3
    endloop
  endfacet
  facet normal -0 0 1
    outer loop
      vertex -69.9332 20.8845 3
      vertex -43.0026 8.75628 3
      vertex -69.9317 20.885 3
    endloop
  endfacet
  facet normal 0 0 1
    outer loop
      vertex -43.0026 8.75628 3
      vertex -69.9317 -20.885 3
      vertex -69.6619 -20.9766 3
    endloop
  endfacet
  facet normal 0 0 1
    outer loop
      vertex -69.9332 -20.8845 3
      vertex -43.0026 8.75628 3
      vertex -69.9332 20.8845 3
    endloop
  endfacet
  facet normal 0 0 1
    outer loop
      vertex -43.0026 8.75628 3
      vertex -69.9332 -20.8845 3
      vertex -69.9317 -20.885 3
    endloop
  endfacet
  facet normal -0 0 1
    outer loop
      vertex -69.9347 20.8842 3
      vertex -69.9332 -20.8845 3
      vertex -69.9332 20.8845 3
    endloop
  endfacet
  facet normal 0 0 1
    outer loop
      vertex -69.9347 20.8842 3
      vertex -69.9347 -20.8842 3
      vertex -69.9332 -20.8845 3
    endloop
  endfacet
  facet normal -0 0 1
    outer loop
      vertex -70.2141 20.8286 3
      vertex -69.9347 -20.8842 3
      vertex -69.9347 20.8842 3
    endloop
  endfacet
  facet normal 0 0 1
    outer loop
      vertex -70.2141 20.8286 3
      vertex -70.2141 -20.8286 3
      vertex -69.9347 -20.8842 3
    endloop
  endfacet
  facet normal -0 0 1
    outer loop
      vertex -70.4985 20.81 3
      vertex -70.2141 -20.8286 3
      vertex -70.2141 20.8286 3
    endloop
  endfacet
  facet normal 0 0 1
    outer loop
      vertex -70.4985 20.81 3
      vertex -70.4985 -20.81 3
      vertex -70.2141 -20.8286 3
    endloop
  endfacet
  facet normal -0 0 1
    outer loop
      vertex -70.5 20.8099 3
      vertex -70.4985 -20.81 3
      vertex -70.4985 20.81 3
    endloop
  endfacet
  facet normal 0 0 1
    outer loop
      vertex -70.5 20.8099 3
      vertex -70.5 -20.8099 3
      vertex -70.4985 -20.81 3
    endloop
  endfacet
  facet normal 0 0 1
    outer loop
      vertex -70.5015 20.81 3
      vertex -70.5 -20.8099 3
      vertex -70.5 20.8099 3
    endloop
  endfacet
  facet normal 0 0 1
    outer loop
      vertex -70.5015 20.81 3
      vertex -70.5015 -20.81 3
      vertex -70.5 -20.8099 3
    endloop
  endfacet
  facet normal 0 0 1
    outer loop
      vertex -70.7859 20.8286 3
      vertex -70.5015 -20.81 3
      vertex -70.5015 20.81 3
    endloop
  endfacet
  facet normal 0 0 1
    outer loop
      vertex -70.7859 20.8286 3
      vertex -70.7859 -20.8286 3
      vertex -70.5015 -20.81 3
    endloop
  endfacet
  facet normal 0 0 1
    outer loop
      vertex -71.0653 20.8842 3
      vertex -70.7859 -20.8286 3
      vertex -70.7859 20.8286 3
    endloop
  endfacet
  facet normal 0 0 1
    outer loop
      vertex -71.0653 20.8842 3
      vertex -71.0653 -20.8842 3
      vertex -70.7859 -20.8286 3
    endloop
  endfacet
  facet normal 0 0 1
    outer loop
      vertex -71.0668 20.8845 3
      vertex -71.0653 -20.8842 3
      vertex -71.0653 20.8842 3
    endloop
  endfacet
  facet normal 0 0 1
    outer loop
      vertex -71.0668 20.8845 3
      vertex -71.0668 -20.8845 3
      vertex -71.0653 -20.8842 3
    endloop
  endfacet
  facet normal 0 0 1
    outer loop
      vertex -71.0683 20.885 3
      vertex -71.0668 -20.8845 3
      vertex -71.0668 20.8845 3
    endloop
  endfacet
  facet normal 0 0 1
    outer loop
      vertex -71.0683 20.885 3
      vertex -71.0683 -20.885 3
      vertex -71.0668 -20.8845 3
    endloop
  endfacet
  facet normal 0 0 1
    outer loop
      vertex -71.3381 20.9766 3
      vertex -71.0683 -20.885 3
      vertex -71.0683 20.885 3
    endloop
  endfacet
  facet normal 0 0 1
    outer loop
      vertex -71.3381 20.9766 3
      vertex -71.3381 -20.9766 3
      vertex -71.0683 -20.885 3
    endloop
  endfacet
  facet normal 0 0 1
    outer loop
      vertex -71.3395 20.9773 3
      vertex -71.3381 -20.9766 3
      vertex -71.3381 20.9766 3
    endloop
  endfacet
  facet normal 0 0 1
    outer loop
      vertex -71.3395 20.9773 3
      vertex -71.3395 -20.9773 3
      vertex -71.3381 -20.9766 3
    endloop
  endfacet
  facet normal 0 0 1
    outer loop
      vertex -71.595 21.1033 3
      vertex -71.3395 -20.9773 3
      vertex -71.3395 20.9773 3
    endloop
  endfacet
  facet normal 0 0 1
    outer loop
      vertex -71.595 21.1033 3
      vertex -71.595 -21.1033 3
      vertex -71.3395 -20.9773 3
    endloop
  endfacet
  facet normal 0 0 1
    outer loop
      vertex -71.5963 21.1042 3
      vertex -71.595 -21.1033 3
      vertex -71.595 21.1033 3
    endloop
  endfacet
  facet normal 0 0 1
    outer loop
      vertex -71.5963 21.1042 3
      vertex -71.5963 -21.1042 3
      vertex -71.595 -21.1033 3
    endloop
  endfacet
  facet normal 0 0 1
    outer loop
      vertex -71.8332 21.2625 3
      vertex -71.5963 -21.1042 3
      vertex -71.5963 21.1042 3
    endloop
  endfacet
  facet normal 0 0 1
    outer loop
      vertex -71.8332 21.2625 3
      vertex -71.8332 -21.2625 3
      vertex -71.5963 -21.1042 3
    endloop
  endfacet
  facet normal 0 0 1
    outer loop
      vertex -72.0475 21.4503 3
      vertex -71.8332 -21.2625 3
      vertex -71.8332 21.2625 3
    endloop
  endfacet
  facet normal 0 0 1
    outer loop
      vertex -72.0475 21.4503 3
      vertex -72.0475 -21.4503 3
      vertex -71.8332 -21.2625 3
    endloop
  endfacet
  facet normal 0 0 1
    outer loop
      vertex -72.0486 21.4514 3
      vertex -72.0475 -21.4503 3
      vertex -72.0475 21.4503 3
    endloop
  endfacet
  facet normal 0 0 1
    outer loop
      vertex -72.0486 21.4514 3
      vertex -72.0486 -21.4514 3
      vertex -72.0475 -21.4503 3
    endloop
  endfacet
  facet normal 0 0 1
    outer loop
      vertex -72.0497 21.4525 3
      vertex -72.0486 -21.4514 3
      vertex -72.0486 21.4514 3
    endloop
  endfacet
  facet normal 0 0 1
    outer loop
      vertex -72.0497 21.4525 3
      vertex -72.0497 -21.4525 3
      vertex -72.0486 -21.4514 3
    endloop
  endfacet
  facet normal 0 0 1
    outer loop
      vertex -72.2375 21.6668 3
      vertex -72.0497 -21.4525 3
      vertex -72.0497 21.4525 3
    endloop
  endfacet
  facet normal 0 0 1
    outer loop
      vertex -72.2375 21.6668 3
      vertex -72.2375 -21.6668 3
      vertex -72.0497 -21.4525 3
    endloop
  endfacet
  facet normal 0 0 1
    outer loop
      vertex -75 24.5 3
      vertex -72.2375 21.6668 3
      vertex -72.3958 21.9037 3
    endloop
  endfacet
  facet normal 0 0 1
    outer loop
      vertex -72.2375 21.6668 3
      vertex -75 24.5 3
      vertex -72.2375 -21.6668 3
    endloop
  endfacet
  facet normal 0 0 1
    outer loop
      vertex -75 24.5 3
      vertex -72.3958 21.9037 3
      vertex -72.3967 21.905 3
    endloop
  endfacet
  facet normal 0 0 1
    outer loop
      vertex -75 -24.5 3
      vertex -72.2375 -21.6668 3
      vertex -75 24.5 3
    endloop
  endfacet
  facet normal 0 0 1
    outer loop
      vertex -75 24.5 3
      vertex -72.3967 21.905 3
      vertex -72.5227 22.1605 3
    endloop
  endfacet
  facet normal 0 0 1
    outer loop
      vertex -72.2375 -21.6668 3
      vertex -75 -24.5 3
      vertex -72.3958 -21.9037 3
    endloop
  endfacet
  facet normal 0 0 1
    outer loop
      vertex -75 24.5 3
      vertex -72.5227 22.1605 3
      vertex -72.5234 22.1619 3
    endloop
  endfacet
  facet normal 0 0 1
    outer loop
      vertex -72.3958 -21.9037 3
      vertex -75 -24.5 3
      vertex -72.3967 -21.905 3
    endloop
  endfacet
  facet normal 0 0 1
    outer loop
      vertex -75 24.5 3
      vertex -72.5234 22.1619 3
      vertex -72.615 22.4317 3
    endloop
  endfacet
  facet normal 0 0 1
    outer loop
      vertex -72.3967 -21.905 3
      vertex -75 -24.5 3
      vertex -72.5227 -22.1605 3
    endloop
  endfacet
  facet normal 0 0 1
    outer loop
      vertex -75 24.5 3
      vertex -72.615 22.4317 3
      vertex -72.6155 22.4332 3
    endloop
  endfacet
  facet normal 0 0 1
    outer loop
      vertex -72.5227 -22.1605 3
      vertex -75 -24.5 3
      vertex -72.5234 -22.1619 3
    endloop
  endfacet
  facet normal 0 0 1
    outer loop
      vertex -75 24.5 3
      vertex -72.6155 22.4332 3
      vertex -72.6158 22.4347 3
    endloop
  endfacet
  facet normal 0 0 1
    outer loop
      vertex -72.5234 -22.1619 3
      vertex -75 -24.5 3
      vertex -72.615 -22.4317 3
    endloop
  endfacet
  facet normal 0 0 1
    outer loop
      vertex -75 24.5 3
      vertex -72.6158 22.4347 3
      vertex -72.6714 22.7141 3
    endloop
  endfacet
  facet normal 0 0 1
    outer loop
      vertex -72.615 -22.4317 3
      vertex -75 -24.5 3
      vertex -72.6155 -22.4332 3
    endloop
  endfacet
  facet normal 0 0 1
    outer loop
      vertex -75 24.5 3
      vertex -72.6714 22.7141 3
      vertex -72.69 22.9984 3
    endloop
  endfacet
  facet normal 0 0 1
    outer loop
      vertex -72.6155 -22.4332 3
      vertex -75 -24.5 3
      vertex -72.6158 -22.4347 3
    endloop
  endfacet
  facet normal 0 0 1
    outer loop
      vertex -75 24.5 3
      vertex -72.69 22.9984 3
      vertex -72.6901 23 3
    endloop
  endfacet
  facet normal 0 0 1
    outer loop
      vertex -72.6158 -22.4347 3
      vertex -75 -24.5 3
      vertex -72.6714 -22.7141 3
    endloop
  endfacet
  facet normal 0 0 1
    outer loop
      vertex 25 -12.5 3
      vertex 10.952 14.2695 3
      vertex 24.4779 -12.5342 3
    endloop
  endfacet
  facet normal 0 0 1
    outer loop
      vertex 23 -13.0359 3
      vertex 11.1897 -14.8434 3
      vertex 11.2 -15 3
    endloop
  endfacet
  facet normal -0 0 1
    outer loop
      vertex 10.8485 14.1515 3
      vertex 24.4779 -12.5342 3
      vertex 10.952 14.2695 3
    endloop
  endfacet
  facet normal 0 0 1
    outer loop
      vertex 23 -13.0359 3
      vertex 11.1591 -14.6894 3
      vertex 11.1897 -14.8434 3
    endloop
  endfacet
  facet normal 0 0 1
    outer loop
      vertex 24.4779 -12.5342 3
      vertex 10.8485 14.1515 3
      vertex 23.9647 -12.6363 3
    endloop
  endfacet
  facet normal 0 0 1
    outer loop
      vertex 23 -13.0359 3
      vertex 11.1087 -14.5408 3
      vertex 11.1591 -14.6894 3
    endloop
  endfacet
  facet normal -0 0 1
    outer loop
      vertex 10.7305 14.048 3
      vertex 23.9647 -12.6363 3
      vertex 10.8485 14.1515 3
    endloop
  endfacet
  facet normal 0 0 1
    outer loop
      vertex 23 -13.0359 3
      vertex 11.0392 -14.4 3
      vertex 11.1087 -14.5408 3
    endloop
  endfacet
  facet normal 0 0 1
    outer loop
      vertex 23.9647 -12.6363 3
      vertex 10.7305 14.048 3
      vertex 23.4693 -12.8045 3
    endloop
  endfacet
  facet normal 0 0 1
    outer loop
      vertex 23 -13.0359 3
      vertex 10.952 -14.2695 3
      vertex 11.0392 -14.4 3
    endloop
  endfacet
  facet normal -0 0 1
    outer loop
      vertex 10.6 13.9608 3
      vertex 23.4693 -12.8045 3
      vertex 10.7305 14.048 3
    endloop
  endfacet
  facet normal 0 0 1
    outer loop
      vertex 23 -13.0359 3
      vertex 10.8485 -14.1515 3
      vertex 10.952 -14.2695 3
    endloop
  endfacet
  facet normal -0 0 1
    outer loop
      vertex 10.4592 13.8913 3
      vertex 23.4693 -12.8045 3
      vertex 10.6 13.9608 3
    endloop
  endfacet
  facet normal 0 0 1
    outer loop
      vertex 23 -13.0359 3
      vertex 10.7305 -14.048 3
      vertex 10.8485 -14.1515 3
    endloop
  endfacet
  facet normal 0 0 1
    outer loop
      vertex 23.4693 -12.8045 3
      vertex 10.4592 13.8913 3
      vertex 23 -13.0359 3
    endloop
  endfacet
  facet normal 0 0 1
    outer loop
      vertex 23 -13.0359 3
      vertex 10.6 -13.9608 3
      vertex 10.7305 -14.048 3
    endloop
  endfacet
  facet normal 0 0 1
    outer loop
      vertex 10.4592 -13.8913 3
      vertex 23 -13.0359 3
      vertex 10.4592 13.8913 3
    endloop
  endfacet
  facet normal 0 0 1
    outer loop
      vertex 23 -13.0359 3
      vertex 10.4592 -13.8913 3
      vertex 10.6 -13.9608 3
    endloop
  endfacet
  facet normal -0 0 1
    outer loop
      vertex 10.3106 13.8409 3
      vertex 10.4592 -13.8913 3
      vertex 10.4592 13.8913 3
    endloop
  endfacet
  facet normal 0 0 1
    outer loop
      vertex 10.3106 13.8409 3
      vertex 10.3106 -13.8409 3
      vertex 10.4592 -13.8913 3
    endloop
  endfacet
  facet normal -0 0 1
    outer loop
      vertex 10.1566 13.8103 3
      vertex 10.3106 -13.8409 3
      vertex 10.3106 13.8409 3
    endloop
  endfacet
  facet normal 0 0 1
    outer loop
      vertex 10.1566 13.8103 3
      vertex 10.1566 -13.8103 3
      vertex 10.3106 -13.8409 3
    endloop
  endfacet
  facet normal -0 0 1
    outer loop
      vertex 10 13.8 3
      vertex 10.1566 -13.8103 3
      vertex 10.1566 13.8103 3
    endloop
  endfacet
  facet normal 0 0 1
    outer loop
      vertex 10 13.8 3
      vertex 10 -13.8 3
      vertex 10.1566 -13.8103 3
    endloop
  endfacet
  facet normal 0 0 1
    outer loop
      vertex 9.84337 13.8103 3
      vertex 10 -13.8 3
      vertex 10 13.8 3
    endloop
  endfacet
  facet normal 0 0 1
    outer loop
      vertex 9.84337 13.8103 3
      vertex 9.84337 -13.8103 3
      vertex 10 -13.8 3
    endloop
  endfacet
  facet normal 0 0 1
    outer loop
      vertex 9.68942 13.8409 3
      vertex 9.84337 -13.8103 3
      vertex 9.84337 13.8103 3
    endloop
  endfacet
  facet normal 0 0 1
    outer loop
      vertex 9.68942 13.8409 3
      vertex 9.68942 -13.8409 3
      vertex 9.84337 -13.8103 3
    endloop
  endfacet
  facet normal 0 0 1
    outer loop
      vertex 9.54078 13.8913 3
      vertex 9.68942 -13.8409 3
      vertex 9.68942 13.8409 3
    endloop
  endfacet
  facet normal 0 0 1
    outer loop
      vertex 9.54078 13.8913 3
      vertex 9.54078 -13.8913 3
      vertex 9.68942 -13.8409 3
    endloop
  endfacet
  facet normal 0 0 1
    outer loop
      vertex 9.4 13.9608 3
      vertex 9.54078 -13.8913 3
      vertex 9.54078 13.8913 3
    endloop
  endfacet
  facet normal 0 0 1
    outer loop
      vertex 9.4 13.9608 3
      vertex 9.4 -13.9608 3
      vertex 9.54078 -13.8913 3
    endloop
  endfacet
  facet normal 0 0 1
    outer loop
      vertex 9.26949 14.048 3
      vertex 9.4 -13.9608 3
      vertex 9.4 13.9608 3
    endloop
  endfacet
  facet normal 0 0 1
    outer loop
      vertex 9.26949 14.048 3
      vertex 9.26949 -14.048 3
      vertex 9.4 -13.9608 3
    endloop
  endfacet
  facet normal 0 0 1
    outer loop
      vertex -16.9974 8.75628 3
      vertex 9.26949 14.048 3
      vertex 9.15147 14.1515 3
    endloop
  endfacet
  facet normal 0 0 1
    outer loop
      vertex 9.26949 14.048 3
      vertex -17.1854 8.375 3
      vertex 9.26949 -14.048 3
    endloop
  endfacet
  facet normal 0 0 1
    outer loop
      vertex -16.9974 8.75628 3
      vertex 9.15147 14.1515 3
      vertex 9.04798 14.2695 3
    endloop
  endfacet
  facet normal 0 0 1
    outer loop
      vertex 9.26949 -14.048 3
      vertex -17.1854 8.375 3
      vertex 9.15147 -14.1515 3
    endloop
  endfacet
  facet normal 0 0 1
    outer loop
      vertex -16.8607 9.15884 3
      vertex 9.04798 14.2695 3
      vertex 8.96077 14.4 3
    endloop
  endfacet
  facet normal -0 0 1
    outer loop
      vertex -17.4216 8.02152 3
      vertex 9.15147 -14.1515 3
      vertex -17.1854 8.375 3
    endloop
  endfacet
  facet normal 0 0 1
    outer loop
      vertex -16.7778 9.57579 3
      vertex 8.96077 14.4 3
      vertex 8.89135 14.5408 3
    endloop
  endfacet
  facet normal 0 0 1
    outer loop
      vertex 9.15147 -14.1515 3
      vertex -17.4216 8.02152 3
      vertex 9.04798 -14.2695 3
    endloop
  endfacet
  facet normal 0 0 1
    outer loop
      vertex -16.75 10 3
      vertex 8.89135 14.5408 3
      vertex 8.84089 14.6894 3
    endloop
  endfacet
  facet normal -0 0 1
    outer loop
      vertex -17.7019 7.7019 3
      vertex 9.04798 -14.2695 3
      vertex -17.4216 8.02152 3
    endloop
  endfacet
  facet normal 0 0 1
    outer loop
      vertex -16.7778 10.4242 3
      vertex 8.84089 14.6894 3
      vertex 8.81027 14.8434 3
    endloop
  endfacet
  facet normal 0 0 1
    outer loop
      vertex 9.04798 -14.2695 3
      vertex -17.7019 7.7019 3
      vertex 8.96077 -14.4 3
    endloop
  endfacet
  facet normal 0 0 1
    outer loop
      vertex -16.8607 10.8412 3
      vertex 8.81027 14.8434 3
      vertex 8.8 15 3
    endloop
  endfacet
  facet normal -0 0 1
    outer loop
      vertex -18.0215 7.4216 3
      vertex 8.96077 -14.4 3
      vertex -17.7019 7.7019 3
    endloop
  endfacet
  facet normal 0 0 1
    outer loop
      vertex 69.1668 21.2625 3
      vertex 41.0392 14.4 3
      vertex 69.4037 21.1042 3
    endloop
  endfacet
  facet normal 0 0 1
    outer loop
      vertex 69.405 -21.1033 3
      vertex 41.1897 -14.8434 3
      vertex 41.2 -15 3
    endloop
  endfacet
  facet normal 0 0 1
    outer loop
      vertex 69.4037 21.1042 3
      vertex 41.0392 14.4 3
      vertex 69.405 21.1033 3
    endloop
  endfacet
  facet normal 0 0 1
    outer loop
      vertex 69.405 -21.1033 3
      vertex 41.1591 -14.6894 3
      vertex 41.1897 -14.8434 3
    endloop
  endfacet
  facet normal 0 0 1
    outer loop
      vertex 40.952 14.2695 3
      vertex 69.405 21.1033 3
      vertex 41.0392 14.4 3
    endloop
  endfacet
  facet normal 0 0 1
    outer loop
      vertex 69.405 -21.1033 3
      vertex 41.1087 -14.5408 3
      vertex 41.1591 -14.6894 3
    endloop
  endfacet
  facet normal 0 0 1
    outer loop
      vertex 69.405 21.1033 3
      vertex 40.952 14.2695 3
      vertex 69.405 -21.1033 3
    endloop
  endfacet
  facet normal 0 0 1
    outer loop
      vertex 69.405 -21.1033 3
      vertex 41.0392 -14.4 3
      vertex 41.1087 -14.5408 3
    endloop
  endfacet
  facet normal -0 0 1
    outer loop
      vertex 40.952 -14.2695 3
      vertex 69.405 -21.1033 3
      vertex 40.952 14.2695 3
    endloop
  endfacet
  facet normal 0 0 1
    outer loop
      vertex 69.405 -21.1033 3
      vertex 40.952 -14.2695 3
      vertex 41.0392 -14.4 3
    endloop
  endfacet
  facet normal -0 0 1
    outer loop
      vertex 40.8485 14.1515 3
      vertex 40.952 -14.2695 3
      vertex 40.952 14.2695 3
    endloop
  endfacet
  facet normal 0 0 1
    outer loop
      vertex 40.8485 14.1515 3
      vertex 40.8485 -14.1515 3
      vertex 40.952 -14.2695 3
    endloop
  endfacet
  facet normal -0 0 1
    outer loop
      vertex 40.7305 14.048 3
      vertex 40.8485 -14.1515 3
      vertex 40.8485 14.1515 3
    endloop
  endfacet
  facet normal 0 0 1
    outer loop
      vertex 40.7305 14.048 3
      vertex 40.7305 -14.048 3
      vertex 40.8485 -14.1515 3
    endloop
  endfacet
  facet normal -0 0 1
    outer loop
      vertex 40.6 13.9608 3
      vertex 40.7305 -14.048 3
      vertex 40.7305 14.048 3
    endloop
  endfacet
  facet normal 0 0 1
    outer loop
      vertex 40.6 13.9608 3
      vertex 40.6 -13.9608 3
      vertex 40.7305 -14.048 3
    endloop
  endfacet
  facet normal -0 0 1
    outer loop
      vertex 40.4592 13.8913 3
      vertex 40.6 -13.9608 3
      vertex 40.6 13.9608 3
    endloop
  endfacet
  facet normal 0 0 1
    outer loop
      vertex 40.4592 13.8913 3
      vertex 40.4592 -13.8913 3
      vertex 40.6 -13.9608 3
    endloop
  endfacet
  facet normal -0 0 1
    outer loop
      vertex 40.3106 13.8409 3
      vertex 40.4592 -13.8913 3
      vertex 40.4592 13.8913 3
    endloop
  endfacet
  facet normal 0 0 1
    outer loop
      vertex 40.3106 13.8409 3
      vertex 40.3106 -13.8409 3
      vertex 40.4592 -13.8913 3
    endloop
  endfacet
  facet normal -0 0 1
    outer loop
      vertex 40.1566 13.8103 3
      vertex 40.3106 -13.8409 3
      vertex 40.3106 13.8409 3
    endloop
  endfacet
  facet normal 0 0 1
    outer loop
      vertex 40.1566 13.8103 3
      vertex 40.1566 -13.8103 3
      vertex 40.3106 -13.8409 3
    endloop
  endfacet
  facet normal -0 0 1
    outer loop
      vertex 40 13.8 3
      vertex 40.1566 -13.8103 3
      vertex 40.1566 13.8103 3
    endloop
  endfacet
  facet normal 0 0 1
    outer loop
      vertex 40 13.8 3
      vertex 40 -13.8 3
      vertex 40.1566 -13.8103 3
    endloop
  endfacet
  facet normal 0 0 1
    outer loop
      vertex 39.8434 13.8103 3
      vertex 40 -13.8 3
      vertex 40 13.8 3
    endloop
  endfacet
  facet normal 0 0 1
    outer loop
      vertex 39.8434 13.8103 3
      vertex 39.8434 -13.8103 3
      vertex 40 -13.8 3
    endloop
  endfacet
  facet normal 0 0 1
    outer loop
      vertex 39.6894 13.8409 3
      vertex 39.8434 -13.8103 3
      vertex 39.8434 13.8103 3
    endloop
  endfacet
  facet normal 0 0 1
    outer loop
      vertex 39.6894 13.8409 3
      vertex 39.6894 -13.8409 3
      vertex 39.8434 -13.8103 3
    endloop
  endfacet
  facet normal 0 0 1
    outer loop
      vertex 39.5408 13.8913 3
      vertex 39.6894 -13.8409 3
      vertex 39.6894 13.8409 3
    endloop
  endfacet
  facet normal 0 0 1
    outer loop
      vertex 39.5408 13.8913 3
      vertex 39.5408 -13.8913 3
      vertex 39.6894 -13.8409 3
    endloop
  endfacet
  facet normal 0 0 1
    outer loop
      vertex 26.5307 -12.8045 3
      vertex 39.5408 13.8913 3
      vertex 39.4 13.9608 3
    endloop
  endfacet
  facet normal 0 0 1
    outer loop
      vertex 39.5408 13.8913 3
      vertex 27 -13.0359 3
      vertex 39.5408 -13.8913 3
    endloop
  endfacet
  facet normal 0 0 1
    outer loop
      vertex 26.5307 -12.8045 3
      vertex 39.4 13.9608 3
      vertex 39.2695 14.048 3
    endloop
  endfacet
  facet normal 0 0 1
    outer loop
      vertex 39.5408 -13.8913 3
      vertex 27 -13.0359 3
      vertex 39.4 -13.9608 3
    endloop
  endfacet
  facet normal 0 0 1
    outer loop
      vertex 26.0353 -12.6363 3
      vertex 39.2695 14.048 3
      vertex 39.1515 14.1515 3
    endloop
  endfacet
  facet normal -0 -0 1
    outer loop
      vertex 27.435 -13.3266 3
      vertex 39.4 -13.9608 3
      vertex 27 -13.0359 3
    endloop
  endfacet
  facet normal 0 0 1
    outer loop
      vertex 25.5221 -12.5342 3
      vertex 39.1515 14.1515 3
      vertex 39.048 14.2695 3
    endloop
  endfacet
  facet normal 0 0 1
    outer loop
      vertex 39.4 -13.9608 3
      vertex 27.435 -13.3266 3
      vertex 39.2695 -14.048 3
    endloop
  endfacet
  facet normal 0 0 1
    outer loop
      vertex 38.8409 14.6894 3
      vertex 11.1591 14.6894 3
      vertex 38.8913 14.5408 3
    endloop
  endfacet
  facet normal -0 -0 1
    outer loop
      vertex 27.8284 -13.6716 3
      vertex 39.2695 -14.048 3
      vertex 27.435 -13.3266 3
    endloop
  endfacet
  facet normal 0 0 1
    outer loop
      vertex 11.1591 14.6894 3
      vertex 38.8409 14.6894 3
      vertex 11.1897 14.8434 3
    endloop
  endfacet
  facet normal 0 0 1
    outer loop
      vertex 39.2695 -14.048 3
      vertex 27.8284 -13.6716 3
      vertex 39.1515 -14.1515 3
    endloop
  endfacet
  facet normal 0 0 1
    outer loop
      vertex 38.8103 14.8434 3
      vertex 11.1897 14.8434 3
      vertex 38.8409 14.6894 3
    endloop
  endfacet
  facet normal -0 -0 1
    outer loop
      vertex 28.1734 -14.065 3
      vertex 39.1515 -14.1515 3
      vertex 27.8284 -13.6716 3
    endloop
  endfacet
  facet normal 0 0 1
    outer loop
      vertex 11.1897 14.8434 3
      vertex 38.8103 14.8434 3
      vertex 11.2 15 3
    endloop
  endfacet
  facet normal 0 0 1
    outer loop
      vertex 39.1515 -14.1515 3
      vertex 28.1734 -14.065 3
      vertex 39.048 -14.2695 3
    endloop
  endfacet
  facet normal -0 0 1
    outer loop
      vertex 11.2 15 3
      vertex 38.8103 14.8434 3
      vertex 38.8 15 3
    endloop
  endfacet
  facet normal 0 0 1
    outer loop
      vertex 39.048 -14.2695 3
      vertex 28.1734 -14.065 3
      vertex 38.9608 -14.4 3
    endloop
  endfacet
  facet normal 0 0 1
    outer loop
      vertex 72.6158 22.4347 3
      vertex 75 24.5 3
      vertex 72.6714 22.7141 3
    endloop
  endfacet
  facet normal 0 0 1
    outer loop
      vertex 75 -24.5 3
      vertex 72.69 -22.9984 3
      vertex 72.6901 -23 3
    endloop
  endfacet
  facet normal 0 0 1
    outer loop
      vertex 72.6155 22.4332 3
      vertex 75 24.5 3
      vertex 72.6158 22.4347 3
    endloop
  endfacet
  facet normal 0 0 1
    outer loop
      vertex 75 -24.5 3
      vertex 72.6714 -22.7141 3
      vertex 72.69 -22.9984 3
    endloop
  endfacet
  facet normal 0 0 1
    outer loop
      vertex 72.615 22.4317 3
      vertex 75 24.5 3
      vertex 72.6155 22.4332 3
    endloop
  endfacet
  facet normal 0 0 1
    outer loop
      vertex 75 -24.5 3
      vertex 72.6158 -22.4347 3
      vertex 72.6714 -22.7141 3
    endloop
  endfacet
  facet normal 0 0 1
    outer loop
      vertex 72.5234 22.1619 3
      vertex 75 24.5 3
      vertex 72.615 22.4317 3
    endloop
  endfacet
  facet normal 0 0 1
    outer loop
      vertex 75 -24.5 3
      vertex 72.6155 -22.4332 3
      vertex 72.6158 -22.4347 3
    endloop
  endfacet
  facet normal 0 0 1
    outer loop
      vertex 72.5227 22.1605 3
      vertex 75 24.5 3
      vertex 72.5234 22.1619 3
    endloop
  endfacet
  facet normal 0 0 1
    outer loop
      vertex 75 -24.5 3
      vertex 72.615 -22.4317 3
      vertex 72.6155 -22.4332 3
    endloop
  endfacet
  facet normal 0 0 1
    outer loop
      vertex 72.3967 21.905 3
      vertex 75 24.5 3
      vertex 72.5227 22.1605 3
    endloop
  endfacet
  facet normal 0 0 1
    outer loop
      vertex 75 -24.5 3
      vertex 72.5234 -22.1619 3
      vertex 72.615 -22.4317 3
    endloop
  endfacet
  facet normal 0 0 1
    outer loop
      vertex 72.3958 21.9037 3
      vertex 75 24.5 3
      vertex 72.3967 21.905 3
    endloop
  endfacet
  facet normal 0 0 1
    outer loop
      vertex 75 -24.5 3
      vertex 72.5227 -22.1605 3
      vertex 72.5234 -22.1619 3
    endloop
  endfacet
  facet normal 0 0 1
    outer loop
      vertex 72.2375 21.6668 3
      vertex 75 24.5 3
      vertex 72.3958 21.9037 3
    endloop
  endfacet
  facet normal 0 0 1
    outer loop
      vertex 75 -24.5 3
      vertex 72.3967 -21.905 3
      vertex 72.5227 -22.1605 3
    endloop
  endfacet
  facet normal 0 0 1
    outer loop
      vertex 75 24.5 3
      vertex 72.2375 21.6668 3
      vertex 75 -24.5 3
    endloop
  endfacet
  facet normal 0 0 1
    outer loop
      vertex 75 -24.5 3
      vertex 72.3958 -21.9037 3
      vertex 72.3967 -21.905 3
    endloop
  endfacet
  facet normal -0 0 1
    outer loop
      vertex 72.2375 -21.6668 3
      vertex 75 -24.5 3
      vertex 72.2375 21.6668 3
    endloop
  endfacet
  facet normal 0 0 1
    outer loop
      vertex 75 -24.5 3
      vertex 72.2375 -21.6668 3
      vertex 72.3958 -21.9037 3
    endloop
  endfacet
  facet normal -0 0 1
    outer loop
      vertex 72.0497 21.4525 3
      vertex 72.2375 -21.6668 3
      vertex 72.2375 21.6668 3
    endloop
  endfacet
  facet normal 0 0 1
    outer loop
      vertex 72.0497 21.4525 3
      vertex 72.0497 -21.4525 3
      vertex 72.2375 -21.6668 3
    endloop
  endfacet
  facet normal -0 0 1
    outer loop
      vertex 72.0486 21.4514 3
      vertex 72.0497 -21.4525 3
      vertex 72.0497 21.4525 3
    endloop
  endfacet
  facet normal 0 0 1
    outer loop
      vertex 72.0486 21.4514 3
      vertex 72.0486 -21.4514 3
      vertex 72.0497 -21.4525 3
    endloop
  endfacet
  facet normal -0 0 1
    outer loop
      vertex 72.0475 21.4503 3
      vertex 72.0486 -21.4514 3
      vertex 72.0486 21.4514 3
    endloop
  endfacet
  facet normal 0 0 1
    outer loop
      vertex 72.0475 21.4503 3
      vertex 72.0475 -21.4503 3
      vertex 72.0486 -21.4514 3
    endloop
  endfacet
  facet normal -0 0 1
    outer loop
      vertex 71.8332 21.2625 3
      vertex 72.0475 -21.4503 3
      vertex 72.0475 21.4503 3
    endloop
  endfacet
  facet normal 0 0 1
    outer loop
      vertex 71.8332 21.2625 3
      vertex 71.8332 -21.2625 3
      vertex 72.0475 -21.4503 3
    endloop
  endfacet
  facet normal -0 0 1
    outer loop
      vertex 71.5963 21.1042 3
      vertex 71.8332 -21.2625 3
      vertex 71.8332 21.2625 3
    endloop
  endfacet
  facet normal 0 0 1
    outer loop
      vertex 71.5963 21.1042 3
      vertex 71.5963 -21.1042 3
      vertex 71.8332 -21.2625 3
    endloop
  endfacet
  facet normal -0 0 1
    outer loop
      vertex 71.595 21.1033 3
      vertex 71.5963 -21.1042 3
      vertex 71.5963 21.1042 3
    endloop
  endfacet
  facet normal 0 0 1
    outer loop
      vertex 71.595 21.1033 3
      vertex 71.595 -21.1033 3
      vertex 71.5963 -21.1042 3
    endloop
  endfacet
  facet normal -0 0 1
    outer loop
      vertex 71.3395 20.9773 3
      vertex 71.595 -21.1033 3
      vertex 71.595 21.1033 3
    endloop
  endfacet
  facet normal 0 0 1
    outer loop
      vertex 71.3395 20.9773 3
      vertex 71.3395 -20.9773 3
      vertex 71.595 -21.1033 3
    endloop
  endfacet
  facet normal -0 0 1
    outer loop
      vertex 71.3381 20.9766 3
      vertex 71.3395 -20.9773 3
      vertex 71.3395 20.9773 3
    endloop
  endfacet
  facet normal 0 0 1
    outer loop
      vertex 71.3381 20.9766 3
      vertex 71.3381 -20.9766 3
      vertex 71.3395 -20.9773 3
    endloop
  endfacet
  facet normal -0 0 1
    outer loop
      vertex 71.0683 20.885 3
      vertex 71.3381 -20.9766 3
      vertex 71.3381 20.9766 3
    endloop
  endfacet
  facet normal 0 0 1
    outer loop
      vertex 71.0683 20.885 3
      vertex 71.0683 -20.885 3
      vertex 71.3381 -20.9766 3
    endloop
  endfacet
  facet normal -0 0 1
    outer loop
      vertex 71.0668 20.8845 3
      vertex 71.0683 -20.885 3
      vertex 71.0683 20.885 3
    endloop
  endfacet
  facet normal 0 0 1
    outer loop
      vertex 71.0668 20.8845 3
      vertex 71.0668 -20.8845 3
      vertex 71.0683 -20.885 3
    endloop
  endfacet
  facet normal -0 0 1
    outer loop
      vertex 71.0653 20.8842 3
      vertex 71.0668 -20.8845 3
      vertex 71.0668 20.8845 3
    endloop
  endfacet
  facet normal 0 0 1
    outer loop
      vertex 71.0653 20.8842 3
      vertex 71.0653 -20.8842 3
      vertex 71.0668 -20.8845 3
    endloop
  endfacet
  facet normal -0 0 1
    outer loop
      vertex 70.7859 20.8286 3
      vertex 71.0653 -20.8842 3
      vertex 71.0653 20.8842 3
    endloop
  endfacet
  facet normal 0 0 1
    outer loop
      vertex 70.7859 20.8286 3
      vertex 70.7859 -20.8286 3
      vertex 71.0653 -20.8842 3
    endloop
  endfacet
  facet normal -0 0 1
    outer loop
      vertex 70.5015 20.81 3
      vertex 70.7859 -20.8286 3
      vertex 70.7859 20.8286 3
    endloop
  endfacet
  facet normal 0 0 1
    outer loop
      vertex 70.5015 20.81 3
      vertex 70.5015 -20.81 3
      vertex 70.7859 -20.8286 3
    endloop
  endfacet
  facet normal -0 0 1
    outer loop
      vertex 70.5 20.8099 3
      vertex 70.5015 -20.81 3
      vertex 70.5015 20.81 3
    endloop
  endfacet
  facet normal 0 0 1
    outer loop
      vertex 70.5 20.8099 3
      vertex 70.5 -20.8099 3
      vertex 70.5015 -20.81 3
    endloop
  endfacet
  facet normal 0 0 1
    outer loop
      vertex 70.4985 20.81 3
      vertex 70.5 -20.8099 3
      vertex 70.5 20.8099 3
    endloop
  endfacet
  facet normal 0 0 1
    outer loop
      vertex 70.4985 20.81 3
      vertex 70.4985 -20.81 3
      vertex 70.5 -20.8099 3
    endloop
  endfacet
  facet normal 0 0 1
    outer loop
      vertex 70.2141 20.8286 3
      vertex 70.4985 -20.81 3
      vertex 70.4985 20.81 3
    endloop
  endfacet
  facet normal 0 0 1
    outer loop
      vertex 70.2141 20.8286 3
      vertex 70.2141 -20.8286 3
      vertex 70.4985 -20.81 3
    endloop
  endfacet
  facet normal 0 0 1
    outer loop
      vertex 69.9347 20.8842 3
      vertex 70.2141 -20.8286 3
      vertex 70.2141 20.8286 3
    endloop
  endfacet
  facet normal 0 0 1
    outer loop
      vertex 69.9347 20.8842 3
      vertex 69.9347 -20.8842 3
      vertex 70.2141 -20.8286 3
    endloop
  endfacet
  facet normal 0 0 1
    outer loop
      vertex 69.9332 20.8845 3
      vertex 69.9347 -20.8842 3
      vertex 69.9347 20.8842 3
    endloop
  endfacet
  facet normal 0 0 1
    outer loop
      vertex 69.9332 20.8845 3
      vertex 69.9332 -20.8845 3
      vertex 69.9347 -20.8842 3
    endloop
  endfacet
  facet normal 0 0 1
    outer loop
      vertex 69.9317 20.885 3
      vertex 69.9332 -20.8845 3
      vertex 69.9332 20.8845 3
    endloop
  endfacet
  facet normal 0 0 1
    outer loop
      vertex 69.9317 20.885 3
      vertex 69.9317 -20.885 3
      vertex 69.9332 -20.8845 3
    endloop
  endfacet
  facet normal 0 0 1
    outer loop
      vertex 69.6619 20.9766 3
      vertex 69.9317 -20.885 3
      vertex 69.9317 20.885 3
    endloop
  endfacet
  facet normal 0 0 1
    outer loop
      vertex 69.6619 20.9766 3
      vertex 69.6619 -20.9766 3
      vertex 69.9317 -20.885 3
    endloop
  endfacet
  facet normal 0 0 1
    outer loop
      vertex 69.6605 20.9773 3
      vertex 69.6619 -20.9766 3
      vertex 69.6619 20.9766 3
    endloop
  endfacet
  facet normal 0 0 1
    outer loop
      vertex 69.6605 20.9773 3
      vertex 69.6605 -20.9773 3
      vertex 69.6619 -20.9766 3
    endloop
  endfacet
  facet normal 0 0 1
    outer loop
      vertex 69.405 21.1033 3
      vertex 69.6605 -20.9773 3
      vertex 69.6605 20.9773 3
    endloop
  endfacet
  facet normal 0 0 1
    outer loop
      vertex 69.405 21.1033 3
      vertex 69.405 -21.1033 3
      vertex 69.6605 -20.9773 3
    endloop
  endfacet
  facet normal 0 0 1
    outer loop
      vertex 68.9514 21.4514 3
      vertex 41.1087 14.5408 3
      vertex 68.9525 21.4503 3
    endloop
  endfacet
  facet normal 0 0 1
    outer loop
      vertex 68.9525 21.4503 3
      vertex 41.1087 14.5408 3
      vertex 69.1668 21.2625 3
    endloop
  endfacet
  facet normal 0 0 1
    outer loop
      vertex 41.1087 14.5408 3
      vertex 68.9514 21.4514 3
      vertex 41.1591 14.6894 3
    endloop
  endfacet
  facet normal 0 0 1
    outer loop
      vertex 41.0392 14.4 3
      vertex 69.1668 21.2625 3
      vertex 41.1087 14.5408 3
    endloop
  endfacet
  facet normal 0 0 1
    outer loop
      vertex 68.9503 21.4525 3
      vertex 41.1591 14.6894 3
      vertex 68.9514 21.4514 3
    endloop
  endfacet
  facet normal 0 0 1
    outer loop
      vertex 69.405 -21.1033 3
      vertex 41.2 -15 3
      vertex 69.4037 -21.1042 3
    endloop
  endfacet
  facet normal 0 0 1
    outer loop
      vertex 68.7625 21.6668 3
      vertex 41.1591 14.6894 3
      vertex 68.9503 21.4525 3
    endloop
  endfacet
  facet normal 0 0 1
    outer loop
      vertex 69.4037 -21.1042 3
      vertex 41.2 -15 3
      vertex 69.1668 -21.2625 3
    endloop
  endfacet
  facet normal 0 0 1
    outer loop
      vertex 41.1591 14.6894 3
      vertex 68.7625 21.6668 3
      vertex 41.1897 14.8434 3
    endloop
  endfacet
  facet normal 0 0 1
    outer loop
      vertex 69.1668 -21.2625 3
      vertex 41.2 -15 3
      vertex 68.9525 -21.4503 3
    endloop
  endfacet
  facet normal 0 0 1
    outer loop
      vertex 68.6042 21.9037 3
      vertex 41.1897 14.8434 3
      vertex 68.7625 21.6668 3
    endloop
  endfacet
  facet normal 0 0 1
    outer loop
      vertex 68.9525 -21.4503 3
      vertex 41.2 -15 3
      vertex 68.9514 -21.4514 3
    endloop
  endfacet
  facet normal 0 0 1
    outer loop
      vertex 68.6033 21.905 3
      vertex 41.1897 14.8434 3
      vertex 68.6042 21.9037 3
    endloop
  endfacet
  facet normal 0 0 1
    outer loop
      vertex 68.9514 -21.4514 3
      vertex 41.2 -15 3
      vertex 68.9503 -21.4525 3
    endloop
  endfacet
  facet normal 0 0 1
    outer loop
      vertex 41.1897 14.8434 3
      vertex 68.6033 21.905 3
      vertex 41.2 15 3
    endloop
  endfacet
  facet normal 0 0 1
    outer loop
      vertex 68.9503 -21.4525 3
      vertex 41.2 -15 3
      vertex 68.7625 -21.6668 3
    endloop
  endfacet
  facet normal 0 0 1
    outer loop
      vertex 41.2 15 3
      vertex 68.6033 21.905 3
      vertex 68.4773 22.1605 3
    endloop
  endfacet
  facet normal 0 0 1
    outer loop
      vertex 68.7625 -21.6668 3
      vertex 41.2 -15 3
      vertex 68.6042 -21.9037 3
    endloop
  endfacet
  facet normal 0 0 1
    outer loop
      vertex 41.2 15 3
      vertex 68.4773 22.1605 3
      vertex 68.4766 22.1619 3
    endloop
  endfacet
  facet normal 0 0 1
    outer loop
      vertex 68.6042 -21.9037 3
      vertex 41.2 -15 3
      vertex 68.6033 -21.905 3
    endloop
  endfacet
  facet normal 0 0 1
    outer loop
      vertex 41.1897 15.1566 3
      vertex 68.4766 22.1619 3
      vertex 68.385 22.4317 3
    endloop
  endfacet
  facet normal 0 0 1
    outer loop
      vertex 68.6033 -21.905 3
      vertex 41.2 -15 3
      vertex 68.4773 -22.1605 3
    endloop
  endfacet
  facet normal 0 0 1
    outer loop
      vertex 41.1897 15.1566 3
      vertex 68.385 22.4317 3
      vertex 68.3845 22.4332 3
    endloop
  endfacet
  facet normal 0 0 1
    outer loop
      vertex 68.4773 -22.1605 3
      vertex 41.2 -15 3
      vertex 68.4766 -22.1619 3
    endloop
  endfacet
  facet normal 0 0 1
    outer loop
      vertex 41.1591 15.3106 3
      vertex 68.3845 22.4332 3
      vertex 68.3842 22.4347 3
    endloop
  endfacet
  facet normal -0 0 1
    outer loop
      vertex 41.1897 -15.1566 3
      vertex 68.4766 -22.1619 3
      vertex 41.2 -15 3
    endloop
  endfacet
  facet normal 0 0 1
    outer loop
      vertex 41.1591 15.3106 3
      vertex 68.3842 22.4347 3
      vertex 68.3286 22.7141 3
    endloop
  endfacet
  facet normal 0 0 1
    outer loop
      vertex 68.4766 -22.1619 3
      vertex 41.1897 -15.1566 3
      vertex 68.385 -22.4317 3
    endloop
  endfacet
  facet normal 0 0 1
    outer loop
      vertex 41.1087 15.4592 3
      vertex 68.3286 22.7141 3
      vertex 68.31 22.9984 3
    endloop
  endfacet
  facet normal 0 0 1
    outer loop
      vertex 68.385 -22.4317 3
      vertex 41.1897 -15.1566 3
      vertex 68.3845 -22.4332 3
    endloop
  endfacet
  facet normal 0 0 1
    outer loop
      vertex 41.1087 15.4592 3
      vertex 68.31 22.9984 3
      vertex 68.3099 23 3
    endloop
  endfacet
  facet normal -0 0 1
    outer loop
      vertex 41.1591 -15.3106 3
      vertex 68.3845 -22.4332 3
      vertex 41.1897 -15.1566 3
    endloop
  endfacet
  facet normal 0 0 1
    outer loop
      vertex 72.3967 24.095 3
      vertex 75 24.5 3
      vertex 74.9743 24.8916 3
    endloop
  endfacet
  facet normal 0 0 1
    outer loop
      vertex 72.69 22.9984 3
      vertex 75 24.5 3
      vertex 72.6901 23 3
    endloop
  endfacet
  facet normal 0 0 1
    outer loop
      vertex 72.3967 24.095 3
      vertex 74.9743 24.8916 3
      vertex 74.8978 25.2765 3
    endloop
  endfacet
  facet normal 0 0 1
    outer loop
      vertex 72.6714 22.7141 3
      vertex 75 24.5 3
      vertex 72.69 22.9984 3
    endloop
  endfacet
  facet normal 0 0 1
    outer loop
      vertex 72.3958 24.0963 3
      vertex 74.8978 25.2765 3
      vertex 74.7716 25.648 3
    endloop
  endfacet
  facet normal -0 0 1
    outer loop
      vertex 72.69 -23.0016 3
      vertex 75 -24.5 3
      vertex 72.6901 -23 3
    endloop
  endfacet
  facet normal 0 0 1
    outer loop
      vertex 72.2375 24.3332 3
      vertex 74.7716 25.648 3
      vertex 74.5981 26 3
    endloop
  endfacet
  facet normal -0 0 1
    outer loop
      vertex 72.6714 -23.2859 3
      vertex 75 -24.5 3
      vertex 72.69 -23.0016 3
    endloop
  endfacet
  facet normal 0 0 1
    outer loop
      vertex 72.2375 24.3332 3
      vertex 74.5981 26 3
      vertex 74.3801 26.3263 3
    endloop
  endfacet
  facet normal -0 0 1
    outer loop
      vertex 72.6158 -23.5653 3
      vertex 75 -24.5 3
      vertex 72.6714 -23.2859 3
    endloop
  endfacet
  facet normal 0 0 1
    outer loop
      vertex 72.0497 24.5475 3
      vertex 74.3801 26.3263 3
      vertex 74.1213 26.6213 3
    endloop
  endfacet
  facet normal -0 0 1
    outer loop
      vertex 72.6155 -23.5668 3
      vertex 75 -24.5 3
      vertex 72.6158 -23.5653 3
    endloop
  endfacet
  facet normal 0 0 1
    outer loop
      vertex 72.0486 24.5486 3
      vertex 74.1213 26.6213 3
      vertex 73.8263 26.8801 3
    endloop
  endfacet
  facet normal -0 0 1
    outer loop
      vertex 72.615 -23.5683 3
      vertex 75 -24.5 3
      vertex 72.6155 -23.5668 3
    endloop
  endfacet
  facet normal 0 0 1
    outer loop
      vertex 71.8332 24.7375 3
      vertex 73.8263 26.8801 3
      vertex 73.5 27.0981 3
    endloop
  endfacet
  facet normal -0 0 1
    outer loop
      vertex 72.5234 -23.8381 3
      vertex 75 -24.5 3
      vertex 72.615 -23.5683 3
    endloop
  endfacet
  facet normal 0 0 1
    outer loop
      vertex 71.8332 24.7375 3
      vertex 73.5 27.0981 3
      vertex 73.148 27.2716 3
    endloop
  endfacet
  facet normal -0 0 1
    outer loop
      vertex 72.5227 -23.8395 3
      vertex 75 -24.5 3
      vertex 72.5234 -23.8381 3
    endloop
  endfacet
  facet normal 0 0 1
    outer loop
      vertex 71.8332 24.7375 3
      vertex 73.148 27.2716 3
      vertex 72.7765 27.3978 3
    endloop
  endfacet
  facet normal -0 0 1
    outer loop
      vertex 72.3967 -24.095 3
      vertex 75 -24.5 3
      vertex 72.5227 -23.8395 3
    endloop
  endfacet
  facet normal 0 0 1
    outer loop
      vertex 75 -24.5 3
      vertex 72.3967 -24.095 3
      vertex 74.9743 -24.8916 3
    endloop
  endfacet
  facet normal 0 0 1
    outer loop
      vertex 75 24.5 3
      vertex 72.69 23.0016 3
      vertex 72.6901 23 3
    endloop
  endfacet
  facet normal 0 0 1
    outer loop
      vertex 75 24.5 3
      vertex 72.6714 23.2859 3
      vertex 72.69 23.0016 3
    endloop
  endfacet
  facet normal 0 0 1
    outer loop
      vertex 75 24.5 3
      vertex 72.6158 23.5653 3
      vertex 72.6714 23.2859 3
    endloop
  endfacet
  facet normal 0 0 1
    outer loop
      vertex 75 24.5 3
      vertex 72.6155 23.5668 3
      vertex 72.6158 23.5653 3
    endloop
  endfacet
  facet normal 0 0 1
    outer loop
      vertex 75 24.5 3
      vertex 72.615 23.5683 3
      vertex 72.6155 23.5668 3
    endloop
  endfacet
  facet normal 0 0 1
    outer loop
      vertex 75 24.5 3
      vertex 72.5234 23.8381 3
      vertex 72.615 23.5683 3
    endloop
  endfacet
  facet normal 0 0 1
    outer loop
      vertex 75 24.5 3
      vertex 72.5227 23.8395 3
      vertex 72.5234 23.8381 3
    endloop
  endfacet
  facet normal 0 0 1
    outer loop
      vertex 75 24.5 3
      vertex 72.3967 24.095 3
      vertex 72.5227 23.8395 3
    endloop
  endfacet
  facet normal 0 0 1
    outer loop
      vertex 74.8978 25.2765 3
      vertex 72.3958 24.0963 3
      vertex 72.3967 24.095 3
    endloop
  endfacet
  facet normal 0 0 1
    outer loop
      vertex 71.595 24.8967 3
      vertex 72.7765 27.3978 3
      vertex 72.3916 27.4743 3
    endloop
  endfacet
  facet normal 0 0 1
    outer loop
      vertex 74.7716 25.648 3
      vertex 72.2375 24.3332 3
      vertex 72.3958 24.0963 3
    endloop
  endfacet
  facet normal 0 0 1
    outer loop
      vertex 74.3801 26.3263 3
      vertex 72.0497 24.5475 3
      vertex 72.2375 24.3332 3
    endloop
  endfacet
  facet normal 0 0 1
    outer loop
      vertex 74.1213 26.6213 3
      vertex 72.0486 24.5486 3
      vertex 72.0497 24.5475 3
    endloop
  endfacet
  facet normal 0 0 1
    outer loop
      vertex 73.8263 26.8801 3
      vertex 72.0475 24.5497 3
      vertex 72.0486 24.5486 3
    endloop
  endfacet
  facet normal 0 0 1
    outer loop
      vertex 71.595 24.8967 3
      vertex 72.3916 27.4743 3
      vertex 72 27.5 3
    endloop
  endfacet
  facet normal 0 0 1
    outer loop
      vertex 73.8263 26.8801 3
      vertex 71.8332 24.7375 3
      vertex 72.0475 24.5497 3
    endloop
  endfacet
  facet normal 0 0 1
    outer loop
      vertex 72.7765 27.3978 3
      vertex 71.5963 24.8958 3
      vertex 71.8332 24.7375 3
    endloop
  endfacet
  facet normal 0 0 1
    outer loop
      vertex 72.7765 27.3978 3
      vertex 71.595 24.8967 3
      vertex 71.5963 24.8958 3
    endloop
  endfacet
  facet normal 0 0 1
    outer loop
      vertex 72 27.5 3
      vertex 71.3395 25.0227 3
      vertex 71.595 24.8967 3
    endloop
  endfacet
  facet normal 0 0 1
    outer loop
      vertex 72 27.5 3
      vertex 71.3381 25.0234 3
      vertex 71.3395 25.0227 3
    endloop
  endfacet
  facet normal 0 0 1
    outer loop
      vertex 72 27.5 3
      vertex 71.0683 25.115 3
      vertex 71.3381 25.0234 3
    endloop
  endfacet
  facet normal 0 0 1
    outer loop
      vertex 72 27.5 3
      vertex 71.0668 25.1155 3
      vertex 71.0683 25.115 3
    endloop
  endfacet
  facet normal 0 0 1
    outer loop
      vertex 72 27.5 3
      vertex 71.0653 25.1158 3
      vertex 71.0668 25.1155 3
    endloop
  endfacet
  facet normal 0 0 1
    outer loop
      vertex 72 27.5 3
      vertex 70.7859 25.1714 3
      vertex 71.0653 25.1158 3
    endloop
  endfacet
  facet normal 0 0 1
    outer loop
      vertex 72 27.5 3
      vertex 70.5015 25.19 3
      vertex 70.7859 25.1714 3
    endloop
  endfacet
  facet normal 0 0 1
    outer loop
      vertex 72 27.5 3
      vertex 70.5 25.1901 3
      vertex 70.5015 25.19 3
    endloop
  endfacet
  facet normal 0 0 1
    outer loop
      vertex 72 27.5 3
      vertex 70.4985 25.19 3
      vertex 70.5 25.1901 3
    endloop
  endfacet
  facet normal 0 0 1
    outer loop
      vertex 72 27.5 3
      vertex 70.2141 25.1714 3
      vertex 70.4985 25.19 3
    endloop
  endfacet
  facet normal 0 0 1
    outer loop
      vertex 72 27.5 3
      vertex 69.9347 25.1158 3
      vertex 70.2141 25.1714 3
    endloop
  endfacet
  facet normal 0 0 1
    outer loop
      vertex 72 27.5 3
      vertex 69.9332 25.1155 3
      vertex 69.9347 25.1158 3
    endloop
  endfacet
  facet normal 0 0 1
    outer loop
      vertex 72 27.5 3
      vertex 69.9317 25.115 3
      vertex 69.9332 25.1155 3
    endloop
  endfacet
  facet normal 0 0 1
    outer loop
      vertex 72 27.5 3
      vertex 69.6619 25.0234 3
      vertex 69.9317 25.115 3
    endloop
  endfacet
  facet normal 0 0 1
    outer loop
      vertex 72 27.5 3
      vertex 69.6605 25.0227 3
      vertex 69.6619 25.0234 3
    endloop
  endfacet
  facet normal 0 0 1
    outer loop
      vertex 72 27.5 3
      vertex 69.405 24.8967 3
      vertex 69.6605 25.0227 3
    endloop
  endfacet
  facet normal 0 0 1
    outer loop
      vertex 72 27.5 3
      vertex 69.4037 24.8958 3
      vertex 69.405 24.8967 3
    endloop
  endfacet
  facet normal 0 0 1
    outer loop
      vertex 72 27.5 3
      vertex 69.1668 24.7375 3
      vertex 69.4037 24.8958 3
    endloop
  endfacet
  facet normal 0 0 1
    outer loop
      vertex 72 27.5 3
      vertex 68.9525 24.5497 3
      vertex 69.1668 24.7375 3
    endloop
  endfacet
  facet normal 0 0 -1
    outer loop
      vertex 72 27.5 3
      vertex 68.9514 24.5486 3
      vertex 68.9525 24.5497 3
    endloop
  endfacet
  facet normal 0 0 -1
    outer loop
      vertex 68.9514 24.5486 3
      vertex 68.7625 24.3332 3
      vertex 68.9503 24.5475 3
    endloop
  endfacet
  facet normal 0 0 1
    outer loop
      vertex 68.6033 24.095 3
      vertex 68.4766 23.8381 3
      vertex 68.4773 23.8395 3
    endloop
  endfacet
  facet normal 0 0 -1
    outer loop
      vertex 68.3286 23.2859 3
      vertex 68.3099 23 3
      vertex 68.31 23.0016 3
    endloop
  endfacet
  facet normal 0 0 1
    outer loop
      vertex 68.3845 -22.4332 3
      vertex 41.1591 -15.3106 3
      vertex 68.3842 -22.4347 3
    endloop
  endfacet
  facet normal 0 0 1
    outer loop
      vertex 40.952 15.7305 3
      vertex 68.3099 23 3
      vertex 68.3286 23.2859 3
    endloop
  endfacet
  facet normal 0 0 1
    outer loop
      vertex 40.8485 15.8485 3
      vertex 68.3286 23.2859 3
      vertex 68.3842 23.5653 3
    endloop
  endfacet
  facet normal 0 0 1
    outer loop
      vertex 40.8485 15.8485 3
      vertex 68.3842 23.5653 3
      vertex 68.3845 23.5668 3
    endloop
  endfacet
  facet normal 0 0 1
    outer loop
      vertex 40.7305 15.952 3
      vertex 68.3845 23.5668 3
      vertex 68.385 23.5683 3
    endloop
  endfacet
  facet normal 0 0 1
    outer loop
      vertex 40.7305 15.952 3
      vertex 68.385 23.5683 3
      vertex 68.4766 23.8381 3
    endloop
  endfacet
  facet normal 0 0 1
    outer loop
      vertex 40.6 16.0392 3
      vertex 68.4766 23.8381 3
      vertex 68.6033 24.095 3
    endloop
  endfacet
  facet normal 0 0 1
    outer loop
      vertex 40.4592 16.1087 3
      vertex 68.6033 24.095 3
      vertex 68.6042 24.0963 3
    endloop
  endfacet
  facet normal 0 0 1
    outer loop
      vertex 40.4592 16.1087 3
      vertex 68.6042 24.0963 3
      vertex 68.7625 24.3332 3
    endloop
  endfacet
  facet normal 0 0 1
    outer loop
      vertex 40.3106 16.1591 3
      vertex 68.7625 24.3332 3
      vertex 68.9514 24.5486 3
    endloop
  endfacet
  facet normal 0 0 1
    outer loop
      vertex 40.1566 16.1897 3
      vertex 68.9514 24.5486 3
      vertex 72 27.5 3
    endloop
  endfacet
  facet normal 0 0 1
    outer loop
      vertex 68.4766 22.1619 3
      vertex 41.1897 15.1566 3
      vertex 41.2 15 3
    endloop
  endfacet
  facet normal 0 0 1
    outer loop
      vertex 68.3845 22.4332 3
      vertex 41.1591 15.3106 3
      vertex 41.1897 15.1566 3
    endloop
  endfacet
  facet normal 0 0 1
    outer loop
      vertex 68.3286 22.7141 3
      vertex 41.1087 15.4592 3
      vertex 41.1591 15.3106 3
    endloop
  endfacet
  facet normal 0 0 1
    outer loop
      vertex 68.3099 23 3
      vertex 41.0392 15.6 3
      vertex 41.1087 15.4592 3
    endloop
  endfacet
  facet normal 0 0 1
    outer loop
      vertex 68.3099 23 3
      vertex 40.952 15.7305 3
      vertex 41.0392 15.6 3
    endloop
  endfacet
  facet normal 0 0 1
    outer loop
      vertex 68.3286 23.2859 3
      vertex 40.8485 15.8485 3
      vertex 40.952 15.7305 3
    endloop
  endfacet
  facet normal 0 0 1
    outer loop
      vertex 68.3845 23.5668 3
      vertex 40.7305 15.952 3
      vertex 40.8485 15.8485 3
    endloop
  endfacet
  facet normal 0 0 1
    outer loop
      vertex 68.4766 23.8381 3
      vertex 40.6 16.0392 3
      vertex 40.7305 15.952 3
    endloop
  endfacet
  facet normal 0 0 1
    outer loop
      vertex 68.6033 24.095 3
      vertex 40.4592 16.1087 3
      vertex 40.6 16.0392 3
    endloop
  endfacet
  facet normal 0 0 1
    outer loop
      vertex 68.7625 24.3332 3
      vertex 40.3106 16.1591 3
      vertex 40.4592 16.1087 3
    endloop
  endfacet
  facet normal 0 0 1
    outer loop
      vertex 68.9514 24.5486 3
      vertex 40.1566 16.1897 3
      vertex 40.3106 16.1591 3
    endloop
  endfacet
  facet normal 0 0 1
    outer loop
      vertex 72 27.5 3
      vertex 40 16.2 3
      vertex 40.1566 16.1897 3
    endloop
  endfacet
  facet normal 0 0 1
    outer loop
      vertex 72 27.5 3
      vertex 39.8434 16.1897 3
      vertex 40 16.2 3
    endloop
  endfacet
  facet normal 0 0 1
    outer loop
      vertex 10.1566 16.1897 3
      vertex 39.8434 16.1897 3
      vertex 72 27.5 3
    endloop
  endfacet
  facet normal 0 0 1
    outer loop
      vertex 39.8434 16.1897 3
      vertex 10.1566 16.1897 3
      vertex 39.6894 16.1591 3
    endloop
  endfacet
  facet normal 0 -0 1
    outer loop
      vertex 28.4641 -14.5 3
      vertex 38.9608 -14.4 3
      vertex 28.1734 -14.065 3
    endloop
  endfacet
  facet normal 0 0 1
    outer loop
      vertex 11.2 15 3
      vertex 38.8 15 3
      vertex 38.8103 15.1566 3
    endloop
  endfacet
  facet normal 0 0 1
    outer loop
      vertex 11.1897 15.1566 3
      vertex 38.8103 15.1566 3
      vertex 38.8409 15.3106 3
    endloop
  endfacet
  facet normal 0 0 1
    outer loop
      vertex 38.8 -15 3
      vertex 28.9658 -15.9779 3
      vertex 29 -16.5 3
    endloop
  endfacet
  facet normal 0 0 1
    outer loop
      vertex 38.8 -15 3
      vertex 28.8637 -15.4647 3
      vertex 28.9658 -15.9779 3
    endloop
  endfacet
  facet normal 0 0 1
    outer loop
      vertex 38.8103 -14.8434 3
      vertex 28.8637 -15.4647 3
      vertex 38.8 -15 3
    endloop
  endfacet
  facet normal 0 0 1
    outer loop
      vertex 38.8409 -14.6894 3
      vertex 28.8637 -15.4647 3
      vertex 38.8103 -14.8434 3
    endloop
  endfacet
  facet normal 0 0 1
    outer loop
      vertex 11.1591 15.3106 3
      vertex 38.8409 15.3106 3
      vertex 38.8913 15.4592 3
    endloop
  endfacet
  facet normal 0 -0 1
    outer loop
      vertex 28.8637 -15.4647 3
      vertex 38.8409 -14.6894 3
      vertex 28.6955 -14.9693 3
    endloop
  endfacet
  facet normal 0 0 1
    outer loop
      vertex 38.8913 -14.5408 3
      vertex 28.6955 -14.9693 3
      vertex 38.8409 -14.6894 3
    endloop
  endfacet
  facet normal 0 -0 1
    outer loop
      vertex 28.6955 -14.9693 3
      vertex 38.8913 -14.5408 3
      vertex 28.4641 -14.5 3
    endloop
  endfacet
  facet normal 0 0 1
    outer loop
      vertex 38.9608 -14.4 3
      vertex 28.4641 -14.5 3
      vertex 38.8913 -14.5408 3
    endloop
  endfacet
  facet normal 0 0 1
    outer loop
      vertex 39.5408 13.8913 3
      vertex 26.5307 -12.8045 3
      vertex 27 -13.0359 3
    endloop
  endfacet
  facet normal 0 0 1
    outer loop
      vertex 39.2695 14.048 3
      vertex 26.0353 -12.6363 3
      vertex 26.5307 -12.8045 3
    endloop
  endfacet
  facet normal 0 0 1
    outer loop
      vertex 39.1515 14.1515 3
      vertex 25.5221 -12.5342 3
      vertex 26.0353 -12.6363 3
    endloop
  endfacet
  facet normal 0 0 1
    outer loop
      vertex 39.048 14.2695 3
      vertex 25 -12.5 3
      vertex 25.5221 -12.5342 3
    endloop
  endfacet
  facet normal 0 0 1
    outer loop
      vertex 11.1087 15.4592 3
      vertex 38.8913 15.4592 3
      vertex 38.9608 15.6 3
    endloop
  endfacet
  facet normal 0 0 1
    outer loop
      vertex 11.1087 14.5408 3
      vertex 38.8913 14.5408 3
      vertex 11.1591 14.6894 3
    endloop
  endfacet
  facet normal 0 0 1
    outer loop
      vertex 38.8913 14.5408 3
      vertex 11.1087 14.5408 3
      vertex 38.9608 14.4 3
    endloop
  endfacet
  facet normal 0 0 1
    outer loop
      vertex 11.0392 14.4 3
      vertex 38.9608 14.4 3
      vertex 11.1087 14.5408 3
    endloop
  endfacet
  facet normal 0 0 1
    outer loop
      vertex 38.9608 14.4 3
      vertex 11.0392 14.4 3
      vertex 39.048 14.2695 3
    endloop
  endfacet
  facet normal 0 0 1
    outer loop
      vertex 10.952 14.2695 3
      vertex 39.048 14.2695 3
      vertex 11.0392 14.4 3
    endloop
  endfacet
  facet normal 0 0 1
    outer loop
      vertex 39.048 14.2695 3
      vertex 10.952 14.2695 3
      vertex 25 -12.5 3
    endloop
  endfacet
  facet normal 0 0 1
    outer loop
      vertex 23 -13.0359 3
      vertex 11.2 -15 3
      vertex 22.565 -13.3266 3
    endloop
  endfacet
  facet normal 0 0 1
    outer loop
      vertex 22.565 -13.3266 3
      vertex 11.2 -15 3
      vertex 22.1716 -13.6716 3
    endloop
  endfacet
  facet normal 0 0 1
    outer loop
      vertex 21.1363 -15.4647 3
      vertex 11.2 -15 3
      vertex 21.0342 -15.9779 3
    endloop
  endfacet
  facet normal 0 0 1
    outer loop
      vertex 21.3045 -14.9693 3
      vertex 11.2 -15 3
      vertex 21.1363 -15.4647 3
    endloop
  endfacet
  facet normal 0 0 1
    outer loop
      vertex 21.5359 -14.5 3
      vertex 11.2 -15 3
      vertex 21.3045 -14.9693 3
    endloop
  endfacet
  facet normal 0 0 1
    outer loop
      vertex 21.8266 -14.065 3
      vertex 11.2 -15 3
      vertex 21.5359 -14.5 3
    endloop
  endfacet
  facet normal 0 0 1
    outer loop
      vertex 22.1716 -13.6716 3
      vertex 11.2 -15 3
      vertex 21.8266 -14.065 3
    endloop
  endfacet
  facet normal 0 0 1
    outer loop
      vertex 11.0392 15.6 3
      vertex 38.9608 15.6 3
      vertex 39.048 15.7305 3
    endloop
  endfacet
  facet normal 0 0 1
    outer loop
      vertex 10.952 15.7305 3
      vertex 39.048 15.7305 3
      vertex 39.1515 15.8485 3
    endloop
  endfacet
  facet normal 0 0 1
    outer loop
      vertex 10.8485 15.8485 3
      vertex 39.1515 15.8485 3
      vertex 39.2695 15.952 3
    endloop
  endfacet
  facet normal 0 0 1
    outer loop
      vertex 10.7305 15.952 3
      vertex 39.2695 15.952 3
      vertex 39.4 16.0392 3
    endloop
  endfacet
  facet normal 0 0 1
    outer loop
      vertex 10.6 16.0392 3
      vertex 39.4 16.0392 3
      vertex 39.5408 16.1087 3
    endloop
  endfacet
  facet normal 0 -0 1
    outer loop
      vertex 10.3106 16.1591 3
      vertex 39.6894 16.1591 3
      vertex 10.1566 16.1897 3
    endloop
  endfacet
  facet normal 0 0 1
    outer loop
      vertex 38.8103 15.1566 3
      vertex 11.1897 15.1566 3
      vertex 11.2 15 3
    endloop
  endfacet
  facet normal 0 0 1
    outer loop
      vertex 38.8409 15.3106 3
      vertex 11.1591 15.3106 3
      vertex 11.1897 15.1566 3
    endloop
  endfacet
  facet normal 0 0 1
    outer loop
      vertex 38.8913 15.4592 3
      vertex 11.1087 15.4592 3
      vertex 11.1591 15.3106 3
    endloop
  endfacet
  facet normal 0 0 1
    outer loop
      vertex 38.9608 15.6 3
      vertex 11.0392 15.6 3
      vertex 11.1087 15.4592 3
    endloop
  endfacet
  facet normal 0 0 1
    outer loop
      vertex 39.048 15.7305 3
      vertex 10.952 15.7305 3
      vertex 11.0392 15.6 3
    endloop
  endfacet
  facet normal 0 0 1
    outer loop
      vertex 39.1515 15.8485 3
      vertex 10.8485 15.8485 3
      vertex 10.952 15.7305 3
    endloop
  endfacet
  facet normal 0 0 1
    outer loop
      vertex 39.2695 15.952 3
      vertex 10.7305 15.952 3
      vertex 10.8485 15.8485 3
    endloop
  endfacet
  facet normal 0 0 1
    outer loop
      vertex 39.4 16.0392 3
      vertex 10.6 16.0392 3
      vertex 10.7305 15.952 3
    endloop
  endfacet
  facet normal 0 0 1
    outer loop
      vertex 39.5408 16.1087 3
      vertex 10.4592 16.1087 3
      vertex 10.6 16.0392 3
    endloop
  endfacet
  facet normal 0 0 1
    outer loop
      vertex 39.5408 16.1087 3
      vertex 10.3106 16.1591 3
      vertex 10.4592 16.1087 3
    endloop
  endfacet
  facet normal 0 0 1
    outer loop
      vertex 39.6894 16.1591 3
      vertex 10.3106 16.1591 3
      vertex 39.5408 16.1087 3
    endloop
  endfacet
  facet normal 0 0 1
    outer loop
      vertex 72 27.5 3
      vertex 10 16.2 3
      vertex 10.1566 16.1897 3
    endloop
  endfacet
  facet normal -0 0 1
    outer loop
      vertex -72 27.5 3
      vertex 10 16.2 3
      vertex 72 27.5 3
    endloop
  endfacet
  facet normal 0 0 1
    outer loop
      vertex 8.89135 14.5408 3
      vertex -16.75 10 3
      vertex -16.7778 9.57579 3
    endloop
  endfacet
  facet normal 0 0 1
    outer loop
      vertex -16.9974 11.2437 3
      vertex 8.8 15 3
      vertex 8.81027 15.1566 3
    endloop
  endfacet
  facet normal 0 0 1
    outer loop
      vertex -17.1854 11.625 3
      vertex 8.81027 15.1566 3
      vertex 8.84089 15.3106 3
    endloop
  endfacet
  facet normal 0 0 1
    outer loop
      vertex -17.4216 11.9785 3
      vertex 8.84089 15.3106 3
      vertex 8.89135 15.4592 3
    endloop
  endfacet
  facet normal 0 0 1
    outer loop
      vertex -17.4216 11.9785 3
      vertex 8.89135 15.4592 3
      vertex 8.96077 15.6 3
    endloop
  endfacet
  facet normal 0 0 1
    outer loop
      vertex -17.7019 12.2981 3
      vertex 8.96077 15.6 3
      vertex 9.04798 15.7305 3
    endloop
  endfacet
  facet normal 0 0 1
    outer loop
      vertex -18.0215 12.5784 3
      vertex 9.04798 15.7305 3
      vertex 9.15147 15.8485 3
    endloop
  endfacet
  facet normal 0 0 1
    outer loop
      vertex -18.375 12.8146 3
      vertex 9.15147 15.8485 3
      vertex 9.26949 15.952 3
    endloop
  endfacet
  facet normal 0 0 1
    outer loop
      vertex -18.7563 13.0026 3
      vertex 9.26949 15.952 3
      vertex 9.4 16.0392 3
    endloop
  endfacet
  facet normal 0 0 1
    outer loop
      vertex -19.1588 13.1393 3
      vertex 9.4 16.0392 3
      vertex 9.54078 16.1087 3
    endloop
  endfacet
  facet normal 0 0 1
    outer loop
      vertex -19.5758 13.2222 3
      vertex 9.54078 16.1087 3
      vertex 9.68942 16.1591 3
    endloop
  endfacet
  facet normal 0 0 1
    outer loop
      vertex 8.84089 14.6894 3
      vertex -16.7778 10.4242 3
      vertex -16.75 10 3
    endloop
  endfacet
  facet normal 0 0 1
    outer loop
      vertex 8.81027 14.8434 3
      vertex -16.8607 10.8412 3
      vertex -16.7778 10.4242 3
    endloop
  endfacet
  facet normal 0 0 1
    outer loop
      vertex 8.8 15 3
      vertex -16.9974 11.2437 3
      vertex -16.8607 10.8412 3
    endloop
  endfacet
  facet normal 0 0 1
    outer loop
      vertex -72 27.5 3
      vertex 9.68942 16.1591 3
      vertex 9.84337 16.1897 3
    endloop
  endfacet
  facet normal 0 0 1
    outer loop
      vertex 8.81027 15.1566 3
      vertex -17.1854 11.625 3
      vertex -16.9974 11.2437 3
    endloop
  endfacet
  facet normal 0 0 1
    outer loop
      vertex 10 16.2 3
      vertex -72 27.5 3
      vertex 9.84337 16.1897 3
    endloop
  endfacet
  facet normal 0 0 1
    outer loop
      vertex 8.84089 15.3106 3
      vertex -17.4216 11.9785 3
      vertex -17.1854 11.625 3
    endloop
  endfacet
  facet normal 0 0 1
    outer loop
      vertex 8.96077 15.6 3
      vertex -17.7019 12.2981 3
      vertex -17.4216 11.9785 3
    endloop
  endfacet
  facet normal 0 0 1
    outer loop
      vertex 9.04798 15.7305 3
      vertex -18.0215 12.5784 3
      vertex -17.7019 12.2981 3
    endloop
  endfacet
  facet normal 0 0 1
    outer loop
      vertex 9.15147 15.8485 3
      vertex -18.375 12.8146 3
      vertex -18.0215 12.5784 3
    endloop
  endfacet
  facet normal 0 0 1
    outer loop
      vertex 9.26949 15.952 3
      vertex -18.7563 13.0026 3
      vertex -18.375 12.8146 3
    endloop
  endfacet
  facet normal 0 0 1
    outer loop
      vertex 9.4 16.0392 3
      vertex -19.1588 13.1393 3
      vertex -18.7563 13.0026 3
    endloop
  endfacet
  facet normal 0 0 1
    outer loop
      vertex 9.54078 16.1087 3
      vertex -19.5758 13.2222 3
      vertex -19.1588 13.1393 3
    endloop
  endfacet
  facet normal 0 0 1
    outer loop
      vertex 9.68942 16.1591 3
      vertex -72 27.5 3
      vertex -20 13.25 3
    endloop
  endfacet
  facet normal 0 0 1
    outer loop
      vertex 9.68942 16.1591 3
      vertex -20 13.25 3
      vertex -19.5758 13.2222 3
    endloop
  endfacet
  facet normal 0 0 1
    outer loop
      vertex -23.2222 10.4242 3
      vertex -36.75 10 3
      vertex -23.25 10 3
    endloop
  endfacet
  facet normal 0 0 1
    outer loop
      vertex -36.7778 10.4242 3
      vertex -23.2222 10.4242 3
      vertex -23.1393 10.8412 3
    endloop
  endfacet
  facet normal 0 0 1
    outer loop
      vertex -36.8607 10.8412 3
      vertex -23.1393 10.8412 3
      vertex -23.0026 11.2437 3
    endloop
  endfacet
  facet normal 0 0 1
    outer loop
      vertex -36.9974 11.2437 3
      vertex -23.0026 11.2437 3
      vertex -22.8146 11.625 3
    endloop
  endfacet
  facet normal 0 0 1
    outer loop
      vertex -37.1854 11.625 3
      vertex -22.8146 11.625 3
      vertex -22.5784 11.9785 3
    endloop
  endfacet
  facet normal 0 0 1
    outer loop
      vertex -37.4216 11.9785 3
      vertex -22.5784 11.9785 3
      vertex -22.2981 12.2981 3
    endloop
  endfacet
  facet normal 0 0 1
    outer loop
      vertex -37.7019 12.2981 3
      vertex -22.2981 12.2981 3
      vertex -21.9785 12.5784 3
    endloop
  endfacet
  facet normal 0 0 1
    outer loop
      vertex -38.0215 12.5784 3
      vertex -21.9785 12.5784 3
      vertex -21.625 12.8146 3
    endloop
  endfacet
  facet normal 0 0 1
    outer loop
      vertex -38.375 12.8146 3
      vertex -21.625 12.8146 3
      vertex -21.2437 13.0026 3
    endloop
  endfacet
  facet normal 0 0 1
    outer loop
      vertex -38.7563 13.0026 3
      vertex -21.2437 13.0026 3
      vertex -20.8412 13.1393 3
    endloop
  endfacet
  facet normal 0 0 1
    outer loop
      vertex -39.1588 13.1393 3
      vertex -20.8412 13.1393 3
      vertex -20.4242 13.2222 3
    endloop
  endfacet
  facet normal 0 0 1
    outer loop
      vertex -23.2222 10.4242 3
      vertex -36.7778 10.4242 3
      vertex -36.75 10 3
    endloop
  endfacet
  facet normal 0 0 1
    outer loop
      vertex -23.1393 10.8412 3
      vertex -36.8607 10.8412 3
      vertex -36.7778 10.4242 3
    endloop
  endfacet
  facet normal 0 0 1
    outer loop
      vertex -20 13.25 3
      vertex -72 27.5 3
      vertex -20.4242 13.2222 3
    endloop
  endfacet
  facet normal 0 0 1
    outer loop
      vertex -23.0026 11.2437 3
      vertex -36.9974 11.2437 3
      vertex -36.8607 10.8412 3
    endloop
  endfacet
  facet normal 0 0 1
    outer loop
      vertex -22.8146 11.625 3
      vertex -37.1854 11.625 3
      vertex -36.9974 11.2437 3
    endloop
  endfacet
  facet normal 0 0 1
    outer loop
      vertex -22.5784 11.9785 3
      vertex -37.4216 11.9785 3
      vertex -37.1854 11.625 3
    endloop
  endfacet
  facet normal 0 0 1
    outer loop
      vertex -22.2981 12.2981 3
      vertex -37.7019 12.2981 3
      vertex -37.4216 11.9785 3
    endloop
  endfacet
  facet normal 0 0 1
    outer loop
      vertex -21.9785 12.5784 3
      vertex -38.0215 12.5784 3
      vertex -37.7019 12.2981 3
    endloop
  endfacet
  facet normal 0 0 1
    outer loop
      vertex -21.625 12.8146 3
      vertex -38.375 12.8146 3
      vertex -38.0215 12.5784 3
    endloop
  endfacet
  facet normal 0 0 1
    outer loop
      vertex -21.2437 13.0026 3
      vertex -38.7563 13.0026 3
      vertex -38.375 12.8146 3
    endloop
  endfacet
  facet normal 0 0 1
    outer loop
      vertex -20.8412 13.1393 3
      vertex -39.1588 13.1393 3
      vertex -38.7563 13.0026 3
    endloop
  endfacet
  facet normal 0 -0 1
    outer loop
      vertex -39.5758 13.2222 3
      vertex -20.4242 13.2222 3
      vertex -72 27.5 3
    endloop
  endfacet
  facet normal 0 0 1
    outer loop
      vertex -20.4242 13.2222 3
      vertex -39.5758 13.2222 3
      vertex -39.1588 13.1393 3
    endloop
  endfacet
  facet normal 0 0 1
    outer loop
      vertex -39.5758 13.2222 3
      vertex -72 27.5 3
      vertex -40 13.25 3
    endloop
  endfacet
  facet normal -0 0 1
    outer loop
      vertex -68.3845 22.4332 3
      vertex -42.8146 11.625 3
      vertex -68.3842 22.4347 3
    endloop
  endfacet
  facet normal -0 0 1
    outer loop
      vertex -68.3842 22.4347 3
      vertex -42.8146 11.625 3
      vertex -68.3286 22.7141 3
    endloop
  endfacet
  facet normal 0 0 1
    outer loop
      vertex -42.5784 11.9785 3
      vertex -68.3286 22.7141 3
      vertex -42.8146 11.625 3
    endloop
  endfacet
  facet normal -0 0 1
    outer loop
      vertex -68.3286 22.7141 3
      vertex -42.5784 11.9785 3
      vertex -68.31 22.9984 3
    endloop
  endfacet
  facet normal -0 0 1
    outer loop
      vertex -68.31 22.9984 3
      vertex -42.5784 11.9785 3
      vertex -68.3099 23 3
    endloop
  endfacet
  facet normal 0 0 1
    outer loop
      vertex -42.2981 12.2981 3
      vertex -68.3099 23 3
      vertex -42.5784 11.9785 3
    endloop
  endfacet
  facet normal 0 0 1
    outer loop
      vertex -68.31 23.0016 3
      vertex -42.2981 12.2981 3
      vertex -41.9785 12.5784 3
    endloop
  endfacet
  facet normal 0 0 1
    outer loop
      vertex -68.3842 23.5653 3
      vertex -41.9785 12.5784 3
      vertex -41.625 12.8146 3
    endloop
  endfacet
  facet normal 0 0 1
    outer loop
      vertex -68.4766 23.8381 3
      vertex -41.625 12.8146 3
      vertex -41.2437 13.0026 3
    endloop
  endfacet
  facet normal 0 0 1
    outer loop
      vertex -68.6033 24.095 3
      vertex -41.2437 13.0026 3
      vertex -40.8412 13.1393 3
    endloop
  endfacet
  facet normal 0 0 1
    outer loop
      vertex -68.7625 24.3332 3
      vertex -40.8412 13.1393 3
      vertex -40.4242 13.2222 3
    endloop
  endfacet
  facet normal -0 -0 1
    outer loop
      vertex -68.9514 24.5486 3
      vertex -40 13.25 3
      vertex -72 27.5 3
    endloop
  endfacet
  facet normal 0 0 1
    outer loop
      vertex -42.2981 12.2981 3
      vertex -68.31 23.0016 3
      vertex -68.3099 23 3
    endloop
  endfacet
  facet normal 0 0 1
    outer loop
      vertex -41.9785 12.5784 3
      vertex -68.3286 23.2859 3
      vertex -68.31 23.0016 3
    endloop
  endfacet
  facet normal 0 0 1
    outer loop
      vertex -41.9785 12.5784 3
      vertex -68.3842 23.5653 3
      vertex -68.3286 23.2859 3
    endloop
  endfacet
  facet normal 0 0 1
    outer loop
      vertex -41.625 12.8146 3
      vertex -68.3845 23.5668 3
      vertex -68.3842 23.5653 3
    endloop
  endfacet
  facet normal 0 0 1
    outer loop
      vertex -41.625 12.8146 3
      vertex -68.385 23.5683 3
      vertex -68.3845 23.5668 3
    endloop
  endfacet
  facet normal 0 0 1
    outer loop
      vertex -41.625 12.8146 3
      vertex -68.4766 23.8381 3
      vertex -68.385 23.5683 3
    endloop
  endfacet
  facet normal 0 0 1
    outer loop
      vertex -41.2437 13.0026 3
      vertex -68.4773 23.8395 3
      vertex -68.4766 23.8381 3
    endloop
  endfacet
  facet normal 0 0 1
    outer loop
      vertex -41.2437 13.0026 3
      vertex -68.6033 24.095 3
      vertex -68.4773 23.8395 3
    endloop
  endfacet
  facet normal 0 0 1
    outer loop
      vertex -40.8412 13.1393 3
      vertex -68.6042 24.0963 3
      vertex -68.6033 24.095 3
    endloop
  endfacet
  facet normal 0 0 1
    outer loop
      vertex -40.8412 13.1393 3
      vertex -68.7625 24.3332 3
      vertex -68.6042 24.0963 3
    endloop
  endfacet
  facet normal 0 0 1
    outer loop
      vertex -40.4242 13.2222 3
      vertex -68.9503 24.5475 3
      vertex -68.7625 24.3332 3
    endloop
  endfacet
  facet normal 0 0 1
    outer loop
      vertex -40.4242 13.2222 3
      vertex -68.9514 24.5486 3
      vertex -68.9503 24.5475 3
    endloop
  endfacet
  facet normal 0 0 1
    outer loop
      vertex -40 13.25 3
      vertex -68.9514 24.5486 3
      vertex -40.4242 13.2222 3
    endloop
  endfacet
  facet normal 0 0 -1
    outer loop
      vertex -68.9514 24.5486 3
      vertex -72 27.5 3
      vertex -68.9525 24.5497 3
    endloop
  endfacet
  facet normal 0 0 1
    outer loop
      vertex -68.9525 24.5497 3
      vertex -72 27.5 3
      vertex -69.1668 24.7375 3
    endloop
  endfacet
  facet normal 0 0 1
    outer loop
      vertex -69.1668 24.7375 3
      vertex -72 27.5 3
      vertex -69.4037 24.8958 3
    endloop
  endfacet
  facet normal 0 0 1
    outer loop
      vertex -69.4037 24.8958 3
      vertex -72 27.5 3
      vertex -69.405 24.8967 3
    endloop
  endfacet
  facet normal 0 0 1
    outer loop
      vertex -69.405 24.8967 3
      vertex -72 27.5 3
      vertex -69.6605 25.0227 3
    endloop
  endfacet
  facet normal 0 0 1
    outer loop
      vertex -69.6605 25.0227 3
      vertex -72 27.5 3
      vertex -69.6619 25.0234 3
    endloop
  endfacet
  facet normal 0 0 1
    outer loop
      vertex -69.6619 25.0234 3
      vertex -72 27.5 3
      vertex -69.9317 25.115 3
    endloop
  endfacet
  facet normal 0 0 1
    outer loop
      vertex -69.9317 25.115 3
      vertex -72 27.5 3
      vertex -69.9332 25.1155 3
    endloop
  endfacet
  facet normal 0 0 1
    outer loop
      vertex -69.9332 25.1155 3
      vertex -72 27.5 3
      vertex -69.9347 25.1158 3
    endloop
  endfacet
  facet normal 0 0 1
    outer loop
      vertex -69.9347 25.1158 3
      vertex -72 27.5 3
      vertex -70.2141 25.1714 3
    endloop
  endfacet
  facet normal 0 0 1
    outer loop
      vertex -70.2141 25.1714 3
      vertex -72 27.5 3
      vertex -70.4985 25.19 3
    endloop
  endfacet
  facet normal 0 0 1
    outer loop
      vertex -72 27.5 3
      vertex -71.0653 25.1158 3
      vertex -70.7859 25.1714 3
    endloop
  endfacet
  facet normal 0 0 1
    outer loop
      vertex -70.4985 25.19 3
      vertex -72 27.5 3
      vertex -70.5 25.1901 3
    endloop
  endfacet
  facet normal 0 0 1
    outer loop
      vertex -72 27.5 3
      vertex -70.5015 25.19 3
      vertex -70.5 25.1901 3
    endloop
  endfacet
  facet normal 0 0 1
    outer loop
      vertex -72 27.5 3
      vertex -70.7859 25.1714 3
      vertex -70.5015 25.19 3
    endloop
  endfacet
  facet normal 0 0 1
    outer loop
      vertex -71.0653 25.1158 3
      vertex -72 27.5 3
      vertex -71.0668 25.1155 3
    endloop
  endfacet
  facet normal 0 0 1
    outer loop
      vertex -72 27.5 3
      vertex -71.0683 25.115 3
      vertex -71.0668 25.1155 3
    endloop
  endfacet
  facet normal 0 0 1
    outer loop
      vertex -72 27.5 3
      vertex -71.3381 25.0234 3
      vertex -71.0683 25.115 3
    endloop
  endfacet
  facet normal 0 0 1
    outer loop
      vertex -72 27.5 3
      vertex -71.3395 25.0227 3
      vertex -71.3381 25.0234 3
    endloop
  endfacet
  facet normal 0 0 1
    outer loop
      vertex -72 27.5 3
      vertex -71.595 24.8967 3
      vertex -71.3395 25.0227 3
    endloop
  endfacet
  facet normal -0 0 1
    outer loop
      vertex -72.3916 27.4743 3
      vertex -71.595 24.8967 3
      vertex -72 27.5 3
    endloop
  endfacet
  facet normal -0 0 1
    outer loop
      vertex -72.7765 27.3978 3
      vertex -71.595 24.8967 3
      vertex -72.3916 27.4743 3
    endloop
  endfacet
  facet normal 0 0 1
    outer loop
      vertex -71.595 24.8967 3
      vertex -72.7765 27.3978 3
      vertex -71.5963 24.8958 3
    endloop
  endfacet
  facet normal 0 0 1
    outer loop
      vertex -71.5963 24.8958 3
      vertex -72.7765 27.3978 3
      vertex -71.8332 24.7375 3
    endloop
  endfacet
  facet normal -0 0 1
    outer loop
      vertex -73.148 27.2716 3
      vertex -71.8332 24.7375 3
      vertex -72.7765 27.3978 3
    endloop
  endfacet
  facet normal -0 0 1
    outer loop
      vertex -73.5 27.0981 3
      vertex -71.8332 24.7375 3
      vertex -73.148 27.2716 3
    endloop
  endfacet
  facet normal -0 0 1
    outer loop
      vertex -73.8263 26.8801 3
      vertex -71.8332 24.7375 3
      vertex -73.5 27.0981 3
    endloop
  endfacet
  facet normal 0 0 1
    outer loop
      vertex -71.8332 24.7375 3
      vertex -73.8263 26.8801 3
      vertex -72.0475 24.5497 3
    endloop
  endfacet
  facet normal 0 0 1
    outer loop
      vertex -72.0475 24.5497 3
      vertex -73.8263 26.8801 3
      vertex -72.0486 24.5486 3
    endloop
  endfacet
  facet normal -0 0 1
    outer loop
      vertex -74.1213 26.6213 3
      vertex -72.0486 24.5486 3
      vertex -73.8263 26.8801 3
    endloop
  endfacet
  facet normal 0 0 1
    outer loop
      vertex -72.0486 24.5486 3
      vertex -74.1213 26.6213 3
      vertex -72.0497 24.5475 3
    endloop
  endfacet
  facet normal -0 0 1
    outer loop
      vertex -74.3801 26.3263 3
      vertex -72.0497 24.5475 3
      vertex -74.1213 26.6213 3
    endloop
  endfacet
  facet normal 0 0 1
    outer loop
      vertex -72.0497 24.5475 3
      vertex -74.3801 26.3263 3
      vertex -72.2375 24.3332 3
    endloop
  endfacet
  facet normal -0 0 1
    outer loop
      vertex -74.5981 26 3
      vertex -72.2375 24.3332 3
      vertex -74.3801 26.3263 3
    endloop
  endfacet
  facet normal -0 0 1
    outer loop
      vertex -74.7716 25.648 3
      vertex -72.2375 24.3332 3
      vertex -74.5981 26 3
    endloop
  endfacet
  facet normal 0 0 1
    outer loop
      vertex -75 24.5 3
      vertex -72.69 23.0016 3
      vertex -72.6714 23.2859 3
    endloop
  endfacet
  facet normal 0 0 1
    outer loop
      vertex -72.3958 24.0963 3
      vertex -74.8978 25.2765 3
      vertex -72.3967 24.095 3
    endloop
  endfacet
  facet normal -0 0 1
    outer loop
      vertex -74.8978 25.2765 3
      vertex -72.3958 24.0963 3
      vertex -74.7716 25.648 3
    endloop
  endfacet
  facet normal 0 0 1
    outer loop
      vertex -72.2375 24.3332 3
      vertex -74.7716 25.648 3
      vertex -72.3958 24.0963 3
    endloop
  endfacet
  facet normal 0 0 1
    outer loop
      vertex 74.9743 -24.8916 3
      vertex 72.3967 -24.095 3
      vertex 74.8978 -25.2765 3
    endloop
  endfacet
  facet normal -0 0 1
    outer loop
      vertex 72.3958 -24.0963 3
      vertex 74.8978 -25.2765 3
      vertex 72.3967 -24.095 3
    endloop
  endfacet
  facet normal 0 0 1
    outer loop
      vertex 74.8978 -25.2765 3
      vertex 72.3958 -24.0963 3
      vertex 74.7716 -25.648 3
    endloop
  endfacet
  facet normal -0 0 1
    outer loop
      vertex 72.2375 -24.3332 3
      vertex 74.7716 -25.648 3
      vertex 72.3958 -24.0963 3
    endloop
  endfacet
  facet normal 0 0 1
    outer loop
      vertex 74.7716 -25.648 3
      vertex 72.2375 -24.3332 3
      vertex 74.5981 -26 3
    endloop
  endfacet
  facet normal 0 0 1
    outer loop
      vertex 74.5981 -26 3
      vertex 72.2375 -24.3332 3
      vertex 74.3801 -26.3263 3
    endloop
  endfacet
  facet normal -0 0 1
    outer loop
      vertex 72.0497 -24.5475 3
      vertex 74.3801 -26.3263 3
      vertex 72.2375 -24.3332 3
    endloop
  endfacet
  facet normal 0 0 1
    outer loop
      vertex 74.3801 -26.3263 3
      vertex 72.0497 -24.5475 3
      vertex 74.1213 -26.6213 3
    endloop
  endfacet
  facet normal -0 0 1
    outer loop
      vertex 72.0486 -24.5486 3
      vertex 74.1213 -26.6213 3
      vertex 72.0497 -24.5475 3
    endloop
  endfacet
  facet normal 0 0 1
    outer loop
      vertex 74.1213 -26.6213 3
      vertex 72.0486 -24.5486 3
      vertex 73.8263 -26.8801 3
    endloop
  endfacet
  facet normal -0 0 1
    outer loop
      vertex 72.0475 -24.5497 3
      vertex 73.8263 -26.8801 3
      vertex 72.0486 -24.5486 3
    endloop
  endfacet
  facet normal -0 0 1
    outer loop
      vertex 71.8332 -24.7375 3
      vertex 73.8263 -26.8801 3
      vertex 72.0475 -24.5497 3
    endloop
  endfacet
  facet normal 0 0 1
    outer loop
      vertex 73.8263 -26.8801 3
      vertex 71.8332 -24.7375 3
      vertex 73.5 -27.0981 3
    endloop
  endfacet
  facet normal 0 0 1
    outer loop
      vertex 73.5 -27.0981 3
      vertex 71.8332 -24.7375 3
      vertex 73.148 -27.2716 3
    endloop
  endfacet
  facet normal 0 0 1
    outer loop
      vertex 73.148 -27.2716 3
      vertex 71.8332 -24.7375 3
      vertex 72.7765 -27.3978 3
    endloop
  endfacet
  facet normal -0 0 1
    outer loop
      vertex 71.5963 -24.8958 3
      vertex 72.7765 -27.3978 3
      vertex 71.8332 -24.7375 3
    endloop
  endfacet
  facet normal -0 0 1
    outer loop
      vertex 71.595 -24.8967 3
      vertex 72.7765 -27.3978 3
      vertex 71.5963 -24.8958 3
    endloop
  endfacet
  facet normal 0 0 1
    outer loop
      vertex 72.7765 -27.3978 3
      vertex 71.595 -24.8967 3
      vertex 72.3916 -27.4743 3
    endloop
  endfacet
  facet normal 0 0 1
    outer loop
      vertex 72.3916 -27.4743 3
      vertex 71.595 -24.8967 3
      vertex 72 -27.5 3
    endloop
  endfacet
  facet normal -0 0 1
    outer loop
      vertex 71.3395 -25.0227 3
      vertex 72 -27.5 3
      vertex 71.595 -24.8967 3
    endloop
  endfacet
  facet normal -0 0 1
    outer loop
      vertex 71.3381 -25.0234 3
      vertex 72 -27.5 3
      vertex 71.3395 -25.0227 3
    endloop
  endfacet
  facet normal -0 0 1
    outer loop
      vertex 71.0683 -25.115 3
      vertex 72 -27.5 3
      vertex 71.3381 -25.0234 3
    endloop
  endfacet
  facet normal -0 0 1
    outer loop
      vertex 71.0668 -25.1155 3
      vertex 72 -27.5 3
      vertex 71.0683 -25.115 3
    endloop
  endfacet
  facet normal -0 0 1
    outer loop
      vertex 71.0653 -25.1158 3
      vertex 72 -27.5 3
      vertex 71.0668 -25.1155 3
    endloop
  endfacet
  facet normal -0 0 1
    outer loop
      vertex 70.7859 -25.1714 3
      vertex 72 -27.5 3
      vertex 71.0653 -25.1158 3
    endloop
  endfacet
  facet normal -0 0 1
    outer loop
      vertex 70.5015 -25.19 3
      vertex 72 -27.5 3
      vertex 70.7859 -25.1714 3
    endloop
  endfacet
  facet normal -0 0 1
    outer loop
      vertex 70.5 -25.1901 3
      vertex 72 -27.5 3
      vertex 70.5015 -25.19 3
    endloop
  endfacet
  facet normal 0 0 1
    outer loop
      vertex 70.4985 -25.19 3
      vertex 72 -27.5 3
      vertex 70.5 -25.1901 3
    endloop
  endfacet
  facet normal 0 0 1
    outer loop
      vertex 70.2141 -25.1714 3
      vertex 72 -27.5 3
      vertex 70.4985 -25.19 3
    endloop
  endfacet
  facet normal 0 0 1
    outer loop
      vertex 69.9347 -25.1158 3
      vertex 72 -27.5 3
      vertex 70.2141 -25.1714 3
    endloop
  endfacet
  facet normal 0 0 1
    outer loop
      vertex 69.9332 -25.1155 3
      vertex 72 -27.5 3
      vertex 69.9347 -25.1158 3
    endloop
  endfacet
  facet normal 0 0 1
    outer loop
      vertex 69.9317 -25.115 3
      vertex 72 -27.5 3
      vertex 69.9332 -25.1155 3
    endloop
  endfacet
  facet normal 0 0 1
    outer loop
      vertex 69.6619 -25.0234 3
      vertex 72 -27.5 3
      vertex 69.9317 -25.115 3
    endloop
  endfacet
  facet normal 0 0 1
    outer loop
      vertex 69.6605 -25.0227 3
      vertex 72 -27.5 3
      vertex 69.6619 -25.0234 3
    endloop
  endfacet
  facet normal 0 0 1
    outer loop
      vertex 69.405 -24.8967 3
      vertex 72 -27.5 3
      vertex 69.6605 -25.0227 3
    endloop
  endfacet
  facet normal 0 0 1
    outer loop
      vertex 69.4037 -24.8958 3
      vertex 72 -27.5 3
      vertex 69.405 -24.8967 3
    endloop
  endfacet
  facet normal 0 0 1
    outer loop
      vertex 69.1668 -24.7375 3
      vertex 72 -27.5 3
      vertex 69.4037 -24.8958 3
    endloop
  endfacet
  facet normal 0 0 1
    outer loop
      vertex 68.9525 -24.5497 3
      vertex 72 -27.5 3
      vertex 69.1668 -24.7375 3
    endloop
  endfacet
  facet normal 0 0 -1
    outer loop
      vertex 68.9514 -24.5486 3
      vertex 72 -27.5 3
      vertex 68.9525 -24.5497 3
    endloop
  endfacet
  facet normal 0 0 -1
    outer loop
      vertex 68.7625 -24.3332 3
      vertex 68.9514 -24.5486 3
      vertex 68.9503 -24.5475 3
    endloop
  endfacet
  facet normal 0 0 1
    outer loop
      vertex 68.4766 -23.8381 3
      vertex 68.6033 -24.095 3
      vertex 68.4773 -23.8395 3
    endloop
  endfacet
  facet normal 0 0 -1
    outer loop
      vertex 68.3099 -23 3
      vertex 68.3286 -23.2859 3
      vertex 68.31 -23.0016 3
    endloop
  endfacet
  facet normal 0 0 1
    outer loop
      vertex 68.3842 -22.4347 3
      vertex 41.1591 -15.3106 3
      vertex 68.3286 -22.7141 3
    endloop
  endfacet
  facet normal -0 0 1
    outer loop
      vertex 41.1087 -15.4592 3
      vertex 68.3286 -22.7141 3
      vertex 41.1591 -15.3106 3
    endloop
  endfacet
  facet normal 0 0 1
    outer loop
      vertex 68.3286 -22.7141 3
      vertex 41.1087 -15.4592 3
      vertex 68.31 -22.9984 3
    endloop
  endfacet
  facet normal 0 0 1
    outer loop
      vertex 68.31 -22.9984 3
      vertex 41.1087 -15.4592 3
      vertex 68.3099 -23 3
    endloop
  endfacet
  facet normal -0 0 1
    outer loop
      vertex 41.0392 -15.6 3
      vertex 68.3099 -23 3
      vertex 41.1087 -15.4592 3
    endloop
  endfacet
  facet normal -0 0 1
    outer loop
      vertex 40.952 -15.7305 3
      vertex 68.3099 -23 3
      vertex 41.0392 -15.6 3
    endloop
  endfacet
  facet normal 0 0 1
    outer loop
      vertex 68.3099 -23 3
      vertex 40.952 -15.7305 3
      vertex 68.3286 -23.2859 3
    endloop
  endfacet
  facet normal -0 0 1
    outer loop
      vertex 40.8485 -15.8485 3
      vertex 68.3286 -23.2859 3
      vertex 40.952 -15.7305 3
    endloop
  endfacet
  facet normal 0 0 1
    outer loop
      vertex 68.3286 -23.2859 3
      vertex 40.8485 -15.8485 3
      vertex 68.3842 -23.5653 3
    endloop
  endfacet
  facet normal 0 0 1
    outer loop
      vertex 68.3842 -23.5653 3
      vertex 40.8485 -15.8485 3
      vertex 68.3845 -23.5668 3
    endloop
  endfacet
  facet normal -0 0 1
    outer loop
      vertex 40.7305 -15.952 3
      vertex 68.3845 -23.5668 3
      vertex 40.8485 -15.8485 3
    endloop
  endfacet
  facet normal 0 0 1
    outer loop
      vertex 68.3845 -23.5668 3
      vertex 40.7305 -15.952 3
      vertex 68.385 -23.5683 3
    endloop
  endfacet
  facet normal 0 0 1
    outer loop
      vertex 68.385 -23.5683 3
      vertex 40.7305 -15.952 3
      vertex 68.4766 -23.8381 3
    endloop
  endfacet
  facet normal -0 0 1
    outer loop
      vertex 40.6 -16.0392 3
      vertex 68.4766 -23.8381 3
      vertex 40.7305 -15.952 3
    endloop
  endfacet
  facet normal 0 0 1
    outer loop
      vertex 68.4766 -23.8381 3
      vertex 40.6 -16.0392 3
      vertex 68.6033 -24.095 3
    endloop
  endfacet
  facet normal -0 0 1
    outer loop
      vertex 40.4592 -16.1087 3
      vertex 68.6033 -24.095 3
      vertex 40.6 -16.0392 3
    endloop
  endfacet
  facet normal 0 0 1
    outer loop
      vertex 68.6033 -24.095 3
      vertex 40.4592 -16.1087 3
      vertex 68.6042 -24.0963 3
    endloop
  endfacet
  facet normal 0 0 1
    outer loop
      vertex 68.6042 -24.0963 3
      vertex 40.4592 -16.1087 3
      vertex 68.7625 -24.3332 3
    endloop
  endfacet
  facet normal -0 0 1
    outer loop
      vertex 40.3106 -16.1591 3
      vertex 68.7625 -24.3332 3
      vertex 40.4592 -16.1087 3
    endloop
  endfacet
  facet normal 0 0 1
    outer loop
      vertex 68.7625 -24.3332 3
      vertex 40.3106 -16.1591 3
      vertex 68.9514 -24.5486 3
    endloop
  endfacet
  facet normal -0 0 1
    outer loop
      vertex 40.1566 -16.1897 3
      vertex 68.9514 -24.5486 3
      vertex 40.3106 -16.1591 3
    endloop
  endfacet
  facet normal 0 0 1
    outer loop
      vertex 68.9514 -24.5486 3
      vertex 40.1566 -16.1897 3
      vertex 72 -27.5 3
    endloop
  endfacet
  facet normal 0 0 1
    outer loop
      vertex 27 -19.9641 3
      vertex 40.1566 -16.1897 3
      vertex 40 -16.2 3
    endloop
  endfacet
  facet normal 0 0 1
    outer loop
      vertex 27.435 -19.6734 3
      vertex 40 -16.2 3
      vertex 39.8434 -16.1897 3
    endloop
  endfacet
  facet normal 0 0 1
    outer loop
      vertex 27.8284 -19.3284 3
      vertex 39.8434 -16.1897 3
      vertex 39.6894 -16.1591 3
    endloop
  endfacet
  facet normal 0 0 1
    outer loop
      vertex 27.8284 -19.3284 3
      vertex 39.6894 -16.1591 3
      vertex 39.5408 -16.1087 3
    endloop
  endfacet
  facet normal 0 0 1
    outer loop
      vertex 29 -16.5 3
      vertex 38.8103 -15.1566 3
      vertex 38.8 -15 3
    endloop
  endfacet
  facet normal 0 0 1
    outer loop
      vertex 29 -16.5 3
      vertex 38.8409 -15.3106 3
      vertex 38.8103 -15.1566 3
    endloop
  endfacet
  facet normal 0 0 1
    outer loop
      vertex 29 -16.5 3
      vertex 38.8913 -15.4592 3
      vertex 38.8409 -15.3106 3
    endloop
  endfacet
  facet normal 0 0 1
    outer loop
      vertex 28.9658 -17.0221 3
      vertex 38.8913 -15.4592 3
      vertex 29 -16.5 3
    endloop
  endfacet
  facet normal 0 0 1
    outer loop
      vertex 38.8913 -15.4592 3
      vertex 28.9658 -17.0221 3
      vertex 38.9608 -15.6 3
    endloop
  endfacet
  facet normal 0 0 1
    outer loop
      vertex 28.8637 -17.5353 3
      vertex 38.9608 -15.6 3
      vertex 28.9658 -17.0221 3
    endloop
  endfacet
  facet normal 0 0 1
    outer loop
      vertex 38.9608 -15.6 3
      vertex 28.8637 -17.5353 3
      vertex 39.048 -15.7305 3
    endloop
  endfacet
  facet normal 0 0 1
    outer loop
      vertex 28.6955 -18.0307 3
      vertex 39.048 -15.7305 3
      vertex 28.8637 -17.5353 3
    endloop
  endfacet
  facet normal 0 0 1
    outer loop
      vertex 39.048 -15.7305 3
      vertex 28.6955 -18.0307 3
      vertex 39.1515 -15.8485 3
    endloop
  endfacet
  facet normal 0 0 1
    outer loop
      vertex 39.1515 -15.8485 3
      vertex 28.6955 -18.0307 3
      vertex 39.2695 -15.952 3
    endloop
  endfacet
  facet normal 0 0 1
    outer loop
      vertex 28.4641 -18.5 3
      vertex 39.2695 -15.952 3
      vertex 28.6955 -18.0307 3
    endloop
  endfacet
  facet normal 0 0 1
    outer loop
      vertex 39.2695 -15.952 3
      vertex 28.4641 -18.5 3
      vertex 39.4 -16.0392 3
    endloop
  endfacet
  facet normal 0 0 1
    outer loop
      vertex 28.1734 -18.935 3
      vertex 39.4 -16.0392 3
      vertex 28.4641 -18.5 3
    endloop
  endfacet
  facet normal 0 0 1
    outer loop
      vertex 39.4 -16.0392 3
      vertex 28.1734 -18.935 3
      vertex 39.5408 -16.1087 3
    endloop
  endfacet
  facet normal 0 0 1
    outer loop
      vertex 27.8284 -19.3284 3
      vertex 39.5408 -16.1087 3
      vertex 28.1734 -18.935 3
    endloop
  endfacet
  facet normal 0 0 1
    outer loop
      vertex 39.8434 -16.1897 3
      vertex 27.8284 -19.3284 3
      vertex 27.435 -19.6734 3
    endloop
  endfacet
  facet normal 0 0 1
    outer loop
      vertex 40 -16.2 3
      vertex 27.435 -19.6734 3
      vertex 27 -19.9641 3
    endloop
  endfacet
  facet normal 0 0 1
    outer loop
      vertex 40.1566 -16.1897 3
      vertex 27 -19.9641 3
      vertex 72 -27.5 3
    endloop
  endfacet
  facet normal -0 0 1
    outer loop
      vertex 26.5307 -20.1955 3
      vertex 72 -27.5 3
      vertex 27 -19.9641 3
    endloop
  endfacet
  facet normal -0 0 1
    outer loop
      vertex 26.0353 -20.3637 3
      vertex 72 -27.5 3
      vertex 26.5307 -20.1955 3
    endloop
  endfacet
  facet normal -0 0 1
    outer loop
      vertex 25.5221 -20.4658 3
      vertex 72 -27.5 3
      vertex 26.0353 -20.3637 3
    endloop
  endfacet
  facet normal -0 0 1
    outer loop
      vertex 25 -20.5 3
      vertex 72 -27.5 3
      vertex 25.5221 -20.4658 3
    endloop
  endfacet
  facet normal 0 0 1
    outer loop
      vertex 24.4779 -20.4658 3
      vertex 72 -27.5 3
      vertex 25 -20.5 3
    endloop
  endfacet
  facet normal -0 0 1
    outer loop
      vertex 11.1897 -15.1566 3
      vertex 21.0342 -15.9779 3
      vertex 11.2 -15 3
    endloop
  endfacet
  facet normal 0 0 1
    outer loop
      vertex 21.0342 -15.9779 3
      vertex 11.1897 -15.1566 3
      vertex 21 -16.5 3
    endloop
  endfacet
  facet normal -0 0 1
    outer loop
      vertex 11.1591 -15.3106 3
      vertex 21 -16.5 3
      vertex 11.1897 -15.1566 3
    endloop
  endfacet
  facet normal -0 0 1
    outer loop
      vertex 11.1087 -15.4592 3
      vertex 21 -16.5 3
      vertex 11.1591 -15.3106 3
    endloop
  endfacet
  facet normal 0 0 1
    outer loop
      vertex 21 -16.5 3
      vertex 11.1087 -15.4592 3
      vertex 21.0342 -17.0221 3
    endloop
  endfacet
  facet normal -0 0 1
    outer loop
      vertex 11.0392 -15.6 3
      vertex 21.0342 -17.0221 3
      vertex 11.1087 -15.4592 3
    endloop
  endfacet
  facet normal 0 0 1
    outer loop
      vertex 21.0342 -17.0221 3
      vertex 11.0392 -15.6 3
      vertex 21.1363 -17.5353 3
    endloop
  endfacet
  facet normal -0 0 1
    outer loop
      vertex 10.952 -15.7305 3
      vertex 21.1363 -17.5353 3
      vertex 11.0392 -15.6 3
    endloop
  endfacet
  facet normal 0 0 1
    outer loop
      vertex 21.1363 -17.5353 3
      vertex 10.952 -15.7305 3
      vertex 21.3045 -18.0307 3
    endloop
  endfacet
  facet normal -0 0 1
    outer loop
      vertex 10.8485 -15.8485 3
      vertex 21.3045 -18.0307 3
      vertex 10.952 -15.7305 3
    endloop
  endfacet
  facet normal -0 0 1
    outer loop
      vertex 10.7305 -15.952 3
      vertex 21.3045 -18.0307 3
      vertex 10.8485 -15.8485 3
    endloop
  endfacet
  facet normal 0 0 1
    outer loop
      vertex 21.3045 -18.0307 3
      vertex 10.7305 -15.952 3
      vertex 21.5359 -18.5 3
    endloop
  endfacet
  facet normal -0 0 1
    outer loop
      vertex 10.6 -16.0392 3
      vertex 21.5359 -18.5 3
      vertex 10.7305 -15.952 3
    endloop
  endfacet
  facet normal 0 0 1
    outer loop
      vertex 21.5359 -18.5 3
      vertex 10.6 -16.0392 3
      vertex 21.8266 -18.935 3
    endloop
  endfacet
  facet normal -0 0 1
    outer loop
      vertex 10.4592 -16.1087 3
      vertex 21.8266 -18.935 3
      vertex 10.6 -16.0392 3
    endloop
  endfacet
  facet normal 0 0 1
    outer loop
      vertex 21.8266 -18.935 3
      vertex 10.4592 -16.1087 3
      vertex 22.1716 -19.3284 3
    endloop
  endfacet
  facet normal -0 0 1
    outer loop
      vertex 10.3106 -16.1591 3
      vertex 22.1716 -19.3284 3
      vertex 10.4592 -16.1087 3
    endloop
  endfacet
  facet normal -0 0 1
    outer loop
      vertex 10.1566 -16.1897 3
      vertex 22.1716 -19.3284 3
      vertex 10.3106 -16.1591 3
    endloop
  endfacet
  facet normal 0 0 1
    outer loop
      vertex 22.1716 -19.3284 3
      vertex 10.1566 -16.1897 3
      vertex 22.565 -19.6734 3
    endloop
  endfacet
  facet normal -0 0 1
    outer loop
      vertex 10 -16.2 3
      vertex 22.565 -19.6734 3
      vertex 10.1566 -16.1897 3
    endloop
  endfacet
  facet normal 0 0 1
    outer loop
      vertex 22.565 -19.6734 3
      vertex 10 -16.2 3
      vertex 23 -19.9641 3
    endloop
  endfacet
  facet normal 0 0 1
    outer loop
      vertex 9.84337 -16.1897 3
      vertex 23 -19.9641 3
      vertex 10 -16.2 3
    endloop
  endfacet
  facet normal 0 0 1
    outer loop
      vertex 23 -19.9641 3
      vertex 9.84337 -16.1897 3
      vertex 23.4693 -20.1955 3
    endloop
  endfacet
  facet normal 0 0 1
    outer loop
      vertex 9.68942 -16.1591 3
      vertex 23.4693 -20.1955 3
      vertex 9.84337 -16.1897 3
    endloop
  endfacet
  facet normal 0 0 1
    outer loop
      vertex -72 -27.5 3
      vertex 23.4693 -20.1955 3
      vertex 9.68942 -16.1591 3
    endloop
  endfacet
  facet normal 0 0 1
    outer loop
      vertex 8.96077 14.4 3
      vertex -16.7778 9.57579 3
      vertex -16.8607 9.15884 3
    endloop
  endfacet
  facet normal 0 0 1
    outer loop
      vertex 9.04798 14.2695 3
      vertex -16.8607 9.15884 3
      vertex -16.9974 8.75628 3
    endloop
  endfacet
  facet normal 0 0 1
    outer loop
      vertex 9.26949 14.048 3
      vertex -16.9974 8.75628 3
      vertex -17.1854 8.375 3
    endloop
  endfacet
  facet normal 0 0 1
    outer loop
      vertex 8.96077 -14.4 3
      vertex -18.0215 7.4216 3
      vertex 8.89135 -14.5408 3
    endloop
  endfacet
  facet normal -0 0 1
    outer loop
      vertex -18.375 7.18542 3
      vertex 8.89135 -14.5408 3
      vertex -18.0215 7.4216 3
    endloop
  endfacet
  facet normal 0 0 1
    outer loop
      vertex 8.89135 -14.5408 3
      vertex -18.375 7.18542 3
      vertex 8.84089 -14.6894 3
    endloop
  endfacet
  facet normal -0 0 1
    outer loop
      vertex -18.7563 6.99739 3
      vertex 8.84089 -14.6894 3
      vertex -18.375 7.18542 3
    endloop
  endfacet
  facet normal 0 0 1
    outer loop
      vertex 8.84089 -14.6894 3
      vertex -18.7563 6.99739 3
      vertex 8.81027 -14.8434 3
    endloop
  endfacet
  facet normal -0 0 1
    outer loop
      vertex -19.1588 6.86074 3
      vertex 8.81027 -14.8434 3
      vertex -18.7563 6.99739 3
    endloop
  endfacet
  facet normal 0 0 1
    outer loop
      vertex 8.81027 -14.8434 3
      vertex -19.1588 6.86074 3
      vertex 8.8 -15 3
    endloop
  endfacet
  facet normal -0 0 1
    outer loop
      vertex -19.5758 6.7778 3
      vertex 8.8 -15 3
      vertex -19.1588 6.86074 3
    endloop
  endfacet
  facet normal 0 0 1
    outer loop
      vertex 8.8 -15 3
      vertex -19.5758 6.7778 3
      vertex 8.81027 -15.1566 3
    endloop
  endfacet
  facet normal 0 0 1
    outer loop
      vertex 8.81027 -15.1566 3
      vertex -19.5758 6.7778 3
      vertex 8.84089 -15.3106 3
    endloop
  endfacet
  facet normal -0 0 1
    outer loop
      vertex -20 6.75 3
      vertex 8.84089 -15.3106 3
      vertex -19.5758 6.7778 3
    endloop
  endfacet
  facet normal 0 0 1
    outer loop
      vertex 8.84089 -15.3106 3
      vertex -20 6.75 3
      vertex 8.89135 -15.4592 3
    endloop
  endfacet
  facet normal 0 0 1
    outer loop
      vertex -20.4242 6.7778 3
      vertex 8.89135 -15.4592 3
      vertex -20 6.75 3
    endloop
  endfacet
  facet normal 0 0 1
    outer loop
      vertex 8.89135 -15.4592 3
      vertex -20.4242 6.7778 3
      vertex 8.96077 -15.6 3
    endloop
  endfacet
  facet normal 0 0 1
    outer loop
      vertex -68.3845 -23.5668 3
      vertex 8.96077 -15.6 3
      vertex -20.4242 6.7778 3
    endloop
  endfacet
  facet normal 0 0 1
    outer loop
      vertex -68.385 -23.5683 3
      vertex 8.96077 -15.6 3
      vertex -68.3845 -23.5668 3
    endloop
  endfacet
  facet normal 0 0 1
    outer loop
      vertex -68.4766 -23.8381 3
      vertex 8.96077 -15.6 3
      vertex -68.385 -23.5683 3
    endloop
  endfacet
  facet normal 0 0 1
    outer loop
      vertex -68.3845 -23.5668 3
      vertex -20.4242 6.7778 3
      vertex -20.8412 6.86074 3
    endloop
  endfacet
  facet normal 0 0 1
    outer loop
      vertex -39.1588 6.86074 3
      vertex -20.8412 6.86074 3
      vertex -21.2437 6.99739 3
    endloop
  endfacet
  facet normal 0 0 1
    outer loop
      vertex -38.7563 6.99739 3
      vertex -21.2437 6.99739 3
      vertex -21.625 7.18542 3
    endloop
  endfacet
  facet normal 0 0 1
    outer loop
      vertex -38.375 7.18542 3
      vertex -21.625 7.18542 3
      vertex -21.9785 7.4216 3
    endloop
  endfacet
  facet normal -0 0 1
    outer loop
      vertex -36.75 10 3
      vertex -23.2222 9.57579 3
      vertex -23.25 10 3
    endloop
  endfacet
  facet normal 0 0 1
    outer loop
      vertex -36.7778 9.57579 3
      vertex -23.2222 9.57579 3
      vertex -36.75 10 3
    endloop
  endfacet
  facet normal 0 0 1
    outer loop
      vertex -23.2222 9.57579 3
      vertex -36.7778 9.57579 3
      vertex -23.1393 9.15884 3
    endloop
  endfacet
  facet normal 0 0 1
    outer loop
      vertex -36.8607 9.15884 3
      vertex -23.1393 9.15884 3
      vertex -36.7778 9.57579 3
    endloop
  endfacet
  facet normal 0 0 1
    outer loop
      vertex -23.1393 9.15884 3
      vertex -36.8607 9.15884 3
      vertex -23.0026 8.75628 3
    endloop
  endfacet
  facet normal 0 0 1
    outer loop
      vertex -36.9974 8.75628 3
      vertex -23.0026 8.75628 3
      vertex -36.8607 9.15884 3
    endloop
  endfacet
  facet normal 0 0 1
    outer loop
      vertex -23.0026 8.75628 3
      vertex -36.9974 8.75628 3
      vertex -22.8146 8.375 3
    endloop
  endfacet
  facet normal 0 0 1
    outer loop
      vertex -37.1854 8.375 3
      vertex -22.8146 8.375 3
      vertex -36.9974 8.75628 3
    endloop
  endfacet
  facet normal 0 0 1
    outer loop
      vertex -22.8146 8.375 3
      vertex -37.1854 8.375 3
      vertex -22.5784 8.02152 3
    endloop
  endfacet
  facet normal 0 0 1
    outer loop
      vertex -37.4216 8.02152 3
      vertex -22.5784 8.02152 3
      vertex -37.1854 8.375 3
    endloop
  endfacet
  facet normal 0 0 1
    outer loop
      vertex -22.5784 8.02152 3
      vertex -37.4216 8.02152 3
      vertex -22.2981 7.7019 3
    endloop
  endfacet
  facet normal 0 0 1
    outer loop
      vertex -37.7019 7.7019 3
      vertex -22.2981 7.7019 3
      vertex -37.4216 8.02152 3
    endloop
  endfacet
  facet normal 0 0 1
    outer loop
      vertex -22.2981 7.7019 3
      vertex -37.7019 7.7019 3
      vertex -21.9785 7.4216 3
    endloop
  endfacet
  facet normal 0 0 1
    outer loop
      vertex -38.0215 7.4216 3
      vertex -21.9785 7.4216 3
      vertex -37.7019 7.7019 3
    endloop
  endfacet
  facet normal 0 0 1
    outer loop
      vertex -38.375 7.18542 3
      vertex -21.9785 7.4216 3
      vertex -38.0215 7.4216 3
    endloop
  endfacet
  facet normal 0 0 1
    outer loop
      vertex -21.625 7.18542 3
      vertex -38.375 7.18542 3
      vertex -38.7563 6.99739 3
    endloop
  endfacet
  facet normal 0 0 1
    outer loop
      vertex -21.2437 6.99739 3
      vertex -38.7563 6.99739 3
      vertex -39.1588 6.86074 3
    endloop
  endfacet
  facet normal 0 0 1
    outer loop
      vertex -20.8412 6.86074 3
      vertex -39.1588 6.86074 3
      vertex -68.3845 -23.5668 3
    endloop
  endfacet
  facet normal 0 0 1
    outer loop
      vertex 8.96077 -15.6 3
      vertex -68.4766 -23.8381 3
      vertex 9.04798 -15.7305 3
    endloop
  endfacet
  facet normal 0 0 1
    outer loop
      vertex -68.4773 -23.8395 3
      vertex 9.04798 -15.7305 3
      vertex -68.4766 -23.8381 3
    endloop
  endfacet
  facet normal 0 0 1
    outer loop
      vertex -68.3286 -23.2859 3
      vertex -39.1588 6.86074 3
      vertex -39.5758 6.7778 3
    endloop
  endfacet
  facet normal 0 0 1
    outer loop
      vertex -68.3099 -23 3
      vertex -39.5758 6.7778 3
      vertex -40 6.75 3
    endloop
  endfacet
  facet normal 0 0 1
    outer loop
      vertex -68.3099 -23 3
      vertex -40 6.75 3
      vertex -40.4242 6.7778 3
    endloop
  endfacet
  facet normal 0 0 1
    outer loop
      vertex -68.3099 -23 3
      vertex -40.4242 6.7778 3
      vertex -40.8412 6.86074 3
    endloop
  endfacet
  facet normal 0 0 1
    outer loop
      vertex -68.3099 -23 3
      vertex -40.8412 6.86074 3
      vertex -41.2437 6.99739 3
    endloop
  endfacet
  facet normal -0 0 1
    outer loop
      vertex -68.385 22.4317 3
      vertex -42.8146 11.625 3
      vertex -68.3845 22.4332 3
    endloop
  endfacet
  facet normal -0 0 1
    outer loop
      vertex -68.4766 22.1619 3
      vertex -42.8146 11.625 3
      vertex -68.385 22.4317 3
    endloop
  endfacet
  facet normal 0 0 1
    outer loop
      vertex -42.8146 11.625 3
      vertex -68.4766 22.1619 3
      vertex -43.0026 11.2437 3
    endloop
  endfacet
  facet normal -0 0 1
    outer loop
      vertex -68.4773 22.1605 3
      vertex -43.0026 11.2437 3
      vertex -68.4766 22.1619 3
    endloop
  endfacet
  facet normal 0 0 1
    outer loop
      vertex -43.0026 8.75628 3
      vertex -68.3099 -23 3
      vertex -42.8146 8.375 3
    endloop
  endfacet
  facet normal 0 0 1
    outer loop
      vertex -42.8146 8.375 3
      vertex -68.3099 -23 3
      vertex -42.5784 8.02152 3
    endloop
  endfacet
  facet normal 0 0 1
    outer loop
      vertex -42.5784 8.02152 3
      vertex -68.3099 -23 3
      vertex -42.2981 7.7019 3
    endloop
  endfacet
  facet normal 0 0 1
    outer loop
      vertex -42.2981 7.7019 3
      vertex -68.3099 -23 3
      vertex -41.9785 7.4216 3
    endloop
  endfacet
  facet normal 0 0 1
    outer loop
      vertex -41.9785 7.4216 3
      vertex -68.3099 -23 3
      vertex -41.625 7.18542 3
    endloop
  endfacet
  facet normal 0 0 1
    outer loop
      vertex -68.3099 -23 3
      vertex -41.2437 6.99739 3
      vertex -41.625 7.18542 3
    endloop
  endfacet
  facet normal 0 0 1
    outer loop
      vertex -39.5758 6.7778 3
      vertex -68.3099 -23 3
      vertex -68.31 -23.0016 3
    endloop
  endfacet
  facet normal 0 0 1
    outer loop
      vertex -39.5758 6.7778 3
      vertex -68.31 -23.0016 3
      vertex -68.3286 -23.2859 3
    endloop
  endfacet
  facet normal 0 0 1
    outer loop
      vertex -39.1588 6.86074 3
      vertex -68.3286 -23.2859 3
      vertex -68.3842 -23.5653 3
    endloop
  endfacet
  facet normal 0 0 1
    outer loop
      vertex -39.1588 6.86074 3
      vertex -68.3842 -23.5653 3
      vertex -68.3845 -23.5668 3
    endloop
  endfacet
  facet normal 0 0 1
    outer loop
      vertex -68.6033 -24.095 3
      vertex 9.04798 -15.7305 3
      vertex -68.4773 -23.8395 3
    endloop
  endfacet
  facet normal 0 0 1
    outer loop
      vertex 9.04798 -15.7305 3
      vertex -68.6033 -24.095 3
      vertex 9.15147 -15.8485 3
    endloop
  endfacet
  facet normal 0 0 1
    outer loop
      vertex -68.6042 -24.0963 3
      vertex 9.15147 -15.8485 3
      vertex -68.6033 -24.095 3
    endloop
  endfacet
  facet normal 0 0 1
    outer loop
      vertex -68.7625 -24.3332 3
      vertex 9.15147 -15.8485 3
      vertex -68.6042 -24.0963 3
    endloop
  endfacet
  facet normal 0 0 1
    outer loop
      vertex 9.15147 -15.8485 3
      vertex -68.7625 -24.3332 3
      vertex 9.26949 -15.952 3
    endloop
  endfacet
  facet normal 0 0 1
    outer loop
      vertex -68.9503 -24.5475 3
      vertex 9.26949 -15.952 3
      vertex -68.7625 -24.3332 3
    endloop
  endfacet
  facet normal 0 0 1
    outer loop
      vertex -68.9514 -24.5486 3
      vertex 9.26949 -15.952 3
      vertex -68.9503 -24.5475 3
    endloop
  endfacet
  facet normal 0 0 1
    outer loop
      vertex 9.26949 -15.952 3
      vertex -68.9514 -24.5486 3
      vertex 9.4 -16.0392 3
    endloop
  endfacet
  facet normal 0 0 1
    outer loop
      vertex -72 -27.5 3
      vertex 9.4 -16.0392 3
      vertex -68.9514 -24.5486 3
    endloop
  endfacet
  facet normal 0 0 1
    outer loop
      vertex 9.4 -16.0392 3
      vertex -72 -27.5 3
      vertex 9.54078 -16.1087 3
    endloop
  endfacet
  facet normal 0 0 1
    outer loop
      vertex 9.54078 -16.1087 3
      vertex -72 -27.5 3
      vertex 9.68942 -16.1591 3
    endloop
  endfacet
  facet normal 0 0 1
    outer loop
      vertex 23.4693 -20.1955 3
      vertex -72 -27.5 3
      vertex 23.9647 -20.3637 3
    endloop
  endfacet
  facet normal 0 0 1
    outer loop
      vertex 23.9647 -20.3637 3
      vertex -72 -27.5 3
      vertex 24.4779 -20.4658 3
    endloop
  endfacet
  facet normal 0 0 -1
    outer loop
      vertex -72 -27.5 3
      vertex -68.9514 -24.5486 3
      vertex -68.9525 -24.5497 3
    endloop
  endfacet
  facet normal 0 0 1
    outer loop
      vertex -72 -27.5 3
      vertex -68.9525 -24.5497 3
      vertex -69.1668 -24.7375 3
    endloop
  endfacet
  facet normal 0 0 1
    outer loop
      vertex -72 -27.5 3
      vertex -69.1668 -24.7375 3
      vertex -69.4037 -24.8958 3
    endloop
  endfacet
  facet normal 0 0 1
    outer loop
      vertex -72 -27.5 3
      vertex -69.4037 -24.8958 3
      vertex -69.405 -24.8967 3
    endloop
  endfacet
  facet normal 0 0 1
    outer loop
      vertex -72 -27.5 3
      vertex -69.405 -24.8967 3
      vertex -69.6605 -25.0227 3
    endloop
  endfacet
  facet normal 0 0 1
    outer loop
      vertex -72 -27.5 3
      vertex -69.6605 -25.0227 3
      vertex -69.6619 -25.0234 3
    endloop
  endfacet
  facet normal 0 0 1
    outer loop
      vertex -72 -27.5 3
      vertex -69.6619 -25.0234 3
      vertex -69.9317 -25.115 3
    endloop
  endfacet
  facet normal 0 0 1
    outer loop
      vertex -72 -27.5 3
      vertex -69.9317 -25.115 3
      vertex -69.9332 -25.1155 3
    endloop
  endfacet
  facet normal 0 0 1
    outer loop
      vertex -72 -27.5 3
      vertex -69.9332 -25.1155 3
      vertex -69.9347 -25.1158 3
    endloop
  endfacet
  facet normal 0 0 1
    outer loop
      vertex -72 -27.5 3
      vertex -69.9347 -25.1158 3
      vertex -70.2141 -25.1714 3
    endloop
  endfacet
  facet normal 0 0 1
    outer loop
      vertex -72 -27.5 3
      vertex -70.2141 -25.1714 3
      vertex -70.4985 -25.19 3
    endloop
  endfacet
  facet normal 0 0 1
    outer loop
      vertex -72 -27.5 3
      vertex -70.4985 -25.19 3
      vertex -70.5 -25.1901 3
    endloop
  endfacet
  facet normal 0 0 1
    outer loop
      vertex -72 -27.5 3
      vertex -71.0653 -25.1158 3
      vertex -71.0668 -25.1155 3
    endloop
  endfacet
  facet normal 0 0 1
    outer loop
      vertex 24.4779 -20.4658 3
      vertex -72 -27.5 3
      vertex 72 -27.5 3
    endloop
  endfacet
  facet normal 0 0 1
    outer loop
      vertex -70.5015 -25.19 3
      vertex -72 -27.5 3
      vertex -70.5 -25.1901 3
    endloop
  endfacet
  facet normal 0 0 1
    outer loop
      vertex -70.7859 -25.1714 3
      vertex -72 -27.5 3
      vertex -70.5015 -25.19 3
    endloop
  endfacet
  facet normal 0 0 1
    outer loop
      vertex -71.0653 -25.1158 3
      vertex -72 -27.5 3
      vertex -70.7859 -25.1714 3
    endloop
  endfacet
  facet normal 0 0 1
    outer loop
      vertex -71.0683 -25.115 3
      vertex -72 -27.5 3
      vertex -71.0668 -25.1155 3
    endloop
  endfacet
  facet normal 0 0 1
    outer loop
      vertex -71.3381 -25.0234 3
      vertex -72 -27.5 3
      vertex -71.0683 -25.115 3
    endloop
  endfacet
  facet normal 0 0 1
    outer loop
      vertex -71.3395 -25.0227 3
      vertex -72 -27.5 3
      vertex -71.3381 -25.0234 3
    endloop
  endfacet
  facet normal 0 0 1
    outer loop
      vertex -71.595 -24.8967 3
      vertex -72 -27.5 3
      vertex -71.3395 -25.0227 3
    endloop
  endfacet
  facet normal 0 0 1
    outer loop
      vertex -72.7765 -27.3978 3
      vertex -71.595 -24.8967 3
      vertex -71.5963 -24.8958 3
    endloop
  endfacet
  facet normal 0 0 1
    outer loop
      vertex -72.7765 -27.3978 3
      vertex -71.5963 -24.8958 3
      vertex -71.8332 -24.7375 3
    endloop
  endfacet
  facet normal 0 0 1
    outer loop
      vertex -73.8263 -26.8801 3
      vertex -71.8332 -24.7375 3
      vertex -72.0475 -24.5497 3
    endloop
  endfacet
  facet normal 0 0 1
    outer loop
      vertex -73.8263 -26.8801 3
      vertex -72.0475 -24.5497 3
      vertex -72.0486 -24.5486 3
    endloop
  endfacet
  facet normal 0 0 1
    outer loop
      vertex -74.1213 -26.6213 3
      vertex -72.0486 -24.5486 3
      vertex -72.0497 -24.5475 3
    endloop
  endfacet
  facet normal 0 0 1
    outer loop
      vertex -74.3801 -26.3263 3
      vertex -72.0497 -24.5475 3
      vertex -72.2375 -24.3332 3
    endloop
  endfacet
  facet normal 0 0 1
    outer loop
      vertex -71.595 -24.8967 3
      vertex -72.3916 -27.4743 3
      vertex -72 -27.5 3
    endloop
  endfacet
  facet normal 0 0 1
    outer loop
      vertex -74.7716 -25.648 3
      vertex -72.2375 -24.3332 3
      vertex -72.3958 -24.0963 3
    endloop
  endfacet
  facet normal 0 0 1
    outer loop
      vertex -74.8978 -25.2765 3
      vertex -72.3958 -24.0963 3
      vertex -72.3967 -24.095 3
    endloop
  endfacet
  facet normal 0 0 1
    outer loop
      vertex -75 -24.5 3
      vertex -72.3967 -24.095 3
      vertex -72.5227 -23.8395 3
    endloop
  endfacet
  facet normal 0 0 1
    outer loop
      vertex -75 -24.5 3
      vertex -72.5227 -23.8395 3
      vertex -72.5234 -23.8381 3
    endloop
  endfacet
  facet normal 0 0 1
    outer loop
      vertex -75 -24.5 3
      vertex -72.5234 -23.8381 3
      vertex -72.615 -23.5683 3
    endloop
  endfacet
  facet normal 0 0 1
    outer loop
      vertex -75 -24.5 3
      vertex -72.615 -23.5683 3
      vertex -72.6155 -23.5668 3
    endloop
  endfacet
  facet normal 0 0 1
    outer loop
      vertex -75 -24.5 3
      vertex -72.6155 -23.5668 3
      vertex -72.6158 -23.5653 3
    endloop
  endfacet
  facet normal 0 0 1
    outer loop
      vertex -75 -24.5 3
      vertex -72.6158 -23.5653 3
      vertex -72.6714 -23.2859 3
    endloop
  endfacet
  facet normal 0 0 1
    outer loop
      vertex -75 -24.5 3
      vertex -72.69 -23.0016 3
      vertex -72.6901 -23 3
    endloop
  endfacet
  facet normal 0 0 1
    outer loop
      vertex -71.595 -24.8967 3
      vertex -72.7765 -27.3978 3
      vertex -72.3916 -27.4743 3
    endloop
  endfacet
  facet normal 0 0 1
    outer loop
      vertex -72.69 -23.0016 3
      vertex -75 -24.5 3
      vertex -72.6714 -23.2859 3
    endloop
  endfacet
  facet normal 0 0 1
    outer loop
      vertex -72.6714 -22.7141 3
      vertex -75 -24.5 3
      vertex -72.69 -22.9984 3
    endloop
  endfacet
  facet normal -0 0 1
    outer loop
      vertex -74.9743 24.8916 3
      vertex -72.3967 24.095 3
      vertex -74.8978 25.2765 3
    endloop
  endfacet
  facet normal 0 0 1
    outer loop
      vertex -72.69 -22.9984 3
      vertex -75 -24.5 3
      vertex -72.6901 -23 3
    endloop
  endfacet
  facet normal -0 0 1
    outer loop
      vertex -75 24.5 3
      vertex -72.3967 24.095 3
      vertex -74.9743 24.8916 3
    endloop
  endfacet
  facet normal 0 0 1
    outer loop
      vertex -72.3967 -24.095 3
      vertex -75 -24.5 3
      vertex -74.9743 -24.8916 3
    endloop
  endfacet
  facet normal 0 0 1
    outer loop
      vertex -72.3967 24.095 3
      vertex -75 24.5 3
      vertex -72.5227 23.8395 3
    endloop
  endfacet
  facet normal 0 0 1
    outer loop
      vertex -71.8332 -24.7375 3
      vertex -73.148 -27.2716 3
      vertex -72.7765 -27.3978 3
    endloop
  endfacet
  facet normal 0 0 1
    outer loop
      vertex -72.5227 23.8395 3
      vertex -75 24.5 3
      vertex -72.5234 23.8381 3
    endloop
  endfacet
  facet normal 0 0 1
    outer loop
      vertex -71.8332 -24.7375 3
      vertex -73.5 -27.0981 3
      vertex -73.148 -27.2716 3
    endloop
  endfacet
  facet normal 0 0 1
    outer loop
      vertex -72.5234 23.8381 3
      vertex -75 24.5 3
      vertex -72.615 23.5683 3
    endloop
  endfacet
  facet normal 0 0 1
    outer loop
      vertex -71.8332 -24.7375 3
      vertex -73.8263 -26.8801 3
      vertex -73.5 -27.0981 3
    endloop
  endfacet
  facet normal 0 0 1
    outer loop
      vertex -72.615 23.5683 3
      vertex -75 24.5 3
      vertex -72.6155 23.5668 3
    endloop
  endfacet
  facet normal 0 0 1
    outer loop
      vertex -72.0486 -24.5486 3
      vertex -74.1213 -26.6213 3
      vertex -73.8263 -26.8801 3
    endloop
  endfacet
  facet normal 0 0 1
    outer loop
      vertex -72.6155 23.5668 3
      vertex -75 24.5 3
      vertex -72.6158 23.5653 3
    endloop
  endfacet
  facet normal 0 0 1
    outer loop
      vertex -72.0497 -24.5475 3
      vertex -74.3801 -26.3263 3
      vertex -74.1213 -26.6213 3
    endloop
  endfacet
  facet normal 0 0 1
    outer loop
      vertex -72.6158 23.5653 3
      vertex -75 24.5 3
      vertex -72.6714 23.2859 3
    endloop
  endfacet
  facet normal 0 0 1
    outer loop
      vertex -72.2375 -24.3332 3
      vertex -74.5981 -26 3
      vertex -74.3801 -26.3263 3
    endloop
  endfacet
  facet normal 0 0 1
    outer loop
      vertex -72.69 23.0016 3
      vertex -75 24.5 3
      vertex -72.6901 23 3
    endloop
  endfacet
  facet normal 0 0 1
    outer loop
      vertex -72.2375 -24.3332 3
      vertex -74.7716 -25.648 3
      vertex -74.5981 -26 3
    endloop
  endfacet
  facet normal 0 0 1
    outer loop
      vertex -72.3958 -24.0963 3
      vertex -74.8978 -25.2765 3
      vertex -74.7716 -25.648 3
    endloop
  endfacet
  facet normal 0 0 1
    outer loop
      vertex -72.3967 -24.095 3
      vertex -74.9743 -24.8916 3
      vertex -74.8978 -25.2765 3
    endloop
  endfacet
  facet normal 0 -1 0
    outer loop
      vertex -72 -27.5 0
      vertex 72 -27.5 3
      vertex -72 -27.5 3
    endloop
  endfacet
  facet normal 0 -1 -0
    outer loop
      vertex 72 -27.5 3
      vertex -72 -27.5 0
      vertex 72 -27.5 0
    endloop
  endfacet
  facet normal -0.321651 -0.946858 0
    outer loop
      vertex -73.148 -27.2716 0
      vertex -72.7765 -27.3978 3
      vertex -73.148 -27.2716 3
    endloop
  endfacet
  facet normal -0.321651 -0.946858 -0
    outer loop
      vertex -72.7765 -27.3978 3
      vertex -73.148 -27.2716 0
      vertex -72.7765 -27.3978 0
    endloop
  endfacet
  facet normal -0.751724 -0.659478 0
    outer loop
      vertex -74.1213 -26.6213 0
      vertex -74.3801 -26.3263 3
      vertex -74.3801 -26.3263 0
    endloop
  endfacet
  facet normal -0.751724 -0.659478 0
    outer loop
      vertex -74.3801 -26.3263 3
      vertex -74.1213 -26.6213 0
      vertex -74.1213 -26.6213 3
    endloop
  endfacet
  facet normal -1 0 0
    outer loop
      vertex -75 -24.5 0
      vertex -75 24.5 3
      vertex -75 24.5 0
    endloop
  endfacet
  facet normal -1 -0 0
    outer loop
      vertex -75 24.5 3
      vertex -75 -24.5 0
      vertex -75 -24.5 3
    endloop
  endfacet
  facet normal 0.0654873 0.997853 -0
    outer loop
      vertex 72.3916 27.4743 0
      vertex 72 27.5 3
      vertex 72.3916 27.4743 3
    endloop
  endfacet
  facet normal 0.0654873 0.997853 0
    outer loop
      vertex 72 27.5 3
      vertex 72.3916 27.4743 0
      vertex 72 27.5 0
    endloop
  endfacet
  facet normal 0.0654873 -0.997853 0
    outer loop
      vertex 72 -27.5 0
      vertex 72.3916 -27.4743 3
      vertex 72 -27.5 3
    endloop
  endfacet
  facet normal 0.0654873 -0.997853 0
    outer loop
      vertex 72.3916 -27.4743 3
      vertex 72 -27.5 0
      vertex 72.3916 -27.4743 0
    endloop
  endfacet
  facet normal -0.896961 -0.44211 0
    outer loop
      vertex -74.5981 -26 0
      vertex -74.7716 -25.648 3
      vertex -74.7716 -25.648 0
    endloop
  endfacet
  facet normal -0.896961 -0.44211 0
    outer loop
      vertex -74.7716 -25.648 3
      vertex -74.5981 -26 0
      vertex -74.5981 -26 3
    endloop
  endfacet
  facet normal -0.44211 0.896961 0
    outer loop
      vertex -73.148 27.2716 0
      vertex -73.5 27.0981 3
      vertex -73.148 27.2716 3
    endloop
  endfacet
  facet normal -0.44211 0.896961 0
    outer loop
      vertex -73.5 27.0981 3
      vertex -73.148 27.2716 0
      vertex -73.5 27.0981 0
    endloop
  endfacet
  facet normal 0 1 -0
    outer loop
      vertex 72 27.5 0
      vertex -72 27.5 3
      vertex 72 27.5 3
    endloop
  endfacet
  facet normal 0 1 0
    outer loop
      vertex -72 27.5 3
      vertex 72 27.5 0
      vertex -72 27.5 0
    endloop
  endfacet
  facet normal 0.946858 0.321651 0
    outer loop
      vertex 74.8978 25.2765 3
      vertex 74.7716 25.648 0
      vertex 74.7716 25.648 3
    endloop
  endfacet
  facet normal 0.946858 0.321651 0
    outer loop
      vertex 74.7716 25.648 0
      vertex 74.8978 25.2765 3
      vertex 74.8978 25.2765 0
    endloop
  endfacet
  facet normal 0.19494 -0.980815 0
    outer loop
      vertex 72.3916 -27.4743 0
      vertex 72.7765 -27.3978 3
      vertex 72.3916 -27.4743 3
    endloop
  endfacet
  facet normal 0.19494 -0.980815 0
    outer loop
      vertex 72.7765 -27.3978 3
      vertex 72.3916 -27.4743 0
      vertex 72.7765 -27.3978 0
    endloop
  endfacet
  facet normal 0.321651 -0.946858 0
    outer loop
      vertex 72.7765 -27.3978 0
      vertex 73.148 -27.2716 3
      vertex 72.7765 -27.3978 3
    endloop
  endfacet
  facet normal 0.321651 -0.946858 0
    outer loop
      vertex 73.148 -27.2716 3
      vertex 72.7765 -27.3978 0
      vertex 73.148 -27.2716 0
    endloop
  endfacet
  facet normal -0.44211 -0.896961 0
    outer loop
      vertex -73.5 -27.0981 0
      vertex -73.148 -27.2716 3
      vertex -73.5 -27.0981 3
    endloop
  endfacet
  facet normal -0.44211 -0.896961 -0
    outer loop
      vertex -73.148 -27.2716 3
      vertex -73.5 -27.0981 0
      vertex -73.148 -27.2716 0
    endloop
  endfacet
  facet normal -0.659478 -0.751724 0
    outer loop
      vertex -74.1213 -26.6213 0
      vertex -73.8263 -26.8801 3
      vertex -74.1213 -26.6213 3
    endloop
  endfacet
  facet normal -0.659478 -0.751724 -0
    outer loop
      vertex -73.8263 -26.8801 3
      vertex -74.1213 -26.6213 0
      vertex -73.8263 -26.8801 0
    endloop
  endfacet
  facet normal -0.831501 -0.555523 0
    outer loop
      vertex -74.3801 -26.3263 0
      vertex -74.5981 -26 3
      vertex -74.5981 -26 0
    endloop
  endfacet
  facet normal -0.831501 -0.555523 0
    outer loop
      vertex -74.5981 -26 3
      vertex -74.3801 -26.3263 0
      vertex -74.3801 -26.3263 3
    endloop
  endfacet
  facet normal -0.997853 -0.0654873 0
    outer loop
      vertex -74.9743 -24.8916 0
      vertex -75 -24.5 3
      vertex -75 -24.5 0
    endloop
  endfacet
  facet normal -0.997853 -0.0654873 0
    outer loop
      vertex -75 -24.5 3
      vertex -74.9743 -24.8916 0
      vertex -74.9743 -24.8916 3
    endloop
  endfacet
  facet normal -0.946858 -0.321651 0
    outer loop
      vertex -74.7716 -25.648 0
      vertex -74.8978 -25.2765 3
      vertex -74.8978 -25.2765 0
    endloop
  endfacet
  facet normal -0.946858 -0.321651 0
    outer loop
      vertex -74.8978 -25.2765 3
      vertex -74.7716 -25.648 0
      vertex -74.7716 -25.648 3
    endloop
  endfacet
  facet normal -0.321651 0.946858 0
    outer loop
      vertex -72.7765 27.3978 0
      vertex -73.148 27.2716 3
      vertex -72.7765 27.3978 3
    endloop
  endfacet
  facet normal -0.321651 0.946858 0
    outer loop
      vertex -73.148 27.2716 3
      vertex -72.7765 27.3978 0
      vertex -73.148 27.2716 0
    endloop
  endfacet
  facet normal -0.751724 0.659478 0
    outer loop
      vertex -74.3801 26.3263 0
      vertex -74.1213 26.6213 3
      vertex -74.1213 26.6213 0
    endloop
  endfacet
  facet normal -0.751724 0.659478 0
    outer loop
      vertex -74.1213 26.6213 3
      vertex -74.3801 26.3263 0
      vertex -74.3801 26.3263 3
    endloop
  endfacet
  facet normal -0.997853 0.0654873 0
    outer loop
      vertex -75 24.5 0
      vertex -74.9743 24.8916 3
      vertex -74.9743 24.8916 0
    endloop
  endfacet
  facet normal -0.997853 0.0654873 0
    outer loop
      vertex -74.9743 24.8916 3
      vertex -75 24.5 0
      vertex -75 24.5 3
    endloop
  endfacet
  facet normal -0.19494 0.980815 0
    outer loop
      vertex -72.3916 27.4743 0
      vertex -72.7765 27.3978 3
      vertex -72.3916 27.4743 3
    endloop
  endfacet
  facet normal -0.19494 0.980815 0
    outer loop
      vertex -72.7765 27.3978 3
      vertex -72.3916 27.4743 0
      vertex -72.7765 27.3978 0
    endloop
  endfacet
  facet normal -0.0654873 0.997853 0
    outer loop
      vertex -72 27.5 0
      vertex -72.3916 27.4743 3
      vertex -72 27.5 3
    endloop
  endfacet
  facet normal -0.0654873 0.997853 0
    outer loop
      vertex -72.3916 27.4743 3
      vertex -72 27.5 0
      vertex -72.3916 27.4743 0
    endloop
  endfacet
  facet normal 0.751724 0.659478 0
    outer loop
      vertex 74.3801 26.3263 3
      vertex 74.1213 26.6213 0
      vertex 74.1213 26.6213 3
    endloop
  endfacet
  facet normal 0.751724 0.659478 0
    outer loop
      vertex 74.1213 26.6213 0
      vertex 74.3801 26.3263 3
      vertex 74.3801 26.3263 0
    endloop
  endfacet
  facet normal 0.831501 -0.555523 0
    outer loop
      vertex 74.3801 -26.3263 3
      vertex 74.5981 -26 0
      vertex 74.5981 -26 3
    endloop
  endfacet
  facet normal 0.831501 -0.555523 0
    outer loop
      vertex 74.5981 -26 0
      vertex 74.3801 -26.3263 3
      vertex 74.3801 -26.3263 0
    endloop
  endfacet
  facet normal 1 -0 0
    outer loop
      vertex 75 -24.5 3
      vertex 75 24.5 0
      vertex 75 24.5 3
    endloop
  endfacet
  facet normal 1 0 0
    outer loop
      vertex 75 24.5 0
      vertex 75 -24.5 3
      vertex 75 -24.5 0
    endloop
  endfacet
  facet normal -0.0654873 -0.997853 0
    outer loop
      vertex -72.3916 -27.4743 0
      vertex -72 -27.5 3
      vertex -72.3916 -27.4743 3
    endloop
  endfacet
  facet normal -0.0654873 -0.997853 -0
    outer loop
      vertex -72 -27.5 3
      vertex -72.3916 -27.4743 0
      vertex -72 -27.5 0
    endloop
  endfacet
  facet normal -0.19494 -0.980815 0
    outer loop
      vertex -72.7765 -27.3978 0
      vertex -72.3916 -27.4743 3
      vertex -72.7765 -27.3978 3
    endloop
  endfacet
  facet normal -0.19494 -0.980815 -0
    outer loop
      vertex -72.3916 -27.4743 3
      vertex -72.7765 -27.3978 0
      vertex -72.3916 -27.4743 0
    endloop
  endfacet
  facet normal -0.555523 -0.831501 0
    outer loop
      vertex -73.8263 -26.8801 0
      vertex -73.5 -27.0981 3
      vertex -73.8263 -26.8801 3
    endloop
  endfacet
  facet normal -0.555523 -0.831501 -0
    outer loop
      vertex -73.5 -27.0981 3
      vertex -73.8263 -26.8801 0
      vertex -73.5 -27.0981 0
    endloop
  endfacet
  facet normal 0 0 -1
    outer loop
      vertex 72.4285 -24.05 0
      vertex 75 -24.5 0
      vertex 74.9743 -24.8916 0
    endloop
  endfacet
  facet normal 0 0 -1
    outer loop
      vertex 75 -24.5 0
      vertex 72.75 -22.85 0
      vertex 75 24.5 0
    endloop
  endfacet
  facet normal 0 0 -1
    outer loop
      vertex 72.4285 -24.05 0
      vertex 74.9743 -24.8916 0
      vertex 74.8978 -25.2765 0
    endloop
  endfacet
  facet normal 0 0 -1
    outer loop
      vertex 72.75 22.85 0
      vertex 75 24.5 0
      vertex 72.75 -22.85 0
    endloop
  endfacet
  facet normal 0 0 -1
    outer loop
      vertex 72.254 -24.311 0
      vertex 74.8978 -25.2765 0
      vertex 74.7716 -25.648 0
    endloop
  endfacet
  facet normal 0 0 -1
    outer loop
      vertex 72.7295 23.1633 0
      vertex 75 24.5 0
      vertex 72.75 22.85 0
    endloop
  endfacet
  facet normal 0 0 -1
    outer loop
      vertex 72.254 -24.311 0
      vertex 74.7716 -25.648 0
      vertex 74.5981 -26 0
    endloop
  endfacet
  facet normal 0 0 -1
    outer loop
      vertex 72.6682 23.4712 0
      vertex 75 24.5 0
      vertex 72.7295 23.1633 0
    endloop
  endfacet
  facet normal 0 0 -1
    outer loop
      vertex 72.254 -24.311 0
      vertex 74.5981 -26 0
      vertex 74.3801 -26.3263 0
    endloop
  endfacet
  facet normal 0 0 -1
    outer loop
      vertex 72.5673 23.7684 0
      vertex 75 24.5 0
      vertex 72.6682 23.4712 0
    endloop
  endfacet
  facet normal 0 0 -1
    outer loop
      vertex 72.0471 -24.5471 0
      vertex 74.3801 -26.3263 0
      vertex 74.1213 -26.6213 0
    endloop
  endfacet
  facet normal 0 0 -1
    outer loop
      vertex 72.4285 24.05 0
      vertex 75 24.5 0
      vertex 72.5673 23.7684 0
    endloop
  endfacet
  facet normal 0 0 -1
    outer loop
      vertex 72.0471 -24.5471 0
      vertex 74.1213 -26.6213 0
      vertex 73.8263 -26.8801 0
    endloop
  endfacet
  facet normal -0 0 -1
    outer loop
      vertex 75 24.5 0
      vertex 72.4285 24.05 0
      vertex 74.9743 24.8916 0
    endloop
  endfacet
  facet normal 0 0 -1
    outer loop
      vertex 71.811 -24.754 0
      vertex 73.8263 -26.8801 0
      vertex 73.5 -27.0981 0
    endloop
  endfacet
  facet normal -0 0 -1
    outer loop
      vertex 74.9743 24.8916 0
      vertex 72.4285 24.05 0
      vertex 74.8978 25.2765 0
    endloop
  endfacet
  facet normal 0 0 -1
    outer loop
      vertex 71.811 -24.754 0
      vertex 73.5 -27.0981 0
      vertex 73.148 -27.2716 0
    endloop
  endfacet
  facet normal 0 0 -1
    outer loop
      vertex 72.254 24.311 0
      vertex 74.8978 25.2765 0
      vertex 72.4285 24.05 0
    endloop
  endfacet
  facet normal 0 0 -1
    outer loop
      vertex 71.811 -24.754 0
      vertex 73.148 -27.2716 0
      vertex 72.7765 -27.3978 0
    endloop
  endfacet
  facet normal -0 0 -1
    outer loop
      vertex 74.8978 25.2765 0
      vertex 72.254 24.311 0
      vertex 74.7716 25.648 0
    endloop
  endfacet
  facet normal -0 0 -1
    outer loop
      vertex 74.7716 25.648 0
      vertex 72.254 24.311 0
      vertex 74.5981 26 0
    endloop
  endfacet
  facet normal 0 0 -1
    outer loop
      vertex 75 -24.5 0
      vertex 72.7295 -23.1633 0
      vertex 72.75 -22.85 0
    endloop
  endfacet
  facet normal 0 0 -1
    outer loop
      vertex 75 -24.5 0
      vertex 72.6682 -23.4712 0
      vertex 72.7295 -23.1633 0
    endloop
  endfacet
  facet normal 0 0 -1
    outer loop
      vertex 75 -24.5 0
      vertex 72.5673 -23.7684 0
      vertex 72.6682 -23.4712 0
    endloop
  endfacet
  facet normal 0 0 -1
    outer loop
      vertex 75 -24.5 0
      vertex 72.4285 -24.05 0
      vertex 72.5673 -23.7684 0
    endloop
  endfacet
  facet normal 0 0 -1
    outer loop
      vertex 71.55 -24.9285 0
      vertex 72.7765 -27.3978 0
      vertex 72.3916 -27.4743 0
    endloop
  endfacet
  facet normal 0 0 -1
    outer loop
      vertex 74.8978 -25.2765 0
      vertex 72.254 -24.311 0
      vertex 72.4285 -24.05 0
    endloop
  endfacet
  facet normal 0 0 -1
    outer loop
      vertex 74.3801 -26.3263 0
      vertex 72.0471 -24.5471 0
      vertex 72.254 -24.311 0
    endloop
  endfacet
  facet normal 0 0 -1
    outer loop
      vertex 71.55 -24.9285 0
      vertex 72.3916 -27.4743 0
      vertex 72 -27.5 0
    endloop
  endfacet
  facet normal 0 0 -1
    outer loop
      vertex 73.8263 -26.8801 0
      vertex 71.811 -24.754 0
      vertex 72.0471 -24.5471 0
    endloop
  endfacet
  facet normal 0 0 -1
    outer loop
      vertex 72.7765 -27.3978 0
      vertex 71.55 -24.9285 0
      vertex 71.811 -24.754 0
    endloop
  endfacet
  facet normal 0 0 -1
    outer loop
      vertex 72 -27.5 0
      vertex 71.2684 -25.0673 0
      vertex 71.55 -24.9285 0
    endloop
  endfacet
  facet normal 0 0 -1
    outer loop
      vertex 72 -27.5 0
      vertex 70.9712 -25.1682 0
      vertex 71.2684 -25.0673 0
    endloop
  endfacet
  facet normal 0 0 -1
    outer loop
      vertex 72 -27.5 0
      vertex 70.6633 -25.2295 0
      vertex 70.9712 -25.1682 0
    endloop
  endfacet
  facet normal 0 0 -1
    outer loop
      vertex 72 -27.5 0
      vertex 70.35 -25.25 0
      vertex 70.6633 -25.2295 0
    endloop
  endfacet
  facet normal 0 0 -1
    outer loop
      vertex 72 -27.5 0
      vertex -70.35 -25.25 0
      vertex 70.35 -25.25 0
    endloop
  endfacet
  facet normal 0 0 -1
    outer loop
      vertex -72 -27.5 0
      vertex -70.35 -25.25 0
      vertex 72 -27.5 0
    endloop
  endfacet
  facet normal 0 0 -1
    outer loop
      vertex -72 -27.5 0
      vertex -70.6633 -25.2295 0
      vertex -70.35 -25.25 0
    endloop
  endfacet
  facet normal 0 0 -1
    outer loop
      vertex -72 -27.5 0
      vertex -70.9712 -25.1682 0
      vertex -70.6633 -25.2295 0
    endloop
  endfacet
  facet normal 0 0 -1
    outer loop
      vertex -72 -27.5 0
      vertex -71.2684 -25.0673 0
      vertex -70.9712 -25.1682 0
    endloop
  endfacet
  facet normal 0 0 -1
    outer loop
      vertex -72 -27.5 0
      vertex -71.55 -24.9285 0
      vertex -71.2684 -25.0673 0
    endloop
  endfacet
  facet normal 0 0 -1
    outer loop
      vertex -72.3916 -27.4743 0
      vertex -71.55 -24.9285 0
      vertex -72 -27.5 0
    endloop
  endfacet
  facet normal 0 0 -1
    outer loop
      vertex -72.7765 -27.3978 0
      vertex -71.55 -24.9285 0
      vertex -72.3916 -27.4743 0
    endloop
  endfacet
  facet normal -0 0 -1
    outer loop
      vertex -71.55 -24.9285 0
      vertex -72.7765 -27.3978 0
      vertex -71.811 -24.754 0
    endloop
  endfacet
  facet normal 0 0 -1
    outer loop
      vertex -73.148 -27.2716 0
      vertex -71.811 -24.754 0
      vertex -72.7765 -27.3978 0
    endloop
  endfacet
  facet normal 0 0 -1
    outer loop
      vertex -73.5 -27.0981 0
      vertex -71.811 -24.754 0
      vertex -73.148 -27.2716 0
    endloop
  endfacet
  facet normal 0 0 -1
    outer loop
      vertex -73.8263 -26.8801 0
      vertex -71.811 -24.754 0
      vertex -73.5 -27.0981 0
    endloop
  endfacet
  facet normal -0 0 -1
    outer loop
      vertex -71.811 -24.754 0
      vertex -73.8263 -26.8801 0
      vertex -72.0471 -24.5471 0
    endloop
  endfacet
  facet normal 0 0 -1
    outer loop
      vertex -74.1213 -26.6213 0
      vertex -72.0471 -24.5471 0
      vertex -73.8263 -26.8801 0
    endloop
  endfacet
  facet normal 0 0 -1
    outer loop
      vertex -74.5981 -26 0
      vertex -72.254 -24.311 0
      vertex -74.3801 -26.3263 0
    endloop
  endfacet
  facet normal -0 0 -1
    outer loop
      vertex -72.0471 -24.5471 0
      vertex -74.3801 -26.3263 0
      vertex -72.254 -24.311 0
    endloop
  endfacet
  facet normal 0 0 -1
    outer loop
      vertex -74.3801 -26.3263 0
      vertex -72.0471 -24.5471 0
      vertex -74.1213 -26.6213 0
    endloop
  endfacet
  facet normal -0 0 -1
    outer loop
      vertex 74.5981 26 0
      vertex 72.254 24.311 0
      vertex 74.3801 26.3263 0
    endloop
  endfacet
  facet normal 0 0 -1
    outer loop
      vertex 72.0471 24.5471 0
      vertex 74.3801 26.3263 0
      vertex 72.254 24.311 0
    endloop
  endfacet
  facet normal -0 0 -1
    outer loop
      vertex 74.3801 26.3263 0
      vertex 72.0471 24.5471 0
      vertex 74.1213 26.6213 0
    endloop
  endfacet
  facet normal -0 0 -1
    outer loop
      vertex 74.1213 26.6213 0
      vertex 72.0471 24.5471 0
      vertex 73.8263 26.8801 0
    endloop
  endfacet
  facet normal 0 0 -1
    outer loop
      vertex 71.811 24.754 0
      vertex 73.8263 26.8801 0
      vertex 72.0471 24.5471 0
    endloop
  endfacet
  facet normal -0 0 -1
    outer loop
      vertex 73.8263 26.8801 0
      vertex 71.811 24.754 0
      vertex 73.5 27.0981 0
    endloop
  endfacet
  facet normal -0 0 -1
    outer loop
      vertex 73.5 27.0981 0
      vertex 71.811 24.754 0
      vertex 73.148 27.2716 0
    endloop
  endfacet
  facet normal -0 0 -1
    outer loop
      vertex 73.148 27.2716 0
      vertex 71.811 24.754 0
      vertex 72.7765 27.3978 0
    endloop
  endfacet
  facet normal 0 0 -1
    outer loop
      vertex 71.55 24.9285 0
      vertex 72.7765 27.3978 0
      vertex 71.811 24.754 0
    endloop
  endfacet
  facet normal -0 0 -1
    outer loop
      vertex 72.7765 27.3978 0
      vertex 71.55 24.9285 0
      vertex 72.3916 27.4743 0
    endloop
  endfacet
  facet normal -0 0 -1
    outer loop
      vertex 72.3916 27.4743 0
      vertex 71.55 24.9285 0
      vertex 72 27.5 0
    endloop
  endfacet
  facet normal 0 0 -1
    outer loop
      vertex 71.2684 25.0673 0
      vertex 72 27.5 0
      vertex 71.55 24.9285 0
    endloop
  endfacet
  facet normal 0 0 -1
    outer loop
      vertex 70.9712 25.1682 0
      vertex 72 27.5 0
      vertex 71.2684 25.0673 0
    endloop
  endfacet
  facet normal 0 0 -1
    outer loop
      vertex 70.6633 25.2295 0
      vertex 72 27.5 0
      vertex 70.9712 25.1682 0
    endloop
  endfacet
  facet normal 0 0 -1
    outer loop
      vertex 70.35 25.25 0
      vertex 72 27.5 0
      vertex 70.6633 25.2295 0
    endloop
  endfacet
  facet normal 0 0 -1
    outer loop
      vertex -70.35 25.25 0
      vertex 72 27.5 0
      vertex 70.35 25.25 0
    endloop
  endfacet
  facet normal 0 0 -1
    outer loop
      vertex -70.35 25.25 0
      vertex -72 27.5 0
      vertex 72 27.5 0
    endloop
  endfacet
  facet normal 0 0 -1
    outer loop
      vertex -70.6633 25.2295 0
      vertex -72 27.5 0
      vertex -70.35 25.25 0
    endloop
  endfacet
  facet normal 0 0 -1
    outer loop
      vertex -70.9712 25.1682 0
      vertex -72 27.5 0
      vertex -70.6633 25.2295 0
    endloop
  endfacet
  facet normal 0 0 -1
    outer loop
      vertex -71.2684 25.0673 0
      vertex -72 27.5 0
      vertex -70.9712 25.1682 0
    endloop
  endfacet
  facet normal 0 0 -1
    outer loop
      vertex -71.55 24.9285 0
      vertex -72 27.5 0
      vertex -71.2684 25.0673 0
    endloop
  endfacet
  facet normal 0 0 -1
    outer loop
      vertex -72.7765 27.3978 0
      vertex -71.55 24.9285 0
      vertex -71.811 24.754 0
    endloop
  endfacet
  facet normal 0 0 -1
    outer loop
      vertex -73.8263 26.8801 0
      vertex -71.811 24.754 0
      vertex -72.0471 24.5471 0
    endloop
  endfacet
  facet normal 0 0 -1
    outer loop
      vertex -74.3801 26.3263 0
      vertex -72.0471 24.5471 0
      vertex -72.254 24.311 0
    endloop
  endfacet
  facet normal 0 0 -1
    outer loop
      vertex -71.55 24.9285 0
      vertex -72.3916 27.4743 0
      vertex -72 27.5 0
    endloop
  endfacet
  facet normal 0 0 -1
    outer loop
      vertex -74.8978 25.2765 0
      vertex -72.254 24.311 0
      vertex -72.4285 24.05 0
    endloop
  endfacet
  facet normal 0 0 -1
    outer loop
      vertex -75 24.5 0
      vertex -72.4285 24.05 0
      vertex -72.5673 23.7684 0
    endloop
  endfacet
  facet normal 0 0 -1
    outer loop
      vertex -75 24.5 0
      vertex -72.5673 23.7684 0
      vertex -72.6682 23.4712 0
    endloop
  endfacet
  facet normal 0 0 -1
    outer loop
      vertex -75 24.5 0
      vertex -72.6682 23.4712 0
      vertex -72.7295 23.1633 0
    endloop
  endfacet
  facet normal 0 0 -1
    outer loop
      vertex -71.55 24.9285 0
      vertex -72.7765 27.3978 0
      vertex -72.3916 27.4743 0
    endloop
  endfacet
  facet normal 0 0 -1
    outer loop
      vertex -75 24.5 0
      vertex -72.7295 23.1633 0
      vertex -72.75 22.85 0
    endloop
  endfacet
  facet normal -0 0 -1
    outer loop
      vertex -72.75 -22.85 0
      vertex -75 -24.5 0
      vertex -72.75 22.85 0
    endloop
  endfacet
  facet normal 0 0 -1
    outer loop
      vertex -74.7716 -25.648 0
      vertex -72.254 -24.311 0
      vertex -74.5981 -26 0
    endloop
  endfacet
  facet normal 0 0 -1
    outer loop
      vertex -75 24.5 0
      vertex -72.75 22.85 0
      vertex -75 -24.5 0
    endloop
  endfacet
  facet normal 0 0 -1
    outer loop
      vertex -74.8978 -25.2765 0
      vertex -72.254 -24.311 0
      vertex -74.7716 -25.648 0
    endloop
  endfacet
  facet normal 0 0 -1
    outer loop
      vertex -72.4285 24.05 0
      vertex -75 24.5 0
      vertex -74.9743 24.8916 0
    endloop
  endfacet
  facet normal -0 0 -1
    outer loop
      vertex -72.254 -24.311 0
      vertex -74.8978 -25.2765 0
      vertex -72.4285 -24.05 0
    endloop
  endfacet
  facet normal 0 0 -1
    outer loop
      vertex -71.811 24.754 0
      vertex -73.148 27.2716 0
      vertex -72.7765 27.3978 0
    endloop
  endfacet
  facet normal 0 0 -1
    outer loop
      vertex -74.9743 -24.8916 0
      vertex -72.4285 -24.05 0
      vertex -74.8978 -25.2765 0
    endloop
  endfacet
  facet normal 0 0 -1
    outer loop
      vertex -71.811 24.754 0
      vertex -73.5 27.0981 0
      vertex -73.148 27.2716 0
    endloop
  endfacet
  facet normal 0 0 -1
    outer loop
      vertex -75 -24.5 0
      vertex -72.4285 -24.05 0
      vertex -74.9743 -24.8916 0
    endloop
  endfacet
  facet normal 0 0 -1
    outer loop
      vertex -71.811 24.754 0
      vertex -73.8263 26.8801 0
      vertex -73.5 27.0981 0
    endloop
  endfacet
  facet normal -0 0 -1
    outer loop
      vertex -72.4285 -24.05 0
      vertex -75 -24.5 0
      vertex -72.5673 -23.7684 0
    endloop
  endfacet
  facet normal 0 0 -1
    outer loop
      vertex -72.0471 24.5471 0
      vertex -74.1213 26.6213 0
      vertex -73.8263 26.8801 0
    endloop
  endfacet
  facet normal -0 0 -1
    outer loop
      vertex -72.5673 -23.7684 0
      vertex -75 -24.5 0
      vertex -72.6682 -23.4712 0
    endloop
  endfacet
  facet normal 0 0 -1
    outer loop
      vertex -72.0471 24.5471 0
      vertex -74.3801 26.3263 0
      vertex -74.1213 26.6213 0
    endloop
  endfacet
  facet normal -0 0 -1
    outer loop
      vertex -72.6682 -23.4712 0
      vertex -75 -24.5 0
      vertex -72.7295 -23.1633 0
    endloop
  endfacet
  facet normal 0 0 -1
    outer loop
      vertex -72.254 24.311 0
      vertex -74.5981 26 0
      vertex -74.3801 26.3263 0
    endloop
  endfacet
  facet normal -0 0 -1
    outer loop
      vertex -72.7295 -23.1633 0
      vertex -75 -24.5 0
      vertex -72.75 -22.85 0
    endloop
  endfacet
  facet normal 0 0 -1
    outer loop
      vertex -72.254 24.311 0
      vertex -74.7716 25.648 0
      vertex -74.5981 26 0
    endloop
  endfacet
  facet normal 0 0 -1
    outer loop
      vertex -72.254 24.311 0
      vertex -74.8978 25.2765 0
      vertex -74.7716 25.648 0
    endloop
  endfacet
  facet normal 0 0 -1
    outer loop
      vertex -72.4285 24.05 0
      vertex -74.9743 24.8916 0
      vertex -74.8978 25.2765 0
    endloop
  endfacet
  facet normal 0 0 -1
    outer loop
      vertex 21.3045 -14.9693 0
      vertex 12.0234 -14.1619 0
      vertex 21.5359 -14.5 0
    endloop
  endfacet
  facet normal 0 0 -1
    outer loop
      vertex 23 -13.0359 0
      vertex 12.19 14.9984 0
      vertex 12.1901 15 0
    endloop
  endfacet
  facet normal 0 0 -1
    outer loop
      vertex 12.0227 -14.1605 0
      vertex 21.5359 -14.5 0
      vertex 12.0234 -14.1619 0
    endloop
  endfacet
  facet normal 0 0 -1
    outer loop
      vertex 23 -13.0359 0
      vertex 12.1714 14.7141 0
      vertex 12.19 14.9984 0
    endloop
  endfacet
  facet normal 0 0 -1
    outer loop
      vertex 11.8967 -13.905 0
      vertex 21.5359 -14.5 0
      vertex 12.0227 -14.1605 0
    endloop
  endfacet
  facet normal 0 0 -1
    outer loop
      vertex 23 -13.0359 0
      vertex 12.1158 14.4347 0
      vertex 12.1714 14.7141 0
    endloop
  endfacet
  facet normal 0 0 -1
    outer loop
      vertex 21.5359 -14.5 0
      vertex 11.8967 -13.905 0
      vertex 21.8266 -14.065 0
    endloop
  endfacet
  facet normal 0 0 -1
    outer loop
      vertex 23 -13.0359 0
      vertex 12.1155 14.4332 0
      vertex 12.1158 14.4347 0
    endloop
  endfacet
  facet normal 0 0 -1
    outer loop
      vertex 11.8958 -13.9037 0
      vertex 21.8266 -14.065 0
      vertex 11.8967 -13.905 0
    endloop
  endfacet
  facet normal 0 0 -1
    outer loop
      vertex 23 -13.0359 0
      vertex 12.115 14.4317 0
      vertex 12.1155 14.4332 0
    endloop
  endfacet
  facet normal 0 0 -1
    outer loop
      vertex 11.7375 -13.6668 0
      vertex 21.8266 -14.065 0
      vertex 11.8958 -13.9037 0
    endloop
  endfacet
  facet normal 0 0 -1
    outer loop
      vertex 23 -13.0359 0
      vertex 12.0234 14.1619 0
      vertex 12.115 14.4317 0
    endloop
  endfacet
  facet normal 0 0 -1
    outer loop
      vertex 21.8266 -14.065 0
      vertex 11.7375 -13.6668 0
      vertex 22.1716 -13.6716 0
    endloop
  endfacet
  facet normal 0 0 -1
    outer loop
      vertex 23 -13.0359 0
      vertex 12.0227 14.1605 0
      vertex 12.0234 14.1619 0
    endloop
  endfacet
  facet normal 0 0 -1
    outer loop
      vertex 11.5497 -13.4525 0
      vertex 22.1716 -13.6716 0
      vertex 11.7375 -13.6668 0
    endloop
  endfacet
  facet normal 0 0 -1
    outer loop
      vertex 23 -13.0359 0
      vertex 11.8967 13.905 0
      vertex 12.0227 14.1605 0
    endloop
  endfacet
  facet normal 0 0 -1
    outer loop
      vertex 11.5486 -13.4514 0
      vertex 22.1716 -13.6716 0
      vertex 11.5497 -13.4525 0
    endloop
  endfacet
  facet normal 0 0 -1
    outer loop
      vertex 23 -13.0359 0
      vertex 11.8958 13.9037 0
      vertex 11.8967 13.905 0
    endloop
  endfacet
  facet normal 0 0 -1
    outer loop
      vertex 22.1716 -13.6716 0
      vertex 11.5486 -13.4514 0
      vertex 22.565 -13.3266 0
    endloop
  endfacet
  facet normal 0 0 -1
    outer loop
      vertex 23 -13.0359 0
      vertex 11.7375 13.6668 0
      vertex 11.8958 13.9037 0
    endloop
  endfacet
  facet normal 0 0 -1
    outer loop
      vertex 11.5475 -13.4503 0
      vertex 22.565 -13.3266 0
      vertex 11.5486 -13.4514 0
    endloop
  endfacet
  facet normal 0 0 -1
    outer loop
      vertex 23 -13.0359 0
      vertex 11.5497 13.4525 0
      vertex 11.7375 13.6668 0
    endloop
  endfacet
  facet normal 0 0 -1
    outer loop
      vertex 11.3332 -13.2625 0
      vertex 22.565 -13.3266 0
      vertex 11.5475 -13.4503 0
    endloop
  endfacet
  facet normal 0 0 -1
    outer loop
      vertex 23 -13.0359 0
      vertex 11.5486 13.4514 0
      vertex 11.5497 13.4525 0
    endloop
  endfacet
  facet normal 0 0 -1
    outer loop
      vertex 22.565 -13.3266 0
      vertex 11.3332 -13.2625 0
      vertex 23 -13.0359 0
    endloop
  endfacet
  facet normal 0 0 -1
    outer loop
      vertex 23 -13.0359 0
      vertex 11.5475 13.4503 0
      vertex 11.5486 13.4514 0
    endloop
  endfacet
  facet normal 0 0 -1
    outer loop
      vertex 11.0963 -13.1042 0
      vertex 23 -13.0359 0
      vertex 11.3332 -13.2625 0
    endloop
  endfacet
  facet normal 0 0 -1
    outer loop
      vertex 23 -13.0359 0
      vertex 11.3332 13.2625 0
      vertex 11.5475 13.4503 0
    endloop
  endfacet
  facet normal 0 0 -1
    outer loop
      vertex 11.095 -13.1033 0
      vertex 23 -13.0359 0
      vertex 11.0963 -13.1042 0
    endloop
  endfacet
  facet normal 0 0 -1
    outer loop
      vertex 23 -13.0359 0
      vertex 11.0963 13.1042 0
      vertex 11.3332 13.2625 0
    endloop
  endfacet
  facet normal 0 0 -1
    outer loop
      vertex 10.8395 -12.9773 0
      vertex 23 -13.0359 0
      vertex 11.095 -13.1033 0
    endloop
  endfacet
  facet normal 0 0 -1
    outer loop
      vertex 23 -13.0359 0
      vertex 11.095 13.1033 0
      vertex 11.0963 13.1042 0
    endloop
  endfacet
  facet normal 0 0 -1
    outer loop
      vertex 10.8381 -12.9766 0
      vertex 23 -13.0359 0
      vertex 10.8395 -12.9773 0
    endloop
  endfacet
  facet normal 0 0 -1
    outer loop
      vertex 23 -13.0359 0
      vertex 10.8395 12.9773 0
      vertex 11.095 13.1033 0
    endloop
  endfacet
  facet normal 0 0 -1
    outer loop
      vertex 10.8381 12.9766 0
      vertex 23 -13.0359 0
      vertex 10.8381 -12.9766 0
    endloop
  endfacet
  facet normal 0 0 -1
    outer loop
      vertex 23 -13.0359 0
      vertex 10.8381 12.9766 0
      vertex 10.8395 12.9773 0
    endloop
  endfacet
  facet normal 0 0 -1
    outer loop
      vertex 10.5683 -12.885 0
      vertex 10.8381 12.9766 0
      vertex 10.8381 -12.9766 0
    endloop
  endfacet
  facet normal 0 0 -1
    outer loop
      vertex 10.5683 -12.885 0
      vertex 10.5683 12.885 0
      vertex 10.8381 12.9766 0
    endloop
  endfacet
  facet normal 0 0 -1
    outer loop
      vertex 10.5668 -12.8845 0
      vertex 10.5683 12.885 0
      vertex 10.5683 -12.885 0
    endloop
  endfacet
  facet normal 0 0 -1
    outer loop
      vertex 10.5668 -12.8845 0
      vertex 10.5668 12.8845 0
      vertex 10.5683 12.885 0
    endloop
  endfacet
  facet normal 0 0 -1
    outer loop
      vertex 10.5653 -12.8842 0
      vertex 10.5668 12.8845 0
      vertex 10.5668 -12.8845 0
    endloop
  endfacet
  facet normal 0 0 -1
    outer loop
      vertex 10.5653 -12.8842 0
      vertex 10.5653 12.8842 0
      vertex 10.5668 12.8845 0
    endloop
  endfacet
  facet normal 0 0 -1
    outer loop
      vertex 10.2859 -12.8286 0
      vertex 10.5653 12.8842 0
      vertex 10.5653 -12.8842 0
    endloop
  endfacet
  facet normal 0 0 -1
    outer loop
      vertex 10.2859 -12.8286 0
      vertex 10.2859 12.8286 0
      vertex 10.5653 12.8842 0
    endloop
  endfacet
  facet normal 0 0 -1
    outer loop
      vertex 10.0016 -12.81 0
      vertex 10.2859 12.8286 0
      vertex 10.2859 -12.8286 0
    endloop
  endfacet
  facet normal 0 0 -1
    outer loop
      vertex 10.0016 -12.81 0
      vertex 10.0016 12.81 0
      vertex 10.2859 12.8286 0
    endloop
  endfacet
  facet normal 0 0 -1
    outer loop
      vertex 10 -12.8099 0
      vertex 10.0016 12.81 0
      vertex 10.0016 -12.81 0
    endloop
  endfacet
  facet normal 0 0 -1
    outer loop
      vertex 10 -12.8099 0
      vertex 10 12.8099 0
      vertex 10.0016 12.81 0
    endloop
  endfacet
  facet normal 0 0 -1
    outer loop
      vertex 9.99845 -12.81 0
      vertex 10 12.8099 0
      vertex 10 -12.8099 0
    endloop
  endfacet
  facet normal 0 0 -1
    outer loop
      vertex 9.99845 -12.81 0
      vertex 9.99845 12.81 0
      vertex 10 12.8099 0
    endloop
  endfacet
  facet normal 0 0 -1
    outer loop
      vertex 9.71414 -12.8286 0
      vertex 9.99845 12.81 0
      vertex 9.99845 -12.81 0
    endloop
  endfacet
  facet normal 0 0 -1
    outer loop
      vertex 9.71414 -12.8286 0
      vertex 9.71414 12.8286 0
      vertex 9.99845 12.81 0
    endloop
  endfacet
  facet normal 0 0 -1
    outer loop
      vertex 9.43468 -12.8842 0
      vertex 9.71414 12.8286 0
      vertex 9.71414 -12.8286 0
    endloop
  endfacet
  facet normal 0 0 -1
    outer loop
      vertex 9.43468 -12.8842 0
      vertex 9.43468 12.8842 0
      vertex 9.71414 12.8286 0
    endloop
  endfacet
  facet normal 0 0 -1
    outer loop
      vertex 9.43316 -12.8845 0
      vertex 9.43468 12.8842 0
      vertex 9.43468 -12.8842 0
    endloop
  endfacet
  facet normal 0 0 -1
    outer loop
      vertex 9.43316 -12.8845 0
      vertex 9.43316 12.8845 0
      vertex 9.43468 12.8842 0
    endloop
  endfacet
  facet normal 0 0 -1
    outer loop
      vertex 9.43169 -12.885 0
      vertex 9.43316 12.8845 0
      vertex 9.43316 -12.8845 0
    endloop
  endfacet
  facet normal 0 0 -1
    outer loop
      vertex 9.43169 -12.885 0
      vertex 9.43169 12.885 0
      vertex 9.43316 12.8845 0
    endloop
  endfacet
  facet normal 0 0 -1
    outer loop
      vertex 9.16189 -12.9766 0
      vertex 9.43169 12.885 0
      vertex 9.43169 -12.885 0
    endloop
  endfacet
  facet normal 0 0 -1
    outer loop
      vertex 9.16189 -12.9766 0
      vertex 9.16189 12.9766 0
      vertex 9.43169 12.885 0
    endloop
  endfacet
  facet normal 0 0 -1
    outer loop
      vertex 9.16049 -12.9773 0
      vertex 9.16189 12.9766 0
      vertex 9.16189 -12.9766 0
    endloop
  endfacet
  facet normal 0 0 -1
    outer loop
      vertex 9.16049 -12.9773 0
      vertex 9.16049 12.9773 0
      vertex 9.16189 12.9766 0
    endloop
  endfacet
  facet normal 0 0 -1
    outer loop
      vertex 8.90495 -13.1033 0
      vertex 9.16049 12.9773 0
      vertex 9.16049 -12.9773 0
    endloop
  endfacet
  facet normal 0 0 -1
    outer loop
      vertex 8.90495 -13.1033 0
      vertex 8.90495 13.1033 0
      vertex 9.16049 12.9773 0
    endloop
  endfacet
  facet normal 0 0 -1
    outer loop
      vertex 8.90366 -13.1042 0
      vertex 8.90495 13.1033 0
      vertex 8.90495 -13.1033 0
    endloop
  endfacet
  facet normal 0 0 -1
    outer loop
      vertex 8.90366 -13.1042 0
      vertex 8.90366 13.1042 0
      vertex 8.90495 13.1033 0
    endloop
  endfacet
  facet normal 0 0 -1
    outer loop
      vertex 8.66675 -13.2625 0
      vertex 8.90366 13.1042 0
      vertex 8.90366 -13.1042 0
    endloop
  endfacet
  facet normal 0 0 -1
    outer loop
      vertex 8.66675 -13.2625 0
      vertex 8.66675 13.2625 0
      vertex 8.90366 13.1042 0
    endloop
  endfacet
  facet normal 0 0 -1
    outer loop
      vertex -17.1854 8.375 0
      vertex 8.66675 -13.2625 0
      vertex 8.45253 -13.4503 0
    endloop
  endfacet
  facet normal 0 0 -1
    outer loop
      vertex 8.66675 -13.2625 0
      vertex -17.1854 8.375 0
      vertex 8.66675 13.2625 0
    endloop
  endfacet
  facet normal 0 0 -1
    outer loop
      vertex -17.1854 8.375 0
      vertex 8.45253 -13.4503 0
      vertex 8.45137 -13.4514 0
    endloop
  endfacet
  facet normal -0 0 -1
    outer loop
      vertex 8.66675 13.2625 0
      vertex -17.1854 8.375 0
      vertex 8.45253 13.4503 0
    endloop
  endfacet
  facet normal 0 0 -1
    outer loop
      vertex -17.4216 8.02152 0
      vertex 8.45137 -13.4514 0
      vertex 8.45034 -13.4525 0
    endloop
  endfacet
  facet normal -0 0 -1
    outer loop
      vertex 8.45253 13.4503 0
      vertex -17.1854 8.375 0
      vertex 8.45137 13.4514 0
    endloop
  endfacet
  facet normal 0 0 -1
    outer loop
      vertex -17.4216 8.02152 0
      vertex 8.45034 -13.4525 0
      vertex 8.26248 -13.6668 0
    endloop
  endfacet
  facet normal 0 -0 -1
    outer loop
      vertex -16.9974 8.75628 0
      vertex 8.45137 13.4514 0
      vertex -17.1854 8.375 0
    endloop
  endfacet
  facet normal 0 0 -1
    outer loop
      vertex -17.7019 7.7019 0
      vertex 8.26248 -13.6668 0
      vertex 8.10418 -13.9037 0
    endloop
  endfacet
  facet normal -0 0 -1
    outer loop
      vertex 8.45137 13.4514 0
      vertex -16.9974 8.75628 0
      vertex 8.45034 13.4525 0
    endloop
  endfacet
  facet normal 0 0 -1
    outer loop
      vertex -17.7019 7.7019 0
      vertex 8.10418 -13.9037 0
      vertex 8.10332 -13.905 0
    endloop
  endfacet
  facet normal -0 0 -1
    outer loop
      vertex 8.45034 13.4525 0
      vertex -16.9974 8.75628 0
      vertex 8.26248 13.6668 0
    endloop
  endfacet
  facet normal 0 0 -1
    outer loop
      vertex -18.0215 7.4216 0
      vertex 8.10332 -13.905 0
      vertex 7.9773 -14.1605 0
    endloop
  endfacet
  facet normal 0 -0 -1
    outer loop
      vertex -16.8607 9.15884 0
      vertex 8.26248 13.6668 0
      vertex -16.9974 8.75628 0
    endloop
  endfacet
  facet normal 0 0 -1
    outer loop
      vertex -18.0215 7.4216 0
      vertex 7.9773 -14.1605 0
      vertex 7.97661 -14.1619 0
    endloop
  endfacet
  facet normal -0 0 -1
    outer loop
      vertex 8.26248 13.6668 0
      vertex -16.8607 9.15884 0
      vertex 8.10418 13.9037 0
    endloop
  endfacet
  facet normal 0 0 -1
    outer loop
      vertex -18.375 7.18542 0
      vertex 7.97661 -14.1619 0
      vertex 7.88503 -14.4317 0
    endloop
  endfacet
  facet normal -0 0 -1
    outer loop
      vertex 8.10418 13.9037 0
      vertex -16.8607 9.15884 0
      vertex 8.10332 13.905 0
    endloop
  endfacet
  facet normal 0 0 -1
    outer loop
      vertex -18.375 7.18542 0
      vertex 7.88503 -14.4317 0
      vertex 7.88453 -14.4332 0
    endloop
  endfacet
  facet normal 0 -0 -1
    outer loop
      vertex -16.7778 9.57579 0
      vertex 8.10332 13.905 0
      vertex -16.8607 9.15884 0
    endloop
  endfacet
  facet normal 0 0 -1
    outer loop
      vertex -18.7563 6.99739 0
      vertex 7.88453 -14.4332 0
      vertex 7.88422 -14.4347 0
    endloop
  endfacet
  facet normal -0 0 -1
    outer loop
      vertex 8.10332 13.905 0
      vertex -16.7778 9.57579 0
      vertex 7.9773 14.1605 0
    endloop
  endfacet
  facet normal 0 0 -1
    outer loop
      vertex -18.7563 6.99739 0
      vertex 7.88422 -14.4347 0
      vertex 7.82864 -14.7141 0
    endloop
  endfacet
  facet normal -0 0 -1
    outer loop
      vertex 7.9773 14.1605 0
      vertex -16.7778 9.57579 0
      vertex 7.97661 14.1619 0
    endloop
  endfacet
  facet normal 0 0 -1
    outer loop
      vertex -19.1588 6.86074 0
      vertex 7.82864 -14.7141 0
      vertex 7.81 -14.9984 0
    endloop
  endfacet
  facet normal 0 -0 -1
    outer loop
      vertex -16.75 10 0
      vertex 7.97661 14.1619 0
      vertex -16.7778 9.57579 0
    endloop
  endfacet
  facet normal 0 0 -1
    outer loop
      vertex -19.1588 6.86074 0
      vertex 7.81 -14.9984 0
      vertex 7.8099 -15 0
    endloop
  endfacet
  facet normal -0 0 -1
    outer loop
      vertex 7.97661 14.1619 0
      vertex -16.75 10 0
      vertex 7.88503 14.4317 0
    endloop
  endfacet
  facet normal 0 0 -1
    outer loop
      vertex 12.1155 -15.5668 0
      vertex 21 -16.5 0
      vertex 21.0342 -17.0221 0
    endloop
  endfacet
  facet normal 0 0 -1
    outer loop
      vertex 11.8967 -16.095 0
      vertex 21.0342 -17.0221 0
      vertex 21.1363 -17.5353 0
    endloop
  endfacet
  facet normal 0 0 -1
    outer loop
      vertex 11.7375 -16.3332 0
      vertex 21.1363 -17.5353 0
      vertex 21.3045 -18.0307 0
    endloop
  endfacet
  facet normal 0 0 -1
    outer loop
      vertex 11.5486 -16.5486 0
      vertex 21.3045 -18.0307 0
      vertex 21.5359 -18.5 0
    endloop
  endfacet
  facet normal 0 0 -1
    outer loop
      vertex 11.3332 -16.7375 0
      vertex 21.5359 -18.5 0
      vertex 21.7029 -18.75 0
    endloop
  endfacet
  facet normal 0 0 -1
    outer loop
      vertex 21 -16.5 0
      vertex 12.19 -15.0016 0
      vertex 12.1901 -15 0
    endloop
  endfacet
  facet normal 0 0 -1
    outer loop
      vertex 21 -16.5 0
      vertex 12.1714 -15.2859 0
      vertex 12.19 -15.0016 0
    endloop
  endfacet
  facet normal 0 0 -1
    outer loop
      vertex 21 -16.5 0
      vertex 12.1158 -15.5653 0
      vertex 12.1714 -15.2859 0
    endloop
  endfacet
  facet normal 0 0 -1
    outer loop
      vertex 21 -16.5 0
      vertex 12.1155 -15.5668 0
      vertex 12.1158 -15.5653 0
    endloop
  endfacet
  facet normal 0 0 -1
    outer loop
      vertex 21.0342 -17.0221 0
      vertex 12.115 -15.5683 0
      vertex 12.1155 -15.5668 0
    endloop
  endfacet
  facet normal 0 0 -1
    outer loop
      vertex 21.0342 -17.0221 0
      vertex 12.0234 -15.8381 0
      vertex 12.115 -15.5683 0
    endloop
  endfacet
  facet normal 0 0 -1
    outer loop
      vertex 21.0342 -17.0221 0
      vertex 12.0227 -15.8395 0
      vertex 12.0234 -15.8381 0
    endloop
  endfacet
  facet normal 0 0 -1
    outer loop
      vertex 21.0342 -17.0221 0
      vertex 11.8967 -16.095 0
      vertex 12.0227 -15.8395 0
    endloop
  endfacet
  facet normal 0 0 -1
    outer loop
      vertex 21.1363 -17.5353 0
      vertex 11.8958 -16.0963 0
      vertex 11.8967 -16.095 0
    endloop
  endfacet
  facet normal 0 0 -1
    outer loop
      vertex 21.1363 -17.5353 0
      vertex 11.7375 -16.3332 0
      vertex 11.8958 -16.0963 0
    endloop
  endfacet
  facet normal 0 0 -1
    outer loop
      vertex 21.3045 -18.0307 0
      vertex 11.5497 -16.5475 0
      vertex 11.7375 -16.3332 0
    endloop
  endfacet
  facet normal 0 0 -1
    outer loop
      vertex 21.3045 -18.0307 0
      vertex 11.5486 -16.5486 0
      vertex 11.5497 -16.5475 0
    endloop
  endfacet
  facet normal 0 0 -1
    outer loop
      vertex 21.5359 -18.5 0
      vertex 11.5475 -16.5497 0
      vertex 11.5486 -16.5486 0
    endloop
  endfacet
  facet normal 0 0 -1
    outer loop
      vertex 21.5359 -18.5 0
      vertex 11.3332 -16.7375 0
      vertex 11.5475 -16.5497 0
    endloop
  endfacet
  facet normal 0 0 -1
    outer loop
      vertex 21.7029 -18.75 0
      vertex 11.0963 -16.8958 0
      vertex 11.3332 -16.7375 0
    endloop
  endfacet
  facet normal 0 0 -1
    outer loop
      vertex 21.7029 -18.75 0
      vertex 11.095 -16.8967 0
      vertex 11.0963 -16.8958 0
    endloop
  endfacet
  facet normal 0 0 -1
    outer loop
      vertex 21.7029 -18.75 0
      vertex 10.8395 -17.0227 0
      vertex 11.095 -16.8967 0
    endloop
  endfacet
  facet normal 0 0 -1
    outer loop
      vertex 21.7029 -18.75 0
      vertex 10.8381 -17.0234 0
      vertex 10.8395 -17.0227 0
    endloop
  endfacet
  facet normal 0 0 -1
    outer loop
      vertex 21.7029 -18.75 0
      vertex 10.5683 -17.115 0
      vertex 10.8381 -17.0234 0
    endloop
  endfacet
  facet normal 0 0 -1
    outer loop
      vertex 21.7029 -18.75 0
      vertex 10.5668 -17.1155 0
      vertex 10.5683 -17.115 0
    endloop
  endfacet
  facet normal 0 0 -1
    outer loop
      vertex 21.7029 -18.75 0
      vertex 10.5653 -17.1158 0
      vertex 10.5668 -17.1155 0
    endloop
  endfacet
  facet normal 0 0 -1
    outer loop
      vertex 21.7029 -18.75 0
      vertex 10.2859 -17.1714 0
      vertex 10.5653 -17.1158 0
    endloop
  endfacet
  facet normal 0 0 -1
    outer loop
      vertex 21.7029 -18.75 0
      vertex 10.0016 -17.19 0
      vertex 10.2859 -17.1714 0
    endloop
  endfacet
  facet normal 0 0 -1
    outer loop
      vertex 21.7029 -18.75 0
      vertex 10 -17.1901 0
      vertex 10.0016 -17.19 0
    endloop
  endfacet
  facet normal 0 0 -1
    outer loop
      vertex 21.7029 -18.75 0
      vertex 9.99845 -17.19 0
      vertex 10 -17.1901 0
    endloop
  endfacet
  facet normal 0 0 -1
    outer loop
      vertex 21.7029 -18.75 0
      vertex 9.71414 -17.1714 0
      vertex 9.99845 -17.19 0
    endloop
  endfacet
  facet normal 0 0 -1
    outer loop
      vertex 9.43316 -17.1155 0
      vertex 9.16189 -17.0234 0
      vertex 9.43169 -17.115 0
    endloop
  endfacet
  facet normal 0 0 1
    outer loop
      vertex 8.66675 -16.7375 0
      vertex 8.45137 -16.5486 0
      vertex 8.45253 -16.5497 0
    endloop
  endfacet
  facet normal 0 0 1
    outer loop
      vertex 7.82864 -15.2859 0
      vertex 7.8099 -15 0
      vertex 7.81 -15.0016 0
    endloop
  endfacet
  facet normal -0 0 -1
    outer loop
      vertex 7.88503 14.4317 0
      vertex -16.75 10 0
      vertex 7.88453 14.4332 0
    endloop
  endfacet
  facet normal 0 0 -1
    outer loop
      vertex -19.5758 6.7778 0
      vertex 7.8099 -15 0
      vertex 7.82864 -15.2859 0
    endloop
  endfacet
  facet normal 0 0 -1
    outer loop
      vertex -20 6.75 0
      vertex 7.82864 -15.2859 0
      vertex 7.88422 -15.5653 0
    endloop
  endfacet
  facet normal 0 0 -1
    outer loop
      vertex -20 6.75 0
      vertex 7.88422 -15.5653 0
      vertex 7.88453 -15.5668 0
    endloop
  endfacet
  facet normal 0 0 -1
    outer loop
      vertex -20.4242 6.7778 0
      vertex 7.88453 -15.5668 0
      vertex 7.88503 -15.5683 0
    endloop
  endfacet
  facet normal 0 0 -1
    outer loop
      vertex -20.4242 6.7778 0
      vertex 7.88503 -15.5683 0
      vertex 7.97661 -15.8381 0
    endloop
  endfacet
  facet normal 0 0 -1
    outer loop
      vertex -66.25 -18.75 0
      vertex 7.97661 -15.8381 0
      vertex 7.9773 -15.8395 0
    endloop
  endfacet
  facet normal 0 0 -1
    outer loop
      vertex -66.25 -18.75 0
      vertex 7.9773 -15.8395 0
      vertex 8.10332 -16.095 0
    endloop
  endfacet
  facet normal 0 0 -1
    outer loop
      vertex -66.25 -18.75 0
      vertex 8.10332 -16.095 0
      vertex 8.10418 -16.0963 0
    endloop
  endfacet
  facet normal 0 0 -1
    outer loop
      vertex -66.25 -18.75 0
      vertex 8.10418 -16.0963 0
      vertex 8.26248 -16.3332 0
    endloop
  endfacet
  facet normal 0 0 -1
    outer loop
      vertex -66.25 -18.75 0
      vertex 8.26248 -16.3332 0
      vertex 8.45034 -16.5475 0
    endloop
  endfacet
  facet normal 0 0 -1
    outer loop
      vertex -66.25 -18.75 0
      vertex 8.45034 -16.5475 0
      vertex 8.45137 -16.5486 0
    endloop
  endfacet
  facet normal 0 0 -1
    outer loop
      vertex -16.8607 10.8412 0
      vertex 7.82864 14.7141 0
      vertex -16.7778 10.4242 0
    endloop
  endfacet
  facet normal -0 0 -1
    outer loop
      vertex 7.88422 14.4347 0
      vertex -16.7778 10.4242 0
      vertex 7.82864 14.7141 0
    endloop
  endfacet
  facet normal -0 0 -1
    outer loop
      vertex 7.88453 14.4332 0
      vertex -16.7778 10.4242 0
      vertex 7.88422 14.4347 0
    endloop
  endfacet
  facet normal 0 0 -1
    outer loop
      vertex -16.7778 10.4242 0
      vertex 7.88453 14.4332 0
      vertex -16.75 10 0
    endloop
  endfacet
  facet normal 0 0 -1
    outer loop
      vertex 8.45137 -13.4514 0
      vertex -17.4216 8.02152 0
      vertex -17.1854 8.375 0
    endloop
  endfacet
  facet normal 0 0 -1
    outer loop
      vertex 8.26248 -13.6668 0
      vertex -17.7019 7.7019 0
      vertex -17.4216 8.02152 0
    endloop
  endfacet
  facet normal 0 0 -1
    outer loop
      vertex 8.10332 -13.905 0
      vertex -18.0215 7.4216 0
      vertex -17.7019 7.7019 0
    endloop
  endfacet
  facet normal 0 0 -1
    outer loop
      vertex 7.97661 -14.1619 0
      vertex -18.375 7.18542 0
      vertex -18.0215 7.4216 0
    endloop
  endfacet
  facet normal 0 0 -1
    outer loop
      vertex 7.88453 -14.4332 0
      vertex -18.7563 6.99739 0
      vertex -18.375 7.18542 0
    endloop
  endfacet
  facet normal 0 0 -1
    outer loop
      vertex -66.25 -18.75 0
      vertex 8.45137 -16.5486 0
      vertex 8.66675 -16.7375 0
    endloop
  endfacet
  facet normal 0 0 -1
    outer loop
      vertex 7.82864 -14.7141 0
      vertex -19.1588 6.86074 0
      vertex -18.7563 6.99739 0
    endloop
  endfacet
  facet normal 0 0 -1
    outer loop
      vertex 7.8099 -15 0
      vertex -19.5758 6.7778 0
      vertex -19.1588 6.86074 0
    endloop
  endfacet
  facet normal 0 0 -1
    outer loop
      vertex 7.82864 -15.2859 0
      vertex -20 6.75 0
      vertex -19.5758 6.7778 0
    endloop
  endfacet
  facet normal 0 0 -1
    outer loop
      vertex 7.88453 -15.5668 0
      vertex -20.4242 6.7778 0
      vertex -20 6.75 0
    endloop
  endfacet
  facet normal 0 0 -1
    outer loop
      vertex 7.97661 -15.8381 0
      vertex -20.8412 6.86074 0
      vertex -20.4242 6.7778 0
    endloop
  endfacet
  facet normal -0 0 -1
    outer loop
      vertex 7.97661 -15.8381 0
      vertex -66.25 -18.75 0
      vertex -20.8412 6.86074 0
    endloop
  endfacet
  facet normal 0 -0 -1
    outer loop
      vertex -39.1588 6.86074 0
      vertex -20.8412 6.86074 0
      vertex -66.25 -18.75 0
    endloop
  endfacet
  facet normal 0 0 -1
    outer loop
      vertex -20.8412 6.86074 0
      vertex -39.1588 6.86074 0
      vertex -21.2437 6.99739 0
    endloop
  endfacet
  facet normal 0 0 -1
    outer loop
      vertex -23.2222 9.57579 0
      vertex -36.75 10 0
      vertex -23.25 10 0
    endloop
  endfacet
  facet normal 0 0 -1
    outer loop
      vertex -36.7778 9.57579 0
      vertex -23.2222 9.57579 0
      vertex -23.1393 9.15884 0
    endloop
  endfacet
  facet normal 0 0 -1
    outer loop
      vertex -36.8607 9.15884 0
      vertex -23.1393 9.15884 0
      vertex -23.0026 8.75628 0
    endloop
  endfacet
  facet normal 0 0 -1
    outer loop
      vertex -36.9974 8.75628 0
      vertex -23.0026 8.75628 0
      vertex -22.8146 8.375 0
    endloop
  endfacet
  facet normal 0 0 -1
    outer loop
      vertex -37.1854 8.375 0
      vertex -22.8146 8.375 0
      vertex -22.5784 8.02152 0
    endloop
  endfacet
  facet normal 0 0 -1
    outer loop
      vertex -37.4216 8.02152 0
      vertex -22.5784 8.02152 0
      vertex -22.2981 7.7019 0
    endloop
  endfacet
  facet normal 0 0 -1
    outer loop
      vertex -37.7019 7.7019 0
      vertex -22.2981 7.7019 0
      vertex -21.9785 7.4216 0
    endloop
  endfacet
  facet normal 0 -0 -1
    outer loop
      vertex -38.7563 6.99739 0
      vertex -21.2437 6.99739 0
      vertex -39.1588 6.86074 0
    endloop
  endfacet
  facet normal 0 0 -1
    outer loop
      vertex -66.25 -18.75 0
      vertex 8.66675 -16.7375 0
      vertex 8.90366 -16.8958 0
    endloop
  endfacet
  facet normal 0 0 -1
    outer loop
      vertex -66.25 -18.75 0
      vertex 8.90366 -16.8958 0
      vertex 8.90495 -16.8967 0
    endloop
  endfacet
  facet normal 0 0 -1
    outer loop
      vertex -23.2222 9.57579 0
      vertex -36.7778 9.57579 0
      vertex -36.75 10 0
    endloop
  endfacet
  facet normal 0 0 -1
    outer loop
      vertex -23.1393 9.15884 0
      vertex -36.8607 9.15884 0
      vertex -36.7778 9.57579 0
    endloop
  endfacet
  facet normal 0 0 -1
    outer loop
      vertex -23.0026 8.75628 0
      vertex -36.9974 8.75628 0
      vertex -36.8607 9.15884 0
    endloop
  endfacet
  facet normal 0 0 -1
    outer loop
      vertex -22.8146 8.375 0
      vertex -37.1854 8.375 0
      vertex -36.9974 8.75628 0
    endloop
  endfacet
  facet normal 0 0 -1
    outer loop
      vertex -22.5784 8.02152 0
      vertex -37.4216 8.02152 0
      vertex -37.1854 8.375 0
    endloop
  endfacet
  facet normal 0 0 -1
    outer loop
      vertex -22.2981 7.7019 0
      vertex -37.7019 7.7019 0
      vertex -37.4216 8.02152 0
    endloop
  endfacet
  facet normal 0 0 -1
    outer loop
      vertex -21.9785 7.4216 0
      vertex -38.0215 7.4216 0
      vertex -37.7019 7.7019 0
    endloop
  endfacet
  facet normal -0 0 -1
    outer loop
      vertex -21.9785 7.4216 0
      vertex -38.375 7.18542 0
      vertex -38.0215 7.4216 0
    endloop
  endfacet
  facet normal 0 0 -1
    outer loop
      vertex -21.625 7.18542 0
      vertex -38.375 7.18542 0
      vertex -21.9785 7.4216 0
    endloop
  endfacet
  facet normal 0 -0 -1
    outer loop
      vertex -38.375 7.18542 0
      vertex -21.625 7.18542 0
      vertex -38.7563 6.99739 0
    endloop
  endfacet
  facet normal 0 0 -1
    outer loop
      vertex -21.2437 6.99739 0
      vertex -38.7563 6.99739 0
      vertex -21.625 7.18542 0
    endloop
  endfacet
  facet normal 0 0 -1
    outer loop
      vertex -66.25 -18.75 0
      vertex 8.90495 -16.8967 0
      vertex 9.16049 -17.0227 0
    endloop
  endfacet
  facet normal 0 0 -1
    outer loop
      vertex -66.25 -18.75 0
      vertex 9.16049 -17.0227 0
      vertex 9.16189 -17.0234 0
    endloop
  endfacet
  facet normal 0 0 -1
    outer loop
      vertex -39.1588 6.86074 0
      vertex -66.25 -18.75 0
      vertex -39.5758 6.7778 0
    endloop
  endfacet
  facet normal 0 0 -1
    outer loop
      vertex -39.5758 6.7778 0
      vertex -66.25 -18.75 0
      vertex -40 6.75 0
    endloop
  endfacet
  facet normal -0 0 -1
    outer loop
      vertex -40 6.75 0
      vertex -66.25 -18.75 0
      vertex -40.4242 6.7778 0
    endloop
  endfacet
  facet normal -0 0 -1
    outer loop
      vertex -40.4242 6.7778 0
      vertex -66.25 -18.75 0
      vertex -40.8412 6.86074 0
    endloop
  endfacet
  facet normal 0 0 -1
    outer loop
      vertex -43.1393 9.15884 0
      vertex -66.25 18.75 0
      vertex -43.2222 9.57579 0
    endloop
  endfacet
  facet normal 0 0 -1
    outer loop
      vertex -43.0026 8.75628 0
      vertex -66.25 18.75 0
      vertex -43.1393 9.15884 0
    endloop
  endfacet
  facet normal 0 0 -1
    outer loop
      vertex -66.25 18.75 0
      vertex -43.0026 8.75628 0
      vertex -66.25 -18.75 0
    endloop
  endfacet
  facet normal -0 0 -1
    outer loop
      vertex -42.8146 8.375 0
      vertex -66.25 -18.75 0
      vertex -43.0026 8.75628 0
    endloop
  endfacet
  facet normal -0 0 -1
    outer loop
      vertex -42.5784 8.02152 0
      vertex -66.25 -18.75 0
      vertex -42.8146 8.375 0
    endloop
  endfacet
  facet normal -0 0 -1
    outer loop
      vertex -42.2981 7.7019 0
      vertex -66.25 -18.75 0
      vertex -42.5784 8.02152 0
    endloop
  endfacet
  facet normal -0 0 -1
    outer loop
      vertex -41.9785 7.4216 0
      vertex -66.25 -18.75 0
      vertex -42.2981 7.7019 0
    endloop
  endfacet
  facet normal -0 0 -1
    outer loop
      vertex -41.625 7.18542 0
      vertex -66.25 -18.75 0
      vertex -41.9785 7.4216 0
    endloop
  endfacet
  facet normal -0 0 -1
    outer loop
      vertex -41.2437 6.99739 0
      vertex -66.25 -18.75 0
      vertex -41.625 7.18542 0
    endloop
  endfacet
  facet normal -0 0 -1
    outer loop
      vertex -40.8412 6.86074 0
      vertex -66.25 -18.75 0
      vertex -41.2437 6.99739 0
    endloop
  endfacet
  facet normal -0 0 -1
    outer loop
      vertex 9.43316 -17.1155 0
      vertex -66.25 -18.75 0
      vertex 9.16189 -17.0234 0
    endloop
  endfacet
  facet normal -0 0 -1
    outer loop
      vertex 9.43468 -17.1158 0
      vertex -66.25 -18.75 0
      vertex 9.43316 -17.1155 0
    endloop
  endfacet
  facet normal -0 0 -1
    outer loop
      vertex 9.71414 -17.1714 0
      vertex -66.25 -18.75 0
      vertex 9.43468 -17.1158 0
    endloop
  endfacet
  facet normal 0 0 -1
    outer loop
      vertex -66.25 -18.75 0
      vertex 9.71414 -17.1714 0
      vertex 21.7029 -18.75 0
    endloop
  endfacet
  facet normal 0 0 -1
    outer loop
      vertex 42.1158 -14.4347 0
      vertex 66.25 -18.75 0
      vertex 42.1714 -14.7141 0
    endloop
  endfacet
  facet normal 0 0 -1
    outer loop
      vertex 66.25 18.75 0
      vertex 42.19 14.9984 0
      vertex 42.1901 15 0
    endloop
  endfacet
  facet normal 0 0 -1
    outer loop
      vertex 42.1155 -14.4332 0
      vertex 66.25 -18.75 0
      vertex 42.1158 -14.4347 0
    endloop
  endfacet
  facet normal 0 0 -1
    outer loop
      vertex 66.25 18.75 0
      vertex 42.1714 14.7141 0
      vertex 42.19 14.9984 0
    endloop
  endfacet
  facet normal 0 0 -1
    outer loop
      vertex 42.115 -14.4317 0
      vertex 66.25 -18.75 0
      vertex 42.1155 -14.4332 0
    endloop
  endfacet
  facet normal 0 0 -1
    outer loop
      vertex 66.25 18.75 0
      vertex 42.1158 14.4347 0
      vertex 42.1714 14.7141 0
    endloop
  endfacet
  facet normal 0 0 -1
    outer loop
      vertex 42.0234 -14.1619 0
      vertex 66.25 -18.75 0
      vertex 42.115 -14.4317 0
    endloop
  endfacet
  facet normal 0 0 -1
    outer loop
      vertex 66.25 18.75 0
      vertex 42.1155 14.4332 0
      vertex 42.1158 14.4347 0
    endloop
  endfacet
  facet normal 0 0 -1
    outer loop
      vertex 42.0227 -14.1605 0
      vertex 66.25 -18.75 0
      vertex 42.0234 -14.1619 0
    endloop
  endfacet
  facet normal 0 0 -1
    outer loop
      vertex 66.25 18.75 0
      vertex 42.115 14.4317 0
      vertex 42.1155 14.4332 0
    endloop
  endfacet
  facet normal 0 0 -1
    outer loop
      vertex 41.8967 -13.905 0
      vertex 66.25 -18.75 0
      vertex 42.0227 -14.1605 0
    endloop
  endfacet
  facet normal 0 0 -1
    outer loop
      vertex 66.25 18.75 0
      vertex 42.0234 14.1619 0
      vertex 42.115 14.4317 0
    endloop
  endfacet
  facet normal 0 0 -1
    outer loop
      vertex 41.8958 -13.9037 0
      vertex 66.25 -18.75 0
      vertex 41.8967 -13.905 0
    endloop
  endfacet
  facet normal 0 0 -1
    outer loop
      vertex 66.25 18.75 0
      vertex 42.0227 14.1605 0
      vertex 42.0234 14.1619 0
    endloop
  endfacet
  facet normal 0 0 -1
    outer loop
      vertex 41.7375 -13.6668 0
      vertex 66.25 -18.75 0
      vertex 41.8958 -13.9037 0
    endloop
  endfacet
  facet normal 0 0 -1
    outer loop
      vertex 66.25 18.75 0
      vertex 41.8967 13.905 0
      vertex 42.0227 14.1605 0
    endloop
  endfacet
  facet normal 0 0 -1
    outer loop
      vertex 66.25 -18.75 0
      vertex 41.7375 -13.6668 0
      vertex 66.25 18.75 0
    endloop
  endfacet
  facet normal 0 0 -1
    outer loop
      vertex 66.25 18.75 0
      vertex 41.8958 13.9037 0
      vertex 41.8967 13.905 0
    endloop
  endfacet
  facet normal 0 0 -1
    outer loop
      vertex 41.7375 13.6668 0
      vertex 66.25 18.75 0
      vertex 41.7375 -13.6668 0
    endloop
  endfacet
  facet normal 0 0 -1
    outer loop
      vertex 66.25 18.75 0
      vertex 41.7375 13.6668 0
      vertex 41.8958 13.9037 0
    endloop
  endfacet
  facet normal 0 0 -1
    outer loop
      vertex 41.5497 -13.4525 0
      vertex 41.7375 13.6668 0
      vertex 41.7375 -13.6668 0
    endloop
  endfacet
  facet normal 0 0 -1
    outer loop
      vertex 41.5497 -13.4525 0
      vertex 41.5497 13.4525 0
      vertex 41.7375 13.6668 0
    endloop
  endfacet
  facet normal 0 0 -1
    outer loop
      vertex 41.5486 -13.4514 0
      vertex 41.5497 13.4525 0
      vertex 41.5497 -13.4525 0
    endloop
  endfacet
  facet normal 0 0 -1
    outer loop
      vertex 41.5486 -13.4514 0
      vertex 41.5486 13.4514 0
      vertex 41.5497 13.4525 0
    endloop
  endfacet
  facet normal 0 0 -1
    outer loop
      vertex 41.5475 -13.4503 0
      vertex 41.5486 13.4514 0
      vertex 41.5486 -13.4514 0
    endloop
  endfacet
  facet normal 0 0 -1
    outer loop
      vertex 41.5475 -13.4503 0
      vertex 41.5475 13.4503 0
      vertex 41.5486 13.4514 0
    endloop
  endfacet
  facet normal 0 0 -1
    outer loop
      vertex 41.3332 -13.2625 0
      vertex 41.5475 13.4503 0
      vertex 41.5475 -13.4503 0
    endloop
  endfacet
  facet normal 0 0 -1
    outer loop
      vertex 41.3332 -13.2625 0
      vertex 41.3332 13.2625 0
      vertex 41.5475 13.4503 0
    endloop
  endfacet
  facet normal 0 0 -1
    outer loop
      vertex 41.0963 -13.1042 0
      vertex 41.3332 13.2625 0
      vertex 41.3332 -13.2625 0
    endloop
  endfacet
  facet normal 0 0 -1
    outer loop
      vertex 41.0963 -13.1042 0
      vertex 41.0963 13.1042 0
      vertex 41.3332 13.2625 0
    endloop
  endfacet
  facet normal 0 0 -1
    outer loop
      vertex 41.0951 -13.1033 0
      vertex 41.0963 13.1042 0
      vertex 41.0963 -13.1042 0
    endloop
  endfacet
  facet normal 0 0 -1
    outer loop
      vertex 41.0951 -13.1033 0
      vertex 41.0951 13.1033 0
      vertex 41.0963 13.1042 0
    endloop
  endfacet
  facet normal 0 0 -1
    outer loop
      vertex 40.8395 -12.9773 0
      vertex 41.0951 13.1033 0
      vertex 41.0951 -13.1033 0
    endloop
  endfacet
  facet normal 0 0 -1
    outer loop
      vertex 40.8395 -12.9773 0
      vertex 40.8395 12.9773 0
      vertex 41.0951 13.1033 0
    endloop
  endfacet
  facet normal 0 0 -1
    outer loop
      vertex 40.8381 -12.9766 0
      vertex 40.8395 12.9773 0
      vertex 40.8395 -12.9773 0
    endloop
  endfacet
  facet normal 0 0 -1
    outer loop
      vertex 40.8381 -12.9766 0
      vertex 40.8381 12.9766 0
      vertex 40.8395 12.9773 0
    endloop
  endfacet
  facet normal 0 0 -1
    outer loop
      vertex 40.5683 -12.885 0
      vertex 40.8381 12.9766 0
      vertex 40.8381 -12.9766 0
    endloop
  endfacet
  facet normal 0 0 -1
    outer loop
      vertex 40.5683 -12.885 0
      vertex 40.5683 12.885 0
      vertex 40.8381 12.9766 0
    endloop
  endfacet
  facet normal 0 0 -1
    outer loop
      vertex 40.5668 -12.8845 0
      vertex 40.5683 12.885 0
      vertex 40.5683 -12.885 0
    endloop
  endfacet
  facet normal 0 0 -1
    outer loop
      vertex 40.5668 -12.8845 0
      vertex 40.5668 12.8845 0
      vertex 40.5683 12.885 0
    endloop
  endfacet
  facet normal 0 0 -1
    outer loop
      vertex 40.5653 -12.8842 0
      vertex 40.5668 12.8845 0
      vertex 40.5668 -12.8845 0
    endloop
  endfacet
  facet normal 0 0 -1
    outer loop
      vertex 40.5653 -12.8842 0
      vertex 40.5653 12.8842 0
      vertex 40.5668 12.8845 0
    endloop
  endfacet
  facet normal 0 0 -1
    outer loop
      vertex 40.2859 -12.8286 0
      vertex 40.5653 12.8842 0
      vertex 40.5653 -12.8842 0
    endloop
  endfacet
  facet normal 0 0 -1
    outer loop
      vertex 40.2859 -12.8286 0
      vertex 40.2859 12.8286 0
      vertex 40.5653 12.8842 0
    endloop
  endfacet
  facet normal 0 0 -1
    outer loop
      vertex 40.0016 -12.81 0
      vertex 40.2859 12.8286 0
      vertex 40.2859 -12.8286 0
    endloop
  endfacet
  facet normal 0 0 -1
    outer loop
      vertex 40.0016 -12.81 0
      vertex 40.0016 12.81 0
      vertex 40.2859 12.8286 0
    endloop
  endfacet
  facet normal 0 0 -1
    outer loop
      vertex 40 -12.8099 0
      vertex 40.0016 12.81 0
      vertex 40.0016 -12.81 0
    endloop
  endfacet
  facet normal 0 0 -1
    outer loop
      vertex 40 -12.8099 0
      vertex 40 12.8099 0
      vertex 40.0016 12.81 0
    endloop
  endfacet
  facet normal 0 0 -1
    outer loop
      vertex 39.9984 -12.81 0
      vertex 40 12.8099 0
      vertex 40 -12.8099 0
    endloop
  endfacet
  facet normal 0 0 -1
    outer loop
      vertex 39.9984 -12.81 0
      vertex 39.9984 12.81 0
      vertex 40 12.8099 0
    endloop
  endfacet
  facet normal 0 0 -1
    outer loop
      vertex 39.7141 -12.8286 0
      vertex 39.9984 12.81 0
      vertex 39.9984 -12.81 0
    endloop
  endfacet
  facet normal 0 0 -1
    outer loop
      vertex 39.7141 -12.8286 0
      vertex 39.7141 12.8286 0
      vertex 39.9984 12.81 0
    endloop
  endfacet
  facet normal 0 0 -1
    outer loop
      vertex 39.4347 -12.8842 0
      vertex 39.7141 12.8286 0
      vertex 39.7141 -12.8286 0
    endloop
  endfacet
  facet normal 0 0 -1
    outer loop
      vertex 39.4347 -12.8842 0
      vertex 39.4347 12.8842 0
      vertex 39.7141 12.8286 0
    endloop
  endfacet
  facet normal 0 0 -1
    outer loop
      vertex 39.4332 -12.8845 0
      vertex 39.4347 12.8842 0
      vertex 39.4347 -12.8842 0
    endloop
  endfacet
  facet normal 0 0 -1
    outer loop
      vertex 39.4332 -12.8845 0
      vertex 39.4332 12.8845 0
      vertex 39.4347 12.8842 0
    endloop
  endfacet
  facet normal 0 0 -1
    outer loop
      vertex 39.4317 -12.885 0
      vertex 39.4332 12.8845 0
      vertex 39.4332 -12.8845 0
    endloop
  endfacet
  facet normal 0 0 -1
    outer loop
      vertex 39.4317 -12.885 0
      vertex 39.4317 12.885 0
      vertex 39.4332 12.8845 0
    endloop
  endfacet
  facet normal 0 0 -1
    outer loop
      vertex 39.1619 -12.9766 0
      vertex 39.4317 12.885 0
      vertex 39.4317 -12.885 0
    endloop
  endfacet
  facet normal 0 0 -1
    outer loop
      vertex 39.1619 -12.9766 0
      vertex 39.1619 12.9766 0
      vertex 39.4317 12.885 0
    endloop
  endfacet
  facet normal 0 0 -1
    outer loop
      vertex 27 -13.0359 0
      vertex 39.1619 -12.9766 0
      vertex 39.1605 -12.9773 0
    endloop
  endfacet
  facet normal -0 0 -1
    outer loop
      vertex 39.1619 -12.9766 0
      vertex 27 -13.0359 0
      vertex 39.1619 12.9766 0
    endloop
  endfacet
  facet normal 0 0 -1
    outer loop
      vertex 27 -13.0359 0
      vertex 39.1605 -12.9773 0
      vertex 38.9049 -13.1033 0
    endloop
  endfacet
  facet normal 0 0 -1
    outer loop
      vertex 26.5307 -12.8045 0
      vertex 39.1619 12.9766 0
      vertex 27 -13.0359 0
    endloop
  endfacet
  facet normal 0 0 -1
    outer loop
      vertex 27 -13.0359 0
      vertex 38.9049 -13.1033 0
      vertex 38.9037 -13.1042 0
    endloop
  endfacet
  facet normal -0 0 -1
    outer loop
      vertex 39.1619 12.9766 0
      vertex 26.5307 -12.8045 0
      vertex 39.1605 12.9773 0
    endloop
  endfacet
  facet normal 0 0 -1
    outer loop
      vertex 27 -13.0359 0
      vertex 38.9037 -13.1042 0
      vertex 38.6668 -13.2625 0
    endloop
  endfacet
  facet normal -0 0 -1
    outer loop
      vertex 39.1605 12.9773 0
      vertex 26.5307 -12.8045 0
      vertex 38.9049 13.1033 0
    endloop
  endfacet
  facet normal 0 0 -1
    outer loop
      vertex 27.435 -13.3266 0
      vertex 38.6668 -13.2625 0
      vertex 38.4525 -13.4503 0
    endloop
  endfacet
  facet normal -0 0 -1
    outer loop
      vertex 38.9049 13.1033 0
      vertex 26.5307 -12.8045 0
      vertex 38.9037 13.1042 0
    endloop
  endfacet
  facet normal 0 0 -1
    outer loop
      vertex 27.435 -13.3266 0
      vertex 38.4525 -13.4503 0
      vertex 38.4514 -13.4514 0
    endloop
  endfacet
  facet normal 0 0 -1
    outer loop
      vertex 26.0353 -12.6363 0
      vertex 38.9037 13.1042 0
      vertex 26.5307 -12.8045 0
    endloop
  endfacet
  facet normal 0 0 -1
    outer loop
      vertex 27.8284 -13.6716 0
      vertex 38.4514 -13.4514 0
      vertex 38.4503 -13.4525 0
    endloop
  endfacet
  facet normal -0 0 -1
    outer loop
      vertex 38.9037 13.1042 0
      vertex 26.0353 -12.6363 0
      vertex 38.6668 13.2625 0
    endloop
  endfacet
  facet normal 0 0 -1
    outer loop
      vertex 27.8284 -13.6716 0
      vertex 38.4503 -13.4525 0
      vertex 38.2625 -13.6668 0
    endloop
  endfacet
  facet normal -0 0 -1
    outer loop
      vertex 38.6668 13.2625 0
      vertex 26.0353 -12.6363 0
      vertex 38.4525 13.4503 0
    endloop
  endfacet
  facet normal 0 0 -1
    outer loop
      vertex 28.1734 -14.065 0
      vertex 38.2625 -13.6668 0
      vertex 38.1042 -13.9037 0
    endloop
  endfacet
  facet normal 0 0 -1
    outer loop
      vertex 25.5221 -12.5342 0
      vertex 38.4525 13.4503 0
      vertex 26.0353 -12.6363 0
    endloop
  endfacet
  facet normal 0 0 -1
    outer loop
      vertex 28.1734 -14.065 0
      vertex 38.1042 -13.9037 0
      vertex 38.1033 -13.905 0
    endloop
  endfacet
  facet normal -0 0 -1
    outer loop
      vertex 38.4525 13.4503 0
      vertex 25.5221 -12.5342 0
      vertex 38.4514 13.4514 0
    endloop
  endfacet
  facet normal 0 0 -1
    outer loop
      vertex 28.4641 -14.5 0
      vertex 38.1033 -13.905 0
      vertex 37.9773 -14.1605 0
    endloop
  endfacet
  facet normal -0 0 -1
    outer loop
      vertex 38.4514 13.4514 0
      vertex 25.5221 -12.5342 0
      vertex 38.4503 13.4525 0
    endloop
  endfacet
  facet normal 0 0 -1
    outer loop
      vertex 28.4641 -14.5 0
      vertex 37.9773 -14.1605 0
      vertex 37.9766 -14.1619 0
    endloop
  endfacet
  facet normal -0 0 -1
    outer loop
      vertex 38.4503 13.4525 0
      vertex 25.5221 -12.5342 0
      vertex 38.2625 13.6668 0
    endloop
  endfacet
  facet normal 0 0 -1
    outer loop
      vertex 28.6955 -14.9693 0
      vertex 37.9766 -14.1619 0
      vertex 37.885 -14.4317 0
    endloop
  endfacet
  facet normal 0 0 -1
    outer loop
      vertex 25 -12.5 0
      vertex 38.2625 13.6668 0
      vertex 25.5221 -12.5342 0
    endloop
  endfacet
  facet normal 0 0 -1
    outer loop
      vertex 28.6955 -14.9693 0
      vertex 37.885 -14.4317 0
      vertex 37.8845 -14.4332 0
    endloop
  endfacet
  facet normal 0 0 -1
    outer loop
      vertex 12.1901 15 0
      vertex 38.2625 13.6668 0
      vertex 25 -12.5 0
    endloop
  endfacet
  facet normal 0 0 -1
    outer loop
      vertex 28.6955 -14.9693 0
      vertex 37.8845 -14.4332 0
      vertex 37.8842 -14.4347 0
    endloop
  endfacet
  facet normal 0 0 -1
    outer loop
      vertex 38.2625 13.6668 0
      vertex 12.1901 15 0
      vertex 38.1042 13.9037 0
    endloop
  endfacet
  facet normal 0 0 -1
    outer loop
      vertex 28.6955 -14.9693 0
      vertex 37.8842 -14.4347 0
      vertex 37.8286 -14.7141 0
    endloop
  endfacet
  facet normal 0 0 -1
    outer loop
      vertex 38.1042 13.9037 0
      vertex 12.1901 15 0
      vertex 38.1033 13.905 0
    endloop
  endfacet
  facet normal 0 0 -1
    outer loop
      vertex 28.8637 -15.4647 0
      vertex 37.8286 -14.7141 0
      vertex 37.81 -14.9984 0
    endloop
  endfacet
  facet normal 0 0 -1
    outer loop
      vertex 38.1033 13.905 0
      vertex 12.1901 15 0
      vertex 37.9773 14.1605 0
    endloop
  endfacet
  facet normal 0 0 -1
    outer loop
      vertex 28.8637 -15.4647 0
      vertex 37.81 -14.9984 0
      vertex 37.8099 -15 0
    endloop
  endfacet
  facet normal 0 0 -1
    outer loop
      vertex 37.9773 14.1605 0
      vertex 12.1901 15 0
      vertex 37.9766 14.1619 0
    endloop
  endfacet
  facet normal 0 0 -1
    outer loop
      vertex 42.19 -14.9984 0
      vertex 66.25 -18.75 0
      vertex 42.1901 -15 0
    endloop
  endfacet
  facet normal 0 0 -1
    outer loop
      vertex 66.25 -18.75 0
      vertex 42.19 -15.0016 0
      vertex 42.1901 -15 0
    endloop
  endfacet
  facet normal 0 0 -1
    outer loop
      vertex 66.25 -18.75 0
      vertex 42.1714 -15.2859 0
      vertex 42.19 -15.0016 0
    endloop
  endfacet
  facet normal 0 0 -1
    outer loop
      vertex 66.25 -18.75 0
      vertex 42.1158 -15.5653 0
      vertex 42.1714 -15.2859 0
    endloop
  endfacet
  facet normal 0 0 -1
    outer loop
      vertex 66.25 -18.75 0
      vertex 42.1155 -15.5668 0
      vertex 42.1158 -15.5653 0
    endloop
  endfacet
  facet normal 0 0 -1
    outer loop
      vertex 66.25 -18.75 0
      vertex 42.115 -15.5683 0
      vertex 42.1155 -15.5668 0
    endloop
  endfacet
  facet normal 0 0 -1
    outer loop
      vertex 66.25 -18.75 0
      vertex 42.0234 -15.8381 0
      vertex 42.115 -15.5683 0
    endloop
  endfacet
  facet normal 0 0 -1
    outer loop
      vertex 66.25 -18.75 0
      vertex 42.0227 -15.8395 0
      vertex 42.0234 -15.8381 0
    endloop
  endfacet
  facet normal 0 0 -1
    outer loop
      vertex 66.25 -18.75 0
      vertex 41.8967 -16.095 0
      vertex 42.0227 -15.8395 0
    endloop
  endfacet
  facet normal 0 0 -1
    outer loop
      vertex 66.25 -18.75 0
      vertex 41.8958 -16.0963 0
      vertex 41.8967 -16.095 0
    endloop
  endfacet
  facet normal 0 0 -1
    outer loop
      vertex 66.25 -18.75 0
      vertex 41.7375 -16.3332 0
      vertex 41.8958 -16.0963 0
    endloop
  endfacet
  facet normal 0 0 -1
    outer loop
      vertex 66.25 -18.75 0
      vertex 41.5497 -16.5475 0
      vertex 41.7375 -16.3332 0
    endloop
  endfacet
  facet normal 0 0 -1
    outer loop
      vertex 66.25 -18.75 0
      vertex 41.5486 -16.5486 0
      vertex 41.5497 -16.5475 0
    endloop
  endfacet
  facet normal 0 0 -1
    outer loop
      vertex 66.25 -18.75 0
      vertex 41.5475 -16.5497 0
      vertex 41.5486 -16.5486 0
    endloop
  endfacet
  facet normal 0 0 -1
    outer loop
      vertex 66.25 -18.75 0
      vertex 41.3332 -16.7375 0
      vertex 41.5475 -16.5497 0
    endloop
  endfacet
  facet normal 0 0 -1
    outer loop
      vertex 66.25 -18.75 0
      vertex 41.0963 -16.8958 0
      vertex 41.3332 -16.7375 0
    endloop
  endfacet
  facet normal 0 0 -1
    outer loop
      vertex 66.25 -18.75 0
      vertex 41.0951 -16.8967 0
      vertex 41.0963 -16.8958 0
    endloop
  endfacet
  facet normal 0 0 -1
    outer loop
      vertex 66.25 -18.75 0
      vertex 40.8395 -17.0227 0
      vertex 41.0951 -16.8967 0
    endloop
  endfacet
  facet normal 0 0 -1
    outer loop
      vertex 66.25 -18.75 0
      vertex 40.8381 -17.0234 0
      vertex 40.8395 -17.0227 0
    endloop
  endfacet
  facet normal 0 0 -1
    outer loop
      vertex 66.25 -18.75 0
      vertex 40.5683 -17.115 0
      vertex 40.8381 -17.0234 0
    endloop
  endfacet
  facet normal 0 0 -1
    outer loop
      vertex 66.25 -18.75 0
      vertex 40.5668 -17.1155 0
      vertex 40.5683 -17.115 0
    endloop
  endfacet
  facet normal 0 0 -1
    outer loop
      vertex 66.25 -18.75 0
      vertex 40.5653 -17.1158 0
      vertex 40.5668 -17.1155 0
    endloop
  endfacet
  facet normal 0 0 -1
    outer loop
      vertex 66.25 -18.75 0
      vertex 40.2859 -17.1714 0
      vertex 40.5653 -17.1158 0
    endloop
  endfacet
  facet normal 0 0 -1
    outer loop
      vertex 66.25 -18.75 0
      vertex 40.0016 -17.19 0
      vertex 40.2859 -17.1714 0
    endloop
  endfacet
  facet normal 0 0 -1
    outer loop
      vertex 66.25 -18.75 0
      vertex 40 -17.1901 0
      vertex 40.0016 -17.19 0
    endloop
  endfacet
  facet normal 0 0 1
    outer loop
      vertex 39.7141 -17.1714 0
      vertex 39.4332 -17.1155 0
      vertex 39.4347 -17.1158 0
    endloop
  endfacet
  facet normal 0 0 -1
    outer loop
      vertex 28.2971 -18.75 0
      vertex 39.4317 -17.115 0
      vertex 39.4332 -17.1155 0
    endloop
  endfacet
  facet normal 0 0 -1
    outer loop
      vertex 28.2971 -18.75 0
      vertex 39.1605 -17.0227 0
      vertex 39.1619 -17.0234 0
    endloop
  endfacet
  facet normal 0 0 -1
    outer loop
      vertex 28.2971 -18.75 0
      vertex 38.9037 -16.8958 0
      vertex 38.9049 -16.8967 0
    endloop
  endfacet
  facet normal 0 0 -1
    outer loop
      vertex 28.8637 -17.5353 0
      vertex 38.1042 -16.0963 0
      vertex 38.2625 -16.3332 0
    endloop
  endfacet
  facet normal 0 0 -1
    outer loop
      vertex 28.9658 -17.0221 0
      vertex 37.885 -15.5683 0
      vertex 37.9766 -15.8381 0
    endloop
  endfacet
  facet normal 0 0 -1
    outer loop
      vertex 29 -16.5 0
      vertex 37.8842 -15.5653 0
      vertex 37.8845 -15.5668 0
    endloop
  endfacet
  facet normal -0 0 -1
    outer loop
      vertex 37.81 -15.0016 0
      vertex 28.9658 -15.9779 0
      vertex 37.8099 -15 0
    endloop
  endfacet
  facet normal -0 0 -1
    outer loop
      vertex 37.8286 -15.2859 0
      vertex 28.9658 -15.9779 0
      vertex 37.81 -15.0016 0
    endloop
  endfacet
  facet normal 0 0 -1
    outer loop
      vertex 28.9658 -15.9779 0
      vertex 37.8286 -15.2859 0
      vertex 29 -16.5 0
    endloop
  endfacet
  facet normal -0 0 -1
    outer loop
      vertex 37.8842 -15.5653 0
      vertex 29 -16.5 0
      vertex 37.8286 -15.2859 0
    endloop
  endfacet
  facet normal -0 0 -1
    outer loop
      vertex 37.885 -15.5683 0
      vertex 28.9658 -17.0221 0
      vertex 37.8845 -15.5668 0
    endloop
  endfacet
  facet normal 0 0 -1
    outer loop
      vertex 28.9658 -17.0221 0
      vertex 37.9766 -15.8381 0
      vertex 37.9773 -15.8395 0
    endloop
  endfacet
  facet normal 0 0 -1
    outer loop
      vertex 28.9658 -17.0221 0
      vertex 37.9773 -15.8395 0
      vertex 38.1033 -16.095 0
    endloop
  endfacet
  facet normal -0 0 -1
    outer loop
      vertex 38.1042 -16.0963 0
      vertex 28.8637 -17.5353 0
      vertex 38.1033 -16.095 0
    endloop
  endfacet
  facet normal 0 0 -1
    outer loop
      vertex 28.6955 -18.0307 0
      vertex 38.2625 -16.3332 0
      vertex 38.4503 -16.5475 0
    endloop
  endfacet
  facet normal 0 0 -1
    outer loop
      vertex 28.6955 -18.0307 0
      vertex 38.4503 -16.5475 0
      vertex 38.4514 -16.5486 0
    endloop
  endfacet
  facet normal 0 0 -1
    outer loop
      vertex 28.4641 -18.5 0
      vertex 38.4514 -16.5486 0
      vertex 38.4525 -16.5497 0
    endloop
  endfacet
  facet normal 0 0 -1
    outer loop
      vertex 28.4641 -18.5 0
      vertex 38.4525 -16.5497 0
      vertex 38.6668 -16.7375 0
    endloop
  endfacet
  facet normal -0 0 -1
    outer loop
      vertex 38.9037 -16.8958 0
      vertex 28.2971 -18.75 0
      vertex 38.6668 -16.7375 0
    endloop
  endfacet
  facet normal -0 0 -1
    outer loop
      vertex 39.1605 -17.0227 0
      vertex 28.2971 -18.75 0
      vertex 38.9049 -16.8967 0
    endloop
  endfacet
  facet normal -0 0 -1
    outer loop
      vertex 39.4317 -17.115 0
      vertex 28.2971 -18.75 0
      vertex 39.1619 -17.0234 0
    endloop
  endfacet
  facet normal 0 0 -1
    outer loop
      vertex 28.2971 -18.75 0
      vertex 39.4332 -17.1155 0
      vertex 39.7141 -17.1714 0
    endloop
  endfacet
  facet normal 0 0 -1
    outer loop
      vertex 28.2971 -18.75 0
      vertex 39.7141 -17.1714 0
      vertex 39.9984 -17.19 0
    endloop
  endfacet
  facet normal 0 0 -1
    outer loop
      vertex 28.2971 -18.75 0
      vertex 39.9984 -17.19 0
      vertex 40 -17.1901 0
    endloop
  endfacet
  facet normal 0 0 -1
    outer loop
      vertex 37.8845 -15.5668 0
      vertex 28.9658 -17.0221 0
      vertex 29 -16.5 0
    endloop
  endfacet
  facet normal 0 0 -1
    outer loop
      vertex 28.2971 -18.75 0
      vertex 40 -17.1901 0
      vertex 66.25 -18.75 0
    endloop
  endfacet
  facet normal 0 0 -1
    outer loop
      vertex 38.1033 -16.095 0
      vertex 28.8637 -17.5353 0
      vertex 28.9658 -17.0221 0
    endloop
  endfacet
  facet normal 0 0 -1
    outer loop
      vertex 38.2625 -16.3332 0
      vertex 28.6955 -18.0307 0
      vertex 28.8637 -17.5353 0
    endloop
  endfacet
  facet normal 0 0 -1
    outer loop
      vertex 38.4514 -16.5486 0
      vertex 28.4641 -18.5 0
      vertex 28.6955 -18.0307 0
    endloop
  endfacet
  facet normal 0 0 -1
    outer loop
      vertex 38.6668 -16.7375 0
      vertex 28.2971 -18.75 0
      vertex 28.4641 -18.5 0
    endloop
  endfacet
  facet normal 0 0 -1
    outer loop
      vertex 42.1714 -14.7141 0
      vertex 66.25 -18.75 0
      vertex 42.19 -14.9984 0
    endloop
  endfacet
  facet normal 0 0 -1
    outer loop
      vertex 42.19 15.0016 0
      vertex 66.25 18.75 0
      vertex 42.1901 15 0
    endloop
  endfacet
  facet normal 0 0 -1
    outer loop
      vertex 42.1714 15.2859 0
      vertex 66.25 18.75 0
      vertex 42.19 15.0016 0
    endloop
  endfacet
  facet normal 0 0 -1
    outer loop
      vertex 42.1158 15.5653 0
      vertex 66.25 18.75 0
      vertex 42.1714 15.2859 0
    endloop
  endfacet
  facet normal 0 0 -1
    outer loop
      vertex 42.1155 15.5668 0
      vertex 66.25 18.75 0
      vertex 42.1158 15.5653 0
    endloop
  endfacet
  facet normal 0 0 -1
    outer loop
      vertex 42.115 15.5683 0
      vertex 66.25 18.75 0
      vertex 42.1155 15.5668 0
    endloop
  endfacet
  facet normal 0 0 -1
    outer loop
      vertex 42.0234 15.8381 0
      vertex 66.25 18.75 0
      vertex 42.115 15.5683 0
    endloop
  endfacet
  facet normal 0 0 -1
    outer loop
      vertex 42.0227 15.8395 0
      vertex 66.25 18.75 0
      vertex 42.0234 15.8381 0
    endloop
  endfacet
  facet normal 0 0 -1
    outer loop
      vertex 41.8967 16.095 0
      vertex 66.25 18.75 0
      vertex 42.0227 15.8395 0
    endloop
  endfacet
  facet normal 0 0 -1
    outer loop
      vertex 41.8958 16.0963 0
      vertex 66.25 18.75 0
      vertex 41.8967 16.095 0
    endloop
  endfacet
  facet normal 0 0 -1
    outer loop
      vertex 41.7375 16.3332 0
      vertex 66.25 18.75 0
      vertex 41.8958 16.0963 0
    endloop
  endfacet
  facet normal 0 0 -1
    outer loop
      vertex 41.5497 16.5475 0
      vertex 66.25 18.75 0
      vertex 41.7375 16.3332 0
    endloop
  endfacet
  facet normal 0 0 -1
    outer loop
      vertex 41.5486 16.5486 0
      vertex 66.25 18.75 0
      vertex 41.5497 16.5475 0
    endloop
  endfacet
  facet normal 0 0 -1
    outer loop
      vertex 41.5475 16.5497 0
      vertex 66.25 18.75 0
      vertex 41.5486 16.5486 0
    endloop
  endfacet
  facet normal 0 0 -1
    outer loop
      vertex 41.3332 16.7375 0
      vertex 66.25 18.75 0
      vertex 41.5475 16.5497 0
    endloop
  endfacet
  facet normal 0 0 -1
    outer loop
      vertex 41.0963 16.8958 0
      vertex 66.25 18.75 0
      vertex 41.3332 16.7375 0
    endloop
  endfacet
  facet normal 0 0 -1
    outer loop
      vertex 41.0951 16.8967 0
      vertex 66.25 18.75 0
      vertex 41.0963 16.8958 0
    endloop
  endfacet
  facet normal 0 0 -1
    outer loop
      vertex 40.8395 17.0227 0
      vertex 66.25 18.75 0
      vertex 41.0951 16.8967 0
    endloop
  endfacet
  facet normal 0 0 -1
    outer loop
      vertex 40.8381 17.0234 0
      vertex 66.25 18.75 0
      vertex 40.8395 17.0227 0
    endloop
  endfacet
  facet normal 0 0 -1
    outer loop
      vertex 40.5683 17.115 0
      vertex 66.25 18.75 0
      vertex 40.8381 17.0234 0
    endloop
  endfacet
  facet normal 0 0 -1
    outer loop
      vertex 40.5668 17.1155 0
      vertex 66.25 18.75 0
      vertex 40.5683 17.115 0
    endloop
  endfacet
  facet normal 0 0 -1
    outer loop
      vertex 40.5653 17.1158 0
      vertex 66.25 18.75 0
      vertex 40.5668 17.1155 0
    endloop
  endfacet
  facet normal 0 0 -1
    outer loop
      vertex 40.2859 17.1714 0
      vertex 66.25 18.75 0
      vertex 40.5653 17.1158 0
    endloop
  endfacet
  facet normal 0 0 -1
    outer loop
      vertex 40.0016 17.19 0
      vertex 66.25 18.75 0
      vertex 40.2859 17.1714 0
    endloop
  endfacet
  facet normal 0 0 -1
    outer loop
      vertex 40 17.1901 0
      vertex 66.25 18.75 0
      vertex 40.0016 17.19 0
    endloop
  endfacet
  facet normal 0 0 1
    outer loop
      vertex 39.4332 17.1155 0
      vertex 39.7141 17.1714 0
      vertex 39.4347 17.1158 0
    endloop
  endfacet
  facet normal 0 0 1
    outer loop
      vertex 39.1619 17.0234 0
      vertex 39.4332 17.1155 0
      vertex 39.4317 17.115 0
    endloop
  endfacet
  facet normal 0 0 -1
    outer loop
      vertex 38.9049 16.8967 0
      vertex 39.1619 17.0234 0
      vertex 39.1605 17.0227 0
    endloop
  endfacet
  facet normal 0 0 -1
    outer loop
      vertex 38.6668 16.7375 0
      vertex 38.9049 16.8967 0
      vertex 38.9037 16.8958 0
    endloop
  endfacet
  facet normal 0 0 -1
    outer loop
      vertex 38.1033 16.095 0
      vertex 38.2625 16.3332 0
      vertex 38.1042 16.0963 0
    endloop
  endfacet
  facet normal 0 0 -1
    outer loop
      vertex 12.115 15.5683 0
      vertex 37.885 15.5683 0
      vertex 37.8845 15.5668 0
    endloop
  endfacet
  facet normal 0 0 1
    outer loop
      vertex 37.8286 15.2859 0
      vertex 37.8845 15.5668 0
      vertex 37.8842 15.5653 0
    endloop
  endfacet
  facet normal 0 0 -1
    outer loop
      vertex 28.8637 -15.4647 0
      vertex 37.8099 -15 0
      vertex 28.9658 -15.9779 0
    endloop
  endfacet
  facet normal 0 0 -1
    outer loop
      vertex 37.8286 -14.7141 0
      vertex 28.8637 -15.4647 0
      vertex 28.6955 -14.9693 0
    endloop
  endfacet
  facet normal 0 0 -1
    outer loop
      vertex 37.9766 -14.1619 0
      vertex 28.6955 -14.9693 0
      vertex 28.4641 -14.5 0
    endloop
  endfacet
  facet normal 0 0 -1
    outer loop
      vertex 38.1033 -13.905 0
      vertex 28.4641 -14.5 0
      vertex 28.1734 -14.065 0
    endloop
  endfacet
  facet normal 0 0 -1
    outer loop
      vertex 38.2625 -13.6668 0
      vertex 28.1734 -14.065 0
      vertex 27.8284 -13.6716 0
    endloop
  endfacet
  facet normal -0 0 -1
    outer loop
      vertex 38.4514 -13.4514 0
      vertex 27.8284 -13.6716 0
      vertex 27.435 -13.3266 0
    endloop
  endfacet
  facet normal -0 0 -1
    outer loop
      vertex 38.6668 -13.2625 0
      vertex 27.435 -13.3266 0
      vertex 27 -13.0359 0
    endloop
  endfacet
  facet normal 0 0 -1
    outer loop
      vertex 37.9766 14.1619 0
      vertex 12.1901 15 0
      vertex 37.885 14.4317 0
    endloop
  endfacet
  facet normal 0 0 -1
    outer loop
      vertex 37.885 14.4317 0
      vertex 12.1901 15 0
      vertex 37.8845 14.4332 0
    endloop
  endfacet
  facet normal 0 0 -1
    outer loop
      vertex 37.8845 14.4332 0
      vertex 12.1901 15 0
      vertex 37.8842 14.4347 0
    endloop
  endfacet
  facet normal 0 0 -1
    outer loop
      vertex 37.8842 14.4347 0
      vertex 12.1901 15 0
      vertex 37.8286 14.7141 0
    endloop
  endfacet
  facet normal 0 0 -1
    outer loop
      vertex 37.8286 14.7141 0
      vertex 12.1901 15 0
      vertex 37.81 14.9984 0
    endloop
  endfacet
  facet normal 0 0 -1
    outer loop
      vertex 37.81 14.9984 0
      vertex 12.1901 15 0
      vertex 37.8099 15 0
    endloop
  endfacet
  facet normal 0 0 -1
    outer loop
      vertex 37.8099 15 0
      vertex 12.1901 15 0
      vertex 37.81 15.0016 0
    endloop
  endfacet
  facet normal 0 0 -1
    outer loop
      vertex 12.19 15.0016 0
      vertex 37.81 15.0016 0
      vertex 12.1901 15 0
    endloop
  endfacet
  facet normal 0 0 -1
    outer loop
      vertex 37.81 15.0016 0
      vertex 12.19 15.0016 0
      vertex 37.8286 15.2859 0
    endloop
  endfacet
  facet normal 0 0 -1
    outer loop
      vertex 12.1901 15 0
      vertex 25 -12.5 0
      vertex 24.4779 -12.5342 0
    endloop
  endfacet
  facet normal 0 0 -1
    outer loop
      vertex 12.1901 15 0
      vertex 24.4779 -12.5342 0
      vertex 23.9647 -12.6363 0
    endloop
  endfacet
  facet normal 0 0 -1
    outer loop
      vertex 12.1901 15 0
      vertex 23.9647 -12.6363 0
      vertex 23.4693 -12.8045 0
    endloop
  endfacet
  facet normal 0 0 -1
    outer loop
      vertex 12.1714 15.2859 0
      vertex 37.8286 15.2859 0
      vertex 12.19 15.0016 0
    endloop
  endfacet
  facet normal 0 0 -1
    outer loop
      vertex 37.8286 15.2859 0
      vertex 12.1714 15.2859 0
      vertex 37.8845 15.5668 0
    endloop
  endfacet
  facet normal 0 0 -1
    outer loop
      vertex 12.1901 15 0
      vertex 23.4693 -12.8045 0
      vertex 23 -13.0359 0
    endloop
  endfacet
  facet normal 0 0 -1
    outer loop
      vertex 12.115 -14.4317 0
      vertex 21.3045 -14.9693 0
      vertex 12.1155 -14.4332 0
    endloop
  endfacet
  facet normal 0 0 -1
    outer loop
      vertex 12.1155 -14.4332 0
      vertex 21.3045 -14.9693 0
      vertex 12.1158 -14.4347 0
    endloop
  endfacet
  facet normal 0 0 -1
    outer loop
      vertex 12.1158 -14.4347 0
      vertex 21.3045 -14.9693 0
      vertex 12.1714 -14.7141 0
    endloop
  endfacet
  facet normal 0 0 -1
    outer loop
      vertex 21.1363 -15.4647 0
      vertex 12.1714 -14.7141 0
      vertex 21.3045 -14.9693 0
    endloop
  endfacet
  facet normal 0 0 -1
    outer loop
      vertex 12.1901 -15 0
      vertex 21.0342 -15.9779 0
      vertex 21 -16.5 0
    endloop
  endfacet
  facet normal 0 0 -1
    outer loop
      vertex 12.1901 -15 0
      vertex 21.1363 -15.4647 0
      vertex 21.0342 -15.9779 0
    endloop
  endfacet
  facet normal 0 0 -1
    outer loop
      vertex 12.19 -14.9984 0
      vertex 21.1363 -15.4647 0
      vertex 12.1901 -15 0
    endloop
  endfacet
  facet normal 0 0 -1
    outer loop
      vertex 12.1714 -14.7141 0
      vertex 21.1363 -15.4647 0
      vertex 12.19 -14.9984 0
    endloop
  endfacet
  facet normal 0 0 -1
    outer loop
      vertex 12.0234 -14.1619 0
      vertex 21.3045 -14.9693 0
      vertex 12.115 -14.4317 0
    endloop
  endfacet
  facet normal 0 0 -1
    outer loop
      vertex 12.1158 15.5653 0
      vertex 37.8845 15.5668 0
      vertex 12.1714 15.2859 0
    endloop
  endfacet
  facet normal 0 0 -1
    outer loop
      vertex 12.1155 15.5668 0
      vertex 37.8845 15.5668 0
      vertex 12.1158 15.5653 0
    endloop
  endfacet
  facet normal 0 0 -1
    outer loop
      vertex 12.115 15.5683 0
      vertex 37.8845 15.5668 0
      vertex 12.1155 15.5668 0
    endloop
  endfacet
  facet normal 0 0 -1
    outer loop
      vertex 37.885 15.5683 0
      vertex 12.115 15.5683 0
      vertex 37.9766 15.8381 0
    endloop
  endfacet
  facet normal 0 0 -1
    outer loop
      vertex 12.0234 15.8381 0
      vertex 37.9766 15.8381 0
      vertex 12.115 15.5683 0
    endloop
  endfacet
  facet normal 0 0 -1
    outer loop
      vertex 37.9766 15.8381 0
      vertex 12.0234 15.8381 0
      vertex 37.9773 15.8395 0
    endloop
  endfacet
  facet normal -0 0 -1
    outer loop
      vertex 37.9773 15.8395 0
      vertex 12.0234 15.8381 0
      vertex 38.1033 16.095 0
    endloop
  endfacet
  facet normal 0 0 -1
    outer loop
      vertex 12.0227 15.8395 0
      vertex 38.1033 16.095 0
      vertex 12.0234 15.8381 0
    endloop
  endfacet
  facet normal 0 0 -1
    outer loop
      vertex 11.8967 16.095 0
      vertex 38.1033 16.095 0
      vertex 12.0227 15.8395 0
    endloop
  endfacet
  facet normal 0 0 -1
    outer loop
      vertex 38.1033 16.095 0
      vertex 11.8967 16.095 0
      vertex 38.2625 16.3332 0
    endloop
  endfacet
  facet normal 0 0 -1
    outer loop
      vertex 11.8958 16.0963 0
      vertex 38.2625 16.3332 0
      vertex 11.8967 16.095 0
    endloop
  endfacet
  facet normal 0 0 -1
    outer loop
      vertex 11.7375 16.3332 0
      vertex 38.2625 16.3332 0
      vertex 11.8958 16.0963 0
    endloop
  endfacet
  facet normal 0 0 -1
    outer loop
      vertex 38.2625 16.3332 0
      vertex 11.7375 16.3332 0
      vertex 38.4503 16.5475 0
    endloop
  endfacet
  facet normal -0 0 -1
    outer loop
      vertex 38.4503 16.5475 0
      vertex 11.7375 16.3332 0
      vertex 38.4514 16.5486 0
    endloop
  endfacet
  facet normal 0 0 -1
    outer loop
      vertex 11.5497 16.5475 0
      vertex 38.4514 16.5486 0
      vertex 11.7375 16.3332 0
    endloop
  endfacet
  facet normal 0 0 -1
    outer loop
      vertex 11.5486 16.5486 0
      vertex 38.4514 16.5486 0
      vertex 11.5497 16.5475 0
    endloop
  endfacet
  facet normal 0 0 -1
    outer loop
      vertex 38.4514 16.5486 0
      vertex 11.5486 16.5486 0
      vertex 38.4525 16.5497 0
    endloop
  endfacet
  facet normal -0 0 -1
    outer loop
      vertex 38.4525 16.5497 0
      vertex 11.5486 16.5486 0
      vertex 38.6668 16.7375 0
    endloop
  endfacet
  facet normal 0 0 -1
    outer loop
      vertex 11.5475 16.5497 0
      vertex 38.6668 16.7375 0
      vertex 11.5486 16.5486 0
    endloop
  endfacet
  facet normal 0 0 -1
    outer loop
      vertex 11.3332 16.7375 0
      vertex 38.6668 16.7375 0
      vertex 11.5475 16.5497 0
    endloop
  endfacet
  facet normal 0 0 -1
    outer loop
      vertex 38.6668 16.7375 0
      vertex 11.3332 16.7375 0
      vertex 38.9049 16.8967 0
    endloop
  endfacet
  facet normal 0 0 -1
    outer loop
      vertex 11.0963 16.8958 0
      vertex 38.9049 16.8967 0
      vertex 11.3332 16.7375 0
    endloop
  endfacet
  facet normal 0 0 -1
    outer loop
      vertex 11.095 16.8967 0
      vertex 38.9049 16.8967 0
      vertex 11.0963 16.8958 0
    endloop
  endfacet
  facet normal 0 0 -1
    outer loop
      vertex 38.9049 16.8967 0
      vertex 11.095 16.8967 0
      vertex 39.1619 17.0234 0
    endloop
  endfacet
  facet normal 0 0 -1
    outer loop
      vertex 10.8395 17.0227 0
      vertex 39.1619 17.0234 0
      vertex 11.095 16.8967 0
    endloop
  endfacet
  facet normal 0 0 -1
    outer loop
      vertex 10.8381 17.0234 0
      vertex 39.1619 17.0234 0
      vertex 10.8395 17.0227 0
    endloop
  endfacet
  facet normal 0 0 -1
    outer loop
      vertex 39.1619 17.0234 0
      vertex 10.8381 17.0234 0
      vertex 39.4332 17.1155 0
    endloop
  endfacet
  facet normal 0 0 -1
    outer loop
      vertex 10.5683 17.115 0
      vertex 39.4332 17.1155 0
      vertex 10.8381 17.0234 0
    endloop
  endfacet
  facet normal 0 0 -1
    outer loop
      vertex 10.5668 17.1155 0
      vertex 39.4332 17.1155 0
      vertex 10.5683 17.115 0
    endloop
  endfacet
  facet normal 0 0 -1
    outer loop
      vertex 39.4332 17.1155 0
      vertex 10.5668 17.1155 0
      vertex 39.7141 17.1714 0
    endloop
  endfacet
  facet normal 0 0 -1
    outer loop
      vertex 10.5653 17.1158 0
      vertex 39.7141 17.1714 0
      vertex 10.5668 17.1155 0
    endloop
  endfacet
  facet normal 0 0 -1
    outer loop
      vertex 10.2859 17.1714 0
      vertex 39.7141 17.1714 0
      vertex 10.5653 17.1158 0
    endloop
  endfacet
  facet normal 0 0 -1
    outer loop
      vertex 39.7141 17.1714 0
      vertex 10.2859 17.1714 0
      vertex 39.9984 17.19 0
    endloop
  endfacet
  facet normal -0 0 -1
    outer loop
      vertex 39.9984 17.19 0
      vertex 10.2859 17.1714 0
      vertex 40 17.1901 0
    endloop
  endfacet
  facet normal 0 0 -1
    outer loop
      vertex 10.0016 17.19 0
      vertex 40 17.1901 0
      vertex 10.2859 17.1714 0
    endloop
  endfacet
  facet normal 0 0 -1
    outer loop
      vertex 10 17.1901 0
      vertex 40 17.1901 0
      vertex 10.0016 17.19 0
    endloop
  endfacet
  facet normal 0 0 -1
    outer loop
      vertex 40 17.1901 0
      vertex 10 17.1901 0
      vertex 66.25 18.75 0
    endloop
  endfacet
  facet normal 0 0 -1
    outer loop
      vertex 9.16189 17.0234 0
      vertex 9.43316 17.1155 0
      vertex 9.43169 17.115 0
    endloop
  endfacet
  facet normal 0 0 1
    outer loop
      vertex 8.45137 16.5486 0
      vertex 8.66675 16.7375 0
      vertex 8.45253 16.5497 0
    endloop
  endfacet
  facet normal 0 0 -1
    outer loop
      vertex -16.9974 11.2437 0
      vertex 7.81 15.0016 0
      vertex 7.8099 15 0
    endloop
  endfacet
  facet normal -0 0 -1
    outer loop
      vertex 7.82864 14.7141 0
      vertex -16.8607 10.8412 0
      vertex 7.81 14.9984 0
    endloop
  endfacet
  facet normal -0 0 -1
    outer loop
      vertex 7.81 14.9984 0
      vertex -16.8607 10.8412 0
      vertex 7.8099 15 0
    endloop
  endfacet
  facet normal 0 0 -1
    outer loop
      vertex -16.9974 11.2437 0
      vertex 7.8099 15 0
      vertex -16.8607 10.8412 0
    endloop
  endfacet
  facet normal -0 0 -1
    outer loop
      vertex 7.81 15.0016 0
      vertex -16.9974 11.2437 0
      vertex 7.82864 15.2859 0
    endloop
  endfacet
  facet normal 0 0 -1
    outer loop
      vertex -17.1854 11.625 0
      vertex 7.82864 15.2859 0
      vertex -16.9974 11.2437 0
    endloop
  endfacet
  facet normal -0 0 -1
    outer loop
      vertex 7.82864 15.2859 0
      vertex -17.1854 11.625 0
      vertex 7.88422 15.5653 0
    endloop
  endfacet
  facet normal -0 0 -1
    outer loop
      vertex 7.88422 15.5653 0
      vertex -17.1854 11.625 0
      vertex 7.88453 15.5668 0
    endloop
  endfacet
  facet normal 0 0 -1
    outer loop
      vertex -17.4216 11.9785 0
      vertex 7.88453 15.5668 0
      vertex -17.1854 11.625 0
    endloop
  endfacet
  facet normal -0 0 -1
    outer loop
      vertex 7.88453 15.5668 0
      vertex -17.4216 11.9785 0
      vertex 7.88503 15.5683 0
    endloop
  endfacet
  facet normal -0 0 -1
    outer loop
      vertex 7.88503 15.5683 0
      vertex -17.4216 11.9785 0
      vertex 7.97661 15.8381 0
    endloop
  endfacet
  facet normal 0 0 -1
    outer loop
      vertex -17.7019 12.2981 0
      vertex 7.97661 15.8381 0
      vertex -17.4216 11.9785 0
    endloop
  endfacet
  facet normal -0 0 -1
    outer loop
      vertex 7.97661 15.8381 0
      vertex -17.7019 12.2981 0
      vertex 7.9773 15.8395 0
    endloop
  endfacet
  facet normal -0 0 -1
    outer loop
      vertex 7.9773 15.8395 0
      vertex -17.7019 12.2981 0
      vertex 8.10332 16.095 0
    endloop
  endfacet
  facet normal 0 0 -1
    outer loop
      vertex -18.0215 12.5784 0
      vertex 8.10332 16.095 0
      vertex -17.7019 12.2981 0
    endloop
  endfacet
  facet normal -0 0 -1
    outer loop
      vertex 8.10332 16.095 0
      vertex -18.0215 12.5784 0
      vertex 8.10418 16.0963 0
    endloop
  endfacet
  facet normal -0 0 -1
    outer loop
      vertex 8.10418 16.0963 0
      vertex -18.0215 12.5784 0
      vertex 8.26248 16.3332 0
    endloop
  endfacet
  facet normal 0 0 -1
    outer loop
      vertex -18.375 12.8146 0
      vertex 8.26248 16.3332 0
      vertex -18.0215 12.5784 0
    endloop
  endfacet
  facet normal -0 0 -1
    outer loop
      vertex 8.26248 16.3332 0
      vertex -18.375 12.8146 0
      vertex 8.45034 16.5475 0
    endloop
  endfacet
  facet normal -0 0 -1
    outer loop
      vertex 8.45034 16.5475 0
      vertex -18.375 12.8146 0
      vertex 8.45137 16.5486 0
    endloop
  endfacet
  facet normal 0 0 -1
    outer loop
      vertex -18.7563 13.0026 0
      vertex 8.45137 16.5486 0
      vertex -18.375 12.8146 0
    endloop
  endfacet
  facet normal -0 0 -1
    outer loop
      vertex 8.45137 16.5486 0
      vertex -18.7563 13.0026 0
      vertex 8.66675 16.7375 0
    endloop
  endfacet
  facet normal -0 0 -1
    outer loop
      vertex 8.66675 16.7375 0
      vertex -18.7563 13.0026 0
      vertex 8.90366 16.8958 0
    endloop
  endfacet
  facet normal 0 0 -1
    outer loop
      vertex -19.1588 13.1393 0
      vertex 8.90366 16.8958 0
      vertex -18.7563 13.0026 0
    endloop
  endfacet
  facet normal -0 0 -1
    outer loop
      vertex 8.90366 16.8958 0
      vertex -19.1588 13.1393 0
      vertex 8.90495 16.8967 0
    endloop
  endfacet
  facet normal -0 0 -1
    outer loop
      vertex 8.90495 16.8967 0
      vertex -19.1588 13.1393 0
      vertex 9.16049 17.0227 0
    endloop
  endfacet
  facet normal -0 0 -1
    outer loop
      vertex 9.16049 17.0227 0
      vertex -19.1588 13.1393 0
      vertex 9.16189 17.0234 0
    endloop
  endfacet
  facet normal 0 0 -1
    outer loop
      vertex -19.5758 13.2222 0
      vertex 9.16189 17.0234 0
      vertex -19.1588 13.1393 0
    endloop
  endfacet
  facet normal -0 0 -1
    outer loop
      vertex 9.16189 17.0234 0
      vertex -19.5758 13.2222 0
      vertex 9.43316 17.1155 0
    endloop
  endfacet
  facet normal 0 0 -1
    outer loop
      vertex -20 13.25 0
      vertex 9.43316 17.1155 0
      vertex -19.5758 13.2222 0
    endloop
  endfacet
  facet normal 0 0 -1
    outer loop
      vertex -66.25 18.75 0
      vertex 9.43316 17.1155 0
      vertex -20 13.25 0
    endloop
  endfacet
  facet normal 0 0 -1
    outer loop
      vertex 9.43316 17.1155 0
      vertex -66.25 18.75 0
      vertex 9.43468 17.1158 0
    endloop
  endfacet
  facet normal 0 0 -1
    outer loop
      vertex -66.25 18.75 0
      vertex -20 13.25 0
      vertex -20.4242 13.2222 0
    endloop
  endfacet
  facet normal 0 0 -1
    outer loop
      vertex -36.75 10 0
      vertex -23.2222 10.4242 0
      vertex -23.25 10 0
    endloop
  endfacet
  facet normal 0 0 -1
    outer loop
      vertex -36.7778 10.4242 0
      vertex -23.2222 10.4242 0
      vertex -36.75 10 0
    endloop
  endfacet
  facet normal 0 0 -1
    outer loop
      vertex -23.2222 10.4242 0
      vertex -36.7778 10.4242 0
      vertex -23.1393 10.8412 0
    endloop
  endfacet
  facet normal 0 0 -1
    outer loop
      vertex -36.8607 10.8412 0
      vertex -23.1393 10.8412 0
      vertex -36.7778 10.4242 0
    endloop
  endfacet
  facet normal 0 0 -1
    outer loop
      vertex -23.1393 10.8412 0
      vertex -36.8607 10.8412 0
      vertex -23.0026 11.2437 0
    endloop
  endfacet
  facet normal 0 0 -1
    outer loop
      vertex -36.9974 11.2437 0
      vertex -23.0026 11.2437 0
      vertex -36.8607 10.8412 0
    endloop
  endfacet
  facet normal 0 0 -1
    outer loop
      vertex -23.0026 11.2437 0
      vertex -36.9974 11.2437 0
      vertex -22.8146 11.625 0
    endloop
  endfacet
  facet normal 0 0 -1
    outer loop
      vertex -37.1854 11.625 0
      vertex -22.8146 11.625 0
      vertex -36.9974 11.2437 0
    endloop
  endfacet
  facet normal 0 0 -1
    outer loop
      vertex -22.8146 11.625 0
      vertex -37.1854 11.625 0
      vertex -22.5784 11.9785 0
    endloop
  endfacet
  facet normal 0 0 -1
    outer loop
      vertex -37.4216 11.9785 0
      vertex -22.5784 11.9785 0
      vertex -37.1854 11.625 0
    endloop
  endfacet
  facet normal 0 0 -1
    outer loop
      vertex -22.5784 11.9785 0
      vertex -37.4216 11.9785 0
      vertex -22.2981 12.2981 0
    endloop
  endfacet
  facet normal 0 0 -1
    outer loop
      vertex -37.7019 12.2981 0
      vertex -22.2981 12.2981 0
      vertex -37.4216 11.9785 0
    endloop
  endfacet
  facet normal 0 0 -1
    outer loop
      vertex -22.2981 12.2981 0
      vertex -37.7019 12.2981 0
      vertex -21.9785 12.5784 0
    endloop
  endfacet
  facet normal 0 0 -1
    outer loop
      vertex -38.0215 12.5784 0
      vertex -21.9785 12.5784 0
      vertex -37.7019 12.2981 0
    endloop
  endfacet
  facet normal 0 0 -1
    outer loop
      vertex -21.9785 12.5784 0
      vertex -38.0215 12.5784 0
      vertex -21.625 12.8146 0
    endloop
  endfacet
  facet normal 0 0 -1
    outer loop
      vertex -38.375 12.8146 0
      vertex -21.625 12.8146 0
      vertex -38.0215 12.5784 0
    endloop
  endfacet
  facet normal 0 0 -1
    outer loop
      vertex -21.625 12.8146 0
      vertex -38.375 12.8146 0
      vertex -21.2437 13.0026 0
    endloop
  endfacet
  facet normal 0 0 -1
    outer loop
      vertex -38.7563 13.0026 0
      vertex -21.2437 13.0026 0
      vertex -38.375 12.8146 0
    endloop
  endfacet
  facet normal 0 0 -1
    outer loop
      vertex -21.2437 13.0026 0
      vertex -38.7563 13.0026 0
      vertex -20.8412 13.1393 0
    endloop
  endfacet
  facet normal 0 0 -1
    outer loop
      vertex -39.1588 13.1393 0
      vertex -20.8412 13.1393 0
      vertex -38.7563 13.0026 0
    endloop
  endfacet
  facet normal 0 0 -1
    outer loop
      vertex -20.8412 13.1393 0
      vertex -39.1588 13.1393 0
      vertex -20.4242 13.2222 0
    endloop
  endfacet
  facet normal 0 0 -1
    outer loop
      vertex -39.5758 13.2222 0
      vertex -20.4242 13.2222 0
      vertex -39.1588 13.1393 0
    endloop
  endfacet
  facet normal 0 0 -1
    outer loop
      vertex -66.25 18.75 0
      vertex -20.4242 13.2222 0
      vertex -39.5758 13.2222 0
    endloop
  endfacet
  facet normal 0 0 -1
    outer loop
      vertex -66.25 18.75 0
      vertex -39.5758 13.2222 0
      vertex -40 13.25 0
    endloop
  endfacet
  facet normal 0 0 -1
    outer loop
      vertex -66.25 18.75 0
      vertex -40 13.25 0
      vertex -40.4242 13.2222 0
    endloop
  endfacet
  facet normal 0 0 -1
    outer loop
      vertex -43.2222 9.57579 0
      vertex -66.25 18.75 0
      vertex -43.25 10 0
    endloop
  endfacet
  facet normal 0 0 -1
    outer loop
      vertex -43.25 10 0
      vertex -66.25 18.75 0
      vertex -43.2222 10.4242 0
    endloop
  endfacet
  facet normal 0 0 -1
    outer loop
      vertex -43.2222 10.4242 0
      vertex -66.25 18.75 0
      vertex -43.1393 10.8412 0
    endloop
  endfacet
  facet normal 0 0 -1
    outer loop
      vertex -43.1393 10.8412 0
      vertex -66.25 18.75 0
      vertex -43.0026 11.2437 0
    endloop
  endfacet
  facet normal 0 0 -1
    outer loop
      vertex -43.0026 11.2437 0
      vertex -66.25 18.75 0
      vertex -42.8146 11.625 0
    endloop
  endfacet
  facet normal 0 0 -1
    outer loop
      vertex 10 17.1901 0
      vertex -66.25 18.75 0
      vertex 66.25 18.75 0
    endloop
  endfacet
  facet normal 0 0 -1
    outer loop
      vertex 9.99845 17.19 0
      vertex -66.25 18.75 0
      vertex 10 17.1901 0
    endloop
  endfacet
  facet normal 0 0 -1
    outer loop
      vertex 9.71414 17.1714 0
      vertex -66.25 18.75 0
      vertex 9.99845 17.19 0
    endloop
  endfacet
  facet normal 0 0 -1
    outer loop
      vertex 9.43468 17.1158 0
      vertex -66.25 18.75 0
      vertex 9.71414 17.1714 0
    endloop
  endfacet
  facet normal 0 0 -1
    outer loop
      vertex -40.8412 13.1393 0
      vertex -66.25 18.75 0
      vertex -40.4242 13.2222 0
    endloop
  endfacet
  facet normal 0 0 -1
    outer loop
      vertex -41.2437 13.0026 0
      vertex -66.25 18.75 0
      vertex -40.8412 13.1393 0
    endloop
  endfacet
  facet normal 0 0 -1
    outer loop
      vertex -41.625 12.8146 0
      vertex -66.25 18.75 0
      vertex -41.2437 13.0026 0
    endloop
  endfacet
  facet normal 0 0 -1
    outer loop
      vertex -41.9785 12.5784 0
      vertex -66.25 18.75 0
      vertex -41.625 12.8146 0
    endloop
  endfacet
  facet normal 0 0 -1
    outer loop
      vertex -42.2981 12.2981 0
      vertex -66.25 18.75 0
      vertex -41.9785 12.5784 0
    endloop
  endfacet
  facet normal 0 0 -1
    outer loop
      vertex -42.5784 11.9785 0
      vertex -66.25 18.75 0
      vertex -42.2981 12.2981 0
    endloop
  endfacet
  facet normal 0 0 -1
    outer loop
      vertex -42.8146 11.625 0
      vertex -66.25 18.75 0
      vertex -42.5784 11.9785 0
    endloop
  endfacet
  facet normal -0.980815 -0.19494 0
    outer loop
      vertex -74.8978 -25.2765 0
      vertex -74.9743 -24.8916 3
      vertex -74.9743 -24.8916 0
    endloop
  endfacet
  facet normal -0.980815 -0.19494 0
    outer loop
      vertex -74.9743 -24.8916 3
      vertex -74.8978 -25.2765 0
      vertex -74.8978 -25.2765 3
    endloop
  endfacet
  facet normal -0.896961 0.44211 0
    outer loop
      vertex -74.7716 25.648 0
      vertex -74.5981 26 3
      vertex -74.5981 26 0
    endloop
  endfacet
  facet normal -0.896961 0.44211 0
    outer loop
      vertex -74.5981 26 3
      vertex -74.7716 25.648 0
      vertex -74.7716 25.648 3
    endloop
  endfacet
  facet normal -0.831501 0.555523 0
    outer loop
      vertex -74.5981 26 0
      vertex -74.3801 26.3263 3
      vertex -74.3801 26.3263 0
    endloop
  endfacet
  facet normal -0.831501 0.555523 0
    outer loop
      vertex -74.3801 26.3263 3
      vertex -74.5981 26 0
      vertex -74.5981 26 3
    endloop
  endfacet
  facet normal -0.946858 0.321651 0
    outer loop
      vertex -74.8978 25.2765 0
      vertex -74.7716 25.648 3
      vertex -74.7716 25.648 0
    endloop
  endfacet
  facet normal -0.946858 0.321651 0
    outer loop
      vertex -74.7716 25.648 3
      vertex -74.8978 25.2765 0
      vertex -74.8978 25.2765 3
    endloop
  endfacet
  facet normal 0.997853 0.0654873 0
    outer loop
      vertex 75 24.5 3
      vertex 74.9743 24.8916 0
      vertex 74.9743 24.8916 3
    endloop
  endfacet
  facet normal 0.997853 0.0654873 0
    outer loop
      vertex 74.9743 24.8916 0
      vertex 75 24.5 3
      vertex 75 24.5 0
    endloop
  endfacet
  facet normal 0.321651 0.946858 -0
    outer loop
      vertex 73.148 27.2716 0
      vertex 72.7765 27.3978 3
      vertex 73.148 27.2716 3
    endloop
  endfacet
  facet normal 0.321651 0.946858 0
    outer loop
      vertex 72.7765 27.3978 3
      vertex 73.148 27.2716 0
      vertex 72.7765 27.3978 0
    endloop
  endfacet
  facet normal 0.44211 0.896961 -0
    outer loop
      vertex 73.5 27.0981 0
      vertex 73.148 27.2716 3
      vertex 73.5 27.0981 3
    endloop
  endfacet
  facet normal 0.44211 0.896961 0
    outer loop
      vertex 73.148 27.2716 3
      vertex 73.5 27.0981 0
      vertex 73.148 27.2716 0
    endloop
  endfacet
  facet normal 0.896961 0.44211 0
    outer loop
      vertex 74.7716 25.648 3
      vertex 74.5981 26 0
      vertex 74.5981 26 3
    endloop
  endfacet
  facet normal 0.896961 0.44211 0
    outer loop
      vertex 74.5981 26 0
      vertex 74.7716 25.648 3
      vertex 74.7716 25.648 0
    endloop
  endfacet
  facet normal 0.44211 -0.896961 0
    outer loop
      vertex 73.148 -27.2716 0
      vertex 73.5 -27.0981 3
      vertex 73.148 -27.2716 3
    endloop
  endfacet
  facet normal 0.44211 -0.896961 0
    outer loop
      vertex 73.5 -27.0981 3
      vertex 73.148 -27.2716 0
      vertex 73.5 -27.0981 0
    endloop
  endfacet
  facet normal -0.659478 0.751724 0
    outer loop
      vertex -73.8263 26.8801 0
      vertex -74.1213 26.6213 3
      vertex -73.8263 26.8801 3
    endloop
  endfacet
  facet normal -0.659478 0.751724 0
    outer loop
      vertex -74.1213 26.6213 3
      vertex -73.8263 26.8801 0
      vertex -74.1213 26.6213 0
    endloop
  endfacet
  facet normal -0.555523 0.831501 0
    outer loop
      vertex -73.5 27.0981 0
      vertex -73.8263 26.8801 3
      vertex -73.5 27.0981 3
    endloop
  endfacet
  facet normal -0.555523 0.831501 0
    outer loop
      vertex -73.8263 26.8801 3
      vertex -73.5 27.0981 0
      vertex -73.8263 26.8801 0
    endloop
  endfacet
  facet normal -0.980815 0.19494 0
    outer loop
      vertex -74.9743 24.8916 0
      vertex -74.8978 25.2765 3
      vertex -74.8978 25.2765 0
    endloop
  endfacet
  facet normal -0.980815 0.19494 0
    outer loop
      vertex -74.8978 25.2765 3
      vertex -74.9743 24.8916 0
      vertex -74.9743 24.8916 3
    endloop
  endfacet
  facet normal 0.19494 0.980815 -0
    outer loop
      vertex 72.7765 27.3978 0
      vertex 72.3916 27.4743 3
      vertex 72.7765 27.3978 3
    endloop
  endfacet
  facet normal 0.19494 0.980815 0
    outer loop
      vertex 72.3916 27.4743 3
      vertex 72.7765 27.3978 0
      vertex 72.3916 27.4743 0
    endloop
  endfacet
  facet normal 0.555523 0.831501 -0
    outer loop
      vertex 73.8263 26.8801 0
      vertex 73.5 27.0981 3
      vertex 73.8263 26.8801 3
    endloop
  endfacet
  facet normal 0.555523 0.831501 0
    outer loop
      vertex 73.5 27.0981 3
      vertex 73.8263 26.8801 0
      vertex 73.5 27.0981 0
    endloop
  endfacet
  facet normal 0.659478 0.751724 -0
    outer loop
      vertex 74.1213 26.6213 0
      vertex 73.8263 26.8801 3
      vertex 74.1213 26.6213 3
    endloop
  endfacet
  facet normal 0.659478 0.751724 0
    outer loop
      vertex 73.8263 26.8801 3
      vertex 74.1213 26.6213 0
      vertex 73.8263 26.8801 0
    endloop
  endfacet
  facet normal 0.980815 0.19494 0
    outer loop
      vertex 74.9743 24.8916 3
      vertex 74.8978 25.2765 0
      vertex 74.8978 25.2765 3
    endloop
  endfacet
  facet normal 0.980815 0.19494 0
    outer loop
      vertex 74.8978 25.2765 0
      vertex 74.9743 24.8916 3
      vertex 74.9743 24.8916 0
    endloop
  endfacet
  facet normal 0.831501 0.555523 0
    outer loop
      vertex 74.5981 26 3
      vertex 74.3801 26.3263 0
      vertex 74.3801 26.3263 3
    endloop
  endfacet
  facet normal 0.831501 0.555523 0
    outer loop
      vertex 74.3801 26.3263 0
      vertex 74.5981 26 3
      vertex 74.5981 26 0
    endloop
  endfacet
  facet normal 0.896961 -0.44211 0
    outer loop
      vertex 74.5981 -26 3
      vertex 74.7716 -25.648 0
      vertex 74.7716 -25.648 3
    endloop
  endfacet
  facet normal 0.896961 -0.44211 0
    outer loop
      vertex 74.7716 -25.648 0
      vertex 74.5981 -26 3
      vertex 74.5981 -26 0
    endloop
  endfacet
  facet normal 0.751724 -0.659478 0
    outer loop
      vertex 74.1213 -26.6213 3
      vertex 74.3801 -26.3263 0
      vertex 74.3801 -26.3263 3
    endloop
  endfacet
  facet normal 0.751724 -0.659478 0
    outer loop
      vertex 74.3801 -26.3263 0
      vertex 74.1213 -26.6213 3
      vertex 74.1213 -26.6213 0
    endloop
  endfacet
  facet normal 0.946858 -0.321651 0
    outer loop
      vertex 74.7716 -25.648 3
      vertex 74.8978 -25.2765 0
      vertex 74.8978 -25.2765 3
    endloop
  endfacet
  facet normal 0.946858 -0.321651 0
    outer loop
      vertex 74.8978 -25.2765 0
      vertex 74.7716 -25.648 3
      vertex 74.7716 -25.648 0
    endloop
  endfacet
  facet normal 0.997853 -0.0654873 0
    outer loop
      vertex 74.9743 -24.8916 3
      vertex 75 -24.5 0
      vertex 75 -24.5 3
    endloop
  endfacet
  facet normal 0.997853 -0.0654873 0
    outer loop
      vertex 75 -24.5 0
      vertex 74.9743 -24.8916 3
      vertex 74.9743 -24.8916 0
    endloop
  endfacet
  facet normal 0.980815 -0.19494 0
    outer loop
      vertex 74.8978 -25.2765 3
      vertex 74.9743 -24.8916 0
      vertex 74.9743 -24.8916 3
    endloop
  endfacet
  facet normal 0.980815 -0.19494 0
    outer loop
      vertex 74.9743 -24.8916 0
      vertex 74.8978 -25.2765 3
      vertex 74.8978 -25.2765 0
    endloop
  endfacet
  facet normal 0.555523 -0.831501 0
    outer loop
      vertex 73.5 -27.0981 0
      vertex 73.8263 -26.8801 3
      vertex 73.5 -27.0981 3
    endloop
  endfacet
  facet normal 0.555523 -0.831501 0
    outer loop
      vertex 73.8263 -26.8801 3
      vertex 73.5 -27.0981 0
      vertex 73.8263 -26.8801 0
    endloop
  endfacet
  facet normal 0.659478 -0.751724 0
    outer loop
      vertex 73.8263 -26.8801 0
      vertex 74.1213 -26.6213 3
      vertex 73.8263 -26.8801 3
    endloop
  endfacet
  facet normal 0.659478 -0.751724 0
    outer loop
      vertex 74.1213 -26.6213 3
      vertex 73.8263 -26.8801 0
      vertex 74.1213 -26.6213 0
    endloop
  endfacet
  facet normal -0.896907 -0.44222 0
    outer loop
      vertex -36.9974 11.2437 0
      vertex -37.1854 11.625 3
      vertex -37.1854 11.625 0
    endloop
  endfacet
  facet normal -0.896907 -0.44222 0
    outer loop
      vertex -37.1854 11.625 3
      vertex -36.9974 11.2437 0
      vertex -36.9974 11.2437 3
    endloop
  endfacet
  facet normal -0.831471 -0.555568 0
    outer loop
      vertex -37.1854 11.625 0
      vertex -37.4216 11.9785 3
      vertex -37.4216 11.9785 0
    endloop
  endfacet
  facet normal -0.831471 -0.555568 0
    outer loop
      vertex -37.4216 11.9785 3
      vertex -37.1854 11.625 0
      vertex -37.1854 11.625 3
    endloop
  endfacet
  facet normal -0.44222 -0.896907 0
    outer loop
      vertex -38.7563 13.0026 0
      vertex -38.375 12.8146 3
      vertex -38.7563 13.0026 3
    endloop
  endfacet
  facet normal -0.44222 -0.896907 -0
    outer loop
      vertex -38.375 12.8146 3
      vertex -38.7563 13.0026 0
      vertex -38.375 12.8146 0
    endloop
  endfacet
  facet normal 0.321586 -0.94688 0
    outer loop
      vertex -41.2437 13.0026 0
      vertex -40.8412 13.1393 3
      vertex -41.2437 13.0026 3
    endloop
  endfacet
  facet normal 0.321586 -0.94688 0
    outer loop
      vertex -40.8412 13.1393 3
      vertex -41.2437 13.0026 0
      vertex -40.8412 13.1393 0
    endloop
  endfacet
  facet normal 0.896907 -0.44222 0
    outer loop
      vertex -43.0026 11.2437 3
      vertex -42.8146 11.625 0
      vertex -42.8146 11.625 3
    endloop
  endfacet
  facet normal 0.896907 -0.44222 0
    outer loop
      vertex -42.8146 11.625 0
      vertex -43.0026 11.2437 3
      vertex -43.0026 11.2437 0
    endloop
  endfacet
  facet normal -0.980802 0.195008 0
    outer loop
      vertex -36.8607 9.15884 0
      vertex -36.7778 9.57579 3
      vertex -36.7778 9.57579 0
    endloop
  endfacet
  facet normal -0.980802 0.195008 0
    outer loop
      vertex -36.7778 9.57579 3
      vertex -36.8607 9.15884 0
      vertex -36.8607 9.15884 3
    endloop
  endfacet
  facet normal -0.442277 0.896879 0
    outer loop
      vertex -38.375 7.18542 0
      vertex -38.7563 6.99739 3
      vertex -38.375 7.18542 3
    endloop
  endfacet
  facet normal -0.442277 0.896879 0
    outer loop
      vertex -38.7563 6.99739 3
      vertex -38.375 7.18542 0
      vertex -38.7563 6.99739 0
    endloop
  endfacet
  facet normal -0.0653948 -0.997859 0
    outer loop
      vertex -40 13.25 0
      vertex -39.5758 13.2222 3
      vertex -40 13.25 3
    endloop
  endfacet
  facet normal -0.0653948 -0.997859 -0
    outer loop
      vertex -39.5758 13.2222 3
      vertex -40 13.25 0
      vertex -39.5758 13.2222 0
    endloop
  endfacet
  facet normal -0.555568 -0.831471 0
    outer loop
      vertex -38.375 12.8146 0
      vertex -38.0215 12.5784 3
      vertex -38.375 12.8146 3
    endloop
  endfacet
  facet normal -0.555568 -0.831471 -0
    outer loop
      vertex -38.0215 12.5784 3
      vertex -38.375 12.8146 0
      vertex -38.0215 12.5784 0
    endloop
  endfacet
  facet normal 0.997859 -0.0653948 0
    outer loop
      vertex -43.25 10 3
      vertex -43.2222 10.4242 0
      vertex -43.2222 10.4242 3
    endloop
  endfacet
  facet normal 0.997859 -0.0653948 0
    outer loop
      vertex -43.2222 10.4242 0
      vertex -43.25 10 3
      vertex -43.25 10 0
    endloop
  endfacet
  facet normal 0.980806 -0.194985 0
    outer loop
      vertex -43.2222 10.4242 3
      vertex -43.1393 10.8412 0
      vertex -43.1393 10.8412 3
    endloop
  endfacet
  facet normal 0.980806 -0.194985 0
    outer loop
      vertex -43.1393 10.8412 0
      vertex -43.2222 10.4242 3
      vertex -43.2222 10.4242 0
    endloop
  endfacet
  facet normal 0.751818 -0.65937 0
    outer loop
      vertex -42.5784 11.9785 3
      vertex -42.2981 12.2981 0
      vertex -42.2981 12.2981 3
    endloop
  endfacet
  facet normal 0.751818 -0.65937 0
    outer loop
      vertex -42.2981 12.2981 0
      vertex -42.5784 11.9785 3
      vertex -42.5784 11.9785 0
    endloop
  endfacet
  facet normal 0.0653948 -0.997859 0
    outer loop
      vertex -40.4242 13.2222 0
      vertex -40 13.25 3
      vertex -40.4242 13.2222 3
    endloop
  endfacet
  facet normal 0.0653948 -0.997859 0
    outer loop
      vertex -40 13.25 3
      vertex -40.4242 13.2222 0
      vertex -40 13.25 0
    endloop
  endfacet
  facet normal 0.65937 -0.751818 0
    outer loop
      vertex -42.2981 12.2981 0
      vertex -41.9785 12.5784 3
      vertex -42.2981 12.2981 3
    endloop
  endfacet
  facet normal 0.65937 -0.751818 0
    outer loop
      vertex -41.9785 12.5784 3
      vertex -42.2981 12.2981 0
      vertex -41.9785 12.5784 0
    endloop
  endfacet
  facet normal -0.946895 0.321543 0
    outer loop
      vertex -36.9974 8.75628 0
      vertex -36.8607 9.15884 3
      vertex -36.8607 9.15884 0
    endloop
  endfacet
  facet normal -0.946895 0.321543 0
    outer loop
      vertex -36.8607 9.15884 3
      vertex -36.9974 8.75628 0
      vertex -36.9974 8.75628 3
    endloop
  endfacet
  facet normal -0.321481 0.946916 0
    outer loop
      vertex -38.7563 6.99739 0
      vertex -39.1588 6.86074 3
      vertex -38.7563 6.99739 3
    endloop
  endfacet
  facet normal -0.321481 0.946916 0
    outer loop
      vertex -39.1588 6.86074 3
      vertex -38.7563 6.99739 0
      vertex -39.1588 6.86074 0
    endloop
  endfacet
  facet normal -0.555536 0.831493 0
    outer loop
      vertex -38.0215 7.4216 0
      vertex -38.375 7.18542 3
      vertex -38.0215 7.4216 3
    endloop
  endfacet
  facet normal -0.555536 0.831493 0
    outer loop
      vertex -38.375 7.18542 3
      vertex -38.0215 7.4216 0
      vertex -38.375 7.18542 0
    endloop
  endfacet
  facet normal -0.980806 -0.194985 0
    outer loop
      vertex -36.7778 10.4242 0
      vertex -36.8607 10.8412 3
      vertex -36.8607 10.8412 0
    endloop
  endfacet
  facet normal -0.980806 -0.194985 0
    outer loop
      vertex -36.8607 10.8412 3
      vertex -36.7778 10.4242 0
      vertex -36.7778 10.4242 3
    endloop
  endfacet
  facet normal -0.94688 -0.321586 0
    outer loop
      vertex -36.8607 10.8412 0
      vertex -36.9974 11.2437 3
      vertex -36.9974 11.2437 0
    endloop
  endfacet
  facet normal -0.94688 -0.321586 0
    outer loop
      vertex -36.9974 11.2437 3
      vertex -36.8607 10.8412 0
      vertex -36.8607 10.8412 3
    endloop
  endfacet
  facet normal -0.65937 -0.751818 0
    outer loop
      vertex -38.0215 12.5784 0
      vertex -37.7019 12.2981 3
      vertex -38.0215 12.5784 3
    endloop
  endfacet
  facet normal -0.65937 -0.751818 -0
    outer loop
      vertex -37.7019 12.2981 3
      vertex -38.0215 12.5784 0
      vertex -37.7019 12.2981 0
    endloop
  endfacet
  facet normal -0.751818 -0.65937 0
    outer loop
      vertex -37.4216 11.9785 0
      vertex -37.7019 12.2981 3
      vertex -37.7019 12.2981 0
    endloop
  endfacet
  facet normal -0.751818 -0.65937 0
    outer loop
      vertex -37.7019 12.2981 3
      vertex -37.4216 11.9785 0
      vertex -37.4216 11.9785 3
    endloop
  endfacet
  facet normal -0.321586 -0.94688 0
    outer loop
      vertex -39.1588 13.1393 0
      vertex -38.7563 13.0026 3
      vertex -39.1588 13.1393 3
    endloop
  endfacet
  facet normal -0.321586 -0.94688 -0
    outer loop
      vertex -38.7563 13.0026 3
      vertex -39.1588 13.1393 0
      vertex -38.7563 13.0026 0
    endloop
  endfacet
  facet normal -0.194985 -0.980806 0
    outer loop
      vertex -39.5758 13.2222 0
      vertex -39.1588 13.1393 3
      vertex -39.5758 13.2222 3
    endloop
  endfacet
  facet normal -0.194985 -0.980806 -0
    outer loop
      vertex -39.1588 13.1393 3
      vertex -39.5758 13.2222 0
      vertex -39.1588 13.1393 0
    endloop
  endfacet
  facet normal 0.44222 -0.896907 0
    outer loop
      vertex -41.625 12.8146 0
      vertex -41.2437 13.0026 3
      vertex -41.625 12.8146 3
    endloop
  endfacet
  facet normal 0.44222 -0.896907 0
    outer loop
      vertex -41.2437 13.0026 3
      vertex -41.625 12.8146 0
      vertex -41.2437 13.0026 0
    endloop
  endfacet
  facet normal 0.555568 -0.831471 0
    outer loop
      vertex -41.9785 12.5784 0
      vertex -41.625 12.8146 3
      vertex -41.9785 12.5784 3
    endloop
  endfacet
  facet normal 0.555568 -0.831471 0
    outer loop
      vertex -41.625 12.8146 3
      vertex -41.9785 12.5784 0
      vertex -41.625 12.8146 0
    endloop
  endfacet
  facet normal -0.997859 -0.0653948 0
    outer loop
      vertex -36.75 10 0
      vertex -36.7778 10.4242 3
      vertex -36.7778 10.4242 0
    endloop
  endfacet
  facet normal -0.997859 -0.0653948 0
    outer loop
      vertex -36.7778 10.4242 3
      vertex -36.75 10 0
      vertex -36.75 10 3
    endloop
  endfacet
  facet normal 0.99786 0.0653933 0
    outer loop
      vertex -43.2222 9.57579 3
      vertex -43.25 10 0
      vertex -43.25 10 3
    endloop
  endfacet
  facet normal 0.99786 0.0653933 0
    outer loop
      vertex -43.25 10 0
      vertex -43.2222 9.57579 3
      vertex -43.2222 9.57579 0
    endloop
  endfacet
  facet normal 0.980802 0.195008 0
    outer loop
      vertex -43.1393 9.15884 3
      vertex -43.2222 9.57579 0
      vertex -43.2222 9.57579 3
    endloop
  endfacet
  facet normal 0.980802 0.195008 0
    outer loop
      vertex -43.2222 9.57579 0
      vertex -43.1393 9.15884 3
      vertex -43.1393 9.15884 0
    endloop
  endfacet
  facet normal -0.195076 0.980788 0
    outer loop
      vertex -39.1588 6.86074 0
      vertex -39.5758 6.7778 3
      vertex -39.1588 6.86074 3
    endloop
  endfacet
  facet normal -0.195076 0.980788 0
    outer loop
      vertex -39.5758 6.7778 3
      vertex -39.1588 6.86074 0
      vertex -39.5758 6.7778 0
    endloop
  endfacet
  facet normal 0.94688 -0.321586 0
    outer loop
      vertex -43.1393 10.8412 3
      vertex -43.0026 11.2437 0
      vertex -43.0026 11.2437 3
    endloop
  endfacet
  facet normal 0.94688 -0.321586 0
    outer loop
      vertex -43.0026 11.2437 0
      vertex -43.1393 10.8412 3
      vertex -43.1393 10.8412 0
    endloop
  endfacet
  facet normal 0.831471 -0.555568 0
    outer loop
      vertex -42.8146 11.625 3
      vertex -42.5784 11.9785 0
      vertex -42.5784 11.9785 3
    endloop
  endfacet
  facet normal 0.831471 -0.555568 0
    outer loop
      vertex -42.5784 11.9785 0
      vertex -42.8146 11.625 3
      vertex -42.8146 11.625 0
    endloop
  endfacet
  facet normal 0.194985 -0.980806 0
    outer loop
      vertex -40.8412 13.1393 0
      vertex -40.4242 13.2222 3
      vertex -40.8412 13.1393 3
    endloop
  endfacet
  facet normal 0.194985 -0.980806 0
    outer loop
      vertex -40.4242 13.2222 3
      vertex -40.8412 13.1393 0
      vertex -40.4242 13.2222 0
    endloop
  endfacet
  facet normal -0.99786 0.0653933 0
    outer loop
      vertex -36.7778 9.57579 0
      vertex -36.75 10 3
      vertex -36.75 10 0
    endloop
  endfacet
  facet normal -0.99786 0.0653933 0
    outer loop
      vertex -36.75 10 3
      vertex -36.7778 9.57579 0
      vertex -36.7778 9.57579 3
    endloop
  endfacet
  facet normal -0.65937 0.751818 0
    outer loop
      vertex -37.7019 7.7019 0
      vertex -38.0215 7.4216 3
      vertex -37.7019 7.7019 3
    endloop
  endfacet
  facet normal -0.65937 0.751818 0
    outer loop
      vertex -38.0215 7.4216 3
      vertex -37.7019 7.7019 0
      vertex -38.0215 7.4216 0
    endloop
  endfacet
  facet normal -0.831456 0.55559 0
    outer loop
      vertex -37.4216 8.02152 0
      vertex -37.1854 8.375 3
      vertex -37.1854 8.375 0
    endloop
  endfacet
  facet normal -0.831456 0.55559 0
    outer loop
      vertex -37.1854 8.375 3
      vertex -37.4216 8.02152 0
      vertex -37.4216 8.02152 3
    endloop
  endfacet
  facet normal 0.321481 0.946916 -0
    outer loop
      vertex -40.8412 6.86074 0
      vertex -41.2437 6.99739 3
      vertex -40.8412 6.86074 3
    endloop
  endfacet
  facet normal 0.321481 0.946916 0
    outer loop
      vertex -41.2437 6.99739 3
      vertex -40.8412 6.86074 0
      vertex -41.2437 6.99739 0
    endloop
  endfacet
  facet normal 0.946895 0.321543 0
    outer loop
      vertex -43.0026 8.75628 3
      vertex -43.1393 9.15884 0
      vertex -43.1393 9.15884 3
    endloop
  endfacet
  facet normal 0.946895 0.321543 0
    outer loop
      vertex -43.1393 9.15884 0
      vertex -43.0026 8.75628 3
      vertex -43.0026 8.75628 0
    endloop
  endfacet
  facet normal 0.751839 0.659347 0
    outer loop
      vertex -42.2981 7.7019 3
      vertex -42.5784 8.02152 0
      vertex -42.5784 8.02152 3
    endloop
  endfacet
  facet normal 0.751839 0.659347 0
    outer loop
      vertex -42.5784 8.02152 0
      vertex -42.2981 7.7019 3
      vertex -42.2981 7.7019 0
    endloop
  endfacet
  facet normal -0.896897 0.442239 0
    outer loop
      vertex -37.1854 8.375 0
      vertex -36.9974 8.75628 3
      vertex -36.9974 8.75628 0
    endloop
  endfacet
  facet normal -0.896897 0.442239 0
    outer loop
      vertex -36.9974 8.75628 3
      vertex -37.1854 8.375 0
      vertex -37.1854 8.375 3
    endloop
  endfacet
  facet normal 0.555536 0.831493 -0
    outer loop
      vertex -41.625 7.18542 0
      vertex -41.9785 7.4216 3
      vertex -41.625 7.18542 3
    endloop
  endfacet
  facet normal 0.555536 0.831493 0
    outer loop
      vertex -41.9785 7.4216 3
      vertex -41.625 7.18542 0
      vertex -41.9785 7.4216 0
    endloop
  endfacet
  facet normal -0.0653948 0.997859 0
    outer loop
      vertex -39.5758 6.7778 0
      vertex -40 6.75 3
      vertex -39.5758 6.7778 3
    endloop
  endfacet
  facet normal -0.0653948 0.997859 0
    outer loop
      vertex -40 6.75 3
      vertex -39.5758 6.7778 0
      vertex -40 6.75 0
    endloop
  endfacet
  facet normal 0.0653948 0.997859 -0
    outer loop
      vertex -40 6.75 0
      vertex -40.4242 6.7778 3
      vertex -40 6.75 3
    endloop
  endfacet
  facet normal 0.0653948 0.997859 0
    outer loop
      vertex -40.4242 6.7778 3
      vertex -40 6.75 0
      vertex -40.4242 6.7778 0
    endloop
  endfacet
  facet normal 0.195076 0.980788 -0
    outer loop
      vertex -40.4242 6.7778 0
      vertex -40.8412 6.86074 3
      vertex -40.4242 6.7778 3
    endloop
  endfacet
  facet normal 0.195076 0.980788 0
    outer loop
      vertex -40.8412 6.86074 3
      vertex -40.4242 6.7778 0
      vertex -40.8412 6.86074 0
    endloop
  endfacet
  facet normal 0.65937 0.751818 -0
    outer loop
      vertex -41.9785 7.4216 0
      vertex -42.2981 7.7019 3
      vertex -41.9785 7.4216 3
    endloop
  endfacet
  facet normal 0.65937 0.751818 0
    outer loop
      vertex -42.2981 7.7019 3
      vertex -41.9785 7.4216 0
      vertex -42.2981 7.7019 0
    endloop
  endfacet
  facet normal 0.896897 0.442239 0
    outer loop
      vertex -42.8146 8.375 3
      vertex -43.0026 8.75628 0
      vertex -43.0026 8.75628 3
    endloop
  endfacet
  facet normal 0.896897 0.442239 0
    outer loop
      vertex -43.0026 8.75628 0
      vertex -42.8146 8.375 3
      vertex -42.8146 8.375 0
    endloop
  endfacet
  facet normal -0.751839 0.659347 0
    outer loop
      vertex -37.7019 7.7019 0
      vertex -37.4216 8.02152 3
      vertex -37.4216 8.02152 0
    endloop
  endfacet
  facet normal -0.751839 0.659347 0
    outer loop
      vertex -37.4216 8.02152 3
      vertex -37.7019 7.7019 0
      vertex -37.7019 7.7019 3
    endloop
  endfacet
  facet normal 0.831456 0.55559 0
    outer loop
      vertex -42.5784 8.02152 3
      vertex -42.8146 8.375 0
      vertex -42.8146 8.375 3
    endloop
  endfacet
  facet normal 0.831456 0.55559 0
    outer loop
      vertex -42.8146 8.375 0
      vertex -42.5784 8.02152 3
      vertex -42.5784 8.02152 0
    endloop
  endfacet
  facet normal 0.442277 0.896879 -0
    outer loop
      vertex -41.2437 6.99739 0
      vertex -41.625 7.18542 3
      vertex -41.2437 6.99739 3
    endloop
  endfacet
  facet normal 0.442277 0.896879 0
    outer loop
      vertex -41.625 7.18542 3
      vertex -41.2437 6.99739 0
      vertex -41.625 7.18542 0
    endloop
  endfacet
  facet normal -0.896907 -0.44222 0
    outer loop
      vertex -16.9974 11.2437 0
      vertex -17.1854 11.625 3
      vertex -17.1854 11.625 0
    endloop
  endfacet
  facet normal -0.896907 -0.44222 0
    outer loop
      vertex -17.1854 11.625 3
      vertex -16.9974 11.2437 0
      vertex -16.9974 11.2437 3
    endloop
  endfacet
  facet normal -0.831471 -0.555568 0
    outer loop
      vertex -17.1854 11.625 0
      vertex -17.4216 11.9785 3
      vertex -17.4216 11.9785 0
    endloop
  endfacet
  facet normal -0.831471 -0.555568 0
    outer loop
      vertex -17.4216 11.9785 3
      vertex -17.1854 11.625 0
      vertex -17.1854 11.625 3
    endloop
  endfacet
  facet normal -0.44222 -0.896907 0
    outer loop
      vertex -18.7563 13.0026 0
      vertex -18.375 12.8146 3
      vertex -18.7563 13.0026 3
    endloop
  endfacet
  facet normal -0.44222 -0.896907 -0
    outer loop
      vertex -18.375 12.8146 3
      vertex -18.7563 13.0026 0
      vertex -18.375 12.8146 0
    endloop
  endfacet
  facet normal 0.321586 -0.94688 0
    outer loop
      vertex -21.2437 13.0026 0
      vertex -20.8412 13.1393 3
      vertex -21.2437 13.0026 3
    endloop
  endfacet
  facet normal 0.321586 -0.94688 0
    outer loop
      vertex -20.8412 13.1393 3
      vertex -21.2437 13.0026 0
      vertex -20.8412 13.1393 0
    endloop
  endfacet
  facet normal 0.896907 -0.44222 0
    outer loop
      vertex -23.0026 11.2437 3
      vertex -22.8146 11.625 0
      vertex -22.8146 11.625 3
    endloop
  endfacet
  facet normal 0.896907 -0.44222 0
    outer loop
      vertex -22.8146 11.625 0
      vertex -23.0026 11.2437 3
      vertex -23.0026 11.2437 0
    endloop
  endfacet
  facet normal -0.980802 0.195008 0
    outer loop
      vertex -16.8607 9.15884 0
      vertex -16.7778 9.57579 3
      vertex -16.7778 9.57579 0
    endloop
  endfacet
  facet normal -0.980802 0.195008 0
    outer loop
      vertex -16.7778 9.57579 3
      vertex -16.8607 9.15884 0
      vertex -16.8607 9.15884 3
    endloop
  endfacet
  facet normal -0.442277 0.896879 0
    outer loop
      vertex -18.375 7.18542 0
      vertex -18.7563 6.99739 3
      vertex -18.375 7.18542 3
    endloop
  endfacet
  facet normal -0.442277 0.896879 0
    outer loop
      vertex -18.7563 6.99739 3
      vertex -18.375 7.18542 0
      vertex -18.7563 6.99739 0
    endloop
  endfacet
  facet normal -0.0653948 -0.997859 0
    outer loop
      vertex -20 13.25 0
      vertex -19.5758 13.2222 3
      vertex -20 13.25 3
    endloop
  endfacet
  facet normal -0.0653948 -0.997859 -0
    outer loop
      vertex -19.5758 13.2222 3
      vertex -20 13.25 0
      vertex -19.5758 13.2222 0
    endloop
  endfacet
  facet normal -0.555568 -0.831471 0
    outer loop
      vertex -18.375 12.8146 0
      vertex -18.0215 12.5784 3
      vertex -18.375 12.8146 3
    endloop
  endfacet
  facet normal -0.555568 -0.831471 -0
    outer loop
      vertex -18.0215 12.5784 3
      vertex -18.375 12.8146 0
      vertex -18.0215 12.5784 0
    endloop
  endfacet
  facet normal 0.997859 -0.0653948 0
    outer loop
      vertex -23.25 10 3
      vertex -23.2222 10.4242 0
      vertex -23.2222 10.4242 3
    endloop
  endfacet
  facet normal 0.997859 -0.0653948 0
    outer loop
      vertex -23.2222 10.4242 0
      vertex -23.25 10 3
      vertex -23.25 10 0
    endloop
  endfacet
  facet normal 0.980806 -0.194985 0
    outer loop
      vertex -23.2222 10.4242 3
      vertex -23.1393 10.8412 0
      vertex -23.1393 10.8412 3
    endloop
  endfacet
  facet normal 0.980806 -0.194985 0
    outer loop
      vertex -23.1393 10.8412 0
      vertex -23.2222 10.4242 3
      vertex -23.2222 10.4242 0
    endloop
  endfacet
  facet normal 0.751818 -0.65937 0
    outer loop
      vertex -22.5784 11.9785 3
      vertex -22.2981 12.2981 0
      vertex -22.2981 12.2981 3
    endloop
  endfacet
  facet normal 0.751818 -0.65937 0
    outer loop
      vertex -22.2981 12.2981 0
      vertex -22.5784 11.9785 3
      vertex -22.5784 11.9785 0
    endloop
  endfacet
  facet normal 0.0653948 -0.997859 0
    outer loop
      vertex -20.4242 13.2222 0
      vertex -20 13.25 3
      vertex -20.4242 13.2222 3
    endloop
  endfacet
  facet normal 0.0653948 -0.997859 0
    outer loop
      vertex -20 13.25 3
      vertex -20.4242 13.2222 0
      vertex -20 13.25 0
    endloop
  endfacet
  facet normal 0.65937 -0.751818 0
    outer loop
      vertex -22.2981 12.2981 0
      vertex -21.9785 12.5784 3
      vertex -22.2981 12.2981 3
    endloop
  endfacet
  facet normal 0.65937 -0.751818 0
    outer loop
      vertex -21.9785 12.5784 3
      vertex -22.2981 12.2981 0
      vertex -21.9785 12.5784 0
    endloop
  endfacet
  facet normal -0.946895 0.321543 0
    outer loop
      vertex -16.9974 8.75628 0
      vertex -16.8607 9.15884 3
      vertex -16.8607 9.15884 0
    endloop
  endfacet
  facet normal -0.946895 0.321543 0
    outer loop
      vertex -16.8607 9.15884 3
      vertex -16.9974 8.75628 0
      vertex -16.9974 8.75628 3
    endloop
  endfacet
  facet normal -0.321481 0.946916 0
    outer loop
      vertex -18.7563 6.99739 0
      vertex -19.1588 6.86074 3
      vertex -18.7563 6.99739 3
    endloop
  endfacet
  facet normal -0.321481 0.946916 0
    outer loop
      vertex -19.1588 6.86074 3
      vertex -18.7563 6.99739 0
      vertex -19.1588 6.86074 0
    endloop
  endfacet
  facet normal -0.555536 0.831493 0
    outer loop
      vertex -18.0215 7.4216 0
      vertex -18.375 7.18542 3
      vertex -18.0215 7.4216 3
    endloop
  endfacet
  facet normal -0.555536 0.831493 0
    outer loop
      vertex -18.375 7.18542 3
      vertex -18.0215 7.4216 0
      vertex -18.375 7.18542 0
    endloop
  endfacet
  facet normal -0.94688 -0.321586 0
    outer loop
      vertex -16.8607 10.8412 0
      vertex -16.9974 11.2437 3
      vertex -16.9974 11.2437 0
    endloop
  endfacet
  facet normal -0.94688 -0.321586 0
    outer loop
      vertex -16.9974 11.2437 3
      vertex -16.8607 10.8412 0
      vertex -16.8607 10.8412 3
    endloop
  endfacet
  facet normal -0.65937 -0.751818 0
    outer loop
      vertex -18.0215 12.5784 0
      vertex -17.7019 12.2981 3
      vertex -18.0215 12.5784 3
    endloop
  endfacet
  facet normal -0.65937 -0.751818 -0
    outer loop
      vertex -17.7019 12.2981 3
      vertex -18.0215 12.5784 0
      vertex -17.7019 12.2981 0
    endloop
  endfacet
  facet normal -0.751818 -0.65937 0
    outer loop
      vertex -17.4216 11.9785 0
      vertex -17.7019 12.2981 3
      vertex -17.7019 12.2981 0
    endloop
  endfacet
  facet normal -0.751818 -0.65937 0
    outer loop
      vertex -17.7019 12.2981 3
      vertex -17.4216 11.9785 0
      vertex -17.4216 11.9785 3
    endloop
  endfacet
  facet normal -0.321586 -0.94688 0
    outer loop
      vertex -19.1588 13.1393 0
      vertex -18.7563 13.0026 3
      vertex -19.1588 13.1393 3
    endloop
  endfacet
  facet normal -0.321586 -0.94688 -0
    outer loop
      vertex -18.7563 13.0026 3
      vertex -19.1588 13.1393 0
      vertex -18.7563 13.0026 0
    endloop
  endfacet
  facet normal -0.194985 -0.980806 0
    outer loop
      vertex -19.5758 13.2222 0
      vertex -19.1588 13.1393 3
      vertex -19.5758 13.2222 3
    endloop
  endfacet
  facet normal -0.194985 -0.980806 -0
    outer loop
      vertex -19.1588 13.1393 3
      vertex -19.5758 13.2222 0
      vertex -19.1588 13.1393 0
    endloop
  endfacet
  facet normal 0.94688 -0.321586 0
    outer loop
      vertex -23.1393 10.8412 3
      vertex -23.0026 11.2437 0
      vertex -23.0026 11.2437 3
    endloop
  endfacet
  facet normal 0.94688 -0.321586 0
    outer loop
      vertex -23.0026 11.2437 0
      vertex -23.1393 10.8412 3
      vertex -23.1393 10.8412 0
    endloop
  endfacet
  facet normal 0.831471 -0.555568 0
    outer loop
      vertex -22.8146 11.625 3
      vertex -22.5784 11.9785 0
      vertex -22.5784 11.9785 3
    endloop
  endfacet
  facet normal 0.831471 -0.555568 0
    outer loop
      vertex -22.5784 11.9785 0
      vertex -22.8146 11.625 3
      vertex -22.8146 11.625 0
    endloop
  endfacet
  facet normal 0.194985 -0.980806 0
    outer loop
      vertex -20.8412 13.1393 0
      vertex -20.4242 13.2222 3
      vertex -20.8412 13.1393 3
    endloop
  endfacet
  facet normal 0.194985 -0.980806 0
    outer loop
      vertex -20.4242 13.2222 3
      vertex -20.8412 13.1393 0
      vertex -20.4242 13.2222 0
    endloop
  endfacet
  facet normal 0.44222 -0.896907 0
    outer loop
      vertex -21.625 12.8146 0
      vertex -21.2437 13.0026 3
      vertex -21.625 12.8146 3
    endloop
  endfacet
  facet normal 0.44222 -0.896907 0
    outer loop
      vertex -21.2437 13.0026 3
      vertex -21.625 12.8146 0
      vertex -21.2437 13.0026 0
    endloop
  endfacet
  facet normal 0.555568 -0.831471 0
    outer loop
      vertex -21.9785 12.5784 0
      vertex -21.625 12.8146 3
      vertex -21.9785 12.5784 3
    endloop
  endfacet
  facet normal 0.555568 -0.831471 0
    outer loop
      vertex -21.625 12.8146 3
      vertex -21.9785 12.5784 0
      vertex -21.625 12.8146 0
    endloop
  endfacet
  facet normal -0.997859 -0.0653948 0
    outer loop
      vertex -16.75 10 0
      vertex -16.7778 10.4242 3
      vertex -16.7778 10.4242 0
    endloop
  endfacet
  facet normal -0.997859 -0.0653948 0
    outer loop
      vertex -16.7778 10.4242 3
      vertex -16.75 10 0
      vertex -16.75 10 3
    endloop
  endfacet
  facet normal 0.99786 0.0653933 0
    outer loop
      vertex -23.2222 9.57579 3
      vertex -23.25 10 0
      vertex -23.25 10 3
    endloop
  endfacet
  facet normal 0.99786 0.0653933 0
    outer loop
      vertex -23.25 10 0
      vertex -23.2222 9.57579 3
      vertex -23.2222 9.57579 0
    endloop
  endfacet
  facet normal 0.980802 0.195008 0
    outer loop
      vertex -23.1393 9.15884 3
      vertex -23.2222 9.57579 0
      vertex -23.2222 9.57579 3
    endloop
  endfacet
  facet normal 0.980802 0.195008 0
    outer loop
      vertex -23.2222 9.57579 0
      vertex -23.1393 9.15884 3
      vertex -23.1393 9.15884 0
    endloop
  endfacet
  facet normal -0.195076 0.980788 0
    outer loop
      vertex -19.1588 6.86074 0
      vertex -19.5758 6.7778 3
      vertex -19.1588 6.86074 3
    endloop
  endfacet
  facet normal -0.195076 0.980788 0
    outer loop
      vertex -19.5758 6.7778 3
      vertex -19.1588 6.86074 0
      vertex -19.5758 6.7778 0
    endloop
  endfacet
  facet normal -0.980806 -0.194985 0
    outer loop
      vertex -16.7778 10.4242 0
      vertex -16.8607 10.8412 3
      vertex -16.8607 10.8412 0
    endloop
  endfacet
  facet normal -0.980806 -0.194985 0
    outer loop
      vertex -16.8607 10.8412 3
      vertex -16.7778 10.4242 0
      vertex -16.7778 10.4242 3
    endloop
  endfacet
  facet normal -0.99786 0.0653933 0
    outer loop
      vertex -16.7778 9.57579 0
      vertex -16.75 10 3
      vertex -16.75 10 0
    endloop
  endfacet
  facet normal -0.99786 0.0653933 0
    outer loop
      vertex -16.75 10 3
      vertex -16.7778 9.57579 0
      vertex -16.7778 9.57579 3
    endloop
  endfacet
  facet normal -0.65937 0.751818 0
    outer loop
      vertex -17.7019 7.7019 0
      vertex -18.0215 7.4216 3
      vertex -17.7019 7.7019 3
    endloop
  endfacet
  facet normal -0.65937 0.751818 0
    outer loop
      vertex -18.0215 7.4216 3
      vertex -17.7019 7.7019 0
      vertex -18.0215 7.4216 0
    endloop
  endfacet
  facet normal -0.831456 0.55559 0
    outer loop
      vertex -17.4216 8.02152 0
      vertex -17.1854 8.375 3
      vertex -17.1854 8.375 0
    endloop
  endfacet
  facet normal -0.831456 0.55559 0
    outer loop
      vertex -17.1854 8.375 3
      vertex -17.4216 8.02152 0
      vertex -17.4216 8.02152 3
    endloop
  endfacet
  facet normal 0.321481 0.946916 -0
    outer loop
      vertex -20.8412 6.86074 0
      vertex -21.2437 6.99739 3
      vertex -20.8412 6.86074 3
    endloop
  endfacet
  facet normal 0.321481 0.946916 0
    outer loop
      vertex -21.2437 6.99739 3
      vertex -20.8412 6.86074 0
      vertex -21.2437 6.99739 0
    endloop
  endfacet
  facet normal 0.0653948 0.997859 -0
    outer loop
      vertex -20 6.75 0
      vertex -20.4242 6.7778 3
      vertex -20 6.75 3
    endloop
  endfacet
  facet normal 0.0653948 0.997859 0
    outer loop
      vertex -20.4242 6.7778 3
      vertex -20 6.75 0
      vertex -20.4242 6.7778 0
    endloop
  endfacet
  facet normal 0.946895 0.321543 0
    outer loop
      vertex -23.0026 8.75628 3
      vertex -23.1393 9.15884 0
      vertex -23.1393 9.15884 3
    endloop
  endfacet
  facet normal 0.946895 0.321543 0
    outer loop
      vertex -23.1393 9.15884 0
      vertex -23.0026 8.75628 3
      vertex -23.0026 8.75628 0
    endloop
  endfacet
  facet normal 0.751839 0.659347 0
    outer loop
      vertex -22.2981 7.7019 3
      vertex -22.5784 8.02152 0
      vertex -22.5784 8.02152 3
    endloop
  endfacet
  facet normal 0.751839 0.659347 0
    outer loop
      vertex -22.5784 8.02152 0
      vertex -22.2981 7.7019 3
      vertex -22.2981 7.7019 0
    endloop
  endfacet
  facet normal -0.896897 0.442239 0
    outer loop
      vertex -17.1854 8.375 0
      vertex -16.9974 8.75628 3
      vertex -16.9974 8.75628 0
    endloop
  endfacet
  facet normal -0.896897 0.442239 0
    outer loop
      vertex -16.9974 8.75628 3
      vertex -17.1854 8.375 0
      vertex -17.1854 8.375 3
    endloop
  endfacet
  facet normal 0.555536 0.831493 -0
    outer loop
      vertex -21.625 7.18542 0
      vertex -21.9785 7.4216 3
      vertex -21.625 7.18542 3
    endloop
  endfacet
  facet normal 0.555536 0.831493 0
    outer loop
      vertex -21.9785 7.4216 3
      vertex -21.625 7.18542 0
      vertex -21.9785 7.4216 0
    endloop
  endfacet
  facet normal -0.0653948 0.997859 0
    outer loop
      vertex -19.5758 6.7778 0
      vertex -20 6.75 3
      vertex -19.5758 6.7778 3
    endloop
  endfacet
  facet normal -0.0653948 0.997859 0
    outer loop
      vertex -20 6.75 3
      vertex -19.5758 6.7778 0
      vertex -20 6.75 0
    endloop
  endfacet
  facet normal 0.195076 0.980788 -0
    outer loop
      vertex -20.4242 6.7778 0
      vertex -20.8412 6.86074 3
      vertex -20.4242 6.7778 3
    endloop
  endfacet
  facet normal 0.195076 0.980788 0
    outer loop
      vertex -20.8412 6.86074 3
      vertex -20.4242 6.7778 0
      vertex -20.8412 6.86074 0
    endloop
  endfacet
  facet normal 0.65937 0.751818 -0
    outer loop
      vertex -21.9785 7.4216 0
      vertex -22.2981 7.7019 3
      vertex -21.9785 7.4216 3
    endloop
  endfacet
  facet normal 0.65937 0.751818 0
    outer loop
      vertex -22.2981 7.7019 3
      vertex -21.9785 7.4216 0
      vertex -22.2981 7.7019 0
    endloop
  endfacet
  facet normal 0.896897 0.442239 0
    outer loop
      vertex -22.8146 8.375 3
      vertex -23.0026 8.75628 0
      vertex -23.0026 8.75628 3
    endloop
  endfacet
  facet normal 0.896897 0.442239 0
    outer loop
      vertex -23.0026 8.75628 0
      vertex -22.8146 8.375 3
      vertex -22.8146 8.375 0
    endloop
  endfacet
  facet normal -0.751839 0.659347 0
    outer loop
      vertex -17.7019 7.7019 0
      vertex -17.4216 8.02152 3
      vertex -17.4216 8.02152 0
    endloop
  endfacet
  facet normal -0.751839 0.659347 0
    outer loop
      vertex -17.4216 8.02152 3
      vertex -17.7019 7.7019 0
      vertex -17.7019 7.7019 3
    endloop
  endfacet
  facet normal 0.831456 0.55559 0
    outer loop
      vertex -22.5784 8.02152 3
      vertex -22.8146 8.375 0
      vertex -22.8146 8.375 3
    endloop
  endfacet
  facet normal 0.831456 0.55559 0
    outer loop
      vertex -22.8146 8.375 0
      vertex -22.5784 8.02152 3
      vertex -22.5784 8.02152 0
    endloop
  endfacet
  facet normal 0.442277 0.896879 -0
    outer loop
      vertex -21.2437 6.99739 0
      vertex -21.625 7.18542 3
      vertex -21.2437 6.99739 3
    endloop
  endfacet
  facet normal 0.442277 0.896879 0
    outer loop
      vertex -21.625 7.18542 3
      vertex -21.2437 6.99739 0
      vertex -21.625 7.18542 0
    endloop
  endfacet
  facet normal -0.659406 -0.751787 0
    outer loop
      vertex -69.7695 23.952 -2
      vertex -69.6515 23.8485 2
      vertex -69.7695 23.952 2
    endloop
  endfacet
  facet normal -0.659406 -0.751787 -0
    outer loop
      vertex -69.6515 23.8485 2
      vertex -69.7695 23.952 -2
      vertex -69.6515 23.8485 -2
    endloop
  endfacet
  facet normal 0.321194 -0.947013 0
    outer loop
      vertex -70.9592 24.1087 -2
      vertex -70.8106 24.1591 2
      vertex -70.9592 24.1087 2
    endloop
  endfacet
  facet normal 0.321194 -0.947013 0
    outer loop
      vertex -70.8106 24.1591 2
      vertex -70.9592 24.1087 -2
      vertex -70.8106 24.1591 -2
    endloop
  endfacet
  facet normal 0.896708 -0.442622 0
    outer loop
      vertex -71.6087 23.4592 2
      vertex -71.5392 23.6 -2
      vertex -71.5392 23.6 2
    endloop
  endfacet
  facet normal 0.896708 -0.442622 0
    outer loop
      vertex -71.5392 23.6 -2
      vertex -71.6087 23.4592 2
      vertex -71.6087 23.4592 -2
    endloop
  endfacet
  facet normal 0.947013 0.321194 0
    outer loop
      vertex -71.6087 22.5408 2
      vertex -71.6591 22.6894 -2
      vertex -71.6591 22.6894 2
    endloop
  endfacet
  facet normal 0.947013 0.321194 0
    outer loop
      vertex -71.6591 22.6894 -2
      vertex -71.6087 22.5408 2
      vertex -71.6087 22.5408 -2
    endloop
  endfacet
  facet normal -0.896708 -0.442622 0
    outer loop
      vertex -69.3913 23.4592 -2
      vertex -69.4608 23.6 2
      vertex -69.4608 23.6 -2
    endloop
  endfacet
  facet normal -0.896708 -0.442622 0
    outer loop
      vertex -69.4608 23.6 2
      vertex -69.3913 23.4592 -2
      vertex -69.3913 23.4592 2
    endloop
  endfacet
  facet normal -0.831462 -0.555582 0
    outer loop
      vertex -69.4608 23.6 -2
      vertex -69.548 23.7305 2
      vertex -69.548 23.7305 -2
    endloop
  endfacet
  facet normal -0.831462 -0.555582 0
    outer loop
      vertex -69.548 23.7305 2
      vertex -69.4608 23.6 -2
      vertex -69.4608 23.6 2
    endloop
  endfacet
  facet normal -0.751787 -0.659406 0
    outer loop
      vertex -69.548 23.7305 -2
      vertex -69.6515 23.8485 2
      vertex -69.6515 23.8485 -2
    endloop
  endfacet
  facet normal -0.751787 -0.659406 0
    outer loop
      vertex -69.6515 23.8485 2
      vertex -69.548 23.7305 -2
      vertex -69.548 23.7305 2
    endloop
  endfacet
  facet normal -0.442622 -0.896708 0
    outer loop
      vertex -70.0408 24.1087 -2
      vertex -69.9 24.0392 2
      vertex -70.0408 24.1087 2
    endloop
  endfacet
  facet normal -0.442622 -0.896708 -0
    outer loop
      vertex -69.9 24.0392 2
      vertex -70.0408 24.1087 -2
      vertex -69.9 24.0392 -2
    endloop
  endfacet
  facet normal -0.0656309 -0.997844 0
    outer loop
      vertex -70.5 24.2 -2
      vertex -70.3434 24.1897 2
      vertex -70.5 24.2 2
    endloop
  endfacet
  facet normal -0.0656309 -0.997844 -0
    outer loop
      vertex -70.3434 24.1897 2
      vertex -70.5 24.2 -2
      vertex -70.3434 24.1897 -2
    endloop
  endfacet
  facet normal 0.997844 -0.0656309 0
    outer loop
      vertex -71.7 23 2
      vertex -71.6897 23.1566 -2
      vertex -71.6897 23.1566 2
    endloop
  endfacet
  facet normal 0.997844 -0.0656309 0
    outer loop
      vertex -71.6897 23.1566 -2
      vertex -71.7 23 2
      vertex -71.7 23 -2
    endloop
  endfacet
  facet normal 0.751787 -0.659406 0
    outer loop
      vertex -71.452 23.7305 2
      vertex -71.3485 23.8485 -2
      vertex -71.3485 23.8485 2
    endloop
  endfacet
  facet normal 0.751787 -0.659406 0
    outer loop
      vertex -71.3485 23.8485 -2
      vertex -71.452 23.7305 2
      vertex -71.452 23.7305 -2
    endloop
  endfacet
  facet normal 0.442622 -0.896708 0
    outer loop
      vertex -71.1 24.0392 -2
      vertex -70.9592 24.1087 2
      vertex -71.1 24.0392 2
    endloop
  endfacet
  facet normal 0.442622 -0.896708 0
    outer loop
      vertex -70.9592 24.1087 2
      vertex -71.1 24.0392 -2
      vertex -70.9592 24.1087 -2
    endloop
  endfacet
  facet normal 0.0656309 -0.997844 0
    outer loop
      vertex -70.6566 24.1897 -2
      vertex -70.5 24.2 2
      vertex -70.6566 24.1897 2
    endloop
  endfacet
  facet normal 0.0656309 -0.997844 0
    outer loop
      vertex -70.5 24.2 2
      vertex -70.6566 24.1897 -2
      vertex -70.5 24.2 -2
    endloop
  endfacet
  facet normal -0.997844 0.0656309 0
    outer loop
      vertex -69.3103 22.8434 -2
      vertex -69.3 23 2
      vertex -69.3 23 -2
    endloop
  endfacet
  facet normal -0.997844 0.0656309 0
    outer loop
      vertex -69.3 23 2
      vertex -69.3103 22.8434 -2
      vertex -69.3103 22.8434 2
    endloop
  endfacet
  facet normal -0.0656309 0.997844 0
    outer loop
      vertex -70.3434 21.8103 -2
      vertex -70.5 21.8 2
      vertex -70.3434 21.8103 2
    endloop
  endfacet
  facet normal -0.0656309 0.997844 0
    outer loop
      vertex -70.5 21.8 2
      vertex -70.3434 21.8103 -2
      vertex -70.5 21.8 -2
    endloop
  endfacet
  facet normal -0.442622 0.896708 0
    outer loop
      vertex -69.9 21.9608 -2
      vertex -70.0408 21.8913 2
      vertex -69.9 21.9608 2
    endloop
  endfacet
  facet normal -0.442622 0.896708 0
    outer loop
      vertex -70.0408 21.8913 2
      vertex -69.9 21.9608 -2
      vertex -70.0408 21.8913 -2
    endloop
  endfacet
  facet normal -0.751787 0.659406 0
    outer loop
      vertex -69.6515 22.1515 -2
      vertex -69.548 22.2695 2
      vertex -69.548 22.2695 -2
    endloop
  endfacet
  facet normal -0.751787 0.659406 0
    outer loop
      vertex -69.548 22.2695 2
      vertex -69.6515 22.1515 -2
      vertex -69.6515 22.1515 2
    endloop
  endfacet
  facet normal 0.0656309 0.997844 -0
    outer loop
      vertex -70.5 21.8 -2
      vertex -70.6566 21.8103 2
      vertex -70.5 21.8 2
    endloop
  endfacet
  facet normal 0.0656309 0.997844 0
    outer loop
      vertex -70.6566 21.8103 2
      vertex -70.5 21.8 -2
      vertex -70.6566 21.8103 -2
    endloop
  endfacet
  facet normal 0.659406 0.751787 -0
    outer loop
      vertex -71.2305 22.048 -2
      vertex -71.3485 22.1515 2
      vertex -71.2305 22.048 2
    endloop
  endfacet
  facet normal 0.659406 0.751787 0
    outer loop
      vertex -71.3485 22.1515 2
      vertex -71.2305 22.048 -2
      vertex -71.3485 22.1515 -2
    endloop
  endfacet
  facet normal 0.896708 0.442622 0
    outer loop
      vertex -71.5392 22.4 2
      vertex -71.6087 22.5408 -2
      vertex -71.6087 22.5408 2
    endloop
  endfacet
  facet normal 0.896708 0.442622 0
    outer loop
      vertex -71.6087 22.5408 -2
      vertex -71.5392 22.4 2
      vertex -71.5392 22.4 -2
    endloop
  endfacet
  facet normal 0.997844 0.0656309 0
    outer loop
      vertex -71.6897 22.8434 2
      vertex -71.7 23 -2
      vertex -71.7 23 2
    endloop
  endfacet
  facet normal 0.997844 0.0656309 0
    outer loop
      vertex -71.7 23 -2
      vertex -71.6897 22.8434 2
      vertex -71.6897 22.8434 -2
    endloop
  endfacet
  facet normal -0.980825 -0.194891 0
    outer loop
      vertex -69.3103 23.1566 -2
      vertex -69.3409 23.3106 2
      vertex -69.3409 23.3106 -2
    endloop
  endfacet
  facet normal -0.980825 -0.194891 0
    outer loop
      vertex -69.3409 23.3106 2
      vertex -69.3103 23.1566 -2
      vertex -69.3103 23.1566 2
    endloop
  endfacet
  facet normal -0.947013 -0.321194 0
    outer loop
      vertex -69.3409 23.3106 -2
      vertex -69.3913 23.4592 2
      vertex -69.3913 23.4592 -2
    endloop
  endfacet
  facet normal -0.947013 -0.321194 0
    outer loop
      vertex -69.3913 23.4592 2
      vertex -69.3409 23.3106 -2
      vertex -69.3409 23.3106 2
    endloop
  endfacet
  facet normal -0.555582 -0.831462 0
    outer loop
      vertex -69.9 24.0392 -2
      vertex -69.7695 23.952 2
      vertex -69.9 24.0392 2
    endloop
  endfacet
  facet normal -0.555582 -0.831462 -0
    outer loop
      vertex -69.7695 23.952 2
      vertex -69.9 24.0392 -2
      vertex -69.7695 23.952 -2
    endloop
  endfacet
  facet normal -0.321194 -0.947013 0
    outer loop
      vertex -70.1894 24.1591 -2
      vertex -70.0408 24.1087 2
      vertex -70.1894 24.1591 2
    endloop
  endfacet
  facet normal -0.321194 -0.947013 -0
    outer loop
      vertex -70.0408 24.1087 2
      vertex -70.1894 24.1591 -2
      vertex -70.0408 24.1087 -2
    endloop
  endfacet
  facet normal -0.194891 -0.980825 0
    outer loop
      vertex -70.3434 24.1897 -2
      vertex -70.1894 24.1591 2
      vertex -70.3434 24.1897 2
    endloop
  endfacet
  facet normal -0.194891 -0.980825 -0
    outer loop
      vertex -70.1894 24.1591 2
      vertex -70.3434 24.1897 -2
      vertex -70.1894 24.1591 -2
    endloop
  endfacet
  facet normal 0.947013 -0.321194 0
    outer loop
      vertex -71.6591 23.3106 2
      vertex -71.6087 23.4592 -2
      vertex -71.6087 23.4592 2
    endloop
  endfacet
  facet normal 0.947013 -0.321194 0
    outer loop
      vertex -71.6087 23.4592 -2
      vertex -71.6591 23.3106 2
      vertex -71.6591 23.3106 -2
    endloop
  endfacet
  facet normal 0.980825 -0.194891 0
    outer loop
      vertex -71.6897 23.1566 2
      vertex -71.6591 23.3106 -2
      vertex -71.6591 23.3106 2
    endloop
  endfacet
  facet normal 0.980825 -0.194891 0
    outer loop
      vertex -71.6591 23.3106 -2
      vertex -71.6897 23.1566 2
      vertex -71.6897 23.1566 -2
    endloop
  endfacet
  facet normal 0.831462 -0.555582 0
    outer loop
      vertex -71.5392 23.6 2
      vertex -71.452 23.7305 -2
      vertex -71.452 23.7305 2
    endloop
  endfacet
  facet normal 0.831462 -0.555582 0
    outer loop
      vertex -71.452 23.7305 -2
      vertex -71.5392 23.6 2
      vertex -71.5392 23.6 -2
    endloop
  endfacet
  facet normal 0.194891 -0.980825 0
    outer loop
      vertex -70.8106 24.1591 -2
      vertex -70.6566 24.1897 2
      vertex -70.8106 24.1591 2
    endloop
  endfacet
  facet normal 0.194891 -0.980825 0
    outer loop
      vertex -70.6566 24.1897 2
      vertex -70.8106 24.1591 -2
      vertex -70.6566 24.1897 -2
    endloop
  endfacet
  facet normal 0.555582 -0.831462 0
    outer loop
      vertex -71.2305 23.952 -2
      vertex -71.1 24.0392 2
      vertex -71.2305 23.952 2
    endloop
  endfacet
  facet normal 0.555582 -0.831462 0
    outer loop
      vertex -71.1 24.0392 2
      vertex -71.2305 23.952 -2
      vertex -71.1 24.0392 -2
    endloop
  endfacet
  facet normal 0.659406 -0.751787 0
    outer loop
      vertex -71.3485 23.8485 -2
      vertex -71.2305 23.952 2
      vertex -71.3485 23.8485 2
    endloop
  endfacet
  facet normal 0.659406 -0.751787 0
    outer loop
      vertex -71.2305 23.952 2
      vertex -71.3485 23.8485 -2
      vertex -71.2305 23.952 -2
    endloop
  endfacet
  facet normal -0.997844 -0.0656309 0
    outer loop
      vertex -69.3 23 -2
      vertex -69.3103 23.1566 2
      vertex -69.3103 23.1566 -2
    endloop
  endfacet
  facet normal -0.997844 -0.0656309 0
    outer loop
      vertex -69.3103 23.1566 2
      vertex -69.3 23 -2
      vertex -69.3 23 2
    endloop
  endfacet
  facet normal -0.194891 0.980825 0
    outer loop
      vertex -70.1894 21.8409 -2
      vertex -70.3434 21.8103 2
      vertex -70.1894 21.8409 2
    endloop
  endfacet
  facet normal -0.194891 0.980825 0
    outer loop
      vertex -70.3434 21.8103 2
      vertex -70.1894 21.8409 -2
      vertex -70.3434 21.8103 -2
    endloop
  endfacet
  facet normal -0.555582 0.831462 0
    outer loop
      vertex -69.7695 22.048 -2
      vertex -69.9 21.9608 2
      vertex -69.7695 22.048 2
    endloop
  endfacet
  facet normal -0.555582 0.831462 0
    outer loop
      vertex -69.9 21.9608 2
      vertex -69.7695 22.048 -2
      vertex -69.9 21.9608 -2
    endloop
  endfacet
  facet normal -0.896708 0.442622 0
    outer loop
      vertex -69.4608 22.4 -2
      vertex -69.3913 22.5408 2
      vertex -69.3913 22.5408 -2
    endloop
  endfacet
  facet normal -0.896708 0.442622 0
    outer loop
      vertex -69.3913 22.5408 2
      vertex -69.4608 22.4 -2
      vertex -69.4608 22.4 2
    endloop
  endfacet
  facet normal 0.321194 0.947013 -0
    outer loop
      vertex -70.8106 21.8409 -2
      vertex -70.9592 21.8913 2
      vertex -70.8106 21.8409 2
    endloop
  endfacet
  facet normal 0.321194 0.947013 0
    outer loop
      vertex -70.9592 21.8913 2
      vertex -70.8106 21.8409 -2
      vertex -70.9592 21.8913 -2
    endloop
  endfacet
  facet normal 0.442622 0.896708 -0
    outer loop
      vertex -70.9592 21.8913 -2
      vertex -71.1 21.9608 2
      vertex -70.9592 21.8913 2
    endloop
  endfacet
  facet normal 0.442622 0.896708 0
    outer loop
      vertex -71.1 21.9608 2
      vertex -70.9592 21.8913 -2
      vertex -71.1 21.9608 -2
    endloop
  endfacet
  facet normal 0.980825 0.194891 0
    outer loop
      vertex -71.6591 22.6894 2
      vertex -71.6897 22.8434 -2
      vertex -71.6897 22.8434 2
    endloop
  endfacet
  facet normal 0.980825 0.194891 0
    outer loop
      vertex -71.6897 22.8434 -2
      vertex -71.6591 22.6894 2
      vertex -71.6591 22.6894 -2
    endloop
  endfacet
  facet normal 0.831462 0.555582 0
    outer loop
      vertex -71.452 22.2695 2
      vertex -71.5392 22.4 -2
      vertex -71.5392 22.4 2
    endloop
  endfacet
  facet normal 0.831462 0.555582 0
    outer loop
      vertex -71.5392 22.4 -2
      vertex -71.452 22.2695 2
      vertex -71.452 22.2695 -2
    endloop
  endfacet
  facet normal -0.980825 0.194891 0
    outer loop
      vertex -69.3409 22.6894 -2
      vertex -69.3103 22.8434 2
      vertex -69.3103 22.8434 -2
    endloop
  endfacet
  facet normal -0.980825 0.194891 0
    outer loop
      vertex -69.3103 22.8434 2
      vertex -69.3409 22.6894 -2
      vertex -69.3409 22.6894 2
    endloop
  endfacet
  facet normal -0.947013 0.321194 0
    outer loop
      vertex -69.3913 22.5408 -2
      vertex -69.3409 22.6894 2
      vertex -69.3409 22.6894 -2
    endloop
  endfacet
  facet normal -0.947013 0.321194 0
    outer loop
      vertex -69.3409 22.6894 2
      vertex -69.3913 22.5408 -2
      vertex -69.3913 22.5408 2
    endloop
  endfacet
  facet normal -0.321194 0.947013 0
    outer loop
      vertex -70.0408 21.8913 -2
      vertex -70.1894 21.8409 2
      vertex -70.0408 21.8913 2
    endloop
  endfacet
  facet normal -0.321194 0.947013 0
    outer loop
      vertex -70.1894 21.8409 2
      vertex -70.0408 21.8913 -2
      vertex -70.1894 21.8409 -2
    endloop
  endfacet
  facet normal -0.659406 0.751787 0
    outer loop
      vertex -69.6515 22.1515 -2
      vertex -69.7695 22.048 2
      vertex -69.6515 22.1515 2
    endloop
  endfacet
  facet normal -0.659406 0.751787 0
    outer loop
      vertex -69.7695 22.048 2
      vertex -69.6515 22.1515 -2
      vertex -69.7695 22.048 -2
    endloop
  endfacet
  facet normal -0.831462 0.555582 0
    outer loop
      vertex -69.548 22.2695 -2
      vertex -69.4608 22.4 2
      vertex -69.4608 22.4 -2
    endloop
  endfacet
  facet normal -0.831462 0.555582 0
    outer loop
      vertex -69.4608 22.4 2
      vertex -69.548 22.2695 -2
      vertex -69.548 22.2695 2
    endloop
  endfacet
  facet normal 0.194891 0.980825 -0
    outer loop
      vertex -70.6566 21.8103 -2
      vertex -70.8106 21.8409 2
      vertex -70.6566 21.8103 2
    endloop
  endfacet
  facet normal 0.194891 0.980825 0
    outer loop
      vertex -70.8106 21.8409 2
      vertex -70.6566 21.8103 -2
      vertex -70.8106 21.8409 -2
    endloop
  endfacet
  facet normal 0.555582 0.831462 -0
    outer loop
      vertex -71.1 21.9608 -2
      vertex -71.2305 22.048 2
      vertex -71.1 21.9608 2
    endloop
  endfacet
  facet normal 0.555582 0.831462 0
    outer loop
      vertex -71.2305 22.048 2
      vertex -71.1 21.9608 -2
      vertex -71.2305 22.048 -2
    endloop
  endfacet
  facet normal 0.751787 0.659406 0
    outer loop
      vertex -71.3485 22.1515 2
      vertex -71.452 22.2695 -2
      vertex -71.452 22.2695 2
    endloop
  endfacet
  facet normal 0.751787 0.659406 0
    outer loop
      vertex -71.452 22.2695 -2
      vertex -71.3485 22.1515 2
      vertex -71.3485 22.1515 -2
    endloop
  endfacet
  facet normal -0.709839 -0.046688 0.702815
    outer loop
      vertex -69.3 23 2
      vertex -68.31 23.0016 3
      vertex -69.3103 23.1566 2
    endloop
  endfacet
  facet normal -0.709916 -0.0443697 0.702888
    outer loop
      vertex -68.31 23.0016 3
      vertex -69.3 23 2
      vertex -68.3099 23 3
    endloop
  endfacet
  facet normal 0.469058 -0.534772 0.702854
    outer loop
      vertex -72.0475 24.5497 3
      vertex -71.3485 23.8485 2
      vertex -71.2305 23.952 2
    endloop
  endfacet
  facet normal 0.502483 -0.502483 0.703577
    outer loop
      vertex -71.3485 23.8485 2
      vertex -72.0475 24.5497 3
      vertex -72.0486 24.5486 3
    endloop
  endfacet
  facet normal -0.585231 -0.40516 0.702389
    outer loop
      vertex -68.6042 24.0963 3
      vertex -69.4608 23.6 2
      vertex -68.6033 24.095 3
    endloop
  endfacet
  facet normal -0.591481 -0.395227 0.702813
    outer loop
      vertex -69.4608 23.6 2
      vertex -68.6042 24.0963 3
      vertex -69.548 23.7305 2
    endloop
  endfacet
  facet normal -0.502483 0.502483 0.703577
    outer loop
      vertex -69.6515 22.1515 2
      vertex -68.9525 21.4503 3
      vertex -68.9514 21.4514 3
    endloop
  endfacet
  facet normal -0.469058 0.534772 0.702854
    outer loop
      vertex -68.9525 21.4503 3
      vertex -69.6515 22.1515 2
      vertex -69.7695 22.048 2
    endloop
  endfacet
  facet normal 0.673614 0.228699 0.702809
    outer loop
      vertex -72.5234 22.1619 3
      vertex -71.6087 22.5408 2
      vertex -72.615 22.4317 3
    endloop
  endfacet
  facet normal -0.673614 -0.228699 0.702809
    outer loop
      vertex -68.385 23.5683 3
      vertex -68.4766 23.8381 3
      vertex -69.3913 23.4592 2
    endloop
  endfacet
  facet normal -0.637999 0.31463 0.702826
    outer loop
      vertex -68.6033 21.905 3
      vertex -68.4773 22.1605 3
      vertex -69.4608 22.4 2
    endloop
  endfacet
  facet normal 0.228699 0.673614 0.702809
    outer loop
      vertex -71.0683 20.885 3
      vertex -70.9592 21.8913 2
      vertex -71.3381 20.9766 3
    endloop
  endfacet
  facet normal 0.709916 0.0443697 0.702888
    outer loop
      vertex -72.69 22.9984 3
      vertex -71.7 23 2
      vertex -72.6901 23 3
    endloop
  endfacet
  facet normal 0.709839 0.046688 0.702815
    outer loop
      vertex -71.7 23 2
      vertex -72.69 22.9984 3
      vertex -71.6897 22.8434 2
    endloop
  endfacet
  facet normal 0.637999 -0.31463 0.702826
    outer loop
      vertex -71.5392 23.6 2
      vertex -72.3967 24.095 3
      vertex -72.5227 23.8395 3
    endloop
  endfacet
  facet normal -0.535004 -0.468846 0.702819
    outer loop
      vertex -68.7625 24.3332 3
      vertex -68.9503 24.5475 3
      vertex -69.548 23.7305 2
    endloop
  endfacet
  facet normal -0.585231 0.40516 0.702389
    outer loop
      vertex -69.4608 22.4 2
      vertex -68.6042 21.9037 3
      vertex -68.6033 21.905 3
    endloop
  endfacet
  facet normal -0.591481 0.395227 0.702813
    outer loop
      vertex -68.6042 21.9037 3
      vertex -69.4608 22.4 2
      vertex -69.548 22.2695 2
    endloop
  endfacet
  facet normal -0.468846 0.535004 0.702819
    outer loop
      vertex -69.1668 21.2625 3
      vertex -68.9525 21.4503 3
      vertex -69.7695 22.048 2
    endloop
  endfacet
  facet normal -0.674743 0.224914 0.702947
    outer loop
      vertex -69.3409 22.6894 2
      vertex -68.385 22.4317 3
      vertex -68.3845 22.4332 3
    endloop
  endfacet
  facet normal -0.673662 0.228483 0.702834
    outer loop
      vertex -68.385 22.4317 3
      vertex -69.3409 22.6894 2
      vertex -69.3913 22.5408 2
    endloop
  endfacet
  facet normal -0.673614 0.228699 0.702809
    outer loop
      vertex -68.4766 22.1619 3
      vertex -68.385 22.4317 3
      vertex -69.3913 22.5408 2
    endloop
  endfacet
  facet normal 0.469058 0.534772 0.702854
    outer loop
      vertex -71.3485 22.1515 2
      vertex -72.0475 21.4503 3
      vertex -71.2305 22.048 2
    endloop
  endfacet
  facet normal 0.502483 0.502483 0.703577
    outer loop
      vertex -72.0475 21.4503 3
      vertex -71.3485 22.1515 2
      vertex -72.0486 21.4514 3
    endloop
  endfacet
  facet normal 0.637999 0.31463 0.702826
    outer loop
      vertex -72.3967 21.905 3
      vertex -71.5392 22.4 2
      vertex -72.5227 22.1605 3
    endloop
  endfacet
  facet normal 0.591481 -0.395227 0.702813
    outer loop
      vertex -72.3958 24.0963 3
      vertex -71.5392 23.6 2
      vertex -71.452 23.7305 2
    endloop
  endfacet
  facet normal 0.585231 -0.40516 0.702389
    outer loop
      vertex -71.5392 23.6 2
      vertex -72.3958 24.0963 3
      vertex -72.3967 24.095 3
    endloop
  endfacet
  facet normal 0.468846 -0.535004 0.702819
    outer loop
      vertex -71.2305 23.952 2
      vertex -71.8332 24.7375 3
      vertex -72.0475 24.5497 3
    endloop
  endfacet
  facet normal 0.673662 -0.228483 0.702834
    outer loop
      vertex -72.615 23.5683 3
      vertex -71.6591 23.3106 2
      vertex -71.6087 23.4592 2
    endloop
  endfacet
  facet normal 0.674743 -0.224914 0.702947
    outer loop
      vertex -71.6591 23.3106 2
      vertex -72.615 23.5683 3
      vertex -72.6155 23.5668 3
    endloop
  endfacet
  facet normal 0.673614 -0.228699 0.702809
    outer loop
      vertex -71.6087 23.4592 2
      vertex -72.5234 23.8381 3
      vertex -72.615 23.5683 3
    endloop
  endfacet
  facet normal -0.139505 -0.697523 0.702852
    outer loop
      vertex -69.9347 25.1158 3
      vertex -70.1894 24.1591 2
      vertex -69.9332 25.1155 3
    endloop
  endfacet
  facet normal -0.138639 -0.697724 0.702824
    outer loop
      vertex -70.1894 24.1591 2
      vertex -69.9347 25.1158 3
      vertex -70.3434 24.1897 2
    endloop
  endfacet
  facet normal -0.318197 -0.636395 0.702675
    outer loop
      vertex -70.0408 24.1087 2
      vertex -69.6605 25.0227 3
      vertex -69.6619 25.0234 3
    endloop
  endfacet
  facet normal -0.314877 -0.63791 0.702797
    outer loop
      vertex -69.6605 25.0227 3
      vertex -70.0408 24.1087 2
      vertex -69.9 24.0392 2
    endloop
  endfacet
  facet normal -0.637999 -0.31463 0.702826
    outer loop
      vertex -68.4773 23.8395 3
      vertex -68.6033 24.095 3
      vertex -69.4608 23.6 2
    endloop
  endfacet
  facet normal -0.697523 -0.139505 0.702852
    outer loop
      vertex -69.3409 23.3106 2
      vertex -68.3842 23.5653 3
      vertex -68.3845 23.5668 3
    endloop
  endfacet
  facet normal -0.697724 -0.138639 0.702824
    outer loop
      vertex -68.3842 23.5653 3
      vertex -69.3409 23.3106 2
      vertex -69.3103 23.1566 2
    endloop
  endfacet
  facet normal -0.709828 -0.0464397 0.702843
    outer loop
      vertex -68.31 23.0016 3
      vertex -68.3286 23.2859 3
      vertex -69.3103 23.1566 2
    endloop
  endfacet
  facet normal -0.697662 -0.138833 0.702846
    outer loop
      vertex -68.3286 23.2859 3
      vertex -68.3842 23.5653 3
      vertex -69.3103 23.1566 2
    endloop
  endfacet
  facet normal -0.709916 0.0443697 0.702888
    outer loop
      vertex -69.3 23 2
      vertex -68.31 22.9984 3
      vertex -68.3099 23 3
    endloop
  endfacet
  facet normal -0.709839 0.046688 0.702815
    outer loop
      vertex -68.31 22.9984 3
      vertex -69.3 23 2
      vertex -69.3103 22.8434 2
    endloop
  endfacet
  facet normal -0.591477 0.395234 0.702812
    outer loop
      vertex -68.7625 21.6668 3
      vertex -68.6042 21.9037 3
      vertex -69.548 22.2695 2
    endloop
  endfacet
  facet normal -0.395234 0.591477 0.702812
    outer loop
      vertex -69.4037 21.1042 3
      vertex -69.1668 21.2625 3
      vertex -69.7695 22.048 2
    endloop
  endfacet
  facet normal -0.228699 0.673614 0.702809
    outer loop
      vertex -69.9317 20.885 3
      vertex -69.6619 20.9766 3
      vertex -70.0408 21.8913 2
    endloop
  endfacet
  facet normal -0.0466881 0.709841 0.702813
    outer loop
      vertex -70.5 21.8 2
      vertex -70.4985 20.81 3
      vertex -70.3434 21.8103 2
    endloop
  endfacet
  facet normal -0.0473213 0.709819 0.702792
    outer loop
      vertex -70.4985 20.81 3
      vertex -70.5 21.8 2
      vertex -70.5 20.8099 3
    endloop
  endfacet
  facet normal -0.636395 0.318197 0.702675
    outer loop
      vertex -69.3913 22.5408 2
      vertex -68.4773 22.1605 3
      vertex -68.4766 22.1619 3
    endloop
  endfacet
  facet normal -0.63791 0.314877 0.702797
    outer loop
      vertex -68.4773 22.1605 3
      vertex -69.3913 22.5408 2
      vertex -69.4608 22.4 2
    endloop
  endfacet
  facet normal -0.709828 0.0464397 0.702843
    outer loop
      vertex -68.3286 22.7141 3
      vertex -68.31 22.9984 3
      vertex -69.3103 22.8434 2
    endloop
  endfacet
  facet normal -0.697662 0.138833 0.702846
    outer loop
      vertex -68.3842 22.4347 3
      vertex -68.3286 22.7141 3
      vertex -69.3103 22.8434 2
    endloop
  endfacet
  facet normal 0.697662 0.138833 0.702846
    outer loop
      vertex -72.6158 22.4347 3
      vertex -71.6897 22.8434 2
      vertex -72.6714 22.7141 3
    endloop
  endfacet
  facet normal 0.709828 0.0464397 0.702843
    outer loop
      vertex -72.6714 22.7141 3
      vertex -71.6897 22.8434 2
      vertex -72.69 22.9984 3
    endloop
  endfacet
  facet normal 0.63791 0.314877 0.702797
    outer loop
      vertex -71.6087 22.5408 2
      vertex -72.5227 22.1605 3
      vertex -71.5392 22.4 2
    endloop
  endfacet
  facet normal 0.636395 0.318197 0.702675
    outer loop
      vertex -72.5227 22.1605 3
      vertex -71.6087 22.5408 2
      vertex -72.5234 22.1619 3
    endloop
  endfacet
  facet normal 0.534772 0.469058 0.702854
    outer loop
      vertex -72.0497 21.4525 3
      vertex -71.3485 22.1515 2
      vertex -71.452 22.2695 2
    endloop
  endfacet
  facet normal 0.502483 0.502483 0.703577
    outer loop
      vertex -71.3485 22.1515 2
      vertex -72.0497 21.4525 3
      vertex -72.0486 21.4514 3
    endloop
  endfacet
  facet normal 0.314877 0.63791 0.702797
    outer loop
      vertex -71.3395 20.9773 3
      vertex -70.9592 21.8913 2
      vertex -71.1 21.9608 2
    endloop
  endfacet
  facet normal 0.318197 0.636395 0.702675
    outer loop
      vertex -70.9592 21.8913 2
      vertex -71.3395 20.9773 3
      vertex -71.3381 20.9766 3
    endloop
  endfacet
  facet normal 0.395234 0.591477 0.702812
    outer loop
      vertex -71.5963 21.1042 3
      vertex -71.2305 22.048 2
      vertex -71.8332 21.2625 3
    endloop
  endfacet
  facet normal 0.709916 -0.0443697 0.702888
    outer loop
      vertex -71.7 23 2
      vertex -72.69 23.0016 3
      vertex -72.6901 23 3
    endloop
  endfacet
  facet normal 0.709839 -0.046688 0.702815
    outer loop
      vertex -72.69 23.0016 3
      vertex -71.7 23 2
      vertex -71.6897 23.1566 2
    endloop
  endfacet
  facet normal 0.591477 -0.395234 0.702812
    outer loop
      vertex -71.452 23.7305 2
      vertex -72.2375 24.3332 3
      vertex -72.3958 24.0963 3
    endloop
  endfacet
  facet normal 0.395234 -0.591477 0.702812
    outer loop
      vertex -71.2305 23.952 2
      vertex -71.5963 24.8958 3
      vertex -71.8332 24.7375 3
    endloop
  endfacet
  facet normal 0.0466881 -0.709841 0.702813
    outer loop
      vertex -70.5 24.2 2
      vertex -70.5015 25.19 3
      vertex -70.6566 24.1897 2
    endloop
  endfacet
  facet normal 0.0473213 -0.709819 0.702792
    outer loop
      vertex -70.5015 25.19 3
      vertex -70.5 24.2 2
      vertex -70.5 25.1901 3
    endloop
  endfacet
  facet normal 0.228699 -0.673614 0.702809
    outer loop
      vertex -70.9592 24.1087 2
      vertex -71.0683 25.115 3
      vertex -71.3381 25.0234 3
    endloop
  endfacet
  facet normal 0.63791 -0.314877 0.702797
    outer loop
      vertex -72.5227 23.8395 3
      vertex -71.6087 23.4592 2
      vertex -71.5392 23.6 2
    endloop
  endfacet
  facet normal 0.636395 -0.318197 0.702675
    outer loop
      vertex -71.6087 23.4592 2
      vertex -72.5227 23.8395 3
      vertex -72.5234 23.8381 3
    endloop
  endfacet
  facet normal 0.709828 -0.0464397 0.702843
    outer loop
      vertex -71.6897 23.1566 2
      vertex -72.6714 23.2859 3
      vertex -72.69 23.0016 3
    endloop
  endfacet
  facet normal 0.697662 -0.138833 0.702846
    outer loop
      vertex -71.6897 23.1566 2
      vertex -72.6158 23.5653 3
      vertex -72.6714 23.2859 3
    endloop
  endfacet
  facet normal -0.0473213 -0.709819 0.702792
    outer loop
      vertex -70.5 24.2 2
      vertex -70.4985 25.19 3
      vertex -70.5 25.1901 3
    endloop
  endfacet
  facet normal -0.0466881 -0.709841 0.702813
    outer loop
      vertex -70.4985 25.19 3
      vertex -70.5 24.2 2
      vertex -70.3434 24.1897 2
    endloop
  endfacet
  facet normal -0.40516 -0.585231 0.702389
    outer loop
      vertex -69.9 24.0392 2
      vertex -69.4037 24.8958 3
      vertex -69.405 24.8967 3
    endloop
  endfacet
  facet normal -0.395227 -0.591481 0.702813
    outer loop
      vertex -69.4037 24.8958 3
      vertex -69.9 24.0392 2
      vertex -69.7695 23.952 2
    endloop
  endfacet
  facet normal -0.31463 -0.637999 0.702826
    outer loop
      vertex -69.405 24.8967 3
      vertex -69.6605 25.0227 3
      vertex -69.9 24.0392 2
    endloop
  endfacet
  facet normal -0.502483 -0.502483 0.703577
    outer loop
      vertex -69.6515 23.8485 2
      vertex -68.9503 24.5475 3
      vertex -68.9514 24.5486 3
    endloop
  endfacet
  facet normal -0.534772 -0.469058 0.702854
    outer loop
      vertex -68.9503 24.5475 3
      vertex -69.6515 23.8485 2
      vertex -69.548 23.7305 2
    endloop
  endfacet
  facet normal -0.591477 -0.395234 0.702812
    outer loop
      vertex -68.6042 24.0963 3
      vertex -68.7625 24.3332 3
      vertex -69.548 23.7305 2
    endloop
  endfacet
  facet normal -0.636395 -0.318197 0.702675
    outer loop
      vertex -68.4773 23.8395 3
      vertex -69.3913 23.4592 2
      vertex -68.4766 23.8381 3
    endloop
  endfacet
  facet normal -0.63791 -0.314877 0.702797
    outer loop
      vertex -69.3913 23.4592 2
      vertex -68.4773 23.8395 3
      vertex -69.4608 23.6 2
    endloop
  endfacet
  facet normal -0.674743 -0.224914 0.702947
    outer loop
      vertex -68.385 23.5683 3
      vertex -69.3409 23.3106 2
      vertex -68.3845 23.5668 3
    endloop
  endfacet
  facet normal -0.673662 -0.228483 0.702834
    outer loop
      vertex -69.3409 23.3106 2
      vertex -68.385 23.5683 3
      vertex -69.3913 23.4592 2
    endloop
  endfacet
  facet normal -0.31463 0.637999 0.702826
    outer loop
      vertex -69.6605 20.9773 3
      vertex -69.405 21.1033 3
      vertex -69.9 21.9608 2
    endloop
  endfacet
  facet normal -0.138833 0.697662 0.702846
    outer loop
      vertex -70.2141 20.8286 3
      vertex -69.9347 20.8842 3
      vertex -70.3434 21.8103 2
    endloop
  endfacet
  facet normal -0.0464234 0.709829 0.702842
    outer loop
      vertex -70.2141 20.8286 3
      vertex -70.3434 21.8103 2
      vertex -70.4985 20.81 3
    endloop
  endfacet
  facet normal -0.314877 0.63791 0.702797
    outer loop
      vertex -70.0408 21.8913 2
      vertex -69.6605 20.9773 3
      vertex -69.9 21.9608 2
    endloop
  endfacet
  facet normal -0.318197 0.636395 0.702675
    outer loop
      vertex -69.6605 20.9773 3
      vertex -70.0408 21.8913 2
      vertex -69.6619 20.9766 3
    endloop
  endfacet
  facet normal -0.228483 0.673662 0.702834
    outer loop
      vertex -70.1894 21.8409 2
      vertex -69.9317 20.885 3
      vertex -70.0408 21.8913 2
    endloop
  endfacet
  facet normal -0.224914 0.674743 0.702947
    outer loop
      vertex -69.9317 20.885 3
      vertex -70.1894 21.8409 2
      vertex -69.9332 20.8845 3
    endloop
  endfacet
  facet normal -0.535004 0.468846 0.702819
    outer loop
      vertex -68.9503 21.4525 3
      vertex -68.7625 21.6668 3
      vertex -69.548 22.2695 2
    endloop
  endfacet
  facet normal -0.534772 0.469058 0.702854
    outer loop
      vertex -69.6515 22.1515 2
      vertex -68.9503 21.4525 3
      vertex -69.548 22.2695 2
    endloop
  endfacet
  facet normal -0.502483 0.502483 0.703577
    outer loop
      vertex -68.9503 21.4525 3
      vertex -69.6515 22.1515 2
      vertex -68.9514 21.4514 3
    endloop
  endfacet
  facet normal -0.697724 0.138639 0.702824
    outer loop
      vertex -69.3409 22.6894 2
      vertex -68.3842 22.4347 3
      vertex -69.3103 22.8434 2
    endloop
  endfacet
  facet normal -0.697523 0.139505 0.702852
    outer loop
      vertex -68.3842 22.4347 3
      vertex -69.3409 22.6894 2
      vertex -68.3845 22.4332 3
    endloop
  endfacet
  facet normal 0.697724 0.138639 0.702824
    outer loop
      vertex -72.6158 22.4347 3
      vertex -71.6591 22.6894 2
      vertex -71.6897 22.8434 2
    endloop
  endfacet
  facet normal 0.697523 0.139505 0.702852
    outer loop
      vertex -71.6591 22.6894 2
      vertex -72.6158 22.4347 3
      vertex -72.6155 22.4332 3
    endloop
  endfacet
  facet normal 0.535004 0.468846 0.702819
    outer loop
      vertex -72.0497 21.4525 3
      vertex -71.452 22.2695 2
      vertex -72.2375 21.6668 3
    endloop
  endfacet
  facet normal 0.0473213 0.709819 0.702792
    outer loop
      vertex -70.5 21.8 2
      vertex -70.5015 20.81 3
      vertex -70.5 20.8099 3
    endloop
  endfacet
  facet normal 0.0466881 0.709841 0.702813
    outer loop
      vertex -70.5015 20.81 3
      vertex -70.5 21.8 2
      vertex -70.6566 21.8103 2
    endloop
  endfacet
  facet normal 0.31463 0.637999 0.702826
    outer loop
      vertex -71.3395 20.9773 3
      vertex -71.1 21.9608 2
      vertex -71.595 21.1033 3
    endloop
  endfacet
  facet normal 0.395227 0.591481 0.702813
    outer loop
      vertex -71.5963 21.1042 3
      vertex -71.1 21.9608 2
      vertex -71.2305 22.048 2
    endloop
  endfacet
  facet normal 0.40516 0.585231 0.702389
    outer loop
      vertex -71.1 21.9608 2
      vertex -71.5963 21.1042 3
      vertex -71.595 21.1033 3
    endloop
  endfacet
  facet normal 0.468846 0.535004 0.702819
    outer loop
      vertex -71.8332 21.2625 3
      vertex -71.2305 22.048 2
      vertex -72.0475 21.4503 3
    endloop
  endfacet
  facet normal 0.31463 -0.637999 0.702826
    outer loop
      vertex -71.1 24.0392 2
      vertex -71.3395 25.0227 3
      vertex -71.595 24.8967 3
    endloop
  endfacet
  facet normal 0.224914 -0.674743 0.702947
    outer loop
      vertex -71.0683 25.115 3
      vertex -70.8106 24.1591 2
      vertex -71.0668 25.1155 3
    endloop
  endfacet
  facet normal 0.228483 -0.673662 0.702834
    outer loop
      vertex -70.8106 24.1591 2
      vertex -71.0683 25.115 3
      vertex -70.9592 24.1087 2
    endloop
  endfacet
  facet normal 0.318197 -0.636395 0.702675
    outer loop
      vertex -71.3395 25.0227 3
      vertex -70.9592 24.1087 2
      vertex -71.3381 25.0234 3
    endloop
  endfacet
  facet normal 0.314877 -0.63791 0.702797
    outer loop
      vertex -70.9592 24.1087 2
      vertex -71.3395 25.0227 3
      vertex -71.1 24.0392 2
    endloop
  endfacet
  facet normal 0.138639 -0.697724 0.702824
    outer loop
      vertex -71.0653 25.1158 3
      vertex -70.8106 24.1591 2
      vertex -70.6566 24.1897 2
    endloop
  endfacet
  facet normal 0.139505 -0.697523 0.702852
    outer loop
      vertex -70.8106 24.1591 2
      vertex -71.0653 25.1158 3
      vertex -71.0668 25.1155 3
    endloop
  endfacet
  facet normal 0.535004 -0.468846 0.702819
    outer loop
      vertex -71.452 23.7305 2
      vertex -72.0497 24.5475 3
      vertex -72.2375 24.3332 3
    endloop
  endfacet
  facet normal 0.502483 -0.502483 0.703577
    outer loop
      vertex -72.0497 24.5475 3
      vertex -71.3485 23.8485 2
      vertex -72.0486 24.5486 3
    endloop
  endfacet
  facet normal 0.534772 -0.469058 0.702854
    outer loop
      vertex -71.3485 23.8485 2
      vertex -72.0497 24.5475 3
      vertex -71.452 23.7305 2
    endloop
  endfacet
  facet normal 0.697523 -0.139505 0.702852
    outer loop
      vertex -72.6158 23.5653 3
      vertex -71.6591 23.3106 2
      vertex -72.6155 23.5668 3
    endloop
  endfacet
  facet normal 0.697724 -0.138639 0.702824
    outer loop
      vertex -71.6591 23.3106 2
      vertex -72.6158 23.5653 3
      vertex -71.6897 23.1566 2
    endloop
  endfacet
  facet normal -0.468846 -0.535004 0.702819
    outer loop
      vertex -68.9525 24.5497 3
      vertex -69.1668 24.7375 3
      vertex -69.7695 23.952 2
    endloop
  endfacet
  facet normal -0.395234 -0.591477 0.702812
    outer loop
      vertex -69.1668 24.7375 3
      vertex -69.4037 24.8958 3
      vertex -69.7695 23.952 2
    endloop
  endfacet
  facet normal -0.224914 -0.674743 0.702947
    outer loop
      vertex -70.1894 24.1591 2
      vertex -69.9317 25.115 3
      vertex -69.9332 25.1155 3
    endloop
  endfacet
  facet normal -0.228483 -0.673662 0.702834
    outer loop
      vertex -69.9317 25.115 3
      vertex -70.1894 24.1591 2
      vertex -70.0408 24.1087 2
    endloop
  endfacet
  facet normal -0.228699 -0.673614 0.702809
    outer loop
      vertex -69.6619 25.0234 3
      vertex -69.9317 25.115 3
      vertex -70.0408 24.1087 2
    endloop
  endfacet
  facet normal -0.0464234 -0.709829 0.702842
    outer loop
      vertex -70.3434 24.1897 2
      vertex -70.2141 25.1714 3
      vertex -70.4985 25.19 3
    endloop
  endfacet
  facet normal -0.138833 -0.697662 0.702846
    outer loop
      vertex -69.9347 25.1158 3
      vertex -70.2141 25.1714 3
      vertex -70.3434 24.1897 2
    endloop
  endfacet
  facet normal -0.395227 0.591481 0.702813
    outer loop
      vertex -69.9 21.9608 2
      vertex -69.4037 21.1042 3
      vertex -69.7695 22.048 2
    endloop
  endfacet
  facet normal -0.40516 0.585231 0.702389
    outer loop
      vertex -69.4037 21.1042 3
      vertex -69.9 21.9608 2
      vertex -69.405 21.1033 3
    endloop
  endfacet
  facet normal -0.139505 0.697523 0.702852
    outer loop
      vertex -70.1894 21.8409 2
      vertex -69.9347 20.8842 3
      vertex -69.9332 20.8845 3
    endloop
  endfacet
  facet normal -0.138639 0.697724 0.702824
    outer loop
      vertex -69.9347 20.8842 3
      vertex -70.1894 21.8409 2
      vertex -70.3434 21.8103 2
    endloop
  endfacet
  facet normal 0.673662 0.228483 0.702834
    outer loop
      vertex -71.6591 22.6894 2
      vertex -72.615 22.4317 3
      vertex -71.6087 22.5408 2
    endloop
  endfacet
  facet normal 0.674743 0.224914 0.702947
    outer loop
      vertex -72.615 22.4317 3
      vertex -71.6591 22.6894 2
      vertex -72.6155 22.4332 3
    endloop
  endfacet
  facet normal 0.591477 0.395234 0.702812
    outer loop
      vertex -72.2375 21.6668 3
      vertex -71.452 22.2695 2
      vertex -72.3958 21.9037 3
    endloop
  endfacet
  facet normal 0.591481 0.395227 0.702813
    outer loop
      vertex -71.5392 22.4 2
      vertex -72.3958 21.9037 3
      vertex -71.452 22.2695 2
    endloop
  endfacet
  facet normal 0.585231 0.40516 0.702389
    outer loop
      vertex -72.3958 21.9037 3
      vertex -71.5392 22.4 2
      vertex -72.3967 21.905 3
    endloop
  endfacet
  facet normal 0.138833 0.697662 0.702846
    outer loop
      vertex -70.7859 20.8286 3
      vertex -70.6566 21.8103 2
      vertex -71.0653 20.8842 3
    endloop
  endfacet
  facet normal 0.0464234 0.709829 0.702842
    outer loop
      vertex -70.5015 20.81 3
      vertex -70.6566 21.8103 2
      vertex -70.7859 20.8286 3
    endloop
  endfacet
  facet normal 0.138639 0.697724 0.702824
    outer loop
      vertex -70.8106 21.8409 2
      vertex -71.0653 20.8842 3
      vertex -70.6566 21.8103 2
    endloop
  endfacet
  facet normal 0.139505 0.697523 0.702852
    outer loop
      vertex -71.0653 20.8842 3
      vertex -70.8106 21.8409 2
      vertex -71.0668 20.8845 3
    endloop
  endfacet
  facet normal 0.228483 0.673662 0.702834
    outer loop
      vertex -71.0683 20.885 3
      vertex -70.8106 21.8409 2
      vertex -70.9592 21.8913 2
    endloop
  endfacet
  facet normal 0.224914 0.674743 0.702947
    outer loop
      vertex -70.8106 21.8409 2
      vertex -71.0683 20.885 3
      vertex -71.0668 20.8845 3
    endloop
  endfacet
  facet normal 0.40516 -0.585231 0.702389
    outer loop
      vertex -71.5963 24.8958 3
      vertex -71.1 24.0392 2
      vertex -71.595 24.8967 3
    endloop
  endfacet
  facet normal 0.395227 -0.591481 0.702813
    outer loop
      vertex -71.1 24.0392 2
      vertex -71.5963 24.8958 3
      vertex -71.2305 23.952 2
    endloop
  endfacet
  facet normal 0.138833 -0.697662 0.702846
    outer loop
      vertex -70.6566 24.1897 2
      vertex -70.7859 25.1714 3
      vertex -71.0653 25.1158 3
    endloop
  endfacet
  facet normal 0.0464234 -0.709829 0.702842
    outer loop
      vertex -70.6566 24.1897 2
      vertex -70.5015 25.19 3
      vertex -70.7859 25.1714 3
    endloop
  endfacet
  facet normal -0.502483 -0.502483 0.703577
    outer loop
      vertex -68.9525 24.5497 3
      vertex -69.6515 23.8485 2
      vertex -68.9514 24.5486 3
    endloop
  endfacet
  facet normal -0.469058 -0.534772 0.702854
    outer loop
      vertex -69.6515 23.8485 2
      vertex -68.9525 24.5497 3
      vertex -69.7695 23.952 2
    endloop
  endfacet
  facet normal -0.659406 -0.751787 0
    outer loop
      vertex -69.7695 -22.048 -2
      vertex -69.6515 -22.1515 2
      vertex -69.7695 -22.048 2
    endloop
  endfacet
  facet normal -0.659406 -0.751787 -0
    outer loop
      vertex -69.6515 -22.1515 2
      vertex -69.7695 -22.048 -2
      vertex -69.6515 -22.1515 -2
    endloop
  endfacet
  facet normal 0.321194 -0.947013 0
    outer loop
      vertex -70.9592 -21.8913 -2
      vertex -70.8106 -21.8409 2
      vertex -70.9592 -21.8913 2
    endloop
  endfacet
  facet normal 0.321194 -0.947013 0
    outer loop
      vertex -70.8106 -21.8409 2
      vertex -70.9592 -21.8913 -2
      vertex -70.8106 -21.8409 -2
    endloop
  endfacet
  facet normal 0.896708 -0.442622 0
    outer loop
      vertex -71.6087 -22.5408 2
      vertex -71.5392 -22.4 -2
      vertex -71.5392 -22.4 2
    endloop
  endfacet
  facet normal 0.896708 -0.442622 0
    outer loop
      vertex -71.5392 -22.4 -2
      vertex -71.6087 -22.5408 2
      vertex -71.6087 -22.5408 -2
    endloop
  endfacet
  facet normal 0.947013 0.321194 0
    outer loop
      vertex -71.6087 -23.4592 2
      vertex -71.6591 -23.3106 -2
      vertex -71.6591 -23.3106 2
    endloop
  endfacet
  facet normal 0.947013 0.321194 0
    outer loop
      vertex -71.6591 -23.3106 -2
      vertex -71.6087 -23.4592 2
      vertex -71.6087 -23.4592 -2
    endloop
  endfacet
  facet normal -0.896708 -0.442622 0
    outer loop
      vertex -69.3913 -22.5408 -2
      vertex -69.4608 -22.4 2
      vertex -69.4608 -22.4 -2
    endloop
  endfacet
  facet normal -0.896708 -0.442622 0
    outer loop
      vertex -69.4608 -22.4 2
      vertex -69.3913 -22.5408 -2
      vertex -69.3913 -22.5408 2
    endloop
  endfacet
  facet normal -0.831462 -0.555582 0
    outer loop
      vertex -69.4608 -22.4 -2
      vertex -69.548 -22.2695 2
      vertex -69.548 -22.2695 -2
    endloop
  endfacet
  facet normal -0.831462 -0.555582 0
    outer loop
      vertex -69.548 -22.2695 2
      vertex -69.4608 -22.4 -2
      vertex -69.4608 -22.4 2
    endloop
  endfacet
  facet normal -0.751787 -0.659406 0
    outer loop
      vertex -69.548 -22.2695 -2
      vertex -69.6515 -22.1515 2
      vertex -69.6515 -22.1515 -2
    endloop
  endfacet
  facet normal -0.751787 -0.659406 0
    outer loop
      vertex -69.6515 -22.1515 2
      vertex -69.548 -22.2695 -2
      vertex -69.548 -22.2695 2
    endloop
  endfacet
  facet normal -0.442622 -0.896708 0
    outer loop
      vertex -70.0408 -21.8913 -2
      vertex -69.9 -21.9608 2
      vertex -70.0408 -21.8913 2
    endloop
  endfacet
  facet normal -0.442622 -0.896708 -0
    outer loop
      vertex -69.9 -21.9608 2
      vertex -70.0408 -21.8913 -2
      vertex -69.9 -21.9608 -2
    endloop
  endfacet
  facet normal -0.0656309 -0.997844 0
    outer loop
      vertex -70.5 -21.8 -2
      vertex -70.3434 -21.8103 2
      vertex -70.5 -21.8 2
    endloop
  endfacet
  facet normal -0.0656309 -0.997844 -0
    outer loop
      vertex -70.3434 -21.8103 2
      vertex -70.5 -21.8 -2
      vertex -70.3434 -21.8103 -2
    endloop
  endfacet
  facet normal 0.997844 -0.0656309 0
    outer loop
      vertex -71.7 -23 2
      vertex -71.6897 -22.8434 -2
      vertex -71.6897 -22.8434 2
    endloop
  endfacet
  facet normal 0.997844 -0.0656309 0
    outer loop
      vertex -71.6897 -22.8434 -2
      vertex -71.7 -23 2
      vertex -71.7 -23 -2
    endloop
  endfacet
  facet normal 0.751787 -0.659406 0
    outer loop
      vertex -71.452 -22.2695 2
      vertex -71.3485 -22.1515 -2
      vertex -71.3485 -22.1515 2
    endloop
  endfacet
  facet normal 0.751787 -0.659406 0
    outer loop
      vertex -71.3485 -22.1515 -2
      vertex -71.452 -22.2695 2
      vertex -71.452 -22.2695 -2
    endloop
  endfacet
  facet normal 0.442622 -0.896708 0
    outer loop
      vertex -71.1 -21.9608 -2
      vertex -70.9592 -21.8913 2
      vertex -71.1 -21.9608 2
    endloop
  endfacet
  facet normal 0.442622 -0.896708 0
    outer loop
      vertex -70.9592 -21.8913 2
      vertex -71.1 -21.9608 -2
      vertex -70.9592 -21.8913 -2
    endloop
  endfacet
  facet normal 0.0656309 -0.997844 0
    outer loop
      vertex -70.6566 -21.8103 -2
      vertex -70.5 -21.8 2
      vertex -70.6566 -21.8103 2
    endloop
  endfacet
  facet normal 0.0656309 -0.997844 0
    outer loop
      vertex -70.5 -21.8 2
      vertex -70.6566 -21.8103 -2
      vertex -70.5 -21.8 -2
    endloop
  endfacet
  facet normal -0.997844 0.0656309 0
    outer loop
      vertex -69.3103 -23.1566 -2
      vertex -69.3 -23 2
      vertex -69.3 -23 -2
    endloop
  endfacet
  facet normal -0.997844 0.0656309 0
    outer loop
      vertex -69.3 -23 2
      vertex -69.3103 -23.1566 -2
      vertex -69.3103 -23.1566 2
    endloop
  endfacet
  facet normal -0.0656309 0.997844 0
    outer loop
      vertex -70.3434 -24.1897 -2
      vertex -70.5 -24.2 2
      vertex -70.3434 -24.1897 2
    endloop
  endfacet
  facet normal -0.0656309 0.997844 0
    outer loop
      vertex -70.5 -24.2 2
      vertex -70.3434 -24.1897 -2
      vertex -70.5 -24.2 -2
    endloop
  endfacet
  facet normal -0.442622 0.896708 0
    outer loop
      vertex -69.9 -24.0392 -2
      vertex -70.0408 -24.1087 2
      vertex -69.9 -24.0392 2
    endloop
  endfacet
  facet normal -0.442622 0.896708 0
    outer loop
      vertex -70.0408 -24.1087 2
      vertex -69.9 -24.0392 -2
      vertex -70.0408 -24.1087 -2
    endloop
  endfacet
  facet normal -0.751787 0.659406 0
    outer loop
      vertex -69.6515 -23.8485 -2
      vertex -69.548 -23.7305 2
      vertex -69.548 -23.7305 -2
    endloop
  endfacet
  facet normal -0.751787 0.659406 0
    outer loop
      vertex -69.548 -23.7305 2
      vertex -69.6515 -23.8485 -2
      vertex -69.6515 -23.8485 2
    endloop
  endfacet
  facet normal 0.0656309 0.997844 -0
    outer loop
      vertex -70.5 -24.2 -2
      vertex -70.6566 -24.1897 2
      vertex -70.5 -24.2 2
    endloop
  endfacet
  facet normal 0.0656309 0.997844 0
    outer loop
      vertex -70.6566 -24.1897 2
      vertex -70.5 -24.2 -2
      vertex -70.6566 -24.1897 -2
    endloop
  endfacet
  facet normal 0.659406 0.751787 -0
    outer loop
      vertex -71.2305 -23.952 -2
      vertex -71.3485 -23.8485 2
      vertex -71.2305 -23.952 2
    endloop
  endfacet
  facet normal 0.659406 0.751787 0
    outer loop
      vertex -71.3485 -23.8485 2
      vertex -71.2305 -23.952 -2
      vertex -71.3485 -23.8485 -2
    endloop
  endfacet
  facet normal 0.896708 0.442622 0
    outer loop
      vertex -71.5392 -23.6 2
      vertex -71.6087 -23.4592 -2
      vertex -71.6087 -23.4592 2
    endloop
  endfacet
  facet normal 0.896708 0.442622 0
    outer loop
      vertex -71.6087 -23.4592 -2
      vertex -71.5392 -23.6 2
      vertex -71.5392 -23.6 -2
    endloop
  endfacet
  facet normal 0.997844 0.0656309 0
    outer loop
      vertex -71.6897 -23.1566 2
      vertex -71.7 -23 -2
      vertex -71.7 -23 2
    endloop
  endfacet
  facet normal 0.997844 0.0656309 0
    outer loop
      vertex -71.7 -23 -2
      vertex -71.6897 -23.1566 2
      vertex -71.6897 -23.1566 -2
    endloop
  endfacet
  facet normal -0.980825 -0.194891 0
    outer loop
      vertex -69.3103 -22.8434 -2
      vertex -69.3409 -22.6894 2
      vertex -69.3409 -22.6894 -2
    endloop
  endfacet
  facet normal -0.980825 -0.194891 0
    outer loop
      vertex -69.3409 -22.6894 2
      vertex -69.3103 -22.8434 -2
      vertex -69.3103 -22.8434 2
    endloop
  endfacet
  facet normal -0.947013 -0.321194 0
    outer loop
      vertex -69.3409 -22.6894 -2
      vertex -69.3913 -22.5408 2
      vertex -69.3913 -22.5408 -2
    endloop
  endfacet
  facet normal -0.947013 -0.321194 0
    outer loop
      vertex -69.3913 -22.5408 2
      vertex -69.3409 -22.6894 -2
      vertex -69.3409 -22.6894 2
    endloop
  endfacet
  facet normal -0.555582 -0.831462 0
    outer loop
      vertex -69.9 -21.9608 -2
      vertex -69.7695 -22.048 2
      vertex -69.9 -21.9608 2
    endloop
  endfacet
  facet normal -0.555582 -0.831462 -0
    outer loop
      vertex -69.7695 -22.048 2
      vertex -69.9 -21.9608 -2
      vertex -69.7695 -22.048 -2
    endloop
  endfacet
  facet normal -0.321194 -0.947013 0
    outer loop
      vertex -70.1894 -21.8409 -2
      vertex -70.0408 -21.8913 2
      vertex -70.1894 -21.8409 2
    endloop
  endfacet
  facet normal -0.321194 -0.947013 -0
    outer loop
      vertex -70.0408 -21.8913 2
      vertex -70.1894 -21.8409 -2
      vertex -70.0408 -21.8913 -2
    endloop
  endfacet
  facet normal -0.194891 -0.980825 0
    outer loop
      vertex -70.3434 -21.8103 -2
      vertex -70.1894 -21.8409 2
      vertex -70.3434 -21.8103 2
    endloop
  endfacet
  facet normal -0.194891 -0.980825 -0
    outer loop
      vertex -70.1894 -21.8409 2
      vertex -70.3434 -21.8103 -2
      vertex -70.1894 -21.8409 -2
    endloop
  endfacet
  facet normal 0.947013 -0.321194 0
    outer loop
      vertex -71.6591 -22.6894 2
      vertex -71.6087 -22.5408 -2
      vertex -71.6087 -22.5408 2
    endloop
  endfacet
  facet normal 0.947013 -0.321194 0
    outer loop
      vertex -71.6087 -22.5408 -2
      vertex -71.6591 -22.6894 2
      vertex -71.6591 -22.6894 -2
    endloop
  endfacet
  facet normal 0.980825 -0.194891 0
    outer loop
      vertex -71.6897 -22.8434 2
      vertex -71.6591 -22.6894 -2
      vertex -71.6591 -22.6894 2
    endloop
  endfacet
  facet normal 0.980825 -0.194891 0
    outer loop
      vertex -71.6591 -22.6894 -2
      vertex -71.6897 -22.8434 2
      vertex -71.6897 -22.8434 -2
    endloop
  endfacet
  facet normal 0.831462 -0.555582 0
    outer loop
      vertex -71.5392 -22.4 2
      vertex -71.452 -22.2695 -2
      vertex -71.452 -22.2695 2
    endloop
  endfacet
  facet normal 0.831462 -0.555582 0
    outer loop
      vertex -71.452 -22.2695 -2
      vertex -71.5392 -22.4 2
      vertex -71.5392 -22.4 -2
    endloop
  endfacet
  facet normal 0.194891 -0.980825 0
    outer loop
      vertex -70.8106 -21.8409 -2
      vertex -70.6566 -21.8103 2
      vertex -70.8106 -21.8409 2
    endloop
  endfacet
  facet normal 0.194891 -0.980825 0
    outer loop
      vertex -70.6566 -21.8103 2
      vertex -70.8106 -21.8409 -2
      vertex -70.6566 -21.8103 -2
    endloop
  endfacet
  facet normal 0.555582 -0.831462 0
    outer loop
      vertex -71.2305 -22.048 -2
      vertex -71.1 -21.9608 2
      vertex -71.2305 -22.048 2
    endloop
  endfacet
  facet normal 0.555582 -0.831462 0
    outer loop
      vertex -71.1 -21.9608 2
      vertex -71.2305 -22.048 -2
      vertex -71.1 -21.9608 -2
    endloop
  endfacet
  facet normal 0.659406 -0.751787 0
    outer loop
      vertex -71.3485 -22.1515 -2
      vertex -71.2305 -22.048 2
      vertex -71.3485 -22.1515 2
    endloop
  endfacet
  facet normal 0.659406 -0.751787 0
    outer loop
      vertex -71.2305 -22.048 2
      vertex -71.3485 -22.1515 -2
      vertex -71.2305 -22.048 -2
    endloop
  endfacet
  facet normal -0.997844 -0.0656309 0
    outer loop
      vertex -69.3 -23 -2
      vertex -69.3103 -22.8434 2
      vertex -69.3103 -22.8434 -2
    endloop
  endfacet
  facet normal -0.997844 -0.0656309 0
    outer loop
      vertex -69.3103 -22.8434 2
      vertex -69.3 -23 -2
      vertex -69.3 -23 2
    endloop
  endfacet
  facet normal -0.194891 0.980825 0
    outer loop
      vertex -70.1894 -24.1591 -2
      vertex -70.3434 -24.1897 2
      vertex -70.1894 -24.1591 2
    endloop
  endfacet
  facet normal -0.194891 0.980825 0
    outer loop
      vertex -70.3434 -24.1897 2
      vertex -70.1894 -24.1591 -2
      vertex -70.3434 -24.1897 -2
    endloop
  endfacet
  facet normal -0.555582 0.831462 0
    outer loop
      vertex -69.7695 -23.952 -2
      vertex -69.9 -24.0392 2
      vertex -69.7695 -23.952 2
    endloop
  endfacet
  facet normal -0.555582 0.831462 0
    outer loop
      vertex -69.9 -24.0392 2
      vertex -69.7695 -23.952 -2
      vertex -69.9 -24.0392 -2
    endloop
  endfacet
  facet normal -0.896708 0.442622 0
    outer loop
      vertex -69.4608 -23.6 -2
      vertex -69.3913 -23.4592 2
      vertex -69.3913 -23.4592 -2
    endloop
  endfacet
  facet normal -0.896708 0.442622 0
    outer loop
      vertex -69.3913 -23.4592 2
      vertex -69.4608 -23.6 -2
      vertex -69.4608 -23.6 2
    endloop
  endfacet
  facet normal 0.321194 0.947013 -0
    outer loop
      vertex -70.8106 -24.1591 -2
      vertex -70.9592 -24.1087 2
      vertex -70.8106 -24.1591 2
    endloop
  endfacet
  facet normal 0.321194 0.947013 0
    outer loop
      vertex -70.9592 -24.1087 2
      vertex -70.8106 -24.1591 -2
      vertex -70.9592 -24.1087 -2
    endloop
  endfacet
  facet normal 0.442622 0.896708 -0
    outer loop
      vertex -70.9592 -24.1087 -2
      vertex -71.1 -24.0392 2
      vertex -70.9592 -24.1087 2
    endloop
  endfacet
  facet normal 0.442622 0.896708 0
    outer loop
      vertex -71.1 -24.0392 2
      vertex -70.9592 -24.1087 -2
      vertex -71.1 -24.0392 -2
    endloop
  endfacet
  facet normal 0.980825 0.194891 0
    outer loop
      vertex -71.6591 -23.3106 2
      vertex -71.6897 -23.1566 -2
      vertex -71.6897 -23.1566 2
    endloop
  endfacet
  facet normal 0.980825 0.194891 0
    outer loop
      vertex -71.6897 -23.1566 -2
      vertex -71.6591 -23.3106 2
      vertex -71.6591 -23.3106 -2
    endloop
  endfacet
  facet normal 0.831462 0.555582 0
    outer loop
      vertex -71.452 -23.7305 2
      vertex -71.5392 -23.6 -2
      vertex -71.5392 -23.6 2
    endloop
  endfacet
  facet normal 0.831462 0.555582 0
    outer loop
      vertex -71.5392 -23.6 -2
      vertex -71.452 -23.7305 2
      vertex -71.452 -23.7305 -2
    endloop
  endfacet
  facet normal -0.980825 0.194891 0
    outer loop
      vertex -69.3409 -23.3106 -2
      vertex -69.3103 -23.1566 2
      vertex -69.3103 -23.1566 -2
    endloop
  endfacet
  facet normal -0.980825 0.194891 0
    outer loop
      vertex -69.3103 -23.1566 2
      vertex -69.3409 -23.3106 -2
      vertex -69.3409 -23.3106 2
    endloop
  endfacet
  facet normal -0.947013 0.321194 0
    outer loop
      vertex -69.3913 -23.4592 -2
      vertex -69.3409 -23.3106 2
      vertex -69.3409 -23.3106 -2
    endloop
  endfacet
  facet normal -0.947013 0.321194 0
    outer loop
      vertex -69.3409 -23.3106 2
      vertex -69.3913 -23.4592 -2
      vertex -69.3913 -23.4592 2
    endloop
  endfacet
  facet normal -0.321194 0.947013 0
    outer loop
      vertex -70.0408 -24.1087 -2
      vertex -70.1894 -24.1591 2
      vertex -70.0408 -24.1087 2
    endloop
  endfacet
  facet normal -0.321194 0.947013 0
    outer loop
      vertex -70.1894 -24.1591 2
      vertex -70.0408 -24.1087 -2
      vertex -70.1894 -24.1591 -2
    endloop
  endfacet
  facet normal -0.659406 0.751787 0
    outer loop
      vertex -69.6515 -23.8485 -2
      vertex -69.7695 -23.952 2
      vertex -69.6515 -23.8485 2
    endloop
  endfacet
  facet normal -0.659406 0.751787 0
    outer loop
      vertex -69.7695 -23.952 2
      vertex -69.6515 -23.8485 -2
      vertex -69.7695 -23.952 -2
    endloop
  endfacet
  facet normal -0.831462 0.555582 0
    outer loop
      vertex -69.548 -23.7305 -2
      vertex -69.4608 -23.6 2
      vertex -69.4608 -23.6 -2
    endloop
  endfacet
  facet normal -0.831462 0.555582 0
    outer loop
      vertex -69.4608 -23.6 2
      vertex -69.548 -23.7305 -2
      vertex -69.548 -23.7305 2
    endloop
  endfacet
  facet normal 0.194891 0.980825 -0
    outer loop
      vertex -70.6566 -24.1897 -2
      vertex -70.8106 -24.1591 2
      vertex -70.6566 -24.1897 2
    endloop
  endfacet
  facet normal 0.194891 0.980825 0
    outer loop
      vertex -70.8106 -24.1591 2
      vertex -70.6566 -24.1897 -2
      vertex -70.8106 -24.1591 -2
    endloop
  endfacet
  facet normal 0.555582 0.831462 -0
    outer loop
      vertex -71.1 -24.0392 -2
      vertex -71.2305 -23.952 2
      vertex -71.1 -24.0392 2
    endloop
  endfacet
  facet normal 0.555582 0.831462 0
    outer loop
      vertex -71.2305 -23.952 2
      vertex -71.1 -24.0392 -2
      vertex -71.2305 -23.952 -2
    endloop
  endfacet
  facet normal 0.751787 0.659406 0
    outer loop
      vertex -71.3485 -23.8485 2
      vertex -71.452 -23.7305 -2
      vertex -71.452 -23.7305 2
    endloop
  endfacet
  facet normal 0.751787 0.659406 0
    outer loop
      vertex -71.452 -23.7305 -2
      vertex -71.3485 -23.8485 2
      vertex -71.3485 -23.8485 -2
    endloop
  endfacet
  facet normal -0.709839 -0.046688 0.702815
    outer loop
      vertex -69.3 -23 2
      vertex -68.31 -22.9984 3
      vertex -69.3103 -22.8434 2
    endloop
  endfacet
  facet normal -0.709916 -0.0443697 0.702888
    outer loop
      vertex -68.31 -22.9984 3
      vertex -69.3 -23 2
      vertex -68.3099 -23 3
    endloop
  endfacet
  facet normal 0.469058 -0.534772 0.702854
    outer loop
      vertex -72.0475 -21.4503 3
      vertex -71.3485 -22.1515 2
      vertex -71.2305 -22.048 2
    endloop
  endfacet
  facet normal 0.502483 -0.502483 0.703577
    outer loop
      vertex -71.3485 -22.1515 2
      vertex -72.0475 -21.4503 3
      vertex -72.0486 -21.4514 3
    endloop
  endfacet
  facet normal -0.585231 -0.40516 0.702389
    outer loop
      vertex -68.6042 -21.9037 3
      vertex -69.4608 -22.4 2
      vertex -68.6033 -21.905 3
    endloop
  endfacet
  facet normal -0.591481 -0.395227 0.702813
    outer loop
      vertex -69.4608 -22.4 2
      vertex -68.6042 -21.9037 3
      vertex -69.548 -22.2695 2
    endloop
  endfacet
  facet normal -0.502483 0.502483 0.703577
    outer loop
      vertex -69.6515 -23.8485 2
      vertex -68.9525 -24.5497 3
      vertex -68.9514 -24.5486 3
    endloop
  endfacet
  facet normal -0.469058 0.534772 0.702854
    outer loop
      vertex -68.9525 -24.5497 3
      vertex -69.6515 -23.8485 2
      vertex -69.7695 -23.952 2
    endloop
  endfacet
  facet normal 0.673614 0.228699 0.702809
    outer loop
      vertex -72.5234 -23.8381 3
      vertex -71.6087 -23.4592 2
      vertex -72.615 -23.5683 3
    endloop
  endfacet
  facet normal -0.673614 -0.228699 0.702809
    outer loop
      vertex -68.385 -22.4317 3
      vertex -68.4766 -22.1619 3
      vertex -69.3913 -22.5408 2
    endloop
  endfacet
  facet normal -0.637999 0.31463 0.702826
    outer loop
      vertex -68.6033 -24.095 3
      vertex -68.4773 -23.8395 3
      vertex -69.4608 -23.6 2
    endloop
  endfacet
  facet normal 0.228699 0.673614 0.702809
    outer loop
      vertex -71.0683 -25.115 3
      vertex -70.9592 -24.1087 2
      vertex -71.3381 -25.0234 3
    endloop
  endfacet
  facet normal 0.709916 0.0443697 0.702888
    outer loop
      vertex -72.69 -23.0016 3
      vertex -71.7 -23 2
      vertex -72.6901 -23 3
    endloop
  endfacet
  facet normal 0.709839 0.046688 0.702815
    outer loop
      vertex -71.7 -23 2
      vertex -72.69 -23.0016 3
      vertex -71.6897 -23.1566 2
    endloop
  endfacet
  facet normal 0.637999 -0.31463 0.702826
    outer loop
      vertex -71.5392 -22.4 2
      vertex -72.3967 -21.905 3
      vertex -72.5227 -22.1605 3
    endloop
  endfacet
  facet normal -0.535004 -0.468846 0.702819
    outer loop
      vertex -68.7625 -21.6668 3
      vertex -68.9503 -21.4525 3
      vertex -69.548 -22.2695 2
    endloop
  endfacet
  facet normal -0.585231 0.40516 0.702389
    outer loop
      vertex -69.4608 -23.6 2
      vertex -68.6042 -24.0963 3
      vertex -68.6033 -24.095 3
    endloop
  endfacet
  facet normal -0.591481 0.395227 0.702813
    outer loop
      vertex -68.6042 -24.0963 3
      vertex -69.4608 -23.6 2
      vertex -69.548 -23.7305 2
    endloop
  endfacet
  facet normal -0.468846 0.535004 0.702819
    outer loop
      vertex -69.1668 -24.7375 3
      vertex -68.9525 -24.5497 3
      vertex -69.7695 -23.952 2
    endloop
  endfacet
  facet normal -0.674743 0.224914 0.702947
    outer loop
      vertex -69.3409 -23.3106 2
      vertex -68.385 -23.5683 3
      vertex -68.3845 -23.5668 3
    endloop
  endfacet
  facet normal -0.673662 0.228483 0.702834
    outer loop
      vertex -68.385 -23.5683 3
      vertex -69.3409 -23.3106 2
      vertex -69.3913 -23.4592 2
    endloop
  endfacet
  facet normal -0.673614 0.228699 0.702809
    outer loop
      vertex -68.4766 -23.8381 3
      vertex -68.385 -23.5683 3
      vertex -69.3913 -23.4592 2
    endloop
  endfacet
  facet normal 0.469058 0.534772 0.702854
    outer loop
      vertex -71.3485 -23.8485 2
      vertex -72.0475 -24.5497 3
      vertex -71.2305 -23.952 2
    endloop
  endfacet
  facet normal 0.502483 0.502483 0.703577
    outer loop
      vertex -72.0475 -24.5497 3
      vertex -71.3485 -23.8485 2
      vertex -72.0486 -24.5486 3
    endloop
  endfacet
  facet normal 0.637999 0.31463 0.702826
    outer loop
      vertex -72.3967 -24.095 3
      vertex -71.5392 -23.6 2
      vertex -72.5227 -23.8395 3
    endloop
  endfacet
  facet normal 0.591481 -0.395227 0.702813
    outer loop
      vertex -72.3958 -21.9037 3
      vertex -71.5392 -22.4 2
      vertex -71.452 -22.2695 2
    endloop
  endfacet
  facet normal 0.585231 -0.40516 0.702389
    outer loop
      vertex -71.5392 -22.4 2
      vertex -72.3958 -21.9037 3
      vertex -72.3967 -21.905 3
    endloop
  endfacet
  facet normal 0.468846 -0.535004 0.702819
    outer loop
      vertex -71.2305 -22.048 2
      vertex -71.8332 -21.2625 3
      vertex -72.0475 -21.4503 3
    endloop
  endfacet
  facet normal 0.673662 -0.228483 0.702834
    outer loop
      vertex -72.615 -22.4317 3
      vertex -71.6591 -22.6894 2
      vertex -71.6087 -22.5408 2
    endloop
  endfacet
  facet normal 0.674743 -0.224914 0.702947
    outer loop
      vertex -71.6591 -22.6894 2
      vertex -72.615 -22.4317 3
      vertex -72.6155 -22.4332 3
    endloop
  endfacet
  facet normal 0.673614 -0.228699 0.702809
    outer loop
      vertex -71.6087 -22.5408 2
      vertex -72.5234 -22.1619 3
      vertex -72.615 -22.4317 3
    endloop
  endfacet
  facet normal -0.139505 -0.697523 0.702852
    outer loop
      vertex -69.9347 -20.8842 3
      vertex -70.1894 -21.8409 2
      vertex -69.9332 -20.8845 3
    endloop
  endfacet
  facet normal -0.138639 -0.697724 0.702824
    outer loop
      vertex -70.1894 -21.8409 2
      vertex -69.9347 -20.8842 3
      vertex -70.3434 -21.8103 2
    endloop
  endfacet
  facet normal -0.318197 -0.636395 0.702675
    outer loop
      vertex -70.0408 -21.8913 2
      vertex -69.6605 -20.9773 3
      vertex -69.6619 -20.9766 3
    endloop
  endfacet
  facet normal -0.314877 -0.63791 0.702797
    outer loop
      vertex -69.6605 -20.9773 3
      vertex -70.0408 -21.8913 2
      vertex -69.9 -21.9608 2
    endloop
  endfacet
  facet normal -0.637999 -0.31463 0.702826
    outer loop
      vertex -68.4773 -22.1605 3
      vertex -68.6033 -21.905 3
      vertex -69.4608 -22.4 2
    endloop
  endfacet
  facet normal -0.697523 -0.139505 0.702852
    outer loop
      vertex -69.3409 -22.6894 2
      vertex -68.3842 -22.4347 3
      vertex -68.3845 -22.4332 3
    endloop
  endfacet
  facet normal -0.697724 -0.138639 0.702824
    outer loop
      vertex -68.3842 -22.4347 3
      vertex -69.3409 -22.6894 2
      vertex -69.3103 -22.8434 2
    endloop
  endfacet
  facet normal -0.709828 -0.0464397 0.702843
    outer loop
      vertex -68.31 -22.9984 3
      vertex -68.3286 -22.7141 3
      vertex -69.3103 -22.8434 2
    endloop
  endfacet
  facet normal -0.697662 -0.138833 0.702846
    outer loop
      vertex -68.3286 -22.7141 3
      vertex -68.3842 -22.4347 3
      vertex -69.3103 -22.8434 2
    endloop
  endfacet
  facet normal -0.709916 0.0443697 0.702888
    outer loop
      vertex -69.3 -23 2
      vertex -68.31 -23.0016 3
      vertex -68.3099 -23 3
    endloop
  endfacet
  facet normal -0.709839 0.046688 0.702815
    outer loop
      vertex -68.31 -23.0016 3
      vertex -69.3 -23 2
      vertex -69.3103 -23.1566 2
    endloop
  endfacet
  facet normal -0.591477 0.395234 0.702812
    outer loop
      vertex -68.7625 -24.3332 3
      vertex -68.6042 -24.0963 3
      vertex -69.548 -23.7305 2
    endloop
  endfacet
  facet normal -0.395234 0.591477 0.702812
    outer loop
      vertex -69.4037 -24.8958 3
      vertex -69.1668 -24.7375 3
      vertex -69.7695 -23.952 2
    endloop
  endfacet
  facet normal -0.228699 0.673614 0.702809
    outer loop
      vertex -69.9317 -25.115 3
      vertex -69.6619 -25.0234 3
      vertex -70.0408 -24.1087 2
    endloop
  endfacet
  facet normal -0.0466881 0.709841 0.702813
    outer loop
      vertex -70.5 -24.2 2
      vertex -70.4985 -25.19 3
      vertex -70.3434 -24.1897 2
    endloop
  endfacet
  facet normal -0.0473213 0.709819 0.702792
    outer loop
      vertex -70.4985 -25.19 3
      vertex -70.5 -24.2 2
      vertex -70.5 -25.1901 3
    endloop
  endfacet
  facet normal -0.636395 0.318197 0.702675
    outer loop
      vertex -69.3913 -23.4592 2
      vertex -68.4773 -23.8395 3
      vertex -68.4766 -23.8381 3
    endloop
  endfacet
  facet normal -0.63791 0.314877 0.702797
    outer loop
      vertex -68.4773 -23.8395 3
      vertex -69.3913 -23.4592 2
      vertex -69.4608 -23.6 2
    endloop
  endfacet
  facet normal -0.709828 0.0464397 0.702843
    outer loop
      vertex -68.3286 -23.2859 3
      vertex -68.31 -23.0016 3
      vertex -69.3103 -23.1566 2
    endloop
  endfacet
  facet normal -0.697662 0.138833 0.702846
    outer loop
      vertex -68.3842 -23.5653 3
      vertex -68.3286 -23.2859 3
      vertex -69.3103 -23.1566 2
    endloop
  endfacet
  facet normal 0.697662 0.138833 0.702846
    outer loop
      vertex -72.6158 -23.5653 3
      vertex -71.6897 -23.1566 2
      vertex -72.6714 -23.2859 3
    endloop
  endfacet
  facet normal 0.709828 0.0464397 0.702843
    outer loop
      vertex -72.6714 -23.2859 3
      vertex -71.6897 -23.1566 2
      vertex -72.69 -23.0016 3
    endloop
  endfacet
  facet normal 0.63791 0.314877 0.702797
    outer loop
      vertex -71.6087 -23.4592 2
      vertex -72.5227 -23.8395 3
      vertex -71.5392 -23.6 2
    endloop
  endfacet
  facet normal 0.636395 0.318197 0.702675
    outer loop
      vertex -72.5227 -23.8395 3
      vertex -71.6087 -23.4592 2
      vertex -72.5234 -23.8381 3
    endloop
  endfacet
  facet normal 0.534772 0.469058 0.702854
    outer loop
      vertex -72.0497 -24.5475 3
      vertex -71.3485 -23.8485 2
      vertex -71.452 -23.7305 2
    endloop
  endfacet
  facet normal 0.502483 0.502483 0.703577
    outer loop
      vertex -71.3485 -23.8485 2
      vertex -72.0497 -24.5475 3
      vertex -72.0486 -24.5486 3
    endloop
  endfacet
  facet normal 0.314877 0.63791 0.702797
    outer loop
      vertex -71.3395 -25.0227 3
      vertex -70.9592 -24.1087 2
      vertex -71.1 -24.0392 2
    endloop
  endfacet
  facet normal 0.318197 0.636395 0.702675
    outer loop
      vertex -70.9592 -24.1087 2
      vertex -71.3395 -25.0227 3
      vertex -71.3381 -25.0234 3
    endloop
  endfacet
  facet normal 0.395234 0.591477 0.702812
    outer loop
      vertex -71.5963 -24.8958 3
      vertex -71.2305 -23.952 2
      vertex -71.8332 -24.7375 3
    endloop
  endfacet
  facet normal 0.709916 -0.0443697 0.702888
    outer loop
      vertex -71.7 -23 2
      vertex -72.69 -22.9984 3
      vertex -72.6901 -23 3
    endloop
  endfacet
  facet normal 0.709839 -0.046688 0.702815
    outer loop
      vertex -72.69 -22.9984 3
      vertex -71.7 -23 2
      vertex -71.6897 -22.8434 2
    endloop
  endfacet
  facet normal 0.591477 -0.395234 0.702812
    outer loop
      vertex -71.452 -22.2695 2
      vertex -72.2375 -21.6668 3
      vertex -72.3958 -21.9037 3
    endloop
  endfacet
  facet normal 0.395234 -0.591477 0.702812
    outer loop
      vertex -71.2305 -22.048 2
      vertex -71.5963 -21.1042 3
      vertex -71.8332 -21.2625 3
    endloop
  endfacet
  facet normal 0.0466881 -0.709841 0.702813
    outer loop
      vertex -70.5 -21.8 2
      vertex -70.5015 -20.81 3
      vertex -70.6566 -21.8103 2
    endloop
  endfacet
  facet normal 0.0473213 -0.709819 0.702792
    outer loop
      vertex -70.5015 -20.81 3
      vertex -70.5 -21.8 2
      vertex -70.5 -20.8099 3
    endloop
  endfacet
  facet normal 0.228699 -0.673614 0.702809
    outer loop
      vertex -70.9592 -21.8913 2
      vertex -71.0683 -20.885 3
      vertex -71.3381 -20.9766 3
    endloop
  endfacet
  facet normal 0.63791 -0.314877 0.702797
    outer loop
      vertex -72.5227 -22.1605 3
      vertex -71.6087 -22.5408 2
      vertex -71.5392 -22.4 2
    endloop
  endfacet
  facet normal 0.636395 -0.318197 0.702675
    outer loop
      vertex -71.6087 -22.5408 2
      vertex -72.5227 -22.1605 3
      vertex -72.5234 -22.1619 3
    endloop
  endfacet
  facet normal 0.709828 -0.0464397 0.702843
    outer loop
      vertex -71.6897 -22.8434 2
      vertex -72.6714 -22.7141 3
      vertex -72.69 -22.9984 3
    endloop
  endfacet
  facet normal 0.697662 -0.138833 0.702846
    outer loop
      vertex -71.6897 -22.8434 2
      vertex -72.6158 -22.4347 3
      vertex -72.6714 -22.7141 3
    endloop
  endfacet
  facet normal -0.0473213 -0.709819 0.702792
    outer loop
      vertex -70.5 -21.8 2
      vertex -70.4985 -20.81 3
      vertex -70.5 -20.8099 3
    endloop
  endfacet
  facet normal -0.0466881 -0.709841 0.702813
    outer loop
      vertex -70.4985 -20.81 3
      vertex -70.5 -21.8 2
      vertex -70.3434 -21.8103 2
    endloop
  endfacet
  facet normal -0.40516 -0.585231 0.702389
    outer loop
      vertex -69.9 -21.9608 2
      vertex -69.4037 -21.1042 3
      vertex -69.405 -21.1033 3
    endloop
  endfacet
  facet normal -0.395227 -0.591481 0.702813
    outer loop
      vertex -69.4037 -21.1042 3
      vertex -69.9 -21.9608 2
      vertex -69.7695 -22.048 2
    endloop
  endfacet
  facet normal -0.31463 -0.637999 0.702826
    outer loop
      vertex -69.405 -21.1033 3
      vertex -69.6605 -20.9773 3
      vertex -69.9 -21.9608 2
    endloop
  endfacet
  facet normal -0.502483 -0.502483 0.703577
    outer loop
      vertex -69.6515 -22.1515 2
      vertex -68.9503 -21.4525 3
      vertex -68.9514 -21.4514 3
    endloop
  endfacet
  facet normal -0.534772 -0.469058 0.702854
    outer loop
      vertex -68.9503 -21.4525 3
      vertex -69.6515 -22.1515 2
      vertex -69.548 -22.2695 2
    endloop
  endfacet
  facet normal -0.591477 -0.395234 0.702812
    outer loop
      vertex -68.6042 -21.9037 3
      vertex -68.7625 -21.6668 3
      vertex -69.548 -22.2695 2
    endloop
  endfacet
  facet normal -0.636395 -0.318197 0.702675
    outer loop
      vertex -68.4773 -22.1605 3
      vertex -69.3913 -22.5408 2
      vertex -68.4766 -22.1619 3
    endloop
  endfacet
  facet normal -0.63791 -0.314877 0.702797
    outer loop
      vertex -69.3913 -22.5408 2
      vertex -68.4773 -22.1605 3
      vertex -69.4608 -22.4 2
    endloop
  endfacet
  facet normal -0.674743 -0.224914 0.702947
    outer loop
      vertex -68.385 -22.4317 3
      vertex -69.3409 -22.6894 2
      vertex -68.3845 -22.4332 3
    endloop
  endfacet
  facet normal -0.673662 -0.228483 0.702834
    outer loop
      vertex -69.3409 -22.6894 2
      vertex -68.385 -22.4317 3
      vertex -69.3913 -22.5408 2
    endloop
  endfacet
  facet normal -0.31463 0.637999 0.702826
    outer loop
      vertex -69.6605 -25.0227 3
      vertex -69.405 -24.8967 3
      vertex -69.9 -24.0392 2
    endloop
  endfacet
  facet normal -0.138833 0.697662 0.702846
    outer loop
      vertex -70.2141 -25.1714 3
      vertex -69.9347 -25.1158 3
      vertex -70.3434 -24.1897 2
    endloop
  endfacet
  facet normal -0.0464234 0.709829 0.702842
    outer loop
      vertex -70.2141 -25.1714 3
      vertex -70.3434 -24.1897 2
      vertex -70.4985 -25.19 3
    endloop
  endfacet
  facet normal -0.314877 0.63791 0.702797
    outer loop
      vertex -70.0408 -24.1087 2
      vertex -69.6605 -25.0227 3
      vertex -69.9 -24.0392 2
    endloop
  endfacet
  facet normal -0.318197 0.636395 0.702675
    outer loop
      vertex -69.6605 -25.0227 3
      vertex -70.0408 -24.1087 2
      vertex -69.6619 -25.0234 3
    endloop
  endfacet
  facet normal -0.228483 0.673662 0.702834
    outer loop
      vertex -70.1894 -24.1591 2
      vertex -69.9317 -25.115 3
      vertex -70.0408 -24.1087 2
    endloop
  endfacet
  facet normal -0.224914 0.674743 0.702947
    outer loop
      vertex -69.9317 -25.115 3
      vertex -70.1894 -24.1591 2
      vertex -69.9332 -25.1155 3
    endloop
  endfacet
  facet normal -0.535004 0.468846 0.702819
    outer loop
      vertex -68.9503 -24.5475 3
      vertex -68.7625 -24.3332 3
      vertex -69.548 -23.7305 2
    endloop
  endfacet
  facet normal -0.534772 0.469058 0.702854
    outer loop
      vertex -69.6515 -23.8485 2
      vertex -68.9503 -24.5475 3
      vertex -69.548 -23.7305 2
    endloop
  endfacet
  facet normal -0.502483 0.502483 0.703577
    outer loop
      vertex -68.9503 -24.5475 3
      vertex -69.6515 -23.8485 2
      vertex -68.9514 -24.5486 3
    endloop
  endfacet
  facet normal -0.697724 0.138639 0.702824
    outer loop
      vertex -69.3409 -23.3106 2
      vertex -68.3842 -23.5653 3
      vertex -69.3103 -23.1566 2
    endloop
  endfacet
  facet normal -0.697523 0.139505 0.702852
    outer loop
      vertex -68.3842 -23.5653 3
      vertex -69.3409 -23.3106 2
      vertex -68.3845 -23.5668 3
    endloop
  endfacet
  facet normal 0.697724 0.138639 0.702824
    outer loop
      vertex -72.6158 -23.5653 3
      vertex -71.6591 -23.3106 2
      vertex -71.6897 -23.1566 2
    endloop
  endfacet
  facet normal 0.697523 0.139505 0.702852
    outer loop
      vertex -71.6591 -23.3106 2
      vertex -72.6158 -23.5653 3
      vertex -72.6155 -23.5668 3
    endloop
  endfacet
  facet normal 0.535004 0.468846 0.702819
    outer loop
      vertex -72.0497 -24.5475 3
      vertex -71.452 -23.7305 2
      vertex -72.2375 -24.3332 3
    endloop
  endfacet
  facet normal 0.0473213 0.709819 0.702792
    outer loop
      vertex -70.5 -24.2 2
      vertex -70.5015 -25.19 3
      vertex -70.5 -25.1901 3
    endloop
  endfacet
  facet normal 0.0466881 0.709841 0.702813
    outer loop
      vertex -70.5015 -25.19 3
      vertex -70.5 -24.2 2
      vertex -70.6566 -24.1897 2
    endloop
  endfacet
  facet normal 0.31463 0.637999 0.702826
    outer loop
      vertex -71.3395 -25.0227 3
      vertex -71.1 -24.0392 2
      vertex -71.595 -24.8967 3
    endloop
  endfacet
  facet normal 0.395227 0.591481 0.702813
    outer loop
      vertex -71.5963 -24.8958 3
      vertex -71.1 -24.0392 2
      vertex -71.2305 -23.952 2
    endloop
  endfacet
  facet normal 0.40516 0.585231 0.702389
    outer loop
      vertex -71.1 -24.0392 2
      vertex -71.5963 -24.8958 3
      vertex -71.595 -24.8967 3
    endloop
  endfacet
  facet normal 0.468846 0.535004 0.702819
    outer loop
      vertex -71.8332 -24.7375 3
      vertex -71.2305 -23.952 2
      vertex -72.0475 -24.5497 3
    endloop
  endfacet
  facet normal 0.31463 -0.637999 0.702826
    outer loop
      vertex -71.1 -21.9608 2
      vertex -71.3395 -20.9773 3
      vertex -71.595 -21.1033 3
    endloop
  endfacet
  facet normal 0.224914 -0.674743 0.702947
    outer loop
      vertex -71.0683 -20.885 3
      vertex -70.8106 -21.8409 2
      vertex -71.0668 -20.8845 3
    endloop
  endfacet
  facet normal 0.228483 -0.673662 0.702834
    outer loop
      vertex -70.8106 -21.8409 2
      vertex -71.0683 -20.885 3
      vertex -70.9592 -21.8913 2
    endloop
  endfacet
  facet normal 0.318197 -0.636395 0.702675
    outer loop
      vertex -71.3395 -20.9773 3
      vertex -70.9592 -21.8913 2
      vertex -71.3381 -20.9766 3
    endloop
  endfacet
  facet normal 0.314877 -0.63791 0.702797
    outer loop
      vertex -70.9592 -21.8913 2
      vertex -71.3395 -20.9773 3
      vertex -71.1 -21.9608 2
    endloop
  endfacet
  facet normal 0.138639 -0.697724 0.702824
    outer loop
      vertex -71.0653 -20.8842 3
      vertex -70.8106 -21.8409 2
      vertex -70.6566 -21.8103 2
    endloop
  endfacet
  facet normal 0.139505 -0.697523 0.702852
    outer loop
      vertex -70.8106 -21.8409 2
      vertex -71.0653 -20.8842 3
      vertex -71.0668 -20.8845 3
    endloop
  endfacet
  facet normal 0.535004 -0.468846 0.702819
    outer loop
      vertex -71.452 -22.2695 2
      vertex -72.0497 -21.4525 3
      vertex -72.2375 -21.6668 3
    endloop
  endfacet
  facet normal 0.502483 -0.502483 0.703577
    outer loop
      vertex -72.0497 -21.4525 3
      vertex -71.3485 -22.1515 2
      vertex -72.0486 -21.4514 3
    endloop
  endfacet
  facet normal 0.534772 -0.469058 0.702854
    outer loop
      vertex -71.3485 -22.1515 2
      vertex -72.0497 -21.4525 3
      vertex -71.452 -22.2695 2
    endloop
  endfacet
  facet normal 0.697523 -0.139505 0.702852
    outer loop
      vertex -72.6158 -22.4347 3
      vertex -71.6591 -22.6894 2
      vertex -72.6155 -22.4332 3
    endloop
  endfacet
  facet normal 0.697724 -0.138639 0.702824
    outer loop
      vertex -71.6591 -22.6894 2
      vertex -72.6158 -22.4347 3
      vertex -71.6897 -22.8434 2
    endloop
  endfacet
  facet normal -0.468846 -0.535004 0.702819
    outer loop
      vertex -68.9525 -21.4503 3
      vertex -69.1668 -21.2625 3
      vertex -69.7695 -22.048 2
    endloop
  endfacet
  facet normal -0.395234 -0.591477 0.702812
    outer loop
      vertex -69.1668 -21.2625 3
      vertex -69.4037 -21.1042 3
      vertex -69.7695 -22.048 2
    endloop
  endfacet
  facet normal -0.224914 -0.674743 0.702947
    outer loop
      vertex -70.1894 -21.8409 2
      vertex -69.9317 -20.885 3
      vertex -69.9332 -20.8845 3
    endloop
  endfacet
  facet normal -0.228483 -0.673662 0.702834
    outer loop
      vertex -69.9317 -20.885 3
      vertex -70.1894 -21.8409 2
      vertex -70.0408 -21.8913 2
    endloop
  endfacet
  facet normal -0.228699 -0.673614 0.702809
    outer loop
      vertex -69.6619 -20.9766 3
      vertex -69.9317 -20.885 3
      vertex -70.0408 -21.8913 2
    endloop
  endfacet
  facet normal -0.0464234 -0.709829 0.702842
    outer loop
      vertex -70.3434 -21.8103 2
      vertex -70.2141 -20.8286 3
      vertex -70.4985 -20.81 3
    endloop
  endfacet
  facet normal -0.138833 -0.697662 0.702846
    outer loop
      vertex -69.9347 -20.8842 3
      vertex -70.2141 -20.8286 3
      vertex -70.3434 -21.8103 2
    endloop
  endfacet
  facet normal -0.395227 0.591481 0.702813
    outer loop
      vertex -69.9 -24.0392 2
      vertex -69.4037 -24.8958 3
      vertex -69.7695 -23.952 2
    endloop
  endfacet
  facet normal -0.40516 0.585231 0.702389
    outer loop
      vertex -69.4037 -24.8958 3
      vertex -69.9 -24.0392 2
      vertex -69.405 -24.8967 3
    endloop
  endfacet
  facet normal -0.139505 0.697523 0.702852
    outer loop
      vertex -70.1894 -24.1591 2
      vertex -69.9347 -25.1158 3
      vertex -69.9332 -25.1155 3
    endloop
  endfacet
  facet normal -0.138639 0.697724 0.702824
    outer loop
      vertex -69.9347 -25.1158 3
      vertex -70.1894 -24.1591 2
      vertex -70.3434 -24.1897 2
    endloop
  endfacet
  facet normal 0.673662 0.228483 0.702834
    outer loop
      vertex -71.6591 -23.3106 2
      vertex -72.615 -23.5683 3
      vertex -71.6087 -23.4592 2
    endloop
  endfacet
  facet normal 0.674743 0.224914 0.702947
    outer loop
      vertex -72.615 -23.5683 3
      vertex -71.6591 -23.3106 2
      vertex -72.6155 -23.5668 3
    endloop
  endfacet
  facet normal 0.591477 0.395234 0.702812
    outer loop
      vertex -72.2375 -24.3332 3
      vertex -71.452 -23.7305 2
      vertex -72.3958 -24.0963 3
    endloop
  endfacet
  facet normal 0.591481 0.395227 0.702813
    outer loop
      vertex -71.5392 -23.6 2
      vertex -72.3958 -24.0963 3
      vertex -71.452 -23.7305 2
    endloop
  endfacet
  facet normal 0.585231 0.40516 0.702389
    outer loop
      vertex -72.3958 -24.0963 3
      vertex -71.5392 -23.6 2
      vertex -72.3967 -24.095 3
    endloop
  endfacet
  facet normal 0.138833 0.697662 0.702846
    outer loop
      vertex -70.7859 -25.1714 3
      vertex -70.6566 -24.1897 2
      vertex -71.0653 -25.1158 3
    endloop
  endfacet
  facet normal 0.0464234 0.709829 0.702842
    outer loop
      vertex -70.5015 -25.19 3
      vertex -70.6566 -24.1897 2
      vertex -70.7859 -25.1714 3
    endloop
  endfacet
  facet normal 0.138639 0.697724 0.702824
    outer loop
      vertex -70.8106 -24.1591 2
      vertex -71.0653 -25.1158 3
      vertex -70.6566 -24.1897 2
    endloop
  endfacet
  facet normal 0.139505 0.697523 0.702852
    outer loop
      vertex -71.0653 -25.1158 3
      vertex -70.8106 -24.1591 2
      vertex -71.0668 -25.1155 3
    endloop
  endfacet
  facet normal 0.228483 0.673662 0.702834
    outer loop
      vertex -71.0683 -25.115 3
      vertex -70.8106 -24.1591 2
      vertex -70.9592 -24.1087 2
    endloop
  endfacet
  facet normal 0.224914 0.674743 0.702947
    outer loop
      vertex -70.8106 -24.1591 2
      vertex -71.0683 -25.115 3
      vertex -71.0668 -25.1155 3
    endloop
  endfacet
  facet normal 0.40516 -0.585231 0.702389
    outer loop
      vertex -71.5963 -21.1042 3
      vertex -71.1 -21.9608 2
      vertex -71.595 -21.1033 3
    endloop
  endfacet
  facet normal 0.395227 -0.591481 0.702813
    outer loop
      vertex -71.1 -21.9608 2
      vertex -71.5963 -21.1042 3
      vertex -71.2305 -22.048 2
    endloop
  endfacet
  facet normal 0.138833 -0.697662 0.702846
    outer loop
      vertex -70.6566 -21.8103 2
      vertex -70.7859 -20.8286 3
      vertex -71.0653 -20.8842 3
    endloop
  endfacet
  facet normal 0.0464234 -0.709829 0.702842
    outer loop
      vertex -70.6566 -21.8103 2
      vertex -70.5015 -20.81 3
      vertex -70.7859 -20.8286 3
    endloop
  endfacet
  facet normal -0.502483 -0.502483 0.703577
    outer loop
      vertex -68.9525 -21.4503 3
      vertex -69.6515 -22.1515 2
      vertex -68.9514 -21.4514 3
    endloop
  endfacet
  facet normal -0.469058 -0.534772 0.702854
    outer loop
      vertex -69.6515 -22.1515 2
      vertex -68.9525 -21.4503 3
      vertex -69.7695 -22.048 2
    endloop
  endfacet
  facet normal -0.659406 -0.751787 0
    outer loop
      vertex 71.2305 23.952 -2
      vertex 71.3485 23.8485 2
      vertex 71.2305 23.952 2
    endloop
  endfacet
  facet normal -0.659406 -0.751787 -0
    outer loop
      vertex 71.3485 23.8485 2
      vertex 71.2305 23.952 -2
      vertex 71.3485 23.8485 -2
    endloop
  endfacet
  facet normal 0.321194 -0.947013 0
    outer loop
      vertex 70.0408 24.1087 -2
      vertex 70.1894 24.1591 2
      vertex 70.0408 24.1087 2
    endloop
  endfacet
  facet normal 0.321194 -0.947013 0
    outer loop
      vertex 70.1894 24.1591 2
      vertex 70.0408 24.1087 -2
      vertex 70.1894 24.1591 -2
    endloop
  endfacet
  facet normal 0.896708 -0.442622 0
    outer loop
      vertex 69.3913 23.4592 2
      vertex 69.4608 23.6 -2
      vertex 69.4608 23.6 2
    endloop
  endfacet
  facet normal 0.896708 -0.442622 0
    outer loop
      vertex 69.4608 23.6 -2
      vertex 69.3913 23.4592 2
      vertex 69.3913 23.4592 -2
    endloop
  endfacet
  facet normal 0.947013 0.321194 0
    outer loop
      vertex 69.3913 22.5408 2
      vertex 69.3409 22.6894 -2
      vertex 69.3409 22.6894 2
    endloop
  endfacet
  facet normal 0.947013 0.321194 0
    outer loop
      vertex 69.3409 22.6894 -2
      vertex 69.3913 22.5408 2
      vertex 69.3913 22.5408 -2
    endloop
  endfacet
  facet normal -0.896708 -0.442622 0
    outer loop
      vertex 71.6087 23.4592 -2
      vertex 71.5392 23.6 2
      vertex 71.5392 23.6 -2
    endloop
  endfacet
  facet normal -0.896708 -0.442622 0
    outer loop
      vertex 71.5392 23.6 2
      vertex 71.6087 23.4592 -2
      vertex 71.6087 23.4592 2
    endloop
  endfacet
  facet normal -0.831462 -0.555582 0
    outer loop
      vertex 71.5392 23.6 -2
      vertex 71.452 23.7305 2
      vertex 71.452 23.7305 -2
    endloop
  endfacet
  facet normal -0.831462 -0.555582 0
    outer loop
      vertex 71.452 23.7305 2
      vertex 71.5392 23.6 -2
      vertex 71.5392 23.6 2
    endloop
  endfacet
  facet normal -0.751787 -0.659406 0
    outer loop
      vertex 71.452 23.7305 -2
      vertex 71.3485 23.8485 2
      vertex 71.3485 23.8485 -2
    endloop
  endfacet
  facet normal -0.751787 -0.659406 0
    outer loop
      vertex 71.3485 23.8485 2
      vertex 71.452 23.7305 -2
      vertex 71.452 23.7305 2
    endloop
  endfacet
  facet normal -0.442622 -0.896708 0
    outer loop
      vertex 70.9592 24.1087 -2
      vertex 71.1 24.0392 2
      vertex 70.9592 24.1087 2
    endloop
  endfacet
  facet normal -0.442622 -0.896708 -0
    outer loop
      vertex 71.1 24.0392 2
      vertex 70.9592 24.1087 -2
      vertex 71.1 24.0392 -2
    endloop
  endfacet
  facet normal -0.0656309 -0.997844 0
    outer loop
      vertex 70.5 24.2 -2
      vertex 70.6566 24.1897 2
      vertex 70.5 24.2 2
    endloop
  endfacet
  facet normal -0.0656309 -0.997844 -0
    outer loop
      vertex 70.6566 24.1897 2
      vertex 70.5 24.2 -2
      vertex 70.6566 24.1897 -2
    endloop
  endfacet
  facet normal 0.997844 -0.0656309 0
    outer loop
      vertex 69.3 23 2
      vertex 69.3103 23.1566 -2
      vertex 69.3103 23.1566 2
    endloop
  endfacet
  facet normal 0.997844 -0.0656309 0
    outer loop
      vertex 69.3103 23.1566 -2
      vertex 69.3 23 2
      vertex 69.3 23 -2
    endloop
  endfacet
  facet normal 0.751787 -0.659406 0
    outer loop
      vertex 69.548 23.7305 2
      vertex 69.6515 23.8485 -2
      vertex 69.6515 23.8485 2
    endloop
  endfacet
  facet normal 0.751787 -0.659406 0
    outer loop
      vertex 69.6515 23.8485 -2
      vertex 69.548 23.7305 2
      vertex 69.548 23.7305 -2
    endloop
  endfacet
  facet normal 0.442622 -0.896708 0
    outer loop
      vertex 69.9 24.0392 -2
      vertex 70.0408 24.1087 2
      vertex 69.9 24.0392 2
    endloop
  endfacet
  facet normal 0.442622 -0.896708 0
    outer loop
      vertex 70.0408 24.1087 2
      vertex 69.9 24.0392 -2
      vertex 70.0408 24.1087 -2
    endloop
  endfacet
  facet normal 0.0656309 -0.997844 0
    outer loop
      vertex 70.3434 24.1897 -2
      vertex 70.5 24.2 2
      vertex 70.3434 24.1897 2
    endloop
  endfacet
  facet normal 0.0656309 -0.997844 0
    outer loop
      vertex 70.5 24.2 2
      vertex 70.3434 24.1897 -2
      vertex 70.5 24.2 -2
    endloop
  endfacet
  facet normal -0.997844 0.0656309 0
    outer loop
      vertex 71.6897 22.8434 -2
      vertex 71.7 23 2
      vertex 71.7 23 -2
    endloop
  endfacet
  facet normal -0.997844 0.0656309 0
    outer loop
      vertex 71.7 23 2
      vertex 71.6897 22.8434 -2
      vertex 71.6897 22.8434 2
    endloop
  endfacet
  facet normal -0.0656309 0.997844 0
    outer loop
      vertex 70.6566 21.8103 -2
      vertex 70.5 21.8 2
      vertex 70.6566 21.8103 2
    endloop
  endfacet
  facet normal -0.0656309 0.997844 0
    outer loop
      vertex 70.5 21.8 2
      vertex 70.6566 21.8103 -2
      vertex 70.5 21.8 -2
    endloop
  endfacet
  facet normal -0.442622 0.896708 0
    outer loop
      vertex 71.1 21.9608 -2
      vertex 70.9592 21.8913 2
      vertex 71.1 21.9608 2
    endloop
  endfacet
  facet normal -0.442622 0.896708 0
    outer loop
      vertex 70.9592 21.8913 2
      vertex 71.1 21.9608 -2
      vertex 70.9592 21.8913 -2
    endloop
  endfacet
  facet normal -0.751787 0.659406 0
    outer loop
      vertex 71.3485 22.1515 -2
      vertex 71.452 22.2695 2
      vertex 71.452 22.2695 -2
    endloop
  endfacet
  facet normal -0.751787 0.659406 0
    outer loop
      vertex 71.452 22.2695 2
      vertex 71.3485 22.1515 -2
      vertex 71.3485 22.1515 2
    endloop
  endfacet
  facet normal 0.0656309 0.997844 -0
    outer loop
      vertex 70.5 21.8 -2
      vertex 70.3434 21.8103 2
      vertex 70.5 21.8 2
    endloop
  endfacet
  facet normal 0.0656309 0.997844 0
    outer loop
      vertex 70.3434 21.8103 2
      vertex 70.5 21.8 -2
      vertex 70.3434 21.8103 -2
    endloop
  endfacet
  facet normal 0.659406 0.751787 -0
    outer loop
      vertex 69.7695 22.048 -2
      vertex 69.6515 22.1515 2
      vertex 69.7695 22.048 2
    endloop
  endfacet
  facet normal 0.659406 0.751787 0
    outer loop
      vertex 69.6515 22.1515 2
      vertex 69.7695 22.048 -2
      vertex 69.6515 22.1515 -2
    endloop
  endfacet
  facet normal 0.896708 0.442622 0
    outer loop
      vertex 69.4608 22.4 2
      vertex 69.3913 22.5408 -2
      vertex 69.3913 22.5408 2
    endloop
  endfacet
  facet normal 0.896708 0.442622 0
    outer loop
      vertex 69.3913 22.5408 -2
      vertex 69.4608 22.4 2
      vertex 69.4608 22.4 -2
    endloop
  endfacet
  facet normal 0.997844 0.0656309 0
    outer loop
      vertex 69.3103 22.8434 2
      vertex 69.3 23 -2
      vertex 69.3 23 2
    endloop
  endfacet
  facet normal 0.997844 0.0656309 0
    outer loop
      vertex 69.3 23 -2
      vertex 69.3103 22.8434 2
      vertex 69.3103 22.8434 -2
    endloop
  endfacet
  facet normal -0.980825 -0.194891 0
    outer loop
      vertex 71.6897 23.1566 -2
      vertex 71.6591 23.3106 2
      vertex 71.6591 23.3106 -2
    endloop
  endfacet
  facet normal -0.980825 -0.194891 0
    outer loop
      vertex 71.6591 23.3106 2
      vertex 71.6897 23.1566 -2
      vertex 71.6897 23.1566 2
    endloop
  endfacet
  facet normal -0.947013 -0.321194 0
    outer loop
      vertex 71.6591 23.3106 -2
      vertex 71.6087 23.4592 2
      vertex 71.6087 23.4592 -2
    endloop
  endfacet
  facet normal -0.947013 -0.321194 0
    outer loop
      vertex 71.6087 23.4592 2
      vertex 71.6591 23.3106 -2
      vertex 71.6591 23.3106 2
    endloop
  endfacet
  facet normal -0.555582 -0.831462 0
    outer loop
      vertex 71.1 24.0392 -2
      vertex 71.2305 23.952 2
      vertex 71.1 24.0392 2
    endloop
  endfacet
  facet normal -0.555582 -0.831462 -0
    outer loop
      vertex 71.2305 23.952 2
      vertex 71.1 24.0392 -2
      vertex 71.2305 23.952 -2
    endloop
  endfacet
  facet normal -0.321194 -0.947013 0
    outer loop
      vertex 70.8106 24.1591 -2
      vertex 70.9592 24.1087 2
      vertex 70.8106 24.1591 2
    endloop
  endfacet
  facet normal -0.321194 -0.947013 -0
    outer loop
      vertex 70.9592 24.1087 2
      vertex 70.8106 24.1591 -2
      vertex 70.9592 24.1087 -2
    endloop
  endfacet
  facet normal -0.194891 -0.980825 0
    outer loop
      vertex 70.6566 24.1897 -2
      vertex 70.8106 24.1591 2
      vertex 70.6566 24.1897 2
    endloop
  endfacet
  facet normal -0.194891 -0.980825 -0
    outer loop
      vertex 70.8106 24.1591 2
      vertex 70.6566 24.1897 -2
      vertex 70.8106 24.1591 -2
    endloop
  endfacet
  facet normal 0.947013 -0.321194 0
    outer loop
      vertex 69.3409 23.3106 2
      vertex 69.3913 23.4592 -2
      vertex 69.3913 23.4592 2
    endloop
  endfacet
  facet normal 0.947013 -0.321194 0
    outer loop
      vertex 69.3913 23.4592 -2
      vertex 69.3409 23.3106 2
      vertex 69.3409 23.3106 -2
    endloop
  endfacet
  facet normal 0.980825 -0.194891 0
    outer loop
      vertex 69.3103 23.1566 2
      vertex 69.3409 23.3106 -2
      vertex 69.3409 23.3106 2
    endloop
  endfacet
  facet normal 0.980825 -0.194891 0
    outer loop
      vertex 69.3409 23.3106 -2
      vertex 69.3103 23.1566 2
      vertex 69.3103 23.1566 -2
    endloop
  endfacet
  facet normal 0.831462 -0.555582 0
    outer loop
      vertex 69.4608 23.6 2
      vertex 69.548 23.7305 -2
      vertex 69.548 23.7305 2
    endloop
  endfacet
  facet normal 0.831462 -0.555582 0
    outer loop
      vertex 69.548 23.7305 -2
      vertex 69.4608 23.6 2
      vertex 69.4608 23.6 -2
    endloop
  endfacet
  facet normal 0.194891 -0.980825 0
    outer loop
      vertex 70.1894 24.1591 -2
      vertex 70.3434 24.1897 2
      vertex 70.1894 24.1591 2
    endloop
  endfacet
  facet normal 0.194891 -0.980825 0
    outer loop
      vertex 70.3434 24.1897 2
      vertex 70.1894 24.1591 -2
      vertex 70.3434 24.1897 -2
    endloop
  endfacet
  facet normal 0.555582 -0.831462 0
    outer loop
      vertex 69.7695 23.952 -2
      vertex 69.9 24.0392 2
      vertex 69.7695 23.952 2
    endloop
  endfacet
  facet normal 0.555582 -0.831462 0
    outer loop
      vertex 69.9 24.0392 2
      vertex 69.7695 23.952 -2
      vertex 69.9 24.0392 -2
    endloop
  endfacet
  facet normal 0.659406 -0.751787 0
    outer loop
      vertex 69.6515 23.8485 -2
      vertex 69.7695 23.952 2
      vertex 69.6515 23.8485 2
    endloop
  endfacet
  facet normal 0.659406 -0.751787 0
    outer loop
      vertex 69.7695 23.952 2
      vertex 69.6515 23.8485 -2
      vertex 69.7695 23.952 -2
    endloop
  endfacet
  facet normal -0.997844 -0.0656309 0
    outer loop
      vertex 71.7 23 -2
      vertex 71.6897 23.1566 2
      vertex 71.6897 23.1566 -2
    endloop
  endfacet
  facet normal -0.997844 -0.0656309 0
    outer loop
      vertex 71.6897 23.1566 2
      vertex 71.7 23 -2
      vertex 71.7 23 2
    endloop
  endfacet
  facet normal -0.194891 0.980825 0
    outer loop
      vertex 70.8106 21.8409 -2
      vertex 70.6566 21.8103 2
      vertex 70.8106 21.8409 2
    endloop
  endfacet
  facet normal -0.194891 0.980825 0
    outer loop
      vertex 70.6566 21.8103 2
      vertex 70.8106 21.8409 -2
      vertex 70.6566 21.8103 -2
    endloop
  endfacet
  facet normal -0.555582 0.831462 0
    outer loop
      vertex 71.2305 22.048 -2
      vertex 71.1 21.9608 2
      vertex 71.2305 22.048 2
    endloop
  endfacet
  facet normal -0.555582 0.831462 0
    outer loop
      vertex 71.1 21.9608 2
      vertex 71.2305 22.048 -2
      vertex 71.1 21.9608 -2
    endloop
  endfacet
  facet normal -0.896708 0.442622 0
    outer loop
      vertex 71.5392 22.4 -2
      vertex 71.6087 22.5408 2
      vertex 71.6087 22.5408 -2
    endloop
  endfacet
  facet normal -0.896708 0.442622 0
    outer loop
      vertex 71.6087 22.5408 2
      vertex 71.5392 22.4 -2
      vertex 71.5392 22.4 2
    endloop
  endfacet
  facet normal 0.321194 0.947013 -0
    outer loop
      vertex 70.1894 21.8409 -2
      vertex 70.0408 21.8913 2
      vertex 70.1894 21.8409 2
    endloop
  endfacet
  facet normal 0.321194 0.947013 0
    outer loop
      vertex 70.0408 21.8913 2
      vertex 70.1894 21.8409 -2
      vertex 70.0408 21.8913 -2
    endloop
  endfacet
  facet normal 0.442622 0.896708 -0
    outer loop
      vertex 70.0408 21.8913 -2
      vertex 69.9 21.9608 2
      vertex 70.0408 21.8913 2
    endloop
  endfacet
  facet normal 0.442622 0.896708 0
    outer loop
      vertex 69.9 21.9608 2
      vertex 70.0408 21.8913 -2
      vertex 69.9 21.9608 -2
    endloop
  endfacet
  facet normal 0.980825 0.194891 0
    outer loop
      vertex 69.3409 22.6894 2
      vertex 69.3103 22.8434 -2
      vertex 69.3103 22.8434 2
    endloop
  endfacet
  facet normal 0.980825 0.194891 0
    outer loop
      vertex 69.3103 22.8434 -2
      vertex 69.3409 22.6894 2
      vertex 69.3409 22.6894 -2
    endloop
  endfacet
  facet normal 0.831462 0.555582 0
    outer loop
      vertex 69.548 22.2695 2
      vertex 69.4608 22.4 -2
      vertex 69.4608 22.4 2
    endloop
  endfacet
  facet normal 0.831462 0.555582 0
    outer loop
      vertex 69.4608 22.4 -2
      vertex 69.548 22.2695 2
      vertex 69.548 22.2695 -2
    endloop
  endfacet
  facet normal -0.980825 0.194891 0
    outer loop
      vertex 71.6591 22.6894 -2
      vertex 71.6897 22.8434 2
      vertex 71.6897 22.8434 -2
    endloop
  endfacet
  facet normal -0.980825 0.194891 0
    outer loop
      vertex 71.6897 22.8434 2
      vertex 71.6591 22.6894 -2
      vertex 71.6591 22.6894 2
    endloop
  endfacet
  facet normal -0.947013 0.321194 0
    outer loop
      vertex 71.6087 22.5408 -2
      vertex 71.6591 22.6894 2
      vertex 71.6591 22.6894 -2
    endloop
  endfacet
  facet normal -0.947013 0.321194 0
    outer loop
      vertex 71.6591 22.6894 2
      vertex 71.6087 22.5408 -2
      vertex 71.6087 22.5408 2
    endloop
  endfacet
  facet normal -0.321194 0.947013 0
    outer loop
      vertex 70.9592 21.8913 -2
      vertex 70.8106 21.8409 2
      vertex 70.9592 21.8913 2
    endloop
  endfacet
  facet normal -0.321194 0.947013 0
    outer loop
      vertex 70.8106 21.8409 2
      vertex 70.9592 21.8913 -2
      vertex 70.8106 21.8409 -2
    endloop
  endfacet
  facet normal -0.659406 0.751787 0
    outer loop
      vertex 71.3485 22.1515 -2
      vertex 71.2305 22.048 2
      vertex 71.3485 22.1515 2
    endloop
  endfacet
  facet normal -0.659406 0.751787 0
    outer loop
      vertex 71.2305 22.048 2
      vertex 71.3485 22.1515 -2
      vertex 71.2305 22.048 -2
    endloop
  endfacet
  facet normal -0.831462 0.555582 0
    outer loop
      vertex 71.452 22.2695 -2
      vertex 71.5392 22.4 2
      vertex 71.5392 22.4 -2
    endloop
  endfacet
  facet normal -0.831462 0.555582 0
    outer loop
      vertex 71.5392 22.4 2
      vertex 71.452 22.2695 -2
      vertex 71.452 22.2695 2
    endloop
  endfacet
  facet normal 0.194891 0.980825 -0
    outer loop
      vertex 70.3434 21.8103 -2
      vertex 70.1894 21.8409 2
      vertex 70.3434 21.8103 2
    endloop
  endfacet
  facet normal 0.194891 0.980825 0
    outer loop
      vertex 70.1894 21.8409 2
      vertex 70.3434 21.8103 -2
      vertex 70.1894 21.8409 -2
    endloop
  endfacet
  facet normal 0.555582 0.831462 -0
    outer loop
      vertex 69.9 21.9608 -2
      vertex 69.7695 22.048 2
      vertex 69.9 21.9608 2
    endloop
  endfacet
  facet normal 0.555582 0.831462 0
    outer loop
      vertex 69.7695 22.048 2
      vertex 69.9 21.9608 -2
      vertex 69.7695 22.048 -2
    endloop
  endfacet
  facet normal 0.751787 0.659406 0
    outer loop
      vertex 69.6515 22.1515 2
      vertex 69.548 22.2695 -2
      vertex 69.548 22.2695 2
    endloop
  endfacet
  facet normal 0.751787 0.659406 0
    outer loop
      vertex 69.548 22.2695 -2
      vertex 69.6515 22.1515 2
      vertex 69.6515 22.1515 -2
    endloop
  endfacet
  facet normal -0.709839 -0.046688 0.702815
    outer loop
      vertex 71.7 23 2
      vertex 72.69 23.0016 3
      vertex 71.6897 23.1566 2
    endloop
  endfacet
  facet normal -0.709916 -0.0443697 0.702888
    outer loop
      vertex 72.69 23.0016 3
      vertex 71.7 23 2
      vertex 72.6901 23 3
    endloop
  endfacet
  facet normal 0.469058 -0.534772 0.702854
    outer loop
      vertex 68.9525 24.5497 3
      vertex 69.6515 23.8485 2
      vertex 69.7695 23.952 2
    endloop
  endfacet
  facet normal 0.502483 -0.502483 0.703577
    outer loop
      vertex 69.6515 23.8485 2
      vertex 68.9525 24.5497 3
      vertex 68.9514 24.5486 3
    endloop
  endfacet
  facet normal -0.585231 -0.40516 0.702389
    outer loop
      vertex 72.3958 24.0963 3
      vertex 71.5392 23.6 2
      vertex 72.3967 24.095 3
    endloop
  endfacet
  facet normal -0.591481 -0.395227 0.702813
    outer loop
      vertex 71.5392 23.6 2
      vertex 72.3958 24.0963 3
      vertex 71.452 23.7305 2
    endloop
  endfacet
  facet normal -0.502483 0.502483 0.703577
    outer loop
      vertex 71.3485 22.1515 2
      vertex 72.0475 21.4503 3
      vertex 72.0486 21.4514 3
    endloop
  endfacet
  facet normal -0.469058 0.534772 0.702854
    outer loop
      vertex 72.0475 21.4503 3
      vertex 71.3485 22.1515 2
      vertex 71.2305 22.048 2
    endloop
  endfacet
  facet normal 0.673614 0.228699 0.702809
    outer loop
      vertex 68.4766 22.1619 3
      vertex 69.3913 22.5408 2
      vertex 68.385 22.4317 3
    endloop
  endfacet
  facet normal -0.673614 -0.228699 0.702809
    outer loop
      vertex 72.615 23.5683 3
      vertex 72.5234 23.8381 3
      vertex 71.6087 23.4592 2
    endloop
  endfacet
  facet normal -0.637999 0.31463 0.702826
    outer loop
      vertex 72.3967 21.905 3
      vertex 72.5227 22.1605 3
      vertex 71.5392 22.4 2
    endloop
  endfacet
  facet normal 0.228699 0.673614 0.702809
    outer loop
      vertex 69.9317 20.885 3
      vertex 70.0408 21.8913 2
      vertex 69.6619 20.9766 3
    endloop
  endfacet
  facet normal 0.709916 0.0443697 0.702888
    outer loop
      vertex 68.31 22.9984 3
      vertex 69.3 23 2
      vertex 68.3099 23 3
    endloop
  endfacet
  facet normal 0.709839 0.046688 0.702815
    outer loop
      vertex 69.3 23 2
      vertex 68.31 22.9984 3
      vertex 69.3103 22.8434 2
    endloop
  endfacet
  facet normal 0.637999 -0.31463 0.702826
    outer loop
      vertex 69.4608 23.6 2
      vertex 68.6033 24.095 3
      vertex 68.4773 23.8395 3
    endloop
  endfacet
  facet normal -0.535004 -0.468846 0.702819
    outer loop
      vertex 72.2375 24.3332 3
      vertex 72.0497 24.5475 3
      vertex 71.452 23.7305 2
    endloop
  endfacet
  facet normal -0.585231 0.40516 0.702389
    outer loop
      vertex 71.5392 22.4 2
      vertex 72.3958 21.9037 3
      vertex 72.3967 21.905 3
    endloop
  endfacet
  facet normal -0.591481 0.395227 0.702813
    outer loop
      vertex 72.3958 21.9037 3
      vertex 71.5392 22.4 2
      vertex 71.452 22.2695 2
    endloop
  endfacet
  facet normal -0.468846 0.535004 0.702819
    outer loop
      vertex 71.8332 21.2625 3
      vertex 72.0475 21.4503 3
      vertex 71.2305 22.048 2
    endloop
  endfacet
  facet normal -0.674743 0.224914 0.702947
    outer loop
      vertex 71.6591 22.6894 2
      vertex 72.615 22.4317 3
      vertex 72.6155 22.4332 3
    endloop
  endfacet
  facet normal -0.673662 0.228483 0.702834
    outer loop
      vertex 72.615 22.4317 3
      vertex 71.6591 22.6894 2
      vertex 71.6087 22.5408 2
    endloop
  endfacet
  facet normal -0.673614 0.228699 0.702809
    outer loop
      vertex 72.5234 22.1619 3
      vertex 72.615 22.4317 3
      vertex 71.6087 22.5408 2
    endloop
  endfacet
  facet normal 0.469058 0.534772 0.702854
    outer loop
      vertex 69.6515 22.1515 2
      vertex 68.9525 21.4503 3
      vertex 69.7695 22.048 2
    endloop
  endfacet
  facet normal 0.502483 0.502483 0.703577
    outer loop
      vertex 68.9525 21.4503 3
      vertex 69.6515 22.1515 2
      vertex 68.9514 21.4514 3
    endloop
  endfacet
  facet normal 0.637999 0.31463 0.702826
    outer loop
      vertex 68.6033 21.905 3
      vertex 69.4608 22.4 2
      vertex 68.4773 22.1605 3
    endloop
  endfacet
  facet normal 0.591481 -0.395227 0.702813
    outer loop
      vertex 68.6042 24.0963 3
      vertex 69.4608 23.6 2
      vertex 69.548 23.7305 2
    endloop
  endfacet
  facet normal 0.585231 -0.40516 0.702389
    outer loop
      vertex 69.4608 23.6 2
      vertex 68.6042 24.0963 3
      vertex 68.6033 24.095 3
    endloop
  endfacet
  facet normal 0.468846 -0.535004 0.702819
    outer loop
      vertex 69.7695 23.952 2
      vertex 69.1668 24.7375 3
      vertex 68.9525 24.5497 3
    endloop
  endfacet
  facet normal 0.673662 -0.228483 0.702834
    outer loop
      vertex 68.385 23.5683 3
      vertex 69.3409 23.3106 2
      vertex 69.3913 23.4592 2
    endloop
  endfacet
  facet normal 0.674743 -0.224914 0.702947
    outer loop
      vertex 69.3409 23.3106 2
      vertex 68.385 23.5683 3
      vertex 68.3845 23.5668 3
    endloop
  endfacet
  facet normal 0.673614 -0.228699 0.702809
    outer loop
      vertex 69.3913 23.4592 2
      vertex 68.4766 23.8381 3
      vertex 68.385 23.5683 3
    endloop
  endfacet
  facet normal -0.139505 -0.697523 0.702852
    outer loop
      vertex 71.0653 25.1158 3
      vertex 70.8106 24.1591 2
      vertex 71.0668 25.1155 3
    endloop
  endfacet
  facet normal -0.138639 -0.697724 0.702824
    outer loop
      vertex 70.8106 24.1591 2
      vertex 71.0653 25.1158 3
      vertex 70.6566 24.1897 2
    endloop
  endfacet
  facet normal -0.318197 -0.636395 0.702675
    outer loop
      vertex 70.9592 24.1087 2
      vertex 71.3395 25.0227 3
      vertex 71.3381 25.0234 3
    endloop
  endfacet
  facet normal -0.314877 -0.63791 0.702797
    outer loop
      vertex 71.3395 25.0227 3
      vertex 70.9592 24.1087 2
      vertex 71.1 24.0392 2
    endloop
  endfacet
  facet normal -0.637999 -0.31463 0.702826
    outer loop
      vertex 72.5227 23.8395 3
      vertex 72.3967 24.095 3
      vertex 71.5392 23.6 2
    endloop
  endfacet
  facet normal -0.697523 -0.139505 0.702852
    outer loop
      vertex 71.6591 23.3106 2
      vertex 72.6158 23.5653 3
      vertex 72.6155 23.5668 3
    endloop
  endfacet
  facet normal -0.697724 -0.138639 0.702824
    outer loop
      vertex 72.6158 23.5653 3
      vertex 71.6591 23.3106 2
      vertex 71.6897 23.1566 2
    endloop
  endfacet
  facet normal -0.709828 -0.0464397 0.702843
    outer loop
      vertex 72.69 23.0016 3
      vertex 72.6714 23.2859 3
      vertex 71.6897 23.1566 2
    endloop
  endfacet
  facet normal -0.697662 -0.138833 0.702846
    outer loop
      vertex 72.6714 23.2859 3
      vertex 72.6158 23.5653 3
      vertex 71.6897 23.1566 2
    endloop
  endfacet
  facet normal -0.709916 0.0443697 0.702888
    outer loop
      vertex 71.7 23 2
      vertex 72.69 22.9984 3
      vertex 72.6901 23 3
    endloop
  endfacet
  facet normal -0.709839 0.046688 0.702815
    outer loop
      vertex 72.69 22.9984 3
      vertex 71.7 23 2
      vertex 71.6897 22.8434 2
    endloop
  endfacet
  facet normal -0.591477 0.395234 0.702812
    outer loop
      vertex 72.2375 21.6668 3
      vertex 72.3958 21.9037 3
      vertex 71.452 22.2695 2
    endloop
  endfacet
  facet normal -0.395234 0.591477 0.702812
    outer loop
      vertex 71.5963 21.1042 3
      vertex 71.8332 21.2625 3
      vertex 71.2305 22.048 2
    endloop
  endfacet
  facet normal -0.228699 0.673614 0.702809
    outer loop
      vertex 71.0683 20.885 3
      vertex 71.3381 20.9766 3
      vertex 70.9592 21.8913 2
    endloop
  endfacet
  facet normal -0.0466881 0.709841 0.702813
    outer loop
      vertex 70.5 21.8 2
      vertex 70.5015 20.81 3
      vertex 70.6566 21.8103 2
    endloop
  endfacet
  facet normal -0.0473213 0.709819 0.702792
    outer loop
      vertex 70.5015 20.81 3
      vertex 70.5 21.8 2
      vertex 70.5 20.8099 3
    endloop
  endfacet
  facet normal -0.636395 0.318197 0.702675
    outer loop
      vertex 71.6087 22.5408 2
      vertex 72.5227 22.1605 3
      vertex 72.5234 22.1619 3
    endloop
  endfacet
  facet normal -0.63791 0.314877 0.702797
    outer loop
      vertex 72.5227 22.1605 3
      vertex 71.6087 22.5408 2
      vertex 71.5392 22.4 2
    endloop
  endfacet
  facet normal -0.709828 0.0464397 0.702843
    outer loop
      vertex 72.6714 22.7141 3
      vertex 72.69 22.9984 3
      vertex 71.6897 22.8434 2
    endloop
  endfacet
  facet normal -0.697662 0.138833 0.702846
    outer loop
      vertex 72.6158 22.4347 3
      vertex 72.6714 22.7141 3
      vertex 71.6897 22.8434 2
    endloop
  endfacet
  facet normal 0.697662 0.138833 0.702846
    outer loop
      vertex 68.3842 22.4347 3
      vertex 69.3103 22.8434 2
      vertex 68.3286 22.7141 3
    endloop
  endfacet
  facet normal 0.709828 0.0464397 0.702843
    outer loop
      vertex 68.3286 22.7141 3
      vertex 69.3103 22.8434 2
      vertex 68.31 22.9984 3
    endloop
  endfacet
  facet normal 0.63791 0.314877 0.702797
    outer loop
      vertex 69.3913 22.5408 2
      vertex 68.4773 22.1605 3
      vertex 69.4608 22.4 2
    endloop
  endfacet
  facet normal 0.636395 0.318197 0.702675
    outer loop
      vertex 68.4773 22.1605 3
      vertex 69.3913 22.5408 2
      vertex 68.4766 22.1619 3
    endloop
  endfacet
  facet normal 0.534772 0.469058 0.702854
    outer loop
      vertex 68.9503 21.4525 3
      vertex 69.6515 22.1515 2
      vertex 69.548 22.2695 2
    endloop
  endfacet
  facet normal 0.502483 0.502483 0.703577
    outer loop
      vertex 69.6515 22.1515 2
      vertex 68.9503 21.4525 3
      vertex 68.9514 21.4514 3
    endloop
  endfacet
  facet normal 0.314877 0.63791 0.702797
    outer loop
      vertex 69.6605 20.9773 3
      vertex 70.0408 21.8913 2
      vertex 69.9 21.9608 2
    endloop
  endfacet
  facet normal 0.318197 0.636395 0.702675
    outer loop
      vertex 70.0408 21.8913 2
      vertex 69.6605 20.9773 3
      vertex 69.6619 20.9766 3
    endloop
  endfacet
  facet normal 0.395234 0.591477 0.702812
    outer loop
      vertex 69.4037 21.1042 3
      vertex 69.7695 22.048 2
      vertex 69.1668 21.2625 3
    endloop
  endfacet
  facet normal 0.709916 -0.0443697 0.702888
    outer loop
      vertex 69.3 23 2
      vertex 68.31 23.0016 3
      vertex 68.3099 23 3
    endloop
  endfacet
  facet normal 0.709839 -0.046688 0.702815
    outer loop
      vertex 68.31 23.0016 3
      vertex 69.3 23 2
      vertex 69.3103 23.1566 2
    endloop
  endfacet
  facet normal 0.591477 -0.395234 0.702812
    outer loop
      vertex 69.548 23.7305 2
      vertex 68.7625 24.3332 3
      vertex 68.6042 24.0963 3
    endloop
  endfacet
  facet normal 0.395234 -0.591477 0.702812
    outer loop
      vertex 69.7695 23.952 2
      vertex 69.4037 24.8958 3
      vertex 69.1668 24.7375 3
    endloop
  endfacet
  facet normal 0.0466881 -0.709841 0.702813
    outer loop
      vertex 70.5 24.2 2
      vertex 70.4985 25.19 3
      vertex 70.3434 24.1897 2
    endloop
  endfacet
  facet normal 0.0473213 -0.709819 0.702792
    outer loop
      vertex 70.4985 25.19 3
      vertex 70.5 24.2 2
      vertex 70.5 25.1901 3
    endloop
  endfacet
  facet normal 0.228699 -0.673614 0.702809
    outer loop
      vertex 70.0408 24.1087 2
      vertex 69.9317 25.115 3
      vertex 69.6619 25.0234 3
    endloop
  endfacet
  facet normal 0.63791 -0.314877 0.702797
    outer loop
      vertex 68.4773 23.8395 3
      vertex 69.3913 23.4592 2
      vertex 69.4608 23.6 2
    endloop
  endfacet
  facet normal 0.636395 -0.318197 0.702675
    outer loop
      vertex 69.3913 23.4592 2
      vertex 68.4773 23.8395 3
      vertex 68.4766 23.8381 3
    endloop
  endfacet
  facet normal 0.709828 -0.0464397 0.702843
    outer loop
      vertex 69.3103 23.1566 2
      vertex 68.3286 23.2859 3
      vertex 68.31 23.0016 3
    endloop
  endfacet
  facet normal 0.697662 -0.138833 0.702846
    outer loop
      vertex 69.3103 23.1566 2
      vertex 68.3842 23.5653 3
      vertex 68.3286 23.2859 3
    endloop
  endfacet
  facet normal -0.0473213 -0.709819 0.702792
    outer loop
      vertex 70.5 24.2 2
      vertex 70.5015 25.19 3
      vertex 70.5 25.1901 3
    endloop
  endfacet
  facet normal -0.0466881 -0.709841 0.702813
    outer loop
      vertex 70.5015 25.19 3
      vertex 70.5 24.2 2
      vertex 70.6566 24.1897 2
    endloop
  endfacet
  facet normal -0.40516 -0.585231 0.702389
    outer loop
      vertex 71.1 24.0392 2
      vertex 71.5963 24.8958 3
      vertex 71.595 24.8967 3
    endloop
  endfacet
  facet normal -0.395227 -0.591481 0.702813
    outer loop
      vertex 71.5963 24.8958 3
      vertex 71.1 24.0392 2
      vertex 71.2305 23.952 2
    endloop
  endfacet
  facet normal -0.31463 -0.637999 0.702826
    outer loop
      vertex 71.595 24.8967 3
      vertex 71.3395 25.0227 3
      vertex 71.1 24.0392 2
    endloop
  endfacet
  facet normal -0.502483 -0.502483 0.703577
    outer loop
      vertex 71.3485 23.8485 2
      vertex 72.0497 24.5475 3
      vertex 72.0486 24.5486 3
    endloop
  endfacet
  facet normal -0.534772 -0.469058 0.702854
    outer loop
      vertex 72.0497 24.5475 3
      vertex 71.3485 23.8485 2
      vertex 71.452 23.7305 2
    endloop
  endfacet
  facet normal -0.591477 -0.395234 0.702812
    outer loop
      vertex 72.3958 24.0963 3
      vertex 72.2375 24.3332 3
      vertex 71.452 23.7305 2
    endloop
  endfacet
  facet normal -0.636395 -0.318197 0.702675
    outer loop
      vertex 72.5227 23.8395 3
      vertex 71.6087 23.4592 2
      vertex 72.5234 23.8381 3
    endloop
  endfacet
  facet normal -0.63791 -0.314877 0.702797
    outer loop
      vertex 71.6087 23.4592 2
      vertex 72.5227 23.8395 3
      vertex 71.5392 23.6 2
    endloop
  endfacet
  facet normal -0.674743 -0.224914 0.702947
    outer loop
      vertex 72.615 23.5683 3
      vertex 71.6591 23.3106 2
      vertex 72.6155 23.5668 3
    endloop
  endfacet
  facet normal -0.673662 -0.228483 0.702834
    outer loop
      vertex 71.6591 23.3106 2
      vertex 72.615 23.5683 3
      vertex 71.6087 23.4592 2
    endloop
  endfacet
  facet normal -0.31463 0.637999 0.702826
    outer loop
      vertex 71.3395 20.9773 3
      vertex 71.595 21.1033 3
      vertex 71.1 21.9608 2
    endloop
  endfacet
  facet normal -0.138833 0.697662 0.702846
    outer loop
      vertex 70.7859 20.8286 3
      vertex 71.0653 20.8842 3
      vertex 70.6566 21.8103 2
    endloop
  endfacet
  facet normal -0.0464234 0.709829 0.702842
    outer loop
      vertex 70.7859 20.8286 3
      vertex 70.6566 21.8103 2
      vertex 70.5015 20.81 3
    endloop
  endfacet
  facet normal -0.314877 0.63791 0.702797
    outer loop
      vertex 70.9592 21.8913 2
      vertex 71.3395 20.9773 3
      vertex 71.1 21.9608 2
    endloop
  endfacet
  facet normal -0.318197 0.636395 0.702675
    outer loop
      vertex 71.3395 20.9773 3
      vertex 70.9592 21.8913 2
      vertex 71.3381 20.9766 3
    endloop
  endfacet
  facet normal -0.228483 0.673662 0.702834
    outer loop
      vertex 70.8106 21.8409 2
      vertex 71.0683 20.885 3
      vertex 70.9592 21.8913 2
    endloop
  endfacet
  facet normal -0.224914 0.674743 0.702947
    outer loop
      vertex 71.0683 20.885 3
      vertex 70.8106 21.8409 2
      vertex 71.0668 20.8845 3
    endloop
  endfacet
  facet normal -0.535004 0.468846 0.702819
    outer loop
      vertex 72.0497 21.4525 3
      vertex 72.2375 21.6668 3
      vertex 71.452 22.2695 2
    endloop
  endfacet
  facet normal -0.534772 0.469058 0.702854
    outer loop
      vertex 71.3485 22.1515 2
      vertex 72.0497 21.4525 3
      vertex 71.452 22.2695 2
    endloop
  endfacet
  facet normal -0.502483 0.502483 0.703577
    outer loop
      vertex 72.0497 21.4525 3
      vertex 71.3485 22.1515 2
      vertex 72.0486 21.4514 3
    endloop
  endfacet
  facet normal -0.697724 0.138639 0.702824
    outer loop
      vertex 71.6591 22.6894 2
      vertex 72.6158 22.4347 3
      vertex 71.6897 22.8434 2
    endloop
  endfacet
  facet normal -0.697523 0.139505 0.702852
    outer loop
      vertex 72.6158 22.4347 3
      vertex 71.6591 22.6894 2
      vertex 72.6155 22.4332 3
    endloop
  endfacet
  facet normal 0.697724 0.138639 0.702824
    outer loop
      vertex 68.3842 22.4347 3
      vertex 69.3409 22.6894 2
      vertex 69.3103 22.8434 2
    endloop
  endfacet
  facet normal 0.697523 0.139505 0.702852
    outer loop
      vertex 69.3409 22.6894 2
      vertex 68.3842 22.4347 3
      vertex 68.3845 22.4332 3
    endloop
  endfacet
  facet normal 0.535004 0.468846 0.702819
    outer loop
      vertex 68.9503 21.4525 3
      vertex 69.548 22.2695 2
      vertex 68.7625 21.6668 3
    endloop
  endfacet
  facet normal 0.0473213 0.709819 0.702792
    outer loop
      vertex 70.5 21.8 2
      vertex 70.4985 20.81 3
      vertex 70.5 20.8099 3
    endloop
  endfacet
  facet normal 0.0466881 0.709841 0.702813
    outer loop
      vertex 70.4985 20.81 3
      vertex 70.5 21.8 2
      vertex 70.3434 21.8103 2
    endloop
  endfacet
  facet normal 0.31463 0.637999 0.702826
    outer loop
      vertex 69.6605 20.9773 3
      vertex 69.9 21.9608 2
      vertex 69.405 21.1033 3
    endloop
  endfacet
  facet normal 0.395227 0.591481 0.702813
    outer loop
      vertex 69.4037 21.1042 3
      vertex 69.9 21.9608 2
      vertex 69.7695 22.048 2
    endloop
  endfacet
  facet normal 0.40516 0.585231 0.702389
    outer loop
      vertex 69.9 21.9608 2
      vertex 69.4037 21.1042 3
      vertex 69.405 21.1033 3
    endloop
  endfacet
  facet normal 0.468846 0.535004 0.702819
    outer loop
      vertex 69.1668 21.2625 3
      vertex 69.7695 22.048 2
      vertex 68.9525 21.4503 3
    endloop
  endfacet
  facet normal 0.31463 -0.637999 0.702826
    outer loop
      vertex 69.9 24.0392 2
      vertex 69.6605 25.0227 3
      vertex 69.405 24.8967 3
    endloop
  endfacet
  facet normal 0.224914 -0.674743 0.702947
    outer loop
      vertex 69.9317 25.115 3
      vertex 70.1894 24.1591 2
      vertex 69.9332 25.1155 3
    endloop
  endfacet
  facet normal 0.228483 -0.673662 0.702834
    outer loop
      vertex 70.1894 24.1591 2
      vertex 69.9317 25.115 3
      vertex 70.0408 24.1087 2
    endloop
  endfacet
  facet normal 0.318197 -0.636395 0.702675
    outer loop
      vertex 69.6605 25.0227 3
      vertex 70.0408 24.1087 2
      vertex 69.6619 25.0234 3
    endloop
  endfacet
  facet normal 0.314877 -0.63791 0.702797
    outer loop
      vertex 70.0408 24.1087 2
      vertex 69.6605 25.0227 3
      vertex 69.9 24.0392 2
    endloop
  endfacet
  facet normal 0.138639 -0.697724 0.702824
    outer loop
      vertex 69.9347 25.1158 3
      vertex 70.1894 24.1591 2
      vertex 70.3434 24.1897 2
    endloop
  endfacet
  facet normal 0.139505 -0.697523 0.702852
    outer loop
      vertex 70.1894 24.1591 2
      vertex 69.9347 25.1158 3
      vertex 69.9332 25.1155 3
    endloop
  endfacet
  facet normal 0.535004 -0.468846 0.702819
    outer loop
      vertex 69.548 23.7305 2
      vertex 68.9503 24.5475 3
      vertex 68.7625 24.3332 3
    endloop
  endfacet
  facet normal 0.502483 -0.502483 0.703577
    outer loop
      vertex 68.9503 24.5475 3
      vertex 69.6515 23.8485 2
      vertex 68.9514 24.5486 3
    endloop
  endfacet
  facet normal 0.534772 -0.469058 0.702854
    outer loop
      vertex 69.6515 23.8485 2
      vertex 68.9503 24.5475 3
      vertex 69.548 23.7305 2
    endloop
  endfacet
  facet normal 0.697523 -0.139505 0.702852
    outer loop
      vertex 68.3842 23.5653 3
      vertex 69.3409 23.3106 2
      vertex 68.3845 23.5668 3
    endloop
  endfacet
  facet normal 0.697724 -0.138639 0.702824
    outer loop
      vertex 69.3409 23.3106 2
      vertex 68.3842 23.5653 3
      vertex 69.3103 23.1566 2
    endloop
  endfacet
  facet normal -0.468846 -0.535004 0.702819
    outer loop
      vertex 72.0475 24.5497 3
      vertex 71.8332 24.7375 3
      vertex 71.2305 23.952 2
    endloop
  endfacet
  facet normal -0.395234 -0.591477 0.702812
    outer loop
      vertex 71.8332 24.7375 3
      vertex 71.5963 24.8958 3
      vertex 71.2305 23.952 2
    endloop
  endfacet
  facet normal -0.224914 -0.674743 0.702947
    outer loop
      vertex 70.8106 24.1591 2
      vertex 71.0683 25.115 3
      vertex 71.0668 25.1155 3
    endloop
  endfacet
  facet normal -0.228483 -0.673662 0.702834
    outer loop
      vertex 71.0683 25.115 3
      vertex 70.8106 24.1591 2
      vertex 70.9592 24.1087 2
    endloop
  endfacet
  facet normal -0.228699 -0.673614 0.702809
    outer loop
      vertex 71.3381 25.0234 3
      vertex 71.0683 25.115 3
      vertex 70.9592 24.1087 2
    endloop
  endfacet
  facet normal -0.0464234 -0.709829 0.702842
    outer loop
      vertex 70.6566 24.1897 2
      vertex 70.7859 25.1714 3
      vertex 70.5015 25.19 3
    endloop
  endfacet
  facet normal -0.138833 -0.697662 0.702846
    outer loop
      vertex 71.0653 25.1158 3
      vertex 70.7859 25.1714 3
      vertex 70.6566 24.1897 2
    endloop
  endfacet
  facet normal -0.395227 0.591481 0.702813
    outer loop
      vertex 71.1 21.9608 2
      vertex 71.5963 21.1042 3
      vertex 71.2305 22.048 2
    endloop
  endfacet
  facet normal -0.40516 0.585231 0.702389
    outer loop
      vertex 71.5963 21.1042 3
      vertex 71.1 21.9608 2
      vertex 71.595 21.1033 3
    endloop
  endfacet
  facet normal -0.139505 0.697523 0.702852
    outer loop
      vertex 70.8106 21.8409 2
      vertex 71.0653 20.8842 3
      vertex 71.0668 20.8845 3
    endloop
  endfacet
  facet normal -0.138639 0.697724 0.702824
    outer loop
      vertex 71.0653 20.8842 3
      vertex 70.8106 21.8409 2
      vertex 70.6566 21.8103 2
    endloop
  endfacet
  facet normal 0.673662 0.228483 0.702834
    outer loop
      vertex 69.3409 22.6894 2
      vertex 68.385 22.4317 3
      vertex 69.3913 22.5408 2
    endloop
  endfacet
  facet normal 0.674743 0.224914 0.702947
    outer loop
      vertex 68.385 22.4317 3
      vertex 69.3409 22.6894 2
      vertex 68.3845 22.4332 3
    endloop
  endfacet
  facet normal 0.591477 0.395234 0.702812
    outer loop
      vertex 68.7625 21.6668 3
      vertex 69.548 22.2695 2
      vertex 68.6042 21.9037 3
    endloop
  endfacet
  facet normal 0.591481 0.395227 0.702813
    outer loop
      vertex 69.4608 22.4 2
      vertex 68.6042 21.9037 3
      vertex 69.548 22.2695 2
    endloop
  endfacet
  facet normal 0.585231 0.40516 0.702389
    outer loop
      vertex 68.6042 21.9037 3
      vertex 69.4608 22.4 2
      vertex 68.6033 21.905 3
    endloop
  endfacet
  facet normal 0.138833 0.697662 0.702846
    outer loop
      vertex 70.2141 20.8286 3
      vertex 70.3434 21.8103 2
      vertex 69.9347 20.8842 3
    endloop
  endfacet
  facet normal 0.0464234 0.709829 0.702842
    outer loop
      vertex 70.4985 20.81 3
      vertex 70.3434 21.8103 2
      vertex 70.2141 20.8286 3
    endloop
  endfacet
  facet normal 0.138639 0.697724 0.702824
    outer loop
      vertex 70.1894 21.8409 2
      vertex 69.9347 20.8842 3
      vertex 70.3434 21.8103 2
    endloop
  endfacet
  facet normal 0.139505 0.697523 0.702852
    outer loop
      vertex 69.9347 20.8842 3
      vertex 70.1894 21.8409 2
      vertex 69.9332 20.8845 3
    endloop
  endfacet
  facet normal 0.228483 0.673662 0.702834
    outer loop
      vertex 69.9317 20.885 3
      vertex 70.1894 21.8409 2
      vertex 70.0408 21.8913 2
    endloop
  endfacet
  facet normal 0.224914 0.674743 0.702947
    outer loop
      vertex 70.1894 21.8409 2
      vertex 69.9317 20.885 3
      vertex 69.9332 20.8845 3
    endloop
  endfacet
  facet normal 0.40516 -0.585231 0.702389
    outer loop
      vertex 69.4037 24.8958 3
      vertex 69.9 24.0392 2
      vertex 69.405 24.8967 3
    endloop
  endfacet
  facet normal 0.395227 -0.591481 0.702813
    outer loop
      vertex 69.9 24.0392 2
      vertex 69.4037 24.8958 3
      vertex 69.7695 23.952 2
    endloop
  endfacet
  facet normal 0.138833 -0.697662 0.702846
    outer loop
      vertex 70.3434 24.1897 2
      vertex 70.2141 25.1714 3
      vertex 69.9347 25.1158 3
    endloop
  endfacet
  facet normal 0.0464234 -0.709829 0.702842
    outer loop
      vertex 70.3434 24.1897 2
      vertex 70.4985 25.19 3
      vertex 70.2141 25.1714 3
    endloop
  endfacet
  facet normal -0.502483 -0.502483 0.703577
    outer loop
      vertex 72.0475 24.5497 3
      vertex 71.3485 23.8485 2
      vertex 72.0486 24.5486 3
    endloop
  endfacet
  facet normal -0.469058 -0.534772 0.702854
    outer loop
      vertex 71.3485 23.8485 2
      vertex 72.0475 24.5497 3
      vertex 71.2305 23.952 2
    endloop
  endfacet
  facet normal -0.659406 -0.751787 0
    outer loop
      vertex 71.2305 -22.048 -2
      vertex 71.3485 -22.1515 2
      vertex 71.2305 -22.048 2
    endloop
  endfacet
  facet normal -0.659406 -0.751787 -0
    outer loop
      vertex 71.3485 -22.1515 2
      vertex 71.2305 -22.048 -2
      vertex 71.3485 -22.1515 -2
    endloop
  endfacet
  facet normal 0.321194 -0.947013 0
    outer loop
      vertex 70.0408 -21.8913 -2
      vertex 70.1894 -21.8409 2
      vertex 70.0408 -21.8913 2
    endloop
  endfacet
  facet normal 0.321194 -0.947013 0
    outer loop
      vertex 70.1894 -21.8409 2
      vertex 70.0408 -21.8913 -2
      vertex 70.1894 -21.8409 -2
    endloop
  endfacet
  facet normal 0.896708 -0.442622 0
    outer loop
      vertex 69.3913 -22.5408 2
      vertex 69.4608 -22.4 -2
      vertex 69.4608 -22.4 2
    endloop
  endfacet
  facet normal 0.896708 -0.442622 0
    outer loop
      vertex 69.4608 -22.4 -2
      vertex 69.3913 -22.5408 2
      vertex 69.3913 -22.5408 -2
    endloop
  endfacet
  facet normal 0.947013 0.321194 0
    outer loop
      vertex 69.3913 -23.4592 2
      vertex 69.3409 -23.3106 -2
      vertex 69.3409 -23.3106 2
    endloop
  endfacet
  facet normal 0.947013 0.321194 0
    outer loop
      vertex 69.3409 -23.3106 -2
      vertex 69.3913 -23.4592 2
      vertex 69.3913 -23.4592 -2
    endloop
  endfacet
  facet normal -0.896708 -0.442622 0
    outer loop
      vertex 71.6087 -22.5408 -2
      vertex 71.5392 -22.4 2
      vertex 71.5392 -22.4 -2
    endloop
  endfacet
  facet normal -0.896708 -0.442622 0
    outer loop
      vertex 71.5392 -22.4 2
      vertex 71.6087 -22.5408 -2
      vertex 71.6087 -22.5408 2
    endloop
  endfacet
  facet normal -0.831462 -0.555582 0
    outer loop
      vertex 71.5392 -22.4 -2
      vertex 71.452 -22.2695 2
      vertex 71.452 -22.2695 -2
    endloop
  endfacet
  facet normal -0.831462 -0.555582 0
    outer loop
      vertex 71.452 -22.2695 2
      vertex 71.5392 -22.4 -2
      vertex 71.5392 -22.4 2
    endloop
  endfacet
  facet normal -0.751787 -0.659406 0
    outer loop
      vertex 71.452 -22.2695 -2
      vertex 71.3485 -22.1515 2
      vertex 71.3485 -22.1515 -2
    endloop
  endfacet
  facet normal -0.751787 -0.659406 0
    outer loop
      vertex 71.3485 -22.1515 2
      vertex 71.452 -22.2695 -2
      vertex 71.452 -22.2695 2
    endloop
  endfacet
  facet normal -0.442622 -0.896708 0
    outer loop
      vertex 70.9592 -21.8913 -2
      vertex 71.1 -21.9608 2
      vertex 70.9592 -21.8913 2
    endloop
  endfacet
  facet normal -0.442622 -0.896708 -0
    outer loop
      vertex 71.1 -21.9608 2
      vertex 70.9592 -21.8913 -2
      vertex 71.1 -21.9608 -2
    endloop
  endfacet
  facet normal -0.0656309 -0.997844 0
    outer loop
      vertex 70.5 -21.8 -2
      vertex 70.6566 -21.8103 2
      vertex 70.5 -21.8 2
    endloop
  endfacet
  facet normal -0.0656309 -0.997844 -0
    outer loop
      vertex 70.6566 -21.8103 2
      vertex 70.5 -21.8 -2
      vertex 70.6566 -21.8103 -2
    endloop
  endfacet
  facet normal 0.997844 -0.0656309 0
    outer loop
      vertex 69.3 -23 2
      vertex 69.3103 -22.8434 -2
      vertex 69.3103 -22.8434 2
    endloop
  endfacet
  facet normal 0.997844 -0.0656309 0
    outer loop
      vertex 69.3103 -22.8434 -2
      vertex 69.3 -23 2
      vertex 69.3 -23 -2
    endloop
  endfacet
  facet normal 0.751787 -0.659406 0
    outer loop
      vertex 69.548 -22.2695 2
      vertex 69.6515 -22.1515 -2
      vertex 69.6515 -22.1515 2
    endloop
  endfacet
  facet normal 0.751787 -0.659406 0
    outer loop
      vertex 69.6515 -22.1515 -2
      vertex 69.548 -22.2695 2
      vertex 69.548 -22.2695 -2
    endloop
  endfacet
  facet normal 0.442622 -0.896708 0
    outer loop
      vertex 69.9 -21.9608 -2
      vertex 70.0408 -21.8913 2
      vertex 69.9 -21.9608 2
    endloop
  endfacet
  facet normal 0.442622 -0.896708 0
    outer loop
      vertex 70.0408 -21.8913 2
      vertex 69.9 -21.9608 -2
      vertex 70.0408 -21.8913 -2
    endloop
  endfacet
  facet normal 0.0656309 -0.997844 0
    outer loop
      vertex 70.3434 -21.8103 -2
      vertex 70.5 -21.8 2
      vertex 70.3434 -21.8103 2
    endloop
  endfacet
  facet normal 0.0656309 -0.997844 0
    outer loop
      vertex 70.5 -21.8 2
      vertex 70.3434 -21.8103 -2
      vertex 70.5 -21.8 -2
    endloop
  endfacet
  facet normal -0.997844 0.0656309 0
    outer loop
      vertex 71.6897 -23.1566 -2
      vertex 71.7 -23 2
      vertex 71.7 -23 -2
    endloop
  endfacet
  facet normal -0.997844 0.0656309 0
    outer loop
      vertex 71.7 -23 2
      vertex 71.6897 -23.1566 -2
      vertex 71.6897 -23.1566 2
    endloop
  endfacet
  facet normal -0.0656309 0.997844 0
    outer loop
      vertex 70.6566 -24.1897 -2
      vertex 70.5 -24.2 2
      vertex 70.6566 -24.1897 2
    endloop
  endfacet
  facet normal -0.0656309 0.997844 0
    outer loop
      vertex 70.5 -24.2 2
      vertex 70.6566 -24.1897 -2
      vertex 70.5 -24.2 -2
    endloop
  endfacet
  facet normal -0.442622 0.896708 0
    outer loop
      vertex 71.1 -24.0392 -2
      vertex 70.9592 -24.1087 2
      vertex 71.1 -24.0392 2
    endloop
  endfacet
  facet normal -0.442622 0.896708 0
    outer loop
      vertex 70.9592 -24.1087 2
      vertex 71.1 -24.0392 -2
      vertex 70.9592 -24.1087 -2
    endloop
  endfacet
  facet normal -0.751787 0.659406 0
    outer loop
      vertex 71.3485 -23.8485 -2
      vertex 71.452 -23.7305 2
      vertex 71.452 -23.7305 -2
    endloop
  endfacet
  facet normal -0.751787 0.659406 0
    outer loop
      vertex 71.452 -23.7305 2
      vertex 71.3485 -23.8485 -2
      vertex 71.3485 -23.8485 2
    endloop
  endfacet
  facet normal 0.0656309 0.997844 -0
    outer loop
      vertex 70.5 -24.2 -2
      vertex 70.3434 -24.1897 2
      vertex 70.5 -24.2 2
    endloop
  endfacet
  facet normal 0.0656309 0.997844 0
    outer loop
      vertex 70.3434 -24.1897 2
      vertex 70.5 -24.2 -2
      vertex 70.3434 -24.1897 -2
    endloop
  endfacet
  facet normal 0.659406 0.751787 -0
    outer loop
      vertex 69.7695 -23.952 -2
      vertex 69.6515 -23.8485 2
      vertex 69.7695 -23.952 2
    endloop
  endfacet
  facet normal 0.659406 0.751787 0
    outer loop
      vertex 69.6515 -23.8485 2
      vertex 69.7695 -23.952 -2
      vertex 69.6515 -23.8485 -2
    endloop
  endfacet
  facet normal 0.896708 0.442622 0
    outer loop
      vertex 69.4608 -23.6 2
      vertex 69.3913 -23.4592 -2
      vertex 69.3913 -23.4592 2
    endloop
  endfacet
  facet normal 0.896708 0.442622 0
    outer loop
      vertex 69.3913 -23.4592 -2
      vertex 69.4608 -23.6 2
      vertex 69.4608 -23.6 -2
    endloop
  endfacet
  facet normal 0.997844 0.0656309 0
    outer loop
      vertex 69.3103 -23.1566 2
      vertex 69.3 -23 -2
      vertex 69.3 -23 2
    endloop
  endfacet
  facet normal 0.997844 0.0656309 0
    outer loop
      vertex 69.3 -23 -2
      vertex 69.3103 -23.1566 2
      vertex 69.3103 -23.1566 -2
    endloop
  endfacet
  facet normal -0.980825 -0.194891 0
    outer loop
      vertex 71.6897 -22.8434 -2
      vertex 71.6591 -22.6894 2
      vertex 71.6591 -22.6894 -2
    endloop
  endfacet
  facet normal -0.980825 -0.194891 0
    outer loop
      vertex 71.6591 -22.6894 2
      vertex 71.6897 -22.8434 -2
      vertex 71.6897 -22.8434 2
    endloop
  endfacet
  facet normal -0.947013 -0.321194 0
    outer loop
      vertex 71.6591 -22.6894 -2
      vertex 71.6087 -22.5408 2
      vertex 71.6087 -22.5408 -2
    endloop
  endfacet
  facet normal -0.947013 -0.321194 0
    outer loop
      vertex 71.6087 -22.5408 2
      vertex 71.6591 -22.6894 -2
      vertex 71.6591 -22.6894 2
    endloop
  endfacet
  facet normal -0.555582 -0.831462 0
    outer loop
      vertex 71.1 -21.9608 -2
      vertex 71.2305 -22.048 2
      vertex 71.1 -21.9608 2
    endloop
  endfacet
  facet normal -0.555582 -0.831462 -0
    outer loop
      vertex 71.2305 -22.048 2
      vertex 71.1 -21.9608 -2
      vertex 71.2305 -22.048 -2
    endloop
  endfacet
  facet normal -0.321194 -0.947013 0
    outer loop
      vertex 70.8106 -21.8409 -2
      vertex 70.9592 -21.8913 2
      vertex 70.8106 -21.8409 2
    endloop
  endfacet
  facet normal -0.321194 -0.947013 -0
    outer loop
      vertex 70.9592 -21.8913 2
      vertex 70.8106 -21.8409 -2
      vertex 70.9592 -21.8913 -2
    endloop
  endfacet
  facet normal -0.194891 -0.980825 0
    outer loop
      vertex 70.6566 -21.8103 -2
      vertex 70.8106 -21.8409 2
      vertex 70.6566 -21.8103 2
    endloop
  endfacet
  facet normal -0.194891 -0.980825 -0
    outer loop
      vertex 70.8106 -21.8409 2
      vertex 70.6566 -21.8103 -2
      vertex 70.8106 -21.8409 -2
    endloop
  endfacet
  facet normal 0.947013 -0.321194 0
    outer loop
      vertex 69.3409 -22.6894 2
      vertex 69.3913 -22.5408 -2
      vertex 69.3913 -22.5408 2
    endloop
  endfacet
  facet normal 0.947013 -0.321194 0
    outer loop
      vertex 69.3913 -22.5408 -2
      vertex 69.3409 -22.6894 2
      vertex 69.3409 -22.6894 -2
    endloop
  endfacet
  facet normal 0.980825 -0.194891 0
    outer loop
      vertex 69.3103 -22.8434 2
      vertex 69.3409 -22.6894 -2
      vertex 69.3409 -22.6894 2
    endloop
  endfacet
  facet normal 0.980825 -0.194891 0
    outer loop
      vertex 69.3409 -22.6894 -2
      vertex 69.3103 -22.8434 2
      vertex 69.3103 -22.8434 -2
    endloop
  endfacet
  facet normal 0.831462 -0.555582 0
    outer loop
      vertex 69.4608 -22.4 2
      vertex 69.548 -22.2695 -2
      vertex 69.548 -22.2695 2
    endloop
  endfacet
  facet normal 0.831462 -0.555582 0
    outer loop
      vertex 69.548 -22.2695 -2
      vertex 69.4608 -22.4 2
      vertex 69.4608 -22.4 -2
    endloop
  endfacet
  facet normal 0.194891 -0.980825 0
    outer loop
      vertex 70.1894 -21.8409 -2
      vertex 70.3434 -21.8103 2
      vertex 70.1894 -21.8409 2
    endloop
  endfacet
  facet normal 0.194891 -0.980825 0
    outer loop
      vertex 70.3434 -21.8103 2
      vertex 70.1894 -21.8409 -2
      vertex 70.3434 -21.8103 -2
    endloop
  endfacet
  facet normal 0.555582 -0.831462 0
    outer loop
      vertex 69.7695 -22.048 -2
      vertex 69.9 -21.9608 2
      vertex 69.7695 -22.048 2
    endloop
  endfacet
  facet normal 0.555582 -0.831462 0
    outer loop
      vertex 69.9 -21.9608 2
      vertex 69.7695 -22.048 -2
      vertex 69.9 -21.9608 -2
    endloop
  endfacet
  facet normal 0.659406 -0.751787 0
    outer loop
      vertex 69.6515 -22.1515 -2
      vertex 69.7695 -22.048 2
      vertex 69.6515 -22.1515 2
    endloop
  endfacet
  facet normal 0.659406 -0.751787 0
    outer loop
      vertex 69.7695 -22.048 2
      vertex 69.6515 -22.1515 -2
      vertex 69.7695 -22.048 -2
    endloop
  endfacet
  facet normal -0.997844 -0.0656309 0
    outer loop
      vertex 71.7 -23 -2
      vertex 71.6897 -22.8434 2
      vertex 71.6897 -22.8434 -2
    endloop
  endfacet
  facet normal -0.997844 -0.0656309 0
    outer loop
      vertex 71.6897 -22.8434 2
      vertex 71.7 -23 -2
      vertex 71.7 -23 2
    endloop
  endfacet
  facet normal -0.194891 0.980825 0
    outer loop
      vertex 70.8106 -24.1591 -2
      vertex 70.6566 -24.1897 2
      vertex 70.8106 -24.1591 2
    endloop
  endfacet
  facet normal -0.194891 0.980825 0
    outer loop
      vertex 70.6566 -24.1897 2
      vertex 70.8106 -24.1591 -2
      vertex 70.6566 -24.1897 -2
    endloop
  endfacet
  facet normal -0.555582 0.831462 0
    outer loop
      vertex 71.2305 -23.952 -2
      vertex 71.1 -24.0392 2
      vertex 71.2305 -23.952 2
    endloop
  endfacet
  facet normal -0.555582 0.831462 0
    outer loop
      vertex 71.1 -24.0392 2
      vertex 71.2305 -23.952 -2
      vertex 71.1 -24.0392 -2
    endloop
  endfacet
  facet normal -0.896708 0.442622 0
    outer loop
      vertex 71.5392 -23.6 -2
      vertex 71.6087 -23.4592 2
      vertex 71.6087 -23.4592 -2
    endloop
  endfacet
  facet normal -0.896708 0.442622 0
    outer loop
      vertex 71.6087 -23.4592 2
      vertex 71.5392 -23.6 -2
      vertex 71.5392 -23.6 2
    endloop
  endfacet
  facet normal 0.321194 0.947013 -0
    outer loop
      vertex 70.1894 -24.1591 -2
      vertex 70.0408 -24.1087 2
      vertex 70.1894 -24.1591 2
    endloop
  endfacet
  facet normal 0.321194 0.947013 0
    outer loop
      vertex 70.0408 -24.1087 2
      vertex 70.1894 -24.1591 -2
      vertex 70.0408 -24.1087 -2
    endloop
  endfacet
  facet normal 0.442622 0.896708 -0
    outer loop
      vertex 70.0408 -24.1087 -2
      vertex 69.9 -24.0392 2
      vertex 70.0408 -24.1087 2
    endloop
  endfacet
  facet normal 0.442622 0.896708 0
    outer loop
      vertex 69.9 -24.0392 2
      vertex 70.0408 -24.1087 -2
      vertex 69.9 -24.0392 -2
    endloop
  endfacet
  facet normal 0.980825 0.194891 0
    outer loop
      vertex 69.3409 -23.3106 2
      vertex 69.3103 -23.1566 -2
      vertex 69.3103 -23.1566 2
    endloop
  endfacet
  facet normal 0.980825 0.194891 0
    outer loop
      vertex 69.3103 -23.1566 -2
      vertex 69.3409 -23.3106 2
      vertex 69.3409 -23.3106 -2
    endloop
  endfacet
  facet normal 0.831462 0.555582 0
    outer loop
      vertex 69.548 -23.7305 2
      vertex 69.4608 -23.6 -2
      vertex 69.4608 -23.6 2
    endloop
  endfacet
  facet normal 0.831462 0.555582 0
    outer loop
      vertex 69.4608 -23.6 -2
      vertex 69.548 -23.7305 2
      vertex 69.548 -23.7305 -2
    endloop
  endfacet
  facet normal -0.980825 0.194891 0
    outer loop
      vertex 71.6591 -23.3106 -2
      vertex 71.6897 -23.1566 2
      vertex 71.6897 -23.1566 -2
    endloop
  endfacet
  facet normal -0.980825 0.194891 0
    outer loop
      vertex 71.6897 -23.1566 2
      vertex 71.6591 -23.3106 -2
      vertex 71.6591 -23.3106 2
    endloop
  endfacet
  facet normal -0.947013 0.321194 0
    outer loop
      vertex 71.6087 -23.4592 -2
      vertex 71.6591 -23.3106 2
      vertex 71.6591 -23.3106 -2
    endloop
  endfacet
  facet normal -0.947013 0.321194 0
    outer loop
      vertex 71.6591 -23.3106 2
      vertex 71.6087 -23.4592 -2
      vertex 71.6087 -23.4592 2
    endloop
  endfacet
  facet normal -0.321194 0.947013 0
    outer loop
      vertex 70.9592 -24.1087 -2
      vertex 70.8106 -24.1591 2
      vertex 70.9592 -24.1087 2
    endloop
  endfacet
  facet normal -0.321194 0.947013 0
    outer loop
      vertex 70.8106 -24.1591 2
      vertex 70.9592 -24.1087 -2
      vertex 70.8106 -24.1591 -2
    endloop
  endfacet
  facet normal -0.659406 0.751787 0
    outer loop
      vertex 71.3485 -23.8485 -2
      vertex 71.2305 -23.952 2
      vertex 71.3485 -23.8485 2
    endloop
  endfacet
  facet normal -0.659406 0.751787 0
    outer loop
      vertex 71.2305 -23.952 2
      vertex 71.3485 -23.8485 -2
      vertex 71.2305 -23.952 -2
    endloop
  endfacet
  facet normal -0.831462 0.555582 0
    outer loop
      vertex 71.452 -23.7305 -2
      vertex 71.5392 -23.6 2
      vertex 71.5392 -23.6 -2
    endloop
  endfacet
  facet normal -0.831462 0.555582 0
    outer loop
      vertex 71.5392 -23.6 2
      vertex 71.452 -23.7305 -2
      vertex 71.452 -23.7305 2
    endloop
  endfacet
  facet normal 0.194891 0.980825 -0
    outer loop
      vertex 70.3434 -24.1897 -2
      vertex 70.1894 -24.1591 2
      vertex 70.3434 -24.1897 2
    endloop
  endfacet
  facet normal 0.194891 0.980825 0
    outer loop
      vertex 70.1894 -24.1591 2
      vertex 70.3434 -24.1897 -2
      vertex 70.1894 -24.1591 -2
    endloop
  endfacet
  facet normal 0.555582 0.831462 -0
    outer loop
      vertex 69.9 -24.0392 -2
      vertex 69.7695 -23.952 2
      vertex 69.9 -24.0392 2
    endloop
  endfacet
  facet normal 0.555582 0.831462 0
    outer loop
      vertex 69.7695 -23.952 2
      vertex 69.9 -24.0392 -2
      vertex 69.7695 -23.952 -2
    endloop
  endfacet
  facet normal 0.751787 0.659406 0
    outer loop
      vertex 69.6515 -23.8485 2
      vertex 69.548 -23.7305 -2
      vertex 69.548 -23.7305 2
    endloop
  endfacet
  facet normal 0.751787 0.659406 0
    outer loop
      vertex 69.548 -23.7305 -2
      vertex 69.6515 -23.8485 2
      vertex 69.6515 -23.8485 -2
    endloop
  endfacet
  facet normal -0.709839 -0.046688 0.702815
    outer loop
      vertex 71.7 -23 2
      vertex 72.69 -22.9984 3
      vertex 71.6897 -22.8434 2
    endloop
  endfacet
  facet normal -0.709916 -0.0443697 0.702888
    outer loop
      vertex 72.69 -22.9984 3
      vertex 71.7 -23 2
      vertex 72.6901 -23 3
    endloop
  endfacet
  facet normal 0.469058 -0.534772 0.702854
    outer loop
      vertex 68.9525 -21.4503 3
      vertex 69.6515 -22.1515 2
      vertex 69.7695 -22.048 2
    endloop
  endfacet
  facet normal 0.502483 -0.502483 0.703577
    outer loop
      vertex 69.6515 -22.1515 2
      vertex 68.9525 -21.4503 3
      vertex 68.9514 -21.4514 3
    endloop
  endfacet
  facet normal -0.585231 -0.40516 0.702389
    outer loop
      vertex 72.3958 -21.9037 3
      vertex 71.5392 -22.4 2
      vertex 72.3967 -21.905 3
    endloop
  endfacet
  facet normal -0.591481 -0.395227 0.702813
    outer loop
      vertex 71.5392 -22.4 2
      vertex 72.3958 -21.9037 3
      vertex 71.452 -22.2695 2
    endloop
  endfacet
  facet normal -0.502483 0.502483 0.703577
    outer loop
      vertex 71.3485 -23.8485 2
      vertex 72.0475 -24.5497 3
      vertex 72.0486 -24.5486 3
    endloop
  endfacet
  facet normal -0.469058 0.534772 0.702854
    outer loop
      vertex 72.0475 -24.5497 3
      vertex 71.3485 -23.8485 2
      vertex 71.2305 -23.952 2
    endloop
  endfacet
  facet normal 0.673614 0.228699 0.702809
    outer loop
      vertex 68.4766 -23.8381 3
      vertex 69.3913 -23.4592 2
      vertex 68.385 -23.5683 3
    endloop
  endfacet
  facet normal -0.673614 -0.228699 0.702809
    outer loop
      vertex 72.615 -22.4317 3
      vertex 72.5234 -22.1619 3
      vertex 71.6087 -22.5408 2
    endloop
  endfacet
  facet normal -0.637999 0.31463 0.702826
    outer loop
      vertex 72.3967 -24.095 3
      vertex 72.5227 -23.8395 3
      vertex 71.5392 -23.6 2
    endloop
  endfacet
  facet normal 0.228699 0.673614 0.702809
    outer loop
      vertex 69.9317 -25.115 3
      vertex 70.0408 -24.1087 2
      vertex 69.6619 -25.0234 3
    endloop
  endfacet
  facet normal 0.709916 0.0443697 0.702888
    outer loop
      vertex 68.31 -23.0016 3
      vertex 69.3 -23 2
      vertex 68.3099 -23 3
    endloop
  endfacet
  facet normal 0.709839 0.046688 0.702815
    outer loop
      vertex 69.3 -23 2
      vertex 68.31 -23.0016 3
      vertex 69.3103 -23.1566 2
    endloop
  endfacet
  facet normal 0.637999 -0.31463 0.702826
    outer loop
      vertex 69.4608 -22.4 2
      vertex 68.6033 -21.905 3
      vertex 68.4773 -22.1605 3
    endloop
  endfacet
  facet normal -0.535004 -0.468846 0.702819
    outer loop
      vertex 72.2375 -21.6668 3
      vertex 72.0497 -21.4525 3
      vertex 71.452 -22.2695 2
    endloop
  endfacet
  facet normal -0.585231 0.40516 0.702389
    outer loop
      vertex 71.5392 -23.6 2
      vertex 72.3958 -24.0963 3
      vertex 72.3967 -24.095 3
    endloop
  endfacet
  facet normal -0.591481 0.395227 0.702813
    outer loop
      vertex 72.3958 -24.0963 3
      vertex 71.5392 -23.6 2
      vertex 71.452 -23.7305 2
    endloop
  endfacet
  facet normal -0.468846 0.535004 0.702819
    outer loop
      vertex 71.8332 -24.7375 3
      vertex 72.0475 -24.5497 3
      vertex 71.2305 -23.952 2
    endloop
  endfacet
  facet normal -0.674743 0.224914 0.702947
    outer loop
      vertex 71.6591 -23.3106 2
      vertex 72.615 -23.5683 3
      vertex 72.6155 -23.5668 3
    endloop
  endfacet
  facet normal -0.673662 0.228483 0.702834
    outer loop
      vertex 72.615 -23.5683 3
      vertex 71.6591 -23.3106 2
      vertex 71.6087 -23.4592 2
    endloop
  endfacet
  facet normal -0.673614 0.228699 0.702809
    outer loop
      vertex 72.5234 -23.8381 3
      vertex 72.615 -23.5683 3
      vertex 71.6087 -23.4592 2
    endloop
  endfacet
  facet normal 0.469058 0.534772 0.702854
    outer loop
      vertex 69.6515 -23.8485 2
      vertex 68.9525 -24.5497 3
      vertex 69.7695 -23.952 2
    endloop
  endfacet
  facet normal 0.502483 0.502483 0.703577
    outer loop
      vertex 68.9525 -24.5497 3
      vertex 69.6515 -23.8485 2
      vertex 68.9514 -24.5486 3
    endloop
  endfacet
  facet normal 0.637999 0.31463 0.702826
    outer loop
      vertex 68.6033 -24.095 3
      vertex 69.4608 -23.6 2
      vertex 68.4773 -23.8395 3
    endloop
  endfacet
  facet normal 0.591481 -0.395227 0.702813
    outer loop
      vertex 68.6042 -21.9037 3
      vertex 69.4608 -22.4 2
      vertex 69.548 -22.2695 2
    endloop
  endfacet
  facet normal 0.585231 -0.40516 0.702389
    outer loop
      vertex 69.4608 -22.4 2
      vertex 68.6042 -21.9037 3
      vertex 68.6033 -21.905 3
    endloop
  endfacet
  facet normal 0.468846 -0.535004 0.702819
    outer loop
      vertex 69.7695 -22.048 2
      vertex 69.1668 -21.2625 3
      vertex 68.9525 -21.4503 3
    endloop
  endfacet
  facet normal 0.673662 -0.228483 0.702834
    outer loop
      vertex 68.385 -22.4317 3
      vertex 69.3409 -22.6894 2
      vertex 69.3913 -22.5408 2
    endloop
  endfacet
  facet normal 0.674743 -0.224914 0.702947
    outer loop
      vertex 69.3409 -22.6894 2
      vertex 68.385 -22.4317 3
      vertex 68.3845 -22.4332 3
    endloop
  endfacet
  facet normal 0.673614 -0.228699 0.702809
    outer loop
      vertex 69.3913 -22.5408 2
      vertex 68.4766 -22.1619 3
      vertex 68.385 -22.4317 3
    endloop
  endfacet
  facet normal -0.139505 -0.697523 0.702852
    outer loop
      vertex 71.0653 -20.8842 3
      vertex 70.8106 -21.8409 2
      vertex 71.0668 -20.8845 3
    endloop
  endfacet
  facet normal -0.138639 -0.697724 0.702824
    outer loop
      vertex 70.8106 -21.8409 2
      vertex 71.0653 -20.8842 3
      vertex 70.6566 -21.8103 2
    endloop
  endfacet
  facet normal -0.318197 -0.636395 0.702675
    outer loop
      vertex 70.9592 -21.8913 2
      vertex 71.3395 -20.9773 3
      vertex 71.3381 -20.9766 3
    endloop
  endfacet
  facet normal -0.314877 -0.63791 0.702797
    outer loop
      vertex 71.3395 -20.9773 3
      vertex 70.9592 -21.8913 2
      vertex 71.1 -21.9608 2
    endloop
  endfacet
  facet normal -0.637999 -0.31463 0.702826
    outer loop
      vertex 72.5227 -22.1605 3
      vertex 72.3967 -21.905 3
      vertex 71.5392 -22.4 2
    endloop
  endfacet
  facet normal -0.697523 -0.139505 0.702852
    outer loop
      vertex 71.6591 -22.6894 2
      vertex 72.6158 -22.4347 3
      vertex 72.6155 -22.4332 3
    endloop
  endfacet
  facet normal -0.697724 -0.138639 0.702824
    outer loop
      vertex 72.6158 -22.4347 3
      vertex 71.6591 -22.6894 2
      vertex 71.6897 -22.8434 2
    endloop
  endfacet
  facet normal -0.709828 -0.0464397 0.702843
    outer loop
      vertex 72.69 -22.9984 3
      vertex 72.6714 -22.7141 3
      vertex 71.6897 -22.8434 2
    endloop
  endfacet
  facet normal -0.697662 -0.138833 0.702846
    outer loop
      vertex 72.6714 -22.7141 3
      vertex 72.6158 -22.4347 3
      vertex 71.6897 -22.8434 2
    endloop
  endfacet
  facet normal -0.709916 0.0443697 0.702888
    outer loop
      vertex 71.7 -23 2
      vertex 72.69 -23.0016 3
      vertex 72.6901 -23 3
    endloop
  endfacet
  facet normal -0.709839 0.046688 0.702815
    outer loop
      vertex 72.69 -23.0016 3
      vertex 71.7 -23 2
      vertex 71.6897 -23.1566 2
    endloop
  endfacet
  facet normal -0.591477 0.395234 0.702812
    outer loop
      vertex 72.2375 -24.3332 3
      vertex 72.3958 -24.0963 3
      vertex 71.452 -23.7305 2
    endloop
  endfacet
  facet normal -0.395234 0.591477 0.702812
    outer loop
      vertex 71.5963 -24.8958 3
      vertex 71.8332 -24.7375 3
      vertex 71.2305 -23.952 2
    endloop
  endfacet
  facet normal -0.228699 0.673614 0.702809
    outer loop
      vertex 71.0683 -25.115 3
      vertex 71.3381 -25.0234 3
      vertex 70.9592 -24.1087 2
    endloop
  endfacet
  facet normal -0.0466881 0.709841 0.702813
    outer loop
      vertex 70.5 -24.2 2
      vertex 70.5015 -25.19 3
      vertex 70.6566 -24.1897 2
    endloop
  endfacet
  facet normal -0.0473213 0.709819 0.702792
    outer loop
      vertex 70.5015 -25.19 3
      vertex 70.5 -24.2 2
      vertex 70.5 -25.1901 3
    endloop
  endfacet
  facet normal -0.636395 0.318197 0.702675
    outer loop
      vertex 71.6087 -23.4592 2
      vertex 72.5227 -23.8395 3
      vertex 72.5234 -23.8381 3
    endloop
  endfacet
  facet normal -0.63791 0.314877 0.702797
    outer loop
      vertex 72.5227 -23.8395 3
      vertex 71.6087 -23.4592 2
      vertex 71.5392 -23.6 2
    endloop
  endfacet
  facet normal -0.709828 0.0464397 0.702843
    outer loop
      vertex 72.6714 -23.2859 3
      vertex 72.69 -23.0016 3
      vertex 71.6897 -23.1566 2
    endloop
  endfacet
  facet normal -0.697662 0.138833 0.702846
    outer loop
      vertex 72.6158 -23.5653 3
      vertex 72.6714 -23.2859 3
      vertex 71.6897 -23.1566 2
    endloop
  endfacet
  facet normal 0.697662 0.138833 0.702846
    outer loop
      vertex 68.3842 -23.5653 3
      vertex 69.3103 -23.1566 2
      vertex 68.3286 -23.2859 3
    endloop
  endfacet
  facet normal 0.709828 0.0464397 0.702843
    outer loop
      vertex 68.3286 -23.2859 3
      vertex 69.3103 -23.1566 2
      vertex 68.31 -23.0016 3
    endloop
  endfacet
  facet normal 0.63791 0.314877 0.702797
    outer loop
      vertex 69.3913 -23.4592 2
      vertex 68.4773 -23.8395 3
      vertex 69.4608 -23.6 2
    endloop
  endfacet
  facet normal 0.636395 0.318197 0.702675
    outer loop
      vertex 68.4773 -23.8395 3
      vertex 69.3913 -23.4592 2
      vertex 68.4766 -23.8381 3
    endloop
  endfacet
  facet normal 0.534772 0.469058 0.702854
    outer loop
      vertex 68.9503 -24.5475 3
      vertex 69.6515 -23.8485 2
      vertex 69.548 -23.7305 2
    endloop
  endfacet
  facet normal 0.502483 0.502483 0.703577
    outer loop
      vertex 69.6515 -23.8485 2
      vertex 68.9503 -24.5475 3
      vertex 68.9514 -24.5486 3
    endloop
  endfacet
  facet normal 0.314877 0.63791 0.702797
    outer loop
      vertex 69.6605 -25.0227 3
      vertex 70.0408 -24.1087 2
      vertex 69.9 -24.0392 2
    endloop
  endfacet
  facet normal 0.318197 0.636395 0.702675
    outer loop
      vertex 70.0408 -24.1087 2
      vertex 69.6605 -25.0227 3
      vertex 69.6619 -25.0234 3
    endloop
  endfacet
  facet normal 0.395234 0.591477 0.702812
    outer loop
      vertex 69.4037 -24.8958 3
      vertex 69.7695 -23.952 2
      vertex 69.1668 -24.7375 3
    endloop
  endfacet
  facet normal 0.709916 -0.0443697 0.702888
    outer loop
      vertex 69.3 -23 2
      vertex 68.31 -22.9984 3
      vertex 68.3099 -23 3
    endloop
  endfacet
  facet normal 0.709839 -0.046688 0.702815
    outer loop
      vertex 68.31 -22.9984 3
      vertex 69.3 -23 2
      vertex 69.3103 -22.8434 2
    endloop
  endfacet
  facet normal 0.591477 -0.395234 0.702812
    outer loop
      vertex 69.548 -22.2695 2
      vertex 68.7625 -21.6668 3
      vertex 68.6042 -21.9037 3
    endloop
  endfacet
  facet normal 0.395234 -0.591477 0.702812
    outer loop
      vertex 69.7695 -22.048 2
      vertex 69.4037 -21.1042 3
      vertex 69.1668 -21.2625 3
    endloop
  endfacet
  facet normal 0.0466881 -0.709841 0.702813
    outer loop
      vertex 70.5 -21.8 2
      vertex 70.4985 -20.81 3
      vertex 70.3434 -21.8103 2
    endloop
  endfacet
  facet normal 0.0473213 -0.709819 0.702792
    outer loop
      vertex 70.4985 -20.81 3
      vertex 70.5 -21.8 2
      vertex 70.5 -20.8099 3
    endloop
  endfacet
  facet normal 0.228699 -0.673614 0.702809
    outer loop
      vertex 70.0408 -21.8913 2
      vertex 69.9317 -20.885 3
      vertex 69.6619 -20.9766 3
    endloop
  endfacet
  facet normal 0.63791 -0.314877 0.702797
    outer loop
      vertex 68.4773 -22.1605 3
      vertex 69.3913 -22.5408 2
      vertex 69.4608 -22.4 2
    endloop
  endfacet
  facet normal 0.636395 -0.318197 0.702675
    outer loop
      vertex 69.3913 -22.5408 2
      vertex 68.4773 -22.1605 3
      vertex 68.4766 -22.1619 3
    endloop
  endfacet
  facet normal 0.709828 -0.0464397 0.702843
    outer loop
      vertex 69.3103 -22.8434 2
      vertex 68.3286 -22.7141 3
      vertex 68.31 -22.9984 3
    endloop
  endfacet
  facet normal 0.697662 -0.138833 0.702846
    outer loop
      vertex 69.3103 -22.8434 2
      vertex 68.3842 -22.4347 3
      vertex 68.3286 -22.7141 3
    endloop
  endfacet
  facet normal -0.0473213 -0.709819 0.702792
    outer loop
      vertex 70.5 -21.8 2
      vertex 70.5015 -20.81 3
      vertex 70.5 -20.8099 3
    endloop
  endfacet
  facet normal -0.0466881 -0.709841 0.702813
    outer loop
      vertex 70.5015 -20.81 3
      vertex 70.5 -21.8 2
      vertex 70.6566 -21.8103 2
    endloop
  endfacet
  facet normal -0.40516 -0.585231 0.702389
    outer loop
      vertex 71.1 -21.9608 2
      vertex 71.5963 -21.1042 3
      vertex 71.595 -21.1033 3
    endloop
  endfacet
  facet normal -0.395227 -0.591481 0.702813
    outer loop
      vertex 71.5963 -21.1042 3
      vertex 71.1 -21.9608 2
      vertex 71.2305 -22.048 2
    endloop
  endfacet
  facet normal -0.31463 -0.637999 0.702826
    outer loop
      vertex 71.595 -21.1033 3
      vertex 71.3395 -20.9773 3
      vertex 71.1 -21.9608 2
    endloop
  endfacet
  facet normal -0.502483 -0.502483 0.703577
    outer loop
      vertex 71.3485 -22.1515 2
      vertex 72.0497 -21.4525 3
      vertex 72.0486 -21.4514 3
    endloop
  endfacet
  facet normal -0.534772 -0.469058 0.702854
    outer loop
      vertex 72.0497 -21.4525 3
      vertex 71.3485 -22.1515 2
      vertex 71.452 -22.2695 2
    endloop
  endfacet
  facet normal -0.591477 -0.395234 0.702812
    outer loop
      vertex 72.3958 -21.9037 3
      vertex 72.2375 -21.6668 3
      vertex 71.452 -22.2695 2
    endloop
  endfacet
  facet normal -0.636395 -0.318197 0.702675
    outer loop
      vertex 72.5227 -22.1605 3
      vertex 71.6087 -22.5408 2
      vertex 72.5234 -22.1619 3
    endloop
  endfacet
  facet normal -0.63791 -0.314877 0.702797
    outer loop
      vertex 71.6087 -22.5408 2
      vertex 72.5227 -22.1605 3
      vertex 71.5392 -22.4 2
    endloop
  endfacet
  facet normal -0.674743 -0.224914 0.702947
    outer loop
      vertex 72.615 -22.4317 3
      vertex 71.6591 -22.6894 2
      vertex 72.6155 -22.4332 3
    endloop
  endfacet
  facet normal -0.673662 -0.228483 0.702834
    outer loop
      vertex 71.6591 -22.6894 2
      vertex 72.615 -22.4317 3
      vertex 71.6087 -22.5408 2
    endloop
  endfacet
  facet normal -0.31463 0.637999 0.702826
    outer loop
      vertex 71.3395 -25.0227 3
      vertex 71.595 -24.8967 3
      vertex 71.1 -24.0392 2
    endloop
  endfacet
  facet normal -0.138833 0.697662 0.702846
    outer loop
      vertex 70.7859 -25.1714 3
      vertex 71.0653 -25.1158 3
      vertex 70.6566 -24.1897 2
    endloop
  endfacet
  facet normal -0.0464234 0.709829 0.702842
    outer loop
      vertex 70.7859 -25.1714 3
      vertex 70.6566 -24.1897 2
      vertex 70.5015 -25.19 3
    endloop
  endfacet
  facet normal -0.314877 0.63791 0.702797
    outer loop
      vertex 70.9592 -24.1087 2
      vertex 71.3395 -25.0227 3
      vertex 71.1 -24.0392 2
    endloop
  endfacet
  facet normal -0.318197 0.636395 0.702675
    outer loop
      vertex 71.3395 -25.0227 3
      vertex 70.9592 -24.1087 2
      vertex 71.3381 -25.0234 3
    endloop
  endfacet
  facet normal -0.228483 0.673662 0.702834
    outer loop
      vertex 70.8106 -24.1591 2
      vertex 71.0683 -25.115 3
      vertex 70.9592 -24.1087 2
    endloop
  endfacet
  facet normal -0.224914 0.674743 0.702947
    outer loop
      vertex 71.0683 -25.115 3
      vertex 70.8106 -24.1591 2
      vertex 71.0668 -25.1155 3
    endloop
  endfacet
  facet normal -0.535004 0.468846 0.702819
    outer loop
      vertex 72.0497 -24.5475 3
      vertex 72.2375 -24.3332 3
      vertex 71.452 -23.7305 2
    endloop
  endfacet
  facet normal -0.534772 0.469058 0.702854
    outer loop
      vertex 71.3485 -23.8485 2
      vertex 72.0497 -24.5475 3
      vertex 71.452 -23.7305 2
    endloop
  endfacet
  facet normal -0.502483 0.502483 0.703577
    outer loop
      vertex 72.0497 -24.5475 3
      vertex 71.3485 -23.8485 2
      vertex 72.0486 -24.5486 3
    endloop
  endfacet
  facet normal -0.697724 0.138639 0.702824
    outer loop
      vertex 71.6591 -23.3106 2
      vertex 72.6158 -23.5653 3
      vertex 71.6897 -23.1566 2
    endloop
  endfacet
  facet normal -0.697523 0.139505 0.702852
    outer loop
      vertex 72.6158 -23.5653 3
      vertex 71.6591 -23.3106 2
      vertex 72.6155 -23.5668 3
    endloop
  endfacet
  facet normal 0.697724 0.138639 0.702824
    outer loop
      vertex 68.3842 -23.5653 3
      vertex 69.3409 -23.3106 2
      vertex 69.3103 -23.1566 2
    endloop
  endfacet
  facet normal 0.697523 0.139505 0.702852
    outer loop
      vertex 69.3409 -23.3106 2
      vertex 68.3842 -23.5653 3
      vertex 68.3845 -23.5668 3
    endloop
  endfacet
  facet normal 0.535004 0.468846 0.702819
    outer loop
      vertex 68.9503 -24.5475 3
      vertex 69.548 -23.7305 2
      vertex 68.7625 -24.3332 3
    endloop
  endfacet
  facet normal 0.0473213 0.709819 0.702792
    outer loop
      vertex 70.5 -24.2 2
      vertex 70.4985 -25.19 3
      vertex 70.5 -25.1901 3
    endloop
  endfacet
  facet normal 0.0466881 0.709841 0.702813
    outer loop
      vertex 70.4985 -25.19 3
      vertex 70.5 -24.2 2
      vertex 70.3434 -24.1897 2
    endloop
  endfacet
  facet normal 0.31463 0.637999 0.702826
    outer loop
      vertex 69.6605 -25.0227 3
      vertex 69.9 -24.0392 2
      vertex 69.405 -24.8967 3
    endloop
  endfacet
  facet normal 0.395227 0.591481 0.702813
    outer loop
      vertex 69.4037 -24.8958 3
      vertex 69.9 -24.0392 2
      vertex 69.7695 -23.952 2
    endloop
  endfacet
  facet normal 0.40516 0.585231 0.702389
    outer loop
      vertex 69.9 -24.0392 2
      vertex 69.4037 -24.8958 3
      vertex 69.405 -24.8967 3
    endloop
  endfacet
  facet normal 0.468846 0.535004 0.702819
    outer loop
      vertex 69.1668 -24.7375 3
      vertex 69.7695 -23.952 2
      vertex 68.9525 -24.5497 3
    endloop
  endfacet
  facet normal 0.31463 -0.637999 0.702826
    outer loop
      vertex 69.9 -21.9608 2
      vertex 69.6605 -20.9773 3
      vertex 69.405 -21.1033 3
    endloop
  endfacet
  facet normal 0.224914 -0.674743 0.702947
    outer loop
      vertex 69.9317 -20.885 3
      vertex 70.1894 -21.8409 2
      vertex 69.9332 -20.8845 3
    endloop
  endfacet
  facet normal 0.228483 -0.673662 0.702834
    outer loop
      vertex 70.1894 -21.8409 2
      vertex 69.9317 -20.885 3
      vertex 70.0408 -21.8913 2
    endloop
  endfacet
  facet normal 0.318197 -0.636395 0.702675
    outer loop
      vertex 69.6605 -20.9773 3
      vertex 70.0408 -21.8913 2
      vertex 69.6619 -20.9766 3
    endloop
  endfacet
  facet normal 0.314877 -0.63791 0.702797
    outer loop
      vertex 70.0408 -21.8913 2
      vertex 69.6605 -20.9773 3
      vertex 69.9 -21.9608 2
    endloop
  endfacet
  facet normal 0.138639 -0.697724 0.702824
    outer loop
      vertex 69.9347 -20.8842 3
      vertex 70.1894 -21.8409 2
      vertex 70.3434 -21.8103 2
    endloop
  endfacet
  facet normal 0.139505 -0.697523 0.702852
    outer loop
      vertex 70.1894 -21.8409 2
      vertex 69.9347 -20.8842 3
      vertex 69.9332 -20.8845 3
    endloop
  endfacet
  facet normal 0.535004 -0.468846 0.702819
    outer loop
      vertex 69.548 -22.2695 2
      vertex 68.9503 -21.4525 3
      vertex 68.7625 -21.6668 3
    endloop
  endfacet
  facet normal 0.502483 -0.502483 0.703577
    outer loop
      vertex 68.9503 -21.4525 3
      vertex 69.6515 -22.1515 2
      vertex 68.9514 -21.4514 3
    endloop
  endfacet
  facet normal 0.534772 -0.469058 0.702854
    outer loop
      vertex 69.6515 -22.1515 2
      vertex 68.9503 -21.4525 3
      vertex 69.548 -22.2695 2
    endloop
  endfacet
  facet normal 0.697523 -0.139505 0.702852
    outer loop
      vertex 68.3842 -22.4347 3
      vertex 69.3409 -22.6894 2
      vertex 68.3845 -22.4332 3
    endloop
  endfacet
  facet normal 0.697724 -0.138639 0.702824
    outer loop
      vertex 69.3409 -22.6894 2
      vertex 68.3842 -22.4347 3
      vertex 69.3103 -22.8434 2
    endloop
  endfacet
  facet normal -0.468846 -0.535004 0.702819
    outer loop
      vertex 72.0475 -21.4503 3
      vertex 71.8332 -21.2625 3
      vertex 71.2305 -22.048 2
    endloop
  endfacet
  facet normal -0.395234 -0.591477 0.702812
    outer loop
      vertex 71.8332 -21.2625 3
      vertex 71.5963 -21.1042 3
      vertex 71.2305 -22.048 2
    endloop
  endfacet
  facet normal -0.224914 -0.674743 0.702947
    outer loop
      vertex 70.8106 -21.8409 2
      vertex 71.0683 -20.885 3
      vertex 71.0668 -20.8845 3
    endloop
  endfacet
  facet normal -0.228483 -0.673662 0.702834
    outer loop
      vertex 71.0683 -20.885 3
      vertex 70.8106 -21.8409 2
      vertex 70.9592 -21.8913 2
    endloop
  endfacet
  facet normal -0.228699 -0.673614 0.702809
    outer loop
      vertex 71.3381 -20.9766 3
      vertex 71.0683 -20.885 3
      vertex 70.9592 -21.8913 2
    endloop
  endfacet
  facet normal -0.0464234 -0.709829 0.702842
    outer loop
      vertex 70.6566 -21.8103 2
      vertex 70.7859 -20.8286 3
      vertex 70.5015 -20.81 3
    endloop
  endfacet
  facet normal -0.138833 -0.697662 0.702846
    outer loop
      vertex 71.0653 -20.8842 3
      vertex 70.7859 -20.8286 3
      vertex 70.6566 -21.8103 2
    endloop
  endfacet
  facet normal -0.395227 0.591481 0.702813
    outer loop
      vertex 71.1 -24.0392 2
      vertex 71.5963 -24.8958 3
      vertex 71.2305 -23.952 2
    endloop
  endfacet
  facet normal -0.40516 0.585231 0.702389
    outer loop
      vertex 71.5963 -24.8958 3
      vertex 71.1 -24.0392 2
      vertex 71.595 -24.8967 3
    endloop
  endfacet
  facet normal -0.139505 0.697523 0.702852
    outer loop
      vertex 70.8106 -24.1591 2
      vertex 71.0653 -25.1158 3
      vertex 71.0668 -25.1155 3
    endloop
  endfacet
  facet normal -0.138639 0.697724 0.702824
    outer loop
      vertex 71.0653 -25.1158 3
      vertex 70.8106 -24.1591 2
      vertex 70.6566 -24.1897 2
    endloop
  endfacet
  facet normal 0.673662 0.228483 0.702834
    outer loop
      vertex 69.3409 -23.3106 2
      vertex 68.385 -23.5683 3
      vertex 69.3913 -23.4592 2
    endloop
  endfacet
  facet normal 0.674743 0.224914 0.702947
    outer loop
      vertex 68.385 -23.5683 3
      vertex 69.3409 -23.3106 2
      vertex 68.3845 -23.5668 3
    endloop
  endfacet
  facet normal 0.591477 0.395234 0.702812
    outer loop
      vertex 68.7625 -24.3332 3
      vertex 69.548 -23.7305 2
      vertex 68.6042 -24.0963 3
    endloop
  endfacet
  facet normal 0.591481 0.395227 0.702813
    outer loop
      vertex 69.4608 -23.6 2
      vertex 68.6042 -24.0963 3
      vertex 69.548 -23.7305 2
    endloop
  endfacet
  facet normal 0.585231 0.40516 0.702389
    outer loop
      vertex 68.6042 -24.0963 3
      vertex 69.4608 -23.6 2
      vertex 68.6033 -24.095 3
    endloop
  endfacet
  facet normal 0.138833 0.697662 0.702846
    outer loop
      vertex 70.2141 -25.1714 3
      vertex 70.3434 -24.1897 2
      vertex 69.9347 -25.1158 3
    endloop
  endfacet
  facet normal 0.0464234 0.709829 0.702842
    outer loop
      vertex 70.4985 -25.19 3
      vertex 70.3434 -24.1897 2
      vertex 70.2141 -25.1714 3
    endloop
  endfacet
  facet normal 0.138639 0.697724 0.702824
    outer loop
      vertex 70.1894 -24.1591 2
      vertex 69.9347 -25.1158 3
      vertex 70.3434 -24.1897 2
    endloop
  endfacet
  facet normal 0.139505 0.697523 0.702852
    outer loop
      vertex 69.9347 -25.1158 3
      vertex 70.1894 -24.1591 2
      vertex 69.9332 -25.1155 3
    endloop
  endfacet
  facet normal 0.228483 0.673662 0.702834
    outer loop
      vertex 69.9317 -25.115 3
      vertex 70.1894 -24.1591 2
      vertex 70.0408 -24.1087 2
    endloop
  endfacet
  facet normal 0.224914 0.674743 0.702947
    outer loop
      vertex 70.1894 -24.1591 2
      vertex 69.9317 -25.115 3
      vertex 69.9332 -25.1155 3
    endloop
  endfacet
  facet normal 0.40516 -0.585231 0.702389
    outer loop
      vertex 69.4037 -21.1042 3
      vertex 69.9 -21.9608 2
      vertex 69.405 -21.1033 3
    endloop
  endfacet
  facet normal 0.395227 -0.591481 0.702813
    outer loop
      vertex 69.9 -21.9608 2
      vertex 69.4037 -21.1042 3
      vertex 69.7695 -22.048 2
    endloop
  endfacet
  facet normal 0.138833 -0.697662 0.702846
    outer loop
      vertex 70.3434 -21.8103 2
      vertex 70.2141 -20.8286 3
      vertex 69.9347 -20.8842 3
    endloop
  endfacet
  facet normal 0.0464234 -0.709829 0.702842
    outer loop
      vertex 70.3434 -21.8103 2
      vertex 70.4985 -20.81 3
      vertex 70.2141 -20.8286 3
    endloop
  endfacet
  facet normal -0.502483 -0.502483 0.703577
    outer loop
      vertex 72.0475 -21.4503 3
      vertex 71.3485 -22.1515 2
      vertex 72.0486 -21.4514 3
    endloop
  endfacet
  facet normal -0.469058 -0.534772 0.702854
    outer loop
      vertex 71.3485 -22.1515 2
      vertex 72.0475 -21.4503 3
      vertex 71.2305 -22.048 2
    endloop
  endfacet
  facet normal -0.997844 0.0656309 0
    outer loop
      vertex 41.1897 14.8434 1
      vertex 41.2 15 3
      vertex 41.2 15 1
    endloop
  endfacet
  facet normal -0.997844 0.0656309 0
    outer loop
      vertex 41.2 15 3
      vertex 41.1897 14.8434 1
      vertex 41.1897 14.8434 3
    endloop
  endfacet
  facet normal 0.997844 0.0656309 0
    outer loop
      vertex 38.8103 14.8434 3
      vertex 38.8 15 1
      vertex 38.8 15 3
    endloop
  endfacet
  facet normal 0.997844 0.0656309 0
    outer loop
      vertex 38.8 15 1
      vertex 38.8103 14.8434 3
      vertex 38.8103 14.8434 1
    endloop
  endfacet
  facet normal -0.0656309 0.997844 0
    outer loop
      vertex 40.1566 13.8103 1
      vertex 40 13.8 3
      vertex 40.1566 13.8103 3
    endloop
  endfacet
  facet normal -0.0656309 0.997844 0
    outer loop
      vertex 40 13.8 3
      vertex 40.1566 13.8103 1
      vertex 40 13.8 1
    endloop
  endfacet
  facet normal -0.751787 0.659406 0
    outer loop
      vertex 40.8485 14.1515 1
      vertex 40.952 14.2695 3
      vertex 40.952 14.2695 1
    endloop
  endfacet
  facet normal -0.751787 0.659406 0
    outer loop
      vertex 40.952 14.2695 3
      vertex 40.8485 14.1515 1
      vertex 40.8485 14.1515 3
    endloop
  endfacet
  facet normal 0.659406 0.751787 -0
    outer loop
      vertex 39.2695 14.048 1
      vertex 39.1515 14.1515 3
      vertex 39.2695 14.048 3
    endloop
  endfacet
  facet normal 0.659406 0.751787 0
    outer loop
      vertex 39.1515 14.1515 3
      vertex 39.2695 14.048 1
      vertex 39.1515 14.1515 1
    endloop
  endfacet
  facet normal 0.321194 0.947013 -0
    outer loop
      vertex 39.6894 13.8409 1
      vertex 39.5408 13.8913 3
      vertex 39.6894 13.8409 3
    endloop
  endfacet
  facet normal 0.321194 0.947013 0
    outer loop
      vertex 39.5408 13.8913 3
      vertex 39.6894 13.8409 1
      vertex 39.5408 13.8913 1
    endloop
  endfacet
  facet normal 0.980825 -0.194891 0
    outer loop
      vertex 38.8103 15.1566 3
      vertex 38.8409 15.3106 1
      vertex 38.8409 15.3106 3
    endloop
  endfacet
  facet normal 0.980825 -0.194891 0
    outer loop
      vertex 38.8409 15.3106 1
      vertex 38.8103 15.1566 3
      vertex 38.8103 15.1566 1
    endloop
  endfacet
  facet normal -0.896708 0.442622 0
    outer loop
      vertex 41.0392 14.4 1
      vertex 41.1087 14.5408 3
      vertex 41.1087 14.5408 1
    endloop
  endfacet
  facet normal -0.896708 0.442622 0
    outer loop
      vertex 41.1087 14.5408 3
      vertex 41.0392 14.4 1
      vertex 41.0392 14.4 3
    endloop
  endfacet
  facet normal -0.831462 0.555582 0
    outer loop
      vertex 40.952 14.2695 1
      vertex 41.0392 14.4 3
      vertex 41.0392 14.4 1
    endloop
  endfacet
  facet normal -0.831462 0.555582 0
    outer loop
      vertex 41.0392 14.4 3
      vertex 40.952 14.2695 1
      vertex 40.952 14.2695 3
    endloop
  endfacet
  facet normal -0.442622 0.896708 0
    outer loop
      vertex 40.6 13.9608 1
      vertex 40.4592 13.8913 3
      vertex 40.6 13.9608 3
    endloop
  endfacet
  facet normal -0.442622 0.896708 0
    outer loop
      vertex 40.4592 13.8913 3
      vertex 40.6 13.9608 1
      vertex 40.4592 13.8913 1
    endloop
  endfacet
  facet normal -0.555582 0.831462 0
    outer loop
      vertex 40.7305 14.048 1
      vertex 40.6 13.9608 3
      vertex 40.7305 14.048 3
    endloop
  endfacet
  facet normal -0.555582 0.831462 0
    outer loop
      vertex 40.6 13.9608 3
      vertex 40.7305 14.048 1
      vertex 40.6 13.9608 1
    endloop
  endfacet
  facet normal 0.896708 0.442622 0
    outer loop
      vertex 38.9608 14.4 3
      vertex 38.8913 14.5408 1
      vertex 38.8913 14.5408 3
    endloop
  endfacet
  facet normal 0.896708 0.442622 0
    outer loop
      vertex 38.8913 14.5408 1
      vertex 38.9608 14.4 3
      vertex 38.9608 14.4 1
    endloop
  endfacet
  facet normal 0.831462 0.555582 0
    outer loop
      vertex 39.048 14.2695 3
      vertex 38.9608 14.4 1
      vertex 38.9608 14.4 3
    endloop
  endfacet
  facet normal 0.831462 0.555582 0
    outer loop
      vertex 38.9608 14.4 1
      vertex 39.048 14.2695 3
      vertex 39.048 14.2695 1
    endloop
  endfacet
  facet normal 0.442622 0.896708 -0
    outer loop
      vertex 39.5408 13.8913 1
      vertex 39.4 13.9608 3
      vertex 39.5408 13.8913 3
    endloop
  endfacet
  facet normal 0.442622 0.896708 0
    outer loop
      vertex 39.4 13.9608 3
      vertex 39.5408 13.8913 1
      vertex 39.4 13.9608 1
    endloop
  endfacet
  facet normal 0.0656309 0.997844 -0
    outer loop
      vertex 40 13.8 1
      vertex 39.8434 13.8103 3
      vertex 40 13.8 3
    endloop
  endfacet
  facet normal 0.0656309 0.997844 0
    outer loop
      vertex 39.8434 13.8103 3
      vertex 40 13.8 1
      vertex 39.8434 13.8103 1
    endloop
  endfacet
  facet normal -0.194891 -0.980825 0
    outer loop
      vertex 40.1566 16.1897 1
      vertex 40.3106 16.1591 3
      vertex 40.1566 16.1897 3
    endloop
  endfacet
  facet normal -0.194891 -0.980825 -0
    outer loop
      vertex 40.3106 16.1591 3
      vertex 40.1566 16.1897 1
      vertex 40.3106 16.1591 1
    endloop
  endfacet
  facet normal -0.0656309 -0.997844 0
    outer loop
      vertex 40 16.2 1
      vertex 40.1566 16.1897 3
      vertex 40 16.2 3
    endloop
  endfacet
  facet normal -0.0656309 -0.997844 -0
    outer loop
      vertex 40.1566 16.1897 3
      vertex 40 16.2 1
      vertex 40.1566 16.1897 1
    endloop
  endfacet
  facet normal -0.659406 -0.751787 0
    outer loop
      vertex 40.7305 15.952 1
      vertex 40.8485 15.8485 3
      vertex 40.7305 15.952 3
    endloop
  endfacet
  facet normal -0.659406 -0.751787 -0
    outer loop
      vertex 40.8485 15.8485 3
      vertex 40.7305 15.952 1
      vertex 40.8485 15.8485 1
    endloop
  endfacet
  facet normal -0.442622 -0.896708 0
    outer loop
      vertex 40.4592 16.1087 1
      vertex 40.6 16.0392 3
      vertex 40.4592 16.1087 3
    endloop
  endfacet
  facet normal -0.442622 -0.896708 -0
    outer loop
      vertex 40.6 16.0392 3
      vertex 40.4592 16.1087 1
      vertex 40.6 16.0392 1
    endloop
  endfacet
  facet normal -0.947013 -0.321194 0
    outer loop
      vertex 41.1591 15.3106 1
      vertex 41.1087 15.4592 3
      vertex 41.1087 15.4592 1
    endloop
  endfacet
  facet normal -0.947013 -0.321194 0
    outer loop
      vertex 41.1087 15.4592 3
      vertex 41.1591 15.3106 1
      vertex 41.1591 15.3106 3
    endloop
  endfacet
  facet normal 0.442622 -0.896708 0
    outer loop
      vertex 39.4 16.0392 1
      vertex 39.5408 16.1087 3
      vertex 39.4 16.0392 3
    endloop
  endfacet
  facet normal 0.442622 -0.896708 0
    outer loop
      vertex 39.5408 16.1087 3
      vertex 39.4 16.0392 1
      vertex 39.5408 16.1087 1
    endloop
  endfacet
  facet normal 0.321194 -0.947013 0
    outer loop
      vertex 39.5408 16.1087 1
      vertex 39.6894 16.1591 3
      vertex 39.5408 16.1087 3
    endloop
  endfacet
  facet normal 0.321194 -0.947013 0
    outer loop
      vertex 39.6894 16.1591 3
      vertex 39.5408 16.1087 1
      vertex 39.6894 16.1591 1
    endloop
  endfacet
  facet normal 0.896708 -0.442622 0
    outer loop
      vertex 38.8913 15.4592 3
      vertex 38.9608 15.6 1
      vertex 38.9608 15.6 3
    endloop
  endfacet
  facet normal 0.896708 -0.442622 0
    outer loop
      vertex 38.9608 15.6 1
      vertex 38.8913 15.4592 3
      vertex 38.8913 15.4592 1
    endloop
  endfacet
  facet normal 0.831462 -0.555582 0
    outer loop
      vertex 38.9608 15.6 3
      vertex 39.048 15.7305 1
      vertex 39.048 15.7305 3
    endloop
  endfacet
  facet normal 0.831462 -0.555582 0
    outer loop
      vertex 39.048 15.7305 1
      vertex 38.9608 15.6 3
      vertex 38.9608 15.6 1
    endloop
  endfacet
  facet normal 0.997844 -0.0656309 0
    outer loop
      vertex 38.8 15 3
      vertex 38.8103 15.1566 1
      vertex 38.8103 15.1566 3
    endloop
  endfacet
  facet normal 0.997844 -0.0656309 0
    outer loop
      vertex 38.8103 15.1566 1
      vertex 38.8 15 3
      vertex 38.8 15 1
    endloop
  endfacet
  facet normal -0.947013 0.321194 0
    outer loop
      vertex 41.1087 14.5408 1
      vertex 41.1591 14.6894 3
      vertex 41.1591 14.6894 1
    endloop
  endfacet
  facet normal -0.947013 0.321194 0
    outer loop
      vertex 41.1591 14.6894 3
      vertex 41.1087 14.5408 1
      vertex 41.1087 14.5408 3
    endloop
  endfacet
  facet normal -0.980825 0.194891 0
    outer loop
      vertex 41.1591 14.6894 1
      vertex 41.1897 14.8434 3
      vertex 41.1897 14.8434 1
    endloop
  endfacet
  facet normal -0.980825 0.194891 0
    outer loop
      vertex 41.1897 14.8434 3
      vertex 41.1591 14.6894 1
      vertex 41.1591 14.6894 3
    endloop
  endfacet
  facet normal -0.321194 0.947013 0
    outer loop
      vertex 40.4592 13.8913 1
      vertex 40.3106 13.8409 3
      vertex 40.4592 13.8913 3
    endloop
  endfacet
  facet normal -0.321194 0.947013 0
    outer loop
      vertex 40.3106 13.8409 3
      vertex 40.4592 13.8913 1
      vertex 40.3106 13.8409 1
    endloop
  endfacet
  facet normal -0.194891 0.980825 0
    outer loop
      vertex 40.3106 13.8409 1
      vertex 40.1566 13.8103 3
      vertex 40.3106 13.8409 3
    endloop
  endfacet
  facet normal -0.194891 0.980825 0
    outer loop
      vertex 40.1566 13.8103 3
      vertex 40.3106 13.8409 1
      vertex 40.1566 13.8103 1
    endloop
  endfacet
  facet normal -0.659406 0.751787 0
    outer loop
      vertex 40.8485 14.1515 1
      vertex 40.7305 14.048 3
      vertex 40.8485 14.1515 3
    endloop
  endfacet
  facet normal -0.659406 0.751787 0
    outer loop
      vertex 40.7305 14.048 3
      vertex 40.8485 14.1515 1
      vertex 40.7305 14.048 1
    endloop
  endfacet
  facet normal 0.751787 0.659406 0
    outer loop
      vertex 39.1515 14.1515 3
      vertex 39.048 14.2695 1
      vertex 39.048 14.2695 3
    endloop
  endfacet
  facet normal 0.751787 0.659406 0
    outer loop
      vertex 39.048 14.2695 1
      vertex 39.1515 14.1515 3
      vertex 39.1515 14.1515 1
    endloop
  endfacet
  facet normal 0.947013 0.321194 0
    outer loop
      vertex 38.8913 14.5408 3
      vertex 38.8409 14.6894 1
      vertex 38.8409 14.6894 3
    endloop
  endfacet
  facet normal 0.947013 0.321194 0
    outer loop
      vertex 38.8409 14.6894 1
      vertex 38.8913 14.5408 3
      vertex 38.8913 14.5408 1
    endloop
  endfacet
  facet normal 0.980825 0.194891 0
    outer loop
      vertex 38.8409 14.6894 3
      vertex 38.8103 14.8434 1
      vertex 38.8103 14.8434 3
    endloop
  endfacet
  facet normal 0.980825 0.194891 0
    outer loop
      vertex 38.8103 14.8434 1
      vertex 38.8409 14.6894 3
      vertex 38.8409 14.6894 1
    endloop
  endfacet
  facet normal 0.555582 0.831462 -0
    outer loop
      vertex 39.4 13.9608 1
      vertex 39.2695 14.048 3
      vertex 39.4 13.9608 3
    endloop
  endfacet
  facet normal 0.555582 0.831462 0
    outer loop
      vertex 39.2695 14.048 3
      vertex 39.4 13.9608 1
      vertex 39.2695 14.048 1
    endloop
  endfacet
  facet normal 0.194891 0.980825 -0
    outer loop
      vertex 39.8434 13.8103 1
      vertex 39.6894 13.8409 3
      vertex 39.8434 13.8103 3
    endloop
  endfacet
  facet normal 0.194891 0.980825 0
    outer loop
      vertex 39.6894 13.8409 3
      vertex 39.8434 13.8103 1
      vertex 39.6894 13.8409 1
    endloop
  endfacet
  facet normal -0.555582 -0.831462 0
    outer loop
      vertex 40.6 16.0392 1
      vertex 40.7305 15.952 3
      vertex 40.6 16.0392 3
    endloop
  endfacet
  facet normal -0.555582 -0.831462 -0
    outer loop
      vertex 40.7305 15.952 3
      vertex 40.6 16.0392 1
      vertex 40.7305 15.952 1
    endloop
  endfacet
  facet normal -0.896708 -0.442622 0
    outer loop
      vertex 41.1087 15.4592 1
      vertex 41.0392 15.6 3
      vertex 41.0392 15.6 1
    endloop
  endfacet
  facet normal -0.896708 -0.442622 0
    outer loop
      vertex 41.0392 15.6 3
      vertex 41.1087 15.4592 1
      vertex 41.1087 15.4592 3
    endloop
  endfacet
  facet normal -0.751787 -0.659406 0
    outer loop
      vertex 40.952 15.7305 1
      vertex 40.8485 15.8485 3
      vertex 40.8485 15.8485 1
    endloop
  endfacet
  facet normal -0.751787 -0.659406 0
    outer loop
      vertex 40.8485 15.8485 3
      vertex 40.952 15.7305 1
      vertex 40.952 15.7305 3
    endloop
  endfacet
  facet normal -0.831462 -0.555582 0
    outer loop
      vertex 41.0392 15.6 1
      vertex 40.952 15.7305 3
      vertex 40.952 15.7305 1
    endloop
  endfacet
  facet normal -0.831462 -0.555582 0
    outer loop
      vertex 40.952 15.7305 3
      vertex 41.0392 15.6 1
      vertex 41.0392 15.6 3
    endloop
  endfacet
  facet normal 0.659406 -0.751787 0
    outer loop
      vertex 39.1515 15.8485 1
      vertex 39.2695 15.952 3
      vertex 39.1515 15.8485 3
    endloop
  endfacet
  facet normal 0.659406 -0.751787 0
    outer loop
      vertex 39.2695 15.952 3
      vertex 39.1515 15.8485 1
      vertex 39.2695 15.952 1
    endloop
  endfacet
  facet normal 0.555582 -0.831462 0
    outer loop
      vertex 39.2695 15.952 1
      vertex 39.4 16.0392 3
      vertex 39.2695 15.952 3
    endloop
  endfacet
  facet normal 0.555582 -0.831462 0
    outer loop
      vertex 39.4 16.0392 3
      vertex 39.2695 15.952 1
      vertex 39.4 16.0392 1
    endloop
  endfacet
  facet normal 0.0656309 -0.997844 0
    outer loop
      vertex 39.8434 16.1897 1
      vertex 40 16.2 3
      vertex 39.8434 16.1897 3
    endloop
  endfacet
  facet normal 0.0656309 -0.997844 0
    outer loop
      vertex 40 16.2 3
      vertex 39.8434 16.1897 1
      vertex 40 16.2 1
    endloop
  endfacet
  facet normal 0.751787 -0.659406 0
    outer loop
      vertex 39.048 15.7305 3
      vertex 39.1515 15.8485 1
      vertex 39.1515 15.8485 3
    endloop
  endfacet
  facet normal 0.751787 -0.659406 0
    outer loop
      vertex 39.1515 15.8485 1
      vertex 39.048 15.7305 3
      vertex 39.048 15.7305 1
    endloop
  endfacet
  facet normal -0.321194 -0.947013 0
    outer loop
      vertex 40.3106 16.1591 1
      vertex 40.4592 16.1087 3
      vertex 40.3106 16.1591 3
    endloop
  endfacet
  facet normal -0.321194 -0.947013 -0
    outer loop
      vertex 40.4592 16.1087 3
      vertex 40.3106 16.1591 1
      vertex 40.4592 16.1087 1
    endloop
  endfacet
  facet normal -0.980825 -0.194891 0
    outer loop
      vertex 41.1897 15.1566 1
      vertex 41.1591 15.3106 3
      vertex 41.1591 15.3106 1
    endloop
  endfacet
  facet normal -0.980825 -0.194891 0
    outer loop
      vertex 41.1591 15.3106 3
      vertex 41.1897 15.1566 1
      vertex 41.1897 15.1566 3
    endloop
  endfacet
  facet normal -0.997844 -0.0656309 0
    outer loop
      vertex 41.2 15 1
      vertex 41.1897 15.1566 3
      vertex 41.1897 15.1566 1
    endloop
  endfacet
  facet normal -0.997844 -0.0656309 0
    outer loop
      vertex 41.1897 15.1566 3
      vertex 41.2 15 1
      vertex 41.2 15 3
    endloop
  endfacet
  facet normal 0.194891 -0.980825 0
    outer loop
      vertex 39.6894 16.1591 1
      vertex 39.8434 16.1897 3
      vertex 39.6894 16.1591 3
    endloop
  endfacet
  facet normal 0.194891 -0.980825 0
    outer loop
      vertex 39.8434 16.1897 3
      vertex 39.6894 16.1591 1
      vertex 39.8434 16.1897 1
    endloop
  endfacet
  facet normal 0.947013 -0.321194 0
    outer loop
      vertex 38.8409 15.3106 3
      vertex 38.8913 15.4592 1
      vertex 38.8913 15.4592 3
    endloop
  endfacet
  facet normal 0.947013 -0.321194 0
    outer loop
      vertex 38.8913 15.4592 1
      vertex 38.8409 15.3106 3
      vertex 38.8409 15.3106 1
    endloop
  endfacet
  facet normal -0.709916 0.0443697 -0.702888
    outer loop
      vertex 42.19 14.9984 0
      vertex 41.2 15 1
      vertex 42.1901 15 0
    endloop
  endfacet
  facet normal -0.709839 0.046688 -0.702815
    outer loop
      vertex 41.2 15 1
      vertex 42.19 14.9984 0
      vertex 41.1897 14.8434 1
    endloop
  endfacet
  facet normal 0.709839 -0.046688 -0.702815
    outer loop
      vertex 38.8 15 1
      vertex 37.81 15.0016 0
      vertex 38.8103 15.1566 1
    endloop
  endfacet
  facet normal 0.709916 -0.0443697 -0.702888
    outer loop
      vertex 37.81 15.0016 0
      vertex 38.8 15 1
      vertex 37.8099 15 0
    endloop
  endfacet
  facet normal -0.709828 -0.0464397 -0.702843
    outer loop
      vertex 42.1714 15.2859 0
      vertex 42.19 15.0016 0
      vertex 41.1897 15.1566 1
    endloop
  endfacet
  facet normal -0.534772 -0.469058 -0.702854
    outer loop
      vertex 40.8485 15.8485 1
      vertex 41.5497 16.5475 0
      vertex 40.952 15.7305 1
    endloop
  endfacet
  facet normal -0.502483 -0.502483 -0.703577
    outer loop
      vertex 41.5497 16.5475 0
      vertex 40.8485 15.8485 1
      vertex 41.5486 16.5486 0
    endloop
  endfacet
  facet normal 0.0443697 0.709916 -0.702888
    outer loop
      vertex 39.9984 12.81 0
      vertex 40 13.8 1
      vertex 40 12.8099 0
    endloop
  endfacet
  facet normal 0.046688 0.709839 -0.702815
    outer loop
      vertex 40 13.8 1
      vertex 39.9984 12.81 0
      vertex 39.8434 13.8103 1
    endloop
  endfacet
  facet normal -0.0443697 -0.709916 -0.702888
    outer loop
      vertex 40.0016 17.19 0
      vertex 40 16.2 1
      vertex 40 17.1901 0
    endloop
  endfacet
  facet normal -0.046688 -0.709839 -0.702815
    outer loop
      vertex 40 16.2 1
      vertex 40.0016 17.19 0
      vertex 40.1566 16.1897 1
    endloop
  endfacet
  facet normal 0.637999 -0.31463 -0.702826
    outer loop
      vertex 38.1033 16.095 0
      vertex 38.9608 15.6 1
      vertex 37.9773 15.8395 0
    endloop
  endfacet
  facet normal 0.468846 -0.535004 -0.702819
    outer loop
      vertex 38.6668 16.7375 0
      vertex 39.2695 15.952 1
      vertex 38.4525 16.5497 0
    endloop
  endfacet
  facet normal 0.709828 0.0464397 -0.702843
    outer loop
      vertex 38.8103 14.8434 1
      vertex 37.8286 14.7141 0
      vertex 37.81 14.9984 0
    endloop
  endfacet
  facet normal 0.502483 0.502483 -0.703577
    outer loop
      vertex 38.4503 13.4525 0
      vertex 39.1515 14.1515 1
      vertex 38.4514 13.4514 0
    endloop
  endfacet
  facet normal 0.534772 0.469058 -0.702854
    outer loop
      vertex 39.1515 14.1515 1
      vertex 38.4503 13.4525 0
      vertex 39.048 14.2695 1
    endloop
  endfacet
  facet normal -0.502483 0.502483 -0.703577
    outer loop
      vertex 40.8485 14.1515 1
      vertex 41.5497 13.4525 0
      vertex 41.5486 13.4514 0
    endloop
  endfacet
  facet normal -0.534772 0.469058 -0.702854
    outer loop
      vertex 41.5497 13.4525 0
      vertex 40.8485 14.1515 1
      vertex 40.952 14.2695 1
    endloop
  endfacet
  facet normal -0.697662 0.138833 -0.702846
    outer loop
      vertex 42.1714 14.7141 0
      vertex 42.1158 14.4347 0
      vertex 41.1897 14.8434 1
    endloop
  endfacet
  facet normal -0.673614 -0.228699 -0.702809
    outer loop
      vertex 42.0234 15.8381 0
      vertex 42.115 15.5683 0
      vertex 41.1087 15.4592 1
    endloop
  endfacet
  facet normal -0.637999 -0.31463 -0.702826
    outer loop
      vertex 41.8967 16.095 0
      vertex 42.0227 15.8395 0
      vertex 41.0392 15.6 1
    endloop
  endfacet
  facet normal -0.585231 -0.40516 -0.702389
    outer loop
      vertex 41.0392 15.6 1
      vertex 41.8958 16.0963 0
      vertex 41.8967 16.095 0
    endloop
  endfacet
  facet normal -0.591481 -0.395227 -0.702813
    outer loop
      vertex 41.8958 16.0963 0
      vertex 41.0392 15.6 1
      vertex 40.952 15.7305 1
    endloop
  endfacet
  facet normal 0.228699 -0.673614 -0.702809
    outer loop
      vertex 39.4317 17.115 0
      vertex 39.5408 16.1087 1
      vertex 39.1619 17.0234 0
    endloop
  endfacet
  facet normal 0.63791 -0.314877 -0.702797
    outer loop
      vertex 38.8913 15.4592 1
      vertex 37.9773 15.8395 0
      vertex 38.9608 15.6 1
    endloop
  endfacet
  facet normal 0.636395 -0.318197 -0.702675
    outer loop
      vertex 37.9773 15.8395 0
      vertex 38.8913 15.4592 1
      vertex 37.9766 15.8381 0
    endloop
  endfacet
  facet normal 0.673614 0.228699 -0.702809
    outer loop
      vertex 38.8913 14.5408 1
      vertex 37.9766 14.1619 0
      vertex 37.885 14.4317 0
    endloop
  endfacet
  facet normal -0.0464397 0.709828 -0.702843
    outer loop
      vertex 40.1566 13.8103 1
      vertex 40.2859 12.8286 0
      vertex 40.0016 12.81 0
    endloop
  endfacet
  facet normal -0.138833 0.697662 -0.702846
    outer loop
      vertex 40.5653 12.8842 0
      vertex 40.2859 12.8286 0
      vertex 40.1566 13.8103 1
    endloop
  endfacet
  facet normal -0.502483 0.502483 -0.703577
    outer loop
      vertex 41.5475 13.4503 0
      vertex 40.8485 14.1515 1
      vertex 41.5486 13.4514 0
    endloop
  endfacet
  facet normal -0.469058 0.534772 -0.702854
    outer loop
      vertex 40.8485 14.1515 1
      vertex 41.5475 13.4503 0
      vertex 40.7305 14.048 1
    endloop
  endfacet
  facet normal -0.636395 0.318197 -0.702675
    outer loop
      vertex 42.0227 14.1605 0
      vertex 41.1087 14.5408 1
      vertex 42.0234 14.1619 0
    endloop
  endfacet
  facet normal -0.63791 0.314877 -0.702797
    outer loop
      vertex 41.1087 14.5408 1
      vertex 42.0227 14.1605 0
      vertex 41.0392 14.4 1
    endloop
  endfacet
  facet normal -0.673614 0.228699 -0.702809
    outer loop
      vertex 42.115 14.4317 0
      vertex 42.0234 14.1619 0
      vertex 41.1087 14.5408 1
    endloop
  endfacet
  facet normal -0.709828 0.0464397 -0.702843
    outer loop
      vertex 42.19 14.9984 0
      vertex 42.1714 14.7141 0
      vertex 41.1897 14.8434 1
    endloop
  endfacet
  facet normal -0.697662 -0.138833 -0.702846
    outer loop
      vertex 42.1158 15.5653 0
      vertex 42.1714 15.2859 0
      vertex 41.1897 15.1566 1
    endloop
  endfacet
  facet normal -0.674743 -0.224914 -0.702947
    outer loop
      vertex 41.1591 15.3106 1
      vertex 42.115 15.5683 0
      vertex 42.1155 15.5668 0
    endloop
  endfacet
  facet normal -0.673662 -0.228483 -0.702834
    outer loop
      vertex 42.115 15.5683 0
      vertex 41.1591 15.3106 1
      vertex 41.1087 15.4592 1
    endloop
  endfacet
  facet normal -0.709916 -0.0443697 -0.702888
    outer loop
      vertex 41.2 15 1
      vertex 42.19 15.0016 0
      vertex 42.1901 15 0
    endloop
  endfacet
  facet normal -0.709839 -0.046688 -0.702815
    outer loop
      vertex 42.19 15.0016 0
      vertex 41.2 15 1
      vertex 41.1897 15.1566 1
    endloop
  endfacet
  facet normal -0.636395 -0.318197 -0.702675
    outer loop
      vertex 41.1087 15.4592 1
      vertex 42.0227 15.8395 0
      vertex 42.0234 15.8381 0
    endloop
  endfacet
  facet normal -0.63791 -0.314877 -0.702797
    outer loop
      vertex 42.0227 15.8395 0
      vertex 41.1087 15.4592 1
      vertex 41.0392 15.6 1
    endloop
  endfacet
  facet normal -0.228699 -0.673614 -0.702809
    outer loop
      vertex 40.5683 17.115 0
      vertex 40.8381 17.0234 0
      vertex 40.4592 16.1087 1
    endloop
  endfacet
  facet normal -0.468846 -0.535004 -0.702819
    outer loop
      vertex 41.3332 16.7375 0
      vertex 41.5475 16.5497 0
      vertex 40.7305 15.952 1
    endloop
  endfacet
  facet normal 0.395227 -0.591481 -0.702813
    outer loop
      vertex 38.9037 16.8958 0
      vertex 39.4 16.0392 1
      vertex 39.2695 15.952 1
    endloop
  endfacet
  facet normal 0.427873 -0.570497 -0.701041
    outer loop
      vertex 39.4 16.0392 1
      vertex 38.9037 16.8958 0
      vertex 38.9049 16.8967 0
    endloop
  endfacet
  facet normal 0.469058 -0.534772 -0.702854
    outer loop
      vertex 39.1515 15.8485 1
      vertex 38.4525 16.5497 0
      vertex 39.2695 15.952 1
    endloop
  endfacet
  facet normal 0.502483 -0.502483 -0.703577
    outer loop
      vertex 38.4525 16.5497 0
      vertex 39.1515 15.8485 1
      vertex 38.4514 16.5486 0
    endloop
  endfacet
  facet normal 0.535004 -0.468846 -0.702819
    outer loop
      vertex 38.4503 16.5475 0
      vertex 39.048 15.7305 1
      vertex 38.2625 16.3332 0
    endloop
  endfacet
  facet normal 0.673614 -0.228699 -0.702809
    outer loop
      vertex 37.9766 15.8381 0
      vertex 38.8913 15.4592 1
      vertex 37.885 15.5683 0
    endloop
  endfacet
  facet normal 0.673662 -0.228483 -0.702834
    outer loop
      vertex 38.8409 15.3106 1
      vertex 37.885 15.5683 0
      vertex 38.8913 15.4592 1
    endloop
  endfacet
  facet normal 0.674743 -0.224914 -0.702947
    outer loop
      vertex 37.885 15.5683 0
      vertex 38.8409 15.3106 1
      vertex 37.8845 15.5668 0
    endloop
  endfacet
  facet normal 0.697662 0.138833 -0.702846
    outer loop
      vertex 38.8103 14.8434 1
      vertex 37.8842 14.4347 0
      vertex 37.8286 14.7141 0
    endloop
  endfacet
  facet normal 0.697523 0.139505 -0.702852
    outer loop
      vertex 37.8842 14.4347 0
      vertex 38.8409 14.6894 1
      vertex 37.8845 14.4332 0
    endloop
  endfacet
  facet normal 0.697724 0.138639 -0.702824
    outer loop
      vertex 38.8409 14.6894 1
      vertex 37.8842 14.4347 0
      vertex 38.8103 14.8434 1
    endloop
  endfacet
  facet normal 0.228699 0.673614 -0.702809
    outer loop
      vertex 39.5408 13.8913 1
      vertex 39.4317 12.885 0
      vertex 39.1619 12.9766 0
    endloop
  endfacet
  facet normal 0.468846 0.535004 -0.702819
    outer loop
      vertex 39.2695 14.048 1
      vertex 38.6668 13.2625 0
      vertex 38.4525 13.4503 0
    endloop
  endfacet
  facet normal 0.709916 0.0443697 -0.702888
    outer loop
      vertex 38.8 15 1
      vertex 37.81 14.9984 0
      vertex 37.8099 15 0
    endloop
  endfacet
  facet normal 0.709839 0.046688 -0.702815
    outer loop
      vertex 37.81 14.9984 0
      vertex 38.8 15 1
      vertex 38.8103 14.8434 1
    endloop
  endfacet
  facet normal 0.63791 0.314877 -0.702797
    outer loop
      vertex 37.9773 14.1605 0
      vertex 38.8913 14.5408 1
      vertex 38.9608 14.4 1
    endloop
  endfacet
  facet normal 0.636395 0.318197 -0.702675
    outer loop
      vertex 38.8913 14.5408 1
      vertex 37.9773 14.1605 0
      vertex 37.9766 14.1619 0
    endloop
  endfacet
  facet normal 0.637999 0.31463 -0.702826
    outer loop
      vertex 38.9608 14.4 1
      vertex 38.1033 13.905 0
      vertex 37.9773 14.1605 0
    endloop
  endfacet
  facet normal 0.591481 0.395227 -0.702813
    outer loop
      vertex 38.1042 13.9037 0
      vertex 38.9608 14.4 1
      vertex 39.048 14.2695 1
    endloop
  endfacet
  facet normal 0.585231 0.40516 -0.702389
    outer loop
      vertex 38.9608 14.4 1
      vertex 38.1042 13.9037 0
      vertex 38.1033 13.905 0
    endloop
  endfacet
  facet normal -0.224914 0.674743 -0.702947
    outer loop
      vertex 40.3106 13.8409 1
      vertex 40.5683 12.885 0
      vertex 40.5668 12.8845 0
    endloop
  endfacet
  facet normal -0.228483 0.673662 -0.702834
    outer loop
      vertex 40.5683 12.885 0
      vertex 40.3106 13.8409 1
      vertex 40.4592 13.8913 1
    endloop
  endfacet
  facet normal -0.139505 0.697523 -0.702852
    outer loop
      vertex 40.5653 12.8842 0
      vertex 40.3106 13.8409 1
      vertex 40.5668 12.8845 0
    endloop
  endfacet
  facet normal -0.138639 0.697724 -0.702824
    outer loop
      vertex 40.3106 13.8409 1
      vertex 40.5653 12.8842 0
      vertex 40.1566 13.8103 1
    endloop
  endfacet
  facet normal -0.228699 0.673614 -0.702809
    outer loop
      vertex 40.8381 12.9766 0
      vertex 40.5683 12.885 0
      vertex 40.4592 13.8913 1
    endloop
  endfacet
  facet normal -0.314525 0.638037 -0.702839
    outer loop
      vertex 41.0951 13.1033 0
      vertex 40.8395 12.9773 0
      vertex 40.6 13.9608 1
    endloop
  endfacet
  facet normal -0.591477 0.395234 -0.702812
    outer loop
      vertex 41.8958 13.9037 0
      vertex 41.7375 13.6668 0
      vertex 40.952 14.2695 1
    endloop
  endfacet
  facet normal -0.535004 0.468846 -0.702819
    outer loop
      vertex 41.7375 13.6668 0
      vertex 41.5497 13.4525 0
      vertex 40.952 14.2695 1
    endloop
  endfacet
  facet normal -0.585231 0.40516 -0.702389
    outer loop
      vertex 41.8958 13.9037 0
      vertex 41.0392 14.4 1
      vertex 41.8967 13.905 0
    endloop
  endfacet
  facet normal -0.591481 0.395227 -0.702813
    outer loop
      vertex 41.0392 14.4 1
      vertex 41.8958 13.9037 0
      vertex 40.952 14.2695 1
    endloop
  endfacet
  facet normal -0.637999 0.31463 -0.702826
    outer loop
      vertex 42.0227 14.1605 0
      vertex 41.8967 13.905 0
      vertex 41.0392 14.4 1
    endloop
  endfacet
  facet normal -0.674743 0.224914 -0.702947
    outer loop
      vertex 42.115 14.4317 0
      vertex 41.1591 14.6894 1
      vertex 42.1155 14.4332 0
    endloop
  endfacet
  facet normal -0.673662 0.228483 -0.702834
    outer loop
      vertex 41.1591 14.6894 1
      vertex 42.115 14.4317 0
      vertex 41.1087 14.5408 1
    endloop
  endfacet
  facet normal -0.697523 0.139505 -0.702852
    outer loop
      vertex 41.1591 14.6894 1
      vertex 42.1158 14.4347 0
      vertex 42.1155 14.4332 0
    endloop
  endfacet
  facet normal -0.697724 0.138639 -0.702824
    outer loop
      vertex 42.1158 14.4347 0
      vertex 41.1591 14.6894 1
      vertex 41.1897 14.8434 1
    endloop
  endfacet
  facet normal -0.697724 -0.138639 -0.702824
    outer loop
      vertex 41.1591 15.3106 1
      vertex 42.1158 15.5653 0
      vertex 41.1897 15.1566 1
    endloop
  endfacet
  facet normal -0.697523 -0.139505 -0.702852
    outer loop
      vertex 42.1158 15.5653 0
      vertex 41.1591 15.3106 1
      vertex 42.1155 15.5668 0
    endloop
  endfacet
  facet normal -0.591477 -0.395234 -0.702812
    outer loop
      vertex 41.7375 16.3332 0
      vertex 41.8958 16.0963 0
      vertex 40.952 15.7305 1
    endloop
  endfacet
  facet normal -0.535004 -0.468846 -0.702819
    outer loop
      vertex 41.5497 16.5475 0
      vertex 41.7375 16.3332 0
      vertex 40.952 15.7305 1
    endloop
  endfacet
  facet normal -0.228483 -0.673662 -0.702834
    outer loop
      vertex 40.3106 16.1591 1
      vertex 40.5683 17.115 0
      vertex 40.4592 16.1087 1
    endloop
  endfacet
  facet normal -0.224914 -0.674743 -0.702947
    outer loop
      vertex 40.5683 17.115 0
      vertex 40.3106 16.1591 1
      vertex 40.5668 17.1155 0
    endloop
  endfacet
  facet normal -0.139505 -0.697523 -0.702852
    outer loop
      vertex 40.3106 16.1591 1
      vertex 40.5653 17.1158 0
      vertex 40.5668 17.1155 0
    endloop
  endfacet
  facet normal -0.138639 -0.697724 -0.702824
    outer loop
      vertex 40.5653 17.1158 0
      vertex 40.3106 16.1591 1
      vertex 40.1566 16.1897 1
    endloop
  endfacet
  facet normal -0.314525 -0.638037 -0.702839
    outer loop
      vertex 40.8395 17.0227 0
      vertex 41.0951 16.8967 0
      vertex 40.6 16.0392 1
    endloop
  endfacet
  facet normal -0.314877 -0.63791 -0.702797
    outer loop
      vertex 40.4592 16.1087 1
      vertex 40.8395 17.0227 0
      vertex 40.6 16.0392 1
    endloop
  endfacet
  facet normal -0.318197 -0.636395 -0.702675
    outer loop
      vertex 40.8395 17.0227 0
      vertex 40.4592 16.1087 1
      vertex 40.8381 17.0234 0
    endloop
  endfacet
  facet normal -0.395234 -0.591477 -0.702812
    outer loop
      vertex 41.0963 16.8958 0
      vertex 41.3332 16.7375 0
      vertex 40.7305 15.952 1
    endloop
  endfacet
  facet normal -0.395227 -0.591481 -0.702813
    outer loop
      vertex 40.6 16.0392 1
      vertex 41.0963 16.8958 0
      vertex 40.7305 15.952 1
    endloop
  endfacet
  facet normal -0.427873 -0.570497 -0.701041
    outer loop
      vertex 41.0963 16.8958 0
      vertex 40.6 16.0392 1
      vertex 41.0951 16.8967 0
    endloop
  endfacet
  facet normal 0.697662 -0.138833 -0.702846
    outer loop
      vertex 37.8842 15.5653 0
      vertex 38.8103 15.1566 1
      vertex 37.8286 15.2859 0
    endloop
  endfacet
  facet normal 0.709828 -0.0464397 -0.702843
    outer loop
      vertex 37.8286 15.2859 0
      vertex 38.8103 15.1566 1
      vertex 37.81 15.0016 0
    endloop
  endfacet
  facet normal 0.395234 -0.591477 -0.702812
    outer loop
      vertex 38.9037 16.8958 0
      vertex 39.2695 15.952 1
      vertex 38.6668 16.7375 0
    endloop
  endfacet
  facet normal 0.314877 -0.63791 -0.702797
    outer loop
      vertex 39.1605 17.0227 0
      vertex 39.5408 16.1087 1
      vertex 39.4 16.0392 1
    endloop
  endfacet
  facet normal 0.318197 -0.636395 -0.702675
    outer loop
      vertex 39.5408 16.1087 1
      vertex 39.1605 17.0227 0
      vertex 39.1619 17.0234 0
    endloop
  endfacet
  facet normal 0.314525 -0.638037 -0.702839
    outer loop
      vertex 39.1605 17.0227 0
      vertex 39.4 16.0392 1
      vertex 38.9049 16.8967 0
    endloop
  endfacet
  facet normal 0.046688 -0.709839 -0.702815
    outer loop
      vertex 39.9984 17.19 0
      vertex 40 16.2 1
      vertex 39.8434 16.1897 1
    endloop
  endfacet
  facet normal 0.0443697 -0.709916 -0.702888
    outer loop
      vertex 40 16.2 1
      vertex 39.9984 17.19 0
      vertex 40 17.1901 0
    endloop
  endfacet
  facet normal 0.591477 -0.395234 -0.702812
    outer loop
      vertex 38.2625 16.3332 0
      vertex 39.048 15.7305 1
      vertex 38.1042 16.0963 0
    endloop
  endfacet
  facet normal 0.591481 -0.395227 -0.702813
    outer loop
      vertex 38.9608 15.6 1
      vertex 38.1042 16.0963 0
      vertex 39.048 15.7305 1
    endloop
  endfacet
  facet normal 0.585231 -0.40516 -0.702389
    outer loop
      vertex 38.1042 16.0963 0
      vertex 38.9608 15.6 1
      vertex 38.1033 16.095 0
    endloop
  endfacet
  facet normal 0.224914 0.674743 -0.702947
    outer loop
      vertex 39.4317 12.885 0
      vertex 39.6894 13.8409 1
      vertex 39.4332 12.8845 0
    endloop
  endfacet
  facet normal 0.228483 0.673662 -0.702834
    outer loop
      vertex 39.6894 13.8409 1
      vertex 39.4317 12.885 0
      vertex 39.5408 13.8913 1
    endloop
  endfacet
  facet normal 0.138639 0.697724 -0.702824
    outer loop
      vertex 39.4347 12.8842 0
      vertex 39.6894 13.8409 1
      vertex 39.8434 13.8103 1
    endloop
  endfacet
  facet normal 0.139505 0.697523 -0.702852
    outer loop
      vertex 39.6894 13.8409 1
      vertex 39.4347 12.8842 0
      vertex 39.4332 12.8845 0
    endloop
  endfacet
  facet normal 0.314525 0.638037 -0.702839
    outer loop
      vertex 39.4 13.9608 1
      vertex 39.1605 12.9773 0
      vertex 38.9049 13.1033 0
    endloop
  endfacet
  facet normal 0.318197 0.636395 -0.702675
    outer loop
      vertex 39.1605 12.9773 0
      vertex 39.5408 13.8913 1
      vertex 39.1619 12.9766 0
    endloop
  endfacet
  facet normal 0.314877 0.63791 -0.702797
    outer loop
      vertex 39.5408 13.8913 1
      vertex 39.1605 12.9773 0
      vertex 39.4 13.9608 1
    endloop
  endfacet
  facet normal 0.395234 0.591477 -0.702812
    outer loop
      vertex 39.2695 14.048 1
      vertex 38.9037 13.1042 0
      vertex 38.6668 13.2625 0
    endloop
  endfacet
  facet normal 0.427873 0.570497 -0.701041
    outer loop
      vertex 38.9037 13.1042 0
      vertex 39.4 13.9608 1
      vertex 38.9049 13.1033 0
    endloop
  endfacet
  facet normal 0.395227 0.591481 -0.702813
    outer loop
      vertex 39.4 13.9608 1
      vertex 38.9037 13.1042 0
      vertex 39.2695 14.048 1
    endloop
  endfacet
  facet normal 0.673662 0.228483 -0.702834
    outer loop
      vertex 37.885 14.4317 0
      vertex 38.8409 14.6894 1
      vertex 38.8913 14.5408 1
    endloop
  endfacet
  facet normal 0.674743 0.224914 -0.702947
    outer loop
      vertex 38.8409 14.6894 1
      vertex 37.885 14.4317 0
      vertex 37.8845 14.4332 0
    endloop
  endfacet
  facet normal 0.591477 0.395234 -0.702812
    outer loop
      vertex 39.048 14.2695 1
      vertex 38.2625 13.6668 0
      vertex 38.1042 13.9037 0
    endloop
  endfacet
  facet normal 0.535004 0.468846 -0.702819
    outer loop
      vertex 39.048 14.2695 1
      vertex 38.4503 13.4525 0
      vertex 38.2625 13.6668 0
    endloop
  endfacet
  facet normal -0.046688 0.709839 -0.702815
    outer loop
      vertex 40.0016 12.81 0
      vertex 40 13.8 1
      vertex 40.1566 13.8103 1
    endloop
  endfacet
  facet normal -0.0443697 0.709916 -0.702888
    outer loop
      vertex 40 13.8 1
      vertex 40.0016 12.81 0
      vertex 40 12.8099 0
    endloop
  endfacet
  facet normal -0.318197 0.636395 -0.702675
    outer loop
      vertex 40.4592 13.8913 1
      vertex 40.8395 12.9773 0
      vertex 40.8381 12.9766 0
    endloop
  endfacet
  facet normal -0.314877 0.63791 -0.702797
    outer loop
      vertex 40.8395 12.9773 0
      vertex 40.4592 13.8913 1
      vertex 40.6 13.9608 1
    endloop
  endfacet
  facet normal -0.427873 0.570497 -0.701041
    outer loop
      vertex 40.6 13.9608 1
      vertex 41.0963 13.1042 0
      vertex 41.0951 13.1033 0
    endloop
  endfacet
  facet normal -0.395227 0.591481 -0.702813
    outer loop
      vertex 41.0963 13.1042 0
      vertex 40.6 13.9608 1
      vertex 40.7305 14.048 1
    endloop
  endfacet
  facet normal -0.138833 -0.697662 -0.702846
    outer loop
      vertex 40.2859 17.1714 0
      vertex 40.5653 17.1158 0
      vertex 40.1566 16.1897 1
    endloop
  endfacet
  facet normal -0.0464397 -0.709828 -0.702843
    outer loop
      vertex 40.2859 17.1714 0
      vertex 40.1566 16.1897 1
      vertex 40.0016 17.19 0
    endloop
  endfacet
  facet normal -0.502483 -0.502483 -0.703577
    outer loop
      vertex 40.8485 15.8485 1
      vertex 41.5475 16.5497 0
      vertex 41.5486 16.5486 0
    endloop
  endfacet
  facet normal -0.469058 -0.534772 -0.702854
    outer loop
      vertex 41.5475 16.5497 0
      vertex 40.8485 15.8485 1
      vertex 40.7305 15.952 1
    endloop
  endfacet
  facet normal 0.697724 -0.138639 -0.702824
    outer loop
      vertex 37.8842 15.5653 0
      vertex 38.8409 15.3106 1
      vertex 38.8103 15.1566 1
    endloop
  endfacet
  facet normal 0.697523 -0.139505 -0.702852
    outer loop
      vertex 38.8409 15.3106 1
      vertex 37.8842 15.5653 0
      vertex 37.8845 15.5668 0
    endloop
  endfacet
  facet normal 0.138833 -0.697662 -0.702846
    outer loop
      vertex 39.7141 17.1714 0
      vertex 39.8434 16.1897 1
      vertex 39.4347 17.1158 0
    endloop
  endfacet
  facet normal 0.0464397 -0.709828 -0.702843
    outer loop
      vertex 39.9984 17.19 0
      vertex 39.8434 16.1897 1
      vertex 39.7141 17.1714 0
    endloop
  endfacet
  facet normal 0.138639 -0.697724 -0.702824
    outer loop
      vertex 39.6894 16.1591 1
      vertex 39.4347 17.1158 0
      vertex 39.8434 16.1897 1
    endloop
  endfacet
  facet normal 0.139505 -0.697523 -0.702852
    outer loop
      vertex 39.4347 17.1158 0
      vertex 39.6894 16.1591 1
      vertex 39.4332 17.1155 0
    endloop
  endfacet
  facet normal 0.228483 -0.673662 -0.702834
    outer loop
      vertex 39.4317 17.115 0
      vertex 39.6894 16.1591 1
      vertex 39.5408 16.1087 1
    endloop
  endfacet
  facet normal 0.224914 -0.674743 -0.702947
    outer loop
      vertex 39.6894 16.1591 1
      vertex 39.4317 17.115 0
      vertex 39.4332 17.1155 0
    endloop
  endfacet
  facet normal 0.534772 -0.469058 -0.702854
    outer loop
      vertex 38.4503 16.5475 0
      vertex 39.1515 15.8485 1
      vertex 39.048 15.7305 1
    endloop
  endfacet
  facet normal 0.502483 -0.502483 -0.703577
    outer loop
      vertex 39.1515 15.8485 1
      vertex 38.4503 16.5475 0
      vertex 38.4514 16.5486 0
    endloop
  endfacet
  facet normal 0.138833 0.697662 -0.702846
    outer loop
      vertex 39.8434 13.8103 1
      vertex 39.7141 12.8286 0
      vertex 39.4347 12.8842 0
    endloop
  endfacet
  facet normal 0.0464397 0.709828 -0.702843
    outer loop
      vertex 39.8434 13.8103 1
      vertex 39.9984 12.81 0
      vertex 39.7141 12.8286 0
    endloop
  endfacet
  facet normal 0.469058 0.534772 -0.702854
    outer loop
      vertex 38.4525 13.4503 0
      vertex 39.1515 14.1515 1
      vertex 39.2695 14.048 1
    endloop
  endfacet
  facet normal 0.502483 0.502483 -0.703577
    outer loop
      vertex 39.1515 14.1515 1
      vertex 38.4525 13.4503 0
      vertex 38.4514 13.4514 0
    endloop
  endfacet
  facet normal -0.395234 0.591477 -0.702812
    outer loop
      vertex 41.3332 13.2625 0
      vertex 41.0963 13.1042 0
      vertex 40.7305 14.048 1
    endloop
  endfacet
  facet normal -0.468846 0.535004 -0.702819
    outer loop
      vertex 41.5475 13.4503 0
      vertex 41.3332 13.2625 0
      vertex 40.7305 14.048 1
    endloop
  endfacet
  facet normal -0.997844 0.0656309 0
    outer loop
      vertex 41.1897 -15.1566 1
      vertex 41.2 -15 3
      vertex 41.2 -15 1
    endloop
  endfacet
  facet normal -0.997844 0.0656309 0
    outer loop
      vertex 41.2 -15 3
      vertex 41.1897 -15.1566 1
      vertex 41.1897 -15.1566 3
    endloop
  endfacet
  facet normal 0.997844 0.0656309 0
    outer loop
      vertex 38.8103 -15.1566 3
      vertex 38.8 -15 1
      vertex 38.8 -15 3
    endloop
  endfacet
  facet normal 0.997844 0.0656309 0
    outer loop
      vertex 38.8 -15 1
      vertex 38.8103 -15.1566 3
      vertex 38.8103 -15.1566 1
    endloop
  endfacet
  facet normal -0.0656309 0.997844 0
    outer loop
      vertex 40.1566 -16.1897 1
      vertex 40 -16.2 3
      vertex 40.1566 -16.1897 3
    endloop
  endfacet
  facet normal -0.0656309 0.997844 0
    outer loop
      vertex 40 -16.2 3
      vertex 40.1566 -16.1897 1
      vertex 40 -16.2 1
    endloop
  endfacet
  facet normal -0.751787 0.659406 0
    outer loop
      vertex 40.8485 -15.8485 1
      vertex 40.952 -15.7305 3
      vertex 40.952 -15.7305 1
    endloop
  endfacet
  facet normal -0.751787 0.659406 0
    outer loop
      vertex 40.952 -15.7305 3
      vertex 40.8485 -15.8485 1
      vertex 40.8485 -15.8485 3
    endloop
  endfacet
  facet normal 0.659406 0.751787 -0
    outer loop
      vertex 39.2695 -15.952 1
      vertex 39.1515 -15.8485 3
      vertex 39.2695 -15.952 3
    endloop
  endfacet
  facet normal 0.659406 0.751787 0
    outer loop
      vertex 39.1515 -15.8485 3
      vertex 39.2695 -15.952 1
      vertex 39.1515 -15.8485 1
    endloop
  endfacet
  facet normal 0.321194 0.947013 -0
    outer loop
      vertex 39.6894 -16.1591 1
      vertex 39.5408 -16.1087 3
      vertex 39.6894 -16.1591 3
    endloop
  endfacet
  facet normal 0.321194 0.947013 0
    outer loop
      vertex 39.5408 -16.1087 3
      vertex 39.6894 -16.1591 1
      vertex 39.5408 -16.1087 1
    endloop
  endfacet
  facet normal 0.980825 -0.194891 0
    outer loop
      vertex 38.8103 -14.8434 3
      vertex 38.8409 -14.6894 1
      vertex 38.8409 -14.6894 3
    endloop
  endfacet
  facet normal 0.980825 -0.194891 0
    outer loop
      vertex 38.8409 -14.6894 1
      vertex 38.8103 -14.8434 3
      vertex 38.8103 -14.8434 1
    endloop
  endfacet
  facet normal -0.896708 0.442622 0
    outer loop
      vertex 41.0392 -15.6 1
      vertex 41.1087 -15.4592 3
      vertex 41.1087 -15.4592 1
    endloop
  endfacet
  facet normal -0.896708 0.442622 0
    outer loop
      vertex 41.1087 -15.4592 3
      vertex 41.0392 -15.6 1
      vertex 41.0392 -15.6 3
    endloop
  endfacet
  facet normal -0.831462 0.555582 0
    outer loop
      vertex 40.952 -15.7305 1
      vertex 41.0392 -15.6 3
      vertex 41.0392 -15.6 1
    endloop
  endfacet
  facet normal -0.831462 0.555582 0
    outer loop
      vertex 41.0392 -15.6 3
      vertex 40.952 -15.7305 1
      vertex 40.952 -15.7305 3
    endloop
  endfacet
  facet normal -0.442622 0.896708 0
    outer loop
      vertex 40.6 -16.0392 1
      vertex 40.4592 -16.1087 3
      vertex 40.6 -16.0392 3
    endloop
  endfacet
  facet normal -0.442622 0.896708 0
    outer loop
      vertex 40.4592 -16.1087 3
      vertex 40.6 -16.0392 1
      vertex 40.4592 -16.1087 1
    endloop
  endfacet
  facet normal -0.555582 0.831462 0
    outer loop
      vertex 40.7305 -15.952 1
      vertex 40.6 -16.0392 3
      vertex 40.7305 -15.952 3
    endloop
  endfacet
  facet normal -0.555582 0.831462 0
    outer loop
      vertex 40.6 -16.0392 3
      vertex 40.7305 -15.952 1
      vertex 40.6 -16.0392 1
    endloop
  endfacet
  facet normal 0.896708 0.442622 0
    outer loop
      vertex 38.9608 -15.6 3
      vertex 38.8913 -15.4592 1
      vertex 38.8913 -15.4592 3
    endloop
  endfacet
  facet normal 0.896708 0.442622 0
    outer loop
      vertex 38.8913 -15.4592 1
      vertex 38.9608 -15.6 3
      vertex 38.9608 -15.6 1
    endloop
  endfacet
  facet normal 0.831462 0.555582 0
    outer loop
      vertex 39.048 -15.7305 3
      vertex 38.9608 -15.6 1
      vertex 38.9608 -15.6 3
    endloop
  endfacet
  facet normal 0.831462 0.555582 0
    outer loop
      vertex 38.9608 -15.6 1
      vertex 39.048 -15.7305 3
      vertex 39.048 -15.7305 1
    endloop
  endfacet
  facet normal 0.442622 0.896708 -0
    outer loop
      vertex 39.5408 -16.1087 1
      vertex 39.4 -16.0392 3
      vertex 39.5408 -16.1087 3
    endloop
  endfacet
  facet normal 0.442622 0.896708 0
    outer loop
      vertex 39.4 -16.0392 3
      vertex 39.5408 -16.1087 1
      vertex 39.4 -16.0392 1
    endloop
  endfacet
  facet normal 0.0656309 0.997844 -0
    outer loop
      vertex 40 -16.2 1
      vertex 39.8434 -16.1897 3
      vertex 40 -16.2 3
    endloop
  endfacet
  facet normal 0.0656309 0.997844 0
    outer loop
      vertex 39.8434 -16.1897 3
      vertex 40 -16.2 1
      vertex 39.8434 -16.1897 1
    endloop
  endfacet
  facet normal -0.194891 -0.980825 0
    outer loop
      vertex 40.1566 -13.8103 1
      vertex 40.3106 -13.8409 3
      vertex 40.1566 -13.8103 3
    endloop
  endfacet
  facet normal -0.194891 -0.980825 -0
    outer loop
      vertex 40.3106 -13.8409 3
      vertex 40.1566 -13.8103 1
      vertex 40.3106 -13.8409 1
    endloop
  endfacet
  facet normal -0.0656309 -0.997844 0
    outer loop
      vertex 40 -13.8 1
      vertex 40.1566 -13.8103 3
      vertex 40 -13.8 3
    endloop
  endfacet
  facet normal -0.0656309 -0.997844 -0
    outer loop
      vertex 40.1566 -13.8103 3
      vertex 40 -13.8 1
      vertex 40.1566 -13.8103 1
    endloop
  endfacet
  facet normal -0.659406 -0.751787 0
    outer loop
      vertex 40.7305 -14.048 1
      vertex 40.8485 -14.1515 3
      vertex 40.7305 -14.048 3
    endloop
  endfacet
  facet normal -0.659406 -0.751787 -0
    outer loop
      vertex 40.8485 -14.1515 3
      vertex 40.7305 -14.048 1
      vertex 40.8485 -14.1515 1
    endloop
  endfacet
  facet normal -0.442622 -0.896708 0
    outer loop
      vertex 40.4592 -13.8913 1
      vertex 40.6 -13.9608 3
      vertex 40.4592 -13.8913 3
    endloop
  endfacet
  facet normal -0.442622 -0.896708 -0
    outer loop
      vertex 40.6 -13.9608 3
      vertex 40.4592 -13.8913 1
      vertex 40.6 -13.9608 1
    endloop
  endfacet
  facet normal -0.947013 -0.321194 0
    outer loop
      vertex 41.1591 -14.6894 1
      vertex 41.1087 -14.5408 3
      vertex 41.1087 -14.5408 1
    endloop
  endfacet
  facet normal -0.947013 -0.321194 0
    outer loop
      vertex 41.1087 -14.5408 3
      vertex 41.1591 -14.6894 1
      vertex 41.1591 -14.6894 3
    endloop
  endfacet
  facet normal 0.442622 -0.896708 0
    outer loop
      vertex 39.4 -13.9608 1
      vertex 39.5408 -13.8913 3
      vertex 39.4 -13.9608 3
    endloop
  endfacet
  facet normal 0.442622 -0.896708 0
    outer loop
      vertex 39.5408 -13.8913 3
      vertex 39.4 -13.9608 1
      vertex 39.5408 -13.8913 1
    endloop
  endfacet
  facet normal 0.321194 -0.947013 0
    outer loop
      vertex 39.5408 -13.8913 1
      vertex 39.6894 -13.8409 3
      vertex 39.5408 -13.8913 3
    endloop
  endfacet
  facet normal 0.321194 -0.947013 0
    outer loop
      vertex 39.6894 -13.8409 3
      vertex 39.5408 -13.8913 1
      vertex 39.6894 -13.8409 1
    endloop
  endfacet
  facet normal 0.896708 -0.442622 0
    outer loop
      vertex 38.8913 -14.5408 3
      vertex 38.9608 -14.4 1
      vertex 38.9608 -14.4 3
    endloop
  endfacet
  facet normal 0.896708 -0.442622 0
    outer loop
      vertex 38.9608 -14.4 1
      vertex 38.8913 -14.5408 3
      vertex 38.8913 -14.5408 1
    endloop
  endfacet
  facet normal 0.831462 -0.555582 0
    outer loop
      vertex 38.9608 -14.4 3
      vertex 39.048 -14.2695 1
      vertex 39.048 -14.2695 3
    endloop
  endfacet
  facet normal 0.831462 -0.555582 0
    outer loop
      vertex 39.048 -14.2695 1
      vertex 38.9608 -14.4 3
      vertex 38.9608 -14.4 1
    endloop
  endfacet
  facet normal 0.997844 -0.0656309 0
    outer loop
      vertex 38.8 -15 3
      vertex 38.8103 -14.8434 1
      vertex 38.8103 -14.8434 3
    endloop
  endfacet
  facet normal 0.997844 -0.0656309 0
    outer loop
      vertex 38.8103 -14.8434 1
      vertex 38.8 -15 3
      vertex 38.8 -15 1
    endloop
  endfacet
  facet normal -0.947013 0.321194 0
    outer loop
      vertex 41.1087 -15.4592 1
      vertex 41.1591 -15.3106 3
      vertex 41.1591 -15.3106 1
    endloop
  endfacet
  facet normal -0.947013 0.321194 0
    outer loop
      vertex 41.1591 -15.3106 3
      vertex 41.1087 -15.4592 1
      vertex 41.1087 -15.4592 3
    endloop
  endfacet
  facet normal -0.980825 0.194891 0
    outer loop
      vertex 41.1591 -15.3106 1
      vertex 41.1897 -15.1566 3
      vertex 41.1897 -15.1566 1
    endloop
  endfacet
  facet normal -0.980825 0.194891 0
    outer loop
      vertex 41.1897 -15.1566 3
      vertex 41.1591 -15.3106 1
      vertex 41.1591 -15.3106 3
    endloop
  endfacet
  facet normal -0.321194 0.947013 0
    outer loop
      vertex 40.4592 -16.1087 1
      vertex 40.3106 -16.1591 3
      vertex 40.4592 -16.1087 3
    endloop
  endfacet
  facet normal -0.321194 0.947013 0
    outer loop
      vertex 40.3106 -16.1591 3
      vertex 40.4592 -16.1087 1
      vertex 40.3106 -16.1591 1
    endloop
  endfacet
  facet normal -0.194891 0.980825 0
    outer loop
      vertex 40.3106 -16.1591 1
      vertex 40.1566 -16.1897 3
      vertex 40.3106 -16.1591 3
    endloop
  endfacet
  facet normal -0.194891 0.980825 0
    outer loop
      vertex 40.1566 -16.1897 3
      vertex 40.3106 -16.1591 1
      vertex 40.1566 -16.1897 1
    endloop
  endfacet
  facet normal -0.659406 0.751787 0
    outer loop
      vertex 40.8485 -15.8485 1
      vertex 40.7305 -15.952 3
      vertex 40.8485 -15.8485 3
    endloop
  endfacet
  facet normal -0.659406 0.751787 0
    outer loop
      vertex 40.7305 -15.952 3
      vertex 40.8485 -15.8485 1
      vertex 40.7305 -15.952 1
    endloop
  endfacet
  facet normal 0.751787 0.659406 0
    outer loop
      vertex 39.1515 -15.8485 3
      vertex 39.048 -15.7305 1
      vertex 39.048 -15.7305 3
    endloop
  endfacet
  facet normal 0.751787 0.659406 0
    outer loop
      vertex 39.048 -15.7305 1
      vertex 39.1515 -15.8485 3
      vertex 39.1515 -15.8485 1
    endloop
  endfacet
  facet normal 0.947013 0.321194 0
    outer loop
      vertex 38.8913 -15.4592 3
      vertex 38.8409 -15.3106 1
      vertex 38.8409 -15.3106 3
    endloop
  endfacet
  facet normal 0.947013 0.321194 0
    outer loop
      vertex 38.8409 -15.3106 1
      vertex 38.8913 -15.4592 3
      vertex 38.8913 -15.4592 1
    endloop
  endfacet
  facet normal 0.980825 0.194891 0
    outer loop
      vertex 38.8409 -15.3106 3
      vertex 38.8103 -15.1566 1
      vertex 38.8103 -15.1566 3
    endloop
  endfacet
  facet normal 0.980825 0.194891 0
    outer loop
      vertex 38.8103 -15.1566 1
      vertex 38.8409 -15.3106 3
      vertex 38.8409 -15.3106 1
    endloop
  endfacet
  facet normal 0.555582 0.831462 -0
    outer loop
      vertex 39.4 -16.0392 1
      vertex 39.2695 -15.952 3
      vertex 39.4 -16.0392 3
    endloop
  endfacet
  facet normal 0.555582 0.831462 0
    outer loop
      vertex 39.2695 -15.952 3
      vertex 39.4 -16.0392 1
      vertex 39.2695 -15.952 1
    endloop
  endfacet
  facet normal 0.194891 0.980825 -0
    outer loop
      vertex 39.8434 -16.1897 1
      vertex 39.6894 -16.1591 3
      vertex 39.8434 -16.1897 3
    endloop
  endfacet
  facet normal 0.194891 0.980825 0
    outer loop
      vertex 39.6894 -16.1591 3
      vertex 39.8434 -16.1897 1
      vertex 39.6894 -16.1591 1
    endloop
  endfacet
  facet normal -0.555582 -0.831462 0
    outer loop
      vertex 40.6 -13.9608 1
      vertex 40.7305 -14.048 3
      vertex 40.6 -13.9608 3
    endloop
  endfacet
  facet normal -0.555582 -0.831462 -0
    outer loop
      vertex 40.7305 -14.048 3
      vertex 40.6 -13.9608 1
      vertex 40.7305 -14.048 1
    endloop
  endfacet
  facet normal -0.896708 -0.442622 0
    outer loop
      vertex 41.1087 -14.5408 1
      vertex 41.0392 -14.4 3
      vertex 41.0392 -14.4 1
    endloop
  endfacet
  facet normal -0.896708 -0.442622 0
    outer loop
      vertex 41.0392 -14.4 3
      vertex 41.1087 -14.5408 1
      vertex 41.1087 -14.5408 3
    endloop
  endfacet
  facet normal -0.751787 -0.659406 0
    outer loop
      vertex 40.952 -14.2695 1
      vertex 40.8485 -14.1515 3
      vertex 40.8485 -14.1515 1
    endloop
  endfacet
  facet normal -0.751787 -0.659406 0
    outer loop
      vertex 40.8485 -14.1515 3
      vertex 40.952 -14.2695 1
      vertex 40.952 -14.2695 3
    endloop
  endfacet
  facet normal -0.831462 -0.555582 0
    outer loop
      vertex 41.0392 -14.4 1
      vertex 40.952 -14.2695 3
      vertex 40.952 -14.2695 1
    endloop
  endfacet
  facet normal -0.831462 -0.555582 0
    outer loop
      vertex 40.952 -14.2695 3
      vertex 41.0392 -14.4 1
      vertex 41.0392 -14.4 3
    endloop
  endfacet
  facet normal 0.659406 -0.751787 0
    outer loop
      vertex 39.1515 -14.1515 1
      vertex 39.2695 -14.048 3
      vertex 39.1515 -14.1515 3
    endloop
  endfacet
  facet normal 0.659406 -0.751787 0
    outer loop
      vertex 39.2695 -14.048 3
      vertex 39.1515 -14.1515 1
      vertex 39.2695 -14.048 1
    endloop
  endfacet
  facet normal 0.555582 -0.831462 0
    outer loop
      vertex 39.2695 -14.048 1
      vertex 39.4 -13.9608 3
      vertex 39.2695 -14.048 3
    endloop
  endfacet
  facet normal 0.555582 -0.831462 0
    outer loop
      vertex 39.4 -13.9608 3
      vertex 39.2695 -14.048 1
      vertex 39.4 -13.9608 1
    endloop
  endfacet
  facet normal 0.0656309 -0.997844 0
    outer loop
      vertex 39.8434 -13.8103 1
      vertex 40 -13.8 3
      vertex 39.8434 -13.8103 3
    endloop
  endfacet
  facet normal 0.0656309 -0.997844 0
    outer loop
      vertex 40 -13.8 3
      vertex 39.8434 -13.8103 1
      vertex 40 -13.8 1
    endloop
  endfacet
  facet normal 0.751787 -0.659406 0
    outer loop
      vertex 39.048 -14.2695 3
      vertex 39.1515 -14.1515 1
      vertex 39.1515 -14.1515 3
    endloop
  endfacet
  facet normal 0.751787 -0.659406 0
    outer loop
      vertex 39.1515 -14.1515 1
      vertex 39.048 -14.2695 3
      vertex 39.048 -14.2695 1
    endloop
  endfacet
  facet normal -0.321194 -0.947013 0
    outer loop
      vertex 40.3106 -13.8409 1
      vertex 40.4592 -13.8913 3
      vertex 40.3106 -13.8409 3
    endloop
  endfacet
  facet normal -0.321194 -0.947013 -0
    outer loop
      vertex 40.4592 -13.8913 3
      vertex 40.3106 -13.8409 1
      vertex 40.4592 -13.8913 1
    endloop
  endfacet
  facet normal -0.980825 -0.194891 0
    outer loop
      vertex 41.1897 -14.8434 1
      vertex 41.1591 -14.6894 3
      vertex 41.1591 -14.6894 1
    endloop
  endfacet
  facet normal -0.980825 -0.194891 0
    outer loop
      vertex 41.1591 -14.6894 3
      vertex 41.1897 -14.8434 1
      vertex 41.1897 -14.8434 3
    endloop
  endfacet
  facet normal -0.997844 -0.0656309 0
    outer loop
      vertex 41.2 -15 1
      vertex 41.1897 -14.8434 3
      vertex 41.1897 -14.8434 1
    endloop
  endfacet
  facet normal -0.997844 -0.0656309 0
    outer loop
      vertex 41.1897 -14.8434 3
      vertex 41.2 -15 1
      vertex 41.2 -15 3
    endloop
  endfacet
  facet normal 0.194891 -0.980825 0
    outer loop
      vertex 39.6894 -13.8409 1
      vertex 39.8434 -13.8103 3
      vertex 39.6894 -13.8409 3
    endloop
  endfacet
  facet normal 0.194891 -0.980825 0
    outer loop
      vertex 39.8434 -13.8103 3
      vertex 39.6894 -13.8409 1
      vertex 39.8434 -13.8103 1
    endloop
  endfacet
  facet normal 0.947013 -0.321194 0
    outer loop
      vertex 38.8409 -14.6894 3
      vertex 38.8913 -14.5408 1
      vertex 38.8913 -14.5408 3
    endloop
  endfacet
  facet normal 0.947013 -0.321194 0
    outer loop
      vertex 38.8913 -14.5408 1
      vertex 38.8409 -14.6894 3
      vertex 38.8409 -14.6894 1
    endloop
  endfacet
  facet normal -0.709916 0.0443697 -0.702888
    outer loop
      vertex 42.19 -15.0016 0
      vertex 41.2 -15 1
      vertex 42.1901 -15 0
    endloop
  endfacet
  facet normal -0.709839 0.046688 -0.702815
    outer loop
      vertex 41.2 -15 1
      vertex 42.19 -15.0016 0
      vertex 41.1897 -15.1566 1
    endloop
  endfacet
  facet normal 0.709839 -0.046688 -0.702815
    outer loop
      vertex 38.8 -15 1
      vertex 37.81 -14.9984 0
      vertex 38.8103 -14.8434 1
    endloop
  endfacet
  facet normal 0.709916 -0.0443697 -0.702888
    outer loop
      vertex 37.81 -14.9984 0
      vertex 38.8 -15 1
      vertex 37.8099 -15 0
    endloop
  endfacet
  facet normal -0.709828 -0.0464397 -0.702843
    outer loop
      vertex 42.1714 -14.7141 0
      vertex 42.19 -14.9984 0
      vertex 41.1897 -14.8434 1
    endloop
  endfacet
  facet normal -0.534772 -0.469058 -0.702854
    outer loop
      vertex 40.8485 -14.1515 1
      vertex 41.5497 -13.4525 0
      vertex 40.952 -14.2695 1
    endloop
  endfacet
  facet normal -0.502483 -0.502483 -0.703577
    outer loop
      vertex 41.5497 -13.4525 0
      vertex 40.8485 -14.1515 1
      vertex 41.5486 -13.4514 0
    endloop
  endfacet
  facet normal 0.0443697 0.709916 -0.702888
    outer loop
      vertex 39.9984 -17.19 0
      vertex 40 -16.2 1
      vertex 40 -17.1901 0
    endloop
  endfacet
  facet normal 0.046688 0.709839 -0.702815
    outer loop
      vertex 40 -16.2 1
      vertex 39.9984 -17.19 0
      vertex 39.8434 -16.1897 1
    endloop
  endfacet
  facet normal -0.0443697 -0.709916 -0.702888
    outer loop
      vertex 40.0016 -12.81 0
      vertex 40 -13.8 1
      vertex 40 -12.8099 0
    endloop
  endfacet
  facet normal -0.046688 -0.709839 -0.702815
    outer loop
      vertex 40 -13.8 1
      vertex 40.0016 -12.81 0
      vertex 40.1566 -13.8103 1
    endloop
  endfacet
  facet normal 0.637999 -0.31463 -0.702826
    outer loop
      vertex 38.1033 -13.905 0
      vertex 38.9608 -14.4 1
      vertex 37.9773 -14.1605 0
    endloop
  endfacet
  facet normal 0.468846 -0.535004 -0.702819
    outer loop
      vertex 38.6668 -13.2625 0
      vertex 39.2695 -14.048 1
      vertex 38.4525 -13.4503 0
    endloop
  endfacet
  facet normal 0.709828 0.0464397 -0.702843
    outer loop
      vertex 38.8103 -15.1566 1
      vertex 37.8286 -15.2859 0
      vertex 37.81 -15.0016 0
    endloop
  endfacet
  facet normal 0.502483 0.502483 -0.703577
    outer loop
      vertex 38.4503 -16.5475 0
      vertex 39.1515 -15.8485 1
      vertex 38.4514 -16.5486 0
    endloop
  endfacet
  facet normal 0.534772 0.469058 -0.702854
    outer loop
      vertex 39.1515 -15.8485 1
      vertex 38.4503 -16.5475 0
      vertex 39.048 -15.7305 1
    endloop
  endfacet
  facet normal -0.502483 0.502483 -0.703577
    outer loop
      vertex 40.8485 -15.8485 1
      vertex 41.5497 -16.5475 0
      vertex 41.5486 -16.5486 0
    endloop
  endfacet
  facet normal -0.534772 0.469058 -0.702854
    outer loop
      vertex 41.5497 -16.5475 0
      vertex 40.8485 -15.8485 1
      vertex 40.952 -15.7305 1
    endloop
  endfacet
  facet normal -0.697662 0.138833 -0.702846
    outer loop
      vertex 42.1714 -15.2859 0
      vertex 42.1158 -15.5653 0
      vertex 41.1897 -15.1566 1
    endloop
  endfacet
  facet normal -0.673614 -0.228699 -0.702809
    outer loop
      vertex 42.0234 -14.1619 0
      vertex 42.115 -14.4317 0
      vertex 41.1087 -14.5408 1
    endloop
  endfacet
  facet normal -0.637999 -0.31463 -0.702826
    outer loop
      vertex 41.8967 -13.905 0
      vertex 42.0227 -14.1605 0
      vertex 41.0392 -14.4 1
    endloop
  endfacet
  facet normal -0.585231 -0.40516 -0.702389
    outer loop
      vertex 41.0392 -14.4 1
      vertex 41.8958 -13.9037 0
      vertex 41.8967 -13.905 0
    endloop
  endfacet
  facet normal -0.591481 -0.395227 -0.702813
    outer loop
      vertex 41.8958 -13.9037 0
      vertex 41.0392 -14.4 1
      vertex 40.952 -14.2695 1
    endloop
  endfacet
  facet normal 0.228699 -0.673614 -0.702809
    outer loop
      vertex 39.4317 -12.885 0
      vertex 39.5408 -13.8913 1
      vertex 39.1619 -12.9766 0
    endloop
  endfacet
  facet normal 0.63791 -0.314877 -0.702797
    outer loop
      vertex 38.8913 -14.5408 1
      vertex 37.9773 -14.1605 0
      vertex 38.9608 -14.4 1
    endloop
  endfacet
  facet normal 0.636395 -0.318197 -0.702675
    outer loop
      vertex 37.9773 -14.1605 0
      vertex 38.8913 -14.5408 1
      vertex 37.9766 -14.1619 0
    endloop
  endfacet
  facet normal 0.673614 0.228699 -0.702809
    outer loop
      vertex 38.8913 -15.4592 1
      vertex 37.9766 -15.8381 0
      vertex 37.885 -15.5683 0
    endloop
  endfacet
  facet normal -0.0464397 0.709828 -0.702843
    outer loop
      vertex 40.1566 -16.1897 1
      vertex 40.2859 -17.1714 0
      vertex 40.0016 -17.19 0
    endloop
  endfacet
  facet normal -0.138833 0.697662 -0.702846
    outer loop
      vertex 40.5653 -17.1158 0
      vertex 40.2859 -17.1714 0
      vertex 40.1566 -16.1897 1
    endloop
  endfacet
  facet normal -0.502483 0.502483 -0.703577
    outer loop
      vertex 41.5475 -16.5497 0
      vertex 40.8485 -15.8485 1
      vertex 41.5486 -16.5486 0
    endloop
  endfacet
  facet normal -0.469058 0.534772 -0.702854
    outer loop
      vertex 40.8485 -15.8485 1
      vertex 41.5475 -16.5497 0
      vertex 40.7305 -15.952 1
    endloop
  endfacet
  facet normal -0.636395 0.318197 -0.702675
    outer loop
      vertex 42.0227 -15.8395 0
      vertex 41.1087 -15.4592 1
      vertex 42.0234 -15.8381 0
    endloop
  endfacet
  facet normal -0.63791 0.314877 -0.702797
    outer loop
      vertex 41.1087 -15.4592 1
      vertex 42.0227 -15.8395 0
      vertex 41.0392 -15.6 1
    endloop
  endfacet
  facet normal -0.673614 0.228699 -0.702809
    outer loop
      vertex 42.115 -15.5683 0
      vertex 42.0234 -15.8381 0
      vertex 41.1087 -15.4592 1
    endloop
  endfacet
  facet normal -0.709828 0.0464397 -0.702843
    outer loop
      vertex 42.19 -15.0016 0
      vertex 42.1714 -15.2859 0
      vertex 41.1897 -15.1566 1
    endloop
  endfacet
  facet normal -0.697662 -0.138833 -0.702846
    outer loop
      vertex 42.1158 -14.4347 0
      vertex 42.1714 -14.7141 0
      vertex 41.1897 -14.8434 1
    endloop
  endfacet
  facet normal -0.674743 -0.224914 -0.702947
    outer loop
      vertex 41.1591 -14.6894 1
      vertex 42.115 -14.4317 0
      vertex 42.1155 -14.4332 0
    endloop
  endfacet
  facet normal -0.673662 -0.228483 -0.702834
    outer loop
      vertex 42.115 -14.4317 0
      vertex 41.1591 -14.6894 1
      vertex 41.1087 -14.5408 1
    endloop
  endfacet
  facet normal -0.709916 -0.0443697 -0.702888
    outer loop
      vertex 41.2 -15 1
      vertex 42.19 -14.9984 0
      vertex 42.1901 -15 0
    endloop
  endfacet
  facet normal -0.709839 -0.046688 -0.702815
    outer loop
      vertex 42.19 -14.9984 0
      vertex 41.2 -15 1
      vertex 41.1897 -14.8434 1
    endloop
  endfacet
  facet normal -0.636395 -0.318197 -0.702675
    outer loop
      vertex 41.1087 -14.5408 1
      vertex 42.0227 -14.1605 0
      vertex 42.0234 -14.1619 0
    endloop
  endfacet
  facet normal -0.63791 -0.314877 -0.702797
    outer loop
      vertex 42.0227 -14.1605 0
      vertex 41.1087 -14.5408 1
      vertex 41.0392 -14.4 1
    endloop
  endfacet
  facet normal -0.228699 -0.673614 -0.702809
    outer loop
      vertex 40.5683 -12.885 0
      vertex 40.8381 -12.9766 0
      vertex 40.4592 -13.8913 1
    endloop
  endfacet
  facet normal -0.468846 -0.535004 -0.702819
    outer loop
      vertex 41.3332 -13.2625 0
      vertex 41.5475 -13.4503 0
      vertex 40.7305 -14.048 1
    endloop
  endfacet
  facet normal 0.395227 -0.591481 -0.702813
    outer loop
      vertex 38.9037 -13.1042 0
      vertex 39.4 -13.9608 1
      vertex 39.2695 -14.048 1
    endloop
  endfacet
  facet normal 0.427873 -0.570497 -0.701041
    outer loop
      vertex 39.4 -13.9608 1
      vertex 38.9037 -13.1042 0
      vertex 38.9049 -13.1033 0
    endloop
  endfacet
  facet normal 0.469058 -0.534772 -0.702854
    outer loop
      vertex 39.1515 -14.1515 1
      vertex 38.4525 -13.4503 0
      vertex 39.2695 -14.048 1
    endloop
  endfacet
  facet normal 0.502483 -0.502483 -0.703577
    outer loop
      vertex 38.4525 -13.4503 0
      vertex 39.1515 -14.1515 1
      vertex 38.4514 -13.4514 0
    endloop
  endfacet
  facet normal 0.535004 -0.468846 -0.702819
    outer loop
      vertex 38.4503 -13.4525 0
      vertex 39.048 -14.2695 1
      vertex 38.2625 -13.6668 0
    endloop
  endfacet
  facet normal 0.673614 -0.228699 -0.702809
    outer loop
      vertex 37.9766 -14.1619 0
      vertex 38.8913 -14.5408 1
      vertex 37.885 -14.4317 0
    endloop
  endfacet
  facet normal 0.673662 -0.228483 -0.702834
    outer loop
      vertex 38.8409 -14.6894 1
      vertex 37.885 -14.4317 0
      vertex 38.8913 -14.5408 1
    endloop
  endfacet
  facet normal 0.674743 -0.224914 -0.702947
    outer loop
      vertex 37.885 -14.4317 0
      vertex 38.8409 -14.6894 1
      vertex 37.8845 -14.4332 0
    endloop
  endfacet
  facet normal 0.697662 0.138833 -0.702846
    outer loop
      vertex 38.8103 -15.1566 1
      vertex 37.8842 -15.5653 0
      vertex 37.8286 -15.2859 0
    endloop
  endfacet
  facet normal 0.697523 0.139505 -0.702852
    outer loop
      vertex 37.8842 -15.5653 0
      vertex 38.8409 -15.3106 1
      vertex 37.8845 -15.5668 0
    endloop
  endfacet
  facet normal 0.697724 0.138639 -0.702824
    outer loop
      vertex 38.8409 -15.3106 1
      vertex 37.8842 -15.5653 0
      vertex 38.8103 -15.1566 1
    endloop
  endfacet
  facet normal 0.228699 0.673614 -0.702809
    outer loop
      vertex 39.5408 -16.1087 1
      vertex 39.4317 -17.115 0
      vertex 39.1619 -17.0234 0
    endloop
  endfacet
  facet normal 0.468846 0.535004 -0.702819
    outer loop
      vertex 39.2695 -15.952 1
      vertex 38.6668 -16.7375 0
      vertex 38.4525 -16.5497 0
    endloop
  endfacet
  facet normal 0.709916 0.0443697 -0.702888
    outer loop
      vertex 38.8 -15 1
      vertex 37.81 -15.0016 0
      vertex 37.8099 -15 0
    endloop
  endfacet
  facet normal 0.709839 0.046688 -0.702815
    outer loop
      vertex 37.81 -15.0016 0
      vertex 38.8 -15 1
      vertex 38.8103 -15.1566 1
    endloop
  endfacet
  facet normal 0.63791 0.314877 -0.702797
    outer loop
      vertex 37.9773 -15.8395 0
      vertex 38.8913 -15.4592 1
      vertex 38.9608 -15.6 1
    endloop
  endfacet
  facet normal 0.636395 0.318197 -0.702675
    outer loop
      vertex 38.8913 -15.4592 1
      vertex 37.9773 -15.8395 0
      vertex 37.9766 -15.8381 0
    endloop
  endfacet
  facet normal 0.637999 0.31463 -0.702826
    outer loop
      vertex 38.9608 -15.6 1
      vertex 38.1033 -16.095 0
      vertex 37.9773 -15.8395 0
    endloop
  endfacet
  facet normal 0.591481 0.395227 -0.702813
    outer loop
      vertex 38.1042 -16.0963 0
      vertex 38.9608 -15.6 1
      vertex 39.048 -15.7305 1
    endloop
  endfacet
  facet normal 0.585231 0.40516 -0.702389
    outer loop
      vertex 38.9608 -15.6 1
      vertex 38.1042 -16.0963 0
      vertex 38.1033 -16.095 0
    endloop
  endfacet
  facet normal -0.224914 0.674743 -0.702947
    outer loop
      vertex 40.3106 -16.1591 1
      vertex 40.5683 -17.115 0
      vertex 40.5668 -17.1155 0
    endloop
  endfacet
  facet normal -0.228483 0.673662 -0.702834
    outer loop
      vertex 40.5683 -17.115 0
      vertex 40.3106 -16.1591 1
      vertex 40.4592 -16.1087 1
    endloop
  endfacet
  facet normal -0.139505 0.697523 -0.702852
    outer loop
      vertex 40.5653 -17.1158 0
      vertex 40.3106 -16.1591 1
      vertex 40.5668 -17.1155 0
    endloop
  endfacet
  facet normal -0.138639 0.697724 -0.702824
    outer loop
      vertex 40.3106 -16.1591 1
      vertex 40.5653 -17.1158 0
      vertex 40.1566 -16.1897 1
    endloop
  endfacet
  facet normal -0.228699 0.673614 -0.702809
    outer loop
      vertex 40.8381 -17.0234 0
      vertex 40.5683 -17.115 0
      vertex 40.4592 -16.1087 1
    endloop
  endfacet
  facet normal -0.314525 0.638037 -0.702839
    outer loop
      vertex 41.0951 -16.8967 0
      vertex 40.8395 -17.0227 0
      vertex 40.6 -16.0392 1
    endloop
  endfacet
  facet normal -0.591477 0.395234 -0.702812
    outer loop
      vertex 41.8958 -16.0963 0
      vertex 41.7375 -16.3332 0
      vertex 40.952 -15.7305 1
    endloop
  endfacet
  facet normal -0.535004 0.468846 -0.702819
    outer loop
      vertex 41.7375 -16.3332 0
      vertex 41.5497 -16.5475 0
      vertex 40.952 -15.7305 1
    endloop
  endfacet
  facet normal -0.585231 0.40516 -0.702389
    outer loop
      vertex 41.8958 -16.0963 0
      vertex 41.0392 -15.6 1
      vertex 41.8967 -16.095 0
    endloop
  endfacet
  facet normal -0.591481 0.395227 -0.702813
    outer loop
      vertex 41.0392 -15.6 1
      vertex 41.8958 -16.0963 0
      vertex 40.952 -15.7305 1
    endloop
  endfacet
  facet normal -0.637999 0.31463 -0.702826
    outer loop
      vertex 42.0227 -15.8395 0
      vertex 41.8967 -16.095 0
      vertex 41.0392 -15.6 1
    endloop
  endfacet
  facet normal -0.674743 0.224914 -0.702947
    outer loop
      vertex 42.115 -15.5683 0
      vertex 41.1591 -15.3106 1
      vertex 42.1155 -15.5668 0
    endloop
  endfacet
  facet normal -0.673662 0.228483 -0.702834
    outer loop
      vertex 41.1591 -15.3106 1
      vertex 42.115 -15.5683 0
      vertex 41.1087 -15.4592 1
    endloop
  endfacet
  facet normal -0.697523 0.139505 -0.702852
    outer loop
      vertex 41.1591 -15.3106 1
      vertex 42.1158 -15.5653 0
      vertex 42.1155 -15.5668 0
    endloop
  endfacet
  facet normal -0.697724 0.138639 -0.702824
    outer loop
      vertex 42.1158 -15.5653 0
      vertex 41.1591 -15.3106 1
      vertex 41.1897 -15.1566 1
    endloop
  endfacet
  facet normal -0.697724 -0.138639 -0.702824
    outer loop
      vertex 41.1591 -14.6894 1
      vertex 42.1158 -14.4347 0
      vertex 41.1897 -14.8434 1
    endloop
  endfacet
  facet normal -0.697523 -0.139505 -0.702852
    outer loop
      vertex 42.1158 -14.4347 0
      vertex 41.1591 -14.6894 1
      vertex 42.1155 -14.4332 0
    endloop
  endfacet
  facet normal -0.591477 -0.395234 -0.702812
    outer loop
      vertex 41.7375 -13.6668 0
      vertex 41.8958 -13.9037 0
      vertex 40.952 -14.2695 1
    endloop
  endfacet
  facet normal -0.535004 -0.468846 -0.702819
    outer loop
      vertex 41.5497 -13.4525 0
      vertex 41.7375 -13.6668 0
      vertex 40.952 -14.2695 1
    endloop
  endfacet
  facet normal -0.228483 -0.673662 -0.702834
    outer loop
      vertex 40.3106 -13.8409 1
      vertex 40.5683 -12.885 0
      vertex 40.4592 -13.8913 1
    endloop
  endfacet
  facet normal -0.224914 -0.674743 -0.702947
    outer loop
      vertex 40.5683 -12.885 0
      vertex 40.3106 -13.8409 1
      vertex 40.5668 -12.8845 0
    endloop
  endfacet
  facet normal -0.139505 -0.697523 -0.702852
    outer loop
      vertex 40.3106 -13.8409 1
      vertex 40.5653 -12.8842 0
      vertex 40.5668 -12.8845 0
    endloop
  endfacet
  facet normal -0.138639 -0.697724 -0.702824
    outer loop
      vertex 40.5653 -12.8842 0
      vertex 40.3106 -13.8409 1
      vertex 40.1566 -13.8103 1
    endloop
  endfacet
  facet normal -0.314525 -0.638037 -0.702839
    outer loop
      vertex 40.8395 -12.9773 0
      vertex 41.0951 -13.1033 0
      vertex 40.6 -13.9608 1
    endloop
  endfacet
  facet normal -0.314877 -0.63791 -0.702797
    outer loop
      vertex 40.4592 -13.8913 1
      vertex 40.8395 -12.9773 0
      vertex 40.6 -13.9608 1
    endloop
  endfacet
  facet normal -0.318197 -0.636395 -0.702675
    outer loop
      vertex 40.8395 -12.9773 0
      vertex 40.4592 -13.8913 1
      vertex 40.8381 -12.9766 0
    endloop
  endfacet
  facet normal -0.395234 -0.591477 -0.702812
    outer loop
      vertex 41.0963 -13.1042 0
      vertex 41.3332 -13.2625 0
      vertex 40.7305 -14.048 1
    endloop
  endfacet
  facet normal -0.395227 -0.591481 -0.702813
    outer loop
      vertex 40.6 -13.9608 1
      vertex 41.0963 -13.1042 0
      vertex 40.7305 -14.048 1
    endloop
  endfacet
  facet normal -0.427873 -0.570497 -0.701041
    outer loop
      vertex 41.0963 -13.1042 0
      vertex 40.6 -13.9608 1
      vertex 41.0951 -13.1033 0
    endloop
  endfacet
  facet normal 0.697662 -0.138833 -0.702846
    outer loop
      vertex 37.8842 -14.4347 0
      vertex 38.8103 -14.8434 1
      vertex 37.8286 -14.7141 0
    endloop
  endfacet
  facet normal 0.709828 -0.0464397 -0.702843
    outer loop
      vertex 37.8286 -14.7141 0
      vertex 38.8103 -14.8434 1
      vertex 37.81 -14.9984 0
    endloop
  endfacet
  facet normal 0.395234 -0.591477 -0.702812
    outer loop
      vertex 38.9037 -13.1042 0
      vertex 39.2695 -14.048 1
      vertex 38.6668 -13.2625 0
    endloop
  endfacet
  facet normal 0.314877 -0.63791 -0.702797
    outer loop
      vertex 39.1605 -12.9773 0
      vertex 39.5408 -13.8913 1
      vertex 39.4 -13.9608 1
    endloop
  endfacet
  facet normal 0.318197 -0.636395 -0.702675
    outer loop
      vertex 39.5408 -13.8913 1
      vertex 39.1605 -12.9773 0
      vertex 39.1619 -12.9766 0
    endloop
  endfacet
  facet normal 0.314525 -0.638037 -0.702839
    outer loop
      vertex 39.1605 -12.9773 0
      vertex 39.4 -13.9608 1
      vertex 38.9049 -13.1033 0
    endloop
  endfacet
  facet normal 0.046688 -0.709839 -0.702815
    outer loop
      vertex 39.9984 -12.81 0
      vertex 40 -13.8 1
      vertex 39.8434 -13.8103 1
    endloop
  endfacet
  facet normal 0.0443697 -0.709916 -0.702888
    outer loop
      vertex 40 -13.8 1
      vertex 39.9984 -12.81 0
      vertex 40 -12.8099 0
    endloop
  endfacet
  facet normal 0.591477 -0.395234 -0.702812
    outer loop
      vertex 38.2625 -13.6668 0
      vertex 39.048 -14.2695 1
      vertex 38.1042 -13.9037 0
    endloop
  endfacet
  facet normal 0.591481 -0.395227 -0.702813
    outer loop
      vertex 38.9608 -14.4 1
      vertex 38.1042 -13.9037 0
      vertex 39.048 -14.2695 1
    endloop
  endfacet
  facet normal 0.585231 -0.40516 -0.702389
    outer loop
      vertex 38.1042 -13.9037 0
      vertex 38.9608 -14.4 1
      vertex 38.1033 -13.905 0
    endloop
  endfacet
  facet normal 0.224914 0.674743 -0.702947
    outer loop
      vertex 39.4317 -17.115 0
      vertex 39.6894 -16.1591 1
      vertex 39.4332 -17.1155 0
    endloop
  endfacet
  facet normal 0.228483 0.673662 -0.702834
    outer loop
      vertex 39.6894 -16.1591 1
      vertex 39.4317 -17.115 0
      vertex 39.5408 -16.1087 1
    endloop
  endfacet
  facet normal 0.138639 0.697724 -0.702824
    outer loop
      vertex 39.4347 -17.1158 0
      vertex 39.6894 -16.1591 1
      vertex 39.8434 -16.1897 1
    endloop
  endfacet
  facet normal 0.139505 0.697523 -0.702852
    outer loop
      vertex 39.6894 -16.1591 1
      vertex 39.4347 -17.1158 0
      vertex 39.4332 -17.1155 0
    endloop
  endfacet
  facet normal 0.314525 0.638037 -0.702839
    outer loop
      vertex 39.4 -16.0392 1
      vertex 39.1605 -17.0227 0
      vertex 38.9049 -16.8967 0
    endloop
  endfacet
  facet normal 0.318197 0.636395 -0.702675
    outer loop
      vertex 39.1605 -17.0227 0
      vertex 39.5408 -16.1087 1
      vertex 39.1619 -17.0234 0
    endloop
  endfacet
  facet normal 0.314877 0.63791 -0.702797
    outer loop
      vertex 39.5408 -16.1087 1
      vertex 39.1605 -17.0227 0
      vertex 39.4 -16.0392 1
    endloop
  endfacet
  facet normal 0.395234 0.591477 -0.702812
    outer loop
      vertex 39.2695 -15.952 1
      vertex 38.9037 -16.8958 0
      vertex 38.6668 -16.7375 0
    endloop
  endfacet
  facet normal 0.427873 0.570497 -0.701041
    outer loop
      vertex 38.9037 -16.8958 0
      vertex 39.4 -16.0392 1
      vertex 38.9049 -16.8967 0
    endloop
  endfacet
  facet normal 0.395227 0.591481 -0.702813
    outer loop
      vertex 39.4 -16.0392 1
      vertex 38.9037 -16.8958 0
      vertex 39.2695 -15.952 1
    endloop
  endfacet
  facet normal 0.673662 0.228483 -0.702834
    outer loop
      vertex 37.885 -15.5683 0
      vertex 38.8409 -15.3106 1
      vertex 38.8913 -15.4592 1
    endloop
  endfacet
  facet normal 0.674743 0.224914 -0.702947
    outer loop
      vertex 38.8409 -15.3106 1
      vertex 37.885 -15.5683 0
      vertex 37.8845 -15.5668 0
    endloop
  endfacet
  facet normal 0.591477 0.395234 -0.702812
    outer loop
      vertex 39.048 -15.7305 1
      vertex 38.2625 -16.3332 0
      vertex 38.1042 -16.0963 0
    endloop
  endfacet
  facet normal 0.535004 0.468846 -0.702819
    outer loop
      vertex 39.048 -15.7305 1
      vertex 38.4503 -16.5475 0
      vertex 38.2625 -16.3332 0
    endloop
  endfacet
  facet normal -0.046688 0.709839 -0.702815
    outer loop
      vertex 40.0016 -17.19 0
      vertex 40 -16.2 1
      vertex 40.1566 -16.1897 1
    endloop
  endfacet
  facet normal -0.0443697 0.709916 -0.702888
    outer loop
      vertex 40 -16.2 1
      vertex 40.0016 -17.19 0
      vertex 40 -17.1901 0
    endloop
  endfacet
  facet normal -0.318197 0.636395 -0.702675
    outer loop
      vertex 40.4592 -16.1087 1
      vertex 40.8395 -17.0227 0
      vertex 40.8381 -17.0234 0
    endloop
  endfacet
  facet normal -0.314877 0.63791 -0.702797
    outer loop
      vertex 40.8395 -17.0227 0
      vertex 40.4592 -16.1087 1
      vertex 40.6 -16.0392 1
    endloop
  endfacet
  facet normal -0.427873 0.570497 -0.701041
    outer loop
      vertex 40.6 -16.0392 1
      vertex 41.0963 -16.8958 0
      vertex 41.0951 -16.8967 0
    endloop
  endfacet
  facet normal -0.395227 0.591481 -0.702813
    outer loop
      vertex 41.0963 -16.8958 0
      vertex 40.6 -16.0392 1
      vertex 40.7305 -15.952 1
    endloop
  endfacet
  facet normal -0.138833 -0.697662 -0.702846
    outer loop
      vertex 40.2859 -12.8286 0
      vertex 40.5653 -12.8842 0
      vertex 40.1566 -13.8103 1
    endloop
  endfacet
  facet normal -0.0464397 -0.709828 -0.702843
    outer loop
      vertex 40.2859 -12.8286 0
      vertex 40.1566 -13.8103 1
      vertex 40.0016 -12.81 0
    endloop
  endfacet
  facet normal -0.502483 -0.502483 -0.703577
    outer loop
      vertex 40.8485 -14.1515 1
      vertex 41.5475 -13.4503 0
      vertex 41.5486 -13.4514 0
    endloop
  endfacet
  facet normal -0.469058 -0.534772 -0.702854
    outer loop
      vertex 41.5475 -13.4503 0
      vertex 40.8485 -14.1515 1
      vertex 40.7305 -14.048 1
    endloop
  endfacet
  facet normal 0.697724 -0.138639 -0.702824
    outer loop
      vertex 37.8842 -14.4347 0
      vertex 38.8409 -14.6894 1
      vertex 38.8103 -14.8434 1
    endloop
  endfacet
  facet normal 0.697523 -0.139505 -0.702852
    outer loop
      vertex 38.8409 -14.6894 1
      vertex 37.8842 -14.4347 0
      vertex 37.8845 -14.4332 0
    endloop
  endfacet
  facet normal 0.138833 -0.697662 -0.702846
    outer loop
      vertex 39.7141 -12.8286 0
      vertex 39.8434 -13.8103 1
      vertex 39.4347 -12.8842 0
    endloop
  endfacet
  facet normal 0.0464397 -0.709828 -0.702843
    outer loop
      vertex 39.9984 -12.81 0
      vertex 39.8434 -13.8103 1
      vertex 39.7141 -12.8286 0
    endloop
  endfacet
  facet normal 0.138639 -0.697724 -0.702824
    outer loop
      vertex 39.6894 -13.8409 1
      vertex 39.4347 -12.8842 0
      vertex 39.8434 -13.8103 1
    endloop
  endfacet
  facet normal 0.139505 -0.697523 -0.702852
    outer loop
      vertex 39.4347 -12.8842 0
      vertex 39.6894 -13.8409 1
      vertex 39.4332 -12.8845 0
    endloop
  endfacet
  facet normal 0.228483 -0.673662 -0.702834
    outer loop
      vertex 39.4317 -12.885 0
      vertex 39.6894 -13.8409 1
      vertex 39.5408 -13.8913 1
    endloop
  endfacet
  facet normal 0.224914 -0.674743 -0.702947
    outer loop
      vertex 39.6894 -13.8409 1
      vertex 39.4317 -12.885 0
      vertex 39.4332 -12.8845 0
    endloop
  endfacet
  facet normal 0.534772 -0.469058 -0.702854
    outer loop
      vertex 38.4503 -13.4525 0
      vertex 39.1515 -14.1515 1
      vertex 39.048 -14.2695 1
    endloop
  endfacet
  facet normal 0.502483 -0.502483 -0.703577
    outer loop
      vertex 39.1515 -14.1515 1
      vertex 38.4503 -13.4525 0
      vertex 38.4514 -13.4514 0
    endloop
  endfacet
  facet normal 0.138833 0.697662 -0.702846
    outer loop
      vertex 39.8434 -16.1897 1
      vertex 39.7141 -17.1714 0
      vertex 39.4347 -17.1158 0
    endloop
  endfacet
  facet normal 0.0464397 0.709828 -0.702843
    outer loop
      vertex 39.8434 -16.1897 1
      vertex 39.9984 -17.19 0
      vertex 39.7141 -17.1714 0
    endloop
  endfacet
  facet normal 0.469058 0.534772 -0.702854
    outer loop
      vertex 38.4525 -16.5497 0
      vertex 39.1515 -15.8485 1
      vertex 39.2695 -15.952 1
    endloop
  endfacet
  facet normal 0.502483 0.502483 -0.703577
    outer loop
      vertex 39.1515 -15.8485 1
      vertex 38.4525 -16.5497 0
      vertex 38.4514 -16.5486 0
    endloop
  endfacet
  facet normal -0.395234 0.591477 -0.702812
    outer loop
      vertex 41.3332 -16.7375 0
      vertex 41.0963 -16.8958 0
      vertex 40.7305 -15.952 1
    endloop
  endfacet
  facet normal -0.468846 0.535004 -0.702819
    outer loop
      vertex 41.5475 -16.5497 0
      vertex 41.3332 -16.7375 0
      vertex 40.7305 -15.952 1
    endloop
  endfacet
  facet normal -0.997844 0.0656309 0
    outer loop
      vertex 11.1897 14.8434 1
      vertex 11.2 15 3
      vertex 11.2 15 1
    endloop
  endfacet
  facet normal -0.997844 0.0656309 0
    outer loop
      vertex 11.2 15 3
      vertex 11.1897 14.8434 1
      vertex 11.1897 14.8434 3
    endloop
  endfacet
  facet normal 0.997856 0.0654405 0
    outer loop
      vertex 8.81027 14.8434 3
      vertex 8.8 15 1
      vertex 8.8 15 3
    endloop
  endfacet
  facet normal 0.997856 0.0654405 0
    outer loop
      vertex 8.8 15 1
      vertex 8.81027 14.8434 3
      vertex 8.81027 14.8434 1
    endloop
  endfacet
  facet normal -0.0656309 0.997844 0
    outer loop
      vertex 10.1566 13.8103 1
      vertex 10 13.8 3
      vertex 10.1566 13.8103 3
    endloop
  endfacet
  facet normal -0.0656309 0.997844 0
    outer loop
      vertex 10 13.8 3
      vertex 10.1566 13.8103 1
      vertex 10 13.8 1
    endloop
  endfacet
  facet normal -0.751787 0.659406 0
    outer loop
      vertex 10.8485 14.1515 1
      vertex 10.952 14.2695 3
      vertex 10.952 14.2695 1
    endloop
  endfacet
  facet normal -0.751787 0.659406 0
    outer loop
      vertex 10.952 14.2695 3
      vertex 10.8485 14.1515 1
      vertex 10.8485 14.1515 3
    endloop
  endfacet
  facet normal 0.659343 0.751842 -0
    outer loop
      vertex 9.26949 14.048 1
      vertex 9.15147 14.1515 3
      vertex 9.26949 14.048 3
    endloop
  endfacet
  facet normal 0.659343 0.751842 0
    outer loop
      vertex 9.15147 14.1515 3
      vertex 9.26949 14.048 1
      vertex 9.15147 14.1515 1
    endloop
  endfacet
  facet normal 0.321117 0.94704 -0
    outer loop
      vertex 9.68942 13.8409 1
      vertex 9.54078 13.8913 3
      vertex 9.68942 13.8409 3
    endloop
  endfacet
  facet normal 0.321117 0.94704 0
    outer loop
      vertex 9.54078 13.8913 3
      vertex 9.68942 13.8409 1
      vertex 9.54078 13.8913 1
    endloop
  endfacet
  facet normal 0.980801 -0.195014 0
    outer loop
      vertex 8.81027 15.1566 3
      vertex 8.84089 15.3106 1
      vertex 8.84089 15.3106 3
    endloop
  endfacet
  facet normal 0.980801 -0.195014 0
    outer loop
      vertex 8.84089 15.3106 1
      vertex 8.81027 15.1566 3
      vertex 8.81027 15.1566 1
    endloop
  endfacet
  facet normal -0.896708 0.442622 0
    outer loop
      vertex 11.0392 14.4 1
      vertex 11.1087 14.5408 3
      vertex 11.1087 14.5408 1
    endloop
  endfacet
  facet normal -0.896708 0.442622 0
    outer loop
      vertex 11.1087 14.5408 3
      vertex 11.0392 14.4 1
      vertex 11.0392 14.4 3
    endloop
  endfacet
  facet normal -0.831462 0.555582 0
    outer loop
      vertex 10.952 14.2695 1
      vertex 11.0392 14.4 3
      vertex 11.0392 14.4 1
    endloop
  endfacet
  facet normal -0.831462 0.555582 0
    outer loop
      vertex 11.0392 14.4 3
      vertex 10.952 14.2695 1
      vertex 10.952 14.2695 3
    endloop
  endfacet
  facet normal -0.442622 0.896708 0
    outer loop
      vertex 10.6 13.9608 1
      vertex 10.4592 13.8913 3
      vertex 10.6 13.9608 3
    endloop
  endfacet
  facet normal -0.442622 0.896708 0
    outer loop
      vertex 10.4592 13.8913 3
      vertex 10.6 13.9608 1
      vertex 10.4592 13.8913 1
    endloop
  endfacet
  facet normal -0.555582 0.831462 0
    outer loop
      vertex 10.7305 14.048 1
      vertex 10.6 13.9608 3
      vertex 10.7305 14.048 3
    endloop
  endfacet
  facet normal -0.555582 0.831462 0
    outer loop
      vertex 10.6 13.9608 3
      vertex 10.7305 14.048 1
      vertex 10.6 13.9608 1
    endloop
  endfacet
  facet normal 0.89691 0.442212 0
    outer loop
      vertex 8.96077 14.4 3
      vertex 8.89135 14.5408 1
      vertex 8.89135 14.5408 3
    endloop
  endfacet
  facet normal 0.89691 0.442212 0
    outer loop
      vertex 8.89135 14.5408 1
      vertex 8.96077 14.4 3
      vertex 8.96077 14.4 1
    endloop
  endfacet
  facet normal 0.831432 0.555626 0
    outer loop
      vertex 9.04798 14.2695 3
      vertex 8.96077 14.4 1
      vertex 8.96077 14.4 3
    endloop
  endfacet
  facet normal 0.831432 0.555626 0
    outer loop
      vertex 8.96077 14.4 1
      vertex 9.04798 14.2695 3
      vertex 9.04798 14.2695 1
    endloop
  endfacet
  facet normal 0.442673 0.896683 -0
    outer loop
      vertex 9.54078 13.8913 1
      vertex 9.4 13.9608 3
      vertex 9.54078 13.8913 3
    endloop
  endfacet
  facet normal 0.442673 0.896683 0
    outer loop
      vertex 9.4 13.9608 3
      vertex 9.54078 13.8913 1
      vertex 9.4 13.9608 1
    endloop
  endfacet
  facet normal 0.0656183 0.997845 -0
    outer loop
      vertex 10 13.8 1
      vertex 9.84337 13.8103 3
      vertex 10 13.8 3
    endloop
  endfacet
  facet normal 0.0656183 0.997845 0
    outer loop
      vertex 9.84337 13.8103 3
      vertex 10 13.8 1
      vertex 9.84337 13.8103 1
    endloop
  endfacet
  facet normal -0.194891 -0.980825 0
    outer loop
      vertex 10.1566 16.1897 1
      vertex 10.3106 16.1591 3
      vertex 10.1566 16.1897 3
    endloop
  endfacet
  facet normal -0.194891 -0.980825 -0
    outer loop
      vertex 10.3106 16.1591 3
      vertex 10.1566 16.1897 1
      vertex 10.3106 16.1591 1
    endloop
  endfacet
  facet normal -0.0656309 -0.997844 0
    outer loop
      vertex 10 16.2 1
      vertex 10.1566 16.1897 3
      vertex 10 16.2 3
    endloop
  endfacet
  facet normal -0.0656309 -0.997844 -0
    outer loop
      vertex 10.1566 16.1897 3
      vertex 10 16.2 1
      vertex 10.1566 16.1897 1
    endloop
  endfacet
  facet normal -0.659406 -0.751787 0
    outer loop
      vertex 10.7305 15.952 1
      vertex 10.8485 15.8485 3
      vertex 10.7305 15.952 3
    endloop
  endfacet
  facet normal -0.659406 -0.751787 -0
    outer loop
      vertex 10.8485 15.8485 3
      vertex 10.7305 15.952 1
      vertex 10.8485 15.8485 1
    endloop
  endfacet
  facet normal -0.442622 -0.896708 0
    outer loop
      vertex 10.4592 16.1087 1
      vertex 10.6 16.0392 3
      vertex 10.4592 16.1087 3
    endloop
  endfacet
  facet normal -0.442622 -0.896708 -0
    outer loop
      vertex 10.6 16.0392 3
      vertex 10.4592 16.1087 1
      vertex 10.6 16.0392 1
    endloop
  endfacet
  facet normal -0.947013 -0.321194 0
    outer loop
      vertex 11.1591 15.3106 1
      vertex 11.1087 15.4592 3
      vertex 11.1087 15.4592 1
    endloop
  endfacet
  facet normal -0.947013 -0.321194 0
    outer loop
      vertex 11.1087 15.4592 3
      vertex 11.1591 15.3106 1
      vertex 11.1591 15.3106 3
    endloop
  endfacet
  facet normal 0.442673 -0.896683 0
    outer loop
      vertex 9.4 16.0392 1
      vertex 9.54078 16.1087 3
      vertex 9.4 16.0392 3
    endloop
  endfacet
  facet normal 0.442673 -0.896683 0
    outer loop
      vertex 9.54078 16.1087 3
      vertex 9.4 16.0392 1
      vertex 9.54078 16.1087 1
    endloop
  endfacet
  facet normal 0.321117 -0.94704 0
    outer loop
      vertex 9.54078 16.1087 1
      vertex 9.68942 16.1591 3
      vertex 9.54078 16.1087 3
    endloop
  endfacet
  facet normal 0.321117 -0.94704 0
    outer loop
      vertex 9.68942 16.1591 3
      vertex 9.54078 16.1087 1
      vertex 9.68942 16.1591 1
    endloop
  endfacet
  facet normal 0.89691 -0.442212 0
    outer loop
      vertex 8.89135 15.4592 3
      vertex 8.96077 15.6 1
      vertex 8.96077 15.6 3
    endloop
  endfacet
  facet normal 0.89691 -0.442212 0
    outer loop
      vertex 8.96077 15.6 1
      vertex 8.89135 15.4592 3
      vertex 8.89135 15.4592 1
    endloop
  endfacet
  facet normal 0.831432 -0.555626 0
    outer loop
      vertex 8.96077 15.6 3
      vertex 9.04798 15.7305 1
      vertex 9.04798 15.7305 3
    endloop
  endfacet
  facet normal 0.831432 -0.555626 0
    outer loop
      vertex 9.04798 15.7305 1
      vertex 8.96077 15.6 3
      vertex 8.96077 15.6 1
    endloop
  endfacet
  facet normal 0.997856 -0.0654405 0
    outer loop
      vertex 8.8 15 3
      vertex 8.81027 15.1566 1
      vertex 8.81027 15.1566 3
    endloop
  endfacet
  facet normal 0.997856 -0.0654405 0
    outer loop
      vertex 8.81027 15.1566 1
      vertex 8.8 15 3
      vertex 8.8 15 1
    endloop
  endfacet
  facet normal -0.947013 0.321194 0
    outer loop
      vertex 11.1087 14.5408 1
      vertex 11.1591 14.6894 3
      vertex 11.1591 14.6894 1
    endloop
  endfacet
  facet normal -0.947013 0.321194 0
    outer loop
      vertex 11.1591 14.6894 3
      vertex 11.1087 14.5408 1
      vertex 11.1087 14.5408 3
    endloop
  endfacet
  facet normal -0.980825 0.194891 0
    outer loop
      vertex 11.1591 14.6894 1
      vertex 11.1897 14.8434 3
      vertex 11.1897 14.8434 1
    endloop
  endfacet
  facet normal -0.980825 0.194891 0
    outer loop
      vertex 11.1897 14.8434 3
      vertex 11.1591 14.6894 1
      vertex 11.1591 14.6894 3
    endloop
  endfacet
  facet normal -0.321194 0.947013 0
    outer loop
      vertex 10.4592 13.8913 1
      vertex 10.3106 13.8409 3
      vertex 10.4592 13.8913 3
    endloop
  endfacet
  facet normal -0.321194 0.947013 0
    outer loop
      vertex 10.3106 13.8409 3
      vertex 10.4592 13.8913 1
      vertex 10.3106 13.8409 1
    endloop
  endfacet
  facet normal -0.194891 0.980825 0
    outer loop
      vertex 10.3106 13.8409 1
      vertex 10.1566 13.8103 3
      vertex 10.3106 13.8409 3
    endloop
  endfacet
  facet normal -0.194891 0.980825 0
    outer loop
      vertex 10.1566 13.8103 3
      vertex 10.3106 13.8409 1
      vertex 10.1566 13.8103 1
    endloop
  endfacet
  facet normal -0.659406 0.751787 0
    outer loop
      vertex 10.8485 14.1515 1
      vertex 10.7305 14.048 3
      vertex 10.8485 14.1515 3
    endloop
  endfacet
  facet normal -0.659406 0.751787 0
    outer loop
      vertex 10.7305 14.048 3
      vertex 10.8485 14.1515 1
      vertex 10.7305 14.048 1
    endloop
  endfacet
  facet normal 0.751818 0.65937 0
    outer loop
      vertex 9.15147 14.1515 3
      vertex 9.04798 14.2695 1
      vertex 9.04798 14.2695 3
    endloop
  endfacet
  facet normal 0.751818 0.65937 0
    outer loop
      vertex 9.04798 14.2695 1
      vertex 9.15147 14.1515 3
      vertex 9.15147 14.1515 1
    endloop
  endfacet
  facet normal 0.946897 0.321537 0
    outer loop
      vertex 8.89135 14.5408 3
      vertex 8.84089 14.6894 1
      vertex 8.84089 14.6894 3
    endloop
  endfacet
  facet normal 0.946897 0.321537 0
    outer loop
      vertex 8.84089 14.6894 1
      vertex 8.89135 14.5408 3
      vertex 8.89135 14.5408 1
    endloop
  endfacet
  facet normal 0.980801 0.195014 0
    outer loop
      vertex 8.84089 14.6894 3
      vertex 8.81027 14.8434 1
      vertex 8.81027 14.8434 3
    endloop
  endfacet
  facet normal 0.980801 0.195014 0
    outer loop
      vertex 8.81027 14.8434 1
      vertex 8.84089 14.6894 3
      vertex 8.84089 14.6894 1
    endloop
  endfacet
  facet normal 0.555553 0.831481 -0
    outer loop
      vertex 9.4 13.9608 1
      vertex 9.26949 14.048 3
      vertex 9.4 13.9608 3
    endloop
  endfacet
  facet normal 0.555553 0.831481 0
    outer loop
      vertex 9.26949 14.048 3
      vertex 9.4 13.9608 1
      vertex 9.26949 14.048 1
    endloop
  endfacet
  facet normal 0.194952 0.980813 -0
    outer loop
      vertex 9.84337 13.8103 1
      vertex 9.68942 13.8409 3
      vertex 9.84337 13.8103 3
    endloop
  endfacet
  facet normal 0.194952 0.980813 0
    outer loop
      vertex 9.68942 13.8409 3
      vertex 9.84337 13.8103 1
      vertex 9.68942 13.8409 1
    endloop
  endfacet
  facet normal -0.555582 -0.831462 0
    outer loop
      vertex 10.6 16.0392 1
      vertex 10.7305 15.952 3
      vertex 10.6 16.0392 3
    endloop
  endfacet
  facet normal -0.555582 -0.831462 -0
    outer loop
      vertex 10.7305 15.952 3
      vertex 10.6 16.0392 1
      vertex 10.7305 15.952 1
    endloop
  endfacet
  facet normal -0.896708 -0.442622 0
    outer loop
      vertex 11.1087 15.4592 1
      vertex 11.0392 15.6 3
      vertex 11.0392 15.6 1
    endloop
  endfacet
  facet normal -0.896708 -0.442622 0
    outer loop
      vertex 11.0392 15.6 3
      vertex 11.1087 15.4592 1
      vertex 11.1087 15.4592 3
    endloop
  endfacet
  facet normal -0.751787 -0.659406 0
    outer loop
      vertex 10.952 15.7305 1
      vertex 10.8485 15.8485 3
      vertex 10.8485 15.8485 1
    endloop
  endfacet
  facet normal -0.751787 -0.659406 0
    outer loop
      vertex 10.8485 15.8485 3
      vertex 10.952 15.7305 1
      vertex 10.952 15.7305 3
    endloop
  endfacet
  facet normal -0.831462 -0.555582 0
    outer loop
      vertex 11.0392 15.6 1
      vertex 10.952 15.7305 3
      vertex 10.952 15.7305 1
    endloop
  endfacet
  facet normal -0.831462 -0.555582 0
    outer loop
      vertex 10.952 15.7305 3
      vertex 11.0392 15.6 1
      vertex 11.0392 15.6 3
    endloop
  endfacet
  facet normal 0.659343 -0.751842 0
    outer loop
      vertex 9.15147 15.8485 1
      vertex 9.26949 15.952 3
      vertex 9.15147 15.8485 3
    endloop
  endfacet
  facet normal 0.659343 -0.751842 0
    outer loop
      vertex 9.26949 15.952 3
      vertex 9.15147 15.8485 1
      vertex 9.26949 15.952 1
    endloop
  endfacet
  facet normal 0.555553 -0.831481 0
    outer loop
      vertex 9.26949 15.952 1
      vertex 9.4 16.0392 3
      vertex 9.26949 15.952 3
    endloop
  endfacet
  facet normal 0.555553 -0.831481 0
    outer loop
      vertex 9.4 16.0392 3
      vertex 9.26949 15.952 1
      vertex 9.4 16.0392 1
    endloop
  endfacet
  facet normal 0.0656183 -0.997845 0
    outer loop
      vertex 9.84337 16.1897 1
      vertex 10 16.2 3
      vertex 9.84337 16.1897 3
    endloop
  endfacet
  facet normal 0.0656183 -0.997845 0
    outer loop
      vertex 10 16.2 3
      vertex 9.84337 16.1897 1
      vertex 10 16.2 1
    endloop
  endfacet
  facet normal 0.751818 -0.65937 0
    outer loop
      vertex 9.04798 15.7305 3
      vertex 9.15147 15.8485 1
      vertex 9.15147 15.8485 3
    endloop
  endfacet
  facet normal 0.751818 -0.65937 0
    outer loop
      vertex 9.15147 15.8485 1
      vertex 9.04798 15.7305 3
      vertex 9.04798 15.7305 1
    endloop
  endfacet
  facet normal -0.321194 -0.947013 0
    outer loop
      vertex 10.3106 16.1591 1
      vertex 10.4592 16.1087 3
      vertex 10.3106 16.1591 3
    endloop
  endfacet
  facet normal -0.321194 -0.947013 -0
    outer loop
      vertex 10.4592 16.1087 3
      vertex 10.3106 16.1591 1
      vertex 10.4592 16.1087 1
    endloop
  endfacet
  facet normal -0.980825 -0.194891 0
    outer loop
      vertex 11.1897 15.1566 1
      vertex 11.1591 15.3106 3
      vertex 11.1591 15.3106 1
    endloop
  endfacet
  facet normal -0.980825 -0.194891 0
    outer loop
      vertex 11.1591 15.3106 3
      vertex 11.1897 15.1566 1
      vertex 11.1897 15.1566 3
    endloop
  endfacet
  facet normal -0.997844 -0.0656309 0
    outer loop
      vertex 11.2 15 1
      vertex 11.1897 15.1566 3
      vertex 11.1897 15.1566 1
    endloop
  endfacet
  facet normal -0.997844 -0.0656309 0
    outer loop
      vertex 11.1897 15.1566 3
      vertex 11.2 15 1
      vertex 11.2 15 3
    endloop
  endfacet
  facet normal 0.194952 -0.980813 0
    outer loop
      vertex 9.68942 16.1591 1
      vertex 9.84337 16.1897 3
      vertex 9.68942 16.1591 3
    endloop
  endfacet
  facet normal 0.194952 -0.980813 0
    outer loop
      vertex 9.84337 16.1897 3
      vertex 9.68942 16.1591 1
      vertex 9.84337 16.1897 1
    endloop
  endfacet
  facet normal 0.946897 -0.321537 0
    outer loop
      vertex 8.84089 15.3106 3
      vertex 8.89135 15.4592 1
      vertex 8.89135 15.4592 3
    endloop
  endfacet
  facet normal 0.946897 -0.321537 0
    outer loop
      vertex 8.89135 15.4592 1
      vertex 8.84089 15.3106 3
      vertex 8.84089 15.3106 1
    endloop
  endfacet
  facet normal -0.709916 0.0443697 -0.702888
    outer loop
      vertex 12.19 14.9984 0
      vertex 11.2 15 1
      vertex 12.1901 15 0
    endloop
  endfacet
  facet normal -0.709839 0.046688 -0.702815
    outer loop
      vertex 11.2 15 1
      vertex 12.19 14.9984 0
      vertex 11.1897 14.8434 1
    endloop
  endfacet
  facet normal 0.709843 -0.0465523 -0.702819
    outer loop
      vertex 8.8 15 1
      vertex 7.81 15.0016 0
      vertex 8.81027 15.1566 1
    endloop
  endfacet
  facet normal 0.709916 -0.0443697 -0.702888
    outer loop
      vertex 7.81 15.0016 0
      vertex 8.8 15 1
      vertex 7.8099 15 0
    endloop
  endfacet
  facet normal -0.709828 -0.0464397 -0.702843
    outer loop
      vertex 12.1714 15.2859 0
      vertex 12.19 15.0016 0
      vertex 11.1897 15.1566 1
    endloop
  endfacet
  facet normal -0.534772 -0.469058 -0.702854
    outer loop
      vertex 10.8485 15.8485 1
      vertex 11.5497 16.5475 0
      vertex 10.952 15.7305 1
    endloop
  endfacet
  facet normal -0.502483 -0.502483 -0.703577
    outer loop
      vertex 11.5497 16.5475 0
      vertex 10.8485 15.8485 1
      vertex 11.5486 16.5486 0
    endloop
  endfacet
  facet normal 0.0457981 0.70987 -0.702842
    outer loop
      vertex 9.99845 12.81 0
      vertex 10 13.8 1
      vertex 10 12.8099 0
    endloop
  endfacet
  facet normal 0.0466791 0.70984 -0.702814
    outer loop
      vertex 10 13.8 1
      vertex 9.99845 12.81 0
      vertex 9.84337 13.8103 1
    endloop
  endfacet
  facet normal -0.0443697 -0.709916 -0.702888
    outer loop
      vertex 10.0016 17.19 0
      vertex 10 16.2 1
      vertex 10 17.1901 0
    endloop
  endfacet
  facet normal -0.046688 -0.709839 -0.702815
    outer loop
      vertex 10 16.2 1
      vertex 10.0016 17.19 0
      vertex 10.1566 16.1897 1
    endloop
  endfacet
  facet normal 0.637993 -0.314676 -0.702812
    outer loop
      vertex 8.10332 16.095 0
      vertex 8.96077 15.6 1
      vertex 7.9773 15.8395 0
    endloop
  endfacet
  facet normal 0.468942 -0.534913 -0.702824
    outer loop
      vertex 8.66675 16.7375 0
      vertex 9.26949 15.952 1
      vertex 8.45253 16.5497 0
    endloop
  endfacet
  facet normal 0.709843 0.0465405 -0.702821
    outer loop
      vertex 8.81027 14.8434 1
      vertex 7.82864 14.7141 0
      vertex 7.81 14.9984 0
    endloop
  endfacet
  facet normal 0.518855 0.485837 -0.703385
    outer loop
      vertex 8.45034 13.4525 0
      vertex 9.15147 14.1515 1
      vertex 8.45137 13.4514 0
    endloop
  endfacet
  facet normal 0.534809 0.469046 -0.702834
    outer loop
      vertex 9.15147 14.1515 1
      vertex 8.45034 13.4525 0
      vertex 9.04798 14.2695 1
    endloop
  endfacet
  facet normal -0.502483 0.502483 -0.703577
    outer loop
      vertex 10.8485 14.1515 1
      vertex 11.5497 13.4525 0
      vertex 11.5486 13.4514 0
    endloop
  endfacet
  facet normal -0.534772 0.469058 -0.702854
    outer loop
      vertex 11.5497 13.4525 0
      vertex 10.8485 14.1515 1
      vertex 10.952 14.2695 1
    endloop
  endfacet
  facet normal -0.697662 0.138833 -0.702846
    outer loop
      vertex 12.1714 14.7141 0
      vertex 12.1158 14.4347 0
      vertex 11.1897 14.8434 1
    endloop
  endfacet
  facet normal -0.673614 -0.228699 -0.702809
    outer loop
      vertex 12.0234 15.8381 0
      vertex 12.115 15.5683 0
      vertex 11.1087 15.4592 1
    endloop
  endfacet
  facet normal -0.637999 -0.31463 -0.702826
    outer loop
      vertex 11.8967 16.095 0
      vertex 12.0227 15.8395 0
      vertex 11.0392 15.6 1
    endloop
  endfacet
  facet normal -0.585231 -0.40516 -0.702389
    outer loop
      vertex 11.0392 15.6 1
      vertex 11.8958 16.0963 0
      vertex 11.8967 16.095 0
    endloop
  endfacet
  facet normal -0.591481 -0.395227 -0.702813
    outer loop
      vertex 11.8958 16.0963 0
      vertex 11.0392 15.6 1
      vertex 10.952 15.7305 1
    endloop
  endfacet
  facet normal 0.2287 -0.673615 -0.702808
    outer loop
      vertex 9.43169 17.115 0
      vertex 9.54078 16.1087 1
      vertex 9.16189 17.0234 0
    endloop
  endfacet
  facet normal 0.63803 -0.314574 -0.702824
    outer loop
      vertex 8.89135 15.4592 1
      vertex 7.9773 15.8395 0
      vertex 8.96077 15.6 1
    endloop
  endfacet
  facet normal 0.638073 -0.314479 -0.702827
    outer loop
      vertex 7.9773 15.8395 0
      vertex 8.89135 15.4592 1
      vertex 7.97661 15.8381 0
    endloop
  endfacet
  facet normal 0.673618 0.228651 -0.702821
    outer loop
      vertex 8.89135 14.5408 1
      vertex 7.97661 14.1619 0
      vertex 7.88503 14.4317 0
    endloop
  endfacet
  facet normal -0.0464397 0.709828 -0.702843
    outer loop
      vertex 10.1566 13.8103 1
      vertex 10.2859 12.8286 0
      vertex 10.0016 12.81 0
    endloop
  endfacet
  facet normal -0.138833 0.697662 -0.702846
    outer loop
      vertex 10.5653 12.8842 0
      vertex 10.2859 12.8286 0
      vertex 10.1566 13.8103 1
    endloop
  endfacet
  facet normal -0.502483 0.502483 -0.703577
    outer loop
      vertex 11.5475 13.4503 0
      vertex 10.8485 14.1515 1
      vertex 11.5486 13.4514 0
    endloop
  endfacet
  facet normal -0.469058 0.534772 -0.702854
    outer loop
      vertex 10.8485 14.1515 1
      vertex 11.5475 13.4503 0
      vertex 10.7305 14.048 1
    endloop
  endfacet
  facet normal -0.636395 0.318197 -0.702675
    outer loop
      vertex 12.0227 14.1605 0
      vertex 11.1087 14.5408 1
      vertex 12.0234 14.1619 0
    endloop
  endfacet
  facet normal -0.63791 0.314877 -0.702797
    outer loop
      vertex 11.1087 14.5408 1
      vertex 12.0227 14.1605 0
      vertex 11.0392 14.4 1
    endloop
  endfacet
  facet normal -0.673614 0.228699 -0.702809
    outer loop
      vertex 12.115 14.4317 0
      vertex 12.0234 14.1619 0
      vertex 11.1087 14.5408 1
    endloop
  endfacet
  facet normal -0.709828 0.0464397 -0.702843
    outer loop
      vertex 12.19 14.9984 0
      vertex 12.1714 14.7141 0
      vertex 11.1897 14.8434 1
    endloop
  endfacet
  facet normal -0.697662 -0.138833 -0.702846
    outer loop
      vertex 12.1158 15.5653 0
      vertex 12.1714 15.2859 0
      vertex 11.1897 15.1566 1
    endloop
  endfacet
  facet normal -0.674743 -0.224914 -0.702947
    outer loop
      vertex 11.1591 15.3106 1
      vertex 12.115 15.5683 0
      vertex 12.1155 15.5668 0
    endloop
  endfacet
  facet normal -0.673662 -0.228483 -0.702834
    outer loop
      vertex 12.115 15.5683 0
      vertex 11.1591 15.3106 1
      vertex 11.1087 15.4592 1
    endloop
  endfacet
  facet normal -0.709916 -0.0443697 -0.702888
    outer loop
      vertex 11.2 15 1
      vertex 12.19 15.0016 0
      vertex 12.1901 15 0
    endloop
  endfacet
  facet normal -0.709839 -0.046688 -0.702815
    outer loop
      vertex 12.19 15.0016 0
      vertex 11.2 15 1
      vertex 11.1897 15.1566 1
    endloop
  endfacet
  facet normal -0.636395 -0.318197 -0.702675
    outer loop
      vertex 11.1087 15.4592 1
      vertex 12.0227 15.8395 0
      vertex 12.0234 15.8381 0
    endloop
  endfacet
  facet normal -0.63791 -0.314877 -0.702797
    outer loop
      vertex 12.0227 15.8395 0
      vertex 11.1087 15.4592 1
      vertex 11.0392 15.6 1
    endloop
  endfacet
  facet normal -0.228699 -0.673614 -0.702809
    outer loop
      vertex 10.5683 17.115 0
      vertex 10.8381 17.0234 0
      vertex 10.4592 16.1087 1
    endloop
  endfacet
  facet normal -0.468846 -0.535004 -0.702819
    outer loop
      vertex 11.3332 16.7375 0
      vertex 11.5475 16.5497 0
      vertex 10.7305 15.952 1
    endloop
  endfacet
  facet normal 0.395201 -0.591487 -0.702822
    outer loop
      vertex 8.90366 16.8958 0
      vertex 9.4 16.0392 1
      vertex 9.26949 15.952 1
    endloop
  endfacet
  facet normal 0.40733 -0.58384 -0.702291
    outer loop
      vertex 9.4 16.0392 1
      vertex 8.90366 16.8958 0
      vertex 8.90495 16.8967 0
    endloop
  endfacet
  facet normal 0.469024 -0.534823 -0.702838
    outer loop
      vertex 9.15147 15.8485 1
      vertex 8.45253 16.5497 0
      vertex 9.26949 15.952 1
    endloop
  endfacet
  facet normal 0.489056 -0.515732 -0.703452
    outer loop
      vertex 8.45253 16.5497 0
      vertex 9.15147 15.8485 1
      vertex 8.45137 16.5486 0
    endloop
  endfacet
  facet normal 0.534932 -0.468933 -0.702815
    outer loop
      vertex 8.45034 16.5475 0
      vertex 9.04798 15.7305 1
      vertex 8.26248 16.3332 0
    endloop
  endfacet
  facet normal 0.673618 -0.228651 -0.702821
    outer loop
      vertex 7.97661 15.8381 0
      vertex 8.89135 15.4592 1
      vertex 7.88503 15.5683 0
    endloop
  endfacet
  facet normal 0.6736 -0.228734 -0.702812
    outer loop
      vertex 8.84089 15.3106 1
      vertex 7.88503 15.5683 0
      vertex 8.89135 15.4592 1
    endloop
  endfacet
  facet normal 0.674756 -0.224919 -0.702934
    outer loop
      vertex 7.88503 15.5683 0
      vertex 8.84089 15.3106 1
      vertex 7.88453 15.5668 0
    endloop
  endfacet
  facet normal 0.697694 0.13879 -0.702823
    outer loop
      vertex 8.81027 14.8434 1
      vertex 7.88422 14.4347 0
      vertex 7.82864 14.7141 0
    endloop
  endfacet
  facet normal 0.696494 0.143942 -0.702977
    outer loop
      vertex 7.88422 14.4347 0
      vertex 8.84089 14.6894 1
      vertex 7.88453 14.4332 0
    endloop
  endfacet
  facet normal 0.697714 0.138727 -0.702816
    outer loop
      vertex 8.84089 14.6894 1
      vertex 7.88422 14.4347 0
      vertex 8.81027 14.8434 1
    endloop
  endfacet
  facet normal 0.2287 0.673615 -0.702808
    outer loop
      vertex 9.54078 13.8913 1
      vertex 9.43169 12.885 0
      vertex 9.16189 12.9766 0
    endloop
  endfacet
  facet normal 0.468942 0.534913 -0.702824
    outer loop
      vertex 9.26949 14.048 1
      vertex 8.66675 13.2625 0
      vertex 8.45253 13.4503 0
    endloop
  endfacet
  facet normal 0.709916 0.0443697 -0.702888
    outer loop
      vertex 8.8 15 1
      vertex 7.81 14.9984 0
      vertex 7.8099 15 0
    endloop
  endfacet
  facet normal 0.709843 0.0465523 -0.702819
    outer loop
      vertex 7.81 14.9984 0
      vertex 8.8 15 1
      vertex 8.81027 14.8434 1
    endloop
  endfacet
  facet normal 0.63803 0.314574 -0.702824
    outer loop
      vertex 7.9773 14.1605 0
      vertex 8.89135 14.5408 1
      vertex 8.96077 14.4 1
    endloop
  endfacet
  facet normal 0.638073 0.314479 -0.702827
    outer loop
      vertex 8.89135 14.5408 1
      vertex 7.9773 14.1605 0
      vertex 7.97661 14.1619 0
    endloop
  endfacet
  facet normal 0.637993 0.314676 -0.702812
    outer loop
      vertex 8.96077 14.4 1
      vertex 8.10332 13.905 0
      vertex 7.9773 14.1605 0
    endloop
  endfacet
  facet normal 0.591463 0.39526 -0.702809
    outer loop
      vertex 8.10418 13.9037 0
      vertex 8.96077 14.4 1
      vertex 9.04798 14.2695 1
    endloop
  endfacet
  facet normal 0.593219 0.392437 -0.702912
    outer loop
      vertex 8.96077 14.4 1
      vertex 8.10418 13.9037 0
      vertex 8.10332 13.905 0
    endloop
  endfacet
  facet normal -0.224914 0.674743 -0.702947
    outer loop
      vertex 10.3106 13.8409 1
      vertex 10.5683 12.885 0
      vertex 10.5668 12.8845 0
    endloop
  endfacet
  facet normal -0.228483 0.673662 -0.702834
    outer loop
      vertex 10.5683 12.885 0
      vertex 10.3106 13.8409 1
      vertex 10.4592 13.8913 1
    endloop
  endfacet
  facet normal -0.139505 0.697523 -0.702852
    outer loop
      vertex 10.5653 12.8842 0
      vertex 10.3106 13.8409 1
      vertex 10.5668 12.8845 0
    endloop
  endfacet
  facet normal -0.138639 0.697724 -0.702824
    outer loop
      vertex 10.3106 13.8409 1
      vertex 10.5653 12.8842 0
      vertex 10.1566 13.8103 1
    endloop
  endfacet
  facet normal -0.228699 0.673614 -0.702809
    outer loop
      vertex 10.8381 12.9766 0
      vertex 10.5683 12.885 0
      vertex 10.4592 13.8913 1
    endloop
  endfacet
  facet normal -0.31463 0.637999 -0.702826
    outer loop
      vertex 11.095 13.1033 0
      vertex 10.8395 12.9773 0
      vertex 10.6 13.9608 1
    endloop
  endfacet
  facet normal -0.591477 0.395234 -0.702812
    outer loop
      vertex 11.8958 13.9037 0
      vertex 11.7375 13.6668 0
      vertex 10.952 14.2695 1
    endloop
  endfacet
  facet normal -0.535004 0.468846 -0.702819
    outer loop
      vertex 11.7375 13.6668 0
      vertex 11.5497 13.4525 0
      vertex 10.952 14.2695 1
    endloop
  endfacet
  facet normal -0.585231 0.40516 -0.702389
    outer loop
      vertex 11.8958 13.9037 0
      vertex 11.0392 14.4 1
      vertex 11.8967 13.905 0
    endloop
  endfacet
  facet normal -0.591481 0.395227 -0.702813
    outer loop
      vertex 11.0392 14.4 1
      vertex 11.8958 13.9037 0
      vertex 10.952 14.2695 1
    endloop
  endfacet
  facet normal -0.637999 0.31463 -0.702826
    outer loop
      vertex 12.0227 14.1605 0
      vertex 11.8967 13.905 0
      vertex 11.0392 14.4 1
    endloop
  endfacet
  facet normal -0.674743 0.224914 -0.702947
    outer loop
      vertex 12.115 14.4317 0
      vertex 11.1591 14.6894 1
      vertex 12.1155 14.4332 0
    endloop
  endfacet
  facet normal -0.673662 0.228483 -0.702834
    outer loop
      vertex 11.1591 14.6894 1
      vertex 12.115 14.4317 0
      vertex 11.1087 14.5408 1
    endloop
  endfacet
  facet normal -0.697523 0.139505 -0.702852
    outer loop
      vertex 11.1591 14.6894 1
      vertex 12.1158 14.4347 0
      vertex 12.1155 14.4332 0
    endloop
  endfacet
  facet normal -0.697724 0.138639 -0.702824
    outer loop
      vertex 12.1158 14.4347 0
      vertex 11.1591 14.6894 1
      vertex 11.1897 14.8434 1
    endloop
  endfacet
  facet normal -0.697724 -0.138639 -0.702824
    outer loop
      vertex 11.1591 15.3106 1
      vertex 12.1158 15.5653 0
      vertex 11.1897 15.1566 1
    endloop
  endfacet
  facet normal -0.697523 -0.139505 -0.702852
    outer loop
      vertex 12.1158 15.5653 0
      vertex 11.1591 15.3106 1
      vertex 12.1155 15.5668 0
    endloop
  endfacet
  facet normal -0.591477 -0.395234 -0.702812
    outer loop
      vertex 11.7375 16.3332 0
      vertex 11.8958 16.0963 0
      vertex 10.952 15.7305 1
    endloop
  endfacet
  facet normal -0.535004 -0.468846 -0.702819
    outer loop
      vertex 11.5497 16.5475 0
      vertex 11.7375 16.3332 0
      vertex 10.952 15.7305 1
    endloop
  endfacet
  facet normal -0.228483 -0.673662 -0.702834
    outer loop
      vertex 10.3106 16.1591 1
      vertex 10.5683 17.115 0
      vertex 10.4592 16.1087 1
    endloop
  endfacet
  facet normal -0.224914 -0.674743 -0.702947
    outer loop
      vertex 10.5683 17.115 0
      vertex 10.3106 16.1591 1
      vertex 10.5668 17.1155 0
    endloop
  endfacet
  facet normal -0.139505 -0.697523 -0.702852
    outer loop
      vertex 10.3106 16.1591 1
      vertex 10.5653 17.1158 0
      vertex 10.5668 17.1155 0
    endloop
  endfacet
  facet normal -0.138639 -0.697724 -0.702824
    outer loop
      vertex 10.5653 17.1158 0
      vertex 10.3106 16.1591 1
      vertex 10.1566 16.1897 1
    endloop
  endfacet
  facet normal -0.31463 -0.637999 -0.702826
    outer loop
      vertex 10.8395 17.0227 0
      vertex 11.095 16.8967 0
      vertex 10.6 16.0392 1
    endloop
  endfacet
  facet normal -0.314877 -0.63791 -0.702797
    outer loop
      vertex 10.4592 16.1087 1
      vertex 10.8395 17.0227 0
      vertex 10.6 16.0392 1
    endloop
  endfacet
  facet normal -0.318197 -0.636395 -0.702675
    outer loop
      vertex 10.8395 17.0227 0
      vertex 10.4592 16.1087 1
      vertex 10.8381 17.0234 0
    endloop
  endfacet
  facet normal -0.395234 -0.591477 -0.702812
    outer loop
      vertex 11.0963 16.8958 0
      vertex 11.3332 16.7375 0
      vertex 10.7305 15.952 1
    endloop
  endfacet
  facet normal -0.395227 -0.591481 -0.702813
    outer loop
      vertex 10.6 16.0392 1
      vertex 11.0963 16.8958 0
      vertex 10.7305 15.952 1
    endloop
  endfacet
  facet normal -0.40516 -0.585231 -0.702389
    outer loop
      vertex 11.0963 16.8958 0
      vertex 10.6 16.0392 1
      vertex 11.095 16.8967 0
    endloop
  endfacet
  facet normal 0.697694 -0.13879 -0.702823
    outer loop
      vertex 7.88422 15.5653 0
      vertex 8.81027 15.1566 1
      vertex 7.82864 15.2859 0
    endloop
  endfacet
  facet normal 0.709843 -0.0465405 -0.702821
    outer loop
      vertex 7.82864 15.2859 0
      vertex 8.81027 15.1566 1
      vertex 7.81 15.0016 0
    endloop
  endfacet
  facet normal 0.395218 -0.591479 -0.70282
    outer loop
      vertex 8.90366 16.8958 0
      vertex 9.26949 15.952 1
      vertex 8.66675 16.7375 0
    endloop
  endfacet
  facet normal 0.314914 -0.637894 -0.702794
    outer loop
      vertex 9.16049 17.0227 0
      vertex 9.54078 16.1087 1
      vertex 9.4 16.0392 1
    endloop
  endfacet
  facet normal 0.318198 -0.636396 -0.702674
    outer loop
      vertex 9.54078 16.1087 1
      vertex 9.16049 17.0227 0
      vertex 9.16189 17.0234 0
    endloop
  endfacet
  facet normal 0.314587 -0.638013 -0.702833
    outer loop
      vertex 9.16049 17.0227 0
      vertex 9.4 16.0392 1
      vertex 8.90495 16.8967 0
    endloop
  endfacet
  facet normal 0.0466791 -0.70984 -0.702814
    outer loop
      vertex 9.99845 17.19 0
      vertex 10 16.2 1
      vertex 9.84337 16.1897 1
    endloop
  endfacet
  facet normal 0.0457981 -0.70987 -0.702842
    outer loop
      vertex 10 16.2 1
      vertex 9.99845 17.19 0
      vertex 10 17.1901 0
    endloop
  endfacet
  facet normal 0.591477 -0.395234 -0.702812
    outer loop
      vertex 8.26248 16.3332 0
      vertex 9.04798 15.7305 1
      vertex 8.10418 16.0963 0
    endloop
  endfacet
  facet normal 0.591463 -0.39526 -0.702809
    outer loop
      vertex 8.96077 15.6 1
      vertex 8.10418 16.0963 0
      vertex 9.04798 15.7305 1
    endloop
  endfacet
  facet normal 0.593219 -0.392437 -0.702912
    outer loop
      vertex 8.10418 16.0963 0
      vertex 8.96077 15.6 1
      vertex 8.10332 16.095 0
    endloop
  endfacet
  facet normal 0.229074 0.673478 -0.702817
    outer loop
      vertex 9.43169 12.885 0
      vertex 9.68942 13.8409 1
      vertex 9.43316 12.8845 0
    endloop
  endfacet
  facet normal 0.228426 0.673676 -0.702839
    outer loop
      vertex 9.68942 13.8409 1
      vertex 9.43169 12.885 0
      vertex 9.54078 13.8913 1
    endloop
  endfacet
  facet normal 0.138681 0.697711 -0.702828
    outer loop
      vertex 9.43468 12.8842 0
      vertex 9.68942 13.8409 1
      vertex 9.84337 13.8103 1
    endloop
  endfacet
  facet normal 0.137749 0.697927 -0.702797
    outer loop
      vertex 9.68942 13.8409 1
      vertex 9.43468 12.8842 0
      vertex 9.43316 12.8845 0
    endloop
  endfacet
  facet normal 0.314587 0.638013 -0.702833
    outer loop
      vertex 9.4 13.9608 1
      vertex 9.16049 12.9773 0
      vertex 8.90495 13.1033 0
    endloop
  endfacet
  facet normal 0.318198 0.636396 -0.702674
    outer loop
      vertex 9.16049 12.9773 0
      vertex 9.54078 13.8913 1
      vertex 9.16189 12.9766 0
    endloop
  endfacet
  facet normal 0.314914 0.637894 -0.702794
    outer loop
      vertex 9.54078 13.8913 1
      vertex 9.16049 12.9773 0
      vertex 9.4 13.9608 1
    endloop
  endfacet
  facet normal 0.395218 0.591479 -0.70282
    outer loop
      vertex 9.26949 14.048 1
      vertex 8.90366 13.1042 0
      vertex 8.66675 13.2625 0
    endloop
  endfacet
  facet normal 0.40733 0.58384 -0.702291
    outer loop
      vertex 8.90366 13.1042 0
      vertex 9.4 13.9608 1
      vertex 8.90495 13.1033 0
    endloop
  endfacet
  facet normal 0.395201 0.591487 -0.702822
    outer loop
      vertex 9.4 13.9608 1
      vertex 8.90366 13.1042 0
      vertex 9.26949 14.048 1
    endloop
  endfacet
  facet normal 0.6736 0.228734 -0.702812
    outer loop
      vertex 7.88503 14.4317 0
      vertex 8.84089 14.6894 1
      vertex 8.89135 14.5408 1
    endloop
  endfacet
  facet normal 0.674756 0.224919 -0.702934
    outer loop
      vertex 8.84089 14.6894 1
      vertex 7.88503 14.4317 0
      vertex 7.88453 14.4332 0
    endloop
  endfacet
  facet normal 0.591477 0.395234 -0.702812
    outer loop
      vertex 9.04798 14.2695 1
      vertex 8.26248 13.6668 0
      vertex 8.10418 13.9037 0
    endloop
  endfacet
  facet normal 0.534932 0.468933 -0.702815
    outer loop
      vertex 9.04798 14.2695 1
      vertex 8.45034 13.4525 0
      vertex 8.26248 13.6668 0
    endloop
  endfacet
  facet normal -0.046688 0.709839 -0.702815
    outer loop
      vertex 10.0016 12.81 0
      vertex 10 13.8 1
      vertex 10.1566 13.8103 1
    endloop
  endfacet
  facet normal -0.0443697 0.709916 -0.702888
    outer loop
      vertex 10 13.8 1
      vertex 10.0016 12.81 0
      vertex 10 12.8099 0
    endloop
  endfacet
  facet normal -0.318197 0.636395 -0.702675
    outer loop
      vertex 10.4592 13.8913 1
      vertex 10.8395 12.9773 0
      vertex 10.8381 12.9766 0
    endloop
  endfacet
  facet normal -0.314877 0.63791 -0.702797
    outer loop
      vertex 10.8395 12.9773 0
      vertex 10.4592 13.8913 1
      vertex 10.6 13.9608 1
    endloop
  endfacet
  facet normal -0.40516 0.585231 -0.702389
    outer loop
      vertex 10.6 13.9608 1
      vertex 11.0963 13.1042 0
      vertex 11.095 13.1033 0
    endloop
  endfacet
  facet normal -0.395227 0.591481 -0.702813
    outer loop
      vertex 11.0963 13.1042 0
      vertex 10.6 13.9608 1
      vertex 10.7305 14.048 1
    endloop
  endfacet
  facet normal -0.138833 -0.697662 -0.702846
    outer loop
      vertex 10.2859 17.1714 0
      vertex 10.5653 17.1158 0
      vertex 10.1566 16.1897 1
    endloop
  endfacet
  facet normal -0.0464397 -0.709828 -0.702843
    outer loop
      vertex 10.2859 17.1714 0
      vertex 10.1566 16.1897 1
      vertex 10.0016 17.19 0
    endloop
  endfacet
  facet normal -0.502483 -0.502483 -0.703577
    outer loop
      vertex 10.8485 15.8485 1
      vertex 11.5475 16.5497 0
      vertex 11.5486 16.5486 0
    endloop
  endfacet
  facet normal -0.469058 -0.534772 -0.702854
    outer loop
      vertex 11.5475 16.5497 0
      vertex 10.8485 15.8485 1
      vertex 10.7305 15.952 1
    endloop
  endfacet
  facet normal 0.697714 -0.138727 -0.702816
    outer loop
      vertex 7.88422 15.5653 0
      vertex 8.84089 15.3106 1
      vertex 8.81027 15.1566 1
    endloop
  endfacet
  facet normal 0.696494 -0.143942 -0.702977
    outer loop
      vertex 8.84089 15.3106 1
      vertex 7.88422 15.5653 0
      vertex 7.88453 15.5668 0
    endloop
  endfacet
  facet normal 0.138805 -0.697672 -0.702842
    outer loop
      vertex 9.71414 17.1714 0
      vertex 9.84337 16.1897 1
      vertex 9.43468 17.1158 0
    endloop
  endfacet
  facet normal 0.0464382 -0.70983 -0.702841
    outer loop
      vertex 9.99845 17.19 0
      vertex 9.84337 16.1897 1
      vertex 9.71414 17.1714 0
    endloop
  endfacet
  facet normal 0.138681 -0.697711 -0.702828
    outer loop
      vertex 9.68942 16.1591 1
      vertex 9.43468 17.1158 0
      vertex 9.84337 16.1897 1
    endloop
  endfacet
  facet normal 0.137749 -0.697927 -0.702797
    outer loop
      vertex 9.43468 17.1158 0
      vertex 9.68942 16.1591 1
      vertex 9.43316 17.1155 0
    endloop
  endfacet
  facet normal 0.228426 -0.673676 -0.702839
    outer loop
      vertex 9.43169 17.115 0
      vertex 9.68942 16.1591 1
      vertex 9.54078 16.1087 1
    endloop
  endfacet
  facet normal 0.229074 -0.673478 -0.702817
    outer loop
      vertex 9.68942 16.1591 1
      vertex 9.43169 17.115 0
      vertex 9.43316 17.1155 0
    endloop
  endfacet
  facet normal 0.534809 -0.469046 -0.702834
    outer loop
      vertex 8.45034 16.5475 0
      vertex 9.15147 15.8485 1
      vertex 9.04798 15.7305 1
    endloop
  endfacet
  facet normal 0.518855 -0.485837 -0.703385
    outer loop
      vertex 9.15147 15.8485 1
      vertex 8.45034 16.5475 0
      vertex 8.45137 16.5486 0
    endloop
  endfacet
  facet normal 0.138805 0.697672 -0.702842
    outer loop
      vertex 9.84337 13.8103 1
      vertex 9.71414 12.8286 0
      vertex 9.43468 12.8842 0
    endloop
  endfacet
  facet normal 0.0464382 0.70983 -0.702841
    outer loop
      vertex 9.84337 13.8103 1
      vertex 9.99845 12.81 0
      vertex 9.71414 12.8286 0
    endloop
  endfacet
  facet normal 0.469024 0.534823 -0.702838
    outer loop
      vertex 8.45253 13.4503 0
      vertex 9.15147 14.1515 1
      vertex 9.26949 14.048 1
    endloop
  endfacet
  facet normal 0.489056 0.515732 -0.703452
    outer loop
      vertex 9.15147 14.1515 1
      vertex 8.45253 13.4503 0
      vertex 8.45137 13.4514 0
    endloop
  endfacet
  facet normal -0.395234 0.591477 -0.702812
    outer loop
      vertex 11.3332 13.2625 0
      vertex 11.0963 13.1042 0
      vertex 10.7305 14.048 1
    endloop
  endfacet
  facet normal -0.468846 0.535004 -0.702819
    outer loop
      vertex 11.5475 13.4503 0
      vertex 11.3332 13.2625 0
      vertex 10.7305 14.048 1
    endloop
  endfacet
  facet normal -0.997844 0.0656309 0
    outer loop
      vertex 11.1897 -15.1566 1
      vertex 11.2 -15 3
      vertex 11.2 -15 1
    endloop
  endfacet
  facet normal -0.997844 0.0656309 0
    outer loop
      vertex 11.2 -15 3
      vertex 11.1897 -15.1566 1
      vertex 11.1897 -15.1566 3
    endloop
  endfacet
  facet normal 0.997856 0.0654405 0
    outer loop
      vertex 8.81027 -15.1566 3
      vertex 8.8 -15 1
      vertex 8.8 -15 3
    endloop
  endfacet
  facet normal 0.997856 0.0654405 0
    outer loop
      vertex 8.8 -15 1
      vertex 8.81027 -15.1566 3
      vertex 8.81027 -15.1566 1
    endloop
  endfacet
  facet normal -0.0656309 0.997844 0
    outer loop
      vertex 10.1566 -16.1897 1
      vertex 10 -16.2 3
      vertex 10.1566 -16.1897 3
    endloop
  endfacet
  facet normal -0.0656309 0.997844 0
    outer loop
      vertex 10 -16.2 3
      vertex 10.1566 -16.1897 1
      vertex 10 -16.2 1
    endloop
  endfacet
  facet normal -0.751787 0.659406 0
    outer loop
      vertex 10.8485 -15.8485 1
      vertex 10.952 -15.7305 3
      vertex 10.952 -15.7305 1
    endloop
  endfacet
  facet normal -0.751787 0.659406 0
    outer loop
      vertex 10.952 -15.7305 3
      vertex 10.8485 -15.8485 1
      vertex 10.8485 -15.8485 3
    endloop
  endfacet
  facet normal 0.659343 0.751842 -0
    outer loop
      vertex 9.26949 -15.952 1
      vertex 9.15147 -15.8485 3
      vertex 9.26949 -15.952 3
    endloop
  endfacet
  facet normal 0.659343 0.751842 0
    outer loop
      vertex 9.15147 -15.8485 3
      vertex 9.26949 -15.952 1
      vertex 9.15147 -15.8485 1
    endloop
  endfacet
  facet normal 0.321117 0.94704 -0
    outer loop
      vertex 9.68942 -16.1591 1
      vertex 9.54078 -16.1087 3
      vertex 9.68942 -16.1591 3
    endloop
  endfacet
  facet normal 0.321117 0.94704 0
    outer loop
      vertex 9.54078 -16.1087 3
      vertex 9.68942 -16.1591 1
      vertex 9.54078 -16.1087 1
    endloop
  endfacet
  facet normal 0.980801 -0.195014 0
    outer loop
      vertex 8.81027 -14.8434 3
      vertex 8.84089 -14.6894 1
      vertex 8.84089 -14.6894 3
    endloop
  endfacet
  facet normal 0.980801 -0.195014 0
    outer loop
      vertex 8.84089 -14.6894 1
      vertex 8.81027 -14.8434 3
      vertex 8.81027 -14.8434 1
    endloop
  endfacet
  facet normal -0.896708 0.442622 0
    outer loop
      vertex 11.0392 -15.6 1
      vertex 11.1087 -15.4592 3
      vertex 11.1087 -15.4592 1
    endloop
  endfacet
  facet normal -0.896708 0.442622 0
    outer loop
      vertex 11.1087 -15.4592 3
      vertex 11.0392 -15.6 1
      vertex 11.0392 -15.6 3
    endloop
  endfacet
  facet normal -0.831462 0.555582 0
    outer loop
      vertex 10.952 -15.7305 1
      vertex 11.0392 -15.6 3
      vertex 11.0392 -15.6 1
    endloop
  endfacet
  facet normal -0.831462 0.555582 0
    outer loop
      vertex 11.0392 -15.6 3
      vertex 10.952 -15.7305 1
      vertex 10.952 -15.7305 3
    endloop
  endfacet
  facet normal -0.442622 0.896708 0
    outer loop
      vertex 10.6 -16.0392 1
      vertex 10.4592 -16.1087 3
      vertex 10.6 -16.0392 3
    endloop
  endfacet
  facet normal -0.442622 0.896708 0
    outer loop
      vertex 10.4592 -16.1087 3
      vertex 10.6 -16.0392 1
      vertex 10.4592 -16.1087 1
    endloop
  endfacet
  facet normal -0.555582 0.831462 0
    outer loop
      vertex 10.7305 -15.952 1
      vertex 10.6 -16.0392 3
      vertex 10.7305 -15.952 3
    endloop
  endfacet
  facet normal -0.555582 0.831462 0
    outer loop
      vertex 10.6 -16.0392 3
      vertex 10.7305 -15.952 1
      vertex 10.6 -16.0392 1
    endloop
  endfacet
  facet normal 0.89691 0.442212 0
    outer loop
      vertex 8.96077 -15.6 3
      vertex 8.89135 -15.4592 1
      vertex 8.89135 -15.4592 3
    endloop
  endfacet
  facet normal 0.89691 0.442212 0
    outer loop
      vertex 8.89135 -15.4592 1
      vertex 8.96077 -15.6 3
      vertex 8.96077 -15.6 1
    endloop
  endfacet
  facet normal 0.831432 0.555626 0
    outer loop
      vertex 9.04798 -15.7305 3
      vertex 8.96077 -15.6 1
      vertex 8.96077 -15.6 3
    endloop
  endfacet
  facet normal 0.831432 0.555626 0
    outer loop
      vertex 8.96077 -15.6 1
      vertex 9.04798 -15.7305 3
      vertex 9.04798 -15.7305 1
    endloop
  endfacet
  facet normal 0.442673 0.896683 -0
    outer loop
      vertex 9.54078 -16.1087 1
      vertex 9.4 -16.0392 3
      vertex 9.54078 -16.1087 3
    endloop
  endfacet
  facet normal 0.442673 0.896683 0
    outer loop
      vertex 9.4 -16.0392 3
      vertex 9.54078 -16.1087 1
      vertex 9.4 -16.0392 1
    endloop
  endfacet
  facet normal 0.0656183 0.997845 -0
    outer loop
      vertex 10 -16.2 1
      vertex 9.84337 -16.1897 3
      vertex 10 -16.2 3
    endloop
  endfacet
  facet normal 0.0656183 0.997845 0
    outer loop
      vertex 9.84337 -16.1897 3
      vertex 10 -16.2 1
      vertex 9.84337 -16.1897 1
    endloop
  endfacet
  facet normal -0.194891 -0.980825 0
    outer loop
      vertex 10.1566 -13.8103 1
      vertex 10.3106 -13.8409 3
      vertex 10.1566 -13.8103 3
    endloop
  endfacet
  facet normal -0.194891 -0.980825 -0
    outer loop
      vertex 10.3106 -13.8409 3
      vertex 10.1566 -13.8103 1
      vertex 10.3106 -13.8409 1
    endloop
  endfacet
  facet normal -0.0656309 -0.997844 0
    outer loop
      vertex 10 -13.8 1
      vertex 10.1566 -13.8103 3
      vertex 10 -13.8 3
    endloop
  endfacet
  facet normal -0.0656309 -0.997844 -0
    outer loop
      vertex 10.1566 -13.8103 3
      vertex 10 -13.8 1
      vertex 10.1566 -13.8103 1
    endloop
  endfacet
  facet normal -0.659406 -0.751787 0
    outer loop
      vertex 10.7305 -14.048 1
      vertex 10.8485 -14.1515 3
      vertex 10.7305 -14.048 3
    endloop
  endfacet
  facet normal -0.659406 -0.751787 -0
    outer loop
      vertex 10.8485 -14.1515 3
      vertex 10.7305 -14.048 1
      vertex 10.8485 -14.1515 1
    endloop
  endfacet
  facet normal -0.442622 -0.896708 0
    outer loop
      vertex 10.4592 -13.8913 1
      vertex 10.6 -13.9608 3
      vertex 10.4592 -13.8913 3
    endloop
  endfacet
  facet normal -0.442622 -0.896708 -0
    outer loop
      vertex 10.6 -13.9608 3
      vertex 10.4592 -13.8913 1
      vertex 10.6 -13.9608 1
    endloop
  endfacet
  facet normal -0.947013 -0.321194 0
    outer loop
      vertex 11.1591 -14.6894 1
      vertex 11.1087 -14.5408 3
      vertex 11.1087 -14.5408 1
    endloop
  endfacet
  facet normal -0.947013 -0.321194 0
    outer loop
      vertex 11.1087 -14.5408 3
      vertex 11.1591 -14.6894 1
      vertex 11.1591 -14.6894 3
    endloop
  endfacet
  facet normal 0.442673 -0.896683 0
    outer loop
      vertex 9.4 -13.9608 1
      vertex 9.54078 -13.8913 3
      vertex 9.4 -13.9608 3
    endloop
  endfacet
  facet normal 0.442673 -0.896683 0
    outer loop
      vertex 9.54078 -13.8913 3
      vertex 9.4 -13.9608 1
      vertex 9.54078 -13.8913 1
    endloop
  endfacet
  facet normal 0.321117 -0.94704 0
    outer loop
      vertex 9.54078 -13.8913 1
      vertex 9.68942 -13.8409 3
      vertex 9.54078 -13.8913 3
    endloop
  endfacet
  facet normal 0.321117 -0.94704 0
    outer loop
      vertex 9.68942 -13.8409 3
      vertex 9.54078 -13.8913 1
      vertex 9.68942 -13.8409 1
    endloop
  endfacet
  facet normal 0.89691 -0.442212 0
    outer loop
      vertex 8.89135 -14.5408 3
      vertex 8.96077 -14.4 1
      vertex 8.96077 -14.4 3
    endloop
  endfacet
  facet normal 0.89691 -0.442212 0
    outer loop
      vertex 8.96077 -14.4 1
      vertex 8.89135 -14.5408 3
      vertex 8.89135 -14.5408 1
    endloop
  endfacet
  facet normal 0.831432 -0.555626 0
    outer loop
      vertex 8.96077 -14.4 3
      vertex 9.04798 -14.2695 1
      vertex 9.04798 -14.2695 3
    endloop
  endfacet
  facet normal 0.831432 -0.555626 0
    outer loop
      vertex 9.04798 -14.2695 1
      vertex 8.96077 -14.4 3
      vertex 8.96077 -14.4 1
    endloop
  endfacet
  facet normal 0.997856 -0.0654405 0
    outer loop
      vertex 8.8 -15 3
      vertex 8.81027 -14.8434 1
      vertex 8.81027 -14.8434 3
    endloop
  endfacet
  facet normal 0.997856 -0.0654405 0
    outer loop
      vertex 8.81027 -14.8434 1
      vertex 8.8 -15 3
      vertex 8.8 -15 1
    endloop
  endfacet
  facet normal -0.947013 0.321194 0
    outer loop
      vertex 11.1087 -15.4592 1
      vertex 11.1591 -15.3106 3
      vertex 11.1591 -15.3106 1
    endloop
  endfacet
  facet normal -0.947013 0.321194 0
    outer loop
      vertex 11.1591 -15.3106 3
      vertex 11.1087 -15.4592 1
      vertex 11.1087 -15.4592 3
    endloop
  endfacet
  facet normal -0.980825 0.194891 0
    outer loop
      vertex 11.1591 -15.3106 1
      vertex 11.1897 -15.1566 3
      vertex 11.1897 -15.1566 1
    endloop
  endfacet
  facet normal -0.980825 0.194891 0
    outer loop
      vertex 11.1897 -15.1566 3
      vertex 11.1591 -15.3106 1
      vertex 11.1591 -15.3106 3
    endloop
  endfacet
  facet normal -0.321194 0.947013 0
    outer loop
      vertex 10.4592 -16.1087 1
      vertex 10.3106 -16.1591 3
      vertex 10.4592 -16.1087 3
    endloop
  endfacet
  facet normal -0.321194 0.947013 0
    outer loop
      vertex 10.3106 -16.1591 3
      vertex 10.4592 -16.1087 1
      vertex 10.3106 -16.1591 1
    endloop
  endfacet
  facet normal -0.194891 0.980825 0
    outer loop
      vertex 10.3106 -16.1591 1
      vertex 10.1566 -16.1897 3
      vertex 10.3106 -16.1591 3
    endloop
  endfacet
  facet normal -0.194891 0.980825 0
    outer loop
      vertex 10.1566 -16.1897 3
      vertex 10.3106 -16.1591 1
      vertex 10.1566 -16.1897 1
    endloop
  endfacet
  facet normal -0.659406 0.751787 0
    outer loop
      vertex 10.8485 -15.8485 1
      vertex 10.7305 -15.952 3
      vertex 10.8485 -15.8485 3
    endloop
  endfacet
  facet normal -0.659406 0.751787 0
    outer loop
      vertex 10.7305 -15.952 3
      vertex 10.8485 -15.8485 1
      vertex 10.7305 -15.952 1
    endloop
  endfacet
  facet normal 0.751818 0.65937 0
    outer loop
      vertex 9.15147 -15.8485 3
      vertex 9.04798 -15.7305 1
      vertex 9.04798 -15.7305 3
    endloop
  endfacet
  facet normal 0.751818 0.65937 0
    outer loop
      vertex 9.04798 -15.7305 1
      vertex 9.15147 -15.8485 3
      vertex 9.15147 -15.8485 1
    endloop
  endfacet
  facet normal 0.946897 0.321537 0
    outer loop
      vertex 8.89135 -15.4592 3
      vertex 8.84089 -15.3106 1
      vertex 8.84089 -15.3106 3
    endloop
  endfacet
  facet normal 0.946897 0.321537 0
    outer loop
      vertex 8.84089 -15.3106 1
      vertex 8.89135 -15.4592 3
      vertex 8.89135 -15.4592 1
    endloop
  endfacet
  facet normal 0.980801 0.195014 0
    outer loop
      vertex 8.84089 -15.3106 3
      vertex 8.81027 -15.1566 1
      vertex 8.81027 -15.1566 3
    endloop
  endfacet
  facet normal 0.980801 0.195014 0
    outer loop
      vertex 8.81027 -15.1566 1
      vertex 8.84089 -15.3106 3
      vertex 8.84089 -15.3106 1
    endloop
  endfacet
  facet normal 0.555553 0.831481 -0
    outer loop
      vertex 9.4 -16.0392 1
      vertex 9.26949 -15.952 3
      vertex 9.4 -16.0392 3
    endloop
  endfacet
  facet normal 0.555553 0.831481 0
    outer loop
      vertex 9.26949 -15.952 3
      vertex 9.4 -16.0392 1
      vertex 9.26949 -15.952 1
    endloop
  endfacet
  facet normal 0.194952 0.980813 -0
    outer loop
      vertex 9.84337 -16.1897 1
      vertex 9.68942 -16.1591 3
      vertex 9.84337 -16.1897 3
    endloop
  endfacet
  facet normal 0.194952 0.980813 0
    outer loop
      vertex 9.68942 -16.1591 3
      vertex 9.84337 -16.1897 1
      vertex 9.68942 -16.1591 1
    endloop
  endfacet
  facet normal -0.555582 -0.831462 0
    outer loop
      vertex 10.6 -13.9608 1
      vertex 10.7305 -14.048 3
      vertex 10.6 -13.9608 3
    endloop
  endfacet
  facet normal -0.555582 -0.831462 -0
    outer loop
      vertex 10.7305 -14.048 3
      vertex 10.6 -13.9608 1
      vertex 10.7305 -14.048 1
    endloop
  endfacet
  facet normal -0.896708 -0.442622 0
    outer loop
      vertex 11.1087 -14.5408 1
      vertex 11.0392 -14.4 3
      vertex 11.0392 -14.4 1
    endloop
  endfacet
  facet normal -0.896708 -0.442622 0
    outer loop
      vertex 11.0392 -14.4 3
      vertex 11.1087 -14.5408 1
      vertex 11.1087 -14.5408 3
    endloop
  endfacet
  facet normal -0.751787 -0.659406 0
    outer loop
      vertex 10.952 -14.2695 1
      vertex 10.8485 -14.1515 3
      vertex 10.8485 -14.1515 1
    endloop
  endfacet
  facet normal -0.751787 -0.659406 0
    outer loop
      vertex 10.8485 -14.1515 3
      vertex 10.952 -14.2695 1
      vertex 10.952 -14.2695 3
    endloop
  endfacet
  facet normal -0.831462 -0.555582 0
    outer loop
      vertex 11.0392 -14.4 1
      vertex 10.952 -14.2695 3
      vertex 10.952 -14.2695 1
    endloop
  endfacet
  facet normal -0.831462 -0.555582 0
    outer loop
      vertex 10.952 -14.2695 3
      vertex 11.0392 -14.4 1
      vertex 11.0392 -14.4 3
    endloop
  endfacet
  facet normal 0.659343 -0.751842 0
    outer loop
      vertex 9.15147 -14.1515 1
      vertex 9.26949 -14.048 3
      vertex 9.15147 -14.1515 3
    endloop
  endfacet
  facet normal 0.659343 -0.751842 0
    outer loop
      vertex 9.26949 -14.048 3
      vertex 9.15147 -14.1515 1
      vertex 9.26949 -14.048 1
    endloop
  endfacet
  facet normal 0.555553 -0.831481 0
    outer loop
      vertex 9.26949 -14.048 1
      vertex 9.4 -13.9608 3
      vertex 9.26949 -14.048 3
    endloop
  endfacet
  facet normal 0.555553 -0.831481 0
    outer loop
      vertex 9.4 -13.9608 3
      vertex 9.26949 -14.048 1
      vertex 9.4 -13.9608 1
    endloop
  endfacet
  facet normal 0.0656183 -0.997845 0
    outer loop
      vertex 9.84337 -13.8103 1
      vertex 10 -13.8 3
      vertex 9.84337 -13.8103 3
    endloop
  endfacet
  facet normal 0.0656183 -0.997845 0
    outer loop
      vertex 10 -13.8 3
      vertex 9.84337 -13.8103 1
      vertex 10 -13.8 1
    endloop
  endfacet
  facet normal 0.751818 -0.65937 0
    outer loop
      vertex 9.04798 -14.2695 3
      vertex 9.15147 -14.1515 1
      vertex 9.15147 -14.1515 3
    endloop
  endfacet
  facet normal 0.751818 -0.65937 0
    outer loop
      vertex 9.15147 -14.1515 1
      vertex 9.04798 -14.2695 3
      vertex 9.04798 -14.2695 1
    endloop
  endfacet
  facet normal -0.321194 -0.947013 0
    outer loop
      vertex 10.3106 -13.8409 1
      vertex 10.4592 -13.8913 3
      vertex 10.3106 -13.8409 3
    endloop
  endfacet
  facet normal -0.321194 -0.947013 -0
    outer loop
      vertex 10.4592 -13.8913 3
      vertex 10.3106 -13.8409 1
      vertex 10.4592 -13.8913 1
    endloop
  endfacet
  facet normal -0.980825 -0.194891 0
    outer loop
      vertex 11.1897 -14.8434 1
      vertex 11.1591 -14.6894 3
      vertex 11.1591 -14.6894 1
    endloop
  endfacet
  facet normal -0.980825 -0.194891 0
    outer loop
      vertex 11.1591 -14.6894 3
      vertex 11.1897 -14.8434 1
      vertex 11.1897 -14.8434 3
    endloop
  endfacet
  facet normal -0.997844 -0.0656309 0
    outer loop
      vertex 11.2 -15 1
      vertex 11.1897 -14.8434 3
      vertex 11.1897 -14.8434 1
    endloop
  endfacet
  facet normal -0.997844 -0.0656309 0
    outer loop
      vertex 11.1897 -14.8434 3
      vertex 11.2 -15 1
      vertex 11.2 -15 3
    endloop
  endfacet
  facet normal 0.194952 -0.980813 0
    outer loop
      vertex 9.68942 -13.8409 1
      vertex 9.84337 -13.8103 3
      vertex 9.68942 -13.8409 3
    endloop
  endfacet
  facet normal 0.194952 -0.980813 0
    outer loop
      vertex 9.84337 -13.8103 3
      vertex 9.68942 -13.8409 1
      vertex 9.84337 -13.8103 1
    endloop
  endfacet
  facet normal 0.946897 -0.321537 0
    outer loop
      vertex 8.84089 -14.6894 3
      vertex 8.89135 -14.5408 1
      vertex 8.89135 -14.5408 3
    endloop
  endfacet
  facet normal 0.946897 -0.321537 0
    outer loop
      vertex 8.89135 -14.5408 1
      vertex 8.84089 -14.6894 3
      vertex 8.84089 -14.6894 1
    endloop
  endfacet
  facet normal -0.709916 0.0443697 -0.702888
    outer loop
      vertex 12.19 -15.0016 0
      vertex 11.2 -15 1
      vertex 12.1901 -15 0
    endloop
  endfacet
  facet normal -0.709839 0.046688 -0.702815
    outer loop
      vertex 11.2 -15 1
      vertex 12.19 -15.0016 0
      vertex 11.1897 -15.1566 1
    endloop
  endfacet
  facet normal 0.709843 -0.0465523 -0.702819
    outer loop
      vertex 8.8 -15 1
      vertex 7.81 -14.9984 0
      vertex 8.81027 -14.8434 1
    endloop
  endfacet
  facet normal 0.709916 -0.0443697 -0.702888
    outer loop
      vertex 7.81 -14.9984 0
      vertex 8.8 -15 1
      vertex 7.8099 -15 0
    endloop
  endfacet
  facet normal -0.709828 -0.0464397 -0.702843
    outer loop
      vertex 12.1714 -14.7141 0
      vertex 12.19 -14.9984 0
      vertex 11.1897 -14.8434 1
    endloop
  endfacet
  facet normal -0.534772 -0.469058 -0.702854
    outer loop
      vertex 10.8485 -14.1515 1
      vertex 11.5497 -13.4525 0
      vertex 10.952 -14.2695 1
    endloop
  endfacet
  facet normal -0.502483 -0.502483 -0.703577
    outer loop
      vertex 11.5497 -13.4525 0
      vertex 10.8485 -14.1515 1
      vertex 11.5486 -13.4514 0
    endloop
  endfacet
  facet normal 0.0457981 0.70987 -0.702842
    outer loop
      vertex 9.99845 -17.19 0
      vertex 10 -16.2 1
      vertex 10 -17.1901 0
    endloop
  endfacet
  facet normal 0.0466791 0.70984 -0.702814
    outer loop
      vertex 10 -16.2 1
      vertex 9.99845 -17.19 0
      vertex 9.84337 -16.1897 1
    endloop
  endfacet
  facet normal -0.0443697 -0.709916 -0.702888
    outer loop
      vertex 10.0016 -12.81 0
      vertex 10 -13.8 1
      vertex 10 -12.8099 0
    endloop
  endfacet
  facet normal -0.046688 -0.709839 -0.702815
    outer loop
      vertex 10 -13.8 1
      vertex 10.0016 -12.81 0
      vertex 10.1566 -13.8103 1
    endloop
  endfacet
  facet normal 0.637993 -0.314676 -0.702812
    outer loop
      vertex 8.10332 -13.905 0
      vertex 8.96077 -14.4 1
      vertex 7.9773 -14.1605 0
    endloop
  endfacet
  facet normal 0.468942 -0.534913 -0.702824
    outer loop
      vertex 8.66675 -13.2625 0
      vertex 9.26949 -14.048 1
      vertex 8.45253 -13.4503 0
    endloop
  endfacet
  facet normal 0.709843 0.0465405 -0.702821
    outer loop
      vertex 8.81027 -15.1566 1
      vertex 7.82864 -15.2859 0
      vertex 7.81 -15.0016 0
    endloop
  endfacet
  facet normal 0.518855 0.485837 -0.703385
    outer loop
      vertex 8.45034 -16.5475 0
      vertex 9.15147 -15.8485 1
      vertex 8.45137 -16.5486 0
    endloop
  endfacet
  facet normal 0.534809 0.469046 -0.702834
    outer loop
      vertex 9.15147 -15.8485 1
      vertex 8.45034 -16.5475 0
      vertex 9.04798 -15.7305 1
    endloop
  endfacet
  facet normal -0.502483 0.502483 -0.703577
    outer loop
      vertex 10.8485 -15.8485 1
      vertex 11.5497 -16.5475 0
      vertex 11.5486 -16.5486 0
    endloop
  endfacet
  facet normal -0.534772 0.469058 -0.702854
    outer loop
      vertex 11.5497 -16.5475 0
      vertex 10.8485 -15.8485 1
      vertex 10.952 -15.7305 1
    endloop
  endfacet
  facet normal -0.697662 0.138833 -0.702846
    outer loop
      vertex 12.1714 -15.2859 0
      vertex 12.1158 -15.5653 0
      vertex 11.1897 -15.1566 1
    endloop
  endfacet
  facet normal -0.673614 -0.228699 -0.702809
    outer loop
      vertex 12.0234 -14.1619 0
      vertex 12.115 -14.4317 0
      vertex 11.1087 -14.5408 1
    endloop
  endfacet
  facet normal -0.637999 -0.31463 -0.702826
    outer loop
      vertex 11.8967 -13.905 0
      vertex 12.0227 -14.1605 0
      vertex 11.0392 -14.4 1
    endloop
  endfacet
  facet normal -0.585231 -0.40516 -0.702389
    outer loop
      vertex 11.0392 -14.4 1
      vertex 11.8958 -13.9037 0
      vertex 11.8967 -13.905 0
    endloop
  endfacet
  facet normal -0.591481 -0.395227 -0.702813
    outer loop
      vertex 11.8958 -13.9037 0
      vertex 11.0392 -14.4 1
      vertex 10.952 -14.2695 1
    endloop
  endfacet
  facet normal 0.2287 -0.673615 -0.702808
    outer loop
      vertex 9.43169 -12.885 0
      vertex 9.54078 -13.8913 1
      vertex 9.16189 -12.9766 0
    endloop
  endfacet
  facet normal 0.63803 -0.314574 -0.702824
    outer loop
      vertex 8.89135 -14.5408 1
      vertex 7.9773 -14.1605 0
      vertex 8.96077 -14.4 1
    endloop
  endfacet
  facet normal 0.638073 -0.314479 -0.702827
    outer loop
      vertex 7.9773 -14.1605 0
      vertex 8.89135 -14.5408 1
      vertex 7.97661 -14.1619 0
    endloop
  endfacet
  facet normal 0.673618 0.228651 -0.702821
    outer loop
      vertex 8.89135 -15.4592 1
      vertex 7.97661 -15.8381 0
      vertex 7.88503 -15.5683 0
    endloop
  endfacet
  facet normal -0.0464397 0.709828 -0.702843
    outer loop
      vertex 10.1566 -16.1897 1
      vertex 10.2859 -17.1714 0
      vertex 10.0016 -17.19 0
    endloop
  endfacet
  facet normal -0.138833 0.697662 -0.702846
    outer loop
      vertex 10.5653 -17.1158 0
      vertex 10.2859 -17.1714 0
      vertex 10.1566 -16.1897 1
    endloop
  endfacet
  facet normal -0.502483 0.502483 -0.703577
    outer loop
      vertex 11.5475 -16.5497 0
      vertex 10.8485 -15.8485 1
      vertex 11.5486 -16.5486 0
    endloop
  endfacet
  facet normal -0.469058 0.534772 -0.702854
    outer loop
      vertex 10.8485 -15.8485 1
      vertex 11.5475 -16.5497 0
      vertex 10.7305 -15.952 1
    endloop
  endfacet
  facet normal -0.636395 0.318197 -0.702675
    outer loop
      vertex 12.0227 -15.8395 0
      vertex 11.1087 -15.4592 1
      vertex 12.0234 -15.8381 0
    endloop
  endfacet
  facet normal -0.63791 0.314877 -0.702797
    outer loop
      vertex 11.1087 -15.4592 1
      vertex 12.0227 -15.8395 0
      vertex 11.0392 -15.6 1
    endloop
  endfacet
  facet normal -0.673614 0.228699 -0.702809
    outer loop
      vertex 12.115 -15.5683 0
      vertex 12.0234 -15.8381 0
      vertex 11.1087 -15.4592 1
    endloop
  endfacet
  facet normal -0.709828 0.0464397 -0.702843
    outer loop
      vertex 12.19 -15.0016 0
      vertex 12.1714 -15.2859 0
      vertex 11.1897 -15.1566 1
    endloop
  endfacet
  facet normal -0.697662 -0.138833 -0.702846
    outer loop
      vertex 12.1158 -14.4347 0
      vertex 12.1714 -14.7141 0
      vertex 11.1897 -14.8434 1
    endloop
  endfacet
  facet normal -0.674743 -0.224914 -0.702947
    outer loop
      vertex 11.1591 -14.6894 1
      vertex 12.115 -14.4317 0
      vertex 12.1155 -14.4332 0
    endloop
  endfacet
  facet normal -0.673662 -0.228483 -0.702834
    outer loop
      vertex 12.115 -14.4317 0
      vertex 11.1591 -14.6894 1
      vertex 11.1087 -14.5408 1
    endloop
  endfacet
  facet normal -0.709916 -0.0443697 -0.702888
    outer loop
      vertex 11.2 -15 1
      vertex 12.19 -14.9984 0
      vertex 12.1901 -15 0
    endloop
  endfacet
  facet normal -0.709839 -0.046688 -0.702815
    outer loop
      vertex 12.19 -14.9984 0
      vertex 11.2 -15 1
      vertex 11.1897 -14.8434 1
    endloop
  endfacet
  facet normal -0.636395 -0.318197 -0.702675
    outer loop
      vertex 11.1087 -14.5408 1
      vertex 12.0227 -14.1605 0
      vertex 12.0234 -14.1619 0
    endloop
  endfacet
  facet normal -0.63791 -0.314877 -0.702797
    outer loop
      vertex 12.0227 -14.1605 0
      vertex 11.1087 -14.5408 1
      vertex 11.0392 -14.4 1
    endloop
  endfacet
  facet normal -0.228699 -0.673614 -0.702809
    outer loop
      vertex 10.5683 -12.885 0
      vertex 10.8381 -12.9766 0
      vertex 10.4592 -13.8913 1
    endloop
  endfacet
  facet normal -0.468846 -0.535004 -0.702819
    outer loop
      vertex 11.3332 -13.2625 0
      vertex 11.5475 -13.4503 0
      vertex 10.7305 -14.048 1
    endloop
  endfacet
  facet normal 0.395201 -0.591487 -0.702822
    outer loop
      vertex 8.90366 -13.1042 0
      vertex 9.4 -13.9608 1
      vertex 9.26949 -14.048 1
    endloop
  endfacet
  facet normal 0.40733 -0.58384 -0.702291
    outer loop
      vertex 9.4 -13.9608 1
      vertex 8.90366 -13.1042 0
      vertex 8.90495 -13.1033 0
    endloop
  endfacet
  facet normal 0.469024 -0.534823 -0.702838
    outer loop
      vertex 9.15147 -14.1515 1
      vertex 8.45253 -13.4503 0
      vertex 9.26949 -14.048 1
    endloop
  endfacet
  facet normal 0.489056 -0.515732 -0.703452
    outer loop
      vertex 8.45253 -13.4503 0
      vertex 9.15147 -14.1515 1
      vertex 8.45137 -13.4514 0
    endloop
  endfacet
  facet normal 0.534932 -0.468933 -0.702815
    outer loop
      vertex 8.45034 -13.4525 0
      vertex 9.04798 -14.2695 1
      vertex 8.26248 -13.6668 0
    endloop
  endfacet
  facet normal 0.673618 -0.228651 -0.702821
    outer loop
      vertex 7.97661 -14.1619 0
      vertex 8.89135 -14.5408 1
      vertex 7.88503 -14.4317 0
    endloop
  endfacet
  facet normal 0.6736 -0.228734 -0.702812
    outer loop
      vertex 8.84089 -14.6894 1
      vertex 7.88503 -14.4317 0
      vertex 8.89135 -14.5408 1
    endloop
  endfacet
  facet normal 0.674756 -0.224919 -0.702934
    outer loop
      vertex 7.88503 -14.4317 0
      vertex 8.84089 -14.6894 1
      vertex 7.88453 -14.4332 0
    endloop
  endfacet
  facet normal 0.697694 0.13879 -0.702823
    outer loop
      vertex 8.81027 -15.1566 1
      vertex 7.88422 -15.5653 0
      vertex 7.82864 -15.2859 0
    endloop
  endfacet
  facet normal 0.696494 0.143942 -0.702977
    outer loop
      vertex 7.88422 -15.5653 0
      vertex 8.84089 -15.3106 1
      vertex 7.88453 -15.5668 0
    endloop
  endfacet
  facet normal 0.697714 0.138727 -0.702816
    outer loop
      vertex 8.84089 -15.3106 1
      vertex 7.88422 -15.5653 0
      vertex 8.81027 -15.1566 1
    endloop
  endfacet
  facet normal 0.2287 0.673615 -0.702808
    outer loop
      vertex 9.54078 -16.1087 1
      vertex 9.43169 -17.115 0
      vertex 9.16189 -17.0234 0
    endloop
  endfacet
  facet normal 0.468942 0.534913 -0.702824
    outer loop
      vertex 9.26949 -15.952 1
      vertex 8.66675 -16.7375 0
      vertex 8.45253 -16.5497 0
    endloop
  endfacet
  facet normal 0.709916 0.0443697 -0.702888
    outer loop
      vertex 8.8 -15 1
      vertex 7.81 -15.0016 0
      vertex 7.8099 -15 0
    endloop
  endfacet
  facet normal 0.709843 0.0465523 -0.702819
    outer loop
      vertex 7.81 -15.0016 0
      vertex 8.8 -15 1
      vertex 8.81027 -15.1566 1
    endloop
  endfacet
  facet normal 0.63803 0.314574 -0.702824
    outer loop
      vertex 7.9773 -15.8395 0
      vertex 8.89135 -15.4592 1
      vertex 8.96077 -15.6 1
    endloop
  endfacet
  facet normal 0.638073 0.314479 -0.702827
    outer loop
      vertex 8.89135 -15.4592 1
      vertex 7.9773 -15.8395 0
      vertex 7.97661 -15.8381 0
    endloop
  endfacet
  facet normal 0.637993 0.314676 -0.702812
    outer loop
      vertex 8.96077 -15.6 1
      vertex 8.10332 -16.095 0
      vertex 7.9773 -15.8395 0
    endloop
  endfacet
  facet normal 0.591463 0.39526 -0.702809
    outer loop
      vertex 8.10418 -16.0963 0
      vertex 8.96077 -15.6 1
      vertex 9.04798 -15.7305 1
    endloop
  endfacet
  facet normal 0.593219 0.392437 -0.702912
    outer loop
      vertex 8.96077 -15.6 1
      vertex 8.10418 -16.0963 0
      vertex 8.10332 -16.095 0
    endloop
  endfacet
  facet normal -0.224914 0.674743 -0.702947
    outer loop
      vertex 10.3106 -16.1591 1
      vertex 10.5683 -17.115 0
      vertex 10.5668 -17.1155 0
    endloop
  endfacet
  facet normal -0.228483 0.673662 -0.702834
    outer loop
      vertex 10.5683 -17.115 0
      vertex 10.3106 -16.1591 1
      vertex 10.4592 -16.1087 1
    endloop
  endfacet
  facet normal -0.139505 0.697523 -0.702852
    outer loop
      vertex 10.5653 -17.1158 0
      vertex 10.3106 -16.1591 1
      vertex 10.5668 -17.1155 0
    endloop
  endfacet
  facet normal -0.138639 0.697724 -0.702824
    outer loop
      vertex 10.3106 -16.1591 1
      vertex 10.5653 -17.1158 0
      vertex 10.1566 -16.1897 1
    endloop
  endfacet
  facet normal -0.228699 0.673614 -0.702809
    outer loop
      vertex 10.8381 -17.0234 0
      vertex 10.5683 -17.115 0
      vertex 10.4592 -16.1087 1
    endloop
  endfacet
  facet normal -0.31463 0.637999 -0.702826
    outer loop
      vertex 11.095 -16.8967 0
      vertex 10.8395 -17.0227 0
      vertex 10.6 -16.0392 1
    endloop
  endfacet
  facet normal -0.591477 0.395234 -0.702812
    outer loop
      vertex 11.8958 -16.0963 0
      vertex 11.7375 -16.3332 0
      vertex 10.952 -15.7305 1
    endloop
  endfacet
  facet normal -0.535004 0.468846 -0.702819
    outer loop
      vertex 11.7375 -16.3332 0
      vertex 11.5497 -16.5475 0
      vertex 10.952 -15.7305 1
    endloop
  endfacet
  facet normal -0.585231 0.40516 -0.702389
    outer loop
      vertex 11.8958 -16.0963 0
      vertex 11.0392 -15.6 1
      vertex 11.8967 -16.095 0
    endloop
  endfacet
  facet normal -0.591481 0.395227 -0.702813
    outer loop
      vertex 11.0392 -15.6 1
      vertex 11.8958 -16.0963 0
      vertex 10.952 -15.7305 1
    endloop
  endfacet
  facet normal -0.637999 0.31463 -0.702826
    outer loop
      vertex 12.0227 -15.8395 0
      vertex 11.8967 -16.095 0
      vertex 11.0392 -15.6 1
    endloop
  endfacet
  facet normal -0.674743 0.224914 -0.702947
    outer loop
      vertex 12.115 -15.5683 0
      vertex 11.1591 -15.3106 1
      vertex 12.1155 -15.5668 0
    endloop
  endfacet
  facet normal -0.673662 0.228483 -0.702834
    outer loop
      vertex 11.1591 -15.3106 1
      vertex 12.115 -15.5683 0
      vertex 11.1087 -15.4592 1
    endloop
  endfacet
  facet normal -0.697523 0.139505 -0.702852
    outer loop
      vertex 11.1591 -15.3106 1
      vertex 12.1158 -15.5653 0
      vertex 12.1155 -15.5668 0
    endloop
  endfacet
  facet normal -0.697724 0.138639 -0.702824
    outer loop
      vertex 12.1158 -15.5653 0
      vertex 11.1591 -15.3106 1
      vertex 11.1897 -15.1566 1
    endloop
  endfacet
  facet normal -0.697724 -0.138639 -0.702824
    outer loop
      vertex 11.1591 -14.6894 1
      vertex 12.1158 -14.4347 0
      vertex 11.1897 -14.8434 1
    endloop
  endfacet
  facet normal -0.697523 -0.139505 -0.702852
    outer loop
      vertex 12.1158 -14.4347 0
      vertex 11.1591 -14.6894 1
      vertex 12.1155 -14.4332 0
    endloop
  endfacet
  facet normal -0.591477 -0.395234 -0.702812
    outer loop
      vertex 11.7375 -13.6668 0
      vertex 11.8958 -13.9037 0
      vertex 10.952 -14.2695 1
    endloop
  endfacet
  facet normal -0.535004 -0.468846 -0.702819
    outer loop
      vertex 11.5497 -13.4525 0
      vertex 11.7375 -13.6668 0
      vertex 10.952 -14.2695 1
    endloop
  endfacet
  facet normal -0.228483 -0.673662 -0.702834
    outer loop
      vertex 10.3106 -13.8409 1
      vertex 10.5683 -12.885 0
      vertex 10.4592 -13.8913 1
    endloop
  endfacet
  facet normal -0.224914 -0.674743 -0.702947
    outer loop
      vertex 10.5683 -12.885 0
      vertex 10.3106 -13.8409 1
      vertex 10.5668 -12.8845 0
    endloop
  endfacet
  facet normal -0.139505 -0.697523 -0.702852
    outer loop
      vertex 10.3106 -13.8409 1
      vertex 10.5653 -12.8842 0
      vertex 10.5668 -12.8845 0
    endloop
  endfacet
  facet normal -0.138639 -0.697724 -0.702824
    outer loop
      vertex 10.5653 -12.8842 0
      vertex 10.3106 -13.8409 1
      vertex 10.1566 -13.8103 1
    endloop
  endfacet
  facet normal -0.31463 -0.637999 -0.702826
    outer loop
      vertex 10.8395 -12.9773 0
      vertex 11.095 -13.1033 0
      vertex 10.6 -13.9608 1
    endloop
  endfacet
  facet normal -0.314877 -0.63791 -0.702797
    outer loop
      vertex 10.4592 -13.8913 1
      vertex 10.8395 -12.9773 0
      vertex 10.6 -13.9608 1
    endloop
  endfacet
  facet normal -0.318197 -0.636395 -0.702675
    outer loop
      vertex 10.8395 -12.9773 0
      vertex 10.4592 -13.8913 1
      vertex 10.8381 -12.9766 0
    endloop
  endfacet
  facet normal -0.395234 -0.591477 -0.702812
    outer loop
      vertex 11.0963 -13.1042 0
      vertex 11.3332 -13.2625 0
      vertex 10.7305 -14.048 1
    endloop
  endfacet
  facet normal -0.395227 -0.591481 -0.702813
    outer loop
      vertex 10.6 -13.9608 1
      vertex 11.0963 -13.1042 0
      vertex 10.7305 -14.048 1
    endloop
  endfacet
  facet normal -0.40516 -0.585231 -0.702389
    outer loop
      vertex 11.0963 -13.1042 0
      vertex 10.6 -13.9608 1
      vertex 11.095 -13.1033 0
    endloop
  endfacet
  facet normal 0.697694 -0.13879 -0.702823
    outer loop
      vertex 7.88422 -14.4347 0
      vertex 8.81027 -14.8434 1
      vertex 7.82864 -14.7141 0
    endloop
  endfacet
  facet normal 0.709843 -0.0465405 -0.702821
    outer loop
      vertex 7.82864 -14.7141 0
      vertex 8.81027 -14.8434 1
      vertex 7.81 -14.9984 0
    endloop
  endfacet
  facet normal 0.395218 -0.591479 -0.70282
    outer loop
      vertex 8.90366 -13.1042 0
      vertex 9.26949 -14.048 1
      vertex 8.66675 -13.2625 0
    endloop
  endfacet
  facet normal 0.314914 -0.637894 -0.702794
    outer loop
      vertex 9.16049 -12.9773 0
      vertex 9.54078 -13.8913 1
      vertex 9.4 -13.9608 1
    endloop
  endfacet
  facet normal 0.318198 -0.636396 -0.702674
    outer loop
      vertex 9.54078 -13.8913 1
      vertex 9.16049 -12.9773 0
      vertex 9.16189 -12.9766 0
    endloop
  endfacet
  facet normal 0.314587 -0.638013 -0.702833
    outer loop
      vertex 9.16049 -12.9773 0
      vertex 9.4 -13.9608 1
      vertex 8.90495 -13.1033 0
    endloop
  endfacet
  facet normal 0.0466791 -0.70984 -0.702814
    outer loop
      vertex 9.99845 -12.81 0
      vertex 10 -13.8 1
      vertex 9.84337 -13.8103 1
    endloop
  endfacet
  facet normal 0.0457981 -0.70987 -0.702842
    outer loop
      vertex 10 -13.8 1
      vertex 9.99845 -12.81 0
      vertex 10 -12.8099 0
    endloop
  endfacet
  facet normal 0.591477 -0.395234 -0.702812
    outer loop
      vertex 8.26248 -13.6668 0
      vertex 9.04798 -14.2695 1
      vertex 8.10418 -13.9037 0
    endloop
  endfacet
  facet normal 0.591463 -0.39526 -0.702809
    outer loop
      vertex 8.96077 -14.4 1
      vertex 8.10418 -13.9037 0
      vertex 9.04798 -14.2695 1
    endloop
  endfacet
  facet normal 0.593219 -0.392437 -0.702912
    outer loop
      vertex 8.10418 -13.9037 0
      vertex 8.96077 -14.4 1
      vertex 8.10332 -13.905 0
    endloop
  endfacet
  facet normal 0.229074 0.673478 -0.702817
    outer loop
      vertex 9.43169 -17.115 0
      vertex 9.68942 -16.1591 1
      vertex 9.43316 -17.1155 0
    endloop
  endfacet
  facet normal 0.228426 0.673676 -0.702839
    outer loop
      vertex 9.68942 -16.1591 1
      vertex 9.43169 -17.115 0
      vertex 9.54078 -16.1087 1
    endloop
  endfacet
  facet normal 0.138681 0.697711 -0.702828
    outer loop
      vertex 9.43468 -17.1158 0
      vertex 9.68942 -16.1591 1
      vertex 9.84337 -16.1897 1
    endloop
  endfacet
  facet normal 0.137749 0.697927 -0.702797
    outer loop
      vertex 9.68942 -16.1591 1
      vertex 9.43468 -17.1158 0
      vertex 9.43316 -17.1155 0
    endloop
  endfacet
  facet normal 0.314587 0.638013 -0.702833
    outer loop
      vertex 9.4 -16.0392 1
      vertex 9.16049 -17.0227 0
      vertex 8.90495 -16.8967 0
    endloop
  endfacet
  facet normal 0.318198 0.636396 -0.702674
    outer loop
      vertex 9.16049 -17.0227 0
      vertex 9.54078 -16.1087 1
      vertex 9.16189 -17.0234 0
    endloop
  endfacet
  facet normal 0.314914 0.637894 -0.702794
    outer loop
      vertex 9.54078 -16.1087 1
      vertex 9.16049 -17.0227 0
      vertex 9.4 -16.0392 1
    endloop
  endfacet
  facet normal 0.395218 0.591479 -0.70282
    outer loop
      vertex 9.26949 -15.952 1
      vertex 8.90366 -16.8958 0
      vertex 8.66675 -16.7375 0
    endloop
  endfacet
  facet normal 0.40733 0.58384 -0.702291
    outer loop
      vertex 8.90366 -16.8958 0
      vertex 9.4 -16.0392 1
      vertex 8.90495 -16.8967 0
    endloop
  endfacet
  facet normal 0.395201 0.591487 -0.702822
    outer loop
      vertex 9.4 -16.0392 1
      vertex 8.90366 -16.8958 0
      vertex 9.26949 -15.952 1
    endloop
  endfacet
  facet normal 0.6736 0.228734 -0.702812
    outer loop
      vertex 7.88503 -15.5683 0
      vertex 8.84089 -15.3106 1
      vertex 8.89135 -15.4592 1
    endloop
  endfacet
  facet normal 0.674756 0.224919 -0.702934
    outer loop
      vertex 8.84089 -15.3106 1
      vertex 7.88503 -15.5683 0
      vertex 7.88453 -15.5668 0
    endloop
  endfacet
  facet normal 0.591477 0.395234 -0.702812
    outer loop
      vertex 9.04798 -15.7305 1
      vertex 8.26248 -16.3332 0
      vertex 8.10418 -16.0963 0
    endloop
  endfacet
  facet normal 0.534932 0.468933 -0.702815
    outer loop
      vertex 9.04798 -15.7305 1
      vertex 8.45034 -16.5475 0
      vertex 8.26248 -16.3332 0
    endloop
  endfacet
  facet normal -0.046688 0.709839 -0.702815
    outer loop
      vertex 10.0016 -17.19 0
      vertex 10 -16.2 1
      vertex 10.1566 -16.1897 1
    endloop
  endfacet
  facet normal -0.0443697 0.709916 -0.702888
    outer loop
      vertex 10 -16.2 1
      vertex 10.0016 -17.19 0
      vertex 10 -17.1901 0
    endloop
  endfacet
  facet normal -0.318197 0.636395 -0.702675
    outer loop
      vertex 10.4592 -16.1087 1
      vertex 10.8395 -17.0227 0
      vertex 10.8381 -17.0234 0
    endloop
  endfacet
  facet normal -0.314877 0.63791 -0.702797
    outer loop
      vertex 10.8395 -17.0227 0
      vertex 10.4592 -16.1087 1
      vertex 10.6 -16.0392 1
    endloop
  endfacet
  facet normal -0.40516 0.585231 -0.702389
    outer loop
      vertex 10.6 -16.0392 1
      vertex 11.0963 -16.8958 0
      vertex 11.095 -16.8967 0
    endloop
  endfacet
  facet normal -0.395227 0.591481 -0.702813
    outer loop
      vertex 11.0963 -16.8958 0
      vertex 10.6 -16.0392 1
      vertex 10.7305 -15.952 1
    endloop
  endfacet
  facet normal -0.138833 -0.697662 -0.702846
    outer loop
      vertex 10.2859 -12.8286 0
      vertex 10.5653 -12.8842 0
      vertex 10.1566 -13.8103 1
    endloop
  endfacet
  facet normal -0.0464397 -0.709828 -0.702843
    outer loop
      vertex 10.2859 -12.8286 0
      vertex 10.1566 -13.8103 1
      vertex 10.0016 -12.81 0
    endloop
  endfacet
  facet normal -0.502483 -0.502483 -0.703577
    outer loop
      vertex 10.8485 -14.1515 1
      vertex 11.5475 -13.4503 0
      vertex 11.5486 -13.4514 0
    endloop
  endfacet
  facet normal -0.469058 -0.534772 -0.702854
    outer loop
      vertex 11.5475 -13.4503 0
      vertex 10.8485 -14.1515 1
      vertex 10.7305 -14.048 1
    endloop
  endfacet
  facet normal 0.697714 -0.138727 -0.702816
    outer loop
      vertex 7.88422 -14.4347 0
      vertex 8.84089 -14.6894 1
      vertex 8.81027 -14.8434 1
    endloop
  endfacet
  facet normal 0.696494 -0.143942 -0.702977
    outer loop
      vertex 8.84089 -14.6894 1
      vertex 7.88422 -14.4347 0
      vertex 7.88453 -14.4332 0
    endloop
  endfacet
  facet normal 0.138805 -0.697672 -0.702842
    outer loop
      vertex 9.71414 -12.8286 0
      vertex 9.84337 -13.8103 1
      vertex 9.43468 -12.8842 0
    endloop
  endfacet
  facet normal 0.0464382 -0.70983 -0.702841
    outer loop
      vertex 9.99845 -12.81 0
      vertex 9.84337 -13.8103 1
      vertex 9.71414 -12.8286 0
    endloop
  endfacet
  facet normal 0.138681 -0.697711 -0.702828
    outer loop
      vertex 9.68942 -13.8409 1
      vertex 9.43468 -12.8842 0
      vertex 9.84337 -13.8103 1
    endloop
  endfacet
  facet normal 0.137749 -0.697927 -0.702797
    outer loop
      vertex 9.43468 -12.8842 0
      vertex 9.68942 -13.8409 1
      vertex 9.43316 -12.8845 0
    endloop
  endfacet
  facet normal 0.228426 -0.673676 -0.702839
    outer loop
      vertex 9.43169 -12.885 0
      vertex 9.68942 -13.8409 1
      vertex 9.54078 -13.8913 1
    endloop
  endfacet
  facet normal 0.229074 -0.673478 -0.702817
    outer loop
      vertex 9.68942 -13.8409 1
      vertex 9.43169 -12.885 0
      vertex 9.43316 -12.8845 0
    endloop
  endfacet
  facet normal 0.534809 -0.469046 -0.702834
    outer loop
      vertex 8.45034 -13.4525 0
      vertex 9.15147 -14.1515 1
      vertex 9.04798 -14.2695 1
    endloop
  endfacet
  facet normal 0.518855 -0.485837 -0.703385
    outer loop
      vertex 9.15147 -14.1515 1
      vertex 8.45034 -13.4525 0
      vertex 8.45137 -13.4514 0
    endloop
  endfacet
  facet normal 0.138805 0.697672 -0.702842
    outer loop
      vertex 9.84337 -16.1897 1
      vertex 9.71414 -17.1714 0
      vertex 9.43468 -17.1158 0
    endloop
  endfacet
  facet normal 0.0464382 0.70983 -0.702841
    outer loop
      vertex 9.84337 -16.1897 1
      vertex 9.99845 -17.19 0
      vertex 9.71414 -17.1714 0
    endloop
  endfacet
  facet normal 0.469024 0.534823 -0.702838
    outer loop
      vertex 8.45253 -16.5497 0
      vertex 9.15147 -15.8485 1
      vertex 9.26949 -15.952 1
    endloop
  endfacet
  facet normal 0.489056 0.515732 -0.703452
    outer loop
      vertex 9.15147 -15.8485 1
      vertex 8.45253 -16.5497 0
      vertex 8.45137 -16.5486 0
    endloop
  endfacet
  facet normal -0.395234 0.591477 -0.702812
    outer loop
      vertex 11.3332 -16.7375 0
      vertex 11.0963 -16.8958 0
      vertex 10.7305 -15.952 1
    endloop
  endfacet
  facet normal -0.468846 0.535004 -0.702819
    outer loop
      vertex 11.5475 -16.5497 0
      vertex 11.3332 -16.7375 0
      vertex 10.7305 -15.952 1
    endloop
  endfacet
  facet normal -0.896898 -0.442238 0
    outer loop
      vertex 28.6955 -14.9693 0
      vertex 28.4641 -14.5 3
      vertex 28.4641 -14.5 0
    endloop
  endfacet
  facet normal -0.896898 -0.442238 0
    outer loop
      vertex 28.4641 -14.5 3
      vertex 28.6955 -14.9693 0
      vertex 28.6955 -14.9693 3
    endloop
  endfacet
  facet normal 0.980779 -0.195124 0
    outer loop
      vertex 21.0342 -15.9779 3
      vertex 21.1363 -15.4647 0
      vertex 21.1363 -15.4647 3
    endloop
  endfacet
  facet normal 0.980779 -0.195124 0
    outer loop
      vertex 21.1363 -15.4647 0
      vertex 21.0342 -15.9779 3
      vertex 21.0342 -15.9779 0
    endloop
  endfacet
  facet normal -0.831432 -0.555626 0
    outer loop
      vertex 28.4641 -14.5 0
      vertex 28.1734 -14.065 3
      vertex 28.1734 -14.065 0
    endloop
  endfacet
  facet normal -0.831432 -0.555626 0
    outer loop
      vertex 28.1734 -14.065 3
      vertex 28.4641 -14.5 0
      vertex 28.4641 -14.5 3
    endloop
  endfacet
  facet normal -0.321498 -0.94691 0
    outer loop
      vertex 26.0353 -12.6363 0
      vertex 26.5307 -12.8045 3
      vertex 26.0353 -12.6363 3
    endloop
  endfacet
  facet normal -0.321498 -0.94691 -0
    outer loop
      vertex 26.5307 -12.8045 3
      vertex 26.0353 -12.6363 0
      vertex 26.5307 -12.8045 0
    endloop
  endfacet
  facet normal 0.442238 -0.896898 0
    outer loop
      vertex 23 -13.0359 0
      vertex 23.4693 -12.8045 3
      vertex 23 -13.0359 3
    endloop
  endfacet
  facet normal 0.442238 -0.896898 0
    outer loop
      vertex 23.4693 -12.8045 3
      vertex 23 -13.0359 0
      vertex 23.4693 -12.8045 0
    endloop
  endfacet
  facet normal 0.94691 -0.321498 0
    outer loop
      vertex 21.1363 -15.4647 3
      vertex 21.3045 -14.9693 0
      vertex 21.3045 -14.9693 3
    endloop
  endfacet
  facet normal 0.94691 -0.321498 0
    outer loop
      vertex 21.3045 -14.9693 0
      vertex 21.1363 -15.4647 3
      vertex 21.1363 -15.4647 0
    endloop
  endfacet
  facet normal -0.442238 0.896898 0
    outer loop
      vertex 27 -19.9641 -2
      vertex 26.5307 -20.1955 3
      vertex 27 -19.9641 3
    endloop
  endfacet
  facet normal -0.442238 0.896898 0
    outer loop
      vertex 26.5307 -20.1955 3
      vertex 27 -19.9641 -2
      vertex 26.5307 -20.1955 -2
    endloop
  endfacet
  facet normal -0.0653646 -0.997861 0
    outer loop
      vertex 25 -12.5 0
      vertex 25.5221 -12.5342 3
      vertex 25 -12.5 3
    endloop
  endfacet
  facet normal -0.0653646 -0.997861 -0
    outer loop
      vertex 25.5221 -12.5342 3
      vertex 25 -12.5 0
      vertex 25.5221 -12.5342 0
    endloop
  endfacet
  facet normal 0.997861 0.0653646 0
    outer loop
      vertex 21.0342 -17.0221 3
      vertex 21 -16.5 0
      vertex 21 -16.5 3
    endloop
  endfacet
  facet normal 0.997861 0.0653646 0
    outer loop
      vertex 21 -16.5 0
      vertex 21.0342 -17.0221 3
      vertex 21.0342 -17.0221 0
    endloop
  endfacet
  facet normal 0.831432 -0.555626 0
    outer loop
      vertex 21.5359 -14.5 3
      vertex 21.8266 -14.065 0
      vertex 21.8266 -14.065 3
    endloop
  endfacet
  facet normal 0.831432 -0.555626 0
    outer loop
      vertex 21.8266 -14.065 0
      vertex 21.5359 -14.5 3
      vertex 21.5359 -14.5 0
    endloop
  endfacet
  facet normal 0.555626 -0.831432 0
    outer loop
      vertex 22.565 -13.3266 0
      vertex 23 -13.0359 3
      vertex 22.565 -13.3266 3
    endloop
  endfacet
  facet normal 0.555626 -0.831432 0
    outer loop
      vertex 23 -13.0359 3
      vertex 22.565 -13.3266 0
      vertex 23 -13.0359 0
    endloop
  endfacet
  facet normal 0.659343 -0.751842 0
    outer loop
      vertex 22.1716 -13.6716 0
      vertex 22.565 -13.3266 3
      vertex 22.1716 -13.6716 3
    endloop
  endfacet
  facet normal 0.659343 -0.751842 0
    outer loop
      vertex 22.565 -13.3266 3
      vertex 22.1716 -13.6716 0
      vertex 22.565 -13.3266 0
    endloop
  endfacet
  facet normal -0.997861 -0.0653646 0
    outer loop
      vertex 29 -16.5 0
      vertex 28.9658 -15.9779 3
      vertex 28.9658 -15.9779 0
    endloop
  endfacet
  facet normal -0.997861 -0.0653646 0
    outer loop
      vertex 28.9658 -15.9779 3
      vertex 29 -16.5 0
      vertex 29 -16.5 3
    endloop
  endfacet
  facet normal -0.555626 0.831432 0
    outer loop
      vertex 27.435 -19.6734 -2
      vertex 27 -19.9641 3
      vertex 27.435 -19.6734 3
    endloop
  endfacet
  facet normal -0.555626 0.831432 0
    outer loop
      vertex 27 -19.9641 3
      vertex 27.435 -19.6734 -2
      vertex 27 -19.9641 -2
    endloop
  endfacet
  facet normal -0.94691 0.321498 0
    outer loop
      vertex 28.6955 -18.0307 0
      vertex 28.8637 -17.5353 3
      vertex 28.8637 -17.5353 0
    endloop
  endfacet
  facet normal -0.94691 0.321498 0
    outer loop
      vertex 28.8637 -17.5353 3
      vertex 28.6955 -18.0307 0
      vertex 28.6955 -18.0307 3
    endloop
  endfacet
  facet normal 0.0653646 0.997861 -0
    outer loop
      vertex 25 -20.5 -2
      vertex 24.4779 -20.4658 3
      vertex 25 -20.5 3
    endloop
  endfacet
  facet normal 0.0653646 0.997861 0
    outer loop
      vertex 24.4779 -20.4658 3
      vertex 25 -20.5 -2
      vertex 24.4779 -20.4658 -2
    endloop
  endfacet
  facet normal -0.321498 0.94691 0
    outer loop
      vertex 26.5307 -20.1955 -2
      vertex 26.0353 -20.3637 3
      vertex 26.5307 -20.1955 3
    endloop
  endfacet
  facet normal -0.321498 0.94691 0
    outer loop
      vertex 26.0353 -20.3637 3
      vertex 26.5307 -20.1955 -2
      vertex 26.0353 -20.3637 -2
    endloop
  endfacet
  facet normal -0.980779 -0.195124 0
    outer loop
      vertex 28.9658 -15.9779 0
      vertex 28.8637 -15.4647 3
      vertex 28.8637 -15.4647 0
    endloop
  endfacet
  facet normal -0.980779 -0.195124 0
    outer loop
      vertex 28.8637 -15.4647 3
      vertex 28.9658 -15.9779 0
      vertex 28.9658 -15.9779 3
    endloop
  endfacet
  facet normal -0.94691 -0.321498 0
    outer loop
      vertex 28.8637 -15.4647 0
      vertex 28.6955 -14.9693 3
      vertex 28.6955 -14.9693 0
    endloop
  endfacet
  facet normal -0.94691 -0.321498 0
    outer loop
      vertex 28.6955 -14.9693 3
      vertex 28.8637 -15.4647 0
      vertex 28.8637 -15.4647 3
    endloop
  endfacet
  facet normal -0.659343 -0.751842 0
    outer loop
      vertex 27.435 -13.3266 0
      vertex 27.8284 -13.6716 3
      vertex 27.435 -13.3266 3
    endloop
  endfacet
  facet normal -0.659343 -0.751842 -0
    outer loop
      vertex 27.8284 -13.6716 3
      vertex 27.435 -13.3266 0
      vertex 27.8284 -13.6716 0
    endloop
  endfacet
  facet normal -0.751842 -0.659343 0
    outer loop
      vertex 28.1734 -14.065 0
      vertex 27.8284 -13.6716 3
      vertex 27.8284 -13.6716 0
    endloop
  endfacet
  facet normal -0.751842 -0.659343 0
    outer loop
      vertex 27.8284 -13.6716 3
      vertex 28.1734 -14.065 0
      vertex 28.1734 -14.065 3
    endloop
  endfacet
  facet normal 0.0653646 -0.997861 0
    outer loop
      vertex 24.4779 -12.5342 0
      vertex 25 -12.5 3
      vertex 24.4779 -12.5342 3
    endloop
  endfacet
  facet normal 0.0653646 -0.997861 0
    outer loop
      vertex 25 -12.5 3
      vertex 24.4779 -12.5342 0
      vertex 25 -12.5 0
    endloop
  endfacet
  facet normal -0.195124 -0.980779 0
    outer loop
      vertex 25.5221 -12.5342 0
      vertex 26.0353 -12.6363 3
      vertex 25.5221 -12.5342 3
    endloop
  endfacet
  facet normal -0.195124 -0.980779 -0
    outer loop
      vertex 26.0353 -12.6363 3
      vertex 25.5221 -12.5342 0
      vertex 26.0353 -12.6363 0
    endloop
  endfacet
  facet normal -0.555626 -0.831432 0
    outer loop
      vertex 27 -13.0359 0
      vertex 27.435 -13.3266 3
      vertex 27 -13.0359 3
    endloop
  endfacet
  facet normal -0.555626 -0.831432 -0
    outer loop
      vertex 27.435 -13.3266 3
      vertex 27 -13.0359 0
      vertex 27.435 -13.3266 0
    endloop
  endfacet
  facet normal -0.442238 -0.896898 0
    outer loop
      vertex 26.5307 -12.8045 0
      vertex 27 -13.0359 3
      vertex 26.5307 -12.8045 3
    endloop
  endfacet
  facet normal -0.442238 -0.896898 -0
    outer loop
      vertex 27 -13.0359 3
      vertex 26.5307 -12.8045 0
      vertex 27 -13.0359 0
    endloop
  endfacet
  facet normal 0.896898 -0.442238 0
    outer loop
      vertex 21.3045 -14.9693 3
      vertex 21.5359 -14.5 0
      vertex 21.5359 -14.5 3
    endloop
  endfacet
  facet normal 0.896898 -0.442238 0
    outer loop
      vertex 21.5359 -14.5 0
      vertex 21.3045 -14.9693 3
      vertex 21.3045 -14.9693 0
    endloop
  endfacet
  facet normal 0.195124 -0.980779 0
    outer loop
      vertex 23.9647 -12.6363 0
      vertex 24.4779 -12.5342 3
      vertex 23.9647 -12.6363 3
    endloop
  endfacet
  facet normal 0.195124 -0.980779 0
    outer loop
      vertex 24.4779 -12.5342 3
      vertex 23.9647 -12.6363 0
      vertex 24.4779 -12.5342 0
    endloop
  endfacet
  facet normal 0.321498 -0.94691 0
    outer loop
      vertex 23.4693 -12.8045 0
      vertex 23.9647 -12.6363 3
      vertex 23.4693 -12.8045 3
    endloop
  endfacet
  facet normal 0.321498 -0.94691 0
    outer loop
      vertex 23.9647 -12.6363 3
      vertex 23.4693 -12.8045 0
      vertex 23.9647 -12.6363 0
    endloop
  endfacet
  facet normal 0.751842 -0.659343 0
    outer loop
      vertex 21.8266 -14.065 3
      vertex 22.1716 -13.6716 0
      vertex 22.1716 -13.6716 3
    endloop
  endfacet
  facet normal 0.751842 -0.659343 0
    outer loop
      vertex 22.1716 -13.6716 0
      vertex 21.8266 -14.065 3
      vertex 21.8266 -14.065 0
    endloop
  endfacet
  facet normal -0.997861 0.0653646 0
    outer loop
      vertex 28.9658 -17.0221 0
      vertex 29 -16.5 3
      vertex 29 -16.5 0
    endloop
  endfacet
  facet normal -0.997861 0.0653646 0
    outer loop
      vertex 29 -16.5 3
      vertex 28.9658 -17.0221 0
      vertex 28.9658 -17.0221 3
    endloop
  endfacet
  facet normal -0.831289 0.55584 0
    outer loop
      vertex 28.2971 -18.75 -2
      vertex 28.1734 -18.935 -2
      vertex 28.2971 -18.75 0
    endloop
  endfacet
  facet normal -0.831538 0.555468 0
    outer loop
      vertex 28.2971 -18.75 0
      vertex 28.4641 -18.5 3
      vertex 28.4641 -18.5 0
    endloop
  endfacet
  facet normal -0.831289 0.55584 0
    outer loop
      vertex 28.1734 -18.935 3
      vertex 28.2971 -18.75 0
      vertex 28.1734 -18.935 -2
    endloop
  endfacet
  facet normal -0.831432 0.555626 -1.91134e-05
    outer loop
      vertex 28.2971 -18.75 0
      vertex 28.1734 -18.935 3
      vertex 28.4641 -18.5 3
    endloop
  endfacet
  facet normal -0.896898 0.442238 0
    outer loop
      vertex 28.4641 -18.5 0
      vertex 28.6955 -18.0307 3
      vertex 28.6955 -18.0307 0
    endloop
  endfacet
  facet normal -0.896898 0.442238 0
    outer loop
      vertex 28.6955 -18.0307 3
      vertex 28.4641 -18.5 0
      vertex 28.4641 -18.5 3
    endloop
  endfacet
  facet normal 0.195124 0.980779 -0
    outer loop
      vertex 24.4779 -20.4658 -2
      vertex 23.9647 -20.3637 3
      vertex 24.4779 -20.4658 3
    endloop
  endfacet
  facet normal 0.195124 0.980779 0
    outer loop
      vertex 23.9647 -20.3637 3
      vertex 24.4779 -20.4658 -2
      vertex 23.9647 -20.3637 -2
    endloop
  endfacet
  facet normal 0.751842 0.659343 0
    outer loop
      vertex 22.1716 -19.3284 3
      vertex 21.8266 -18.935 -2
      vertex 21.8266 -18.935 3
    endloop
  endfacet
  facet normal 0.751842 0.659343 0
    outer loop
      vertex 21.8266 -18.935 -2
      vertex 22.1716 -19.3284 3
      vertex 22.1716 -19.3284 -2
    endloop
  endfacet
  facet normal 0.831538 0.555468 0
    outer loop
      vertex 21.5359 -18.5 3
      vertex 21.7029 -18.75 0
      vertex 21.5359 -18.5 0
    endloop
  endfacet
  facet normal 0.831432 0.555626 -1.91134e-05
    outer loop
      vertex 21.8266 -18.935 3
      vertex 21.7029 -18.75 0
      vertex 21.5359 -18.5 3
    endloop
  endfacet
  facet normal 0.831289 0.55584 -0
    outer loop
      vertex 21.8266 -18.935 -2
      vertex 21.7029 -18.75 0
      vertex 21.8266 -18.935 3
    endloop
  endfacet
  facet normal 0.831289 0.55584 0
    outer loop
      vertex 21.7029 -18.75 0
      vertex 21.8266 -18.935 -2
      vertex 21.7029 -18.75 -2
    endloop
  endfacet
  facet normal -0.195124 0.980779 0
    outer loop
      vertex 26.0353 -20.3637 -2
      vertex 25.5221 -20.4658 3
      vertex 26.0353 -20.3637 3
    endloop
  endfacet
  facet normal -0.195124 0.980779 0
    outer loop
      vertex 25.5221 -20.4658 3
      vertex 26.0353 -20.3637 -2
      vertex 25.5221 -20.4658 -2
    endloop
  endfacet
  facet normal 0.997861 -0.0653646 0
    outer loop
      vertex 21 -16.5 3
      vertex 21.0342 -15.9779 0
      vertex 21.0342 -15.9779 3
    endloop
  endfacet
  facet normal 0.997861 -0.0653646 0
    outer loop
      vertex 21.0342 -15.9779 0
      vertex 21 -16.5 3
      vertex 21 -16.5 0
    endloop
  endfacet
  facet normal 0.321498 0.94691 -0
    outer loop
      vertex 23.9647 -20.3637 -2
      vertex 23.4693 -20.1955 3
      vertex 23.9647 -20.3637 3
    endloop
  endfacet
  facet normal 0.321498 0.94691 0
    outer loop
      vertex 23.4693 -20.1955 3
      vertex 23.9647 -20.3637 -2
      vertex 23.4693 -20.1955 -2
    endloop
  endfacet
  facet normal 0.980779 0.195124 0
    outer loop
      vertex 21.1363 -17.5353 3
      vertex 21.0342 -17.0221 0
      vertex 21.0342 -17.0221 3
    endloop
  endfacet
  facet normal 0.980779 0.195124 0
    outer loop
      vertex 21.0342 -17.0221 0
      vertex 21.1363 -17.5353 3
      vertex 21.1363 -17.5353 0
    endloop
  endfacet
  facet normal 0.896898 0.442238 0
    outer loop
      vertex 21.5359 -18.5 3
      vertex 21.3045 -18.0307 0
      vertex 21.3045 -18.0307 3
    endloop
  endfacet
  facet normal 0.896898 0.442238 0
    outer loop
      vertex 21.3045 -18.0307 0
      vertex 21.5359 -18.5 3
      vertex 21.5359 -18.5 0
    endloop
  endfacet
  facet normal -0.659343 0.751842 0
    outer loop
      vertex 27.8284 -19.3284 -2
      vertex 27.435 -19.6734 3
      vertex 27.8284 -19.3284 3
    endloop
  endfacet
  facet normal -0.659343 0.751842 0
    outer loop
      vertex 27.435 -19.6734 3
      vertex 27.8284 -19.3284 -2
      vertex 27.435 -19.6734 -2
    endloop
  endfacet
  facet normal -0.980779 0.195124 0
    outer loop
      vertex 28.8637 -17.5353 0
      vertex 28.9658 -17.0221 3
      vertex 28.9658 -17.0221 0
    endloop
  endfacet
  facet normal -0.980779 0.195124 0
    outer loop
      vertex 28.9658 -17.0221 3
      vertex 28.8637 -17.5353 0
      vertex 28.8637 -17.5353 3
    endloop
  endfacet
  facet normal 0.555626 0.831432 -0
    outer loop
      vertex 23 -19.9641 -2
      vertex 22.565 -19.6734 3
      vertex 23 -19.9641 3
    endloop
  endfacet
  facet normal 0.555626 0.831432 0
    outer loop
      vertex 22.565 -19.6734 3
      vertex 23 -19.9641 -2
      vertex 22.565 -19.6734 -2
    endloop
  endfacet
  facet normal -0.0653646 0.997861 0
    outer loop
      vertex 25.5221 -20.4658 -2
      vertex 25 -20.5 3
      vertex 25.5221 -20.4658 3
    endloop
  endfacet
  facet normal -0.0653646 0.997861 0
    outer loop
      vertex 25 -20.5 3
      vertex 25.5221 -20.4658 -2
      vertex 25 -20.5 -2
    endloop
  endfacet
  facet normal 0.442238 0.896898 -0
    outer loop
      vertex 23.4693 -20.1955 -2
      vertex 23 -19.9641 3
      vertex 23.4693 -20.1955 3
    endloop
  endfacet
  facet normal 0.442238 0.896898 0
    outer loop
      vertex 23 -19.9641 3
      vertex 23.4693 -20.1955 -2
      vertex 23 -19.9641 -2
    endloop
  endfacet
  facet normal 0.94691 0.321498 0
    outer loop
      vertex 21.3045 -18.0307 3
      vertex 21.1363 -17.5353 0
      vertex 21.1363 -17.5353 3
    endloop
  endfacet
  facet normal 0.94691 0.321498 0
    outer loop
      vertex 21.1363 -17.5353 0
      vertex 21.3045 -18.0307 3
      vertex 21.3045 -18.0307 0
    endloop
  endfacet
  facet normal 0.659343 0.751842 -0
    outer loop
      vertex 22.565 -19.6734 -2
      vertex 22.1716 -19.3284 3
      vertex 22.565 -19.6734 3
    endloop
  endfacet
  facet normal 0.659343 0.751842 0
    outer loop
      vertex 22.1716 -19.3284 3
      vertex 22.565 -19.6734 -2
      vertex 22.1716 -19.3284 -2
    endloop
  endfacet
  facet normal -0.751842 0.659343 0
    outer loop
      vertex 27.8284 -19.3284 -2
      vertex 28.1734 -18.935 3
      vertex 28.1734 -18.935 -2
    endloop
  endfacet
  facet normal -0.751842 0.659343 0
    outer loop
      vertex 28.1734 -18.935 3
      vertex 27.8284 -19.3284 -2
      vertex 27.8284 -19.3284 3
    endloop
  endfacet
endsolid OpenSCAD_Model
