solid OpenSCAD_Model
  facet normal 0.878248 0.0575626 -0.474729
    outer loop
      vertex 4 0 0
      vertex 3.96578 0.522104 0
      vertex 6 0 3.7
    endloop
  endfacet
  facet normal -0.580307 0.661723 -0.474727
    outer loop
      vertex -2.82843 2.82843 0
      vertex -4.24264 4.24264 3.7
      vertex -2.43505 3.17341 0
    endloop
  endfacet
  facet normal 0.580307 -0.661723 -0.474727
    outer loop
      vertex 4.24264 -4.24264 3.7
      vertex 2.43505 -3.17341 0
      vertex 2.82843 -2.82843 0
    endloop
  endfacet
  facet normal -0.833427 -0.2829 -0.474728
    outer loop
      vertex -5.54328 -2.2961 3.7
      vertex -5.79555 -1.55291 3.7
      vertex -3.8637 -1.03528 0
    endloop
  endfacet
  facet normal 0.86322 0.17171 -0.474728
    outer loop
      vertex 3.96578 0.522104 0
      vertex 3.8637 1.03528 0
      vertex 5.79555 1.55291 3.7
    endloop
  endfacet
  facet normal 0.389275 -0.789365 -0.474729
    outer loop
      vertex 2 -3.4641 0
      vertex 2.2961 -5.54328 3.7
      vertex 1.53073 -3.69552 0
    endloop
  endfacet
  facet normal 0.389277 -0.789364 -0.474729
    outer loop
      vertex 2.2961 -5.54328 3.7
      vertex 2 -3.4641 0
      vertex 3 -5.19615 3.7
    endloop
  endfacet
  facet normal -0.282905 -0.833425 -0.474729
    outer loop
      vertex -1.03528 -3.8637 0
      vertex -2.2961 -5.54328 3.7
      vertex -1.53073 -3.69552 0
    endloop
  endfacet
  facet normal -0.878248 -0.0575626 -0.474729
    outer loop
      vertex -3.96578 -0.522104 0
      vertex -6 0 3.7
      vertex -4 0 0
    endloop
  endfacet
  facet normal -0.789364 0.389277 -0.474729
    outer loop
      vertex -3.4641 2 0
      vertex -5.54328 2.2961 3.7
      vertex -5.19615 3 3.7
    endloop
  endfacet
  facet normal -0.789365 0.389275 -0.474729
    outer loop
      vertex -5.54328 2.2961 3.7
      vertex -3.4641 2 0
      vertex -3.69552 1.53073 0
    endloop
  endfacet
  facet normal 0.661723 0.580307 -0.474727
    outer loop
      vertex 3.17341 2.43505 0
      vertex 2.82843 2.82843 0
      vertex 4.24264 4.24264 3.7
    endloop
  endfacet
  facet normal 0.86322 -0.17171 -0.474728
    outer loop
      vertex 5.79555 -1.55291 3.7
      vertex 3.8637 -1.03528 0
      vertex 3.96578 -0.522104 0
    endloop
  endfacet
  facet normal 0.731805 -0.488973 -0.474729
    outer loop
      vertex 4.76012 -3.65257 3.7
      vertex 3.17341 -2.43505 0
      vertex 5.19615 -3 3.7
    endloop
  endfacet
  facet normal 0.833427 -0.2829 -0.474728
    outer loop
      vertex 5.54328 -2.2961 3.7
      vertex 3.8637 -1.03528 0
      vertex 5.79555 -1.55291 3.7
    endloop
  endfacet
  facet normal 0.488973 -0.731805 -0.474729
    outer loop
      vertex 3 -5.19615 3.7
      vertex 2.43505 -3.17341 0
      vertex 3.65257 -4.76012 3.7
    endloop
  endfacet
  facet normal 0.2829 -0.833427 -0.474728
    outer loop
      vertex 1.55291 -5.79555 3.7
      vertex 1.03528 -3.8637 0
      vertex 2.2961 -5.54328 3.7
    endloop
  endfacet
  facet normal -0.789365 -0.389275 -0.474729
    outer loop
      vertex -3.4641 -2 0
      vertex -5.54328 -2.2961 3.7
      vertex -3.69552 -1.53073 0
    endloop
  endfacet
  facet normal -0.789364 -0.389277 -0.474729
    outer loop
      vertex -5.54328 -2.2961 3.7
      vertex -3.4641 -2 0
      vertex -5.19615 -3 3.7
    endloop
  endfacet
  facet normal -0.661723 -0.580307 -0.474727
    outer loop
      vertex -2.82843 -2.82843 0
      vertex -4.24264 -4.24264 3.7
      vertex -3.17341 -2.43505 0
    endloop
  endfacet
  facet normal -0.389277 -0.789364 -0.474729
    outer loop
      vertex -2 -3.4641 0
      vertex -2.2961 -5.54328 3.7
      vertex -3 -5.19615 3.7
    endloop
  endfacet
  facet normal -0.389275 -0.789365 -0.474729
    outer loop
      vertex -2.2961 -5.54328 3.7
      vertex -2 -3.4641 0
      vertex -1.53073 -3.69552 0
    endloop
  endfacet
  facet normal -0.17171 -0.86322 -0.474728
    outer loop
      vertex -0.522104 -3.96578 0
      vertex -1.55291 -5.79555 3.7
      vertex -1.03528 -3.8637 0
    endloop
  endfacet
  facet normal -0.86322 0.17171 -0.474728
    outer loop
      vertex -3.96578 0.522104 0
      vertex -5.79555 1.55291 3.7
      vertex -3.8637 1.03528 0
    endloop
  endfacet
  facet normal -0.731805 0.488973 -0.474729
    outer loop
      vertex -3.17341 2.43505 0
      vertex -5.19615 3 3.7
      vertex -4.76012 3.65257 3.7
    endloop
  endfacet
  facet normal -0.833427 0.2829 -0.474728
    outer loop
      vertex -3.8637 1.03528 0
      vertex -5.79555 1.55291 3.7
      vertex -5.54328 2.2961 3.7
    endloop
  endfacet
  facet normal -0.488973 0.731805 -0.474729
    outer loop
      vertex -2.43505 3.17341 0
      vertex -3.65257 4.76012 3.7
      vertex -3 5.19615 3.7
    endloop
  endfacet
  facet normal -0.2829 0.833427 -0.474728
    outer loop
      vertex -1.03528 3.8637 0
      vertex -2.2961 5.54328 3.7
      vertex -1.55291 5.79555 3.7
    endloop
  endfacet
  facet normal 0.17171 0.86322 -0.474728
    outer loop
      vertex 1.03528 3.8637 0
      vertex 0.522104 3.96578 0
      vertex 1.55291 5.79555 3.7
    endloop
  endfacet
  facet normal 0.488973 0.731805 -0.474729
    outer loop
      vertex 3.65257 4.76012 3.7
      vertex 2.43505 3.17341 0
      vertex 3 5.19615 3.7
    endloop
  endfacet
  facet normal 0.731805 0.488973 -0.474729
    outer loop
      vertex 5.19615 3 3.7
      vertex 3.17341 2.43505 0
      vertex 4.76012 3.65257 3.7
    endloop
  endfacet
  facet normal 0.2829 0.833427 -0.474728
    outer loop
      vertex 2.2961 5.54328 3.7
      vertex 1.03528 3.8637 0
      vertex 1.55291 5.79555 3.7
    endloop
  endfacet
  facet normal 0.878248 0.0575626 -0.474729
    outer loop
      vertex 6 0 3.7
      vertex 3.96578 0.522104 0
      vertex 5.94867 0.783156 3.7
    endloop
  endfacet
  facet normal 0.863219 0.171712 -0.474728
    outer loop
      vertex 5.94867 0.783156 3.7
      vertex 3.96578 0.522104 0
      vertex 5.79555 1.55291 3.7
    endloop
  endfacet
  facet normal 0.878248 -0.0575626 -0.474729
    outer loop
      vertex 6 0 3.7
      vertex 3.96578 -0.522104 0
      vertex 4 0 0
    endloop
  endfacet
  facet normal 0.731804 -0.488974 -0.474728
    outer loop
      vertex 5.19615 -3 3.7
      vertex 3.17341 -2.43505 0
      vertex 3.4641 -2 0
    endloop
  endfacet
  facet normal 0.833425 -0.282905 -0.474729
    outer loop
      vertex 5.54328 -2.2961 3.7
      vertex 3.69552 -1.53073 0
      vertex 3.8637 -1.03528 0
    endloop
  endfacet
  facet normal 0.580313 -0.661717 -0.474729
    outer loop
      vertex 3.65257 -4.76012 3.7
      vertex 2.43505 -3.17341 0
      vertex 4.24264 -4.24264 3.7
    endloop
  endfacet
  facet normal 0.0575626 -0.878248 -0.474729
    outer loop
      vertex 0.522104 -3.96578 0
      vertex 0 -6 3.7
      vertex 0 -4 0
    endloop
  endfacet
  facet normal 0.171712 -0.863219 -0.474728
    outer loop
      vertex 0.783156 -5.94867 3.7
      vertex 0.522104 -3.96578 0
      vertex 1.55291 -5.79555 3.7
    endloop
  endfacet
  facet normal 0.0575626 -0.878248 -0.474729
    outer loop
      vertex 0.783156 -5.94867 3.7
      vertex 0 -6 3.7
      vertex 0.522104 -3.96578 0
    endloop
  endfacet
  facet normal -0.863219 -0.171712 -0.474728
    outer loop
      vertex -5.79555 -1.55291 3.7
      vertex -5.94867 -0.783156 3.7
      vertex -3.96578 -0.522104 0
    endloop
  endfacet
  facet normal -0.878248 -0.0575626 -0.474729
    outer loop
      vertex -5.94867 -0.783156 3.7
      vertex -6 0 3.7
      vertex -3.96578 -0.522104 0
    endloop
  endfacet
  facet normal -0.833425 -0.282905 -0.474729
    outer loop
      vertex -3.69552 -1.53073 0
      vertex -5.54328 -2.2961 3.7
      vertex -3.8637 -1.03528 0
    endloop
  endfacet
  facet normal -0.2829 -0.833427 -0.474728
    outer loop
      vertex -1.55291 -5.79555 3.7
      vertex -2.2961 -5.54328 3.7
      vertex -1.03528 -3.8637 0
    endloop
  endfacet
  facet normal -0.0575626 -0.878248 -0.474729
    outer loop
      vertex 0 -6 3.7
      vertex -0.522104 -3.96578 0
      vertex 0 -4 0
    endloop
  endfacet
  facet normal -0.878248 0.0575626 -0.474729
    outer loop
      vertex -4 0 0
      vertex -6 0 3.7
      vertex -3.96578 0.522104 0
    endloop
  endfacet
  facet normal -0.731804 0.488974 -0.474728
    outer loop
      vertex -3.4641 2 0
      vertex -5.19615 3 3.7
      vertex -3.17341 2.43505 0
    endloop
  endfacet
  facet normal -0.833425 0.282905 -0.474729
    outer loop
      vertex -3.8637 1.03528 0
      vertex -5.54328 2.2961 3.7
      vertex -3.69552 1.53073 0
    endloop
  endfacet
  facet normal -0.580313 0.661717 -0.474729
    outer loop
      vertex -2.43505 3.17341 0
      vertex -4.24264 4.24264 3.7
      vertex -3.65257 4.76012 3.7
    endloop
  endfacet
  facet normal -0.0575626 0.878248 -0.474729
    outer loop
      vertex 0 4 0
      vertex -0.522104 3.96578 0
      vertex 0 6 3.7
    endloop
  endfacet
  facet normal -0.171712 0.863219 -0.474728
    outer loop
      vertex -0.522104 3.96578 0
      vertex -1.55291 5.79555 3.7
      vertex -0.783156 5.94867 3.7
    endloop
  endfacet
  facet normal -0.0575626 0.878248 -0.474729
    outer loop
      vertex -0.522104 3.96578 0
      vertex -0.783156 5.94867 3.7
      vertex 0 6 3.7
    endloop
  endfacet
  facet normal 0.0575626 0.878248 -0.474729
    outer loop
      vertex 0.522104 3.96578 0
      vertex 0 4 0
      vertex 0 6 3.7
    endloop
  endfacet
  facet normal 0.488974 0.731804 -0.474728
    outer loop
      vertex 2.43505 3.17341 0
      vertex 2 3.4641 0
      vertex 3 5.19615 3.7
    endloop
  endfacet
  facet normal 0.661717 0.580313 -0.474729
    outer loop
      vertex 4.76012 3.65257 3.7
      vertex 3.17341 2.43505 0
      vertex 4.24264 4.24264 3.7
    endloop
  endfacet
  facet normal 0.282905 0.833425 -0.474729
    outer loop
      vertex 1.53073 3.69552 0
      vertex 1.03528 3.8637 0
      vertex 2.2961 5.54328 3.7
    endloop
  endfacet
  facet normal 0.878248 -0.0575626 -0.474729
    outer loop
      vertex 5.94867 -0.783156 3.7
      vertex 3.96578 -0.522104 0
      vertex 6 0 3.7
    endloop
  endfacet
  facet normal 0.863219 -0.171712 -0.474728
    outer loop
      vertex 5.79555 -1.55291 3.7
      vertex 3.96578 -0.522104 0
      vertex 5.94867 -0.783156 3.7
    endloop
  endfacet
  facet normal 0.661717 -0.580313 -0.474729
    outer loop
      vertex 4.24264 -4.24264 3.7
      vertex 3.17341 -2.43505 0
      vertex 4.76012 -3.65257 3.7
    endloop
  endfacet
  facet normal 0.661723 -0.580307 -0.474727
    outer loop
      vertex 4.24264 -4.24264 3.7
      vertex 2.82843 -2.82843 0
      vertex 3.17341 -2.43505 0
    endloop
  endfacet
  facet normal 0.282905 -0.833425 -0.474729
    outer loop
      vertex 2.2961 -5.54328 3.7
      vertex 1.03528 -3.8637 0
      vertex 1.53073 -3.69552 0
    endloop
  endfacet
  facet normal 0.17171 -0.86322 -0.474728
    outer loop
      vertex 1.55291 -5.79555 3.7
      vertex 0.522104 -3.96578 0
      vertex 1.03528 -3.8637 0
    endloop
  endfacet
  facet normal 0 0 -1
    outer loop
      vertex 1.6 0 0
      vertex 4 0 0
      vertex 3.96578 -0.522104 0
    endloop
  endfacet
  facet normal 0 0 -1
    outer loop
      vertex 1.58631 -0.208841 0
      vertex 3.96578 -0.522104 0
      vertex 3.8637 -1.03528 0
    endloop
  endfacet
  facet normal 0 0 -1
    outer loop
      vertex 4 0 0
      vertex 1.6 0 0
      vertex 3.96578 0.522104 0
    endloop
  endfacet
  facet normal 0 0 -1
    outer loop
      vertex 1.54548 -0.41411 0
      vertex 3.8637 -1.03528 0
      vertex 3.69552 -1.53073 0
    endloop
  endfacet
  facet normal 0 0 -1
    outer loop
      vertex 1.58631 0.208841 0
      vertex 3.96578 0.522104 0
      vertex 1.6 0 0
    endloop
  endfacet
  facet normal 0 0 -1
    outer loop
      vertex 1.47821 -0.612293 0
      vertex 3.69552 -1.53073 0
      vertex 3.4641 -2 0
    endloop
  endfacet
  facet normal -0 0 -1
    outer loop
      vertex 3.96578 0.522104 0
      vertex 1.58631 0.208841 0
      vertex 3.8637 1.03528 0
    endloop
  endfacet
  facet normal 0 0 -1
    outer loop
      vertex 1.38564 -0.799999 0
      vertex 3.4641 -2 0
      vertex 3.17341 -2.43505 0
    endloop
  endfacet
  facet normal 0 0 -1
    outer loop
      vertex 1.54548 0.41411 0
      vertex 3.8637 1.03528 0
      vertex 1.58631 0.208841 0
    endloop
  endfacet
  facet normal 0 0 -1
    outer loop
      vertex 1.26937 -0.974018 0
      vertex 3.17341 -2.43505 0
      vertex 2.82843 -2.82843 0
    endloop
  endfacet
  facet normal -0 0 -1
    outer loop
      vertex 3.8637 1.03528 0
      vertex 1.54548 0.41411 0
      vertex 3.69552 1.53073 0
    endloop
  endfacet
  facet normal 0 0 -1
    outer loop
      vertex 1.13137 -1.13137 0
      vertex 2.82843 -2.82843 0
      vertex 2.43505 -3.17341 0
    endloop
  endfacet
  facet normal 0 0 -1
    outer loop
      vertex 1.47821 0.612293 0
      vertex 3.69552 1.53073 0
      vertex 1.54548 0.41411 0
    endloop
  endfacet
  facet normal 0 0 -1
    outer loop
      vertex 0.974018 -1.26937 0
      vertex 2.43505 -3.17341 0
      vertex 2 -3.4641 0
    endloop
  endfacet
  facet normal -0 0 -1
    outer loop
      vertex 3.69552 1.53073 0
      vertex 1.47821 0.612293 0
      vertex 3.4641 2 0
    endloop
  endfacet
  facet normal 0 0 -1
    outer loop
      vertex 1.38564 0.799999 0
      vertex 3.4641 2 0
      vertex 1.47821 0.612293 0
    endloop
  endfacet
  facet normal 0 0 -1
    outer loop
      vertex 3.96578 -0.522104 0
      vertex 1.58631 -0.208841 0
      vertex 1.6 0 0
    endloop
  endfacet
  facet normal 0 0 -1
    outer loop
      vertex 3.8637 -1.03528 0
      vertex 1.54548 -0.41411 0
      vertex 1.58631 -0.208841 0
    endloop
  endfacet
  facet normal 0 0 -1
    outer loop
      vertex 0.799999 -1.38564 0
      vertex 2 -3.4641 0
      vertex 1.53073 -3.69552 0
    endloop
  endfacet
  facet normal 0 0 -1
    outer loop
      vertex 3.69552 -1.53073 0
      vertex 1.47821 -0.612293 0
      vertex 1.54548 -0.41411 0
    endloop
  endfacet
  facet normal 0 0 -1
    outer loop
      vertex 3.4641 -2 0
      vertex 1.38564 -0.799999 0
      vertex 1.47821 -0.612293 0
    endloop
  endfacet
  facet normal 0 0 -1
    outer loop
      vertex 3.17341 -2.43505 0
      vertex 1.26937 -0.974018 0
      vertex 1.38564 -0.799999 0
    endloop
  endfacet
  facet normal 0 0 -1
    outer loop
      vertex 2.82843 -2.82843 0
      vertex 1.13137 -1.13137 0
      vertex 1.26937 -0.974018 0
    endloop
  endfacet
  facet normal 0 0 -1
    outer loop
      vertex 0.612293 -1.47821 0
      vertex 1.53073 -3.69552 0
      vertex 1.03528 -3.8637 0
    endloop
  endfacet
  facet normal 0 0 -1
    outer loop
      vertex 2.43505 -3.17341 0
      vertex 0.974018 -1.26937 0
      vertex 1.13137 -1.13137 0
    endloop
  endfacet
  facet normal 0 0 -1
    outer loop
      vertex 2 -3.4641 0
      vertex 0.799999 -1.38564 0
      vertex 0.974018 -1.26937 0
    endloop
  endfacet
  facet normal 0 0 -1
    outer loop
      vertex 1.53073 -3.69552 0
      vertex 0.612293 -1.47821 0
      vertex 0.799999 -1.38564 0
    endloop
  endfacet
  facet normal 0 0 -1
    outer loop
      vertex 0.41411 -1.54548 0
      vertex 1.03528 -3.8637 0
      vertex 0.522104 -3.96578 0
    endloop
  endfacet
  facet normal 0 0 -1
    outer loop
      vertex 1.03528 -3.8637 0
      vertex 0.41411 -1.54548 0
      vertex 0.612293 -1.47821 0
    endloop
  endfacet
  facet normal 0 0 -1
    outer loop
      vertex 0.522104 -3.96578 0
      vertex 0.208841 -1.58631 0
      vertex 0.41411 -1.54548 0
    endloop
  endfacet
  facet normal 0 0 -1
    outer loop
      vertex 0 -4 0
      vertex 0.208841 -1.58631 0
      vertex 0.522104 -3.96578 0
    endloop
  endfacet
  facet normal 0 0 -1
    outer loop
      vertex 0 -4 0
      vertex 0 -1.6 0
      vertex 0.208841 -1.58631 0
    endloop
  endfacet
  facet normal 0 0 -1
    outer loop
      vertex 0 -4 0
      vertex -0.208841 -1.58631 0
      vertex 0 -1.6 0
    endloop
  endfacet
  facet normal 0 0 -1
    outer loop
      vertex -0.522104 -3.96578 0
      vertex -0.208841 -1.58631 0
      vertex 0 -4 0
    endloop
  endfacet
  facet normal -0 0 -1
    outer loop
      vertex -0.208841 -1.58631 0
      vertex -0.522104 -3.96578 0
      vertex -0.41411 -1.54548 0
    endloop
  endfacet
  facet normal 0 0 -1
    outer loop
      vertex -1.03528 -3.8637 0
      vertex -0.41411 -1.54548 0
      vertex -0.522104 -3.96578 0
    endloop
  endfacet
  facet normal -0 0 -1
    outer loop
      vertex -0.41411 -1.54548 0
      vertex -1.03528 -3.8637 0
      vertex -0.612293 -1.47821 0
    endloop
  endfacet
  facet normal 0 0 -1
    outer loop
      vertex -1.53073 -3.69552 0
      vertex -0.612293 -1.47821 0
      vertex -1.03528 -3.8637 0
    endloop
  endfacet
  facet normal -0 0 -1
    outer loop
      vertex -0.612293 -1.47821 0
      vertex -1.53073 -3.69552 0
      vertex -0.799999 -1.38564 0
    endloop
  endfacet
  facet normal 0 0 -1
    outer loop
      vertex -2 -3.4641 0
      vertex -0.799999 -1.38564 0
      vertex -1.53073 -3.69552 0
    endloop
  endfacet
  facet normal -0 0 -1
    outer loop
      vertex -0.799999 -1.38564 0
      vertex -2 -3.4641 0
      vertex -0.974018 -1.26937 0
    endloop
  endfacet
  facet normal 0 0 -1
    outer loop
      vertex -2.43505 -3.17341 0
      vertex -0.974018 -1.26937 0
      vertex -2 -3.4641 0
    endloop
  endfacet
  facet normal -0 0 -1
    outer loop
      vertex -0.974018 -1.26937 0
      vertex -2.43505 -3.17341 0
      vertex -1.13137 -1.13137 0
    endloop
  endfacet
  facet normal 0 0 -1
    outer loop
      vertex -2.82843 -2.82843 0
      vertex -1.13137 -1.13137 0
      vertex -2.43505 -3.17341 0
    endloop
  endfacet
  facet normal -0 0 -1
    outer loop
      vertex -1.13137 -1.13137 0
      vertex -2.82843 -2.82843 0
      vertex -1.26937 -0.974018 0
    endloop
  endfacet
  facet normal 0 0 -1
    outer loop
      vertex -3.17341 -2.43505 0
      vertex -1.26937 -0.974018 0
      vertex -2.82843 -2.82843 0
    endloop
  endfacet
  facet normal -0 0 -1
    outer loop
      vertex -1.26937 -0.974018 0
      vertex -3.17341 -2.43505 0
      vertex -1.38564 -0.799999 0
    endloop
  endfacet
  facet normal 0 0 -1
    outer loop
      vertex -3.4641 -2 0
      vertex -1.38564 -0.799999 0
      vertex -3.17341 -2.43505 0
    endloop
  endfacet
  facet normal -0 0 -1
    outer loop
      vertex 3.4641 2 0
      vertex 1.38564 0.799999 0
      vertex 3.17341 2.43505 0
    endloop
  endfacet
  facet normal 0 0 -1
    outer loop
      vertex 1.26937 0.974018 0
      vertex 3.17341 2.43505 0
      vertex 1.38564 0.799999 0
    endloop
  endfacet
  facet normal -0 0 -1
    outer loop
      vertex 3.17341 2.43505 0
      vertex 1.26937 0.974018 0
      vertex 2.82843 2.82843 0
    endloop
  endfacet
  facet normal 0 0 -1
    outer loop
      vertex 1.13137 1.13137 0
      vertex 2.82843 2.82843 0
      vertex 1.26937 0.974018 0
    endloop
  endfacet
  facet normal -0 0 -1
    outer loop
      vertex 2.82843 2.82843 0
      vertex 1.13137 1.13137 0
      vertex 2.43505 3.17341 0
    endloop
  endfacet
  facet normal 0 0 -1
    outer loop
      vertex 0.974018 1.26937 0
      vertex 2.43505 3.17341 0
      vertex 1.13137 1.13137 0
    endloop
  endfacet
  facet normal -0 0 -1
    outer loop
      vertex 2.43505 3.17341 0
      vertex 0.974018 1.26937 0
      vertex 2 3.4641 0
    endloop
  endfacet
  facet normal 0 0 -1
    outer loop
      vertex 0.799999 1.38564 0
      vertex 2 3.4641 0
      vertex 0.974018 1.26937 0
    endloop
  endfacet
  facet normal -0 0 -1
    outer loop
      vertex 2 3.4641 0
      vertex 0.799999 1.38564 0
      vertex 1.53073 3.69552 0
    endloop
  endfacet
  facet normal 0 0 -1
    outer loop
      vertex 0.612293 1.47821 0
      vertex 1.53073 3.69552 0
      vertex 0.799999 1.38564 0
    endloop
  endfacet
  facet normal -0 0 -1
    outer loop
      vertex 1.53073 3.69552 0
      vertex 0.612293 1.47821 0
      vertex 1.03528 3.8637 0
    endloop
  endfacet
  facet normal 0 0 -1
    outer loop
      vertex 0.41411 1.54548 0
      vertex 1.03528 3.8637 0
      vertex 0.612293 1.47821 0
    endloop
  endfacet
  facet normal -0 0 -1
    outer loop
      vertex 1.03528 3.8637 0
      vertex 0.41411 1.54548 0
      vertex 0.522104 3.96578 0
    endloop
  endfacet
  facet normal 0 0 -1
    outer loop
      vertex 0.208841 1.58631 0
      vertex 0.522104 3.96578 0
      vertex 0.41411 1.54548 0
    endloop
  endfacet
  facet normal 0 0 -1
    outer loop
      vertex 0 1.6 0
      vertex 0.522104 3.96578 0
      vertex 0.208841 1.58631 0
    endloop
  endfacet
  facet normal 0 0 -1
    outer loop
      vertex 0 1.6 0
      vertex 0 4 0
      vertex 0.522104 3.96578 0
    endloop
  endfacet
  facet normal 0 0 -1
    outer loop
      vertex -0.208841 1.58631 0
      vertex 0 4 0
      vertex 0 1.6 0
    endloop
  endfacet
  facet normal 0 0 -1
    outer loop
      vertex -0.522104 3.96578 0
      vertex -0.208841 1.58631 0
      vertex -0.41411 1.54548 0
    endloop
  endfacet
  facet normal 0 0 -1
    outer loop
      vertex -0.208841 1.58631 0
      vertex -0.522104 3.96578 0
      vertex 0 4 0
    endloop
  endfacet
  facet normal 0 0 -1
    outer loop
      vertex -1.03528 3.8637 0
      vertex -0.41411 1.54548 0
      vertex -0.612293 1.47821 0
    endloop
  endfacet
  facet normal 0 0 -1
    outer loop
      vertex -1.53073 3.69552 0
      vertex -0.612293 1.47821 0
      vertex -0.799999 1.38564 0
    endloop
  endfacet
  facet normal 0 0 -1
    outer loop
      vertex -2 3.4641 0
      vertex -0.799999 1.38564 0
      vertex -0.974018 1.26937 0
    endloop
  endfacet
  facet normal 0 0 -1
    outer loop
      vertex -0.41411 1.54548 0
      vertex -1.03528 3.8637 0
      vertex -0.522104 3.96578 0
    endloop
  endfacet
  facet normal 0 0 -1
    outer loop
      vertex -2.43505 3.17341 0
      vertex -0.974018 1.26937 0
      vertex -1.13137 1.13137 0
    endloop
  endfacet
  facet normal 0 0 -1
    outer loop
      vertex -2.82843 2.82843 0
      vertex -1.13137 1.13137 0
      vertex -1.26937 0.974018 0
    endloop
  endfacet
  facet normal 0 0 -1
    outer loop
      vertex -3.17341 2.43505 0
      vertex -1.26937 0.974018 0
      vertex -1.38564 0.799999 0
    endloop
  endfacet
  facet normal 0 0 -1
    outer loop
      vertex -3.4641 2 0
      vertex -1.38564 0.799999 0
      vertex -1.47821 0.612293 0
    endloop
  endfacet
  facet normal 0 0 -1
    outer loop
      vertex -0.612293 1.47821 0
      vertex -1.53073 3.69552 0
      vertex -1.03528 3.8637 0
    endloop
  endfacet
  facet normal 0 0 -1
    outer loop
      vertex -3.69552 1.53073 0
      vertex -1.47821 0.612293 0
      vertex -1.54548 0.41411 0
    endloop
  endfacet
  facet normal 0 0 -1
    outer loop
      vertex -3.8637 1.03528 0
      vertex -1.54548 0.41411 0
      vertex -1.58631 0.208841 0
    endloop
  endfacet
  facet normal 0 0 -1
    outer loop
      vertex -3.96578 0.522104 0
      vertex -1.58631 0.208841 0
      vertex -1.6 0 0
    endloop
  endfacet
  facet normal -0 0 -1
    outer loop
      vertex -1.38564 -0.799999 0
      vertex -3.4641 -2 0
      vertex -1.47821 -0.612293 0
    endloop
  endfacet
  facet normal 0 0 -1
    outer loop
      vertex -0.799999 1.38564 0
      vertex -2 3.4641 0
      vertex -1.53073 3.69552 0
    endloop
  endfacet
  facet normal 0 0 -1
    outer loop
      vertex -3.69552 -1.53073 0
      vertex -1.47821 -0.612293 0
      vertex -3.4641 -2 0
    endloop
  endfacet
  facet normal 0 0 -1
    outer loop
      vertex -0.974018 1.26937 0
      vertex -2.43505 3.17341 0
      vertex -2 3.4641 0
    endloop
  endfacet
  facet normal -0 0 -1
    outer loop
      vertex -1.47821 -0.612293 0
      vertex -3.69552 -1.53073 0
      vertex -1.54548 -0.41411 0
    endloop
  endfacet
  facet normal 0 0 -1
    outer loop
      vertex -1.13137 1.13137 0
      vertex -2.82843 2.82843 0
      vertex -2.43505 3.17341 0
    endloop
  endfacet
  facet normal 0 0 -1
    outer loop
      vertex -3.8637 -1.03528 0
      vertex -1.54548 -0.41411 0
      vertex -3.69552 -1.53073 0
    endloop
  endfacet
  facet normal 0 0 -1
    outer loop
      vertex -1.26937 0.974018 0
      vertex -3.17341 2.43505 0
      vertex -2.82843 2.82843 0
    endloop
  endfacet
  facet normal -0 0 -1
    outer loop
      vertex -1.54548 -0.41411 0
      vertex -3.8637 -1.03528 0
      vertex -1.58631 -0.208841 0
    endloop
  endfacet
  facet normal 0 0 -1
    outer loop
      vertex -1.38564 0.799999 0
      vertex -3.4641 2 0
      vertex -3.17341 2.43505 0
    endloop
  endfacet
  facet normal 0 0 -1
    outer loop
      vertex -3.96578 -0.522104 0
      vertex -1.58631 -0.208841 0
      vertex -3.8637 -1.03528 0
    endloop
  endfacet
  facet normal 0 0 -1
    outer loop
      vertex -1.47821 0.612293 0
      vertex -3.69552 1.53073 0
      vertex -3.4641 2 0
    endloop
  endfacet
  facet normal -0 0 -1
    outer loop
      vertex -1.58631 -0.208841 0
      vertex -3.96578 -0.522104 0
      vertex -1.6 0 0
    endloop
  endfacet
  facet normal 0 0 -1
    outer loop
      vertex -1.54548 0.41411 0
      vertex -3.8637 1.03528 0
      vertex -3.69552 1.53073 0
    endloop
  endfacet
  facet normal 0 0 -1
    outer loop
      vertex -4 0 0
      vertex -1.6 0 0
      vertex -3.96578 -0.522104 0
    endloop
  endfacet
  facet normal 0 0 -1
    outer loop
      vertex -1.58631 0.208841 0
      vertex -3.96578 0.522104 0
      vertex -3.8637 1.03528 0
    endloop
  endfacet
  facet normal 0 0 -1
    outer loop
      vertex -1.6 0 0
      vertex -4 0 0
      vertex -3.96578 0.522104 0
    endloop
  endfacet
  facet normal -0.86322 -0.17171 -0.474728
    outer loop
      vertex -3.8637 -1.03528 0
      vertex -5.79555 -1.55291 3.7
      vertex -3.96578 -0.522104 0
    endloop
  endfacet
  facet normal -0.580313 -0.661717 -0.474729
    outer loop
      vertex -3.65257 -4.76012 3.7
      vertex -4.24264 -4.24264 3.7
      vertex -2.43505 -3.17341 0
    endloop
  endfacet
  facet normal -0.580307 -0.661723 -0.474727
    outer loop
      vertex -2.43505 -3.17341 0
      vertex -4.24264 -4.24264 3.7
      vertex -2.82843 -2.82843 0
    endloop
  endfacet
  facet normal -0.0575626 -0.878248 -0.474729
    outer loop
      vertex 0 -6 3.7
      vertex -0.783156 -5.94867 3.7
      vertex -0.522104 -3.96578 0
    endloop
  endfacet
  facet normal -0.171712 -0.863219 -0.474728
    outer loop
      vertex -0.783156 -5.94867 3.7
      vertex -1.55291 -5.79555 3.7
      vertex -0.522104 -3.96578 0
    endloop
  endfacet
  facet normal -0.878248 0.0575626 -0.474729
    outer loop
      vertex -3.96578 0.522104 0
      vertex -6 0 3.7
      vertex -5.94867 0.783156 3.7
    endloop
  endfacet
  facet normal -0.863219 0.171712 -0.474728
    outer loop
      vertex -3.96578 0.522104 0
      vertex -5.94867 0.783156 3.7
      vertex -5.79555 1.55291 3.7
    endloop
  endfacet
  facet normal -0.661717 0.580313 -0.474729
    outer loop
      vertex -3.17341 2.43505 0
      vertex -4.76012 3.65257 3.7
      vertex -4.24264 4.24264 3.7
    endloop
  endfacet
  facet normal -0.661723 0.580307 -0.474727
    outer loop
      vertex -3.17341 2.43505 0
      vertex -4.24264 4.24264 3.7
      vertex -2.82843 2.82843 0
    endloop
  endfacet
  facet normal -0.389275 0.789365 -0.474729
    outer loop
      vertex -2 3.4641 0
      vertex -2.2961 5.54328 3.7
      vertex -1.53073 3.69552 0
    endloop
  endfacet
  facet normal -0.389277 0.789364 -0.474729
    outer loop
      vertex -2.2961 5.54328 3.7
      vertex -2 3.4641 0
      vertex -3 5.19615 3.7
    endloop
  endfacet
  facet normal -0.282905 0.833425 -0.474729
    outer loop
      vertex -1.53073 3.69552 0
      vertex -2.2961 5.54328 3.7
      vertex -1.03528 3.8637 0
    endloop
  endfacet
  facet normal -0.17171 0.86322 -0.474728
    outer loop
      vertex -1.03528 3.8637 0
      vertex -1.55291 5.79555 3.7
      vertex -0.522104 3.96578 0
    endloop
  endfacet
  facet normal 0.0575626 0.878248 -0.474729
    outer loop
      vertex 0.522104 3.96578 0
      vertex 0 6 3.7
      vertex 0.783156 5.94867 3.7
    endloop
  endfacet
  facet normal 0.171712 0.863219 -0.474728
    outer loop
      vertex 1.55291 5.79555 3.7
      vertex 0.522104 3.96578 0
      vertex 0.783156 5.94867 3.7
    endloop
  endfacet
  facet normal 0.580313 0.661717 -0.474729
    outer loop
      vertex 4.24264 4.24264 3.7
      vertex 2.43505 3.17341 0
      vertex 3.65257 4.76012 3.7
    endloop
  endfacet
  facet normal 0.580307 0.661723 -0.474727
    outer loop
      vertex 2.82843 2.82843 0
      vertex 2.43505 3.17341 0
      vertex 4.24264 4.24264 3.7
    endloop
  endfacet
  facet normal 0.789364 0.389277 -0.474729
    outer loop
      vertex 5.54328 2.2961 3.7
      vertex 3.4641 2 0
      vertex 5.19615 3 3.7
    endloop
  endfacet
  facet normal 0.789365 0.389275 -0.474729
    outer loop
      vertex 3.4641 2 0
      vertex 5.54328 2.2961 3.7
      vertex 3.69552 1.53073 0
    endloop
  endfacet
  facet normal 0.833425 0.282905 -0.474729
    outer loop
      vertex 3.8637 1.03528 0
      vertex 3.69552 1.53073 0
      vertex 5.54328 2.2961 3.7
    endloop
  endfacet
  facet normal 0.833427 0.2829 -0.474728
    outer loop
      vertex 5.79555 1.55291 3.7
      vertex 3.8637 1.03528 0
      vertex 5.54328 2.2961 3.7
    endloop
  endfacet
  facet normal 0.789365 -0.389275 -0.474729
    outer loop
      vertex 5.54328 -2.2961 3.7
      vertex 3.4641 -2 0
      vertex 3.69552 -1.53073 0
    endloop
  endfacet
  facet normal 0.789364 -0.389277 -0.474729
    outer loop
      vertex 3.4641 -2 0
      vertex 5.54328 -2.2961 3.7
      vertex 5.19615 -3 3.7
    endloop
  endfacet
  facet normal 0.488974 -0.731804 -0.474728
    outer loop
      vertex 3 -5.19615 3.7
      vertex 2 -3.4641 0
      vertex 2.43505 -3.17341 0
    endloop
  endfacet
  facet normal -0.731805 -0.488973 -0.474729
    outer loop
      vertex -4.76012 -3.65257 3.7
      vertex -5.19615 -3 3.7
      vertex -3.17341 -2.43505 0
    endloop
  endfacet
  facet normal -0.661717 -0.580313 -0.474729
    outer loop
      vertex -4.24264 -4.24264 3.7
      vertex -4.76012 -3.65257 3.7
      vertex -3.17341 -2.43505 0
    endloop
  endfacet
  facet normal -0.731804 -0.488974 -0.474728
    outer loop
      vertex -3.17341 -2.43505 0
      vertex -5.19615 -3 3.7
      vertex -3.4641 -2 0
    endloop
  endfacet
  facet normal -0.488974 -0.731804 -0.474728
    outer loop
      vertex -2 -3.4641 0
      vertex -3 -5.19615 3.7
      vertex -2.43505 -3.17341 0
    endloop
  endfacet
  facet normal -0.488973 -0.731805 -0.474729
    outer loop
      vertex -3 -5.19615 3.7
      vertex -3.65257 -4.76012 3.7
      vertex -2.43505 -3.17341 0
    endloop
  endfacet
  facet normal -0.488974 0.731804 -0.474728
    outer loop
      vertex -2.43505 3.17341 0
      vertex -3 5.19615 3.7
      vertex -2 3.4641 0
    endloop
  endfacet
  facet normal 0.389277 0.789364 -0.474729
    outer loop
      vertex 2 3.4641 0
      vertex 2.2961 5.54328 3.7
      vertex 3 5.19615 3.7
    endloop
  endfacet
  facet normal 0.389275 0.789365 -0.474729
    outer loop
      vertex 2.2961 5.54328 3.7
      vertex 2 3.4641 0
      vertex 1.53073 3.69552 0
    endloop
  endfacet
  facet normal 0.731804 0.488974 -0.474728
    outer loop
      vertex 3.4641 2 0
      vertex 3.17341 2.43505 0
      vertex 5.19615 3 3.7
    endloop
  endfacet
  facet normal 0.659348 0.751838 -0
    outer loop
      vertex 4.24264 4.24264 3.7
      vertex 3.65257 4.76012 6.7
      vertex 4.24264 4.24264 6.7
    endloop
  endfacet
  facet normal 0.659348 0.751838 0
    outer loop
      vertex 3.65257 4.76012 6.7
      vertex 4.24264 4.24264 3.7
      vertex 3.65257 4.76012 3.7
    endloop
  endfacet
  facet normal -0.321429 -0.946934 0
    outer loop
      vertex -2.2961 -5.54328 3.7
      vertex -1.55291 -5.79555 6.7
      vertex -2.2961 -5.54328 6.7
    endloop
  endfacet
  facet normal -0.321429 -0.946934 -0
    outer loop
      vertex -1.55291 -5.79555 6.7
      vertex -2.2961 -5.54328 3.7
      vertex -1.55291 -5.79555 3.7
    endloop
  endfacet
  facet normal -0.321429 0.946934 0
    outer loop
      vertex -1.55291 5.79555 3.7
      vertex -2.2961 5.54328 6.7
      vertex -1.55291 5.79555 6.7
    endloop
  endfacet
  facet normal -0.321429 0.946934 0
    outer loop
      vertex -2.2961 5.54328 6.7
      vertex -1.55291 5.79555 3.7
      vertex -2.2961 5.54328 3.7
    endloop
  endfacet
  facet normal -0.89687 0.442294 0
    outer loop
      vertex -5.54328 2.2961 3.7
      vertex -5.19615 3 6.7
      vertex -5.19615 3 3.7
    endloop
  endfacet
  facet normal -0.89687 0.442294 0
    outer loop
      vertex -5.19615 3 6.7
      vertex -5.54328 2.2961 3.7
      vertex -5.54328 2.2961 6.7
    endloop
  endfacet
  facet normal 0.89687 0.442294 0
    outer loop
      vertex 5.54328 2.2961 6.7
      vertex 5.19615 3 3.7
      vertex 5.19615 3 6.7
    endloop
  endfacet
  facet normal 0.89687 0.442294 0
    outer loop
      vertex 5.19615 3 3.7
      vertex 5.54328 2.2961 6.7
      vertex 5.54328 2.2961 3.7
    endloop
  endfacet
  facet normal 0.831472 0.555567 0
    outer loop
      vertex 5.19615 3 6.7
      vertex 4.76012 3.65257 3.7
      vertex 4.76012 3.65257 6.7
    endloop
  endfacet
  facet normal 0.831472 0.555567 0
    outer loop
      vertex 4.76012 3.65257 3.7
      vertex 5.19615 3 6.7
      vertex 5.19615 3 3.7
    endloop
  endfacet
  facet normal 0.751838 0.659348 0
    outer loop
      vertex 4.76012 3.65257 6.7
      vertex 4.24264 4.24264 3.7
      vertex 4.24264 4.24264 6.7
    endloop
  endfacet
  facet normal 0.751838 0.659348 0
    outer loop
      vertex 4.24264 4.24264 3.7
      vertex 4.76012 3.65257 6.7
      vertex 4.76012 3.65257 3.7
    endloop
  endfacet
  facet normal 0.442294 0.89687 -0
    outer loop
      vertex 3 5.19615 3.7
      vertex 2.2961 5.54328 6.7
      vertex 3 5.19615 6.7
    endloop
  endfacet
  facet normal 0.442294 0.89687 0
    outer loop
      vertex 2.2961 5.54328 6.7
      vertex 3 5.19615 3.7
      vertex 2.2961 5.54328 3.7
    endloop
  endfacet
  facet normal 0.195098 0.980784 -0
    outer loop
      vertex 1.55291 5.79555 3.7
      vertex 0.783156 5.94867 6.7
      vertex 1.55291 5.79555 6.7
    endloop
  endfacet
  facet normal 0.195098 0.980784 0
    outer loop
      vertex 0.783156 5.94867 6.7
      vertex 1.55291 5.79555 3.7
      vertex 0.783156 5.94867 3.7
    endloop
  endfacet
  facet normal -0.980784 0.195098 0
    outer loop
      vertex -5.94867 0.783156 3.7
      vertex -5.79555 1.55291 6.7
      vertex -5.79555 1.55291 3.7
    endloop
  endfacet
  facet normal -0.980784 0.195098 0
    outer loop
      vertex -5.79555 1.55291 6.7
      vertex -5.94867 0.783156 3.7
      vertex -5.94867 0.783156 6.7
    endloop
  endfacet
  facet normal -0.751838 0.659348 0
    outer loop
      vertex -4.76012 3.65257 3.7
      vertex -4.24264 4.24264 6.7
      vertex -4.24264 4.24264 3.7
    endloop
  endfacet
  facet normal -0.751838 0.659348 0
    outer loop
      vertex -4.24264 4.24264 6.7
      vertex -4.76012 3.65257 3.7
      vertex -4.76012 3.65257 6.7
    endloop
  endfacet
  facet normal -0.442294 0.89687 0
    outer loop
      vertex -2.2961 5.54328 3.7
      vertex -3 5.19615 6.7
      vertex -2.2961 5.54328 6.7
    endloop
  endfacet
  facet normal -0.442294 0.89687 0
    outer loop
      vertex -3 5.19615 6.7
      vertex -2.2961 5.54328 3.7
      vertex -3 5.19615 3.7
    endloop
  endfacet
  facet normal -0.195098 0.980784 0
    outer loop
      vertex -0.783156 5.94867 3.7
      vertex -1.55291 5.79555 6.7
      vertex -0.783156 5.94867 6.7
    endloop
  endfacet
  facet normal -0.195098 0.980784 0
    outer loop
      vertex -1.55291 5.79555 6.7
      vertex -0.783156 5.94867 3.7
      vertex -1.55291 5.79555 3.7
    endloop
  endfacet
  facet normal 0.997859 -0.0654022 0
    outer loop
      vertex 5.94867 -0.783156 6.7
      vertex 6 0 3.7
      vertex 6 0 6.7
    endloop
  endfacet
  facet normal 0.997859 -0.0654022 0
    outer loop
      vertex 6 0 3.7
      vertex 5.94867 -0.783156 6.7
      vertex 5.94867 -0.783156 3.7
    endloop
  endfacet
  facet normal 0.321429 -0.946934 0
    outer loop
      vertex 1.55291 -5.79555 3.7
      vertex 2.2961 -5.54328 6.7
      vertex 1.55291 -5.79555 6.7
    endloop
  endfacet
  facet normal 0.321429 -0.946934 0
    outer loop
      vertex 2.2961 -5.54328 6.7
      vertex 1.55291 -5.79555 3.7
      vertex 2.2961 -5.54328 3.7
    endloop
  endfacet
  facet normal 0.442294 -0.89687 0
    outer loop
      vertex 2.2961 -5.54328 3.7
      vertex 3 -5.19615 6.7
      vertex 2.2961 -5.54328 6.7
    endloop
  endfacet
  facet normal 0.442294 -0.89687 0
    outer loop
      vertex 3 -5.19615 6.7
      vertex 2.2961 -5.54328 3.7
      vertex 3 -5.19615 3.7
    endloop
  endfacet
  facet normal 0.751838 -0.659348 0
    outer loop
      vertex 4.24264 -4.24264 6.7
      vertex 4.76012 -3.65257 3.7
      vertex 4.76012 -3.65257 6.7
    endloop
  endfacet
  facet normal 0.751838 -0.659348 0
    outer loop
      vertex 4.76012 -3.65257 3.7
      vertex 4.24264 -4.24264 6.7
      vertex 4.24264 -4.24264 3.7
    endloop
  endfacet
  facet normal -0.195098 -0.980784 0
    outer loop
      vertex -1.55291 -5.79555 3.7
      vertex -0.783156 -5.94867 6.7
      vertex -1.55291 -5.79555 6.7
    endloop
  endfacet
  facet normal -0.195098 -0.980784 -0
    outer loop
      vertex -0.783156 -5.94867 6.7
      vertex -1.55291 -5.79555 3.7
      vertex -0.783156 -5.94867 3.7
    endloop
  endfacet
  facet normal -0.659348 -0.751838 0
    outer loop
      vertex -4.24264 -4.24264 3.7
      vertex -3.65257 -4.76012 6.7
      vertex -4.24264 -4.24264 6.7
    endloop
  endfacet
  facet normal -0.659348 -0.751838 -0
    outer loop
      vertex -3.65257 -4.76012 6.7
      vertex -4.24264 -4.24264 3.7
      vertex -3.65257 -4.76012 3.7
    endloop
  endfacet
  facet normal -0.89687 -0.442294 0
    outer loop
      vertex -5.19615 -3 3.7
      vertex -5.54328 -2.2961 6.7
      vertex -5.54328 -2.2961 3.7
    endloop
  endfacet
  facet normal -0.89687 -0.442294 0
    outer loop
      vertex -5.54328 -2.2961 6.7
      vertex -5.19615 -3 3.7
      vertex -5.19615 -3 6.7
    endloop
  endfacet
  facet normal 0.980784 0.195098 0
    outer loop
      vertex 5.94867 0.783156 6.7
      vertex 5.79555 1.55291 3.7
      vertex 5.79555 1.55291 6.7
    endloop
  endfacet
  facet normal 0.980784 0.195098 0
    outer loop
      vertex 5.79555 1.55291 3.7
      vertex 5.94867 0.783156 6.7
      vertex 5.94867 0.783156 3.7
    endloop
  endfacet
  facet normal 0.946934 0.321429 0
    outer loop
      vertex 5.79555 1.55291 6.7
      vertex 5.54328 2.2961 3.7
      vertex 5.54328 2.2961 6.7
    endloop
  endfacet
  facet normal 0.946934 0.321429 0
    outer loop
      vertex 5.54328 2.2961 3.7
      vertex 5.79555 1.55291 6.7
      vertex 5.79555 1.55291 3.7
    endloop
  endfacet
  facet normal 0.555567 0.831472 -0
    outer loop
      vertex 3.65257 4.76012 3.7
      vertex 3 5.19615 6.7
      vertex 3.65257 4.76012 6.7
    endloop
  endfacet
  facet normal 0.555567 0.831472 0
    outer loop
      vertex 3 5.19615 6.7
      vertex 3.65257 4.76012 3.7
      vertex 3 5.19615 3.7
    endloop
  endfacet
  facet normal 0.0654022 0.997859 -0
    outer loop
      vertex 0.783156 5.94867 3.7
      vertex 0 6 6.7
      vertex 0.783156 5.94867 6.7
    endloop
  endfacet
  facet normal 0.0654022 0.997859 0
    outer loop
      vertex 0 6 6.7
      vertex 0.783156 5.94867 3.7
      vertex 0 6 3.7
    endloop
  endfacet
  facet normal 0.321429 0.946934 -0
    outer loop
      vertex 2.2961 5.54328 3.7
      vertex 1.55291 5.79555 6.7
      vertex 2.2961 5.54328 6.7
    endloop
  endfacet
  facet normal 0.321429 0.946934 0
    outer loop
      vertex 1.55291 5.79555 6.7
      vertex 2.2961 5.54328 3.7
      vertex 1.55291 5.79555 3.7
    endloop
  endfacet
  facet normal -0.997859 0.0654022 0
    outer loop
      vertex -6 0 3.7
      vertex -5.94867 0.783156 6.7
      vertex -5.94867 0.783156 3.7
    endloop
  endfacet
  facet normal -0.997859 0.0654022 0
    outer loop
      vertex -5.94867 0.783156 6.7
      vertex -6 0 3.7
      vertex -6 0 6.7
    endloop
  endfacet
  facet normal -0.946934 0.321429 0
    outer loop
      vertex -5.79555 1.55291 3.7
      vertex -5.54328 2.2961 6.7
      vertex -5.54328 2.2961 3.7
    endloop
  endfacet
  facet normal -0.946934 0.321429 0
    outer loop
      vertex -5.54328 2.2961 6.7
      vertex -5.79555 1.55291 3.7
      vertex -5.79555 1.55291 6.7
    endloop
  endfacet
  facet normal -0.831472 0.555567 0
    outer loop
      vertex -5.19615 3 3.7
      vertex -4.76012 3.65257 6.7
      vertex -4.76012 3.65257 3.7
    endloop
  endfacet
  facet normal -0.831472 0.555567 0
    outer loop
      vertex -4.76012 3.65257 6.7
      vertex -5.19615 3 3.7
      vertex -5.19615 3 6.7
    endloop
  endfacet
  facet normal -0.0654022 0.997859 0
    outer loop
      vertex 0 6 3.7
      vertex -0.783156 5.94867 6.7
      vertex 0 6 6.7
    endloop
  endfacet
  facet normal -0.0654022 0.997859 0
    outer loop
      vertex -0.783156 5.94867 6.7
      vertex 0 6 3.7
      vertex -0.783156 5.94867 3.7
    endloop
  endfacet
  facet normal -0.555567 0.831472 0
    outer loop
      vertex -3 5.19615 3.7
      vertex -3.65257 4.76012 6.7
      vertex -3 5.19615 6.7
    endloop
  endfacet
  facet normal -0.555567 0.831472 0
    outer loop
      vertex -3.65257 4.76012 6.7
      vertex -3 5.19615 3.7
      vertex -3.65257 4.76012 3.7
    endloop
  endfacet
  facet normal -0.659348 0.751838 0
    outer loop
      vertex -3.65257 4.76012 3.7
      vertex -4.24264 4.24264 6.7
      vertex -3.65257 4.76012 6.7
    endloop
  endfacet
  facet normal -0.659348 0.751838 0
    outer loop
      vertex -4.24264 4.24264 6.7
      vertex -3.65257 4.76012 3.7
      vertex -4.24264 4.24264 3.7
    endloop
  endfacet
  facet normal 0.997859 0.0654022 0
    outer loop
      vertex 6 0 6.7
      vertex 5.94867 0.783156 3.7
      vertex 5.94867 0.783156 6.7
    endloop
  endfacet
  facet normal 0.997859 0.0654022 0
    outer loop
      vertex 5.94867 0.783156 3.7
      vertex 6 0 6.7
      vertex 6 0 3.7
    endloop
  endfacet
  facet normal 0.0654022 -0.997859 0
    outer loop
      vertex 0 -6 3.7
      vertex 0.783156 -5.94867 6.7
      vertex 0 -6 6.7
    endloop
  endfacet
  facet normal 0.0654022 -0.997859 0
    outer loop
      vertex 0.783156 -5.94867 6.7
      vertex 0 -6 3.7
      vertex 0.783156 -5.94867 3.7
    endloop
  endfacet
  facet normal 0.195098 -0.980784 0
    outer loop
      vertex 0.783156 -5.94867 3.7
      vertex 1.55291 -5.79555 6.7
      vertex 0.783156 -5.94867 6.7
    endloop
  endfacet
  facet normal 0.195098 -0.980784 0
    outer loop
      vertex 1.55291 -5.79555 6.7
      vertex 0.783156 -5.94867 3.7
      vertex 1.55291 -5.79555 3.7
    endloop
  endfacet
  facet normal 0.555567 -0.831472 0
    outer loop
      vertex 3 -5.19615 3.7
      vertex 3.65257 -4.76012 6.7
      vertex 3 -5.19615 6.7
    endloop
  endfacet
  facet normal 0.555567 -0.831472 0
    outer loop
      vertex 3.65257 -4.76012 6.7
      vertex 3 -5.19615 3.7
      vertex 3.65257 -4.76012 3.7
    endloop
  endfacet
  facet normal 0.89687 -0.442294 0
    outer loop
      vertex 5.19615 -3 6.7
      vertex 5.54328 -2.2961 3.7
      vertex 5.54328 -2.2961 6.7
    endloop
  endfacet
  facet normal 0.89687 -0.442294 0
    outer loop
      vertex 5.54328 -2.2961 3.7
      vertex 5.19615 -3 6.7
      vertex 5.19615 -3 3.7
    endloop
  endfacet
  facet normal -0.0654022 -0.997859 0
    outer loop
      vertex -0.783156 -5.94867 3.7
      vertex 0 -6 6.7
      vertex -0.783156 -5.94867 6.7
    endloop
  endfacet
  facet normal -0.0654022 -0.997859 -0
    outer loop
      vertex 0 -6 6.7
      vertex -0.783156 -5.94867 3.7
      vertex 0 -6 3.7
    endloop
  endfacet
  facet normal -0.442294 -0.89687 0
    outer loop
      vertex -3 -5.19615 3.7
      vertex -2.2961 -5.54328 6.7
      vertex -3 -5.19615 6.7
    endloop
  endfacet
  facet normal -0.442294 -0.89687 -0
    outer loop
      vertex -2.2961 -5.54328 6.7
      vertex -3 -5.19615 3.7
      vertex -2.2961 -5.54328 3.7
    endloop
  endfacet
  facet normal -0.946934 -0.321429 0
    outer loop
      vertex -5.54328 -2.2961 3.7
      vertex -5.79555 -1.55291 6.7
      vertex -5.79555 -1.55291 3.7
    endloop
  endfacet
  facet normal -0.946934 -0.321429 0
    outer loop
      vertex -5.79555 -1.55291 6.7
      vertex -5.54328 -2.2961 3.7
      vertex -5.54328 -2.2961 6.7
    endloop
  endfacet
  facet normal -0.997859 -0.0654022 0
    outer loop
      vertex -5.94867 -0.783156 3.7
      vertex -6 0 6.7
      vertex -6 0 3.7
    endloop
  endfacet
  facet normal -0.997859 -0.0654022 0
    outer loop
      vertex -6 0 6.7
      vertex -5.94867 -0.783156 3.7
      vertex -5.94867 -0.783156 6.7
    endloop
  endfacet
  facet normal -0.831472 -0.555567 0
    outer loop
      vertex -4.76012 -3.65257 3.7
      vertex -5.19615 -3 6.7
      vertex -5.19615 -3 3.7
    endloop
  endfacet
  facet normal -0.831472 -0.555567 0
    outer loop
      vertex -5.19615 -3 6.7
      vertex -4.76012 -3.65257 3.7
      vertex -4.76012 -3.65257 6.7
    endloop
  endfacet
  facet normal -0.751838 -0.659348 0
    outer loop
      vertex -4.24264 -4.24264 3.7
      vertex -4.76012 -3.65257 6.7
      vertex -4.76012 -3.65257 3.7
    endloop
  endfacet
  facet normal -0.751838 -0.659348 0
    outer loop
      vertex -4.76012 -3.65257 6.7
      vertex -4.24264 -4.24264 3.7
      vertex -4.24264 -4.24264 6.7
    endloop
  endfacet
  facet normal 0 0 1
    outer loop
      vertex 4.25 0 6.7
      vertex 6 0 6.7
      vertex 5.94867 0.783156 6.7
    endloop
  endfacet
  facet normal 0 0 1
    outer loop
      vertex 4.21364 0.554736 6.7
      vertex 5.94867 0.783156 6.7
      vertex 5.79555 1.55291 6.7
    endloop
  endfacet
  facet normal 0 0 1
    outer loop
      vertex 6 0 6.7
      vertex 4.25 0 6.7
      vertex 5.94867 -0.783156 6.7
    endloop
  endfacet
  facet normal 0 0 1
    outer loop
      vertex 4.10518 1.09998 6.7
      vertex 5.79555 1.55291 6.7
      vertex 5.54328 2.2961 6.7
    endloop
  endfacet
  facet normal -0 0 1
    outer loop
      vertex 4.21364 -0.554736 6.7
      vertex 5.94867 -0.783156 6.7
      vertex 4.25 0 6.7
    endloop
  endfacet
  facet normal 0 0 1
    outer loop
      vertex 3.92649 1.6264 6.7
      vertex 5.54328 2.2961 6.7
      vertex 5.19615 3 6.7
    endloop
  endfacet
  facet normal 0 0 1
    outer loop
      vertex 5.94867 -0.783156 6.7
      vertex 4.21364 -0.554736 6.7
      vertex 5.79555 -1.55291 6.7
    endloop
  endfacet
  facet normal 0 0 1
    outer loop
      vertex 3.68061 2.125 6.7
      vertex 5.19615 3 6.7
      vertex 4.76012 3.65257 6.7
    endloop
  endfacet
  facet normal -0 0 1
    outer loop
      vertex 4.10518 -1.09998 6.7
      vertex 5.79555 -1.55291 6.7
      vertex 4.21364 -0.554736 6.7
    endloop
  endfacet
  facet normal 0 0 1
    outer loop
      vertex 5.79555 -1.55291 6.7
      vertex 4.10518 -1.09998 6.7
      vertex 5.54328 -2.2961 6.7
    endloop
  endfacet
  facet normal 0 0 1
    outer loop
      vertex 3.37175 2.58724 6.7
      vertex 4.76012 3.65257 6.7
      vertex 4.24264 4.24264 6.7
    endloop
  endfacet
  facet normal 0 0 1
    outer loop
      vertex 5.94867 0.783156 6.7
      vertex 4.21364 0.554736 6.7
      vertex 4.25 0 6.7
    endloop
  endfacet
  facet normal 0 0 1
    outer loop
      vertex 5.79555 1.55291 6.7
      vertex 4.10518 1.09998 6.7
      vertex 4.21364 0.554736 6.7
    endloop
  endfacet
  facet normal 0 0 1
    outer loop
      vertex 5.54328 2.2961 6.7
      vertex 3.92649 1.6264 6.7
      vertex 4.10518 1.09998 6.7
    endloop
  endfacet
  facet normal 0 0 1
    outer loop
      vertex 5.19615 3 6.7
      vertex 3.68061 2.125 6.7
      vertex 3.92649 1.6264 6.7
    endloop
  endfacet
  facet normal 0 0 1
    outer loop
      vertex 3.0052 3.0052 6.7
      vertex 4.24264 4.24264 6.7
      vertex 3.65257 4.76012 6.7
    endloop
  endfacet
  facet normal 0 0 1
    outer loop
      vertex 4.76012 3.65257 6.7
      vertex 3.37175 2.58724 6.7
      vertex 3.68061 2.125 6.7
    endloop
  endfacet
  facet normal 0 0 1
    outer loop
      vertex 4.24264 4.24264 6.7
      vertex 3.0052 3.0052 6.7
      vertex 3.37175 2.58724 6.7
    endloop
  endfacet
  facet normal 0 0 1
    outer loop
      vertex 2.58724 3.37175 6.7
      vertex 3.65257 4.76012 6.7
      vertex 3 5.19615 6.7
    endloop
  endfacet
  facet normal 0 0 1
    outer loop
      vertex 3.65257 4.76012 6.7
      vertex 2.58724 3.37175 6.7
      vertex 3.0052 3.0052 6.7
    endloop
  endfacet
  facet normal 0 0 1
    outer loop
      vertex 2.125 3.68061 6.7
      vertex 3 5.19615 6.7
      vertex 2.2961 5.54328 6.7
    endloop
  endfacet
  facet normal 0 0 1
    outer loop
      vertex 3 5.19615 6.7
      vertex 2.125 3.68061 6.7
      vertex 2.58724 3.37175 6.7
    endloop
  endfacet
  facet normal 0 0 1
    outer loop
      vertex 2.2961 5.54328 6.7
      vertex 1.6264 3.92649 6.7
      vertex 2.125 3.68061 6.7
    endloop
  endfacet
  facet normal 0 0 1
    outer loop
      vertex 1.55291 5.79555 6.7
      vertex 1.6264 3.92649 6.7
      vertex 2.2961 5.54328 6.7
    endloop
  endfacet
  facet normal 0 0 1
    outer loop
      vertex 1.55291 5.79555 6.7
      vertex 1.09998 4.10518 6.7
      vertex 1.6264 3.92649 6.7
    endloop
  endfacet
  facet normal 0 0 1
    outer loop
      vertex 0.783156 5.94867 6.7
      vertex 1.09998 4.10518 6.7
      vertex 1.55291 5.79555 6.7
    endloop
  endfacet
  facet normal 0 0 1
    outer loop
      vertex 0.783156 5.94867 6.7
      vertex 0.554736 4.21364 6.7
      vertex 1.09998 4.10518 6.7
    endloop
  endfacet
  facet normal 0 0 1
    outer loop
      vertex 0 6 6.7
      vertex 0.554736 4.21364 6.7
      vertex 0.783156 5.94867 6.7
    endloop
  endfacet
  facet normal 0 0 1
    outer loop
      vertex 0 6 6.7
      vertex 0 4.25 6.7
      vertex 0.554736 4.21364 6.7
    endloop
  endfacet
  facet normal 0 0 1
    outer loop
      vertex 0 6 6.7
      vertex -0.554736 4.21364 6.7
      vertex 0 4.25 6.7
    endloop
  endfacet
  facet normal -0 0 1
    outer loop
      vertex -0.783156 5.94867 6.7
      vertex -0.554736 4.21364 6.7
      vertex 0 6 6.7
    endloop
  endfacet
  facet normal 0 0 1
    outer loop
      vertex -0.783156 5.94867 6.7
      vertex -1.09998 4.10518 6.7
      vertex -0.554736 4.21364 6.7
    endloop
  endfacet
  facet normal -0 0 1
    outer loop
      vertex -1.55291 5.79555 6.7
      vertex -1.09998 4.10518 6.7
      vertex -0.783156 5.94867 6.7
    endloop
  endfacet
  facet normal 0 0 1
    outer loop
      vertex -1.55291 5.79555 6.7
      vertex -1.6264 3.92649 6.7
      vertex -1.09998 4.10518 6.7
    endloop
  endfacet
  facet normal -0 0 1
    outer loop
      vertex -2.2961 5.54328 6.7
      vertex -1.6264 3.92649 6.7
      vertex -1.55291 5.79555 6.7
    endloop
  endfacet
  facet normal 0 0 1
    outer loop
      vertex -1.6264 3.92649 6.7
      vertex -2.2961 5.54328 6.7
      vertex -2.125 3.68061 6.7
    endloop
  endfacet
  facet normal -0 0 1
    outer loop
      vertex -3 5.19615 6.7
      vertex -2.125 3.68061 6.7
      vertex -2.2961 5.54328 6.7
    endloop
  endfacet
  facet normal 0 0 1
    outer loop
      vertex -2.125 3.68061 6.7
      vertex -3 5.19615 6.7
      vertex -2.58724 3.37175 6.7
    endloop
  endfacet
  facet normal -0 0 1
    outer loop
      vertex -3.65257 4.76012 6.7
      vertex -2.58724 3.37175 6.7
      vertex -3 5.19615 6.7
    endloop
  endfacet
  facet normal 0 0 1
    outer loop
      vertex -2.58724 3.37175 6.7
      vertex -3.65257 4.76012 6.7
      vertex -3.0052 3.0052 6.7
    endloop
  endfacet
  facet normal -0 0 1
    outer loop
      vertex -4.24264 4.24264 6.7
      vertex -3.0052 3.0052 6.7
      vertex -3.65257 4.76012 6.7
    endloop
  endfacet
  facet normal 0 0 1
    outer loop
      vertex -3.0052 3.0052 6.7
      vertex -4.24264 4.24264 6.7
      vertex -3.37175 2.58724 6.7
    endloop
  endfacet
  facet normal -0 0 1
    outer loop
      vertex -4.76012 3.65257 6.7
      vertex -3.37175 2.58724 6.7
      vertex -4.24264 4.24264 6.7
    endloop
  endfacet
  facet normal 0 0 1
    outer loop
      vertex -3.37175 2.58724 6.7
      vertex -4.76012 3.65257 6.7
      vertex -3.68061 2.125 6.7
    endloop
  endfacet
  facet normal -0 0 1
    outer loop
      vertex -5.19615 3 6.7
      vertex -3.68061 2.125 6.7
      vertex -4.76012 3.65257 6.7
    endloop
  endfacet
  facet normal 0 0 1
    outer loop
      vertex -3.68061 2.125 6.7
      vertex -5.19615 3 6.7
      vertex -3.92649 1.6264 6.7
    endloop
  endfacet
  facet normal -0 0 1
    outer loop
      vertex -5.54328 2.2961 6.7
      vertex -3.92649 1.6264 6.7
      vertex -5.19615 3 6.7
    endloop
  endfacet
  facet normal 0 0 1
    outer loop
      vertex -3.92649 1.6264 6.7
      vertex -5.54328 2.2961 6.7
      vertex -4.10518 1.09998 6.7
    endloop
  endfacet
  facet normal -0 0 1
    outer loop
      vertex 3.92649 -1.6264 6.7
      vertex 5.54328 -2.2961 6.7
      vertex 4.10518 -1.09998 6.7
    endloop
  endfacet
  facet normal 0 0 1
    outer loop
      vertex 5.54328 -2.2961 6.7
      vertex 3.92649 -1.6264 6.7
      vertex 5.19615 -3 6.7
    endloop
  endfacet
  facet normal -0 0 1
    outer loop
      vertex 3.68061 -2.125 6.7
      vertex 5.19615 -3 6.7
      vertex 3.92649 -1.6264 6.7
    endloop
  endfacet
  facet normal 0 0 1
    outer loop
      vertex 5.19615 -3 6.7
      vertex 3.68061 -2.125 6.7
      vertex 4.76012 -3.65257 6.7
    endloop
  endfacet
  facet normal -0 0 1
    outer loop
      vertex 3.37175 -2.58724 6.7
      vertex 4.76012 -3.65257 6.7
      vertex 3.68061 -2.125 6.7
    endloop
  endfacet
  facet normal 0 0 1
    outer loop
      vertex 4.76012 -3.65257 6.7
      vertex 3.37175 -2.58724 6.7
      vertex 4.24264 -4.24264 6.7
    endloop
  endfacet
  facet normal -0 0 1
    outer loop
      vertex 3.0052 -3.0052 6.7
      vertex 4.24264 -4.24264 6.7
      vertex 3.37175 -2.58724 6.7
    endloop
  endfacet
  facet normal 0 0 1
    outer loop
      vertex 4.24264 -4.24264 6.7
      vertex 3.0052 -3.0052 6.7
      vertex 3.65257 -4.76012 6.7
    endloop
  endfacet
  facet normal -0 0 1
    outer loop
      vertex 2.58724 -3.37175 6.7
      vertex 3.65257 -4.76012 6.7
      vertex 3.0052 -3.0052 6.7
    endloop
  endfacet
  facet normal 0 0 1
    outer loop
      vertex 3.65257 -4.76012 6.7
      vertex 2.58724 -3.37175 6.7
      vertex 3 -5.19615 6.7
    endloop
  endfacet
  facet normal -0 0 1
    outer loop
      vertex 2.125 -3.68061 6.7
      vertex 3 -5.19615 6.7
      vertex 2.58724 -3.37175 6.7
    endloop
  endfacet
  facet normal 0 0 1
    outer loop
      vertex 3 -5.19615 6.7
      vertex 2.125 -3.68061 6.7
      vertex 2.2961 -5.54328 6.7
    endloop
  endfacet
  facet normal -0 0 1
    outer loop
      vertex 1.6264 -3.92649 6.7
      vertex 2.2961 -5.54328 6.7
      vertex 2.125 -3.68061 6.7
    endloop
  endfacet
  facet normal 0 0 1
    outer loop
      vertex 1.6264 -3.92649 6.7
      vertex 1.55291 -5.79555 6.7
      vertex 2.2961 -5.54328 6.7
    endloop
  endfacet
  facet normal -0 0 1
    outer loop
      vertex 1.09998 -4.10518 6.7
      vertex 1.55291 -5.79555 6.7
      vertex 1.6264 -3.92649 6.7
    endloop
  endfacet
  facet normal 0 0 1
    outer loop
      vertex 1.09998 -4.10518 6.7
      vertex 0.783156 -5.94867 6.7
      vertex 1.55291 -5.79555 6.7
    endloop
  endfacet
  facet normal -0 0 1
    outer loop
      vertex 0.554736 -4.21364 6.7
      vertex 0.783156 -5.94867 6.7
      vertex 1.09998 -4.10518 6.7
    endloop
  endfacet
  facet normal -0 0 1
    outer loop
      vertex 0 -4.25 6.7
      vertex 0.783156 -5.94867 6.7
      vertex 0.554736 -4.21364 6.7
    endloop
  endfacet
  facet normal 0 0 1
    outer loop
      vertex 0 -4.25 6.7
      vertex 0 -6 6.7
      vertex 0.783156 -5.94867 6.7
    endloop
  endfacet
  facet normal 0 0 1
    outer loop
      vertex -0.554736 -4.21364 6.7
      vertex 0 -6 6.7
      vertex 0 -4.25 6.7
    endloop
  endfacet
  facet normal 0 0 1
    outer loop
      vertex -0.554736 -4.21364 6.7
      vertex -0.783156 -5.94867 6.7
      vertex 0 -6 6.7
    endloop
  endfacet
  facet normal 0 0 1
    outer loop
      vertex -1.09998 -4.10518 6.7
      vertex -0.783156 -5.94867 6.7
      vertex -0.554736 -4.21364 6.7
    endloop
  endfacet
  facet normal 0 0 1
    outer loop
      vertex -1.09998 -4.10518 6.7
      vertex -1.55291 -5.79555 6.7
      vertex -0.783156 -5.94867 6.7
    endloop
  endfacet
  facet normal 0 0 1
    outer loop
      vertex -1.6264 -3.92649 6.7
      vertex -1.55291 -5.79555 6.7
      vertex -1.09998 -4.10518 6.7
    endloop
  endfacet
  facet normal 0 0 1
    outer loop
      vertex -2.2961 -5.54328 6.7
      vertex -1.6264 -3.92649 6.7
      vertex -2.125 -3.68061 6.7
    endloop
  endfacet
  facet normal 0 0 1
    outer loop
      vertex -1.6264 -3.92649 6.7
      vertex -2.2961 -5.54328 6.7
      vertex -1.55291 -5.79555 6.7
    endloop
  endfacet
  facet normal 0 0 1
    outer loop
      vertex -3 -5.19615 6.7
      vertex -2.125 -3.68061 6.7
      vertex -2.58724 -3.37175 6.7
    endloop
  endfacet
  facet normal 0 0 1
    outer loop
      vertex -2.125 -3.68061 6.7
      vertex -3 -5.19615 6.7
      vertex -2.2961 -5.54328 6.7
    endloop
  endfacet
  facet normal 0 0 1
    outer loop
      vertex -3.65257 -4.76012 6.7
      vertex -2.58724 -3.37175 6.7
      vertex -3.0052 -3.0052 6.7
    endloop
  endfacet
  facet normal 0 0 1
    outer loop
      vertex -4.24264 -4.24264 6.7
      vertex -3.0052 -3.0052 6.7
      vertex -3.37175 -2.58724 6.7
    endloop
  endfacet
  facet normal 0 0 1
    outer loop
      vertex -2.58724 -3.37175 6.7
      vertex -3.65257 -4.76012 6.7
      vertex -3 -5.19615 6.7
    endloop
  endfacet
  facet normal 0 0 1
    outer loop
      vertex -4.76012 -3.65257 6.7
      vertex -3.37175 -2.58724 6.7
      vertex -3.68061 -2.125 6.7
    endloop
  endfacet
  facet normal 0 0 1
    outer loop
      vertex -5.19615 -3 6.7
      vertex -3.68061 -2.125 6.7
      vertex -3.92649 -1.6264 6.7
    endloop
  endfacet
  facet normal 0 0 1
    outer loop
      vertex -5.54328 -2.2961 6.7
      vertex -3.92649 -1.6264 6.7
      vertex -4.10518 -1.09998 6.7
    endloop
  endfacet
  facet normal 0 0 1
    outer loop
      vertex -5.79555 -1.55291 6.7
      vertex -4.10518 -1.09998 6.7
      vertex -4.21364 -0.554736 6.7
    endloop
  endfacet
  facet normal 0 0 1
    outer loop
      vertex -3.0052 -3.0052 6.7
      vertex -4.24264 -4.24264 6.7
      vertex -3.65257 -4.76012 6.7
    endloop
  endfacet
  facet normal 0 0 1
    outer loop
      vertex -5.94867 -0.783156 6.7
      vertex -4.21364 -0.554736 6.7
      vertex -4.25 0 6.7
    endloop
  endfacet
  facet normal -0 0 1
    outer loop
      vertex -5.79555 1.55291 6.7
      vertex -4.10518 1.09998 6.7
      vertex -5.54328 2.2961 6.7
    endloop
  endfacet
  facet normal 0 0 1
    outer loop
      vertex -3.37175 -2.58724 6.7
      vertex -4.76012 -3.65257 6.7
      vertex -4.24264 -4.24264 6.7
    endloop
  endfacet
  facet normal 0 0 1
    outer loop
      vertex -4.10518 1.09998 6.7
      vertex -5.79555 1.55291 6.7
      vertex -4.21364 0.554736 6.7
    endloop
  endfacet
  facet normal 0 0 1
    outer loop
      vertex -3.68061 -2.125 6.7
      vertex -5.19615 -3 6.7
      vertex -4.76012 -3.65257 6.7
    endloop
  endfacet
  facet normal -0 0 1
    outer loop
      vertex -5.94867 0.783156 6.7
      vertex -4.21364 0.554736 6.7
      vertex -5.79555 1.55291 6.7
    endloop
  endfacet
  facet normal 0 0 1
    outer loop
      vertex -3.92649 -1.6264 6.7
      vertex -5.54328 -2.2961 6.7
      vertex -5.19615 -3 6.7
    endloop
  endfacet
  facet normal 0 0 1
    outer loop
      vertex -4.21364 0.554736 6.7
      vertex -5.94867 0.783156 6.7
      vertex -4.25 0 6.7
    endloop
  endfacet
  facet normal 0 0 1
    outer loop
      vertex -4.10518 -1.09998 6.7
      vertex -5.79555 -1.55291 6.7
      vertex -5.54328 -2.2961 6.7
    endloop
  endfacet
  facet normal 0 0 1
    outer loop
      vertex -6 0 6.7
      vertex -4.25 0 6.7
      vertex -5.94867 0.783156 6.7
    endloop
  endfacet
  facet normal 0 0 1
    outer loop
      vertex -4.21364 -0.554736 6.7
      vertex -5.94867 -0.783156 6.7
      vertex -5.79555 -1.55291 6.7
    endloop
  endfacet
  facet normal 0 0 1
    outer loop
      vertex -4.25 0 6.7
      vertex -6 0 6.7
      vertex -5.94867 -0.783156 6.7
    endloop
  endfacet
  facet normal 0.980784 -0.195098 0
    outer loop
      vertex 5.79555 -1.55291 6.7
      vertex 5.94867 -0.783156 3.7
      vertex 5.94867 -0.783156 6.7
    endloop
  endfacet
  facet normal 0.980784 -0.195098 0
    outer loop
      vertex 5.94867 -0.783156 3.7
      vertex 5.79555 -1.55291 6.7
      vertex 5.79555 -1.55291 3.7
    endloop
  endfacet
  facet normal 0.946934 -0.321429 0
    outer loop
      vertex 5.54328 -2.2961 6.7
      vertex 5.79555 -1.55291 3.7
      vertex 5.79555 -1.55291 6.7
    endloop
  endfacet
  facet normal 0.946934 -0.321429 0
    outer loop
      vertex 5.79555 -1.55291 3.7
      vertex 5.54328 -2.2961 6.7
      vertex 5.54328 -2.2961 3.7
    endloop
  endfacet
  facet normal 0.659348 -0.751838 0
    outer loop
      vertex 3.65257 -4.76012 3.7
      vertex 4.24264 -4.24264 6.7
      vertex 3.65257 -4.76012 6.7
    endloop
  endfacet
  facet normal 0.659348 -0.751838 0
    outer loop
      vertex 4.24264 -4.24264 6.7
      vertex 3.65257 -4.76012 3.7
      vertex 4.24264 -4.24264 3.7
    endloop
  endfacet
  facet normal 0.831472 -0.555567 0
    outer loop
      vertex 4.76012 -3.65257 6.7
      vertex 5.19615 -3 3.7
      vertex 5.19615 -3 6.7
    endloop
  endfacet
  facet normal 0.831472 -0.555567 0
    outer loop
      vertex 5.19615 -3 3.7
      vertex 4.76012 -3.65257 6.7
      vertex 4.76012 -3.65257 3.7
    endloop
  endfacet
  facet normal -0.555567 -0.831472 0
    outer loop
      vertex -3.65257 -4.76012 3.7
      vertex -3 -5.19615 6.7
      vertex -3.65257 -4.76012 6.7
    endloop
  endfacet
  facet normal -0.555567 -0.831472 -0
    outer loop
      vertex -3 -5.19615 6.7
      vertex -3.65257 -4.76012 3.7
      vertex -3 -5.19615 3.7
    endloop
  endfacet
  facet normal -0.980784 -0.195098 0
    outer loop
      vertex -5.79555 -1.55291 3.7
      vertex -5.94867 -0.783156 6.7
      vertex -5.94867 -0.783156 3.7
    endloop
  endfacet
  facet normal -0.980784 -0.195098 0
    outer loop
      vertex -5.94867 -0.783156 6.7
      vertex -5.79555 -1.55291 3.7
      vertex -5.79555 -1.55291 6.7
    endloop
  endfacet
  facet normal -0.946933 0.321431 0
    outer loop
      vertex -4.10518 1.09998 6.7
      vertex -3.92649 1.6264 13.2
      vertex -3.92649 1.6264 6.7
    endloop
  endfacet
  facet normal -0.946933 0.321431 0
    outer loop
      vertex -3.92649 1.6264 13.2
      vertex -4.10518 1.09998 6.7
      vertex -4.10518 1.09998 13.2
    endloop
  endfacet
  facet normal -0.321431 -0.946933 0
    outer loop
      vertex -1.6264 -3.92649 6.7
      vertex -1.09998 -4.10518 13.2
      vertex -1.6264 -3.92649 13.2
    endloop
  endfacet
  facet normal -0.321431 -0.946933 -0
    outer loop
      vertex -1.09998 -4.10518 13.2
      vertex -1.6264 -3.92649 6.7
      vertex -1.09998 -4.10518 6.7
    endloop
  endfacet
  facet normal 0.555572 0.831469 -0
    outer loop
      vertex 2.58724 3.37175 6.7
      vertex 2.125 3.68061 13.2
      vertex 2.58724 3.37175 13.2
    endloop
  endfacet
  facet normal 0.555572 0.831469 0
    outer loop
      vertex 2.125 3.68061 13.2
      vertex 2.58724 3.37175 6.7
      vertex 2.125 3.68061 6.7
    endloop
  endfacet
  facet normal -0.321431 0.946933 0
    outer loop
      vertex -1.09998 4.10518 6.7
      vertex -1.6264 3.92649 13.2
      vertex -1.09998 4.10518 13.2
    endloop
  endfacet
  facet normal -0.321431 0.946933 0
    outer loop
      vertex -1.6264 3.92649 13.2
      vertex -1.09998 4.10518 6.7
      vertex -1.6264 3.92649 6.7
    endloop
  endfacet
  facet normal -0.896874 0.442285 0
    outer loop
      vertex -3.92649 1.6264 6.7
      vertex -3.68061 2.125 13.2
      vertex -3.68061 2.125 6.7
    endloop
  endfacet
  facet normal -0.896874 0.442285 0
    outer loop
      vertex -3.68061 2.125 13.2
      vertex -3.92649 1.6264 6.7
      vertex -3.92649 1.6264 13.2
    endloop
  endfacet
  facet normal -0.896874 -0.442285 0
    outer loop
      vertex -3.68061 -2.125 6.7
      vertex -3.92649 -1.6264 13.2
      vertex -3.92649 -1.6264 6.7
    endloop
  endfacet
  facet normal -0.896874 -0.442285 0
    outer loop
      vertex -3.92649 -1.6264 13.2
      vertex -3.68061 -2.125 6.7
      vertex -3.68061 -2.125 13.2
    endloop
  endfacet
  facet normal 0.980784 0.195098 0
    outer loop
      vertex 4.21364 0.554736 13.2
      vertex 4.10518 1.09998 6.7
      vertex 4.10518 1.09998 13.2
    endloop
  endfacet
  facet normal 0.980784 0.195098 0
    outer loop
      vertex 4.10518 1.09998 6.7
      vertex 4.21364 0.554736 13.2
      vertex 4.21364 0.554736 6.7
    endloop
  endfacet
  facet normal 0.946933 0.321431 0
    outer loop
      vertex 4.10518 1.09998 13.2
      vertex 3.92649 1.6264 6.7
      vertex 3.92649 1.6264 13.2
    endloop
  endfacet
  facet normal 0.946933 0.321431 0
    outer loop
      vertex 3.92649 1.6264 6.7
      vertex 4.10518 1.09998 13.2
      vertex 4.10518 1.09998 6.7
    endloop
  endfacet
  facet normal 0.831469 0.555572 0
    outer loop
      vertex 3.68061 2.125 13.2
      vertex 3.37175 2.58724 6.7
      vertex 3.37175 2.58724 13.2
    endloop
  endfacet
  facet normal 0.831469 0.555572 0
    outer loop
      vertex 3.37175 2.58724 6.7
      vertex 3.68061 2.125 13.2
      vertex 3.68061 2.125 6.7
    endloop
  endfacet
  facet normal 0.751832 0.659355 0
    outer loop
      vertex 3.37175 2.58724 13.2
      vertex 3.0052 3.0052 6.7
      vertex 3.0052 3.0052 13.2
    endloop
  endfacet
  facet normal 0.751832 0.659355 0
    outer loop
      vertex 3.0052 3.0052 6.7
      vertex 3.37175 2.58724 13.2
      vertex 3.37175 2.58724 6.7
    endloop
  endfacet
  facet normal 0.442285 0.896874 -0
    outer loop
      vertex 2.125 3.68061 6.7
      vertex 1.6264 3.92649 13.2
      vertex 2.125 3.68061 13.2
    endloop
  endfacet
  facet normal 0.442285 0.896874 0
    outer loop
      vertex 1.6264 3.92649 13.2
      vertex 2.125 3.68061 6.7
      vertex 1.6264 3.92649 6.7
    endloop
  endfacet
  facet normal 0.321431 0.946933 -0
    outer loop
      vertex 1.6264 3.92649 6.7
      vertex 1.09998 4.10518 13.2
      vertex 1.6264 3.92649 13.2
    endloop
  endfacet
  facet normal 0.321431 0.946933 0
    outer loop
      vertex 1.09998 4.10518 13.2
      vertex 1.6264 3.92649 6.7
      vertex 1.09998 4.10518 6.7
    endloop
  endfacet
  facet normal -0.751832 0.659355 0
    outer loop
      vertex -3.37175 2.58724 6.7
      vertex -3.0052 3.0052 13.2
      vertex -3.0052 3.0052 6.7
    endloop
  endfacet
  facet normal -0.751832 0.659355 0
    outer loop
      vertex -3.0052 3.0052 13.2
      vertex -3.37175 2.58724 6.7
      vertex -3.37175 2.58724 13.2
    endloop
  endfacet
  facet normal -0.442285 0.896874 0
    outer loop
      vertex -1.6264 3.92649 6.7
      vertex -2.125 3.68061 13.2
      vertex -1.6264 3.92649 13.2
    endloop
  endfacet
  facet normal -0.442285 0.896874 0
    outer loop
      vertex -2.125 3.68061 13.2
      vertex -1.6264 3.92649 6.7
      vertex -2.125 3.68061 6.7
    endloop
  endfacet
  facet normal -0.555572 0.831469 0
    outer loop
      vertex -2.125 3.68061 6.7
      vertex -2.58724 3.37175 13.2
      vertex -2.125 3.68061 13.2
    endloop
  endfacet
  facet normal -0.555572 0.831469 0
    outer loop
      vertex -2.58724 3.37175 13.2
      vertex -2.125 3.68061 6.7
      vertex -2.58724 3.37175 6.7
    endloop
  endfacet
  facet normal 0.321431 -0.946933 0
    outer loop
      vertex 1.09998 -4.10518 6.7
      vertex 1.6264 -3.92649 13.2
      vertex 1.09998 -4.10518 13.2
    endloop
  endfacet
  facet normal 0.321431 -0.946933 0
    outer loop
      vertex 1.6264 -3.92649 13.2
      vertex 1.09998 -4.10518 6.7
      vertex 1.6264 -3.92649 6.7
    endloop
  endfacet
  facet normal 0.751832 -0.659355 0
    outer loop
      vertex 3.0052 -3.0052 13.2
      vertex 3.37175 -2.58724 6.7
      vertex 3.37175 -2.58724 13.2
    endloop
  endfacet
  facet normal 0.751832 -0.659355 0
    outer loop
      vertex 3.37175 -2.58724 6.7
      vertex 3.0052 -3.0052 13.2
      vertex 3.0052 -3.0052 6.7
    endloop
  endfacet
  facet normal 0.659355 -0.751832 0
    outer loop
      vertex 2.58724 -3.37175 6.7
      vertex 3.0052 -3.0052 13.2
      vertex 2.58724 -3.37175 13.2
    endloop
  endfacet
  facet normal 0.659355 -0.751832 0
    outer loop
      vertex 3.0052 -3.0052 13.2
      vertex 2.58724 -3.37175 6.7
      vertex 3.0052 -3.0052 6.7
    endloop
  endfacet
  facet normal 0.442285 -0.896874 0
    outer loop
      vertex 1.6264 -3.92649 6.7
      vertex 2.125 -3.68061 13.2
      vertex 1.6264 -3.92649 13.2
    endloop
  endfacet
  facet normal 0.442285 -0.896874 0
    outer loop
      vertex 2.125 -3.68061 13.2
      vertex 1.6264 -3.92649 6.7
      vertex 2.125 -3.68061 6.7
    endloop
  endfacet
  facet normal -0.442285 -0.896874 0
    outer loop
      vertex -2.125 -3.68061 6.7
      vertex -1.6264 -3.92649 13.2
      vertex -2.125 -3.68061 13.2
    endloop
  endfacet
  facet normal -0.442285 -0.896874 -0
    outer loop
      vertex -1.6264 -3.92649 13.2
      vertex -2.125 -3.68061 6.7
      vertex -1.6264 -3.92649 6.7
    endloop
  endfacet
  facet normal 0.896874 0.442285 0
    outer loop
      vertex 3.92649 1.6264 13.2
      vertex 3.68061 2.125 6.7
      vertex 3.68061 2.125 13.2
    endloop
  endfacet
  facet normal 0.896874 0.442285 0
    outer loop
      vertex 3.68061 2.125 6.7
      vertex 3.92649 1.6264 13.2
      vertex 3.92649 1.6264 6.7
    endloop
  endfacet
  facet normal 0.0654044 0.997859 -0
    outer loop
      vertex 0.554736 4.21364 6.7
      vertex 0 4.25 13.2
      vertex 0.554736 4.21364 13.2
    endloop
  endfacet
  facet normal 0.0654044 0.997859 0
    outer loop
      vertex 0 4.25 13.2
      vertex 0.554736 4.21364 6.7
      vertex 0 4.25 6.7
    endloop
  endfacet
  facet normal -0.997859 0.0654044 0
    outer loop
      vertex -4.25 0 6.7
      vertex -4.21364 0.554736 13.2
      vertex -4.21364 0.554736 6.7
    endloop
  endfacet
  facet normal -0.997859 0.0654044 0
    outer loop
      vertex -4.21364 0.554736 13.2
      vertex -4.25 0 6.7
      vertex -4.25 0 13.2
    endloop
  endfacet
  facet normal -0.831469 0.555572 0
    outer loop
      vertex -3.68061 2.125 6.7
      vertex -3.37175 2.58724 13.2
      vertex -3.37175 2.58724 6.7
    endloop
  endfacet
  facet normal -0.831469 0.555572 0
    outer loop
      vertex -3.37175 2.58724 13.2
      vertex -3.68061 2.125 6.7
      vertex -3.68061 2.125 13.2
    endloop
  endfacet
  facet normal -0.0654044 0.997859 0
    outer loop
      vertex 0 4.25 6.7
      vertex -0.554736 4.21364 13.2
      vertex 0 4.25 13.2
    endloop
  endfacet
  facet normal -0.0654044 0.997859 0
    outer loop
      vertex -0.554736 4.21364 13.2
      vertex 0 4.25 6.7
      vertex -0.554736 4.21364 6.7
    endloop
  endfacet
  facet normal -0.195098 0.980784 0
    outer loop
      vertex -0.554736 4.21364 6.7
      vertex -1.09998 4.10518 13.2
      vertex -0.554736 4.21364 13.2
    endloop
  endfacet
  facet normal -0.195098 0.980784 0
    outer loop
      vertex -1.09998 4.10518 13.2
      vertex -0.554736 4.21364 6.7
      vertex -1.09998 4.10518 6.7
    endloop
  endfacet
  facet normal -0.659355 0.751832 0
    outer loop
      vertex -2.58724 3.37175 6.7
      vertex -3.0052 3.0052 13.2
      vertex -2.58724 3.37175 13.2
    endloop
  endfacet
  facet normal -0.659355 0.751832 0
    outer loop
      vertex -3.0052 3.0052 13.2
      vertex -2.58724 3.37175 6.7
      vertex -3.0052 3.0052 6.7
    endloop
  endfacet
  facet normal 0.997859 0.0654044 0
    outer loop
      vertex 4.25 0 13.2
      vertex 4.21364 0.554736 6.7
      vertex 4.21364 0.554736 13.2
    endloop
  endfacet
  facet normal 0.997859 0.0654044 0
    outer loop
      vertex 4.21364 0.554736 6.7
      vertex 4.25 0 13.2
      vertex 4.25 0 6.7
    endloop
  endfacet
  facet normal 0.0654044 -0.997859 0
    outer loop
      vertex 0 -4.25 6.7
      vertex 0.554736 -4.21364 13.2
      vertex 0 -4.25 13.2
    endloop
  endfacet
  facet normal 0.0654044 -0.997859 0
    outer loop
      vertex 0.554736 -4.21364 13.2
      vertex 0 -4.25 6.7
      vertex 0.554736 -4.21364 6.7
    endloop
  endfacet
  facet normal 0.946933 -0.321431 0
    outer loop
      vertex 3.92649 -1.6264 13.2
      vertex 4.10518 -1.09998 6.7
      vertex 4.10518 -1.09998 13.2
    endloop
  endfacet
  facet normal 0.946933 -0.321431 0
    outer loop
      vertex 4.10518 -1.09998 6.7
      vertex 3.92649 -1.6264 13.2
      vertex 3.92649 -1.6264 6.7
    endloop
  endfacet
  facet normal 0.195098 -0.980784 0
    outer loop
      vertex 0.554736 -4.21364 6.7
      vertex 1.09998 -4.10518 13.2
      vertex 0.554736 -4.21364 13.2
    endloop
  endfacet
  facet normal 0.195098 -0.980784 0
    outer loop
      vertex 1.09998 -4.10518 13.2
      vertex 0.554736 -4.21364 6.7
      vertex 1.09998 -4.10518 6.7
    endloop
  endfacet
  facet normal 0.555572 -0.831469 0
    outer loop
      vertex 2.125 -3.68061 6.7
      vertex 2.58724 -3.37175 13.2
      vertex 2.125 -3.68061 13.2
    endloop
  endfacet
  facet normal 0.555572 -0.831469 0
    outer loop
      vertex 2.58724 -3.37175 13.2
      vertex 2.125 -3.68061 6.7
      vertex 2.58724 -3.37175 6.7
    endloop
  endfacet
  facet normal 0.896874 -0.442285 0
    outer loop
      vertex 3.68061 -2.125 13.2
      vertex 3.92649 -1.6264 6.7
      vertex 3.92649 -1.6264 13.2
    endloop
  endfacet
  facet normal 0.896874 -0.442285 0
    outer loop
      vertex 3.92649 -1.6264 6.7
      vertex 3.68061 -2.125 13.2
      vertex 3.68061 -2.125 6.7
    endloop
  endfacet
  facet normal 0.831469 -0.555572 0
    outer loop
      vertex 3.37175 -2.58724 13.2
      vertex 3.68061 -2.125 6.7
      vertex 3.68061 -2.125 13.2
    endloop
  endfacet
  facet normal 0.831469 -0.555572 0
    outer loop
      vertex 3.68061 -2.125 6.7
      vertex 3.37175 -2.58724 13.2
      vertex 3.37175 -2.58724 6.7
    endloop
  endfacet
  facet normal -0.195098 -0.980784 0
    outer loop
      vertex -1.09998 -4.10518 6.7
      vertex -0.554736 -4.21364 13.2
      vertex -1.09998 -4.10518 13.2
    endloop
  endfacet
  facet normal -0.195098 -0.980784 -0
    outer loop
      vertex -0.554736 -4.21364 13.2
      vertex -1.09998 -4.10518 6.7
      vertex -0.554736 -4.21364 6.7
    endloop
  endfacet
  facet normal -0.0654044 -0.997859 0
    outer loop
      vertex -0.554736 -4.21364 6.7
      vertex 0 -4.25 13.2
      vertex -0.554736 -4.21364 13.2
    endloop
  endfacet
  facet normal -0.0654044 -0.997859 -0
    outer loop
      vertex 0 -4.25 13.2
      vertex -0.554736 -4.21364 6.7
      vertex 0 -4.25 6.7
    endloop
  endfacet
  facet normal -0.659355 -0.751832 0
    outer loop
      vertex -3.0052 -3.0052 6.7
      vertex -2.58724 -3.37175 13.2
      vertex -3.0052 -3.0052 13.2
    endloop
  endfacet
  facet normal -0.659355 -0.751832 -0
    outer loop
      vertex -2.58724 -3.37175 13.2
      vertex -3.0052 -3.0052 6.7
      vertex -2.58724 -3.37175 6.7
    endloop
  endfacet
  facet normal -0.946933 -0.321431 0
    outer loop
      vertex -3.92649 -1.6264 6.7
      vertex -4.10518 -1.09998 13.2
      vertex -4.10518 -1.09998 6.7
    endloop
  endfacet
  facet normal -0.946933 -0.321431 0
    outer loop
      vertex -4.10518 -1.09998 13.2
      vertex -3.92649 -1.6264 6.7
      vertex -3.92649 -1.6264 13.2
    endloop
  endfacet
  facet normal -0.997859 -0.0654044 0
    outer loop
      vertex -4.21364 -0.554736 6.7
      vertex -4.25 0 13.2
      vertex -4.25 0 6.7
    endloop
  endfacet
  facet normal -0.997859 -0.0654044 0
    outer loop
      vertex -4.25 0 13.2
      vertex -4.21364 -0.554736 6.7
      vertex -4.21364 -0.554736 13.2
    endloop
  endfacet
  facet normal -0.831469 -0.555572 0
    outer loop
      vertex -3.37175 -2.58724 6.7
      vertex -3.68061 -2.125 13.2
      vertex -3.68061 -2.125 6.7
    endloop
  endfacet
  facet normal -0.831469 -0.555572 0
    outer loop
      vertex -3.68061 -2.125 13.2
      vertex -3.37175 -2.58724 6.7
      vertex -3.37175 -2.58724 13.2
    endloop
  endfacet
  facet normal -0.751832 -0.659355 0
    outer loop
      vertex -3.0052 -3.0052 6.7
      vertex -3.37175 -2.58724 13.2
      vertex -3.37175 -2.58724 6.7
    endloop
  endfacet
  facet normal -0.751832 -0.659355 0
    outer loop
      vertex -3.37175 -2.58724 13.2
      vertex -3.0052 -3.0052 6.7
      vertex -3.0052 -3.0052 13.2
    endloop
  endfacet
  facet normal 0.659355 0.751832 -0
    outer loop
      vertex 3.0052 3.0052 6.7
      vertex 2.58724 3.37175 13.2
      vertex 3.0052 3.0052 13.2
    endloop
  endfacet
  facet normal 0.659355 0.751832 0
    outer loop
      vertex 2.58724 3.37175 13.2
      vertex 3.0052 3.0052 6.7
      vertex 2.58724 3.37175 6.7
    endloop
  endfacet
  facet normal 0.195098 0.980784 -0
    outer loop
      vertex 1.09998 4.10518 6.7
      vertex 0.554736 4.21364 13.2
      vertex 1.09998 4.10518 13.2
    endloop
  endfacet
  facet normal 0.195098 0.980784 0
    outer loop
      vertex 0.554736 4.21364 13.2
      vertex 1.09998 4.10518 6.7
      vertex 0.554736 4.21364 6.7
    endloop
  endfacet
  facet normal 0 0 1
    outer loop
      vertex 4.21364 0.554736 13.2
      vertex 4.21364 -0.554736 13.2
      vertex 4.25 0 13.2
    endloop
  endfacet
  facet normal 0 0 1
    outer loop
      vertex 4.10518 1.09998 13.2
      vertex 4.21364 -0.554736 13.2
      vertex 4.21364 0.554736 13.2
    endloop
  endfacet
  facet normal 0 0 1
    outer loop
      vertex 4.10518 1.09998 13.2
      vertex 4.10518 -1.09998 13.2
      vertex 4.21364 -0.554736 13.2
    endloop
  endfacet
  facet normal 0 0 1
    outer loop
      vertex 3.92649 1.6264 13.2
      vertex 4.10518 -1.09998 13.2
      vertex 4.10518 1.09998 13.2
    endloop
  endfacet
  facet normal 0 0 1
    outer loop
      vertex 3.92649 1.6264 13.2
      vertex 3.92649 -1.6264 13.2
      vertex 4.10518 -1.09998 13.2
    endloop
  endfacet
  facet normal 0 0 1
    outer loop
      vertex 3.68061 2.125 13.2
      vertex 3.92649 -1.6264 13.2
      vertex 3.92649 1.6264 13.2
    endloop
  endfacet
  facet normal 0 0 1
    outer loop
      vertex 3.68061 2.125 13.2
      vertex 3.68061 -2.125 13.2
      vertex 3.92649 -1.6264 13.2
    endloop
  endfacet
  facet normal 0 0 1
    outer loop
      vertex 3.37175 2.58724 13.2
      vertex 3.68061 -2.125 13.2
      vertex 3.68061 2.125 13.2
    endloop
  endfacet
  facet normal 0 0 1
    outer loop
      vertex 3.37175 2.58724 13.2
      vertex 3.37175 -2.58724 13.2
      vertex 3.68061 -2.125 13.2
    endloop
  endfacet
  facet normal 0 0 1
    outer loop
      vertex 3.0052 3.0052 13.2
      vertex 3.37175 -2.58724 13.2
      vertex 3.37175 2.58724 13.2
    endloop
  endfacet
  facet normal 0 0 1
    outer loop
      vertex 3.0052 3.0052 13.2
      vertex 3.0052 -3.0052 13.2
      vertex 3.37175 -2.58724 13.2
    endloop
  endfacet
  facet normal 0 0 1
    outer loop
      vertex 2.58724 3.37175 13.2
      vertex 3.0052 -3.0052 13.2
      vertex 3.0052 3.0052 13.2
    endloop
  endfacet
  facet normal 0 0 1
    outer loop
      vertex 2.58724 3.37175 13.2
      vertex 2.58724 -3.37175 13.2
      vertex 3.0052 -3.0052 13.2
    endloop
  endfacet
  facet normal 0 0 1
    outer loop
      vertex 2.125 3.68061 13.2
      vertex 2.58724 -3.37175 13.2
      vertex 2.58724 3.37175 13.2
    endloop
  endfacet
  facet normal 0 0 1
    outer loop
      vertex 2.125 3.68061 13.2
      vertex 2.125 -3.68061 13.2
      vertex 2.58724 -3.37175 13.2
    endloop
  endfacet
  facet normal 0 0 1
    outer loop
      vertex 1.6264 3.92649 13.2
      vertex 2.125 -3.68061 13.2
      vertex 2.125 3.68061 13.2
    endloop
  endfacet
  facet normal 0 0 1
    outer loop
      vertex 1.6264 3.92649 13.2
      vertex 1.6264 -3.92649 13.2
      vertex 2.125 -3.68061 13.2
    endloop
  endfacet
  facet normal 0 0 1
    outer loop
      vertex 1.09998 4.10518 13.2
      vertex 1.6264 -3.92649 13.2
      vertex 1.6264 3.92649 13.2
    endloop
  endfacet
  facet normal 0 0 1
    outer loop
      vertex 1.09998 4.10518 13.2
      vertex 1.09998 -4.10518 13.2
      vertex 1.6264 -3.92649 13.2
    endloop
  endfacet
  facet normal 0 0 1
    outer loop
      vertex 0.554736 4.21364 13.2
      vertex 1.09998 -4.10518 13.2
      vertex 1.09998 4.10518 13.2
    endloop
  endfacet
  facet normal 0 0 1
    outer loop
      vertex 0.554736 4.21364 13.2
      vertex 0.554736 -4.21364 13.2
      vertex 1.09998 -4.10518 13.2
    endloop
  endfacet
  facet normal 0 0 1
    outer loop
      vertex 0 4.25 13.2
      vertex 0.554736 -4.21364 13.2
      vertex 0.554736 4.21364 13.2
    endloop
  endfacet
  facet normal 0 0 1
    outer loop
      vertex 0 4.25 13.2
      vertex 0 -4.25 13.2
      vertex 0.554736 -4.21364 13.2
    endloop
  endfacet
  facet normal -0 0 1
    outer loop
      vertex -0.554736 4.21364 13.2
      vertex 0 -4.25 13.2
      vertex 0 4.25 13.2
    endloop
  endfacet
  facet normal 0 0 1
    outer loop
      vertex -0.554736 4.21364 13.2
      vertex -0.554736 -4.21364 13.2
      vertex 0 -4.25 13.2
    endloop
  endfacet
  facet normal -0 0 1
    outer loop
      vertex -1.09998 4.10518 13.2
      vertex -0.554736 -4.21364 13.2
      vertex -0.554736 4.21364 13.2
    endloop
  endfacet
  facet normal 0 0 1
    outer loop
      vertex -1.09998 4.10518 13.2
      vertex -1.09998 -4.10518 13.2
      vertex -0.554736 -4.21364 13.2
    endloop
  endfacet
  facet normal -0 0 1
    outer loop
      vertex -1.6264 3.92649 13.2
      vertex -1.09998 -4.10518 13.2
      vertex -1.09998 4.10518 13.2
    endloop
  endfacet
  facet normal 0 0 1
    outer loop
      vertex -1.6264 3.92649 13.2
      vertex -1.6264 -3.92649 13.2
      vertex -1.09998 -4.10518 13.2
    endloop
  endfacet
  facet normal -0 0 1
    outer loop
      vertex -2.125 3.68061 13.2
      vertex -1.6264 -3.92649 13.2
      vertex -1.6264 3.92649 13.2
    endloop
  endfacet
  facet normal 0 0 1
    outer loop
      vertex -2.125 3.68061 13.2
      vertex -2.125 -3.68061 13.2
      vertex -1.6264 -3.92649 13.2
    endloop
  endfacet
  facet normal -0 0 1
    outer loop
      vertex -2.58724 3.37175 13.2
      vertex -2.125 -3.68061 13.2
      vertex -2.125 3.68061 13.2
    endloop
  endfacet
  facet normal 0 0 1
    outer loop
      vertex -2.58724 3.37175 13.2
      vertex -2.58724 -3.37175 13.2
      vertex -2.125 -3.68061 13.2
    endloop
  endfacet
  facet normal -0 0 1
    outer loop
      vertex -3.0052 3.0052 13.2
      vertex -2.58724 -3.37175 13.2
      vertex -2.58724 3.37175 13.2
    endloop
  endfacet
  facet normal 0 0 1
    outer loop
      vertex -3.0052 3.0052 13.2
      vertex -3.0052 -3.0052 13.2
      vertex -2.58724 -3.37175 13.2
    endloop
  endfacet
  facet normal -0 0 1
    outer loop
      vertex -3.37175 2.58724 13.2
      vertex -3.0052 -3.0052 13.2
      vertex -3.0052 3.0052 13.2
    endloop
  endfacet
  facet normal 0 0 1
    outer loop
      vertex -3.37175 2.58724 13.2
      vertex -3.37175 -2.58724 13.2
      vertex -3.0052 -3.0052 13.2
    endloop
  endfacet
  facet normal -0 0 1
    outer loop
      vertex -3.68061 2.125 13.2
      vertex -3.37175 -2.58724 13.2
      vertex -3.37175 2.58724 13.2
    endloop
  endfacet
  facet normal 0 0 1
    outer loop
      vertex -3.68061 2.125 13.2
      vertex -3.68061 -2.125 13.2
      vertex -3.37175 -2.58724 13.2
    endloop
  endfacet
  facet normal -0 0 1
    outer loop
      vertex -3.92649 1.6264 13.2
      vertex -3.68061 -2.125 13.2
      vertex -3.68061 2.125 13.2
    endloop
  endfacet
  facet normal 0 0 1
    outer loop
      vertex -3.92649 1.6264 13.2
      vertex -3.92649 -1.6264 13.2
      vertex -3.68061 -2.125 13.2
    endloop
  endfacet
  facet normal -0 0 1
    outer loop
      vertex -4.10518 1.09998 13.2
      vertex -3.92649 -1.6264 13.2
      vertex -3.92649 1.6264 13.2
    endloop
  endfacet
  facet normal 0 0 1
    outer loop
      vertex -4.10518 1.09998 13.2
      vertex -4.10518 -1.09998 13.2
      vertex -3.92649 -1.6264 13.2
    endloop
  endfacet
  facet normal -0 0 1
    outer loop
      vertex -4.21364 0.554736 13.2
      vertex -4.10518 -1.09998 13.2
      vertex -4.10518 1.09998 13.2
    endloop
  endfacet
  facet normal 0 0 1
    outer loop
      vertex -4.21364 0.554736 13.2
      vertex -4.21364 -0.554736 13.2
      vertex -4.10518 -1.09998 13.2
    endloop
  endfacet
  facet normal 0 -0 1
    outer loop
      vertex -4.21364 -0.554736 13.2
      vertex -4.21364 0.554736 13.2
      vertex -4.25 0 13.2
    endloop
  endfacet
  facet normal -0.980784 0.195098 0
    outer loop
      vertex -4.21364 0.554736 6.7
      vertex -4.10518 1.09998 13.2
      vertex -4.10518 1.09998 6.7
    endloop
  endfacet
  facet normal -0.980784 0.195098 0
    outer loop
      vertex -4.10518 1.09998 13.2
      vertex -4.21364 0.554736 6.7
      vertex -4.21364 0.554736 13.2
    endloop
  endfacet
  facet normal 0.980784 -0.195098 0
    outer loop
      vertex 4.10518 -1.09998 13.2
      vertex 4.21364 -0.554736 6.7
      vertex 4.21364 -0.554736 13.2
    endloop
  endfacet
  facet normal 0.980784 -0.195098 0
    outer loop
      vertex 4.21364 -0.554736 6.7
      vertex 4.10518 -1.09998 13.2
      vertex 4.10518 -1.09998 6.7
    endloop
  endfacet
  facet normal 0.997859 -0.0654044 0
    outer loop
      vertex 4.21364 -0.554736 13.2
      vertex 4.25 0 6.7
      vertex 4.25 0 13.2
    endloop
  endfacet
  facet normal 0.997859 -0.0654044 0
    outer loop
      vertex 4.25 0 6.7
      vertex 4.21364 -0.554736 13.2
      vertex 4.21364 -0.554736 6.7
    endloop
  endfacet
  facet normal -0.555572 -0.831469 0
    outer loop
      vertex -2.58724 -3.37175 6.7
      vertex -2.125 -3.68061 13.2
      vertex -2.58724 -3.37175 13.2
    endloop
  endfacet
  facet normal -0.555572 -0.831469 -0
    outer loop
      vertex -2.125 -3.68061 13.2
      vertex -2.58724 -3.37175 6.7
      vertex -2.125 -3.68061 6.7
    endloop
  endfacet
  facet normal -0.980784 -0.195098 0
    outer loop
      vertex -4.10518 -1.09998 6.7
      vertex -4.21364 -0.554736 13.2
      vertex -4.21364 -0.554736 6.7
    endloop
  endfacet
  facet normal -0.980784 -0.195098 0
    outer loop
      vertex -4.21364 -0.554736 13.2
      vertex -4.10518 -1.09998 6.7
      vertex -4.10518 -1.09998 13.2
    endloop
  endfacet
  facet normal -0.896866 -0.442303 0
    outer loop
      vertex 1.47821 0.612293 0
      vertex 1.38564 0.799999 1
      vertex 1.38564 0.799999 0
    endloop
  endfacet
  facet normal -0.896866 -0.442303 0
    outer loop
      vertex 1.38564 0.799999 1
      vertex 1.47821 0.612293 0
      vertex 1.47821 0.612293 1
    endloop
  endfacet
  facet normal 0.980786 -0.195088 0
    outer loop
      vertex -1.58631 0.208841 1
      vertex -1.54548 0.41411 0
      vertex -1.54548 0.41411 1
    endloop
  endfacet
  facet normal 0.980786 -0.195088 0
    outer loop
      vertex -1.54548 0.41411 0
      vertex -1.58631 0.208841 1
      vertex -1.58631 0.208841 0
    endloop
  endfacet
  facet normal -0.831482 -0.555551 0
    outer loop
      vertex 1.38564 0.799999 0
      vertex 1.26937 0.974018 1
      vertex 1.26937 0.974018 0
    endloop
  endfacet
  facet normal -0.831482 -0.555551 0
    outer loop
      vertex 1.26937 0.974018 1
      vertex 1.38564 0.799999 0
      vertex 1.38564 0.799999 1
    endloop
  endfacet
  facet normal -0.321422 -0.946936 0
    outer loop
      vertex 0.41411 1.54548 0
      vertex 0.612293 1.47821 1
      vertex 0.41411 1.54548 1
    endloop
  endfacet
  facet normal -0.321422 -0.946936 -0
    outer loop
      vertex 0.612293 1.47821 1
      vertex 0.41411 1.54548 0
      vertex 0.612293 1.47821 0
    endloop
  endfacet
  facet normal 0.442303 -0.896866 0
    outer loop
      vertex -0.799999 1.38564 0
      vertex -0.612293 1.47821 1
      vertex -0.799999 1.38564 1
    endloop
  endfacet
  facet normal 0.442303 -0.896866 0
    outer loop
      vertex -0.612293 1.47821 1
      vertex -0.799999 1.38564 0
      vertex -0.612293 1.47821 0
    endloop
  endfacet
  facet normal 0.946936 -0.321422 0
    outer loop
      vertex -1.54548 0.41411 1
      vertex -1.47821 0.612293 0
      vertex -1.47821 0.612293 1
    endloop
  endfacet
  facet normal 0.946936 -0.321422 0
    outer loop
      vertex -1.47821 0.612293 0
      vertex -1.54548 0.41411 1
      vertex -1.54548 0.41411 0
    endloop
  endfacet
  facet normal -0.980786 0.195088 0
    outer loop
      vertex 1.54548 -0.41411 0
      vertex 1.58631 -0.208841 1
      vertex 1.58631 -0.208841 0
    endloop
  endfacet
  facet normal -0.980786 0.195088 0
    outer loop
      vertex 1.58631 -0.208841 1
      vertex 1.54548 -0.41411 0
      vertex 1.54548 -0.41411 1
    endloop
  endfacet
  facet normal -0.0654119 -0.997858 0
    outer loop
      vertex 0 1.6 0
      vertex 0.208841 1.58631 1
      vertex 0 1.6 1
    endloop
  endfacet
  facet normal -0.0654119 -0.997858 -0
    outer loop
      vertex 0.208841 1.58631 1
      vertex 0 1.6 0
      vertex 0.208841 1.58631 0
    endloop
  endfacet
  facet normal -0.442303 -0.896866 0
    outer loop
      vertex 0.612293 1.47821 0
      vertex 0.799999 1.38564 1
      vertex 0.612293 1.47821 1
    endloop
  endfacet
  facet normal -0.442303 -0.896866 -0
    outer loop
      vertex 0.799999 1.38564 1
      vertex 0.612293 1.47821 0
      vertex 0.799999 1.38564 0
    endloop
  endfacet
  facet normal 0.997858 -0.0654119 0
    outer loop
      vertex -1.6 0 1
      vertex -1.58631 0.208841 0
      vertex -1.58631 0.208841 1
    endloop
  endfacet
  facet normal 0.997858 -0.0654119 0
    outer loop
      vertex -1.58631 0.208841 0
      vertex -1.6 0 1
      vertex -1.6 0 0
    endloop
  endfacet
  facet normal 0.831482 -0.555551 0
    outer loop
      vertex -1.38564 0.799999 1
      vertex -1.26937 0.974018 0
      vertex -1.26937 0.974018 1
    endloop
  endfacet
  facet normal 0.831482 -0.555551 0
    outer loop
      vertex -1.26937 0.974018 0
      vertex -1.38564 0.799999 1
      vertex -1.38564 0.799999 0
    endloop
  endfacet
  facet normal 0.555551 -0.831482 0
    outer loop
      vertex -0.974018 1.26937 0
      vertex -0.799999 1.38564 1
      vertex -0.974018 1.26937 1
    endloop
  endfacet
  facet normal 0.555551 -0.831482 0
    outer loop
      vertex -0.799999 1.38564 1
      vertex -0.974018 1.26937 0
      vertex -0.799999 1.38564 0
    endloop
  endfacet
  facet normal 0.321422 -0.946936 0
    outer loop
      vertex -0.612293 1.47821 0
      vertex -0.41411 1.54548 1
      vertex -0.612293 1.47821 1
    endloop
  endfacet
  facet normal 0.321422 -0.946936 0
    outer loop
      vertex -0.41411 1.54548 1
      vertex -0.612293 1.47821 0
      vertex -0.41411 1.54548 0
    endloop
  endfacet
  facet normal -0.997858 0.0654119 0
    outer loop
      vertex 1.58631 -0.208841 0
      vertex 1.6 0 1
      vertex 1.6 0 0
    endloop
  endfacet
  facet normal -0.997858 0.0654119 0
    outer loop
      vertex 1.6 0 1
      vertex 1.58631 -0.208841 0
      vertex 1.58631 -0.208841 1
    endloop
  endfacet
  facet normal -0.946936 0.321422 0
    outer loop
      vertex 1.47821 -0.612293 0
      vertex 1.54548 -0.41411 1
      vertex 1.54548 -0.41411 0
    endloop
  endfacet
  facet normal -0.946936 0.321422 0
    outer loop
      vertex 1.54548 -0.41411 1
      vertex 1.47821 -0.612293 0
      vertex 1.47821 -0.612293 1
    endloop
  endfacet
  facet normal -0.555551 0.831482 0
    outer loop
      vertex 0.974018 -1.26937 0
      vertex 0.799999 -1.38564 1
      vertex 0.974018 -1.26937 1
    endloop
  endfacet
  facet normal -0.555551 0.831482 0
    outer loop
      vertex 0.799999 -1.38564 1
      vertex 0.974018 -1.26937 0
      vertex 0.799999 -1.38564 0
    endloop
  endfacet
  facet normal -0.946936 -0.321422 0
    outer loop
      vertex 1.54548 0.41411 0
      vertex 1.47821 0.612293 1
      vertex 1.47821 0.612293 0
    endloop
  endfacet
  facet normal -0.946936 -0.321422 0
    outer loop
      vertex 1.47821 0.612293 1
      vertex 1.54548 0.41411 0
      vertex 1.54548 0.41411 1
    endloop
  endfacet
  facet normal -0.659362 -0.751826 0
    outer loop
      vertex 0.974018 1.26937 0
      vertex 1.13137 1.13137 1
      vertex 0.974018 1.26937 1
    endloop
  endfacet
  facet normal -0.659362 -0.751826 -0
    outer loop
      vertex 1.13137 1.13137 1
      vertex 0.974018 1.26937 0
      vertex 1.13137 1.13137 0
    endloop
  endfacet
  facet normal 0.0654119 -0.997858 0
    outer loop
      vertex -0.208841 1.58631 0
      vertex 0 1.6 1
      vertex -0.208841 1.58631 1
    endloop
  endfacet
  facet normal 0.0654119 -0.997858 0
    outer loop
      vertex 0 1.6 1
      vertex -0.208841 1.58631 0
      vertex 0 1.6 0
    endloop
  endfacet
  facet normal -0.195088 -0.980786 0
    outer loop
      vertex 0.208841 1.58631 0
      vertex 0.41411 1.54548 1
      vertex 0.208841 1.58631 1
    endloop
  endfacet
  facet normal -0.195088 -0.980786 -0
    outer loop
      vertex 0.41411 1.54548 1
      vertex 0.208841 1.58631 0
      vertex 0.41411 1.54548 0
    endloop
  endfacet
  facet normal -0.555551 -0.831482 0
    outer loop
      vertex 0.799999 1.38564 0
      vertex 0.974018 1.26937 1
      vertex 0.799999 1.38564 1
    endloop
  endfacet
  facet normal -0.555551 -0.831482 -0
    outer loop
      vertex 0.974018 1.26937 1
      vertex 0.799999 1.38564 0
      vertex 0.974018 1.26937 0
    endloop
  endfacet
  facet normal 0 0 -1
    outer loop
      vertex 1.58631 -0.208841 1
      vertex 1.58631 0.208841 1
      vertex 1.6 0 1
    endloop
  endfacet
  facet normal 0 0 -1
    outer loop
      vertex 1.54548 -0.41411 1
      vertex 1.58631 0.208841 1
      vertex 1.58631 -0.208841 1
    endloop
  endfacet
  facet normal 0 0 -1
    outer loop
      vertex 1.54548 -0.41411 1
      vertex 1.54548 0.41411 1
      vertex 1.58631 0.208841 1
    endloop
  endfacet
  facet normal 0 0 -1
    outer loop
      vertex 1.47821 -0.612293 1
      vertex 1.54548 0.41411 1
      vertex 1.54548 -0.41411 1
    endloop
  endfacet
  facet normal 0 0 -1
    outer loop
      vertex 1.47821 -0.612293 1
      vertex 1.47821 0.612293 1
      vertex 1.54548 0.41411 1
    endloop
  endfacet
  facet normal 0 0 -1
    outer loop
      vertex 1.38564 -0.799999 1
      vertex 1.47821 0.612293 1
      vertex 1.47821 -0.612293 1
    endloop
  endfacet
  facet normal 0 0 -1
    outer loop
      vertex 1.38564 -0.799999 1
      vertex 1.38564 0.799999 1
      vertex 1.47821 0.612293 1
    endloop
  endfacet
  facet normal 0 0 -1
    outer loop
      vertex 1.26937 -0.974018 1
      vertex 1.38564 0.799999 1
      vertex 1.38564 -0.799999 1
    endloop
  endfacet
  facet normal 0 0 -1
    outer loop
      vertex 1.26937 -0.974018 1
      vertex 1.26937 0.974018 1
      vertex 1.38564 0.799999 1
    endloop
  endfacet
  facet normal 0 0 -1
    outer loop
      vertex 1.13137 -1.13137 1
      vertex 1.26937 0.974018 1
      vertex 1.26937 -0.974018 1
    endloop
  endfacet
  facet normal 0 0 -1
    outer loop
      vertex 1.13137 -1.13137 1
      vertex 1.13137 1.13137 1
      vertex 1.26937 0.974018 1
    endloop
  endfacet
  facet normal 0 0 -1
    outer loop
      vertex 0.974018 -1.26937 1
      vertex 1.13137 1.13137 1
      vertex 1.13137 -1.13137 1
    endloop
  endfacet
  facet normal 0 0 -1
    outer loop
      vertex 0.974018 -1.26937 1
      vertex 0.974018 1.26937 1
      vertex 1.13137 1.13137 1
    endloop
  endfacet
  facet normal 0 0 -1
    outer loop
      vertex 0.799999 -1.38564 1
      vertex 0.974018 1.26937 1
      vertex 0.974018 -1.26937 1
    endloop
  endfacet
  facet normal 0 0 -1
    outer loop
      vertex 0.799999 -1.38564 1
      vertex 0.799999 1.38564 1
      vertex 0.974018 1.26937 1
    endloop
  endfacet
  facet normal 0 0 -1
    outer loop
      vertex 0.612293 -1.47821 1
      vertex 0.799999 1.38564 1
      vertex 0.799999 -1.38564 1
    endloop
  endfacet
  facet normal 0 0 -1
    outer loop
      vertex 0.612293 -1.47821 1
      vertex 0.612293 1.47821 1
      vertex 0.799999 1.38564 1
    endloop
  endfacet
  facet normal 0 0 -1
    outer loop
      vertex 0.41411 -1.54548 1
      vertex 0.612293 1.47821 1
      vertex 0.612293 -1.47821 1
    endloop
  endfacet
  facet normal 0 0 -1
    outer loop
      vertex 0.41411 -1.54548 1
      vertex 0.41411 1.54548 1
      vertex 0.612293 1.47821 1
    endloop
  endfacet
  facet normal 0 0 -1
    outer loop
      vertex 0.208841 -1.58631 1
      vertex 0.41411 1.54548 1
      vertex 0.41411 -1.54548 1
    endloop
  endfacet
  facet normal 0 0 -1
    outer loop
      vertex 0.208841 -1.58631 1
      vertex 0.208841 1.58631 1
      vertex 0.41411 1.54548 1
    endloop
  endfacet
  facet normal 0 0 -1
    outer loop
      vertex 0 -1.6 1
      vertex 0.208841 1.58631 1
      vertex 0.208841 -1.58631 1
    endloop
  endfacet
  facet normal 0 0 -1
    outer loop
      vertex 0 -1.6 1
      vertex 0 1.6 1
      vertex 0.208841 1.58631 1
    endloop
  endfacet
  facet normal 0 0 -1
    outer loop
      vertex -0.208841 -1.58631 1
      vertex 0 1.6 1
      vertex 0 -1.6 1
    endloop
  endfacet
  facet normal 0 0 -1
    outer loop
      vertex -0.208841 -1.58631 1
      vertex -0.208841 1.58631 1
      vertex 0 1.6 1
    endloop
  endfacet
  facet normal 0 0 -1
    outer loop
      vertex -0.41411 -1.54548 1
      vertex -0.208841 1.58631 1
      vertex -0.208841 -1.58631 1
    endloop
  endfacet
  facet normal 0 0 -1
    outer loop
      vertex -0.41411 -1.54548 1
      vertex -0.41411 1.54548 1
      vertex -0.208841 1.58631 1
    endloop
  endfacet
  facet normal 0 0 -1
    outer loop
      vertex -0.612293 -1.47821 1
      vertex -0.41411 1.54548 1
      vertex -0.41411 -1.54548 1
    endloop
  endfacet
  facet normal 0 0 -1
    outer loop
      vertex -0.612293 -1.47821 1
      vertex -0.612293 1.47821 1
      vertex -0.41411 1.54548 1
    endloop
  endfacet
  facet normal 0 0 -1
    outer loop
      vertex -0.799999 -1.38564 1
      vertex -0.612293 1.47821 1
      vertex -0.612293 -1.47821 1
    endloop
  endfacet
  facet normal 0 0 -1
    outer loop
      vertex -0.799999 -1.38564 1
      vertex -0.799999 1.38564 1
      vertex -0.612293 1.47821 1
    endloop
  endfacet
  facet normal 0 0 -1
    outer loop
      vertex -0.974018 -1.26937 1
      vertex -0.799999 1.38564 1
      vertex -0.799999 -1.38564 1
    endloop
  endfacet
  facet normal 0 0 -1
    outer loop
      vertex -0.974018 -1.26937 1
      vertex -0.974018 1.26937 1
      vertex -0.799999 1.38564 1
    endloop
  endfacet
  facet normal 0 0 -1
    outer loop
      vertex -1.13137 -1.13137 1
      vertex -0.974018 1.26937 1
      vertex -0.974018 -1.26937 1
    endloop
  endfacet
  facet normal 0 0 -1
    outer loop
      vertex -1.13137 -1.13137 1
      vertex -1.13137 1.13137 1
      vertex -0.974018 1.26937 1
    endloop
  endfacet
  facet normal 0 0 -1
    outer loop
      vertex -1.26937 -0.974018 1
      vertex -1.13137 1.13137 1
      vertex -1.13137 -1.13137 1
    endloop
  endfacet
  facet normal 0 0 -1
    outer loop
      vertex -1.26937 -0.974018 1
      vertex -1.26937 0.974018 1
      vertex -1.13137 1.13137 1
    endloop
  endfacet
  facet normal 0 0 -1
    outer loop
      vertex -1.38564 -0.799999 1
      vertex -1.26937 0.974018 1
      vertex -1.26937 -0.974018 1
    endloop
  endfacet
  facet normal 0 0 -1
    outer loop
      vertex -1.38564 -0.799999 1
      vertex -1.38564 0.799999 1
      vertex -1.26937 0.974018 1
    endloop
  endfacet
  facet normal 0 0 -1
    outer loop
      vertex -1.47821 -0.612293 1
      vertex -1.38564 0.799999 1
      vertex -1.38564 -0.799999 1
    endloop
  endfacet
  facet normal 0 0 -1
    outer loop
      vertex -1.47821 -0.612293 1
      vertex -1.47821 0.612293 1
      vertex -1.38564 0.799999 1
    endloop
  endfacet
  facet normal 0 0 -1
    outer loop
      vertex -1.54548 -0.41411 1
      vertex -1.47821 0.612293 1
      vertex -1.47821 -0.612293 1
    endloop
  endfacet
  facet normal 0 0 -1
    outer loop
      vertex -1.54548 -0.41411 1
      vertex -1.54548 0.41411 1
      vertex -1.47821 0.612293 1
    endloop
  endfacet
  facet normal 0 0 -1
    outer loop
      vertex -1.58631 -0.208841 1
      vertex -1.54548 0.41411 1
      vertex -1.54548 -0.41411 1
    endloop
  endfacet
  facet normal 0 0 -1
    outer loop
      vertex -1.58631 -0.208841 1
      vertex -1.58631 0.208841 1
      vertex -1.54548 0.41411 1
    endloop
  endfacet
  facet normal 0 -0 -1
    outer loop
      vertex -1.58631 0.208841 1
      vertex -1.58631 -0.208841 1
      vertex -1.6 0 1
    endloop
  endfacet
  facet normal 0.896866 -0.442303 0
    outer loop
      vertex -1.47821 0.612293 1
      vertex -1.38564 0.799999 0
      vertex -1.38564 0.799999 1
    endloop
  endfacet
  facet normal 0.896866 -0.442303 0
    outer loop
      vertex -1.38564 0.799999 0
      vertex -1.47821 0.612293 1
      vertex -1.47821 0.612293 0
    endloop
  endfacet
  facet normal 0.195088 -0.980786 0
    outer loop
      vertex -0.41411 1.54548 0
      vertex -0.208841 1.58631 1
      vertex -0.41411 1.54548 1
    endloop
  endfacet
  facet normal 0.195088 -0.980786 0
    outer loop
      vertex -0.208841 1.58631 1
      vertex -0.41411 1.54548 0
      vertex -0.208841 1.58631 0
    endloop
  endfacet
  facet normal 0.659362 -0.751826 0
    outer loop
      vertex -1.13137 1.13137 0
      vertex -0.974018 1.26937 1
      vertex -1.13137 1.13137 1
    endloop
  endfacet
  facet normal 0.659362 -0.751826 0
    outer loop
      vertex -0.974018 1.26937 1
      vertex -1.13137 1.13137 0
      vertex -0.974018 1.26937 0
    endloop
  endfacet
  facet normal 0.751826 -0.659362 0
    outer loop
      vertex -1.26937 0.974018 1
      vertex -1.13137 1.13137 0
      vertex -1.13137 1.13137 1
    endloop
  endfacet
  facet normal 0.751826 -0.659362 0
    outer loop
      vertex -1.13137 1.13137 0
      vertex -1.26937 0.974018 1
      vertex -1.26937 0.974018 0
    endloop
  endfacet
  facet normal -0.997858 -0.0654119 0
    outer loop
      vertex 1.6 0 0
      vertex 1.58631 0.208841 1
      vertex 1.58631 0.208841 0
    endloop
  endfacet
  facet normal -0.997858 -0.0654119 0
    outer loop
      vertex 1.58631 0.208841 1
      vertex 1.6 0 0
      vertex 1.6 0 1
    endloop
  endfacet
  facet normal -0.831482 0.555551 0
    outer loop
      vertex 1.26937 -0.974018 0
      vertex 1.38564 -0.799999 1
      vertex 1.38564 -0.799999 0
    endloop
  endfacet
  facet normal -0.831482 0.555551 0
    outer loop
      vertex 1.38564 -0.799999 1
      vertex 1.26937 -0.974018 0
      vertex 1.26937 -0.974018 1
    endloop
  endfacet
  facet normal 0.997858 0.0654119 0
    outer loop
      vertex -1.58631 -0.208841 1
      vertex -1.6 0 0
      vertex -1.6 0 1
    endloop
  endfacet
  facet normal 0.997858 0.0654119 0
    outer loop
      vertex -1.6 0 0
      vertex -1.58631 -0.208841 1
      vertex -1.58631 -0.208841 0
    endloop
  endfacet
  facet normal 0.896866 0.442303 0
    outer loop
      vertex -1.38564 -0.799999 1
      vertex -1.47821 -0.612293 0
      vertex -1.47821 -0.612293 1
    endloop
  endfacet
  facet normal 0.896866 0.442303 0
    outer loop
      vertex -1.47821 -0.612293 0
      vertex -1.38564 -0.799999 1
      vertex -1.38564 -0.799999 0
    endloop
  endfacet
  facet normal -0.195088 0.980786 0
    outer loop
      vertex 0.41411 -1.54548 0
      vertex 0.208841 -1.58631 1
      vertex 0.41411 -1.54548 1
    endloop
  endfacet
  facet normal -0.195088 0.980786 0
    outer loop
      vertex 0.208841 -1.58631 1
      vertex 0.41411 -1.54548 0
      vertex 0.208841 -1.58631 0
    endloop
  endfacet
  facet normal -0.659362 0.751826 0
    outer loop
      vertex 1.13137 -1.13137 0
      vertex 0.974018 -1.26937 1
      vertex 1.13137 -1.13137 1
    endloop
  endfacet
  facet normal -0.659362 0.751826 0
    outer loop
      vertex 0.974018 -1.26937 1
      vertex 1.13137 -1.13137 0
      vertex 0.974018 -1.26937 0
    endloop
  endfacet
  facet normal -0.980786 -0.195088 0
    outer loop
      vertex 1.58631 0.208841 0
      vertex 1.54548 0.41411 1
      vertex 1.54548 0.41411 0
    endloop
  endfacet
  facet normal -0.980786 -0.195088 0
    outer loop
      vertex 1.54548 0.41411 1
      vertex 1.58631 0.208841 0
      vertex 1.58631 0.208841 1
    endloop
  endfacet
  facet normal -0.751826 -0.659362 0
    outer loop
      vertex 1.26937 0.974018 0
      vertex 1.13137 1.13137 1
      vertex 1.13137 1.13137 0
    endloop
  endfacet
  facet normal -0.751826 -0.659362 0
    outer loop
      vertex 1.13137 1.13137 1
      vertex 1.26937 0.974018 0
      vertex 1.26937 0.974018 1
    endloop
  endfacet
  facet normal -0.896866 0.442303 0
    outer loop
      vertex 1.38564 -0.799999 0
      vertex 1.47821 -0.612293 1
      vertex 1.47821 -0.612293 0
    endloop
  endfacet
  facet normal -0.896866 0.442303 0
    outer loop
      vertex 1.47821 -0.612293 1
      vertex 1.38564 -0.799999 0
      vertex 1.38564 -0.799999 1
    endloop
  endfacet
  facet normal 0.946936 0.321422 0
    outer loop
      vertex -1.47821 -0.612293 1
      vertex -1.54548 -0.41411 0
      vertex -1.54548 -0.41411 1
    endloop
  endfacet
  facet normal 0.946936 0.321422 0
    outer loop
      vertex -1.54548 -0.41411 0
      vertex -1.47821 -0.612293 1
      vertex -1.47821 -0.612293 0
    endloop
  endfacet
  facet normal 0.980786 0.195088 0
    outer loop
      vertex -1.54548 -0.41411 1
      vertex -1.58631 -0.208841 0
      vertex -1.58631 -0.208841 1
    endloop
  endfacet
  facet normal 0.980786 0.195088 0
    outer loop
      vertex -1.58631 -0.208841 0
      vertex -1.54548 -0.41411 1
      vertex -1.54548 -0.41411 0
    endloop
  endfacet
  facet normal -0.442303 0.896866 0
    outer loop
      vertex 0.799999 -1.38564 0
      vertex 0.612293 -1.47821 1
      vertex 0.799999 -1.38564 1
    endloop
  endfacet
  facet normal -0.442303 0.896866 0
    outer loop
      vertex 0.612293 -1.47821 1
      vertex 0.799999 -1.38564 0
      vertex 0.612293 -1.47821 0
    endloop
  endfacet
  facet normal -0.321422 0.946936 0
    outer loop
      vertex 0.612293 -1.47821 0
      vertex 0.41411 -1.54548 1
      vertex 0.612293 -1.47821 1
    endloop
  endfacet
  facet normal -0.321422 0.946936 0
    outer loop
      vertex 0.41411 -1.54548 1
      vertex 0.612293 -1.47821 0
      vertex 0.41411 -1.54548 0
    endloop
  endfacet
  facet normal -0.751826 0.659362 0
    outer loop
      vertex 1.13137 -1.13137 0
      vertex 1.26937 -0.974018 1
      vertex 1.26937 -0.974018 0
    endloop
  endfacet
  facet normal -0.751826 0.659362 0
    outer loop
      vertex 1.26937 -0.974018 1
      vertex 1.13137 -1.13137 0
      vertex 1.13137 -1.13137 1
    endloop
  endfacet
  facet normal 0.321422 0.946936 -0
    outer loop
      vertex -0.41411 -1.54548 0
      vertex -0.612293 -1.47821 1
      vertex -0.41411 -1.54548 1
    endloop
  endfacet
  facet normal 0.321422 0.946936 0
    outer loop
      vertex -0.612293 -1.47821 1
      vertex -0.41411 -1.54548 0
      vertex -0.612293 -1.47821 0
    endloop
  endfacet
  facet normal -0.0654119 0.997858 0
    outer loop
      vertex 0.208841 -1.58631 0
      vertex 0 -1.6 1
      vertex 0.208841 -1.58631 1
    endloop
  endfacet
  facet normal -0.0654119 0.997858 0
    outer loop
      vertex 0 -1.6 1
      vertex 0.208841 -1.58631 0
      vertex 0 -1.6 0
    endloop
  endfacet
  facet normal 0.0654119 0.997858 -0
    outer loop
      vertex 0 -1.6 0
      vertex -0.208841 -1.58631 1
      vertex 0 -1.6 1
    endloop
  endfacet
  facet normal 0.0654119 0.997858 0
    outer loop
      vertex -0.208841 -1.58631 1
      vertex 0 -1.6 0
      vertex -0.208841 -1.58631 0
    endloop
  endfacet
  facet normal 0.195088 0.980786 -0
    outer loop
      vertex -0.208841 -1.58631 0
      vertex -0.41411 -1.54548 1
      vertex -0.208841 -1.58631 1
    endloop
  endfacet
  facet normal 0.195088 0.980786 0
    outer loop
      vertex -0.41411 -1.54548 1
      vertex -0.208841 -1.58631 0
      vertex -0.41411 -1.54548 0
    endloop
  endfacet
  facet normal 0.751826 0.659362 0
    outer loop
      vertex -1.13137 -1.13137 1
      vertex -1.26937 -0.974018 0
      vertex -1.26937 -0.974018 1
    endloop
  endfacet
  facet normal 0.751826 0.659362 0
    outer loop
      vertex -1.26937 -0.974018 0
      vertex -1.13137 -1.13137 1
      vertex -1.13137 -1.13137 0
    endloop
  endfacet
  facet normal 0.659362 0.751826 -0
    outer loop
      vertex -0.974018 -1.26937 0
      vertex -1.13137 -1.13137 1
      vertex -0.974018 -1.26937 1
    endloop
  endfacet
  facet normal 0.659362 0.751826 0
    outer loop
      vertex -1.13137 -1.13137 1
      vertex -0.974018 -1.26937 0
      vertex -1.13137 -1.13137 0
    endloop
  endfacet
  facet normal 0.555551 0.831482 -0
    outer loop
      vertex -0.799999 -1.38564 0
      vertex -0.974018 -1.26937 1
      vertex -0.799999 -1.38564 1
    endloop
  endfacet
  facet normal 0.555551 0.831482 0
    outer loop
      vertex -0.974018 -1.26937 1
      vertex -0.799999 -1.38564 0
      vertex -0.974018 -1.26937 0
    endloop
  endfacet
  facet normal 0.831482 0.555551 0
    outer loop
      vertex -1.26937 -0.974018 1
      vertex -1.38564 -0.799999 0
      vertex -1.38564 -0.799999 1
    endloop
  endfacet
  facet normal 0.831482 0.555551 0
    outer loop
      vertex -1.38564 -0.799999 0
      vertex -1.26937 -0.974018 1
      vertex -1.26937 -0.974018 0
    endloop
  endfacet
  facet normal 0.442303 0.896866 -0
    outer loop
      vertex -0.612293 -1.47821 0
      vertex -0.799999 -1.38564 1
      vertex -0.612293 -1.47821 1
    endloop
  endfacet
  facet normal 0.442303 0.896866 0
    outer loop
      vertex -0.799999 -1.38564 1
      vertex -0.612293 -1.47821 0
      vertex -0.799999 -1.38564 0
    endloop
  endfacet
endsolid OpenSCAD_Model
