solid OpenSCAD_Model
  facet normal 0 1 0
    outer loop
      vertex -18.6306 23 1.37496
      vertex -20 23 0
      vertex -18.9128 23 1.31882
    endloop
  endfacet
  facet normal 0 1 0
    outer loop
      vertex 19.4872 23 1.31882
      vertex 20 23 0
      vertex 19.2 23 1.3
    endloop
  endfacet
  facet normal 0 1 0
    outer loop
      vertex 19.7694 23 1.37496
      vertex 20 23 0
      vertex 19.4872 23 1.31882
    endloop
  endfacet
  facet normal 0 1 -0
    outer loop
      vertex 20 23 0
      vertex 19.7694 23 1.37496
      vertex 20 23 1.45324
    endloop
  endfacet
  facet normal 0 1 0
    outer loop
      vertex 18.1 23 5.40526
      vertex 18.1 23 56.5947
      vertex 18.3581 23 5.53253
    endloop
  endfacet
  facet normal 0 1 0
    outer loop
      vertex -17.8607 23 56.7546
      vertex -18.9128 23 5.68118
      vertex -19.2 23 5.7
    endloop
  endfacet
  facet normal 0 1 0
    outer loop
      vertex 18.1 23 56.5947
      vertex 18.1 23 5.40526
      vertex 17.8607 23 56.7546
    endloop
  endfacet
  facet normal 0 1 0
    outer loop
      vertex -17.8607 23 56.7546
      vertex -18.6306 23 5.62504
      vertex -18.9128 23 5.68118
    endloop
  endfacet
  facet normal 0 1 0
    outer loop
      vertex 17.8607 23 5.24538
      vertex 17.8607 23 56.7546
      vertex 18.1 23 5.40526
    endloop
  endfacet
  facet normal 0 1 0
    outer loop
      vertex -17.8607 23 56.7546
      vertex -18.3581 23 5.53253
      vertex -18.6306 23 5.62504
    endloop
  endfacet
  facet normal 0 1 0
    outer loop
      vertex 17.8607 23 56.7546
      vertex 17.8607 23 5.24538
      vertex -17.8607 23 56.7546
    endloop
  endfacet
  facet normal 0 1 0
    outer loop
      vertex -17.8607 23 56.7546
      vertex -18.1 23 5.40526
      vertex -18.3581 23 5.53253
    endloop
  endfacet
  facet normal 0 1 0
    outer loop
      vertex -17.8607 23 5.24538
      vertex -17.8607 23 56.7546
      vertex 17.8607 23 5.24538
    endloop
  endfacet
  facet normal 0 1 0
    outer loop
      vertex -17.8607 23 56.7546
      vertex -17.8607 23 5.24538
      vertex -18.1 23 5.40526
    endloop
  endfacet
  facet normal 0 1 -0
    outer loop
      vertex 17.6444 23 5.05563
      vertex -17.8607 23 5.24538
      vertex 17.8607 23 5.24538
    endloop
  endfacet
  facet normal 0 1 0
    outer loop
      vertex 17.6444 23 5.05563
      vertex -17.6444 23 5.05563
      vertex -17.8607 23 5.24538
    endloop
  endfacet
  facet normal 0 1 -0
    outer loop
      vertex 17.4546 23 4.83927
      vertex -17.6444 23 5.05563
      vertex 17.6444 23 5.05563
    endloop
  endfacet
  facet normal 0 1 0
    outer loop
      vertex 17.4546 23 4.83927
      vertex -17.4546 23 4.83927
      vertex -17.6444 23 5.05563
    endloop
  endfacet
  facet normal 0 1 -0
    outer loop
      vertex 17.2947 23 4.6
      vertex -17.4546 23 4.83927
      vertex 17.4546 23 4.83927
    endloop
  endfacet
  facet normal 0 1 0
    outer loop
      vertex 17.2947 23 4.6
      vertex -17.2947 23 4.6
      vertex -17.4546 23 4.83927
    endloop
  endfacet
  facet normal 0 1 -0
    outer loop
      vertex 17.1675 23 4.3419
      vertex -17.2947 23 4.6
      vertex 17.2947 23 4.6
    endloop
  endfacet
  facet normal 0 1 0
    outer loop
      vertex 17.1675 23 4.3419
      vertex -17.1675 23 4.3419
      vertex -17.2947 23 4.6
    endloop
  endfacet
  facet normal 0 1 -0
    outer loop
      vertex 17.075 23 4.0694
      vertex -17.1675 23 4.3419
      vertex 17.1675 23 4.3419
    endloop
  endfacet
  facet normal 0 1 0
    outer loop
      vertex 17.075 23 4.0694
      vertex -17.075 23 4.0694
      vertex -17.1675 23 4.3419
    endloop
  endfacet
  facet normal 0 1 -0
    outer loop
      vertex 17.0188 23 3.78716
      vertex -17.075 23 4.0694
      vertex 17.075 23 4.0694
    endloop
  endfacet
  facet normal 0 1 0
    outer loop
      vertex 17.0188 23 3.78716
      vertex -17.0188 23 3.78716
      vertex -17.075 23 4.0694
    endloop
  endfacet
  facet normal 0 1 -0
    outer loop
      vertex 17 23 3.5
      vertex -17.0188 23 3.78716
      vertex 17.0188 23 3.78716
    endloop
  endfacet
  facet normal 0 1 0
    outer loop
      vertex 17 23 3.5
      vertex -17 23 3.5
      vertex -17.0188 23 3.78716
    endloop
  endfacet
  facet normal 0 1 0
    outer loop
      vertex 17.0188 23 3.21284
      vertex -17 23 3.5
      vertex 17 23 3.5
    endloop
  endfacet
  facet normal 0 1 0
    outer loop
      vertex 17.0188 23 3.21284
      vertex -17.0188 23 3.21284
      vertex -17 23 3.5
    endloop
  endfacet
  facet normal 0 1 0
    outer loop
      vertex 17.075 23 2.9306
      vertex -17.0188 23 3.21284
      vertex 17.0188 23 3.21284
    endloop
  endfacet
  facet normal 0 1 0
    outer loop
      vertex 17.075 23 2.9306
      vertex -17.075 23 2.9306
      vertex -17.0188 23 3.21284
    endloop
  endfacet
  facet normal 0 1 0
    outer loop
      vertex 17.1675 23 2.6581
      vertex -17.075 23 2.9306
      vertex 17.075 23 2.9306
    endloop
  endfacet
  facet normal 0 1 0
    outer loop
      vertex 17.1675 23 2.6581
      vertex -17.1675 23 2.6581
      vertex -17.075 23 2.9306
    endloop
  endfacet
  facet normal 0 1 0
    outer loop
      vertex 17.2947 23 2.4
      vertex -17.1675 23 2.6581
      vertex 17.1675 23 2.6581
    endloop
  endfacet
  facet normal 0 1 0
    outer loop
      vertex 17.2947 23 2.4
      vertex -17.2947 23 2.4
      vertex -17.1675 23 2.6581
    endloop
  endfacet
  facet normal 0 1 0
    outer loop
      vertex 17.4546 23 2.16073
      vertex -17.2947 23 2.4
      vertex 17.2947 23 2.4
    endloop
  endfacet
  facet normal 0 1 0
    outer loop
      vertex 17.4546 23 2.16073
      vertex -17.4546 23 2.16073
      vertex -17.2947 23 2.4
    endloop
  endfacet
  facet normal 0 1 0
    outer loop
      vertex 17.6444 23 1.94437
      vertex -17.4546 23 2.16073
      vertex 17.4546 23 2.16073
    endloop
  endfacet
  facet normal 0 1 0
    outer loop
      vertex 17.6444 23 1.94437
      vertex -17.6444 23 1.94437
      vertex -17.4546 23 2.16073
    endloop
  endfacet
  facet normal 0 1 0
    outer loop
      vertex 17.8607 23 1.75462
      vertex -17.6444 23 1.94437
      vertex 17.6444 23 1.94437
    endloop
  endfacet
  facet normal 0 1 0
    outer loop
      vertex 17.8607 23 1.75462
      vertex -17.8607 23 1.75462
      vertex -17.6444 23 1.94437
    endloop
  endfacet
  facet normal 0 1 0
    outer loop
      vertex 20 23 0
      vertex 17.8607 23 1.75462
      vertex 18.1 23 1.59474
    endloop
  endfacet
  facet normal 0 1 0
    outer loop
      vertex 17.8607 23 1.75462
      vertex 20 23 0
      vertex -17.8607 23 1.75462
    endloop
  endfacet
  facet normal 0 1 0
    outer loop
      vertex 20 23 0
      vertex 18.1 23 1.59474
      vertex 18.3581 23 1.46747
    endloop
  endfacet
  facet normal 0 1 0
    outer loop
      vertex -20 23 0
      vertex -17.8607 23 1.75462
      vertex 20 23 0
    endloop
  endfacet
  facet normal 0 1 0
    outer loop
      vertex 20 23 0
      vertex 18.3581 23 1.46747
      vertex 18.6306 23 1.37496
    endloop
  endfacet
  facet normal 0 1 0
    outer loop
      vertex -17.8607 23 1.75462
      vertex -20 23 0
      vertex -18.1 23 1.59474
    endloop
  endfacet
  facet normal 0 1 0
    outer loop
      vertex 20 23 0
      vertex 18.6306 23 1.37496
      vertex 18.9128 23 1.31882
    endloop
  endfacet
  facet normal 0 1 0
    outer loop
      vertex -18.1 23 1.59474
      vertex -20 23 0
      vertex -18.3581 23 1.46747
    endloop
  endfacet
  facet normal 0 1 0
    outer loop
      vertex 20 23 0
      vertex 18.9128 23 1.31882
      vertex 19.2 23 1.3
    endloop
  endfacet
  facet normal 0 1 0
    outer loop
      vertex -18.3581 23 1.46747
      vertex -20 23 0
      vertex -18.6306 23 1.37496
    endloop
  endfacet
  facet normal 0 1 0
    outer loop
      vertex -18.6306 23 56.375
      vertex -19.2 23 5.7
      vertex -18.9128 23 56.3188
    endloop
  endfacet
  facet normal 0 1 0
    outer loop
      vertex 19.4872 23 56.3188
      vertex 19.2 23 5.7
      vertex 19.2 23 56.3
    endloop
  endfacet
  facet normal 0 1 0
    outer loop
      vertex 19.4872 23 5.68118
      vertex 19.4872 23 56.3188
      vertex 19.7694 23 56.375
    endloop
  endfacet
  facet normal 0 1 0
    outer loop
      vertex 19.7694 23 5.62504
      vertex 19.7694 23 56.375
      vertex 20 23 56.4532
    endloop
  endfacet
  facet normal 0 1 0
    outer loop
      vertex 19.4872 23 56.3188
      vertex 19.4872 23 5.68118
      vertex 19.2 23 5.7
    endloop
  endfacet
  facet normal 0 1 0
    outer loop
      vertex 19.7694 23 56.375
      vertex 19.7694 23 5.62504
      vertex 19.4872 23 5.68118
    endloop
  endfacet
  facet normal -0 1 0
    outer loop
      vertex 19.7694 23 5.62504
      vertex 20 23 56.4532
      vertex 20 23 5.54676
    endloop
  endfacet
  facet normal 0 1 0
    outer loop
      vertex 18.3581 23 60.5325
      vertex 20 23 62
      vertex 18.6306 23 60.625
    endloop
  endfacet
  facet normal 0 1 0
    outer loop
      vertex -20 23 62
      vertex -18.9128 23 60.6812
      vertex -19.2 23 60.7
    endloop
  endfacet
  facet normal 0 1 0
    outer loop
      vertex 18.1 23 60.4053
      vertex 20 23 62
      vertex 18.3581 23 60.5325
    endloop
  endfacet
  facet normal 0 1 0
    outer loop
      vertex -20 23 62
      vertex -18.6306 23 60.625
      vertex -18.9128 23 60.6812
    endloop
  endfacet
  facet normal 0 1 0
    outer loop
      vertex 17.8607 23 60.2454
      vertex 20 23 62
      vertex 18.1 23 60.4053
    endloop
  endfacet
  facet normal 0 1 0
    outer loop
      vertex -20 23 62
      vertex -18.3581 23 60.5325
      vertex -18.6306 23 60.625
    endloop
  endfacet
  facet normal 0 1 0
    outer loop
      vertex 20 23 62
      vertex 17.8607 23 60.2454
      vertex -20 23 62
    endloop
  endfacet
  facet normal 0 1 0
    outer loop
      vertex -20 23 62
      vertex -18.1 23 60.4053
      vertex -18.3581 23 60.5325
    endloop
  endfacet
  facet normal 0 1 -0
    outer loop
      vertex -17.8607 23 60.2454
      vertex -20 23 62
      vertex 17.8607 23 60.2454
    endloop
  endfacet
  facet normal 0 1 0
    outer loop
      vertex -20 23 62
      vertex -17.8607 23 60.2454
      vertex -18.1 23 60.4053
    endloop
  endfacet
  facet normal 0 1 -0
    outer loop
      vertex 17.6444 23 60.0556
      vertex -17.8607 23 60.2454
      vertex 17.8607 23 60.2454
    endloop
  endfacet
  facet normal 0 1 0
    outer loop
      vertex 17.6444 23 60.0556
      vertex -17.6444 23 60.0556
      vertex -17.8607 23 60.2454
    endloop
  endfacet
  facet normal 0 1 -0
    outer loop
      vertex 17.4546 23 59.8393
      vertex -17.6444 23 60.0556
      vertex 17.6444 23 60.0556
    endloop
  endfacet
  facet normal 0 1 0
    outer loop
      vertex 17.4546 23 59.8393
      vertex -17.4546 23 59.8393
      vertex -17.6444 23 60.0556
    endloop
  endfacet
  facet normal 0 1 -0
    outer loop
      vertex 17.2947 23 59.6
      vertex -17.4546 23 59.8393
      vertex 17.4546 23 59.8393
    endloop
  endfacet
  facet normal 0 1 0
    outer loop
      vertex 17.2947 23 59.6
      vertex -17.2947 23 59.6
      vertex -17.4546 23 59.8393
    endloop
  endfacet
  facet normal 0 1 -0
    outer loop
      vertex 17.1675 23 59.3419
      vertex -17.2947 23 59.6
      vertex 17.2947 23 59.6
    endloop
  endfacet
  facet normal 0 1 0
    outer loop
      vertex 17.1675 23 59.3419
      vertex -17.1675 23 59.3419
      vertex -17.2947 23 59.6
    endloop
  endfacet
  facet normal 0 1 -0
    outer loop
      vertex 17.075 23 59.0694
      vertex -17.1675 23 59.3419
      vertex 17.1675 23 59.3419
    endloop
  endfacet
  facet normal 0 1 0
    outer loop
      vertex 17.075 23 59.0694
      vertex -17.075 23 59.0694
      vertex -17.1675 23 59.3419
    endloop
  endfacet
  facet normal 0 1 -0
    outer loop
      vertex 17.0188 23 58.7872
      vertex -17.075 23 59.0694
      vertex 17.075 23 59.0694
    endloop
  endfacet
  facet normal 0 1 0
    outer loop
      vertex 17.0188 23 58.7872
      vertex -17.0188 23 58.7872
      vertex -17.075 23 59.0694
    endloop
  endfacet
  facet normal 0 1 -0
    outer loop
      vertex 17 23 58.5
      vertex -17.0188 23 58.7872
      vertex 17.0188 23 58.7872
    endloop
  endfacet
  facet normal 0 1 0
    outer loop
      vertex 17 23 58.5
      vertex -17 23 58.5
      vertex -17.0188 23 58.7872
    endloop
  endfacet
  facet normal 0 1 0
    outer loop
      vertex 17.0188 23 58.2128
      vertex -17 23 58.5
      vertex 17 23 58.5
    endloop
  endfacet
  facet normal 0 1 0
    outer loop
      vertex 17.0188 23 58.2128
      vertex -17.0188 23 58.2128
      vertex -17 23 58.5
    endloop
  endfacet
  facet normal 0 1 0
    outer loop
      vertex 17.075 23 57.9306
      vertex -17.0188 23 58.2128
      vertex 17.0188 23 58.2128
    endloop
  endfacet
  facet normal 0 1 0
    outer loop
      vertex 17.075 23 57.9306
      vertex -17.075 23 57.9306
      vertex -17.0188 23 58.2128
    endloop
  endfacet
  facet normal 0 1 0
    outer loop
      vertex 17.1675 23 57.6581
      vertex -17.075 23 57.9306
      vertex 17.075 23 57.9306
    endloop
  endfacet
  facet normal 0 1 0
    outer loop
      vertex 17.1675 23 57.6581
      vertex -17.1675 23 57.6581
      vertex -17.075 23 57.9306
    endloop
  endfacet
  facet normal 0 1 0
    outer loop
      vertex 17.2947 23 57.4
      vertex -17.1675 23 57.6581
      vertex 17.1675 23 57.6581
    endloop
  endfacet
  facet normal 0 1 0
    outer loop
      vertex 17.2947 23 57.4
      vertex -17.2947 23 57.4
      vertex -17.1675 23 57.6581
    endloop
  endfacet
  facet normal 0 1 0
    outer loop
      vertex 17.4546 23 57.1607
      vertex -17.2947 23 57.4
      vertex 17.2947 23 57.4
    endloop
  endfacet
  facet normal 0 1 0
    outer loop
      vertex 17.4546 23 57.1607
      vertex -17.4546 23 57.1607
      vertex -17.2947 23 57.4
    endloop
  endfacet
  facet normal 0 1 0
    outer loop
      vertex 17.6444 23 56.9444
      vertex -17.4546 23 57.1607
      vertex 17.4546 23 57.1607
    endloop
  endfacet
  facet normal 0 1 0
    outer loop
      vertex 17.6444 23 56.9444
      vertex -17.6444 23 56.9444
      vertex -17.4546 23 57.1607
    endloop
  endfacet
  facet normal 0 1 0
    outer loop
      vertex 17.8607 23 56.7546
      vertex -17.6444 23 56.9444
      vertex 17.6444 23 56.9444
    endloop
  endfacet
  facet normal 0 1 0
    outer loop
      vertex 17.8607 23 56.7546
      vertex -17.8607 23 56.7546
      vertex -17.6444 23 56.9444
    endloop
  endfacet
  facet normal 0 1 0
    outer loop
      vertex 18.6306 23 56.375
      vertex 18.6306 23 5.62504
      vertex 18.3581 23 56.4675
    endloop
  endfacet
  facet normal 0 1 0
    outer loop
      vertex 18.3581 23 5.53253
      vertex 18.3581 23 56.4675
      vertex 18.6306 23 5.62504
    endloop
  endfacet
  facet normal 0 1 0
    outer loop
      vertex 18.6306 23 5.62504
      vertex 18.6306 23 56.375
      vertex 18.9128 23 5.68118
    endloop
  endfacet
  facet normal 0 1 0
    outer loop
      vertex 18.3581 23 56.4675
      vertex 18.3581 23 5.53253
      vertex 18.1 23 56.5947
    endloop
  endfacet
  facet normal 0 1 0
    outer loop
      vertex 18.9128 23 56.3188
      vertex 18.9128 23 5.68118
      vertex 18.6306 23 56.375
    endloop
  endfacet
  facet normal 0 1 0
    outer loop
      vertex -17.8607 23 56.7546
      vertex -19.2 23 5.7
      vertex -18.1 23 56.5947
    endloop
  endfacet
  facet normal 0 1 0
    outer loop
      vertex 18.9128 23 5.68118
      vertex 18.9128 23 56.3188
      vertex 19.2 23 5.7
    endloop
  endfacet
  facet normal 0 1 0
    outer loop
      vertex -18.1 23 56.5947
      vertex -19.2 23 5.7
      vertex -18.3581 23 56.4675
    endloop
  endfacet
  facet normal 0 1 -0
    outer loop
      vertex 19.2 23 5.7
      vertex 18.9128 23 56.3188
      vertex 19.2 23 56.3
    endloop
  endfacet
  facet normal 0 1 0
    outer loop
      vertex -18.3581 23 56.4675
      vertex -19.2 23 5.7
      vertex -18.6306 23 56.375
    endloop
  endfacet
  facet normal 0 1 0
    outer loop
      vertex 18.9128 23 60.6812
      vertex 20 23 62
      vertex 19.2 23 60.7
    endloop
  endfacet
  facet normal 0 1 0
    outer loop
      vertex 20 23 62
      vertex 19.4872 23 60.6812
      vertex 19.2 23 60.7
    endloop
  endfacet
  facet normal 0 1 0
    outer loop
      vertex 20 23 62
      vertex 19.7694 23 60.625
      vertex 19.4872 23 60.6812
    endloop
  endfacet
  facet normal -0 1 0
    outer loop
      vertex 19.7694 23 60.625
      vertex 20 23 62
      vertex 20 23 60.5468
    endloop
  endfacet
  facet normal 0 1 0
    outer loop
      vertex 18.6306 23 60.625
      vertex 20 23 62
      vertex 18.9128 23 60.6812
    endloop
  endfacet
  facet normal 0 1 -0
    outer loop
      vertex -19.4872 23 60.6812
      vertex -20 23 62
      vertex -19.2 23 60.7
    endloop
  endfacet
  facet normal 0 1 -0
    outer loop
      vertex -19.7694 23 60.625
      vertex -20 23 62
      vertex -19.4872 23 60.6812
    endloop
  endfacet
  facet normal 0 1 0
    outer loop
      vertex -20 23 62
      vertex -19.7694 23 60.625
      vertex -20 23 60.5468
    endloop
  endfacet
  facet normal 0 1 0
    outer loop
      vertex -18.9128 23 56.3188
      vertex -19.2 23 5.7
      vertex -19.2 23 56.3
    endloop
  endfacet
  facet normal 0 1 0
    outer loop
      vertex -19.2 23 56.3
      vertex -19.2 23 5.7
      vertex -19.4872 23 56.3188
    endloop
  endfacet
  facet normal 0 1 0
    outer loop
      vertex -19.4872 23 5.68118
      vertex -19.4872 23 56.3188
      vertex -19.2 23 5.7
    endloop
  endfacet
  facet normal 0 1 0
    outer loop
      vertex -19.4872 23 56.3188
      vertex -19.4872 23 5.68118
      vertex -19.7694 23 56.375
    endloop
  endfacet
  facet normal 0 1 0
    outer loop
      vertex -19.7694 23 5.62504
      vertex -19.7694 23 56.375
      vertex -19.4872 23 5.68118
    endloop
  endfacet
  facet normal 0 1 0
    outer loop
      vertex -19.7694 23 56.375
      vertex -19.7694 23 5.62504
      vertex -20 23 56.4532
    endloop
  endfacet
  facet normal 0 1 0
    outer loop
      vertex -20 23 56.4532
      vertex -19.7694 23 5.62504
      vertex -20 23 5.54676
    endloop
  endfacet
  facet normal 0 1 0
    outer loop
      vertex -19.7694 23 1.37496
      vertex -20 23 0
      vertex -20 23 1.45324
    endloop
  endfacet
  facet normal 0 1 0
    outer loop
      vertex -19.4872 23 1.31882
      vertex -20 23 0
      vertex -19.7694 23 1.37496
    endloop
  endfacet
  facet normal 0 1 0
    outer loop
      vertex -19.2 23 1.3
      vertex -20 23 0
      vertex -19.4872 23 1.31882
    endloop
  endfacet
  facet normal 0 1 0
    outer loop
      vertex -18.9128 23 1.31882
      vertex -20 23 0
      vertex -19.2 23 1.3
    endloop
  endfacet
  facet normal -1 0 0
    outer loop
      vertex -23 0 0
      vertex -23 20 62
      vertex -23 20 0
    endloop
  endfacet
  facet normal -1 -0 0
    outer loop
      vertex -23 20 62
      vertex -23 0 0
      vertex -23 0 62
    endloop
  endfacet
  facet normal -0.997853 0.0654873 0
    outer loop
      vertex -23 20 0
      vertex -22.9743 20.3916 62
      vertex -22.9743 20.3916 0
    endloop
  endfacet
  facet normal -0.997853 0.0654873 0
    outer loop
      vertex -22.9743 20.3916 62
      vertex -23 20 0
      vertex -23 20 62
    endloop
  endfacet
  facet normal -0.659478 0.751724 0
    outer loop
      vertex -21.8263 22.3801 0
      vertex -22.1213 22.1213 62
      vertex -21.8263 22.3801 62
    endloop
  endfacet
  facet normal -0.659478 0.751724 0
    outer loop
      vertex -22.1213 22.1213 62
      vertex -21.8263 22.3801 0
      vertex -22.1213 22.1213 0
    endloop
  endfacet
  facet normal 0.980815 0.19494 0
    outer loop
      vertex 22.9743 20.3916 62
      vertex 22.8978 20.7765 0
      vertex 22.8978 20.7765 62
    endloop
  endfacet
  facet normal 0.980815 0.19494 0
    outer loop
      vertex 22.8978 20.7765 0
      vertex 22.9743 20.3916 62
      vertex 22.9743 20.3916 0
    endloop
  endfacet
  facet normal -0.321651 0.946858 0
    outer loop
      vertex -21.148 22.7716 0
      vertex -20.7765 22.8978 2.12128
      vertex -20.7765 22.8978 0
    endloop
  endfacet
  facet normal -0.322167 0.946683 0.000100643
    outer loop
      vertex -20.7765 22.8978 2.12128
      vertex -21.148 22.7716 0
      vertex -20.8464 22.874 2.23665
    endloop
  endfacet
  facet normal -0.321564 0.946888 9.96e-06
    outer loop
      vertex -20.8464 22.874 2.23665
      vertex -21.148 22.7716 0
      vertex -20.9524 22.838 2.45925
    endloop
  endfacet
  facet normal -0.316979 0.948433 -0.000396406
    outer loop
      vertex -20.9524 22.838 2.45925
      vertex -21.148 22.7716 0
      vertex -20.9632 22.8344 2.48199
    endloop
  endfacet
  facet normal -0.321596 0.946877 -1.33041e-05
    outer loop
      vertex -20.9632 22.8344 2.48199
      vertex -21.148 22.7716 0
      vertex -21.043 22.8073 2.70425
    endloop
  endfacet
  facet normal -0.319321 0.947646 -0.000111765
    outer loop
      vertex -21.043 22.8073 2.70425
      vertex -21.148 22.7716 0
      vertex -21.0531 22.8039 2.73241
    endloop
  endfacet
  facet normal -0.321886 0.946778 -1.24262e-05
    outer loop
      vertex -21.0531 22.8039 2.73241
      vertex -21.148 22.7716 0
      vertex -21.1087 22.785 2.95405
    endloop
  endfacet
  facet normal -0.326509 0.945194 5.62634e-05
    outer loop
      vertex -21.1087 22.785 2.95405
      vertex -21.148 22.7716 0
      vertex -21.1168 22.7822 2.9864
    endloop
  endfacet
  facet normal -0.321888 0.946778 2.36852e-06
    outer loop
      vertex -21.1168 22.7822 2.9864
      vertex -21.148 22.7716 0
      vertex -21.1218 22.7805 3.02029
    endloop
  endfacet
  facet normal -0.321644 0.946861 0
    outer loop
      vertex -21.1218 22.7805 3.02029
      vertex -21.148 22.7716 0
      vertex -21.148 22.7716 3.1973
    endloop
  endfacet
  facet normal -0.321651 0.946858 0
    outer loop
      vertex -20.7765 22.8978 59.8787
      vertex -21.148 22.7716 62
      vertex -20.7765 22.8978 62
    endloop
  endfacet
  facet normal -0.322167 0.946683 -0.000100636
    outer loop
      vertex -20.8464 22.874 59.7633
      vertex -21.148 22.7716 62
      vertex -20.7765 22.8978 59.8787
    endloop
  endfacet
  facet normal -0.321564 0.946888 -9.96081e-06
    outer loop
      vertex -20.9524 22.838 59.5408
      vertex -21.148 22.7716 62
      vertex -20.8464 22.874 59.7633
    endloop
  endfacet
  facet normal -0.316981 0.948432 0.000396262
    outer loop
      vertex -20.9632 22.8344 59.518
      vertex -21.148 22.7716 62
      vertex -20.9524 22.838 59.5408
    endloop
  endfacet
  facet normal -0.321596 0.946877 1.33037e-05
    outer loop
      vertex -21.043 22.8073 59.2957
      vertex -21.148 22.7716 62
      vertex -20.9632 22.8344 59.518
    endloop
  endfacet
  facet normal -0.319321 0.947647 0.000111786
    outer loop
      vertex -21.0531 22.8039 59.2676
      vertex -21.148 22.7716 62
      vertex -21.043 22.8073 59.2957
    endloop
  endfacet
  facet normal -0.321886 0.946778 1.24259e-05
    outer loop
      vertex -21.1087 22.785 59.0459
      vertex -21.148 22.7716 62
      vertex -21.0531 22.8039 59.2676
    endloop
  endfacet
  facet normal -0.326509 0.945194 -5.62669e-05
    outer loop
      vertex -21.1168 22.7822 59.0136
      vertex -21.148 22.7716 62
      vertex -21.1087 22.785 59.0459
    endloop
  endfacet
  facet normal -0.321888 0.946778 -2.36847e-06
    outer loop
      vertex -21.1218 22.7805 58.9797
      vertex -21.148 22.7716 62
      vertex -21.1168 22.7822 59.0136
    endloop
  endfacet
  facet normal -0.321644 0.946861 0
    outer loop
      vertex -21.148 22.7716 62
      vertex -21.1218 22.7805 58.9797
      vertex -21.148 22.7716 58.8027
    endloop
  endfacet
  facet normal -0.322315 0.946632 0
    outer loop
      vertex -20.7765 22.8978 4.87872
      vertex -20.8464 22.874 57.2367
      vertex -20.7765 22.8978 57.1213
    endloop
  endfacet
  facet normal -0.322315 0.946632 0
    outer loop
      vertex -20.8464 22.874 4.76335
      vertex -20.8464 22.874 57.2367
      vertex -20.7765 22.8978 4.87872
    endloop
  endfacet
  facet normal -0.321582 0.946882 0
    outer loop
      vertex -20.8464 22.874 57.2367
      vertex -20.8464 22.874 4.76335
      vertex -20.9524 22.838 57.4592
    endloop
  endfacet
  facet normal -0.316205 0.948691 1.20533e-05
    outer loop
      vertex -20.9524 22.838 57.4592
      vertex -20.8464 22.874 4.76335
      vertex -20.9632 22.8344 57.482
    endloop
  endfacet
  facet normal -0.32158 0.946882 -1.21435e-06
    outer loop
      vertex -20.9524 22.838 4.54075
      vertex -20.9632 22.8344 57.482
      vertex -20.8464 22.874 4.76335
    endloop
  endfacet
  facet normal -0.316228 0.948683 0
    outer loop
      vertex -20.9632 22.8344 4.51801
      vertex -20.9632 22.8344 57.482
      vertex -20.9524 22.838 4.54075
    endloop
  endfacet
  facet normal -0.321562 0.946888 0
    outer loop
      vertex -20.9632 22.8344 57.482
      vertex -20.9632 22.8344 4.51801
      vertex -21.043 22.8073 57.7043
    endloop
  endfacet
  facet normal -0.319031 0.947744 4.23433e-06
    outer loop
      vertex -21.043 22.8073 57.7043
      vertex -20.9632 22.8344 4.51801
      vertex -21.0531 22.8039 57.7324
    endloop
  endfacet
  facet normal -0.321561 0.946889 -5.30428e-07
    outer loop
      vertex -21.043 22.8073 4.29575
      vertex -21.0531 22.8039 57.7324
      vertex -20.9632 22.8344 4.51801
    endloop
  endfacet
  facet normal -0.319041 0.947741 0
    outer loop
      vertex -21.0531 22.8039 4.26759
      vertex -21.0531 22.8039 57.7324
      vertex -21.043 22.8073 4.29575
    endloop
  endfacet
  facet normal -0.321842 0.946794 0
    outer loop
      vertex -21.0531 22.8039 57.7324
      vertex -21.0531 22.8039 4.26759
      vertex -21.1087 22.785 57.9541
    endloop
  endfacet
  facet normal -0.32673 0.945118 -5.6524e-06
    outer loop
      vertex -21.1087 22.785 57.9541
      vertex -21.0531 22.8039 4.26759
      vertex -21.1168 22.7822 57.9864
    endloop
  endfacet
  facet normal -0.321845 0.946793 8.17157e-07
    outer loop
      vertex -21.1087 22.785 4.04595
      vertex -21.1168 22.7822 57.9864
      vertex -21.0531 22.8039 4.26759
    endloop
  endfacet
  facet normal -0.32671 0.945125 0
    outer loop
      vertex -21.1168 22.7822 4.0136
      vertex -21.1168 22.7822 57.9864
      vertex -21.1087 22.785 4.04595
    endloop
  endfacet
  facet normal -0.321903 0.946773 0
    outer loop
      vertex -21.1168 22.7822 57.9864
      vertex -21.1168 22.7822 4.0136
      vertex -21.1218 22.7805 58.0203
    endloop
  endfacet
  facet normal -0.321643 0.946861 2.67836e-08
    outer loop
      vertex -21.1218 22.7805 58.0203
      vertex -21.1168 22.7822 4.0136
      vertex -21.148 22.7716 58.1973
    endloop
  endfacet
  facet normal -0.321902 0.946773 -1.39244e-07
    outer loop
      vertex -21.1218 22.7805 3.97971
      vertex -21.148 22.7716 58.1973
      vertex -21.1168 22.7822 4.0136
    endloop
  endfacet
  facet normal -0.321644 0.946861 0
    outer loop
      vertex -21.148 22.7716 58.1973
      vertex -21.1218 22.7805 3.97971
      vertex -21.148 22.7716 3.8027
    endloop
  endfacet
  facet normal 0 0 1
    outer loop
      vertex 20 23 62
      vertex 23 20 62
      vertex 22.9743 20.3916 62
    endloop
  endfacet
  facet normal 0 0 1
    outer loop
      vertex 20 23 62
      vertex 22.9743 20.3916 62
      vertex 22.8978 20.7765 62
    endloop
  endfacet
  facet normal 0 0 1
    outer loop
      vertex 20 23 62
      vertex 22.8978 20.7765 62
      vertex 22.7716 21.148 62
    endloop
  endfacet
  facet normal 0 0 1
    outer loop
      vertex 20 23 62
      vertex 22.7716 21.148 62
      vertex 22.5981 21.5 62
    endloop
  endfacet
  facet normal 0 0 1
    outer loop
      vertex 20 23 62
      vertex 22.5981 21.5 62
      vertex 22.3801 21.8263 62
    endloop
  endfacet
  facet normal 0 0 1
    outer loop
      vertex 20 23 62
      vertex 22.3801 21.8263 62
      vertex 22.1213 22.1213 62
    endloop
  endfacet
  facet normal 0 0 1
    outer loop
      vertex 20 23 62
      vertex 22.1213 22.1213 62
      vertex 21.8263 22.3801 62
    endloop
  endfacet
  facet normal 0 0 1
    outer loop
      vertex 20 23 62
      vertex 21.8263 22.3801 62
      vertex 21.5 22.5981 62
    endloop
  endfacet
  facet normal 0 0 1
    outer loop
      vertex 20 23 62
      vertex 21.5 22.5981 62
      vertex 21.148 22.7716 62
    endloop
  endfacet
  facet normal 0 0 1
    outer loop
      vertex 20 23 62
      vertex 21.148 22.7716 62
      vertex 20.7765 22.8978 62
    endloop
  endfacet
  facet normal 0 0 1
    outer loop
      vertex 20 23 62
      vertex 20.7765 22.8978 62
      vertex 20.3916 22.9743 62
    endloop
  endfacet
  facet normal 0 0 1
    outer loop
      vertex 23 20 62
      vertex 20 23 62
      vertex 23 0 62
    endloop
  endfacet
  facet normal -0 0 1
    outer loop
      vertex -20 23 62
      vertex 23 0 62
      vertex 20 23 62
    endloop
  endfacet
  facet normal 0 0 1
    outer loop
      vertex -23 20 62
      vertex -20 23 62
      vertex -20.3916 22.9743 62
    endloop
  endfacet
  facet normal 0 0 1
    outer loop
      vertex -23 20 62
      vertex -20.3916 22.9743 62
      vertex -20.7765 22.8978 62
    endloop
  endfacet
  facet normal 0 0 1
    outer loop
      vertex -23 20 62
      vertex -20.7765 22.8978 62
      vertex -21.148 22.7716 62
    endloop
  endfacet
  facet normal 0 0 1
    outer loop
      vertex -23 20 62
      vertex -21.148 22.7716 62
      vertex -21.5 22.5981 62
    endloop
  endfacet
  facet normal 0 0 1
    outer loop
      vertex -23 20 62
      vertex -21.5 22.5981 62
      vertex -21.8263 22.3801 62
    endloop
  endfacet
  facet normal 0 0 1
    outer loop
      vertex -23 20 62
      vertex -21.8263 22.3801 62
      vertex -22.1213 22.1213 62
    endloop
  endfacet
  facet normal 0 0 1
    outer loop
      vertex -23 20 62
      vertex -22.1213 22.1213 62
      vertex -22.3801 21.8263 62
    endloop
  endfacet
  facet normal 0 0 1
    outer loop
      vertex -23 20 62
      vertex -22.3801 21.8263 62
      vertex -22.5981 21.5 62
    endloop
  endfacet
  facet normal 0 0 1
    outer loop
      vertex -23 20 62
      vertex -22.5981 21.5 62
      vertex -22.7716 21.148 62
    endloop
  endfacet
  facet normal 0 0 1
    outer loop
      vertex -23 20 62
      vertex -22.7716 21.148 62
      vertex -22.8978 20.7765 62
    endloop
  endfacet
  facet normal 0 0 1
    outer loop
      vertex -23 20 62
      vertex -22.8978 20.7765 62
      vertex -22.9743 20.3916 62
    endloop
  endfacet
  facet normal 0 0 1
    outer loop
      vertex -20 23 62
      vertex -23 20 62
      vertex -23 0 62
    endloop
  endfacet
  facet normal 0 0 1
    outer loop
      vertex -20 23 62
      vertex -23 0 62
      vertex 23 0 62
    endloop
  endfacet
  facet normal 0.751724 0.659478 0
    outer loop
      vertex 22.3801 21.8263 62
      vertex 22.1213 22.1213 0
      vertex 22.1213 22.1213 62
    endloop
  endfacet
  facet normal 0.751724 0.659478 0
    outer loop
      vertex 22.1213 22.1213 0
      vertex 22.3801 21.8263 62
      vertex 22.3801 21.8263 0
    endloop
  endfacet
  facet normal 0.321651 0.946858 0
    outer loop
      vertex 21.148 22.7716 62
      vertex 20.7765 22.8978 59.8787
      vertex 20.7765 22.8978 62
    endloop
  endfacet
  facet normal 0.322167 0.946683 -0.000100636
    outer loop
      vertex 21.148 22.7716 62
      vertex 20.8464 22.874 59.7633
      vertex 20.7765 22.8978 59.8787
    endloop
  endfacet
  facet normal 0.321564 0.946888 -9.96081e-06
    outer loop
      vertex 21.148 22.7716 62
      vertex 20.9524 22.838 59.5408
      vertex 20.8464 22.874 59.7633
    endloop
  endfacet
  facet normal 0.316981 0.948432 0.000396262
    outer loop
      vertex 21.148 22.7716 62
      vertex 20.9632 22.8344 59.518
      vertex 20.9524 22.838 59.5408
    endloop
  endfacet
  facet normal 0.321596 0.946877 1.33037e-05
    outer loop
      vertex 21.148 22.7716 62
      vertex 21.043 22.8073 59.2957
      vertex 20.9632 22.8344 59.518
    endloop
  endfacet
  facet normal 0.319321 0.947647 0.000111786
    outer loop
      vertex 21.148 22.7716 62
      vertex 21.0531 22.8039 59.2676
      vertex 21.043 22.8073 59.2957
    endloop
  endfacet
  facet normal 0.321886 0.946778 1.24259e-05
    outer loop
      vertex 21.148 22.7716 62
      vertex 21.1087 22.785 59.0459
      vertex 21.0531 22.8039 59.2676
    endloop
  endfacet
  facet normal 0.326509 0.945194 -5.62669e-05
    outer loop
      vertex 21.148 22.7716 62
      vertex 21.1168 22.7822 59.0136
      vertex 21.1087 22.785 59.0459
    endloop
  endfacet
  facet normal 0.321888 0.946778 -2.36847e-06
    outer loop
      vertex 21.148 22.7716 62
      vertex 21.1218 22.7805 58.9797
      vertex 21.1168 22.7822 59.0136
    endloop
  endfacet
  facet normal 0.321644 0.946861 0
    outer loop
      vertex 21.1218 22.7805 58.9797
      vertex 21.148 22.7716 62
      vertex 21.148 22.7716 58.8027
    endloop
  endfacet
  facet normal 0.321644 0.946861 -0
    outer loop
      vertex 21.148 22.7716 0
      vertex 21.1218 22.7805 3.02029
      vertex 21.148 22.7716 3.1973
    endloop
  endfacet
  facet normal 0.321888 0.946778 2.36852e-06
    outer loop
      vertex 21.148 22.7716 0
      vertex 21.1168 22.7822 2.9864
      vertex 21.1218 22.7805 3.02029
    endloop
  endfacet
  facet normal 0.326509 0.945194 5.62634e-05
    outer loop
      vertex 21.148 22.7716 0
      vertex 21.1087 22.785 2.95405
      vertex 21.1168 22.7822 2.9864
    endloop
  endfacet
  facet normal 0.321886 0.946778 -1.24262e-05
    outer loop
      vertex 21.148 22.7716 0
      vertex 21.0531 22.8039 2.73241
      vertex 21.1087 22.785 2.95405
    endloop
  endfacet
  facet normal 0.319321 0.947646 -0.000111765
    outer loop
      vertex 21.148 22.7716 0
      vertex 21.043 22.8073 2.70425
      vertex 21.0531 22.8039 2.73241
    endloop
  endfacet
  facet normal 0.321596 0.946877 -1.33041e-05
    outer loop
      vertex 21.148 22.7716 0
      vertex 20.9632 22.8344 2.48199
      vertex 21.043 22.8073 2.70425
    endloop
  endfacet
  facet normal 0.316979 0.948433 -0.000396406
    outer loop
      vertex 21.148 22.7716 0
      vertex 20.9524 22.838 2.45925
      vertex 20.9632 22.8344 2.48199
    endloop
  endfacet
  facet normal 0.321564 0.946888 9.96e-06
    outer loop
      vertex 21.148 22.7716 0
      vertex 20.8464 22.874 2.23665
      vertex 20.9524 22.838 2.45925
    endloop
  endfacet
  facet normal 0.322167 0.946683 0.000100643
    outer loop
      vertex 21.148 22.7716 0
      vertex 20.7765 22.8978 2.12128
      vertex 20.8464 22.874 2.23665
    endloop
  endfacet
  facet normal 0.321651 0.946858 0
    outer loop
      vertex 20.7765 22.8978 2.12128
      vertex 21.148 22.7716 0
      vertex 20.7765 22.8978 0
    endloop
  endfacet
  facet normal 0.322315 0.946632 0
    outer loop
      vertex 20.8464 22.874 57.2367
      vertex 20.7765 22.8978 4.87872
      vertex 20.7765 22.8978 57.1213
    endloop
  endfacet
  facet normal 0.321582 0.946882 -0
    outer loop
      vertex 20.8464 22.874 4.76335
      vertex 20.8464 22.874 57.2367
      vertex 20.9524 22.838 57.4592
    endloop
  endfacet
  facet normal 0.316205 0.948691 1.20533e-05
    outer loop
      vertex 20.8464 22.874 4.76335
      vertex 20.9524 22.838 57.4592
      vertex 20.9632 22.8344 57.482
    endloop
  endfacet
  facet normal 0.321562 0.946888 -0
    outer loop
      vertex 20.9632 22.8344 4.51801
      vertex 20.9632 22.8344 57.482
      vertex 21.043 22.8073 57.7043
    endloop
  endfacet
  facet normal 0.319031 0.947744 4.23433e-06
    outer loop
      vertex 20.9632 22.8344 4.51801
      vertex 21.043 22.8073 57.7043
      vertex 21.0531 22.8039 57.7324
    endloop
  endfacet
  facet normal 0.321842 0.946794 -0
    outer loop
      vertex 21.0531 22.8039 4.26759
      vertex 21.0531 22.8039 57.7324
      vertex 21.1087 22.785 57.9541
    endloop
  endfacet
  facet normal 0.32673 0.945118 -5.6524e-06
    outer loop
      vertex 21.0531 22.8039 4.26759
      vertex 21.1087 22.785 57.9541
      vertex 21.1168 22.7822 57.9864
    endloop
  endfacet
  facet normal 0.321903 0.946773 -0
    outer loop
      vertex 21.1168 22.7822 4.0136
      vertex 21.1168 22.7822 57.9864
      vertex 21.1218 22.7805 58.0203
    endloop
  endfacet
  facet normal 0.321643 0.946861 2.67836e-08
    outer loop
      vertex 21.1168 22.7822 4.0136
      vertex 21.1218 22.7805 58.0203
      vertex 21.148 22.7716 58.1973
    endloop
  endfacet
  facet normal 0.322315 0.946632 0
    outer loop
      vertex 20.8464 22.874 57.2367
      vertex 20.8464 22.874 4.76335
      vertex 20.7765 22.8978 4.87872
    endloop
  endfacet
  facet normal 0.32158 0.946882 -1.21435e-06
    outer loop
      vertex 20.9632 22.8344 57.482
      vertex 20.9524 22.838 4.54075
      vertex 20.8464 22.874 4.76335
    endloop
  endfacet
  facet normal 0.316228 0.948683 0
    outer loop
      vertex 20.9632 22.8344 57.482
      vertex 20.9632 22.8344 4.51801
      vertex 20.9524 22.838 4.54075
    endloop
  endfacet
  facet normal 0.321561 0.946889 -5.30428e-07
    outer loop
      vertex 21.0531 22.8039 57.7324
      vertex 21.043 22.8073 4.29575
      vertex 20.9632 22.8344 4.51801
    endloop
  endfacet
  facet normal 0.319041 0.947741 0
    outer loop
      vertex 21.0531 22.8039 57.7324
      vertex 21.0531 22.8039 4.26759
      vertex 21.043 22.8073 4.29575
    endloop
  endfacet
  facet normal 0.321845 0.946793 8.17157e-07
    outer loop
      vertex 21.1168 22.7822 57.9864
      vertex 21.1087 22.785 4.04595
      vertex 21.0531 22.8039 4.26759
    endloop
  endfacet
  facet normal 0.32671 0.945125 0
    outer loop
      vertex 21.1168 22.7822 57.9864
      vertex 21.1168 22.7822 4.0136
      vertex 21.1087 22.785 4.04595
    endloop
  endfacet
  facet normal 0.321902 0.946773 -1.39244e-07
    outer loop
      vertex 21.148 22.7716 58.1973
      vertex 21.1218 22.7805 3.97971
      vertex 21.1168 22.7822 4.0136
    endloop
  endfacet
  facet normal 0.321644 0.946861 0
    outer loop
      vertex 21.1218 22.7805 3.97971
      vertex 21.148 22.7716 58.1973
      vertex 21.148 22.7716 3.8027
    endloop
  endfacet
  facet normal 0.44211 0.896961 0
    outer loop
      vertex 21.5 22.5981 62
      vertex 21.148 22.7716 58.8027
      vertex 21.148 22.7716 62
    endloop
  endfacet
  facet normal 0.435134 0.900365 0.000952779
    outer loop
      vertex 21.5 22.5981 62
      vertex 21.1541 22.7687 58.7573
      vertex 21.148 22.7716 58.8027
    endloop
  endfacet
  facet normal 0.442677 0.896681 -4.57514e-05
    outer loop
      vertex 21.5 22.5981 62
      vertex 21.1638 22.7639 58.5366
      vertex 21.1541 22.7687 58.7573
    endloop
  endfacet
  facet normal 0.443829 0.896112 -0.000184782
    outer loop
      vertex 21.5 22.5981 62
      vertex 21.1654 22.7631 58.5
      vertex 21.1638 22.7639 58.5366
    endloop
  endfacet
  facet normal 0.438082 0.898935 0.000497728
    outer loop
      vertex 21.5 22.5981 62
      vertex 21.1638 22.7639 58.4634
      vertex 21.1654 22.7631 58.5
    endloop
  endfacet
  facet normal 0.441251 0.897384 0.000123717
    outer loop
      vertex 21.5 22.5981 62
      vertex 21.1541 22.7687 58.2427
      vertex 21.1638 22.7639 58.4634
    endloop
  endfacet
  facet normal 0.429359 0.903134 0
    outer loop
      vertex 21.1541 22.7687 58.2427
      vertex 21.148 22.7716 3.8027
      vertex 21.148 22.7716 58.1973
    endloop
  endfacet
  facet normal 0.442332 0.896851 -0
    outer loop
      vertex 21.1541 22.7687 3.75726
      vertex 21.1541 22.7687 58.2427
      vertex 21.5 22.5981 62
    endloop
  endfacet
  facet normal 0.429359 0.903134 0
    outer loop
      vertex 21.1541 22.7687 58.2427
      vertex 21.1541 22.7687 3.75726
      vertex 21.148 22.7716 3.8027
    endloop
  endfacet
  facet normal 0.442332 0.896851 -0
    outer loop
      vertex 21.5 22.5981 0
      vertex 21.1541 22.7687 3.75726
      vertex 21.5 22.5981 62
    endloop
  endfacet
  facet normal 0.441251 0.897384 -0.00012378
    outer loop
      vertex 21.1541 22.7687 3.75726
      vertex 21.5 22.5981 0
      vertex 21.1638 22.7639 3.53662
    endloop
  endfacet
  facet normal 0.443828 0.896112 0.000184713
    outer loop
      vertex 21.5 22.5981 0
      vertex 21.1638 22.7639 3.46338
      vertex 21.1654 22.7631 3.5
    endloop
  endfacet
  facet normal 0.438086 0.898933 -0.000497226
    outer loop
      vertex 21.1638 22.7639 3.53662
      vertex 21.5 22.5981 0
      vertex 21.1654 22.7631 3.5
    endloop
  endfacet
  facet normal 0.442678 0.896681 4.57601e-05
    outer loop
      vertex 21.1638 22.7639 3.46338
      vertex 21.5 22.5981 0
      vertex 21.1541 22.7687 3.24274
    endloop
  endfacet
  facet normal 0.435136 0.900364 -0.0009524
    outer loop
      vertex 21.5 22.5981 0
      vertex 21.148 22.7716 3.1973
      vertex 21.1541 22.7687 3.24274
    endloop
  endfacet
  facet normal 0.44211 0.896961 0
    outer loop
      vertex 21.148 22.7716 3.1973
      vertex 21.5 22.5981 0
      vertex 21.148 22.7716 0
    endloop
  endfacet
  facet normal -0.980815 0.19494 0
    outer loop
      vertex -22.9743 20.3916 0
      vertex -22.8978 20.7765 62
      vertex -22.8978 20.7765 0
    endloop
  endfacet
  facet normal -0.980815 0.19494 0
    outer loop
      vertex -22.8978 20.7765 62
      vertex -22.9743 20.3916 0
      vertex -22.9743 20.3916 62
    endloop
  endfacet
  facet normal -0.751724 0.659478 0
    outer loop
      vertex -22.3801 21.8263 0
      vertex -22.1213 22.1213 62
      vertex -22.1213 22.1213 0
    endloop
  endfacet
  facet normal -0.751724 0.659478 0
    outer loop
      vertex -22.1213 22.1213 62
      vertex -22.3801 21.8263 0
      vertex -22.3801 21.8263 62
    endloop
  endfacet
  facet normal -0.831501 0.555523 0
    outer loop
      vertex -22.5981 21.5 0
      vertex -22.3801 21.8263 62
      vertex -22.3801 21.8263 0
    endloop
  endfacet
  facet normal -0.831501 0.555523 0
    outer loop
      vertex -22.3801 21.8263 62
      vertex -22.5981 21.5 0
      vertex -22.5981 21.5 62
    endloop
  endfacet
  facet normal -0.44211 0.896961 0
    outer loop
      vertex -21.148 22.7716 58.8027
      vertex -21.5 22.5981 62
      vertex -21.148 22.7716 62
    endloop
  endfacet
  facet normal -0.435134 0.900365 0.000952779
    outer loop
      vertex -21.1541 22.7687 58.7573
      vertex -21.5 22.5981 62
      vertex -21.148 22.7716 58.8027
    endloop
  endfacet
  facet normal -0.442677 0.896681 -4.57514e-05
    outer loop
      vertex -21.1638 22.7639 58.5366
      vertex -21.5 22.5981 62
      vertex -21.1541 22.7687 58.7573
    endloop
  endfacet
  facet normal -0.443829 0.896112 -0.000184782
    outer loop
      vertex -21.1654 22.7631 58.5
      vertex -21.5 22.5981 62
      vertex -21.1638 22.7639 58.5366
    endloop
  endfacet
  facet normal -0.438082 0.898935 0.000497728
    outer loop
      vertex -21.1638 22.7639 58.4634
      vertex -21.5 22.5981 62
      vertex -21.1654 22.7631 58.5
    endloop
  endfacet
  facet normal -0.441251 0.897384 0.000123717
    outer loop
      vertex -21.1541 22.7687 58.2427
      vertex -21.5 22.5981 62
      vertex -21.1638 22.7639 58.4634
    endloop
  endfacet
  facet normal -0.429359 0.903134 0
    outer loop
      vertex -21.148 22.7716 3.8027
      vertex -21.1541 22.7687 58.2427
      vertex -21.148 22.7716 58.1973
    endloop
  endfacet
  facet normal -0.429359 0.903134 0
    outer loop
      vertex -21.1541 22.7687 3.75726
      vertex -21.1541 22.7687 58.2427
      vertex -21.148 22.7716 3.8027
    endloop
  endfacet
  facet normal -0.442332 0.896851 0
    outer loop
      vertex -21.1541 22.7687 58.2427
      vertex -21.1541 22.7687 3.75726
      vertex -21.5 22.5981 62
    endloop
  endfacet
  facet normal -0.441251 0.897384 -0.00012378
    outer loop
      vertex -21.5 22.5981 0
      vertex -21.1541 22.7687 3.75726
      vertex -21.1638 22.7639 3.53662
    endloop
  endfacet
  facet normal -0.438086 0.898933 -0.000497226
    outer loop
      vertex -21.5 22.5981 0
      vertex -21.1638 22.7639 3.53662
      vertex -21.1654 22.7631 3.5
    endloop
  endfacet
  facet normal -0.442678 0.896681 4.57601e-05
    outer loop
      vertex -21.5 22.5981 0
      vertex -21.1638 22.7639 3.46338
      vertex -21.1541 22.7687 3.24274
    endloop
  endfacet
  facet normal -0.44211 0.896961 0
    outer loop
      vertex -21.5 22.5981 0
      vertex -21.148 22.7716 3.1973
      vertex -21.148 22.7716 0
    endloop
  endfacet
  facet normal -0.435136 0.900364 -0.0009524
    outer loop
      vertex -21.148 22.7716 3.1973
      vertex -21.5 22.5981 0
      vertex -21.1541 22.7687 3.24274
    endloop
  endfacet
  facet normal -0.443828 0.896112 0.000184713
    outer loop
      vertex -21.1638 22.7639 3.46338
      vertex -21.5 22.5981 0
      vertex -21.1654 22.7631 3.5
    endloop
  endfacet
  facet normal -0.442332 0.896851 0
    outer loop
      vertex -21.1541 22.7687 3.75726
      vertex -21.5 22.5981 0
      vertex -21.5 22.5981 62
    endloop
  endfacet
  facet normal -0.19492 0.980819 2.266e-05
    outer loop
      vertex -20.7765 22.8978 0
      vertex -20.6867 22.9156 1.99479
      vertex -20.5096 22.9508 1.79323
    endloop
  endfacet
  facet normal -0.19494 0.980815 0
    outer loop
      vertex -20.7765 22.8978 0
      vertex -20.3916 22.9743 1.68643
      vertex -20.3916 22.9743 0
    endloop
  endfacet
  facet normal -0.195252 0.980753 7.41367e-05
    outer loop
      vertex -20.3916 22.9743 1.68643
      vertex -20.7765 22.8978 0
      vertex -20.5096 22.9508 1.79323
    endloop
  endfacet
  facet normal -0.191904 0.981414 -0.000118377
    outer loop
      vertex -20.6867 22.9156 1.99479
      vertex -20.7765 22.8978 0
      vertex -20.6954 22.9139 2.00464
    endloop
  endfacet
  facet normal -0.200599 0.979673 0.000247346
    outer loop
      vertex -20.6954 22.9139 2.00464
      vertex -20.7765 22.8978 0
      vertex -20.7032 22.9123 2.01598
    endloop
  endfacet
  facet normal -0.194057 0.98099 0
    outer loop
      vertex -20.7032 22.9123 2.01598
      vertex -20.7765 22.8978 0
      vertex -20.7765 22.8978 2.12128
    endloop
  endfacet
  facet normal -0.19494 0.980815 0
    outer loop
      vertex -20.3916 22.9743 60.3136
      vertex -20.7765 22.8978 62
      vertex -20.3916 22.9743 62
    endloop
  endfacet
  facet normal -0.195252 0.980753 -7.41378e-05
    outer loop
      vertex -20.5096 22.9508 60.2068
      vertex -20.7765 22.8978 62
      vertex -20.3916 22.9743 60.3136
    endloop
  endfacet
  facet normal -0.19492 0.980819 -2.26597e-05
    outer loop
      vertex -20.6867 22.9156 60.0052
      vertex -20.7765 22.8978 62
      vertex -20.5096 22.9508 60.2068
    endloop
  endfacet
  facet normal -0.191904 0.981414 0.000118406
    outer loop
      vertex -20.6954 22.9139 59.9954
      vertex -20.7765 22.8978 62
      vertex -20.6867 22.9156 60.0052
    endloop
  endfacet
  facet normal -0.200597 0.979674 -0.000247279
    outer loop
      vertex -20.7032 22.9123 59.984
      vertex -20.7765 22.8978 62
      vertex -20.6954 22.9139 59.9954
    endloop
  endfacet
  facet normal -0.194057 0.98099 0
    outer loop
      vertex -20.7765 22.8978 62
      vertex -20.7032 22.9123 59.984
      vertex -20.7765 22.8978 59.8787
    endloop
  endfacet
  facet normal 0.116752 0.955906 0.269468
    outer loop
      vertex -20.5096 22.9508 56.7932
      vertex -20.6954 22.9139 57.0046
      vertex -20.6867 22.9156 56.9948
    endloop
  endfacet
  facet normal -0.195317 0.98074 0
    outer loop
      vertex -20.3916 22.9743 5.31357
      vertex -20.5096 22.9508 56.7932
      vertex -20.3916 22.9743 56.6864
    endloop
  endfacet
  facet normal -0.195317 0.98074 0
    outer loop
      vertex -20.5096 22.9508 5.20677
      vertex -20.5096 22.9508 56.7932
      vertex -20.3916 22.9743 5.31357
    endloop
  endfacet
  facet normal -0.194796 0.980844 0
    outer loop
      vertex -20.5096 22.9508 56.7932
      vertex -20.5096 22.9508 5.20677
      vertex -20.6954 22.9139 57.0046
    endloop
  endfacet
  facet normal -0.194944 0.980814 -5.50526e-07
    outer loop
      vertex -20.6867 22.9156 5.00521
      vertex -20.6954 22.9139 57.0046
      vertex -20.5096 22.9508 5.20677
    endloop
  endfacet
  facet normal -0.191775 0.981439 0
    outer loop
      vertex -20.6954 22.9139 4.99536
      vertex -20.6954 22.9139 57.0046
      vertex -20.6867 22.9156 5.00521
    endloop
  endfacet
  facet normal -0.200944 0.979603 0
    outer loop
      vertex -20.6954 22.9139 57.0046
      vertex -20.6954 22.9139 4.99536
      vertex -20.7032 22.9123 57.016
    endloop
  endfacet
  facet normal -0.194055 0.980991 1.07561e-06
    outer loop
      vertex -20.7032 22.9123 57.016
      vertex -20.6954 22.9139 4.99536
      vertex -20.7765 22.8978 57.1213
    endloop
  endfacet
  facet normal -0.20093 0.979606 -1.00484e-05
    outer loop
      vertex -20.7032 22.9123 4.98402
      vertex -20.7765 22.8978 57.1213
      vertex -20.6954 22.9139 4.99536
    endloop
  endfacet
  facet normal -0.194057 0.98099 0
    outer loop
      vertex -20.7765 22.8978 57.1213
      vertex -20.7032 22.9123 4.98402
      vertex -20.7765 22.8978 4.87872
    endloop
  endfacet
  facet normal 0.997853 0.0654873 0
    outer loop
      vertex 23 20 62
      vertex 22.9743 20.3916 0
      vertex 22.9743 20.3916 62
    endloop
  endfacet
  facet normal 0.997853 0.0654873 0
    outer loop
      vertex 22.9743 20.3916 0
      vertex 23 20 62
      vertex 23 20 0
    endloop
  endfacet
  facet normal 1 -0 0
    outer loop
      vertex 23 0 62
      vertex 23 20 0
      vertex 23 20 62
    endloop
  endfacet
  facet normal 1 0 0
    outer loop
      vertex 23 20 0
      vertex 23 0 62
      vertex 23 0 0
    endloop
  endfacet
  facet normal 0.896961 0.44211 0
    outer loop
      vertex 22.7716 21.148 62
      vertex 22.5981 21.5 0
      vertex 22.5981 21.5 62
    endloop
  endfacet
  facet normal 0.896961 0.44211 0
    outer loop
      vertex 22.5981 21.5 0
      vertex 22.7716 21.148 62
      vertex 22.7716 21.148 0
    endloop
  endfacet
  facet normal 0.831501 0.555523 0
    outer loop
      vertex 22.5981 21.5 62
      vertex 22.3801 21.8263 0
      vertex 22.3801 21.8263 62
    endloop
  endfacet
  facet normal 0.831501 0.555523 0
    outer loop
      vertex 22.3801 21.8263 0
      vertex 22.5981 21.5 62
      vertex 22.5981 21.5 0
    endloop
  endfacet
  facet normal 0.0654873 0.997853 0
    outer loop
      vertex 20.3916 22.9743 62
      vertex 20 23 60.5468
      vertex 20 23 62
    endloop
  endfacet
  facet normal 0.0658332 0.997831 -9.3619e-05
    outer loop
      vertex 20.3916 22.9743 62
      vertex 20.0409 22.9973 60.5301
      vertex 20 23 60.5468
    endloop
  endfacet
  facet normal 0.00698897 0.999878 0.0139779
    outer loop
      vertex 20.3916 22.9743 62
      vertex 20.0413 22.9973 60.5299
      vertex 20.0409 22.9973 60.5301
    endloop
  endfacet
  facet normal 0.0652762 0.997867 5.76087e-05
    outer loop
      vertex 20.3916 22.9743 62
      vertex 20.2906 22.981 60.3889
      vertex 20.0413 22.9973 60.5299
    endloop
  endfacet
  facet normal 0.08229 0.996608 -0.00101422
    outer loop
      vertex 20.3916 22.9743 62
      vertex 20.293 22.9808 60.3871
      vertex 20.2906 22.981 60.3889
    endloop
  endfacet
  facet normal 0.0657801 0.997834 0
    outer loop
      vertex 20.293 22.9808 60.3871
      vertex 20.3916 22.9743 62
      vertex 20.3916 22.9743 60.3136
    endloop
  endfacet
  facet normal 0.0657801 0.997834 -0
    outer loop
      vertex 20.3916 22.9743 0
      vertex 20.293 22.9808 1.61287
      vertex 20.3916 22.9743 1.68643
    endloop
  endfacet
  facet normal 0.082294 0.996608 0.00101449
    outer loop
      vertex 20.293 22.9808 1.61287
      vertex 20.3916 22.9743 0
      vertex 20.2906 22.981 1.61108
    endloop
  endfacet
  facet normal 0.0652762 0.997867 -5.761e-05
    outer loop
      vertex 20.3916 22.9743 0
      vertex 20.0413 22.9973 1.47012
      vertex 20.2906 22.981 1.61108
    endloop
  endfacet
  facet normal 0.00698888 0.999878 -0.0139778
    outer loop
      vertex 20.3916 22.9743 0
      vertex 20.0409 22.9973 1.46992
      vertex 20.0413 22.9973 1.47012
    endloop
  endfacet
  facet normal 0.0658333 0.997831 9.36278e-05
    outer loop
      vertex 20.3916 22.9743 0
      vertex 20 23 1.45324
      vertex 20.0409 22.9973 1.46992
    endloop
  endfacet
  facet normal 0.0654873 0.997853 0
    outer loop
      vertex 20 23 1.45324
      vertex 20.3916 22.9743 0
      vertex 20 23 0
    endloop
  endfacet
  facet normal 0.0658713 0.997828 0
    outer loop
      vertex 20.0409 22.9973 56.4699
      vertex 20 23 5.54676
      vertex 20 23 56.4532
    endloop
  endfacet
  facet normal 0 1 0
    outer loop
      vertex 20.0409 22.9973 5.53008
      vertex 20.0409 22.9973 56.4699
      vertex 20.0413 22.9973 56.4701
    endloop
  endfacet
  facet normal 0.0652441 0.997869 -5.12321e-07
    outer loop
      vertex 20.0409 22.9973 5.53008
      vertex 20.0413 22.9973 56.4701
      vertex 20.2906 22.981 56.6111
    endloop
  endfacet
  facet normal 0.0830455 0.996546 -0
    outer loop
      vertex 20.2906 22.981 5.38892
      vertex 20.2906 22.981 56.6111
      vertex 20.293 22.9808 56.6129
    endloop
  endfacet
  facet normal 0.0657795 0.997834 8.13993e-07
    outer loop
      vertex 20.2906 22.981 5.38892
      vertex 20.293 22.9808 56.6129
      vertex 20.3916 22.9743 56.6864
    endloop
  endfacet
  facet normal 0.0658713 0.997828 0
    outer loop
      vertex 20.0409 22.9973 56.4699
      vertex 20.0409 22.9973 5.53008
      vertex 20 23 5.54676
    endloop
  endfacet
  facet normal 0.000159161 1 0.000318323
    outer loop
      vertex 20.2906 22.981 56.6111
      vertex 20.0413 22.9973 5.52988
      vertex 20.0409 22.9973 5.53008
    endloop
  endfacet
  facet normal 0.0652438 0.997869 0
    outer loop
      vertex 20.2906 22.981 56.6111
      vertex 20.2906 22.981 5.38892
      vertex 20.0413 22.9973 5.52988
    endloop
  endfacet
  facet normal 0.0830208 0.996548 -3.33005e-05
    outer loop
      vertex 20.3916 22.9743 56.6864
      vertex 20.293 22.9808 5.38713
      vertex 20.2906 22.981 5.38892
    endloop
  endfacet
  facet normal 0.0657801 0.997834 0
    outer loop
      vertex 20.293 22.9808 5.38713
      vertex 20.3916 22.9743 56.6864
      vertex 20.3916 22.9743 5.31357
    endloop
  endfacet
  facet normal -0.896961 0.44211 0
    outer loop
      vertex -22.7716 21.148 0
      vertex -22.5981 21.5 62
      vertex -22.5981 21.5 0
    endloop
  endfacet
  facet normal -0.896961 0.44211 0
    outer loop
      vertex -22.5981 21.5 62
      vertex -22.7716 21.148 0
      vertex -22.7716 21.148 62
    endloop
  endfacet
  facet normal -0.946858 0.321651 0
    outer loop
      vertex -22.8978 20.7765 0
      vertex -22.7716 21.148 62
      vertex -22.7716 21.148 0
    endloop
  endfacet
  facet normal -0.946858 0.321651 0
    outer loop
      vertex -22.7716 21.148 62
      vertex -22.8978 20.7765 0
      vertex -22.8978 20.7765 62
    endloop
  endfacet
  facet normal -0.555523 0.831501 0
    outer loop
      vertex -21.5 22.5981 0
      vertex -21.8263 22.3801 62
      vertex -21.5 22.5981 62
    endloop
  endfacet
  facet normal -0.555523 0.831501 0
    outer loop
      vertex -21.8263 22.3801 62
      vertex -21.5 22.5981 0
      vertex -21.8263 22.3801 0
    endloop
  endfacet
  facet normal -0.082294 0.996608 0.00101449
    outer loop
      vertex -20.3916 22.9743 0
      vertex -20.293 22.9808 1.61287
      vertex -20.2906 22.981 1.61108
    endloop
  endfacet
  facet normal -0.0654873 0.997853 0
    outer loop
      vertex -20.3916 22.9743 0
      vertex -20 23 1.45324
      vertex -20 23 0
    endloop
  endfacet
  facet normal -0.0658333 0.997831 9.36278e-05
    outer loop
      vertex -20 23 1.45324
      vertex -20.3916 22.9743 0
      vertex -20.0409 22.9973 1.46992
    endloop
  endfacet
  facet normal -0.00698888 0.999878 -0.0139778
    outer loop
      vertex -20.0409 22.9973 1.46992
      vertex -20.3916 22.9743 0
      vertex -20.0413 22.9973 1.47012
    endloop
  endfacet
  facet normal -0.0652762 0.997867 -5.761e-05
    outer loop
      vertex -20.0413 22.9973 1.47012
      vertex -20.3916 22.9743 0
      vertex -20.2906 22.981 1.61108
    endloop
  endfacet
  facet normal -0.0657801 0.997834 0
    outer loop
      vertex -20.293 22.9808 1.61287
      vertex -20.3916 22.9743 0
      vertex -20.3916 22.9743 1.68643
    endloop
  endfacet
  facet normal -0.0654873 0.997853 0
    outer loop
      vertex -20 23 60.5468
      vertex -20.3916 22.9743 62
      vertex -20 23 62
    endloop
  endfacet
  facet normal -0.0658332 0.997831 -9.3619e-05
    outer loop
      vertex -20.0409 22.9973 60.5301
      vertex -20.3916 22.9743 62
      vertex -20 23 60.5468
    endloop
  endfacet
  facet normal -0.00698897 0.999878 0.0139779
    outer loop
      vertex -20.0413 22.9973 60.5299
      vertex -20.3916 22.9743 62
      vertex -20.0409 22.9973 60.5301
    endloop
  endfacet
  facet normal -0.0652762 0.997867 5.76087e-05
    outer loop
      vertex -20.2906 22.981 60.3889
      vertex -20.3916 22.9743 62
      vertex -20.0413 22.9973 60.5299
    endloop
  endfacet
  facet normal -0.08229 0.996608 -0.00101422
    outer loop
      vertex -20.293 22.9808 60.3871
      vertex -20.3916 22.9743 62
      vertex -20.2906 22.981 60.3889
    endloop
  endfacet
  facet normal -0.0657801 0.997834 0
    outer loop
      vertex -20.3916 22.9743 62
      vertex -20.293 22.9808 60.3871
      vertex -20.3916 22.9743 60.3136
    endloop
  endfacet
  facet normal -0.0658713 0.997828 0
    outer loop
      vertex -20 23 5.54676
      vertex -20.0409 22.9973 56.4699
      vertex -20 23 56.4532
    endloop
  endfacet
  facet normal -0.0658713 0.997828 0
    outer loop
      vertex -20.0409 22.9973 5.53008
      vertex -20.0409 22.9973 56.4699
      vertex -20 23 5.54676
    endloop
  endfacet
  facet normal 0 1 0
    outer loop
      vertex -20.0409 22.9973 56.4699
      vertex -20.0409 22.9973 5.53008
      vertex -20.0413 22.9973 56.4701
    endloop
  endfacet
  facet normal -0.0652441 0.997869 -5.12321e-07
    outer loop
      vertex -20.0413 22.9973 56.4701
      vertex -20.0409 22.9973 5.53008
      vertex -20.2906 22.981 56.6111
    endloop
  endfacet
  facet normal -0.000159161 1 0.000318323
    outer loop
      vertex -20.0413 22.9973 5.52988
      vertex -20.2906 22.981 56.6111
      vertex -20.0409 22.9973 5.53008
    endloop
  endfacet
  facet normal -0.0652438 0.997869 0
    outer loop
      vertex -20.2906 22.981 5.38892
      vertex -20.2906 22.981 56.6111
      vertex -20.0413 22.9973 5.52988
    endloop
  endfacet
  facet normal -0.0830455 0.996546 0
    outer loop
      vertex -20.2906 22.981 56.6111
      vertex -20.2906 22.981 5.38892
      vertex -20.293 22.9808 56.6129
    endloop
  endfacet
  facet normal -0.0657795 0.997834 8.13993e-07
    outer loop
      vertex -20.293 22.9808 56.6129
      vertex -20.2906 22.981 5.38892
      vertex -20.3916 22.9743 56.6864
    endloop
  endfacet
  facet normal -0.0830208 0.996548 -3.33005e-05
    outer loop
      vertex -20.293 22.9808 5.38713
      vertex -20.3916 22.9743 56.6864
      vertex -20.2906 22.981 5.38892
    endloop
  endfacet
  facet normal -0.0657801 0.997834 0
    outer loop
      vertex -20.3916 22.9743 56.6864
      vertex -20.293 22.9808 5.38713
      vertex -20.3916 22.9743 5.31357
    endloop
  endfacet
  facet normal 0 0 -1
    outer loop
      vertex 15.7361 14.575 0
      vertex 23 20 0
      vertex 23 0 0
    endloop
  endfacet
  facet normal 0 -0 -1
    outer loop
      vertex 15.821 14.78 0
      vertex 23 20 0
      vertex 15.7853 14.6747 0
    endloop
  endfacet
  facet normal 0 -0 -1
    outer loop
      vertex 15.8427 14.8891 0
      vertex 23 20 0
      vertex 15.821 14.78 0
    endloop
  endfacet
  facet normal 0 -0 -1
    outer loop
      vertex 15.85 15 0
      vertex 23 20 0
      vertex 15.8427 14.8891 0
    endloop
  endfacet
  facet normal 0 0 -1
    outer loop
      vertex 15.8427 15.1109 0
      vertex 23 20 0
      vertex 15.85 15 0
    endloop
  endfacet
  facet normal 0 0 -1
    outer loop
      vertex 15.7853 15.3253 0
      vertex 23 20 0
      vertex 15.821 15.22 0
    endloop
  endfacet
  facet normal 0 0 -1
    outer loop
      vertex 15.7361 15.425 0
      vertex 23 20 0
      vertex 15.7853 15.3253 0
    endloop
  endfacet
  facet normal 0 0 -1
    outer loop
      vertex 15.6743 15.5174 0
      vertex 23 20 0
      vertex 15.7361 15.425 0
    endloop
  endfacet
  facet normal 0 0 -1
    outer loop
      vertex 15.601 15.601 0
      vertex 23 20 0
      vertex 15.6743 15.5174 0
    endloop
  endfacet
  facet normal 0 -0 -1
    outer loop
      vertex 20 23 0
      vertex 23 20 0
      vertex 15.601 15.601 0
    endloop
  endfacet
  facet normal 0 0 -1
    outer loop
      vertex 22.8978 20.7765 0
      vertex 20 23 0
      vertex 22.7716 21.148 0
    endloop
  endfacet
  facet normal 0 0 -1
    outer loop
      vertex 22.7716 21.148 0
      vertex 20 23 0
      vertex 22.5981 21.5 0
    endloop
  endfacet
  facet normal 0 0 -1
    outer loop
      vertex 22.5981 21.5 0
      vertex 20 23 0
      vertex 22.3801 21.8263 0
    endloop
  endfacet
  facet normal 0 0 -1
    outer loop
      vertex 22.3801 21.8263 0
      vertex 20 23 0
      vertex 22.1213 22.1213 0
    endloop
  endfacet
  facet normal 0 0 -1
    outer loop
      vertex 23 20 0
      vertex 20 23 0
      vertex 22.9743 20.3916 0
    endloop
  endfacet
  facet normal 0 0 -1
    outer loop
      vertex 15.821 15.22 0
      vertex 23 20 0
      vertex 15.8427 15.1109 0
    endloop
  endfacet
  facet normal 0 0 -1
    outer loop
      vertex 23 20 0
      vertex 15.7361 14.575 0
      vertex 15.7853 14.6747 0
    endloop
  endfacet
  facet normal 0 0 -1
    outer loop
      vertex 23 0 0
      vertex 15.6743 14.4826 0
      vertex 15.7361 14.575 0
    endloop
  endfacet
  facet normal 0 0 -1
    outer loop
      vertex 23 0 0
      vertex 15.601 14.399 0
      vertex 15.6743 14.4826 0
    endloop
  endfacet
  facet normal 0 0 -1
    outer loop
      vertex 23 0 0
      vertex 15.5174 14.3256 0
      vertex 15.601 14.399 0
    endloop
  endfacet
  facet normal 0 0 -1
    outer loop
      vertex 23 0 0
      vertex 15.425 14.2639 0
      vertex 15.5174 14.3256 0
    endloop
  endfacet
  facet normal 0 0 -1
    outer loop
      vertex 23 0 0
      vertex 15.3253 14.2147 0
      vertex 15.425 14.2639 0
    endloop
  endfacet
  facet normal 0 0 -1
    outer loop
      vertex 23 0 0
      vertex 15.22 14.179 0
      vertex 15.3253 14.2147 0
    endloop
  endfacet
  facet normal 0 0 -1
    outer loop
      vertex 23 0 0
      vertex 15.1109 14.1573 0
      vertex 15.22 14.179 0
    endloop
  endfacet
  facet normal 0 0 -1
    outer loop
      vertex 23 0 0
      vertex 15 14.15 0
      vertex 15.1109 14.1573 0
    endloop
  endfacet
  facet normal 0 0 -1
    outer loop
      vertex 23 0 0
      vertex 14.8891 14.1573 0
      vertex 15 14.15 0
    endloop
  endfacet
  facet normal 0 0 -1
    outer loop
      vertex 23 0 0
      vertex 14.78 14.179 0
      vertex 14.8891 14.1573 0
    endloop
  endfacet
  facet normal 0 0 -1
    outer loop
      vertex 23 0 0
      vertex 14.6747 14.2147 0
      vertex 14.78 14.179 0
    endloop
  endfacet
  facet normal 0 0 -1
    outer loop
      vertex 23 0 0
      vertex 14.575 14.2639 0
      vertex 14.6747 14.2147 0
    endloop
  endfacet
  facet normal 0 0 -1
    outer loop
      vertex 23 0 0
      vertex 14.4826 14.3256 0
      vertex 14.575 14.2639 0
    endloop
  endfacet
  facet normal 0 0 -1
    outer loop
      vertex -14.4826 14.3256 0
      vertex 14.4826 14.3256 0
      vertex 23 0 0
    endloop
  endfacet
  facet normal 0 0 -1
    outer loop
      vertex 14.4826 14.3256 0
      vertex -14.4826 14.3256 0
      vertex 14.399 14.399 0
    endloop
  endfacet
  facet normal 0 -0 -1
    outer loop
      vertex -14.399 14.399 0
      vertex 14.399 14.399 0
      vertex -14.4826 14.3256 0
    endloop
  endfacet
  facet normal 0 0 -1
    outer loop
      vertex 14.1573 14.8891 0
      vertex -14.15 15 0
      vertex 14.15 15 0
    endloop
  endfacet
  facet normal 0 0 -1
    outer loop
      vertex -14.1573 14.8891 0
      vertex 14.1573 14.8891 0
      vertex 14.179 14.78 0
    endloop
  endfacet
  facet normal 0 0 -1
    outer loop
      vertex -14.179 14.78 0
      vertex 14.179 14.78 0
      vertex 14.2147 14.6747 0
    endloop
  endfacet
  facet normal 0 0 -1
    outer loop
      vertex -14.2147 14.6747 0
      vertex 14.2147 14.6747 0
      vertex 14.2639 14.575 0
    endloop
  endfacet
  facet normal 0 0 -1
    outer loop
      vertex 14.399 14.399 0
      vertex -14.399 14.399 0
      vertex 14.3256 14.4826 0
    endloop
  endfacet
  facet normal 0 0 -1
    outer loop
      vertex 14.1573 14.8891 0
      vertex -14.1573 14.8891 0
      vertex -14.15 15 0
    endloop
  endfacet
  facet normal 0 0 -1
    outer loop
      vertex 14.179 14.78 0
      vertex -14.179 14.78 0
      vertex -14.1573 14.8891 0
    endloop
  endfacet
  facet normal 0 0 -1
    outer loop
      vertex 14.2147 14.6747 0
      vertex -14.2147 14.6747 0
      vertex -14.179 14.78 0
    endloop
  endfacet
  facet normal 0 0 -1
    outer loop
      vertex 14.2639 14.575 0
      vertex -14.2639 14.575 0
      vertex -14.2147 14.6747 0
    endloop
  endfacet
  facet normal -0 0 -1
    outer loop
      vertex 14.2639 14.575 0
      vertex -14.3256 14.4826 0
      vertex -14.2639 14.575 0
    endloop
  endfacet
  facet normal 0 0 -1
    outer loop
      vertex 14.3256 14.4826 0
      vertex -14.3256 14.4826 0
      vertex 14.2639 14.575 0
    endloop
  endfacet
  facet normal 0 -0 -1
    outer loop
      vertex -14.3256 14.4826 0
      vertex 14.3256 14.4826 0
      vertex -14.399 14.399 0
    endloop
  endfacet
  facet normal 0 0 -1
    outer loop
      vertex -23 0 0
      vertex -14.4826 14.3256 0
      vertex 23 0 0
    endloop
  endfacet
  facet normal 0 0 -1
    outer loop
      vertex -14.4826 14.3256 0
      vertex -23 0 0
      vertex -14.575 14.2639 0
    endloop
  endfacet
  facet normal 0 0 -1
    outer loop
      vertex -14.575 14.2639 0
      vertex -23 0 0
      vertex -14.6747 14.2147 0
    endloop
  endfacet
  facet normal 0 0 -1
    outer loop
      vertex -14.6747 14.2147 0
      vertex -23 0 0
      vertex -14.78 14.179 0
    endloop
  endfacet
  facet normal 0 0 -1
    outer loop
      vertex -14.78 14.179 0
      vertex -23 0 0
      vertex -14.8891 14.1573 0
    endloop
  endfacet
  facet normal 0 0 -1
    outer loop
      vertex -14.8891 14.1573 0
      vertex -23 0 0
      vertex -15 14.15 0
    endloop
  endfacet
  facet normal -0 0 -1
    outer loop
      vertex -15 14.15 0
      vertex -23 0 0
      vertex -15.1109 14.1573 0
    endloop
  endfacet
  facet normal -0 0 -1
    outer loop
      vertex -15.1109 14.1573 0
      vertex -23 0 0
      vertex -15.22 14.179 0
    endloop
  endfacet
  facet normal 0 0 -1
    outer loop
      vertex -23 20 0
      vertex -15.85 15 0
      vertex -15.8427 14.8891 0
    endloop
  endfacet
  facet normal 0 0 -1
    outer loop
      vertex -23 20 0
      vertex -15.8427 14.8891 0
      vertex -15.821 14.78 0
    endloop
  endfacet
  facet normal 0 0 -1
    outer loop
      vertex -23 20 0
      vertex -15.821 14.78 0
      vertex -15.7853 14.6747 0
    endloop
  endfacet
  facet normal 0 0 -1
    outer loop
      vertex -23 20 0
      vertex -15.7853 14.6747 0
      vertex -15.7361 14.575 0
    endloop
  endfacet
  facet normal 0 0 -1
    outer loop
      vertex -15.85 15 0
      vertex -23 20 0
      vertex -20 23 0
    endloop
  endfacet
  facet normal 0 0 -1
    outer loop
      vertex -20 23 0
      vertex -23 20 0
      vertex -20.3916 22.9743 0
    endloop
  endfacet
  facet normal 0 0 -1
    outer loop
      vertex -20.3916 22.9743 0
      vertex -23 20 0
      vertex -20.7765 22.8978 0
    endloop
  endfacet
  facet normal 0 0 -1
    outer loop
      vertex -20.7765 22.8978 0
      vertex -23 20 0
      vertex -21.148 22.7716 0
    endloop
  endfacet
  facet normal 0 0 -1
    outer loop
      vertex -23 0 0
      vertex -15.7361 14.575 0
      vertex -15.6743 14.4826 0
    endloop
  endfacet
  facet normal 0 0 -1
    outer loop
      vertex -21.148 22.7716 0
      vertex -23 20 0
      vertex -21.5 22.5981 0
    endloop
  endfacet
  facet normal 0 0 -1
    outer loop
      vertex -21.5 22.5981 0
      vertex -23 20 0
      vertex -21.8263 22.3801 0
    endloop
  endfacet
  facet normal 0 0 -1
    outer loop
      vertex -21.8263 22.3801 0
      vertex -23 20 0
      vertex -22.1213 22.1213 0
    endloop
  endfacet
  facet normal 0 0 -1
    outer loop
      vertex -23 0 0
      vertex -15.6743 14.4826 0
      vertex -15.601 14.399 0
    endloop
  endfacet
  facet normal 0 0 -1
    outer loop
      vertex -22.1213 22.1213 0
      vertex -23 20 0
      vertex -22.3801 21.8263 0
    endloop
  endfacet
  facet normal 0 0 -1
    outer loop
      vertex -22.3801 21.8263 0
      vertex -23 20 0
      vertex -22.5981 21.5 0
    endloop
  endfacet
  facet normal 0 0 -1
    outer loop
      vertex -22.5981 21.5 0
      vertex -23 20 0
      vertex -22.7716 21.148 0
    endloop
  endfacet
  facet normal 0 0 -1
    outer loop
      vertex -23 0 0
      vertex -15.601 14.399 0
      vertex -15.5174 14.3256 0
    endloop
  endfacet
  facet normal 0 0 -1
    outer loop
      vertex -22.7716 21.148 0
      vertex -23 20 0
      vertex -22.8978 20.7765 0
    endloop
  endfacet
  facet normal -0 0 -1
    outer loop
      vertex -15.22 14.179 0
      vertex -23 0 0
      vertex -15.3253 14.2147 0
    endloop
  endfacet
  facet normal 0 0 -1
    outer loop
      vertex -23 0 0
      vertex -15.425 14.2639 0
      vertex -15.3253 14.2147 0
    endloop
  endfacet
  facet normal 0 0 -1
    outer loop
      vertex -23 0 0
      vertex -15.5174 14.3256 0
      vertex -15.425 14.2639 0
    endloop
  endfacet
  facet normal -0 0 -1
    outer loop
      vertex -15.7361 14.575 0
      vertex -23 0 0
      vertex -23 20 0
    endloop
  endfacet
  facet normal 0 0 -1
    outer loop
      vertex -22.8978 20.7765 0
      vertex -23 20 0
      vertex -22.9743 20.3916 0
    endloop
  endfacet
  facet normal 0 0 -1
    outer loop
      vertex 22.1213 22.1213 0
      vertex 20 23 0
      vertex 21.8263 22.3801 0
    endloop
  endfacet
  facet normal 0 0 -1
    outer loop
      vertex 21.8263 22.3801 0
      vertex 20 23 0
      vertex 21.5 22.5981 0
    endloop
  endfacet
  facet normal 0 0 -1
    outer loop
      vertex 21.148 22.7716 0
      vertex 20 23 0
      vertex 20.7765 22.8978 0
    endloop
  endfacet
  facet normal 0 0 -1
    outer loop
      vertex 20.7765 22.8978 0
      vertex 20 23 0
      vertex 20.3916 22.9743 0
    endloop
  endfacet
  facet normal 0 0 -1
    outer loop
      vertex 21.5 22.5981 0
      vertex 20 23 0
      vertex 21.148 22.7716 0
    endloop
  endfacet
  facet normal 0 0 -1
    outer loop
      vertex 22.9743 20.3916 0
      vertex 20 23 0
      vertex 22.8978 20.7765 0
    endloop
  endfacet
  facet normal 0 0 -1
    outer loop
      vertex 15.5174 15.6743 0
      vertex 20 23 0
      vertex 15.601 15.601 0
    endloop
  endfacet
  facet normal 0 0 -1
    outer loop
      vertex 15.425 15.7361 0
      vertex 20 23 0
      vertex 15.5174 15.6743 0
    endloop
  endfacet
  facet normal 0 0 -1
    outer loop
      vertex 15.3253 15.7853 0
      vertex 20 23 0
      vertex 15.425 15.7361 0
    endloop
  endfacet
  facet normal 0 0 -1
    outer loop
      vertex 15.22 15.821 0
      vertex 20 23 0
      vertex 15.3253 15.7853 0
    endloop
  endfacet
  facet normal 0 0 -1
    outer loop
      vertex 15.1109 15.8427 0
      vertex 20 23 0
      vertex 15.22 15.821 0
    endloop
  endfacet
  facet normal 0 0 -1
    outer loop
      vertex 15 15.85 0
      vertex 20 23 0
      vertex 15.1109 15.8427 0
    endloop
  endfacet
  facet normal 0 0 -1
    outer loop
      vertex 14.8891 15.8427 0
      vertex 20 23 0
      vertex 15 15.85 0
    endloop
  endfacet
  facet normal 0 0 -1
    outer loop
      vertex 14.78 15.821 0
      vertex 20 23 0
      vertex 14.8891 15.8427 0
    endloop
  endfacet
  facet normal 0 0 -1
    outer loop
      vertex 14.6747 15.7853 0
      vertex 20 23 0
      vertex 14.78 15.821 0
    endloop
  endfacet
  facet normal 0 0 -1
    outer loop
      vertex 14.575 15.7361 0
      vertex 20 23 0
      vertex 14.6747 15.7853 0
    endloop
  endfacet
  facet normal 0 0 -1
    outer loop
      vertex 14.4826 15.6743 0
      vertex 20 23 0
      vertex 14.575 15.7361 0
    endloop
  endfacet
  facet normal 0 0 -1
    outer loop
      vertex 14.399 15.601 0
      vertex 20 23 0
      vertex 14.4826 15.6743 0
    endloop
  endfacet
  facet normal 0 0 -1
    outer loop
      vertex -14.399 15.601 0
      vertex 14.399 15.601 0
      vertex 14.3256 15.5174 0
    endloop
  endfacet
  facet normal 0 0 -1
    outer loop
      vertex -14.15 15 0
      vertex 14.1573 15.1109 0
      vertex 14.15 15 0
    endloop
  endfacet
  facet normal 0 0 -1
    outer loop
      vertex -14.1573 15.1109 0
      vertex 14.1573 15.1109 0
      vertex -14.15 15 0
    endloop
  endfacet
  facet normal 0 0 -1
    outer loop
      vertex 14.1573 15.1109 0
      vertex -14.1573 15.1109 0
      vertex 14.179 15.22 0
    endloop
  endfacet
  facet normal 0 0 -1
    outer loop
      vertex -14.179 15.22 0
      vertex 14.179 15.22 0
      vertex -14.1573 15.1109 0
    endloop
  endfacet
  facet normal 0 0 -1
    outer loop
      vertex 14.179 15.22 0
      vertex -14.179 15.22 0
      vertex 14.2147 15.3253 0
    endloop
  endfacet
  facet normal 0 0 -1
    outer loop
      vertex -14.2147 15.3253 0
      vertex 14.2147 15.3253 0
      vertex -14.179 15.22 0
    endloop
  endfacet
  facet normal 0 0 -1
    outer loop
      vertex 14.2147 15.3253 0
      vertex -14.2147 15.3253 0
      vertex 14.2639 15.425 0
    endloop
  endfacet
  facet normal 0 0 -1
    outer loop
      vertex -14.2639 15.425 0
      vertex 14.2639 15.425 0
      vertex -14.2147 15.3253 0
    endloop
  endfacet
  facet normal 0 0 -1
    outer loop
      vertex 14.2639 15.425 0
      vertex -14.2639 15.425 0
      vertex 14.3256 15.5174 0
    endloop
  endfacet
  facet normal 0 0 -1
    outer loop
      vertex -14.3256 15.5174 0
      vertex 14.3256 15.5174 0
      vertex -14.2639 15.425 0
    endloop
  endfacet
  facet normal 0 0 -1
    outer loop
      vertex -14.399 15.601 0
      vertex 14.3256 15.5174 0
      vertex -14.3256 15.5174 0
    endloop
  endfacet
  facet normal 0 0 -1
    outer loop
      vertex 14.399 15.601 0
      vertex -14.399 15.601 0
      vertex 20 23 0
    endloop
  endfacet
  facet normal 0 0 -1
    outer loop
      vertex -14.4826 15.6743 0
      vertex 20 23 0
      vertex -14.399 15.601 0
    endloop
  endfacet
  facet normal 0 0 -1
    outer loop
      vertex -20 23 0
      vertex -14.4826 15.6743 0
      vertex -14.575 15.7361 0
    endloop
  endfacet
  facet normal 0 0 -1
    outer loop
      vertex -20 23 0
      vertex -14.575 15.7361 0
      vertex -14.6747 15.7853 0
    endloop
  endfacet
  facet normal 0 0 -1
    outer loop
      vertex -20 23 0
      vertex -14.6747 15.7853 0
      vertex -14.78 15.821 0
    endloop
  endfacet
  facet normal 0 0 -1
    outer loop
      vertex -20 23 0
      vertex -14.78 15.821 0
      vertex -14.8891 15.8427 0
    endloop
  endfacet
  facet normal 0 0 -1
    outer loop
      vertex -20 23 0
      vertex -14.8891 15.8427 0
      vertex -15 15.85 0
    endloop
  endfacet
  facet normal 0 0 -1
    outer loop
      vertex -20 23 0
      vertex -15 15.85 0
      vertex -15.1109 15.8427 0
    endloop
  endfacet
  facet normal 0 0 -1
    outer loop
      vertex -20 23 0
      vertex -15.1109 15.8427 0
      vertex -15.22 15.821 0
    endloop
  endfacet
  facet normal 0 0 -1
    outer loop
      vertex -14.4826 15.6743 0
      vertex -20 23 0
      vertex 20 23 0
    endloop
  endfacet
  facet normal 0 0 -1
    outer loop
      vertex -15.3253 15.7853 0
      vertex -20 23 0
      vertex -15.22 15.821 0
    endloop
  endfacet
  facet normal 0 0 -1
    outer loop
      vertex -15.425 15.7361 0
      vertex -20 23 0
      vertex -15.3253 15.7853 0
    endloop
  endfacet
  facet normal 0 0 -1
    outer loop
      vertex -15.5174 15.6743 0
      vertex -20 23 0
      vertex -15.425 15.7361 0
    endloop
  endfacet
  facet normal 0 0 -1
    outer loop
      vertex -15.601 15.601 0
      vertex -20 23 0
      vertex -15.5174 15.6743 0
    endloop
  endfacet
  facet normal 0 0 -1
    outer loop
      vertex -15.6743 15.5174 0
      vertex -20 23 0
      vertex -15.601 15.601 0
    endloop
  endfacet
  facet normal 0 0 -1
    outer loop
      vertex -15.7361 15.425 0
      vertex -20 23 0
      vertex -15.6743 15.5174 0
    endloop
  endfacet
  facet normal 0 0 -1
    outer loop
      vertex -15.7853 15.3253 0
      vertex -20 23 0
      vertex -15.7361 15.425 0
    endloop
  endfacet
  facet normal 0 0 -1
    outer loop
      vertex -15.821 15.22 0
      vertex -20 23 0
      vertex -15.7853 15.3253 0
    endloop
  endfacet
  facet normal 0 0 -1
    outer loop
      vertex -15.8427 15.1109 0
      vertex -20 23 0
      vertex -15.821 15.22 0
    endloop
  endfacet
  facet normal 0 0 -1
    outer loop
      vertex -20 23 0
      vertex -15.8427 15.1109 0
      vertex -15.85 15 0
    endloop
  endfacet
  facet normal 0.946858 0.321651 0
    outer loop
      vertex 22.8978 20.7765 62
      vertex 22.7716 21.148 0
      vertex 22.7716 21.148 62
    endloop
  endfacet
  facet normal 0.946858 0.321651 0
    outer loop
      vertex 22.7716 21.148 0
      vertex 22.8978 20.7765 62
      vertex 22.8978 20.7765 0
    endloop
  endfacet
  facet normal 0.19494 0.980815 0
    outer loop
      vertex 20.7765 22.8978 62
      vertex 20.3916 22.9743 60.3136
      vertex 20.3916 22.9743 62
    endloop
  endfacet
  facet normal 0.195252 0.980753 -7.41378e-05
    outer loop
      vertex 20.7765 22.8978 62
      vertex 20.5096 22.9508 60.2068
      vertex 20.3916 22.9743 60.3136
    endloop
  endfacet
  facet normal 0.19492 0.980819 -2.26597e-05
    outer loop
      vertex 20.7765 22.8978 62
      vertex 20.6867 22.9156 60.0052
      vertex 20.5096 22.9508 60.2068
    endloop
  endfacet
  facet normal 0.191904 0.981414 0.000118406
    outer loop
      vertex 20.7765 22.8978 62
      vertex 20.6954 22.9139 59.9954
      vertex 20.6867 22.9156 60.0052
    endloop
  endfacet
  facet normal 0.200597 0.979674 -0.000247279
    outer loop
      vertex 20.7765 22.8978 62
      vertex 20.7032 22.9123 59.984
      vertex 20.6954 22.9139 59.9954
    endloop
  endfacet
  facet normal 0.194057 0.98099 0
    outer loop
      vertex 20.7032 22.9123 59.984
      vertex 20.7765 22.8978 62
      vertex 20.7765 22.8978 59.8787
    endloop
  endfacet
  facet normal 0.191904 0.981414 -0.000118377
    outer loop
      vertex 20.7765 22.8978 0
      vertex 20.6867 22.9156 1.99479
      vertex 20.6954 22.9139 2.00464
    endloop
  endfacet
  facet normal 0.194057 0.98099 -0
    outer loop
      vertex 20.7765 22.8978 0
      vertex 20.7032 22.9123 2.01598
      vertex 20.7765 22.8978 2.12128
    endloop
  endfacet
  facet normal 0.200599 0.979673 0.000247346
    outer loop
      vertex 20.7765 22.8978 0
      vertex 20.6954 22.9139 2.00464
      vertex 20.7032 22.9123 2.01598
    endloop
  endfacet
  facet normal 0.19492 0.980819 2.266e-05
    outer loop
      vertex 20.6867 22.9156 1.99479
      vertex 20.7765 22.8978 0
      vertex 20.5096 22.9508 1.79323
    endloop
  endfacet
  facet normal 0.195252 0.980753 7.41367e-05
    outer loop
      vertex 20.7765 22.8978 0
      vertex 20.3916 22.9743 1.68643
      vertex 20.5096 22.9508 1.79323
    endloop
  endfacet
  facet normal 0.19494 0.980815 0
    outer loop
      vertex 20.3916 22.9743 1.68643
      vertex 20.7765 22.8978 0
      vertex 20.3916 22.9743 0
    endloop
  endfacet
  facet normal -0.116752 0.955906 0.269468
    outer loop
      vertex 20.6954 22.9139 57.0046
      vertex 20.5096 22.9508 56.7932
      vertex 20.6867 22.9156 56.9948
    endloop
  endfacet
  facet normal 0.195317 0.98074 0
    outer loop
      vertex 20.5096 22.9508 56.7932
      vertex 20.3916 22.9743 5.31357
      vertex 20.3916 22.9743 56.6864
    endloop
  endfacet
  facet normal 0.194796 0.980844 -0
    outer loop
      vertex 20.5096 22.9508 5.20677
      vertex 20.5096 22.9508 56.7932
      vertex 20.6954 22.9139 57.0046
    endloop
  endfacet
  facet normal 0.200944 0.979603 -0
    outer loop
      vertex 20.6954 22.9139 4.99536
      vertex 20.6954 22.9139 57.0046
      vertex 20.7032 22.9123 57.016
    endloop
  endfacet
  facet normal 0.194055 0.980991 1.07561e-06
    outer loop
      vertex 20.6954 22.9139 4.99536
      vertex 20.7032 22.9123 57.016
      vertex 20.7765 22.8978 57.1213
    endloop
  endfacet
  facet normal 0.195317 0.98074 0
    outer loop
      vertex 20.5096 22.9508 56.7932
      vertex 20.5096 22.9508 5.20677
      vertex 20.3916 22.9743 5.31357
    endloop
  endfacet
  facet normal 0.194944 0.980814 -5.50526e-07
    outer loop
      vertex 20.6954 22.9139 57.0046
      vertex 20.6867 22.9156 5.00521
      vertex 20.5096 22.9508 5.20677
    endloop
  endfacet
  facet normal 0.191775 0.981439 0
    outer loop
      vertex 20.6954 22.9139 57.0046
      vertex 20.6954 22.9139 4.99536
      vertex 20.6867 22.9156 5.00521
    endloop
  endfacet
  facet normal 0.20093 0.979606 -1.00484e-05
    outer loop
      vertex 20.7765 22.8978 57.1213
      vertex 20.7032 22.9123 4.98402
      vertex 20.6954 22.9139 4.99536
    endloop
  endfacet
  facet normal 0.194057 0.98099 0
    outer loop
      vertex 20.7032 22.9123 4.98402
      vertex 20.7765 22.8978 57.1213
      vertex 20.7765 22.8978 4.87872
    endloop
  endfacet
  facet normal 0.555523 0.831501 -0
    outer loop
      vertex 21.8263 22.3801 0
      vertex 21.5 22.5981 62
      vertex 21.8263 22.3801 62
    endloop
  endfacet
  facet normal 0.555523 0.831501 0
    outer loop
      vertex 21.5 22.5981 62
      vertex 21.8263 22.3801 0
      vertex 21.5 22.5981 0
    endloop
  endfacet
  facet normal 0.659478 0.751724 -0
    outer loop
      vertex 22.1213 22.1213 0
      vertex 21.8263 22.3801 62
      vertex 22.1213 22.1213 62
    endloop
  endfacet
  facet normal 0.659478 0.751724 0
    outer loop
      vertex 21.8263 22.3801 62
      vertex 22.1213 22.1213 0
      vertex 21.8263 22.3801 0
    endloop
  endfacet
  facet normal -0.44206 -0.896985 0
    outer loop
      vertex 19.5184 20.8173 5.67496
      vertex 19.7694 20.6936 56.375
      vertex 19.5184 20.8173 56.325
    endloop
  endfacet
  facet normal -0.44206 -0.896985 0
    outer loop
      vertex 19.7694 20.6936 5.62504
      vertex 19.7694 20.6936 56.375
      vertex 19.5184 20.8173 5.67496
    endloop
  endfacet
  facet normal -0.442519 -0.896759 -0
    outer loop
      vertex 19.7694 20.6936 56.375
      vertex 19.7694 20.6936 5.62504
      vertex 19.8 20.6785 56.3853
    endloop
  endfacet
  facet normal -0.442519 -0.896759 -0
    outer loop
      vertex 19.8 20.6785 56.3853
      vertex 19.7694 20.6936 5.62504
      vertex 19.8 20.6785 5.61465
    endloop
  endfacet
  facet normal 1 -0 0
    outer loop
      vertex -21 0 2.24247
      vertex -21 18.6 2
      vertex -21 18.6 2.24247
    endloop
  endfacet
  facet normal 1 0 0
    outer loop
      vertex -21 18.6 2
      vertex -21 0 2.24247
      vertex -21 0 2
    endloop
  endfacet
  facet normal 1 -0 0
    outer loop
      vertex -21 0 60
      vertex -21 18.6 59.7575
      vertex -21 18.6 60
    endloop
  endfacet
  facet normal 1 0 0
    outer loop
      vertex -21 18.6 59.7575
      vertex -21 0 60
      vertex -21 0 59.7575
    endloop
  endfacet
  facet normal 1 -0 0
    outer loop
      vertex -21 0 57.2425
      vertex -21 18.6 4.75752
      vertex -21 18.6 57.2425
    endloop
  endfacet
  facet normal 1 0 0
    outer loop
      vertex -21 18.6 4.75752
      vertex -21 0 57.2425
      vertex -21 0 4.75752
    endloop
  endfacet
  facet normal 0.760834 -0.648947 0
    outer loop
      vertex -20.3 20.2937 56.5947
      vertex -20.2971 20.2971 5.40671
      vertex -20.2971 20.2971 56.5933
    endloop
  endfacet
  facet normal 0.760834 -0.648947 0
    outer loop
      vertex -20.3 20.2937 56.5947
      vertex -20.3 20.2937 5.40526
      vertex -20.2971 20.2971 5.40671
    endloop
  endfacet
  facet normal 0.751956 -0.659214 0
    outer loop
      vertex -20.504 20.061 56.7311
      vertex -20.3 20.2937 5.40526
      vertex -20.3 20.2937 56.5947
    endloop
  endfacet
  facet normal 0.751956 -0.659214 0
    outer loop
      vertex -20.3 20.2937 5.40526
      vertex -20.504 20.061 56.7311
      vertex -20.504 20.061 5.26891
    endloop
  endfacet
  facet normal 0 0 -1
    outer loop
      vertex 20.8044 0 60
      vertex 21 18.6 60
      vertex 21 0 60
    endloop
  endfacet
  facet normal 0 0 -1
    outer loop
      vertex 20.8044 19.5446 60
      vertex 21 18.6 60
      vertex 20.8044 0 60
    endloop
  endfacet
  facet normal 0 0 -1
    outer loop
      vertex 21 18.6 60
      vertex 20.8044 19.5446 60
      vertex 20.9795 18.9133 60
    endloop
  endfacet
  facet normal 0 0 -1
    outer loop
      vertex 20.9795 18.9133 60
      vertex 20.8044 19.5446 60
      vertex 20.9182 19.2212 60
    endloop
  endfacet
  facet normal 0 0 -1
    outer loop
      vertex 20.9182 19.2212 60
      vertex 20.8044 19.5446 60
      vertex 20.8173 19.5184 60
    endloop
  endfacet
  facet normal 0 0 -1
    outer loop
      vertex -21 18.6 60
      vertex -20.8044 19.5446 60
      vertex -20.8044 0 60
    endloop
  endfacet
  facet normal 0 -0 -1
    outer loop
      vertex -20.9182 19.2212 60
      vertex -20.8044 19.5446 60
      vertex -21 18.6 60
    endloop
  endfacet
  facet normal 0 0 -1
    outer loop
      vertex -20.8044 19.5446 60
      vertex -20.9182 19.2212 60
      vertex -20.8173 19.5184 60
    endloop
  endfacet
  facet normal 0 0 -1
    outer loop
      vertex -21 18.6 60
      vertex -20.8044 0 60
      vertex -21 0 60
    endloop
  endfacet
  facet normal 0 0 -1
    outer loop
      vertex -20.9182 19.2212 60
      vertex -21 18.6 60
      vertex -20.9795 18.9133 60
    endloop
  endfacet
  facet normal 0 0 -1
    outer loop
      vertex -17.5956 0 60
      vertex 17.5956 21 60
      vertex 17.5956 0 60
    endloop
  endfacet
  facet normal -0 0 -1
    outer loop
      vertex 17.5956 21 60
      vertex -17.5956 0 60
      vertex -17.5956 21 60
    endloop
  endfacet
  facet normal 0 0 1
    outer loop
      vertex -20.9182 19.2212 2
      vertex -20.8044 19.5446 2
      vertex -20.8173 19.5184 2
    endloop
  endfacet
  facet normal 0 0 1
    outer loop
      vertex -20.8044 19.5446 2
      vertex -20.9182 19.2212 2
      vertex -21 18.6 2
    endloop
  endfacet
  facet normal 0 0 1
    outer loop
      vertex -21 18.6 2
      vertex -20.9182 19.2212 2
      vertex -20.9795 18.9133 2
    endloop
  endfacet
  facet normal 0 0 1
    outer loop
      vertex -20.8044 19.5446 2
      vertex -21 18.6 2
      vertex -20.8044 0 2
    endloop
  endfacet
  facet normal 0 0 1
    outer loop
      vertex -20.8044 0 2
      vertex -21 18.6 2
      vertex -21 0 2
    endloop
  endfacet
  facet normal 0 0 1
    outer loop
      vertex 20.8044 19.5446 2
      vertex 21 18.6 2
      vertex 20.9795 18.9133 2
    endloop
  endfacet
  facet normal 0 0 1
    outer loop
      vertex 20.8044 19.5446 2
      vertex 20.9795 18.9133 2
      vertex 20.9182 19.2212 2
    endloop
  endfacet
  facet normal 0 0 1
    outer loop
      vertex 20.8044 19.5446 2
      vertex 20.9182 19.2212 2
      vertex 20.8173 19.5184 2
    endloop
  endfacet
  facet normal 0 0 1
    outer loop
      vertex 21 18.6 2
      vertex 20.8044 19.5446 2
      vertex 20.8044 0 2
    endloop
  endfacet
  facet normal 0 0 1
    outer loop
      vertex 21 18.6 2
      vertex 20.8044 0 2
      vertex 21 0 2
    endloop
  endfacet
  facet normal -0 0 1
    outer loop
      vertex -8.4 7.9 2
      vertex 8.4 2.08 2
      vertex 8.4 7.9 2
    endloop
  endfacet
  facet normal 0 0 1
    outer loop
      vertex 8.4 2.08 2
      vertex -8.4 7.9 2
      vertex -8.4 2.08 2
    endloop
  endfacet
  facet normal -0 0 1
    outer loop
      vertex -8.4 14.7 2
      vertex 8.4 10.9 2
      vertex 8.4 14.7 2
    endloop
  endfacet
  facet normal 0 0 1
    outer loop
      vertex 8.4 10.9 2
      vertex -8.4 14.7 2
      vertex -8.4 10.9 2
    endloop
  endfacet
  facet normal 0 0 1
    outer loop
      vertex 17.5956 21 2
      vertex 17.2 15 2
      vertex 17.5956 0 2
    endloop
  endfacet
  facet normal 0 0 1
    outer loop
      vertex 17.5956 21 2
      vertex 17.1812 15.2872 2
      vertex 17.2 15 2
    endloop
  endfacet
  facet normal 0 0 1
    outer loop
      vertex 17.5956 21 2
      vertex 17.125 15.5694 2
      vertex 17.1812 15.2872 2
    endloop
  endfacet
  facet normal 0 0 1
    outer loop
      vertex 17.5956 21 2
      vertex 17.0325 15.8419 2
      vertex 17.125 15.5694 2
    endloop
  endfacet
  facet normal 0 0 1
    outer loop
      vertex 17.5956 21 2
      vertex 16.9053 16.1 2
      vertex 17.0325 15.8419 2
    endloop
  endfacet
  facet normal 0 0 1
    outer loop
      vertex 17.5956 21 2
      vertex 16.7454 16.3393 2
      vertex 16.9053 16.1 2
    endloop
  endfacet
  facet normal 0 0 1
    outer loop
      vertex 17.5956 21 2
      vertex 16.5556 16.5556 2
      vertex 16.7454 16.3393 2
    endloop
  endfacet
  facet normal 0 0 1
    outer loop
      vertex 17.5956 21 2
      vertex 16.3393 16.7454 2
      vertex 16.5556 16.5556 2
    endloop
  endfacet
  facet normal 0 0 1
    outer loop
      vertex 17.5956 21 2
      vertex 16.1 16.9053 2
      vertex 16.3393 16.7454 2
    endloop
  endfacet
  facet normal 0 0 1
    outer loop
      vertex 17.5956 21 2
      vertex 15.8419 17.0325 2
      vertex 16.1 16.9053 2
    endloop
  endfacet
  facet normal 0 0 1
    outer loop
      vertex 17.5956 21 2
      vertex 15.5694 17.125 2
      vertex 15.8419 17.0325 2
    endloop
  endfacet
  facet normal 0 0 1
    outer loop
      vertex 17.5956 21 2
      vertex 15.2872 17.1812 2
      vertex 15.5694 17.125 2
    endloop
  endfacet
  facet normal 0 0 1
    outer loop
      vertex 17.5956 21 2
      vertex 15 17.2 2
      vertex 15.2872 17.1812 2
    endloop
  endfacet
  facet normal 0 0 1
    outer loop
      vertex 17.5956 21 2
      vertex 14.7128 17.1812 2
      vertex 15 17.2 2
    endloop
  endfacet
  facet normal 0 0 1
    outer loop
      vertex 17.5956 21 2
      vertex 14.4306 17.125 2
      vertex 14.7128 17.1812 2
    endloop
  endfacet
  facet normal 0 0 1
    outer loop
      vertex 17.5956 21 2
      vertex 14.1581 17.0325 2
      vertex 14.4306 17.125 2
    endloop
  endfacet
  facet normal -0 0 1
    outer loop
      vertex 8.4 17.7 2
      vertex 14.1581 17.0325 2
      vertex 17.5956 21 2
    endloop
  endfacet
  facet normal 0 0 1
    outer loop
      vertex 14.1581 17.0325 2
      vertex 8.4 17.7 2
      vertex 13.9 16.9053 2
    endloop
  endfacet
  facet normal 0 0 1
    outer loop
      vertex 13.9 16.9053 2
      vertex 8.4 17.7 2
      vertex 13.6607 16.7454 2
    endloop
  endfacet
  facet normal 0 0 1
    outer loop
      vertex 12.875 15.5694 2
      vertex 8.4 14.7 2
      vertex 12.8188 15.2872 2
    endloop
  endfacet
  facet normal 0 0 1
    outer loop
      vertex 8.4 14.7 2
      vertex 12.875 15.5694 2
      vertex 8.4 17.7 2
    endloop
  endfacet
  facet normal 0 0 1
    outer loop
      vertex 12.9675 15.8419 2
      vertex 8.4 17.7 2
      vertex 12.875 15.5694 2
    endloop
  endfacet
  facet normal 0 0 1
    outer loop
      vertex 13.0947 16.1 2
      vertex 8.4 17.7 2
      vertex 12.9675 15.8419 2
    endloop
  endfacet
  facet normal 0 0 1
    outer loop
      vertex 13.2546 16.3393 2
      vertex 8.4 17.7 2
      vertex 13.0947 16.1 2
    endloop
  endfacet
  facet normal 0 0 1
    outer loop
      vertex 13.4444 16.5556 2
      vertex 8.4 17.7 2
      vertex 13.2546 16.3393 2
    endloop
  endfacet
  facet normal 0 0 1
    outer loop
      vertex 13.6607 16.7454 2
      vertex 8.4 17.7 2
      vertex 13.4444 16.5556 2
    endloop
  endfacet
  facet normal 0 0 1
    outer loop
      vertex 17.5956 21 2
      vertex -8.4 17.7 2
      vertex 8.4 17.7 2
    endloop
  endfacet
  facet normal -0 0 1
    outer loop
      vertex -12.875 15.5694 2
      vertex -8.4 14.7 2
      vertex -8.4 17.7 2
    endloop
  endfacet
  facet normal 0 0 1
    outer loop
      vertex -12.875 14.4306 2
      vertex -8.4 14.7 2
      vertex -12.8188 14.7128 2
    endloop
  endfacet
  facet normal 0 0 1
    outer loop
      vertex -8.4 14.7 2
      vertex -12.9675 14.1581 2
      vertex -8.4 10.9 2
    endloop
  endfacet
  facet normal -0 0 1
    outer loop
      vertex -13.4444 13.4444 2
      vertex -8.4 10.9 2
      vertex -13.2546 13.6607 2
    endloop
  endfacet
  facet normal 0 0 1
    outer loop
      vertex -8.4 14.7 2
      vertex -12.8 15 2
      vertex -12.8188 14.7128 2
    endloop
  endfacet
  facet normal 0 0 1
    outer loop
      vertex -8.4 14.7 2
      vertex -12.8188 15.2872 2
      vertex -12.8 15 2
    endloop
  endfacet
  facet normal 0 0 1
    outer loop
      vertex -8.4 14.7 2
      vertex -12.875 15.5694 2
      vertex -12.8188 15.2872 2
    endloop
  endfacet
  facet normal 0 0 1
    outer loop
      vertex -8.4 17.7 2
      vertex -12.9675 15.8419 2
      vertex -12.875 15.5694 2
    endloop
  endfacet
  facet normal 0 0 1
    outer loop
      vertex -8.4 17.7 2
      vertex -13.0947 16.1 2
      vertex -12.9675 15.8419 2
    endloop
  endfacet
  facet normal 0 0 1
    outer loop
      vertex -8.4 17.7 2
      vertex -13.2546 16.3393 2
      vertex -13.0947 16.1 2
    endloop
  endfacet
  facet normal 0 0 1
    outer loop
      vertex -8.4 17.7 2
      vertex -13.4444 16.5556 2
      vertex -13.2546 16.3393 2
    endloop
  endfacet
  facet normal 0 0 1
    outer loop
      vertex -8.4 17.7 2
      vertex -13.6607 16.7454 2
      vertex -13.4444 16.5556 2
    endloop
  endfacet
  facet normal 0 0 1
    outer loop
      vertex -8.4 17.7 2
      vertex -13.9 16.9053 2
      vertex -13.6607 16.7454 2
    endloop
  endfacet
  facet normal 0 0 1
    outer loop
      vertex -8.4 17.7 2
      vertex -14.1581 17.0325 2
      vertex -13.9 16.9053 2
    endloop
  endfacet
  facet normal -0 0 1
    outer loop
      vertex -17.5956 21 2
      vertex -8.4 17.7 2
      vertex 17.5956 21 2
    endloop
  endfacet
  facet normal 0 0 1
    outer loop
      vertex -8.4 17.7 2
      vertex -17.5956 21 2
      vertex -14.1581 17.0325 2
    endloop
  endfacet
  facet normal 0 0 1
    outer loop
      vertex -14.1581 17.0325 2
      vertex -17.5956 21 2
      vertex -14.4306 17.125 2
    endloop
  endfacet
  facet normal 0 0 1
    outer loop
      vertex -14.4306 17.125 2
      vertex -17.5956 21 2
      vertex -14.7128 17.1812 2
    endloop
  endfacet
  facet normal 0 0 1
    outer loop
      vertex -14.7128 17.1812 2
      vertex -17.5956 21 2
      vertex -15 17.2 2
    endloop
  endfacet
  facet normal 0 0 1
    outer loop
      vertex -17.1812 15.2872 2
      vertex -17.5956 21 2
      vertex -17.2 15 2
    endloop
  endfacet
  facet normal 0 0 1
    outer loop
      vertex -17.125 15.5694 2
      vertex -17.5956 21 2
      vertex -17.1812 15.2872 2
    endloop
  endfacet
  facet normal 0 0 1
    outer loop
      vertex -17.0325 15.8419 2
      vertex -17.5956 21 2
      vertex -17.125 15.5694 2
    endloop
  endfacet
  facet normal 0 0 1
    outer loop
      vertex -16.9053 16.1 2
      vertex -17.5956 21 2
      vertex -17.0325 15.8419 2
    endloop
  endfacet
  facet normal 0 0 1
    outer loop
      vertex -16.7454 16.3393 2
      vertex -17.5956 21 2
      vertex -16.9053 16.1 2
    endloop
  endfacet
  facet normal 0 0 1
    outer loop
      vertex -16.5556 16.5556 2
      vertex -17.5956 21 2
      vertex -16.7454 16.3393 2
    endloop
  endfacet
  facet normal 0 0 1
    outer loop
      vertex -16.3393 16.7454 2
      vertex -17.5956 21 2
      vertex -16.5556 16.5556 2
    endloop
  endfacet
  facet normal 0 0 1
    outer loop
      vertex -16.1 16.9053 2
      vertex -17.5956 21 2
      vertex -16.3393 16.7454 2
    endloop
  endfacet
  facet normal 0 0 1
    outer loop
      vertex -15.8419 17.0325 2
      vertex -17.5956 21 2
      vertex -16.1 16.9053 2
    endloop
  endfacet
  facet normal 0 0 1
    outer loop
      vertex -15.5694 17.125 2
      vertex -17.5956 21 2
      vertex -15.8419 17.0325 2
    endloop
  endfacet
  facet normal 0 0 1
    outer loop
      vertex -15.2872 17.1812 2
      vertex -17.5956 21 2
      vertex -15.5694 17.125 2
    endloop
  endfacet
  facet normal 0 0 1
    outer loop
      vertex -15 17.2 2
      vertex -17.5956 21 2
      vertex -15.2872 17.1812 2
    endloop
  endfacet
  facet normal -0 0 1
    outer loop
      vertex 17.1812 14.7128 2
      vertex 17.5956 0 2
      vertex 17.2 15 2
    endloop
  endfacet
  facet normal -0 0 1
    outer loop
      vertex 17.125 14.4306 2
      vertex 17.5956 0 2
      vertex 17.1812 14.7128 2
    endloop
  endfacet
  facet normal -0 0 1
    outer loop
      vertex 17.0325 14.1581 2
      vertex 17.5956 0 2
      vertex 17.125 14.4306 2
    endloop
  endfacet
  facet normal -0 0 1
    outer loop
      vertex 16.9053 13.9 2
      vertex 17.5956 0 2
      vertex 17.0325 14.1581 2
    endloop
  endfacet
  facet normal -0 0 1
    outer loop
      vertex 16.7454 13.6607 2
      vertex 17.5956 0 2
      vertex 16.9053 13.9 2
    endloop
  endfacet
  facet normal -0 0 1
    outer loop
      vertex 16.5556 13.4444 2
      vertex 17.5956 0 2
      vertex 16.7454 13.6607 2
    endloop
  endfacet
  facet normal -0 0 1
    outer loop
      vertex 16.3393 13.2546 2
      vertex 17.5956 0 2
      vertex 16.5556 13.4444 2
    endloop
  endfacet
  facet normal -0 0 1
    outer loop
      vertex 16.1 13.0947 2
      vertex 17.5956 0 2
      vertex 16.3393 13.2546 2
    endloop
  endfacet
  facet normal -0 0 1
    outer loop
      vertex 15.8419 12.9675 2
      vertex 17.5956 0 2
      vertex 16.1 13.0947 2
    endloop
  endfacet
  facet normal -0 0 1
    outer loop
      vertex 15.5694 12.875 2
      vertex 17.5956 0 2
      vertex 15.8419 12.9675 2
    endloop
  endfacet
  facet normal -0 0 1
    outer loop
      vertex 15.2872 12.8188 2
      vertex 17.5956 0 2
      vertex 15.5694 12.875 2
    endloop
  endfacet
  facet normal -0 0 1
    outer loop
      vertex 15 12.8 2
      vertex 17.5956 0 2
      vertex 15.2872 12.8188 2
    endloop
  endfacet
  facet normal 0 0 1
    outer loop
      vertex 8.4 7.9 2
      vertex 15 12.8 2
      vertex 14.7128 12.8188 2
    endloop
  endfacet
  facet normal 0 0 1
    outer loop
      vertex 8.4 7.9 2
      vertex 14.7128 12.8188 2
      vertex 14.4306 12.875 2
    endloop
  endfacet
  facet normal 0 0 1
    outer loop
      vertex 8.4 7.9 2
      vertex 14.4306 12.875 2
      vertex 14.1581 12.9675 2
    endloop
  endfacet
  facet normal 0 0 1
    outer loop
      vertex 8.4 7.9 2
      vertex 14.1581 12.9675 2
      vertex 13.9 13.0947 2
    endloop
  endfacet
  facet normal 0 0 1
    outer loop
      vertex 8.4 10.9 2
      vertex 13.9 13.0947 2
      vertex 13.6607 13.2546 2
    endloop
  endfacet
  facet normal 0 0 1
    outer loop
      vertex 8.4 10.9 2
      vertex 13.6607 13.2546 2
      vertex 13.4444 13.4444 2
    endloop
  endfacet
  facet normal 0 0 1
    outer loop
      vertex 8.4 10.9 2
      vertex 13.4444 13.4444 2
      vertex 13.2546 13.6607 2
    endloop
  endfacet
  facet normal 0 0 1
    outer loop
      vertex 8.4 10.9 2
      vertex 13.2546 13.6607 2
      vertex 13.0947 13.9 2
    endloop
  endfacet
  facet normal 0 0 1
    outer loop
      vertex 8.4 10.9 2
      vertex 13.0947 13.9 2
      vertex 12.9675 14.1581 2
    endloop
  endfacet
  facet normal 0 0 1
    outer loop
      vertex 8.4 14.7 2
      vertex 12.9675 14.1581 2
      vertex 12.875 14.4306 2
    endloop
  endfacet
  facet normal 0 0 1
    outer loop
      vertex 12.8188 15.2872 2
      vertex 8.4 14.7 2
      vertex 12.8 15 2
    endloop
  endfacet
  facet normal 0 0 1
    outer loop
      vertex 12.8 15 2
      vertex 8.4 14.7 2
      vertex 12.8188 14.7128 2
    endloop
  endfacet
  facet normal 0 0 1
    outer loop
      vertex 12.8188 14.7128 2
      vertex 8.4 14.7 2
      vertex 12.875 14.4306 2
    endloop
  endfacet
  facet normal 0 0 1
    outer loop
      vertex 12.9675 14.1581 2
      vertex 8.4 14.7 2
      vertex 8.4 10.9 2
    endloop
  endfacet
  facet normal 0 0 1
    outer loop
      vertex 13.9 13.0947 2
      vertex 8.4 10.9 2
      vertex 8.4 7.9 2
    endloop
  endfacet
  facet normal 0 0 1
    outer loop
      vertex 15 12.8 2
      vertex 8.4 7.9 2
      vertex 17.5956 0 2
    endloop
  endfacet
  facet normal -0 0 1
    outer loop
      vertex 8.4 2.08 2
      vertex 17.5956 0 2
      vertex 8.4 7.9 2
    endloop
  endfacet
  facet normal 0 0 1
    outer loop
      vertex 17.5956 0 2
      vertex 8.4 2.08 2
      vertex 8.4 0 2
    endloop
  endfacet
  facet normal 0 0 1
    outer loop
      vertex -12.9675 14.1581 2
      vertex -8.4 14.7 2
      vertex -12.875 14.4306 2
    endloop
  endfacet
  facet normal -0 0 1
    outer loop
      vertex -13.0947 13.9 2
      vertex -8.4 10.9 2
      vertex -12.9675 14.1581 2
    endloop
  endfacet
  facet normal -0 0 1
    outer loop
      vertex -13.2546 13.6607 2
      vertex -8.4 10.9 2
      vertex -13.0947 13.9 2
    endloop
  endfacet
  facet normal -0 0 1
    outer loop
      vertex -13.6607 13.2546 2
      vertex -8.4 10.9 2
      vertex -13.4444 13.4444 2
    endloop
  endfacet
  facet normal -0 0 1
    outer loop
      vertex -13.9 13.0947 2
      vertex -8.4 10.9 2
      vertex -13.6607 13.2546 2
    endloop
  endfacet
  facet normal 0 0 1
    outer loop
      vertex -8.4 10.9 2
      vertex -13.9 13.0947 2
      vertex -8.4 7.9 2
    endloop
  endfacet
  facet normal -0 0 1
    outer loop
      vertex -14.1581 12.9675 2
      vertex -8.4 7.9 2
      vertex -13.9 13.0947 2
    endloop
  endfacet
  facet normal -0 0 1
    outer loop
      vertex -14.4306 12.875 2
      vertex -8.4 7.9 2
      vertex -14.1581 12.9675 2
    endloop
  endfacet
  facet normal -0 0 1
    outer loop
      vertex -14.7128 12.8188 2
      vertex -8.4 7.9 2
      vertex -14.4306 12.875 2
    endloop
  endfacet
  facet normal -0 0 1
    outer loop
      vertex -15 12.8 2
      vertex -8.4 7.9 2
      vertex -14.7128 12.8188 2
    endloop
  endfacet
  facet normal 0 0 1
    outer loop
      vertex -8.4 7.9 2
      vertex -17.5956 0 2
      vertex -8.4 2.08 2
    endloop
  endfacet
  facet normal 0 0 1
    outer loop
      vertex -8.4 7.9 2
      vertex -15 12.8 2
      vertex -17.5956 0 2
    endloop
  endfacet
  facet normal 0 0 1
    outer loop
      vertex -17.5956 0 2
      vertex -15 12.8 2
      vertex -15.2872 12.8188 2
    endloop
  endfacet
  facet normal 0 0 1
    outer loop
      vertex -17.5956 0 2
      vertex -15.2872 12.8188 2
      vertex -15.5694 12.875 2
    endloop
  endfacet
  facet normal 0 0 1
    outer loop
      vertex -17.5956 0 2
      vertex -15.5694 12.875 2
      vertex -15.8419 12.9675 2
    endloop
  endfacet
  facet normal 0 0 1
    outer loop
      vertex -17.5956 0 2
      vertex -15.8419 12.9675 2
      vertex -16.1 13.0947 2
    endloop
  endfacet
  facet normal 0 0 1
    outer loop
      vertex -17.5956 0 2
      vertex -16.1 13.0947 2
      vertex -16.3393 13.2546 2
    endloop
  endfacet
  facet normal 0 0 1
    outer loop
      vertex -17.5956 0 2
      vertex -16.3393 13.2546 2
      vertex -16.5556 13.4444 2
    endloop
  endfacet
  facet normal 0 0 1
    outer loop
      vertex -17.5956 0 2
      vertex -16.5556 13.4444 2
      vertex -16.7454 13.6607 2
    endloop
  endfacet
  facet normal 0 0 1
    outer loop
      vertex -17.5956 0 2
      vertex -16.7454 13.6607 2
      vertex -16.9053 13.9 2
    endloop
  endfacet
  facet normal 0 0 1
    outer loop
      vertex -17.5956 0 2
      vertex -17.2 15 2
      vertex -17.5956 21 2
    endloop
  endfacet
  facet normal 0 0 1
    outer loop
      vertex -8.4 2.08 2
      vertex -17.5956 0 2
      vertex -8.4 0 2
    endloop
  endfacet
  facet normal 0 0 1
    outer loop
      vertex -17.0325 14.1581 2
      vertex -17.5956 0 2
      vertex -16.9053 13.9 2
    endloop
  endfacet
  facet normal 0 0 1
    outer loop
      vertex -17.125 14.4306 2
      vertex -17.5956 0 2
      vertex -17.0325 14.1581 2
    endloop
  endfacet
  facet normal 0 0 1
    outer loop
      vertex -17.1812 14.7128 2
      vertex -17.5956 0 2
      vertex -17.125 14.4306 2
    endloop
  endfacet
  facet normal 0 0 1
    outer loop
      vertex -17.2 15 2
      vertex -17.5956 0 2
      vertex -17.1812 14.7128 2
    endloop
  endfacet
  facet normal 0 -1 0
    outer loop
      vertex -18.9133 20.9795 5.68121
      vertex -18.9128 20.9795 56.3188
      vertex -18.9133 20.9795 56.3188
    endloop
  endfacet
  facet normal 0 -1 0
    outer loop
      vertex -18.9128 20.9795 5.68118
      vertex -18.9128 20.9795 56.3188
      vertex -18.9133 20.9795 5.68121
    endloop
  endfacet
  facet normal 0.0654159 -0.997858 0
    outer loop
      vertex -18.9128 20.9795 56.3188
      vertex -18.9128 20.9795 5.68118
      vertex -18.6306 20.998 56.375
    endloop
  endfacet
  facet normal 0.0654159 -0.997858 0
    outer loop
      vertex -18.6306 20.998 5.62504
      vertex -18.6306 20.998 56.375
      vertex -18.9128 20.9795 5.68118
    endloop
  endfacet
  facet normal 0.0652203 -0.997871 0
    outer loop
      vertex -18.6306 20.998 56.375
      vertex -18.6306 20.998 5.62504
      vertex -18.6 21 56.3853
    endloop
  endfacet
  facet normal 0.0652203 -0.997871 0
    outer loop
      vertex -18.6 21 56.3853
      vertex -18.6306 20.998 5.62504
      vertex -18.6 21 5.61465
    endloop
  endfacet
  facet normal 0.997866 -0.0652929 0
    outer loop
      vertex -21 18.6 2
      vertex -20.9795 18.9133 2.21175
      vertex -21 18.6 2.24247
    endloop
  endfacet
  facet normal 0.997866 -0.0652929 0
    outer loop
      vertex -20.9795 18.9133 2.21175
      vertex -21 18.6 2
      vertex -20.9795 18.9133 2
    endloop
  endfacet
  facet normal 0.997866 -0.0652929 0
    outer loop
      vertex -21 18.6 60
      vertex -20.9795 18.9133 59.7883
      vertex -20.9795 18.9133 60
    endloop
  endfacet
  facet normal 0.997866 -0.0652929 0
    outer loop
      vertex -20.9795 18.9133 59.7883
      vertex -21 18.6 60
      vertex -21 18.6 59.7575
    endloop
  endfacet
  facet normal 0.997866 -0.0652929 0
    outer loop
      vertex -21 18.6 57.2425
      vertex -20.9795 18.9133 4.78825
      vertex -20.9795 18.9133 57.2117
    endloop
  endfacet
  facet normal 0.997866 -0.0652929 0
    outer loop
      vertex -20.9795 18.9133 4.78825
      vertex -21 18.6 57.2425
      vertex -21 18.6 4.75752
    endloop
  endfacet
  facet normal -0.321456 -0.946925 0
    outer loop
      vertex 19.2212 20.9182 5.69861
      vertex 19.4872 20.8279 56.3188
      vertex 19.2212 20.9182 56.3014
    endloop
  endfacet
  facet normal -0.321456 -0.946925 0
    outer loop
      vertex 19.4872 20.8279 5.68118
      vertex 19.4872 20.8279 56.3188
      vertex 19.2212 20.9182 5.69861
    endloop
  endfacet
  facet normal -0.321685 -0.946847 -0
    outer loop
      vertex 19.4872 20.8279 56.3188
      vertex 19.4872 20.8279 5.68118
      vertex 19.5184 20.8173 56.325
    endloop
  endfacet
  facet normal -0.321685 -0.946847 -0
    outer loop
      vertex 19.5184 20.8173 56.325
      vertex 19.4872 20.8279 5.68118
      vertex 19.5184 20.8173 5.67496
    endloop
  endfacet
  facet normal 0 -1 0
    outer loop
      vertex -17.4546 21 59.8393
      vertex 17.5956 21 60
      vertex -17.5956 21 60
    endloop
  endfacet
  facet normal 0 -1 0
    outer loop
      vertex -17.4546 21 59.8393
      vertex 17.4546 21 59.8393
      vertex 17.5956 21 60
    endloop
  endfacet
  facet normal 0 -1 0
    outer loop
      vertex -17.2947 21 59.6
      vertex 17.4546 21 59.8393
      vertex -17.4546 21 59.8393
    endloop
  endfacet
  facet normal 0 -1 0
    outer loop
      vertex -17.2947 21 59.6
      vertex 17.2947 21 59.6
      vertex 17.4546 21 59.8393
    endloop
  endfacet
  facet normal 0 -1 0
    outer loop
      vertex -17.1675 21 59.3419
      vertex 17.2947 21 59.6
      vertex -17.2947 21 59.6
    endloop
  endfacet
  facet normal 0 -1 0
    outer loop
      vertex -17.1675 21 59.3419
      vertex 17.1675 21 59.3419
      vertex 17.2947 21 59.6
    endloop
  endfacet
  facet normal 0 -1 0
    outer loop
      vertex -17.075 21 59.0694
      vertex 17.1675 21 59.3419
      vertex -17.1675 21 59.3419
    endloop
  endfacet
  facet normal 0 -1 0
    outer loop
      vertex -17.075 21 59.0694
      vertex 17.075 21 59.0694
      vertex 17.1675 21 59.3419
    endloop
  endfacet
  facet normal 0 -1 0
    outer loop
      vertex -17.0188 21 58.7872
      vertex 17.075 21 59.0694
      vertex -17.075 21 59.0694
    endloop
  endfacet
  facet normal 0 -1 0
    outer loop
      vertex -17.0188 21 58.7872
      vertex 17.0188 21 58.7872
      vertex 17.075 21 59.0694
    endloop
  endfacet
  facet normal 0 -1 0
    outer loop
      vertex -17 21 58.5
      vertex 17.0188 21 58.7872
      vertex -17.0188 21 58.7872
    endloop
  endfacet
  facet normal 0 -1 0
    outer loop
      vertex -17 21 58.5
      vertex 17 21 58.5
      vertex 17.0188 21 58.7872
    endloop
  endfacet
  facet normal 0 -1 0
    outer loop
      vertex -17.0188 21 58.2128
      vertex 17 21 58.5
      vertex -17 21 58.5
    endloop
  endfacet
  facet normal 0 -1 0
    outer loop
      vertex -17.0188 21 58.2128
      vertex 17.0188 21 58.2128
      vertex 17 21 58.5
    endloop
  endfacet
  facet normal 0 -1 0
    outer loop
      vertex -17.075 21 57.9306
      vertex 17.0188 21 58.2128
      vertex -17.0188 21 58.2128
    endloop
  endfacet
  facet normal 0 -1 0
    outer loop
      vertex -17.075 21 57.9306
      vertex 17.075 21 57.9306
      vertex 17.0188 21 58.2128
    endloop
  endfacet
  facet normal 0 -1 0
    outer loop
      vertex -17.1675 21 57.6581
      vertex 17.075 21 57.9306
      vertex -17.075 21 57.9306
    endloop
  endfacet
  facet normal 0 -1 0
    outer loop
      vertex -17.1675 21 57.6581
      vertex 17.1675 21 57.6581
      vertex 17.075 21 57.9306
    endloop
  endfacet
  facet normal 0 -1 0
    outer loop
      vertex -17.2947 21 57.4
      vertex 17.1675 21 57.6581
      vertex -17.1675 21 57.6581
    endloop
  endfacet
  facet normal 0 -1 0
    outer loop
      vertex -17.2947 21 57.4
      vertex 17.2947 21 57.4
      vertex 17.1675 21 57.6581
    endloop
  endfacet
  facet normal 0 -1 0
    outer loop
      vertex -17.4546 21 57.1607
      vertex 17.2947 21 57.4
      vertex -17.2947 21 57.4
    endloop
  endfacet
  facet normal 0 -1 0
    outer loop
      vertex -17.4546 21 57.1607
      vertex 17.4546 21 57.1607
      vertex 17.2947 21 57.4
    endloop
  endfacet
  facet normal 0 -1 0
    outer loop
      vertex -17.6444 21 56.9444
      vertex 17.4546 21 57.1607
      vertex -17.4546 21 57.1607
    endloop
  endfacet
  facet normal 0 -1 0
    outer loop
      vertex -17.6444 21 56.9444
      vertex 17.6444 21 56.9444
      vertex 17.4546 21 57.1607
    endloop
  endfacet
  facet normal 0 -1 0
    outer loop
      vertex -17.8607 21 56.7546
      vertex 17.6444 21 56.9444
      vertex -17.6444 21 56.9444
    endloop
  endfacet
  facet normal 0 -1 0
    outer loop
      vertex -17.8607 21 56.7546
      vertex 17.8607 21 56.7546
      vertex 17.6444 21 56.9444
    endloop
  endfacet
  facet normal 0 -1 0
    outer loop
      vertex -17.8607 21 5.24538
      vertex -17.8607 21 56.7546
      vertex -18.1 21 56.5947
    endloop
  endfacet
  facet normal 0 -1 0
    outer loop
      vertex -17.8607 21 56.7546
      vertex -17.8607 21 5.24538
      vertex 17.8607 21 56.7546
    endloop
  endfacet
  facet normal 0 -1 0
    outer loop
      vertex -18.1 21 5.40526
      vertex -18.1 21 56.5947
      vertex -18.3581 21 56.4675
    endloop
  endfacet
  facet normal 0 -1 0
    outer loop
      vertex 17.8607 21 5.24538
      vertex 17.8607 21 56.7546
      vertex -17.8607 21 5.24538
    endloop
  endfacet
  facet normal 0 -1 0
    outer loop
      vertex -18.3581 21 5.53253
      vertex -18.3581 21 56.4675
      vertex -18.6 21 56.3853
    endloop
  endfacet
  facet normal 0 -1 0
    outer loop
      vertex 17.8607 21 56.7546
      vertex 17.8607 21 5.24538
      vertex 18.1 21 56.5947
    endloop
  endfacet
  facet normal 0 -1 0
    outer loop
      vertex -18.3581 21 5.53253
      vertex -18.6 21 56.3853
      vertex -18.6 21 5.61465
    endloop
  endfacet
  facet normal 0 -1 0
    outer loop
      vertex -18.3581 21 56.4675
      vertex -18.3581 21 5.53253
      vertex -18.1 21 5.40526
    endloop
  endfacet
  facet normal 0 -1 0
    outer loop
      vertex -18.1 21 56.5947
      vertex -18.1 21 5.40526
      vertex -17.8607 21 5.24538
    endloop
  endfacet
  facet normal 0 -1 -0
    outer loop
      vertex 18.6 21 56.3853
      vertex 18.3581 21 5.53253
      vertex 18.6 21 5.61465
    endloop
  endfacet
  facet normal -0 -1 0
    outer loop
      vertex 18.1 21 5.40526
      vertex 18.1 21 56.5947
      vertex 17.8607 21 5.24538
    endloop
  endfacet
  facet normal 0 -1 0
    outer loop
      vertex 18.3581 21 56.4675
      vertex 18.3581 21 5.53253
      vertex 18.6 21 56.3853
    endloop
  endfacet
  facet normal 0 -1 0
    outer loop
      vertex 18.1 21 56.5947
      vertex 18.1 21 5.40526
      vertex 18.3581 21 56.4675
    endloop
  endfacet
  facet normal -0 -1 0
    outer loop
      vertex 18.3581 21 5.53253
      vertex 18.3581 21 56.4675
      vertex 18.1 21 5.40526
    endloop
  endfacet
  facet normal 0 -1 0
    outer loop
      vertex -17.6444 21 5.05563
      vertex 17.8607 21 5.24538
      vertex -17.8607 21 5.24538
    endloop
  endfacet
  facet normal 0 -1 0
    outer loop
      vertex -17.6444 21 5.05563
      vertex 17.6444 21 5.05563
      vertex 17.8607 21 5.24538
    endloop
  endfacet
  facet normal 0 -1 0
    outer loop
      vertex -17.4546 21 4.83927
      vertex 17.6444 21 5.05563
      vertex -17.6444 21 5.05563
    endloop
  endfacet
  facet normal 0 -1 0
    outer loop
      vertex -17.4546 21 4.83927
      vertex 17.4546 21 4.83927
      vertex 17.6444 21 5.05563
    endloop
  endfacet
  facet normal 0 -1 0
    outer loop
      vertex -17.2947 21 4.6
      vertex 17.4546 21 4.83927
      vertex -17.4546 21 4.83927
    endloop
  endfacet
  facet normal 0 -1 0
    outer loop
      vertex -17.2947 21 4.6
      vertex 17.2947 21 4.6
      vertex 17.4546 21 4.83927
    endloop
  endfacet
  facet normal 0 -1 0
    outer loop
      vertex -17.1675 21 4.3419
      vertex 17.2947 21 4.6
      vertex -17.2947 21 4.6
    endloop
  endfacet
  facet normal 0 -1 0
    outer loop
      vertex -17.1675 21 4.3419
      vertex 17.1675 21 4.3419
      vertex 17.2947 21 4.6
    endloop
  endfacet
  facet normal 0 -1 0
    outer loop
      vertex -17.075 21 4.0694
      vertex 17.1675 21 4.3419
      vertex -17.1675 21 4.3419
    endloop
  endfacet
  facet normal 0 -1 0
    outer loop
      vertex -17.075 21 4.0694
      vertex 17.075 21 4.0694
      vertex 17.1675 21 4.3419
    endloop
  endfacet
  facet normal 0 -1 0
    outer loop
      vertex -17.0188 21 3.78716
      vertex 17.075 21 4.0694
      vertex -17.075 21 4.0694
    endloop
  endfacet
  facet normal 0 -1 0
    outer loop
      vertex -17.0188 21 3.78716
      vertex 17.0188 21 3.78716
      vertex 17.075 21 4.0694
    endloop
  endfacet
  facet normal 0 -1 0
    outer loop
      vertex -17 21 3.5
      vertex 17.0188 21 3.78716
      vertex -17.0188 21 3.78716
    endloop
  endfacet
  facet normal 0 -1 0
    outer loop
      vertex -17 21 3.5
      vertex 17 21 3.5
      vertex 17.0188 21 3.78716
    endloop
  endfacet
  facet normal 0 -1 0
    outer loop
      vertex -17.0188 21 3.21284
      vertex 17 21 3.5
      vertex -17 21 3.5
    endloop
  endfacet
  facet normal 0 -1 0
    outer loop
      vertex -17.0188 21 3.21284
      vertex 17.0188 21 3.21284
      vertex 17 21 3.5
    endloop
  endfacet
  facet normal 0 -1 0
    outer loop
      vertex -17.075 21 2.9306
      vertex 17.0188 21 3.21284
      vertex -17.0188 21 3.21284
    endloop
  endfacet
  facet normal 0 -1 0
    outer loop
      vertex -17.075 21 2.9306
      vertex 17.075 21 2.9306
      vertex 17.0188 21 3.21284
    endloop
  endfacet
  facet normal 0 -1 0
    outer loop
      vertex -17.1675 21 2.6581
      vertex 17.075 21 2.9306
      vertex -17.075 21 2.9306
    endloop
  endfacet
  facet normal 0 -1 0
    outer loop
      vertex -17.1675 21 2.6581
      vertex 17.1675 21 2.6581
      vertex 17.075 21 2.9306
    endloop
  endfacet
  facet normal 0 -1 0
    outer loop
      vertex -17.2947 21 2.4
      vertex 17.1675 21 2.6581
      vertex -17.1675 21 2.6581
    endloop
  endfacet
  facet normal 0 -1 0
    outer loop
      vertex -17.2947 21 2.4
      vertex 17.2947 21 2.4
      vertex 17.1675 21 2.6581
    endloop
  endfacet
  facet normal 0 -1 0
    outer loop
      vertex -17.4546 21 2.16072
      vertex 17.2947 21 2.4
      vertex -17.2947 21 2.4
    endloop
  endfacet
  facet normal 0 -1 0
    outer loop
      vertex -17.4546 21 2.16072
      vertex 17.4546 21 2.16072
      vertex 17.2947 21 2.4
    endloop
  endfacet
  facet normal 0 -1 0
    outer loop
      vertex -17.5956 21 2
      vertex 17.4546 21 2.16072
      vertex -17.4546 21 2.16072
    endloop
  endfacet
  facet normal 0 -1 -0
    outer loop
      vertex 17.4546 21 2.16072
      vertex -17.5956 21 2
      vertex 17.5956 21 2
    endloop
  endfacet
  facet normal -0.89715 -0.441726 0
    outer loop
      vertex 20.8173 19.5184 59.9853
      vertex 20.8173 19.5184 60
      vertex 20.8044 19.5446 60
    endloop
  endfacet
  facet normal -0.89715 -0.441726 0
    outer loop
      vertex 20.8173 19.5184 2
      vertex 20.8173 19.5184 2.01469
      vertex 20.8044 19.5446 2
    endloop
  endfacet
  facet normal -0.897048 -0.441932 0
    outer loop
      vertex 20.7556 19.6435 5.05563
      vertex 20.6785 19.8 56.8767
      vertex 20.6785 19.8 5.12331
    endloop
  endfacet
  facet normal -0.897048 -0.441932 0
    outer loop
      vertex 20.7556 19.6435 5.05563
      vertex 20.7556 19.6435 56.9444
      vertex 20.6785 19.8 56.8767
    endloop
  endfacet
  facet normal -0.896851 -0.442332 0
    outer loop
      vertex 20.8173 19.5184 4.98531
      vertex 20.7556 19.6435 56.9444
      vertex 20.7556 19.6435 5.05563
    endloop
  endfacet
  facet normal -0.896851 -0.442332 0
    outer loop
      vertex 20.7556 19.6435 56.9444
      vertex 20.8173 19.5184 4.98531
      vertex 20.8173 19.5184 57.0147
    endloop
  endfacet
  facet normal -1 0 0
    outer loop
      vertex 21 0 59.7575
      vertex 21 18.6 60
      vertex 21 18.6 59.7575
    endloop
  endfacet
  facet normal -1 -0 0
    outer loop
      vertex 21 18.6 60
      vertex 21 0 59.7575
      vertex 21 0 60
    endloop
  endfacet
  facet normal -1 0 0
    outer loop
      vertex 21 0 2
      vertex 21 18.6 2.24247
      vertex 21 18.6 2
    endloop
  endfacet
  facet normal -1 -0 0
    outer loop
      vertex 21 18.6 2.24247
      vertex 21 0 2
      vertex 21 0 2.24247
    endloop
  endfacet
  facet normal -1 0 0
    outer loop
      vertex 21 0 4.75752
      vertex 21 18.6 57.2425
      vertex 21 18.6 4.75752
    endloop
  endfacet
  facet normal -1 -0 0
    outer loop
      vertex 21 18.6 57.2425
      vertex 21 0 4.75752
      vertex 21 0 57.2425
    endloop
  endfacet
  facet normal 0.44206 -0.896985 0
    outer loop
      vertex -19.7694 20.6936 56.375
      vertex -19.5184 20.8173 5.67496
      vertex -19.5184 20.8173 56.325
    endloop
  endfacet
  facet normal 0.442519 -0.896759 0
    outer loop
      vertex -19.7694 20.6936 5.62504
      vertex -19.7694 20.6936 56.375
      vertex -19.8 20.6785 56.3853
    endloop
  endfacet
  facet normal 0.44206 -0.896985 0
    outer loop
      vertex -19.7694 20.6936 56.375
      vertex -19.7694 20.6936 5.62504
      vertex -19.5184 20.8173 5.67496
    endloop
  endfacet
  facet normal 0.442519 -0.896759 0
    outer loop
      vertex -19.7694 20.6936 5.62504
      vertex -19.8 20.6785 56.3853
      vertex -19.8 20.6785 5.61465
    endloop
  endfacet
  facet normal 0.89715 -0.441726 0
    outer loop
      vertex -20.8044 19.5446 60
      vertex -20.8173 19.5184 60
      vertex -20.8173 19.5184 59.9853
    endloop
  endfacet
  facet normal 0.89715 -0.441726 0
    outer loop
      vertex -20.8044 19.5446 2
      vertex -20.8173 19.5184 2.01469
      vertex -20.8173 19.5184 2
    endloop
  endfacet
  facet normal 0.897048 -0.441932 0
    outer loop
      vertex -20.7556 19.6435 56.9444
      vertex -20.6785 19.8 5.12331
      vertex -20.6785 19.8 56.8767
    endloop
  endfacet
  facet normal 0.897048 -0.441932 0
    outer loop
      vertex -20.7556 19.6435 56.9444
      vertex -20.7556 19.6435 5.05563
      vertex -20.6785 19.8 5.12331
    endloop
  endfacet
  facet normal 0.896851 -0.442332 0
    outer loop
      vertex -20.8173 19.5184 57.0147
      vertex -20.7556 19.6435 5.05563
      vertex -20.7556 19.6435 56.9444
    endloop
  endfacet
  facet normal 0.896851 -0.442332 0
    outer loop
      vertex -20.7556 19.6435 5.05563
      vertex -20.8173 19.5184 57.0147
      vertex -20.8173 19.5184 4.98531
    endloop
  endfacet
  facet normal 0.946916 -0.32148 0
    outer loop
      vertex -20.9182 19.2212 60
      vertex -20.8173 19.5184 59.9853
      vertex -20.8173 19.5184 60
    endloop
  endfacet
  facet normal 0.946916 -0.32148 0
    outer loop
      vertex -20.8173 19.5184 59.9853
      vertex -20.9182 19.2212 60
      vertex -20.9182 19.2212 59.8702
    endloop
  endfacet
  facet normal 0.946916 -0.32148 0
    outer loop
      vertex -20.9182 19.2212 2
      vertex -20.8173 19.5184 2.01469
      vertex -20.9182 19.2212 2.12976
    endloop
  endfacet
  facet normal 0.946916 -0.32148 0
    outer loop
      vertex -20.8173 19.5184 2.01469
      vertex -20.9182 19.2212 2
      vertex -20.8173 19.5184 2
    endloop
  endfacet
  facet normal 0.946916 -0.32148 0
    outer loop
      vertex -20.9182 19.2212 57.1298
      vertex -20.8173 19.5184 4.98531
      vertex -20.8173 19.5184 57.0147
    endloop
  endfacet
  facet normal 0.946916 -0.32148 0
    outer loop
      vertex -20.8173 19.5184 4.98531
      vertex -20.9182 19.2212 57.1298
      vertex -20.9182 19.2212 4.87024
    endloop
  endfacet
  facet normal 0 -1 0
    outer loop
      vertex 18.9128 20.9795 56.3188
      vertex 18.9133 20.9795 5.68121
      vertex 18.9133 20.9795 56.3188
    endloop
  endfacet
  facet normal -0.0654159 -0.997858 0
    outer loop
      vertex 18.9128 20.9795 5.68118
      vertex 18.9128 20.9795 56.3188
      vertex 18.6306 20.998 56.375
    endloop
  endfacet
  facet normal -0.0652203 -0.997871 0
    outer loop
      vertex 18.6306 20.998 5.62504
      vertex 18.6306 20.998 56.375
      vertex 18.6 21 56.3853
    endloop
  endfacet
  facet normal 0 -1 0
    outer loop
      vertex 18.9128 20.9795 56.3188
      vertex 18.9128 20.9795 5.68118
      vertex 18.9133 20.9795 5.68121
    endloop
  endfacet
  facet normal -0.0654159 -0.997858 -0
    outer loop
      vertex 18.6306 20.998 56.375
      vertex 18.6306 20.998 5.62504
      vertex 18.9128 20.9795 5.68118
    endloop
  endfacet
  facet normal -0.0652203 -0.997871 0
    outer loop
      vertex 18.6306 20.998 5.62504
      vertex 18.6 21 56.3853
      vertex 18.6 21 5.61465
    endloop
  endfacet
  facet normal -0.195327 -0.980738 0
    outer loop
      vertex 18.9133 20.9795 56.3188
      vertex 19.2 20.9224 5.7
      vertex 19.2 20.9224 56.3
    endloop
  endfacet
  facet normal -0.195327 -0.980738 0
    outer loop
      vertex 19.2 20.9224 5.7
      vertex 18.9133 20.9795 56.3188
      vertex 18.9133 20.9795 5.68121
    endloop
  endfacet
  facet normal -0.194336 -0.980935 0
    outer loop
      vertex 19.2 20.9224 5.7
      vertex 19.2212 20.9182 56.3014
      vertex 19.2 20.9224 56.3
    endloop
  endfacet
  facet normal -0.194336 -0.980935 -0
    outer loop
      vertex 19.2212 20.9182 56.3014
      vertex 19.2 20.9224 5.7
      vertex 19.2212 20.9182 5.69861
    endloop
  endfacet
  facet normal -0.946916 -0.32148 -0
    outer loop
      vertex 20.9182 19.2212 60
      vertex 20.8173 19.5184 59.9853
      vertex 20.9182 19.2212 59.8702
    endloop
  endfacet
  facet normal -0.946916 -0.32148 0
    outer loop
      vertex 20.8173 19.5184 59.9853
      vertex 20.9182 19.2212 60
      vertex 20.8173 19.5184 60
    endloop
  endfacet
  facet normal -0.946916 -0.32148 0
    outer loop
      vertex 20.9182 19.2212 2
      vertex 20.8173 19.5184 2.01469
      vertex 20.8173 19.5184 2
    endloop
  endfacet
  facet normal -0.946916 -0.32148 0
    outer loop
      vertex 20.8173 19.5184 2.01469
      vertex 20.9182 19.2212 2
      vertex 20.9182 19.2212 2.12976
    endloop
  endfacet
  facet normal -0.946916 -0.32148 0
    outer loop
      vertex 20.9182 19.2212 4.87024
      vertex 20.8173 19.5184 57.0147
      vertex 20.8173 19.5184 4.98531
    endloop
  endfacet
  facet normal -0.946916 -0.32148 0
    outer loop
      vertex 20.8173 19.5184 57.0147
      vertex 20.9182 19.2212 4.87024
      vertex 20.9182 19.2212 57.1298
    endloop
  endfacet
  facet normal 0.555731 -0.831362 0
    outer loop
      vertex -20.0419 20.5168 56.4675
      vertex -19.8 20.6785 5.61465
      vertex -19.8 20.6785 56.3853
    endloop
  endfacet
  facet normal 0.556706 -0.83071 0
    outer loop
      vertex -20.0419 20.5168 5.53253
      vertex -20.0419 20.5168 56.4675
      vertex -20.061 20.504 56.4769
    endloop
  endfacet
  facet normal 0.555731 -0.831362 0
    outer loop
      vertex -20.0419 20.5168 56.4675
      vertex -20.0419 20.5168 5.53253
      vertex -19.8 20.6785 5.61465
    endloop
  endfacet
  facet normal 0.556706 -0.83071 0
    outer loop
      vertex -20.0419 20.5168 5.53253
      vertex -20.061 20.504 56.4769
      vertex -20.061 20.504 5.5231
    endloop
  endfacet
  facet normal 0.659068 -0.752083 0
    outer loop
      vertex -20.2971 20.2971 56.5933
      vertex -20.061 20.504 5.5231
      vertex -20.061 20.504 56.4769
    endloop
  endfacet
  facet normal 0.659068 -0.752083 0
    outer loop
      vertex -20.061 20.504 5.5231
      vertex -20.2971 20.2971 56.5933
      vertex -20.2971 20.2971 5.40671
    endloop
  endfacet
  facet normal 0.830836 -0.556518 0
    outer loop
      vertex -20.5393 20.0083 56.7546
      vertex -20.504 20.061 5.26891
      vertex -20.504 20.061 56.7311
    endloop
  endfacet
  facet normal 0.830836 -0.556518 0
    outer loop
      vertex -20.5393 20.0083 56.7546
      vertex -20.5393 20.0083 5.24538
      vertex -20.504 20.061 5.26891
    endloop
  endfacet
  facet normal 0.831436 -0.555621 0
    outer loop
      vertex -20.6785 19.8 56.8767
      vertex -20.5393 20.0083 5.24538
      vertex -20.5393 20.0083 56.7546
    endloop
  endfacet
  facet normal 0.831436 -0.555621 0
    outer loop
      vertex -20.5393 20.0083 5.24538
      vertex -20.6785 19.8 56.8767
      vertex -20.6785 19.8 5.12331
    endloop
  endfacet
  facet normal 0.980746 -0.195288 0
    outer loop
      vertex -20.9454 19.0846 2.16072
      vertex -20.9182 19.2212 2
      vertex -20.9182 19.2212 2.12976
    endloop
  endfacet
  facet normal 0.980756 -0.195235 0
    outer loop
      vertex -20.9795 18.9133 2
      vertex -20.9454 19.0846 2.16072
      vertex -20.9795 18.9133 2.21175
    endloop
  endfacet
  facet normal 0.980752 -0.195258 2.57646e-05
    outer loop
      vertex -20.9454 19.0846 2.16072
      vertex -20.9795 18.9133 2
      vertex -20.9182 19.2212 2
    endloop
  endfacet
  facet normal 0.980746 -0.195288 0
    outer loop
      vertex -20.9182 19.2212 60
      vertex -20.9454 19.0846 59.8393
      vertex -20.9182 19.2212 59.8702
    endloop
  endfacet
  facet normal 0.980752 -0.195258 -2.57678e-05
    outer loop
      vertex -20.9795 18.9133 60
      vertex -20.9454 19.0846 59.8393
      vertex -20.9182 19.2212 60
    endloop
  endfacet
  facet normal 0.980756 -0.195235 0
    outer loop
      vertex -20.9454 19.0846 59.8393
      vertex -20.9795 18.9133 60
      vertex -20.9795 18.9133 59.7883
    endloop
  endfacet
  facet normal 0.980746 -0.195288 0
    outer loop
      vertex -20.9454 19.0846 57.1607
      vertex -20.9182 19.2212 4.87024
      vertex -20.9182 19.2212 57.1298
    endloop
  endfacet
  facet normal 0.980746 -0.195288 0
    outer loop
      vertex -20.9454 19.0846 57.1607
      vertex -20.9454 19.0846 4.83927
      vertex -20.9182 19.2212 4.87024
    endloop
  endfacet
  facet normal 0.980756 -0.195235 0
    outer loop
      vertex -20.9795 18.9133 57.2117
      vertex -20.9454 19.0846 4.83927
      vertex -20.9454 19.0846 57.1607
    endloop
  endfacet
  facet normal 0.980756 -0.195235 0
    outer loop
      vertex -20.9454 19.0846 4.83927
      vertex -20.9795 18.9133 57.2117
      vertex -20.9795 18.9133 4.78825
    endloop
  endfacet
  facet normal -0.555731 -0.831362 0
    outer loop
      vertex 19.8 20.6785 5.61465
      vertex 20.0419 20.5168 56.4675
      vertex 19.8 20.6785 56.3853
    endloop
  endfacet
  facet normal -0.555731 -0.831362 0
    outer loop
      vertex 20.0419 20.5168 5.53253
      vertex 20.0419 20.5168 56.4675
      vertex 19.8 20.6785 5.61465
    endloop
  endfacet
  facet normal -0.556706 -0.83071 -0
    outer loop
      vertex 20.0419 20.5168 56.4675
      vertex 20.0419 20.5168 5.53253
      vertex 20.061 20.504 56.4769
    endloop
  endfacet
  facet normal -0.556706 -0.83071 -0
    outer loop
      vertex 20.061 20.504 56.4769
      vertex 20.0419 20.5168 5.53253
      vertex 20.061 20.504 5.5231
    endloop
  endfacet
  facet normal -0.659068 -0.752083 0
    outer loop
      vertex 20.061 20.504 5.5231
      vertex 20.2971 20.2971 56.5933
      vertex 20.061 20.504 56.4769
    endloop
  endfacet
  facet normal -0.659068 -0.752083 -0
    outer loop
      vertex 20.2971 20.2971 56.5933
      vertex 20.061 20.504 5.5231
      vertex 20.2971 20.2971 5.40671
    endloop
  endfacet
  facet normal -0.830836 -0.556518 0
    outer loop
      vertex 20.5393 20.0083 5.24538
      vertex 20.504 20.061 56.7311
      vertex 20.504 20.061 5.26891
    endloop
  endfacet
  facet normal -0.830836 -0.556518 0
    outer loop
      vertex 20.5393 20.0083 5.24538
      vertex 20.5393 20.0083 56.7546
      vertex 20.504 20.061 56.7311
    endloop
  endfacet
  facet normal -0.831436 -0.555621 0
    outer loop
      vertex 20.6785 19.8 5.12331
      vertex 20.5393 20.0083 56.7546
      vertex 20.5393 20.0083 5.24538
    endloop
  endfacet
  facet normal -0.831436 -0.555621 0
    outer loop
      vertex 20.5393 20.0083 56.7546
      vertex 20.6785 19.8 5.12331
      vertex 20.6785 19.8 56.8767
    endloop
  endfacet
  facet normal -0.760834 -0.648947 0
    outer loop
      vertex 20.3 20.2937 5.40526
      vertex 20.2971 20.2971 56.5933
      vertex 20.2971 20.2971 5.40671
    endloop
  endfacet
  facet normal -0.760834 -0.648947 0
    outer loop
      vertex 20.3 20.2937 5.40526
      vertex 20.3 20.2937 56.5947
      vertex 20.2971 20.2971 56.5933
    endloop
  endfacet
  facet normal -0.751956 -0.659214 0
    outer loop
      vertex 20.504 20.061 5.26891
      vertex 20.3 20.2937 56.5947
      vertex 20.3 20.2937 5.40526
    endloop
  endfacet
  facet normal -0.751956 -0.659214 0
    outer loop
      vertex 20.3 20.2937 56.5947
      vertex 20.504 20.061 5.26891
      vertex 20.504 20.061 56.7311
    endloop
  endfacet
  facet normal -0.980746 -0.195288 0
    outer loop
      vertex 20.9454 19.0846 59.8393
      vertex 20.9182 19.2212 60
      vertex 20.9182 19.2212 59.8702
    endloop
  endfacet
  facet normal -0.980756 -0.195235 -0
    outer loop
      vertex 20.9795 18.9133 60
      vertex 20.9454 19.0846 59.8393
      vertex 20.9795 18.9133 59.7883
    endloop
  endfacet
  facet normal -0.980752 -0.195258 -2.57678e-05
    outer loop
      vertex 20.9454 19.0846 59.8393
      vertex 20.9795 18.9133 60
      vertex 20.9182 19.2212 60
    endloop
  endfacet
  facet normal -0.980746 -0.195288 0
    outer loop
      vertex 20.9182 19.2212 2
      vertex 20.9454 19.0846 2.16072
      vertex 20.9182 19.2212 2.12976
    endloop
  endfacet
  facet normal -0.980752 -0.195258 2.57646e-05
    outer loop
      vertex 20.9795 18.9133 2
      vertex 20.9454 19.0846 2.16072
      vertex 20.9182 19.2212 2
    endloop
  endfacet
  facet normal -0.980756 -0.195235 0
    outer loop
      vertex 20.9454 19.0846 2.16072
      vertex 20.9795 18.9133 2
      vertex 20.9795 18.9133 2.21175
    endloop
  endfacet
  facet normal -0.980746 -0.195288 0
    outer loop
      vertex 20.9454 19.0846 4.83927
      vertex 20.9182 19.2212 57.1298
      vertex 20.9182 19.2212 4.87024
    endloop
  endfacet
  facet normal -0.980746 -0.195288 0
    outer loop
      vertex 20.9454 19.0846 4.83927
      vertex 20.9454 19.0846 57.1607
      vertex 20.9182 19.2212 57.1298
    endloop
  endfacet
  facet normal -0.980756 -0.195235 0
    outer loop
      vertex 20.9795 18.9133 4.78825
      vertex 20.9454 19.0846 57.1607
      vertex 20.9454 19.0846 4.83927
    endloop
  endfacet
  facet normal -0.980756 -0.195235 0
    outer loop
      vertex 20.9454 19.0846 57.1607
      vertex 20.9795 18.9133 4.78825
      vertex 20.9795 18.9133 57.2117
    endloop
  endfacet
  facet normal 0.321456 -0.946925 0
    outer loop
      vertex -19.4872 20.8279 56.3188
      vertex -19.2212 20.9182 5.69861
      vertex -19.2212 20.9182 56.3014
    endloop
  endfacet
  facet normal 0.321685 -0.946847 0
    outer loop
      vertex -19.4872 20.8279 5.68118
      vertex -19.4872 20.8279 56.3188
      vertex -19.5184 20.8173 56.325
    endloop
  endfacet
  facet normal 0.321456 -0.946925 0
    outer loop
      vertex -19.4872 20.8279 56.3188
      vertex -19.4872 20.8279 5.68118
      vertex -19.2212 20.9182 5.69861
    endloop
  endfacet
  facet normal 0.321685 -0.946847 0
    outer loop
      vertex -19.4872 20.8279 5.68118
      vertex -19.5184 20.8173 56.325
      vertex -19.5184 20.8173 5.67496
    endloop
  endfacet
  facet normal 0.194336 -0.980935 0
    outer loop
      vertex -19.2212 20.9182 56.3014
      vertex -19.2 20.9224 5.7
      vertex -19.2 20.9224 56.3
    endloop
  endfacet
  facet normal 0.194336 -0.980935 0
    outer loop
      vertex -19.2 20.9224 5.7
      vertex -19.2212 20.9182 56.3014
      vertex -19.2212 20.9182 5.69861
    endloop
  endfacet
  facet normal 0.195327 -0.980738 0
    outer loop
      vertex -19.2 20.9224 5.7
      vertex -18.9133 20.9795 56.3188
      vertex -19.2 20.9224 56.3
    endloop
  endfacet
  facet normal 0.195327 -0.980738 0
    outer loop
      vertex -18.9133 20.9795 56.3188
      vertex -19.2 20.9224 5.7
      vertex -18.9133 20.9795 5.68121
    endloop
  endfacet
  facet normal -0.997866 -0.0652929 -0
    outer loop
      vertex 21 18.6 60
      vertex 20.9795 18.9133 59.7883
      vertex 21 18.6 59.7575
    endloop
  endfacet
  facet normal -0.997866 -0.0652929 0
    outer loop
      vertex 20.9795 18.9133 59.7883
      vertex 21 18.6 60
      vertex 20.9795 18.9133 60
    endloop
  endfacet
  facet normal -0.997866 -0.0652929 0
    outer loop
      vertex 21 18.6 2
      vertex 20.9795 18.9133 2.21175
      vertex 20.9795 18.9133 2
    endloop
  endfacet
  facet normal -0.997866 -0.0652929 0
    outer loop
      vertex 20.9795 18.9133 2.21175
      vertex 21 18.6 2
      vertex 21 18.6 2.24247
    endloop
  endfacet
  facet normal -0.997866 -0.0652929 0
    outer loop
      vertex 21 18.6 4.75752
      vertex 20.9795 18.9133 57.2117
      vertex 20.9795 18.9133 4.78825
    endloop
  endfacet
  facet normal -0.997866 -0.0652929 0
    outer loop
      vertex 20.9795 18.9133 57.2117
      vertex 21 18.6 4.75752
      vertex 21 18.6 57.2425
    endloop
  endfacet
  facet normal 0.831462 0.555582 0
    outer loop
      vertex 16.9053 16.1 12
      vertex 16.7454 16.3393 2
      vertex 16.7454 16.3393 12
    endloop
  endfacet
  facet normal 0.831462 0.555582 0
    outer loop
      vertex 16.7454 16.3393 2
      vertex 16.9053 16.1 12
      vertex 16.9053 16.1 2
    endloop
  endfacet
  facet normal 0.321435 0.946931 -0
    outer loop
      vertex 15.8419 17.0325 2
      vertex 15.5694 17.125 12
      vertex 15.8419 17.0325 12
    endloop
  endfacet
  facet normal 0.321435 0.946931 0
    outer loop
      vertex 15.5694 17.125 12
      vertex 15.8419 17.0325 2
      vertex 15.5694 17.125 2
    endloop
  endfacet
  facet normal -0.442063 0.896984 0
    outer loop
      vertex 14.1581 17.0325 2
      vertex 13.9 16.9053 12
      vertex 14.1581 17.0325 12
    endloop
  endfacet
  facet normal -0.442063 0.896984 0
    outer loop
      vertex 13.9 16.9053 12
      vertex 14.1581 17.0325 2
      vertex 13.9 16.9053 2
    endloop
  endfacet
  facet normal -0.946931 0.321435 0
    outer loop
      vertex 12.875 15.5694 2
      vertex 12.9675 15.8419 12
      vertex 12.9675 15.8419 2
    endloop
  endfacet
  facet normal -0.946931 0.321435 0
    outer loop
      vertex 12.9675 15.8419 12
      vertex 12.875 15.5694 2
      vertex 12.875 15.5694 12
    endloop
  endfacet
  facet normal 0.997864 -0.0653198 0
    outer loop
      vertex 17.1812 14.7128 12
      vertex 17.2 15 4.40788
      vertex 17.2 15 12
    endloop
  endfacet
  facet normal 0.997864 -0.0653198 0
    outer loop
      vertex 17.2 15 4.40788
      vertex 17.1812 14.7128 12
      vertex 17.1812 14.7128 4.36971
    endloop
  endfacet
  facet normal 0.997864 -0.0653198 0
    outer loop
      vertex 17.1812 14.7128 2
      vertex 17.2 15 2.59212
      vertex 17.1812 14.7128 2.63029
    endloop
  endfacet
  facet normal 0.997864 -0.0653198 0
    outer loop
      vertex 17.2 15 2.59212
      vertex 17.1812 14.7128 2
      vertex 17.2 15 2
    endloop
  endfacet
  facet normal 0.442063 -0.896984 0
    outer loop
      vertex 15.8419 12.9675 2
      vertex 16.1 13.0947 12
      vertex 15.8419 12.9675 12
    endloop
  endfacet
  facet normal 0.442063 -0.896984 0
    outer loop
      vertex 16.1 13.0947 12
      vertex 15.8419 12.9675 2
      vertex 16.1 13.0947 2
    endloop
  endfacet
  facet normal 0.659562 0.75165 -0
    outer loop
      vertex 16.5556 16.5556 2
      vertex 16.3393 16.7454 12
      vertex 16.5556 16.5556 12
    endloop
  endfacet
  facet normal 0.659562 0.75165 0
    outer loop
      vertex 16.3393 16.7454 12
      vertex 16.5556 16.5556 2
      vertex 16.3393 16.7454 2
    endloop
  endfacet
  facet normal -0.0653198 0.997864 0
    outer loop
      vertex 15 17.2 2
      vertex 14.7128 17.1812 12
      vertex 15 17.2 12
    endloop
  endfacet
  facet normal -0.0653198 0.997864 0
    outer loop
      vertex 14.7128 17.1812 12
      vertex 15 17.2 2
      vertex 14.7128 17.1812 2
    endloop
  endfacet
  facet normal 0.555582 0.831462 -0
    outer loop
      vertex 16.3393 16.7454 2
      vertex 16.1 16.9053 12
      vertex 16.3393 16.7454 12
    endloop
  endfacet
  facet normal 0.555582 0.831462 0
    outer loop
      vertex 16.1 16.9053 12
      vertex 16.3393 16.7454 2
      vertex 16.1 16.9053 2
    endloop
  endfacet
  facet normal -0.997864 0.0653198 0
    outer loop
      vertex 12.8 15 2
      vertex 12.8188 15.2872 12
      vertex 12.8188 15.2872 2
    endloop
  endfacet
  facet normal -0.997864 0.0653198 0
    outer loop
      vertex 12.8188 15.2872 12
      vertex 12.8 15 2
      vertex 12.8 15 12
    endloop
  endfacet
  facet normal -0.831462 0.555582 0
    outer loop
      vertex 13.0947 16.1 2
      vertex 13.2546 16.3393 12
      vertex 13.2546 16.3393 2
    endloop
  endfacet
  facet normal -0.831462 0.555582 0
    outer loop
      vertex 13.2546 16.3393 12
      vertex 13.0947 16.1 2
      vertex 13.0947 16.1 12
    endloop
  endfacet
  facet normal -0.195314 0.980741 0
    outer loop
      vertex 14.7128 17.1812 2
      vertex 14.4306 17.125 12
      vertex 14.7128 17.1812 12
    endloop
  endfacet
  facet normal -0.195314 0.980741 0
    outer loop
      vertex 14.4306 17.125 12
      vertex 14.7128 17.1812 2
      vertex 14.4306 17.125 2
    endloop
  endfacet
  facet normal -0.75165 0.659562 0
    outer loop
      vertex 13.2546 16.3393 2
      vertex 13.4444 16.5556 12
      vertex 13.4444 16.5556 2
    endloop
  endfacet
  facet normal -0.75165 0.659562 0
    outer loop
      vertex 13.4444 16.5556 12
      vertex 13.2546 16.3393 2
      vertex 13.2546 16.3393 12
    endloop
  endfacet
  facet normal 0.997864 0.0653198 -0
    outer loop
      vertex 17.2 15 4.40788
      vertex 17.1812 15.2872 12
      vertex 17.2 15 12
    endloop
  endfacet
  facet normal 0.997864 0.0653198 0
    outer loop
      vertex 17.1812 15.2872 12
      vertex 17.2 15 4.40788
      vertex 17.1812 15.2872 4.36971
    endloop
  endfacet
  facet normal 0.997864 0.0653198 0
    outer loop
      vertex 17.2 15 2.59212
      vertex 17.1812 15.2872 2
      vertex 17.1812 15.2872 2.63029
    endloop
  endfacet
  facet normal 0.997864 0.0653198 0
    outer loop
      vertex 17.1812 15.2872 2
      vertex 17.2 15 2.59212
      vertex 17.2 15 2
    endloop
  endfacet
  facet normal 0.321435 -0.946931 0
    outer loop
      vertex 15.5694 12.875 2
      vertex 15.8419 12.9675 12
      vertex 15.5694 12.875 12
    endloop
  endfacet
  facet normal 0.321435 -0.946931 0
    outer loop
      vertex 15.8419 12.9675 12
      vertex 15.5694 12.875 2
      vertex 15.8419 12.9675 2
    endloop
  endfacet
  facet normal 0.75165 0.659562 0
    outer loop
      vertex 16.7454 16.3393 12
      vertex 16.5556 16.5556 2
      vertex 16.5556 16.5556 12
    endloop
  endfacet
  facet normal 0.75165 0.659562 0
    outer loop
      vertex 16.5556 16.5556 2
      vertex 16.7454 16.3393 12
      vertex 16.7454 16.3393 2
    endloop
  endfacet
  facet normal 0.195314 0.980741 -0
    outer loop
      vertex 15.5694 17.125 2
      vertex 15.2872 17.1812 12
      vertex 15.5694 17.125 12
    endloop
  endfacet
  facet normal 0.195314 0.980741 0
    outer loop
      vertex 15.2872 17.1812 12
      vertex 15.5694 17.125 2
      vertex 15.2872 17.1812 2
    endloop
  endfacet
  facet normal 0.0653198 0.997864 -0
    outer loop
      vertex 15.2872 17.1812 2
      vertex 15 17.2 12
      vertex 15.2872 17.1812 12
    endloop
  endfacet
  facet normal 0.0653198 0.997864 0
    outer loop
      vertex 15 17.2 12
      vertex 15.2872 17.1812 2
      vertex 15 17.2 2
    endloop
  endfacet
  facet normal 0.442063 0.896984 -0
    outer loop
      vertex 16.1 16.9053 2
      vertex 15.8419 17.0325 12
      vertex 16.1 16.9053 12
    endloop
  endfacet
  facet normal 0.442063 0.896984 0
    outer loop
      vertex 15.8419 17.0325 12
      vertex 16.1 16.9053 2
      vertex 15.8419 17.0325 2
    endloop
  endfacet
  facet normal -0.997864 -0.0653198 0
    outer loop
      vertex 12.8188 14.7128 2
      vertex 12.8 15 12
      vertex 12.8 15 2
    endloop
  endfacet
  facet normal -0.997864 -0.0653198 0
    outer loop
      vertex 12.8 15 12
      vertex 12.8188 14.7128 2
      vertex 12.8188 14.7128 12
    endloop
  endfacet
  facet normal -0.980741 0.195314 0
    outer loop
      vertex 12.8188 15.2872 2
      vertex 12.875 15.5694 12
      vertex 12.875 15.5694 2
    endloop
  endfacet
  facet normal -0.980741 0.195314 0
    outer loop
      vertex 12.875 15.5694 12
      vertex 12.8188 15.2872 2
      vertex 12.8188 15.2872 12
    endloop
  endfacet
  facet normal -0.896984 0.442063 0
    outer loop
      vertex 12.9675 15.8419 2
      vertex 13.0947 16.1 12
      vertex 13.0947 16.1 2
    endloop
  endfacet
  facet normal -0.896984 0.442063 0
    outer loop
      vertex 13.0947 16.1 12
      vertex 12.9675 15.8419 2
      vertex 12.9675 15.8419 12
    endloop
  endfacet
  facet normal -0.321435 0.946931 0
    outer loop
      vertex 14.4306 17.125 2
      vertex 14.1581 17.0325 12
      vertex 14.4306 17.125 12
    endloop
  endfacet
  facet normal -0.321435 0.946931 0
    outer loop
      vertex 14.1581 17.0325 12
      vertex 14.4306 17.125 2
      vertex 14.1581 17.0325 2
    endloop
  endfacet
  facet normal -0.555582 0.831462 0
    outer loop
      vertex 13.9 16.9053 2
      vertex 13.6607 16.7454 12
      vertex 13.9 16.9053 12
    endloop
  endfacet
  facet normal -0.555582 0.831462 0
    outer loop
      vertex 13.6607 16.7454 12
      vertex 13.9 16.9053 2
      vertex 13.6607 16.7454 2
    endloop
  endfacet
  facet normal -0.659562 0.75165 0
    outer loop
      vertex 13.6607 16.7454 2
      vertex 13.4444 16.5556 12
      vertex 13.6607 16.7454 12
    endloop
  endfacet
  facet normal -0.659562 0.75165 0
    outer loop
      vertex 13.4444 16.5556 12
      vertex 13.6607 16.7454 2
      vertex 13.4444 16.5556 2
    endloop
  endfacet
  facet normal 0.980741 -0.195314 0
    outer loop
      vertex 17.125 14.4306 12
      vertex 17.1812 14.7128 4.36971
      vertex 17.1812 14.7128 12
    endloop
  endfacet
  facet normal 0.980798 -0.195025 1.11025e-05
    outer loop
      vertex 17.1812 14.7128 4.36971
      vertex 17.125 14.4306 12
      vertex 17.1675 14.6439 4.3419
    endloop
  endfacet
  facet normal 0.980722 -0.195409 0
    outer loop
      vertex 17.1675 14.6439 4.3419
      vertex 17.125 14.4306 12
      vertex 17.125 14.4306 4.21691
    endloop
  endfacet
  facet normal 0.98079 -0.195066 -0.000115533
    outer loop
      vertex 17.125 14.4306 2
      vertex 17.1812 14.7128 2.63029
      vertex 17.1675 14.6439 2.6581
    endloop
  endfacet
  facet normal 0.980722 -0.195409 0
    outer loop
      vertex 17.125 14.4306 2
      vertex 17.1675 14.6439 2.6581
      vertex 17.125 14.4306 2.78309
    endloop
  endfacet
  facet normal 0.980741 -0.195314 0
    outer loop
      vertex 17.1812 14.7128 2.63029
      vertex 17.125 14.4306 2
      vertex 17.1812 14.7128 2
    endloop
  endfacet
  facet normal 0.831462 -0.555582 0
    outer loop
      vertex 16.7454 13.6607 12
      vertex 16.9053 13.9 2
      vertex 16.9053 13.9 12
    endloop
  endfacet
  facet normal 0.831462 -0.555582 0
    outer loop
      vertex 16.9053 13.9 2
      vertex 16.7454 13.6607 12
      vertex 16.7454 13.6607 2
    endloop
  endfacet
  facet normal -0.980741 -0.195314 0
    outer loop
      vertex 12.875 14.4306 2
      vertex 12.8188 14.7128 12
      vertex 12.8188 14.7128 2
    endloop
  endfacet
  facet normal -0.980741 -0.195314 0
    outer loop
      vertex 12.8188 14.7128 12
      vertex 12.875 14.4306 2
      vertex 12.875 14.4306 12
    endloop
  endfacet
  facet normal 0.195314 -0.980741 0
    outer loop
      vertex 15.2872 12.8188 2
      vertex 15.5694 12.875 12
      vertex 15.2872 12.8188 12
    endloop
  endfacet
  facet normal 0.195314 -0.980741 0
    outer loop
      vertex 15.5694 12.875 12
      vertex 15.2872 12.8188 2
      vertex 15.5694 12.875 2
    endloop
  endfacet
  facet normal 0.896934 0.442164 0
    outer loop
      vertex 16.9053 16.1 12
      vertex 17 15.9079 3.5
      vertex 16.9053 16.1 2
    endloop
  endfacet
  facet normal 0.897185 0.441654 1.43129e-05
    outer loop
      vertex 16.9053 16.1 12
      vertex 17.0188 15.8697 3.78716
      vertex 17 15.9079 3.5
    endloop
  endfacet
  facet normal 0.896984 0.442063 -0
    outer loop
      vertex 17.0325 15.8419 3.8561
      vertex 16.9053 16.1 12
      vertex 17.0325 15.8419 12
    endloop
  endfacet
  facet normal 0.896993 0.442045 6.97924e-07
    outer loop
      vertex 16.9053 16.1 12
      vertex 17.0325 15.8419 3.8561
      vertex 17.0188 15.8697 3.78716
    endloop
  endfacet
  facet normal 0.897084 0.44186 -4.83386e-05
    outer loop
      vertex 17.0188 15.8697 3.21284
      vertex 16.9053 16.1 2
      vertex 17 15.9079 3.5
    endloop
  endfacet
  facet normal 0.89699 0.44205 -3.43648e-06
    outer loop
      vertex 17.0325 15.8419 3.1439
      vertex 16.9053 16.1 2
      vertex 17.0188 15.8697 3.21284
    endloop
  endfacet
  facet normal 0.896984 0.442063 0
    outer loop
      vertex 16.9053 16.1 2
      vertex 17.0325 15.8419 3.1439
      vertex 17.0325 15.8419 2
    endloop
  endfacet
  facet normal 0.946773 0.321903 0
    outer loop
      vertex 17.0325 15.8419 12
      vertex 17.075 15.7169 4.0694
      vertex 17.0325 15.8419 3.8561
    endloop
  endfacet
  facet normal 0.946931 0.321435 -0
    outer loop
      vertex 17.125 15.5694 4.21691
      vertex 17.0325 15.8419 12
      vertex 17.125 15.5694 12
    endloop
  endfacet
  facet normal 0.947061 0.321053 1.49448e-05
    outer loop
      vertex 17.0325 15.8419 12
      vertex 17.125 15.5694 4.21691
      vertex 17.075 15.7169 4.0694
    endloop
  endfacet
  facet normal 0.946773 0.321903 0
    outer loop
      vertex 17.075 15.7169 2.9306
      vertex 17.0325 15.8419 2
      vertex 17.0325 15.8419 3.1439
    endloop
  endfacet
  facet normal 0.947031 0.321142 -0.000114044
    outer loop
      vertex 17.125 15.5694 2.78309
      vertex 17.0325 15.8419 2
      vertex 17.075 15.7169 2.9306
    endloop
  endfacet
  facet normal 0.946931 0.321435 0
    outer loop
      vertex 17.0325 15.8419 2
      vertex 17.125 15.5694 2.78309
      vertex 17.125 15.5694 2
    endloop
  endfacet
  facet normal 0.980722 0.195409 0
    outer loop
      vertex 17.125 15.5694 12
      vertex 17.1675 15.3561 4.3419
      vertex 17.125 15.5694 4.21691
    endloop
  endfacet
  facet normal 0.980741 0.195314 -0
    outer loop
      vertex 17.1812 15.2872 4.36971
      vertex 17.125 15.5694 12
      vertex 17.1812 15.2872 12
    endloop
  endfacet
  facet normal 0.980798 0.195025 1.11025e-05
    outer loop
      vertex 17.125 15.5694 12
      vertex 17.1812 15.2872 4.36971
      vertex 17.1675 15.3561 4.3419
    endloop
  endfacet
  facet normal 0.980722 0.195409 0
    outer loop
      vertex 17.1675 15.3561 2.6581
      vertex 17.125 15.5694 2
      vertex 17.125 15.5694 2.78309
    endloop
  endfacet
  facet normal 0.98079 0.195066 -0.000115533
    outer loop
      vertex 17.1812 15.2872 2.63029
      vertex 17.125 15.5694 2
      vertex 17.1675 15.3561 2.6581
    endloop
  endfacet
  facet normal 0.980741 0.195314 0
    outer loop
      vertex 17.125 15.5694 2
      vertex 17.1812 15.2872 2.63029
      vertex 17.1812 15.2872 2
    endloop
  endfacet
  facet normal 0 0 1
    outer loop
      vertex 17.1812 15.2872 12
      vertex 17.1812 14.7128 12
      vertex 17.2 15 12
    endloop
  endfacet
  facet normal 0 0 1
    outer loop
      vertex 17.125 15.5694 12
      vertex 17.1812 14.7128 12
      vertex 17.1812 15.2872 12
    endloop
  endfacet
  facet normal 0 0 1
    outer loop
      vertex 17.125 15.5694 12
      vertex 17.125 14.4306 12
      vertex 17.1812 14.7128 12
    endloop
  endfacet
  facet normal 0 0 1
    outer loop
      vertex 17.0325 15.8419 12
      vertex 17.125 14.4306 12
      vertex 17.125 15.5694 12
    endloop
  endfacet
  facet normal 0 0 1
    outer loop
      vertex 17.0325 15.8419 12
      vertex 17.0325 14.1581 12
      vertex 17.125 14.4306 12
    endloop
  endfacet
  facet normal 0 0 1
    outer loop
      vertex 16.9053 16.1 12
      vertex 17.0325 14.1581 12
      vertex 17.0325 15.8419 12
    endloop
  endfacet
  facet normal 0 0 1
    outer loop
      vertex 16.9053 16.1 12
      vertex 16.9053 13.9 12
      vertex 17.0325 14.1581 12
    endloop
  endfacet
  facet normal 0 0 1
    outer loop
      vertex 16.7454 16.3393 12
      vertex 16.9053 13.9 12
      vertex 16.9053 16.1 12
    endloop
  endfacet
  facet normal 0 0 1
    outer loop
      vertex 16.7454 16.3393 12
      vertex 16.7454 13.6607 12
      vertex 16.9053 13.9 12
    endloop
  endfacet
  facet normal 0 0 1
    outer loop
      vertex 16.5556 16.5556 12
      vertex 16.7454 13.6607 12
      vertex 16.7454 16.3393 12
    endloop
  endfacet
  facet normal 0 0 1
    outer loop
      vertex 16.5556 16.5556 12
      vertex 16.5556 13.4444 12
      vertex 16.7454 13.6607 12
    endloop
  endfacet
  facet normal 0 0 1
    outer loop
      vertex 16.3393 16.7454 12
      vertex 16.5556 13.4444 12
      vertex 16.5556 16.5556 12
    endloop
  endfacet
  facet normal 0 0 1
    outer loop
      vertex 16.3393 16.7454 12
      vertex 16.3393 13.2546 12
      vertex 16.5556 13.4444 12
    endloop
  endfacet
  facet normal 0 0 1
    outer loop
      vertex 16.1 16.9053 12
      vertex 16.3393 13.2546 12
      vertex 16.3393 16.7454 12
    endloop
  endfacet
  facet normal 0 0 1
    outer loop
      vertex 16.1 16.9053 12
      vertex 16.1 13.0947 12
      vertex 16.3393 13.2546 12
    endloop
  endfacet
  facet normal 0 0 1
    outer loop
      vertex 15.8419 17.0325 12
      vertex 16.1 13.0947 12
      vertex 16.1 16.9053 12
    endloop
  endfacet
  facet normal 0 0 1
    outer loop
      vertex 15.8419 17.0325 12
      vertex 15.8419 12.9675 12
      vertex 16.1 13.0947 12
    endloop
  endfacet
  facet normal 0 0 1
    outer loop
      vertex 15.5694 17.125 12
      vertex 15.8419 12.9675 12
      vertex 15.8419 17.0325 12
    endloop
  endfacet
  facet normal 0 0 1
    outer loop
      vertex 15.5694 17.125 12
      vertex 15.5694 12.875 12
      vertex 15.8419 12.9675 12
    endloop
  endfacet
  facet normal 0 0 1
    outer loop
      vertex 15.2872 17.1812 12
      vertex 15.5694 12.875 12
      vertex 15.5694 17.125 12
    endloop
  endfacet
  facet normal 0 0 1
    outer loop
      vertex 15.2872 17.1812 12
      vertex 15.2872 12.8188 12
      vertex 15.5694 12.875 12
    endloop
  endfacet
  facet normal 0 0 1
    outer loop
      vertex 15 17.2 12
      vertex 15.2872 12.8188 12
      vertex 15.2872 17.1812 12
    endloop
  endfacet
  facet normal 0 0 1
    outer loop
      vertex 15 17.2 12
      vertex 15 12.8 12
      vertex 15.2872 12.8188 12
    endloop
  endfacet
  facet normal -0 0 1
    outer loop
      vertex 14.7128 17.1812 12
      vertex 15 12.8 12
      vertex 15 17.2 12
    endloop
  endfacet
  facet normal 0 0 1
    outer loop
      vertex 14.7128 17.1812 12
      vertex 14.7128 12.8188 12
      vertex 15 12.8 12
    endloop
  endfacet
  facet normal -0 0 1
    outer loop
      vertex 14.4306 17.125 12
      vertex 14.7128 12.8188 12
      vertex 14.7128 17.1812 12
    endloop
  endfacet
  facet normal 0 0 1
    outer loop
      vertex 14.4306 17.125 12
      vertex 14.4306 12.875 12
      vertex 14.7128 12.8188 12
    endloop
  endfacet
  facet normal -0 0 1
    outer loop
      vertex 14.1581 17.0325 12
      vertex 14.4306 12.875 12
      vertex 14.4306 17.125 12
    endloop
  endfacet
  facet normal 0 0 1
    outer loop
      vertex 14.1581 17.0325 12
      vertex 14.1581 12.9675 12
      vertex 14.4306 12.875 12
    endloop
  endfacet
  facet normal -0 0 1
    outer loop
      vertex 13.9 16.9053 12
      vertex 14.1581 12.9675 12
      vertex 14.1581 17.0325 12
    endloop
  endfacet
  facet normal 0 0 1
    outer loop
      vertex 13.9 16.9053 12
      vertex 13.9 13.0947 12
      vertex 14.1581 12.9675 12
    endloop
  endfacet
  facet normal -0 0 1
    outer loop
      vertex 13.6607 16.7454 12
      vertex 13.9 13.0947 12
      vertex 13.9 16.9053 12
    endloop
  endfacet
  facet normal 0 0 1
    outer loop
      vertex 13.6607 16.7454 12
      vertex 13.6607 13.2546 12
      vertex 13.9 13.0947 12
    endloop
  endfacet
  facet normal -0 0 1
    outer loop
      vertex 13.4444 16.5556 12
      vertex 13.6607 13.2546 12
      vertex 13.6607 16.7454 12
    endloop
  endfacet
  facet normal 0 0 1
    outer loop
      vertex 13.4444 16.5556 12
      vertex 13.4444 13.4444 12
      vertex 13.6607 13.2546 12
    endloop
  endfacet
  facet normal -0 0 1
    outer loop
      vertex 13.2546 16.3393 12
      vertex 13.4444 13.4444 12
      vertex 13.4444 16.5556 12
    endloop
  endfacet
  facet normal 0 0 1
    outer loop
      vertex 13.2546 16.3393 12
      vertex 13.2546 13.6607 12
      vertex 13.4444 13.4444 12
    endloop
  endfacet
  facet normal -0 0 1
    outer loop
      vertex 13.0947 16.1 12
      vertex 13.2546 13.6607 12
      vertex 13.2546 16.3393 12
    endloop
  endfacet
  facet normal 0 0 1
    outer loop
      vertex 13.0947 16.1 12
      vertex 13.0947 13.9 12
      vertex 13.2546 13.6607 12
    endloop
  endfacet
  facet normal -0 0 1
    outer loop
      vertex 12.9675 15.8419 12
      vertex 13.0947 13.9 12
      vertex 13.0947 16.1 12
    endloop
  endfacet
  facet normal 0 0 1
    outer loop
      vertex 12.9675 15.8419 12
      vertex 12.9675 14.1581 12
      vertex 13.0947 13.9 12
    endloop
  endfacet
  facet normal -0 0 1
    outer loop
      vertex 12.875 15.5694 12
      vertex 12.9675 14.1581 12
      vertex 12.9675 15.8419 12
    endloop
  endfacet
  facet normal 0 0 1
    outer loop
      vertex 12.875 15.5694 12
      vertex 12.875 14.4306 12
      vertex 12.9675 14.1581 12
    endloop
  endfacet
  facet normal -0 0 1
    outer loop
      vertex 12.8188 15.2872 12
      vertex 12.875 14.4306 12
      vertex 12.875 15.5694 12
    endloop
  endfacet
  facet normal 0 0 1
    outer loop
      vertex 12.8188 15.2872 12
      vertex 12.8188 14.7128 12
      vertex 12.875 14.4306 12
    endloop
  endfacet
  facet normal 0 -0 1
    outer loop
      vertex 12.8188 14.7128 12
      vertex 12.8188 15.2872 12
      vertex 12.8 15 12
    endloop
  endfacet
  facet normal 0.555582 -0.831462 0
    outer loop
      vertex 16.1 13.0947 2
      vertex 16.3393 13.2546 12
      vertex 16.1 13.0947 12
    endloop
  endfacet
  facet normal 0.555582 -0.831462 0
    outer loop
      vertex 16.3393 13.2546 12
      vertex 16.1 13.0947 2
      vertex 16.3393 13.2546 2
    endloop
  endfacet
  facet normal 0.75165 -0.659562 0
    outer loop
      vertex 16.5556 13.4444 12
      vertex 16.7454 13.6607 2
      vertex 16.7454 13.6607 12
    endloop
  endfacet
  facet normal 0.75165 -0.659562 0
    outer loop
      vertex 16.7454 13.6607 2
      vertex 16.5556 13.4444 12
      vertex 16.5556 13.4444 2
    endloop
  endfacet
  facet normal 0.896984 -0.442063 0
    outer loop
      vertex 16.9053 13.9 12
      vertex 17.0325 14.1581 3.8561
      vertex 17.0325 14.1581 12
    endloop
  endfacet
  facet normal 0.896993 -0.442045 6.97924e-07
    outer loop
      vertex 17.0325 14.1581 3.8561
      vertex 16.9053 13.9 12
      vertex 17.0188 14.1303 3.78716
    endloop
  endfacet
  facet normal 0.897185 -0.441654 1.43129e-05
    outer loop
      vertex 17.0188 14.1303 3.78716
      vertex 16.9053 13.9 12
      vertex 17 14.0921 3.5
    endloop
  endfacet
  facet normal 0.89699 -0.44205 -3.43648e-06
    outer loop
      vertex 16.9053 13.9 2
      vertex 17.0325 14.1581 3.1439
      vertex 17.0188 14.1303 3.21284
    endloop
  endfacet
  facet normal 0.897084 -0.44186 -4.83386e-05
    outer loop
      vertex 16.9053 13.9 2
      vertex 17.0188 14.1303 3.21284
      vertex 17 14.0921 3.5
    endloop
  endfacet
  facet normal 0.896984 -0.442063 0
    outer loop
      vertex 17.0325 14.1581 3.1439
      vertex 16.9053 13.9 2
      vertex 17.0325 14.1581 2
    endloop
  endfacet
  facet normal 0.896934 -0.442164 0
    outer loop
      vertex 16.9053 13.9 2
      vertex 17 14.0921 3.5
      vertex 16.9053 13.9 12
    endloop
  endfacet
  facet normal 0.946931 -0.321435 0
    outer loop
      vertex 17.0325 14.1581 12
      vertex 17.125 14.4306 4.21691
      vertex 17.125 14.4306 12
    endloop
  endfacet
  facet normal 0.947061 -0.321053 1.49448e-05
    outer loop
      vertex 17.125 14.4306 4.21691
      vertex 17.0325 14.1581 12
      vertex 17.075 14.2831 4.0694
    endloop
  endfacet
  facet normal 0.946773 -0.321903 0
    outer loop
      vertex 17.075 14.2831 4.0694
      vertex 17.0325 14.1581 12
      vertex 17.0325 14.1581 3.8561
    endloop
  endfacet
  facet normal 0.947031 -0.321142 -0.000114044
    outer loop
      vertex 17.0325 14.1581 2
      vertex 17.125 14.4306 2.78309
      vertex 17.075 14.2831 2.9306
    endloop
  endfacet
  facet normal 0.946773 -0.321903 0
    outer loop
      vertex 17.0325 14.1581 2
      vertex 17.075 14.2831 2.9306
      vertex 17.0325 14.1581 3.1439
    endloop
  endfacet
  facet normal 0.946931 -0.321435 0
    outer loop
      vertex 17.125 14.4306 2.78309
      vertex 17.0325 14.1581 2
      vertex 17.125 14.4306 2
    endloop
  endfacet
  facet normal 0.0653198 -0.997864 0
    outer loop
      vertex 15 12.8 2
      vertex 15.2872 12.8188 12
      vertex 15 12.8 12
    endloop
  endfacet
  facet normal 0.0653198 -0.997864 0
    outer loop
      vertex 15.2872 12.8188 12
      vertex 15 12.8 2
      vertex 15.2872 12.8188 2
    endloop
  endfacet
  facet normal -0.896984 -0.442063 0
    outer loop
      vertex 13.0947 13.9 2
      vertex 12.9675 14.1581 12
      vertex 12.9675 14.1581 2
    endloop
  endfacet
  facet normal -0.896984 -0.442063 0
    outer loop
      vertex 12.9675 14.1581 12
      vertex 13.0947 13.9 2
      vertex 13.0947 13.9 12
    endloop
  endfacet
  facet normal -0.946931 -0.321435 0
    outer loop
      vertex 12.9675 14.1581 2
      vertex 12.875 14.4306 12
      vertex 12.875 14.4306 2
    endloop
  endfacet
  facet normal -0.946931 -0.321435 0
    outer loop
      vertex 12.875 14.4306 12
      vertex 12.9675 14.1581 2
      vertex 12.9675 14.1581 12
    endloop
  endfacet
  facet normal -0.659562 -0.75165 0
    outer loop
      vertex 13.4444 13.4444 2
      vertex 13.6607 13.2546 12
      vertex 13.4444 13.4444 12
    endloop
  endfacet
  facet normal -0.659562 -0.75165 -0
    outer loop
      vertex 13.6607 13.2546 12
      vertex 13.4444 13.4444 2
      vertex 13.6607 13.2546 2
    endloop
  endfacet
  facet normal 0.659562 -0.75165 0
    outer loop
      vertex 16.3393 13.2546 2
      vertex 16.5556 13.4444 12
      vertex 16.3393 13.2546 12
    endloop
  endfacet
  facet normal 0.659562 -0.75165 0
    outer loop
      vertex 16.5556 13.4444 12
      vertex 16.3393 13.2546 2
      vertex 16.5556 13.4444 2
    endloop
  endfacet
  facet normal -0.555582 -0.831462 0
    outer loop
      vertex 13.6607 13.2546 2
      vertex 13.9 13.0947 12
      vertex 13.6607 13.2546 12
    endloop
  endfacet
  facet normal -0.555582 -0.831462 -0
    outer loop
      vertex 13.9 13.0947 12
      vertex 13.6607 13.2546 2
      vertex 13.9 13.0947 2
    endloop
  endfacet
  facet normal -0.195314 -0.980741 0
    outer loop
      vertex 14.4306 12.875 2
      vertex 14.7128 12.8188 12
      vertex 14.4306 12.875 12
    endloop
  endfacet
  facet normal -0.195314 -0.980741 -0
    outer loop
      vertex 14.7128 12.8188 12
      vertex 14.4306 12.875 2
      vertex 14.7128 12.8188 2
    endloop
  endfacet
  facet normal -0.831462 -0.555582 0
    outer loop
      vertex 13.2546 13.6607 2
      vertex 13.0947 13.9 12
      vertex 13.0947 13.9 2
    endloop
  endfacet
  facet normal -0.831462 -0.555582 0
    outer loop
      vertex 13.0947 13.9 12
      vertex 13.2546 13.6607 2
      vertex 13.2546 13.6607 12
    endloop
  endfacet
  facet normal -0.442063 -0.896984 0
    outer loop
      vertex 13.9 13.0947 2
      vertex 14.1581 12.9675 12
      vertex 13.9 13.0947 12
    endloop
  endfacet
  facet normal -0.442063 -0.896984 -0
    outer loop
      vertex 14.1581 12.9675 12
      vertex 13.9 13.0947 2
      vertex 14.1581 12.9675 2
    endloop
  endfacet
  facet normal -0.321435 -0.946931 0
    outer loop
      vertex 14.1581 12.9675 2
      vertex 14.4306 12.875 12
      vertex 14.1581 12.9675 12
    endloop
  endfacet
  facet normal -0.321435 -0.946931 -0
    outer loop
      vertex 14.4306 12.875 12
      vertex 14.1581 12.9675 2
      vertex 14.4306 12.875 2
    endloop
  endfacet
  facet normal -0.0653198 -0.997864 0
    outer loop
      vertex 14.7128 12.8188 2
      vertex 15 12.8 12
      vertex 14.7128 12.8188 12
    endloop
  endfacet
  facet normal -0.0653198 -0.997864 -0
    outer loop
      vertex 15 12.8 12
      vertex 14.7128 12.8188 2
      vertex 15 12.8 2
    endloop
  endfacet
  facet normal -0.75165 -0.659562 0
    outer loop
      vertex 13.4444 13.4444 2
      vertex 13.2546 13.6607 12
      vertex 13.2546 13.6607 2
    endloop
  endfacet
  facet normal -0.75165 -0.659562 0
    outer loop
      vertex 13.2546 13.6607 12
      vertex 13.4444 13.4444 2
      vertex 13.4444 13.4444 12
    endloop
  endfacet
  facet normal 0.997864 0.0653198 0
    outer loop
      vertex -12.8 15 12
      vertex -12.8188 15.2872 2
      vertex -12.8188 15.2872 12
    endloop
  endfacet
  facet normal 0.997864 0.0653198 0
    outer loop
      vertex -12.8188 15.2872 2
      vertex -12.8 15 12
      vertex -12.8 15 2
    endloop
  endfacet
  facet normal -0.0653198 0.997864 0
    outer loop
      vertex -15 17.2 2
      vertex -15.2872 17.1812 12
      vertex -15 17.2 12
    endloop
  endfacet
  facet normal -0.0653198 0.997864 0
    outer loop
      vertex -15.2872 17.1812 12
      vertex -15 17.2 2
      vertex -15.2872 17.1812 2
    endloop
  endfacet
  facet normal 0.659562 0.75165 -0
    outer loop
      vertex -13.4444 16.5556 2
      vertex -13.6607 16.7454 12
      vertex -13.4444 16.5556 12
    endloop
  endfacet
  facet normal 0.659562 0.75165 0
    outer loop
      vertex -13.6607 16.7454 12
      vertex -13.4444 16.5556 2
      vertex -13.6607 16.7454 2
    endloop
  endfacet
  facet normal -0.75165 0.659562 0
    outer loop
      vertex -16.7454 16.3393 2
      vertex -16.5556 16.5556 12
      vertex -16.5556 16.5556 2
    endloop
  endfacet
  facet normal -0.75165 0.659562 0
    outer loop
      vertex -16.5556 16.5556 12
      vertex -16.7454 16.3393 2
      vertex -16.7454 16.3393 12
    endloop
  endfacet
  facet normal -0.442063 0.896984 0
    outer loop
      vertex -15.8419 17.0325 2
      vertex -16.1 16.9053 12
      vertex -15.8419 17.0325 12
    endloop
  endfacet
  facet normal -0.442063 0.896984 0
    outer loop
      vertex -16.1 16.9053 12
      vertex -15.8419 17.0325 2
      vertex -16.1 16.9053 2
    endloop
  endfacet
  facet normal 0.896984 0.442063 0
    outer loop
      vertex -12.9675 15.8419 12
      vertex -13.0947 16.1 2
      vertex -13.0947 16.1 12
    endloop
  endfacet
  facet normal 0.896984 0.442063 0
    outer loop
      vertex -13.0947 16.1 2
      vertex -12.9675 15.8419 12
      vertex -12.9675 15.8419 2
    endloop
  endfacet
  facet normal 0.980741 0.195314 0
    outer loop
      vertex -12.8188 15.2872 12
      vertex -12.875 15.5694 2
      vertex -12.875 15.5694 12
    endloop
  endfacet
  facet normal 0.980741 0.195314 0
    outer loop
      vertex -12.875 15.5694 2
      vertex -12.8188 15.2872 12
      vertex -12.8188 15.2872 2
    endloop
  endfacet
  facet normal 0.321435 0.946931 -0
    outer loop
      vertex -14.1581 17.0325 2
      vertex -14.4306 17.125 12
      vertex -14.1581 17.0325 12
    endloop
  endfacet
  facet normal 0.321435 0.946931 0
    outer loop
      vertex -14.4306 17.125 12
      vertex -14.1581 17.0325 2
      vertex -14.4306 17.125 2
    endloop
  endfacet
  facet normal 0.555582 0.831462 -0
    outer loop
      vertex -13.6607 16.7454 2
      vertex -13.9 16.9053 12
      vertex -13.6607 16.7454 12
    endloop
  endfacet
  facet normal 0.555582 0.831462 0
    outer loop
      vertex -13.9 16.9053 12
      vertex -13.6607 16.7454 2
      vertex -13.9 16.9053 2
    endloop
  endfacet
  facet normal -0.896934 0.442164 0
    outer loop
      vertex -16.9053 16.1 2
      vertex -17 15.9079 3.5
      vertex -16.9053 16.1 12
    endloop
  endfacet
  facet normal -0.897084 0.44186 -4.83386e-05
    outer loop
      vertex -16.9053 16.1 2
      vertex -17.0188 15.8697 3.21284
      vertex -17 15.9079 3.5
    endloop
  endfacet
  facet normal -0.896984 0.442063 0
    outer loop
      vertex -17.0325 15.8419 3.1439
      vertex -16.9053 16.1 2
      vertex -17.0325 15.8419 2
    endloop
  endfacet
  facet normal -0.89699 0.44205 -3.43648e-06
    outer loop
      vertex -16.9053 16.1 2
      vertex -17.0325 15.8419 3.1439
      vertex -17.0188 15.8697 3.21284
    endloop
  endfacet
  facet normal -0.897185 0.441654 1.43129e-05
    outer loop
      vertex -17.0188 15.8697 3.78716
      vertex -16.9053 16.1 12
      vertex -17 15.9079 3.5
    endloop
  endfacet
  facet normal -0.896993 0.442045 6.97924e-07
    outer loop
      vertex -17.0325 15.8419 3.8561
      vertex -16.9053 16.1 12
      vertex -17.0188 15.8697 3.78716
    endloop
  endfacet
  facet normal -0.896984 0.442063 0
    outer loop
      vertex -16.9053 16.1 12
      vertex -17.0325 15.8419 3.8561
      vertex -17.0325 15.8419 12
    endloop
  endfacet
  facet normal -0.831462 0.555582 0
    outer loop
      vertex -16.9053 16.1 2
      vertex -16.7454 16.3393 12
      vertex -16.7454 16.3393 2
    endloop
  endfacet
  facet normal -0.831462 0.555582 0
    outer loop
      vertex -16.7454 16.3393 12
      vertex -16.9053 16.1 2
      vertex -16.9053 16.1 12
    endloop
  endfacet
  facet normal -0.997864 0.0653198 0
    outer loop
      vertex -17.2 15 4.40788
      vertex -17.1812 15.2872 12
      vertex -17.1812 15.2872 4.36971
    endloop
  endfacet
  facet normal -0.997864 0.0653198 0
    outer loop
      vertex -17.1812 15.2872 12
      vertex -17.2 15 4.40788
      vertex -17.2 15 12
    endloop
  endfacet
  facet normal -0.997864 0.0653198 0
    outer loop
      vertex -17.2 15 2.59212
      vertex -17.1812 15.2872 2
      vertex -17.2 15 2
    endloop
  endfacet
  facet normal -0.997864 0.0653198 0
    outer loop
      vertex -17.1812 15.2872 2
      vertex -17.2 15 2.59212
      vertex -17.1812 15.2872 2.63029
    endloop
  endfacet
  facet normal -0.659562 0.75165 0
    outer loop
      vertex -16.3393 16.7454 2
      vertex -16.5556 16.5556 12
      vertex -16.3393 16.7454 12
    endloop
  endfacet
  facet normal -0.659562 0.75165 0
    outer loop
      vertex -16.5556 16.5556 12
      vertex -16.3393 16.7454 2
      vertex -16.5556 16.5556 2
    endloop
  endfacet
  facet normal -0.195314 0.980741 0
    outer loop
      vertex -15.2872 17.1812 2
      vertex -15.5694 17.125 12
      vertex -15.2872 17.1812 12
    endloop
  endfacet
  facet normal -0.195314 0.980741 0
    outer loop
      vertex -15.5694 17.125 12
      vertex -15.2872 17.1812 2
      vertex -15.5694 17.125 2
    endloop
  endfacet
  facet normal 0.997864 -0.0653198 0
    outer loop
      vertex -12.8188 14.7128 12
      vertex -12.8 15 2
      vertex -12.8 15 12
    endloop
  endfacet
  facet normal 0.997864 -0.0653198 0
    outer loop
      vertex -12.8 15 2
      vertex -12.8188 14.7128 12
      vertex -12.8188 14.7128 2
    endloop
  endfacet
  facet normal -0.195314 -0.980741 0
    outer loop
      vertex -15.5694 12.875 2
      vertex -15.2872 12.8188 12
      vertex -15.5694 12.875 12
    endloop
  endfacet
  facet normal -0.195314 -0.980741 -0
    outer loop
      vertex -15.2872 12.8188 12
      vertex -15.5694 12.875 2
      vertex -15.2872 12.8188 2
    endloop
  endfacet
  facet normal -0.896984 -0.442063 0
    outer loop
      vertex -16.9053 13.9 2
      vertex -17.0325 14.1581 3.1439
      vertex -17.0325 14.1581 2
    endloop
  endfacet
  facet normal -0.89699 -0.44205 -3.43648e-06
    outer loop
      vertex -17.0325 14.1581 3.1439
      vertex -16.9053 13.9 2
      vertex -17.0188 14.1303 3.21284
    endloop
  endfacet
  facet normal -0.897084 -0.44186 -4.83386e-05
    outer loop
      vertex -17.0188 14.1303 3.21284
      vertex -16.9053 13.9 2
      vertex -17 14.0921 3.5
    endloop
  endfacet
  facet normal -0.896993 -0.442045 6.97924e-07
    outer loop
      vertex -16.9053 13.9 12
      vertex -17.0325 14.1581 3.8561
      vertex -17.0188 14.1303 3.78716
    endloop
  endfacet
  facet normal -0.897185 -0.441654 1.43129e-05
    outer loop
      vertex -16.9053 13.9 12
      vertex -17.0188 14.1303 3.78716
      vertex -17 14.0921 3.5
    endloop
  endfacet
  facet normal -0.896934 -0.442164 -0
    outer loop
      vertex -16.9053 13.9 12
      vertex -17 14.0921 3.5
      vertex -16.9053 13.9 2
    endloop
  endfacet
  facet normal -0.896984 -0.442063 0
    outer loop
      vertex -17.0325 14.1581 3.8561
      vertex -16.9053 13.9 12
      vertex -17.0325 14.1581 12
    endloop
  endfacet
  facet normal 0.195314 -0.980741 0
    outer loop
      vertex -14.7128 12.8188 2
      vertex -14.4306 12.875 12
      vertex -14.7128 12.8188 12
    endloop
  endfacet
  facet normal 0.195314 -0.980741 0
    outer loop
      vertex -14.4306 12.875 12
      vertex -14.7128 12.8188 2
      vertex -14.4306 12.875 2
    endloop
  endfacet
  facet normal 0.946931 0.321435 0
    outer loop
      vertex -12.875 15.5694 12
      vertex -12.9675 15.8419 2
      vertex -12.9675 15.8419 12
    endloop
  endfacet
  facet normal 0.946931 0.321435 0
    outer loop
      vertex -12.9675 15.8419 2
      vertex -12.875 15.5694 12
      vertex -12.875 15.5694 2
    endloop
  endfacet
  facet normal 0.75165 0.659562 0
    outer loop
      vertex -13.2546 16.3393 12
      vertex -13.4444 16.5556 2
      vertex -13.4444 16.5556 12
    endloop
  endfacet
  facet normal 0.75165 0.659562 0
    outer loop
      vertex -13.4444 16.5556 2
      vertex -13.2546 16.3393 12
      vertex -13.2546 16.3393 2
    endloop
  endfacet
  facet normal 0.831462 0.555582 0
    outer loop
      vertex -13.0947 16.1 12
      vertex -13.2546 16.3393 2
      vertex -13.2546 16.3393 12
    endloop
  endfacet
  facet normal 0.831462 0.555582 0
    outer loop
      vertex -13.2546 16.3393 2
      vertex -13.0947 16.1 12
      vertex -13.0947 16.1 2
    endloop
  endfacet
  facet normal 0.195314 0.980741 -0
    outer loop
      vertex -14.4306 17.125 2
      vertex -14.7128 17.1812 12
      vertex -14.4306 17.125 12
    endloop
  endfacet
  facet normal 0.195314 0.980741 0
    outer loop
      vertex -14.7128 17.1812 12
      vertex -14.4306 17.125 2
      vertex -14.7128 17.1812 2
    endloop
  endfacet
  facet normal 0.0653198 0.997864 -0
    outer loop
      vertex -14.7128 17.1812 2
      vertex -15 17.2 12
      vertex -14.7128 17.1812 12
    endloop
  endfacet
  facet normal 0.0653198 0.997864 0
    outer loop
      vertex -15 17.2 12
      vertex -14.7128 17.1812 2
      vertex -15 17.2 2
    endloop
  endfacet
  facet normal -0.946773 0.321903 0
    outer loop
      vertex -17.075 15.7169 4.0694
      vertex -17.0325 15.8419 12
      vertex -17.0325 15.8419 3.8561
    endloop
  endfacet
  facet normal -0.947061 0.321053 1.49448e-05
    outer loop
      vertex -17.125 15.5694 4.21691
      vertex -17.0325 15.8419 12
      vertex -17.075 15.7169 4.0694
    endloop
  endfacet
  facet normal -0.946931 0.321435 0
    outer loop
      vertex -17.0325 15.8419 12
      vertex -17.125 15.5694 4.21691
      vertex -17.125 15.5694 12
    endloop
  endfacet
  facet normal -0.946773 0.321903 0
    outer loop
      vertex -17.0325 15.8419 2
      vertex -17.075 15.7169 2.9306
      vertex -17.0325 15.8419 3.1439
    endloop
  endfacet
  facet normal -0.946931 0.321435 0
    outer loop
      vertex -17.125 15.5694 2.78309
      vertex -17.0325 15.8419 2
      vertex -17.125 15.5694 2
    endloop
  endfacet
  facet normal -0.947031 0.321142 -0.000114044
    outer loop
      vertex -17.0325 15.8419 2
      vertex -17.125 15.5694 2.78309
      vertex -17.075 15.7169 2.9306
    endloop
  endfacet
  facet normal -0.997864 -0.0653198 -0
    outer loop
      vertex -17.1812 14.7128 12
      vertex -17.2 15 4.40788
      vertex -17.1812 14.7128 4.36971
    endloop
  endfacet
  facet normal -0.997864 -0.0653198 0
    outer loop
      vertex -17.2 15 4.40788
      vertex -17.1812 14.7128 12
      vertex -17.2 15 12
    endloop
  endfacet
  facet normal -0.997864 -0.0653198 0
    outer loop
      vertex -17.1812 14.7128 2
      vertex -17.2 15 2.59212
      vertex -17.2 15 2
    endloop
  endfacet
  facet normal -0.997864 -0.0653198 0
    outer loop
      vertex -17.2 15 2.59212
      vertex -17.1812 14.7128 2
      vertex -17.1812 14.7128 2.63029
    endloop
  endfacet
  facet normal -0.980722 0.195409 0
    outer loop
      vertex -17.1675 15.3561 4.3419
      vertex -17.125 15.5694 12
      vertex -17.125 15.5694 4.21691
    endloop
  endfacet
  facet normal -0.980798 0.195025 1.11025e-05
    outer loop
      vertex -17.1812 15.2872 4.36971
      vertex -17.125 15.5694 12
      vertex -17.1675 15.3561 4.3419
    endloop
  endfacet
  facet normal -0.980741 0.195314 0
    outer loop
      vertex -17.125 15.5694 12
      vertex -17.1812 15.2872 4.36971
      vertex -17.1812 15.2872 12
    endloop
  endfacet
  facet normal -0.980722 0.195409 0
    outer loop
      vertex -17.125 15.5694 2
      vertex -17.1675 15.3561 2.6581
      vertex -17.125 15.5694 2.78309
    endloop
  endfacet
  facet normal -0.980741 0.195314 0
    outer loop
      vertex -17.1812 15.2872 2.63029
      vertex -17.125 15.5694 2
      vertex -17.1812 15.2872 2
    endloop
  endfacet
  facet normal -0.98079 0.195066 -0.000115533
    outer loop
      vertex -17.125 15.5694 2
      vertex -17.1812 15.2872 2.63029
      vertex -17.1675 15.3561 2.6581
    endloop
  endfacet
  facet normal 0.831462 -0.555582 0
    outer loop
      vertex -13.2546 13.6607 12
      vertex -13.0947 13.9 2
      vertex -13.0947 13.9 12
    endloop
  endfacet
  facet normal 0.831462 -0.555582 0
    outer loop
      vertex -13.0947 13.9 2
      vertex -13.2546 13.6607 12
      vertex -13.2546 13.6607 2
    endloop
  endfacet
  facet normal 0.980741 -0.195314 0
    outer loop
      vertex -12.875 14.4306 12
      vertex -12.8188 14.7128 2
      vertex -12.8188 14.7128 12
    endloop
  endfacet
  facet normal 0.980741 -0.195314 0
    outer loop
      vertex -12.8188 14.7128 2
      vertex -12.875 14.4306 12
      vertex -12.875 14.4306 2
    endloop
  endfacet
  facet normal -0.980798 -0.195025 1.11025e-05
    outer loop
      vertex -17.125 14.4306 12
      vertex -17.1812 14.7128 4.36971
      vertex -17.1675 14.6439 4.3419
    endloop
  endfacet
  facet normal -0.980722 -0.195409 -0
    outer loop
      vertex -17.125 14.4306 12
      vertex -17.1675 14.6439 4.3419
      vertex -17.125 14.4306 4.21691
    endloop
  endfacet
  facet normal -0.980741 -0.195314 0
    outer loop
      vertex -17.1812 14.7128 4.36971
      vertex -17.125 14.4306 12
      vertex -17.1812 14.7128 12
    endloop
  endfacet
  facet normal -0.980741 -0.195314 0
    outer loop
      vertex -17.125 14.4306 2
      vertex -17.1812 14.7128 2.63029
      vertex -17.1812 14.7128 2
    endloop
  endfacet
  facet normal -0.98079 -0.195066 -0.000115533
    outer loop
      vertex -17.1812 14.7128 2.63029
      vertex -17.125 14.4306 2
      vertex -17.1675 14.6439 2.6581
    endloop
  endfacet
  facet normal -0.980722 -0.195409 0
    outer loop
      vertex -17.1675 14.6439 2.6581
      vertex -17.125 14.4306 2
      vertex -17.125 14.4306 2.78309
    endloop
  endfacet
  facet normal -0.947061 -0.321053 1.49448e-05
    outer loop
      vertex -17.0325 14.1581 12
      vertex -17.125 14.4306 4.21691
      vertex -17.075 14.2831 4.0694
    endloop
  endfacet
  facet normal -0.946773 -0.321903 -0
    outer loop
      vertex -17.0325 14.1581 12
      vertex -17.075 14.2831 4.0694
      vertex -17.0325 14.1581 3.8561
    endloop
  endfacet
  facet normal -0.946931 -0.321435 0
    outer loop
      vertex -17.125 14.4306 4.21691
      vertex -17.0325 14.1581 12
      vertex -17.125 14.4306 12
    endloop
  endfacet
  facet normal -0.946931 -0.321435 0
    outer loop
      vertex -17.0325 14.1581 2
      vertex -17.125 14.4306 2.78309
      vertex -17.125 14.4306 2
    endloop
  endfacet
  facet normal -0.947031 -0.321142 -0.000114044
    outer loop
      vertex -17.125 14.4306 2.78309
      vertex -17.0325 14.1581 2
      vertex -17.075 14.2831 2.9306
    endloop
  endfacet
  facet normal -0.946773 -0.321903 0
    outer loop
      vertex -17.075 14.2831 2.9306
      vertex -17.0325 14.1581 2
      vertex -17.0325 14.1581 3.1439
    endloop
  endfacet
  facet normal 0.442063 -0.896984 0
    outer loop
      vertex -14.1581 12.9675 2
      vertex -13.9 13.0947 12
      vertex -14.1581 12.9675 12
    endloop
  endfacet
  facet normal 0.442063 -0.896984 0
    outer loop
      vertex -13.9 13.0947 12
      vertex -14.1581 12.9675 2
      vertex -13.9 13.0947 2
    endloop
  endfacet
  facet normal 0.321435 -0.946931 0
    outer loop
      vertex -14.4306 12.875 2
      vertex -14.1581 12.9675 12
      vertex -14.4306 12.875 12
    endloop
  endfacet
  facet normal 0.321435 -0.946931 0
    outer loop
      vertex -14.1581 12.9675 12
      vertex -14.4306 12.875 2
      vertex -14.1581 12.9675 2
    endloop
  endfacet
  facet normal 0.442063 0.896984 -0
    outer loop
      vertex -13.9 16.9053 2
      vertex -14.1581 17.0325 12
      vertex -13.9 16.9053 12
    endloop
  endfacet
  facet normal 0.442063 0.896984 0
    outer loop
      vertex -14.1581 17.0325 12
      vertex -13.9 16.9053 2
      vertex -14.1581 17.0325 2
    endloop
  endfacet
  facet normal 0 0 1
    outer loop
      vertex -12.8188 15.2872 12
      vertex -12.8188 14.7128 12
      vertex -12.8 15 12
    endloop
  endfacet
  facet normal 0 0 1
    outer loop
      vertex -12.875 15.5694 12
      vertex -12.8188 14.7128 12
      vertex -12.8188 15.2872 12
    endloop
  endfacet
  facet normal 0 0 1
    outer loop
      vertex -12.875 15.5694 12
      vertex -12.875 14.4306 12
      vertex -12.8188 14.7128 12
    endloop
  endfacet
  facet normal 0 0 1
    outer loop
      vertex -12.9675 15.8419 12
      vertex -12.875 14.4306 12
      vertex -12.875 15.5694 12
    endloop
  endfacet
  facet normal 0 0 1
    outer loop
      vertex -12.9675 15.8419 12
      vertex -12.9675 14.1581 12
      vertex -12.875 14.4306 12
    endloop
  endfacet
  facet normal 0 0 1
    outer loop
      vertex -13.0947 16.1 12
      vertex -12.9675 14.1581 12
      vertex -12.9675 15.8419 12
    endloop
  endfacet
  facet normal 0 0 1
    outer loop
      vertex -13.0947 16.1 12
      vertex -13.0947 13.9 12
      vertex -12.9675 14.1581 12
    endloop
  endfacet
  facet normal 0 0 1
    outer loop
      vertex -13.2546 16.3393 12
      vertex -13.0947 13.9 12
      vertex -13.0947 16.1 12
    endloop
  endfacet
  facet normal 0 0 1
    outer loop
      vertex -13.2546 16.3393 12
      vertex -13.2546 13.6607 12
      vertex -13.0947 13.9 12
    endloop
  endfacet
  facet normal 0 0 1
    outer loop
      vertex -13.4444 16.5556 12
      vertex -13.2546 13.6607 12
      vertex -13.2546 16.3393 12
    endloop
  endfacet
  facet normal 0 0 1
    outer loop
      vertex -13.4444 16.5556 12
      vertex -13.4444 13.4444 12
      vertex -13.2546 13.6607 12
    endloop
  endfacet
  facet normal 0 0 1
    outer loop
      vertex -13.6607 16.7454 12
      vertex -13.4444 13.4444 12
      vertex -13.4444 16.5556 12
    endloop
  endfacet
  facet normal 0 0 1
    outer loop
      vertex -13.6607 16.7454 12
      vertex -13.6607 13.2546 12
      vertex -13.4444 13.4444 12
    endloop
  endfacet
  facet normal 0 0 1
    outer loop
      vertex -13.9 16.9053 12
      vertex -13.6607 13.2546 12
      vertex -13.6607 16.7454 12
    endloop
  endfacet
  facet normal 0 0 1
    outer loop
      vertex -13.9 16.9053 12
      vertex -13.9 13.0947 12
      vertex -13.6607 13.2546 12
    endloop
  endfacet
  facet normal 0 0 1
    outer loop
      vertex -14.1581 17.0325 12
      vertex -13.9 13.0947 12
      vertex -13.9 16.9053 12
    endloop
  endfacet
  facet normal 0 0 1
    outer loop
      vertex -14.1581 17.0325 12
      vertex -14.1581 12.9675 12
      vertex -13.9 13.0947 12
    endloop
  endfacet
  facet normal 0 0 1
    outer loop
      vertex -14.4306 17.125 12
      vertex -14.1581 12.9675 12
      vertex -14.1581 17.0325 12
    endloop
  endfacet
  facet normal 0 0 1
    outer loop
      vertex -14.4306 17.125 12
      vertex -14.4306 12.875 12
      vertex -14.1581 12.9675 12
    endloop
  endfacet
  facet normal 0 0 1
    outer loop
      vertex -14.7128 17.1812 12
      vertex -14.4306 12.875 12
      vertex -14.4306 17.125 12
    endloop
  endfacet
  facet normal 0 0 1
    outer loop
      vertex -14.7128 17.1812 12
      vertex -14.7128 12.8188 12
      vertex -14.4306 12.875 12
    endloop
  endfacet
  facet normal 0 0 1
    outer loop
      vertex -15 17.2 12
      vertex -14.7128 12.8188 12
      vertex -14.7128 17.1812 12
    endloop
  endfacet
  facet normal 0 0 1
    outer loop
      vertex -15 17.2 12
      vertex -15 12.8 12
      vertex -14.7128 12.8188 12
    endloop
  endfacet
  facet normal -0 0 1
    outer loop
      vertex -15.2872 17.1812 12
      vertex -15 12.8 12
      vertex -15 17.2 12
    endloop
  endfacet
  facet normal 0 0 1
    outer loop
      vertex -15.2872 17.1812 12
      vertex -15.2872 12.8188 12
      vertex -15 12.8 12
    endloop
  endfacet
  facet normal -0 0 1
    outer loop
      vertex -15.5694 17.125 12
      vertex -15.2872 12.8188 12
      vertex -15.2872 17.1812 12
    endloop
  endfacet
  facet normal 0 0 1
    outer loop
      vertex -15.5694 17.125 12
      vertex -15.5694 12.875 12
      vertex -15.2872 12.8188 12
    endloop
  endfacet
  facet normal -0 0 1
    outer loop
      vertex -15.8419 17.0325 12
      vertex -15.5694 12.875 12
      vertex -15.5694 17.125 12
    endloop
  endfacet
  facet normal 0 0 1
    outer loop
      vertex -15.8419 17.0325 12
      vertex -15.8419 12.9675 12
      vertex -15.5694 12.875 12
    endloop
  endfacet
  facet normal -0 0 1
    outer loop
      vertex -16.1 16.9053 12
      vertex -15.8419 12.9675 12
      vertex -15.8419 17.0325 12
    endloop
  endfacet
  facet normal 0 0 1
    outer loop
      vertex -16.1 16.9053 12
      vertex -16.1 13.0947 12
      vertex -15.8419 12.9675 12
    endloop
  endfacet
  facet normal -0 0 1
    outer loop
      vertex -16.3393 16.7454 12
      vertex -16.1 13.0947 12
      vertex -16.1 16.9053 12
    endloop
  endfacet
  facet normal 0 0 1
    outer loop
      vertex -16.3393 16.7454 12
      vertex -16.3393 13.2546 12
      vertex -16.1 13.0947 12
    endloop
  endfacet
  facet normal -0 0 1
    outer loop
      vertex -16.5556 16.5556 12
      vertex -16.3393 13.2546 12
      vertex -16.3393 16.7454 12
    endloop
  endfacet
  facet normal 0 0 1
    outer loop
      vertex -16.5556 16.5556 12
      vertex -16.5556 13.4444 12
      vertex -16.3393 13.2546 12
    endloop
  endfacet
  facet normal -0 0 1
    outer loop
      vertex -16.7454 16.3393 12
      vertex -16.5556 13.4444 12
      vertex -16.5556 16.5556 12
    endloop
  endfacet
  facet normal 0 0 1
    outer loop
      vertex -16.7454 16.3393 12
      vertex -16.7454 13.6607 12
      vertex -16.5556 13.4444 12
    endloop
  endfacet
  facet normal -0 0 1
    outer loop
      vertex -16.9053 16.1 12
      vertex -16.7454 13.6607 12
      vertex -16.7454 16.3393 12
    endloop
  endfacet
  facet normal 0 0 1
    outer loop
      vertex -16.9053 16.1 12
      vertex -16.9053 13.9 12
      vertex -16.7454 13.6607 12
    endloop
  endfacet
  facet normal -0 0 1
    outer loop
      vertex -17.0325 15.8419 12
      vertex -16.9053 13.9 12
      vertex -16.9053 16.1 12
    endloop
  endfacet
  facet normal 0 0 1
    outer loop
      vertex -17.0325 15.8419 12
      vertex -17.0325 14.1581 12
      vertex -16.9053 13.9 12
    endloop
  endfacet
  facet normal -0 0 1
    outer loop
      vertex -17.125 15.5694 12
      vertex -17.0325 14.1581 12
      vertex -17.0325 15.8419 12
    endloop
  endfacet
  facet normal 0 0 1
    outer loop
      vertex -17.125 15.5694 12
      vertex -17.125 14.4306 12
      vertex -17.0325 14.1581 12
    endloop
  endfacet
  facet normal -0 0 1
    outer loop
      vertex -17.1812 15.2872 12
      vertex -17.125 14.4306 12
      vertex -17.125 15.5694 12
    endloop
  endfacet
  facet normal 0 0 1
    outer loop
      vertex -17.1812 15.2872 12
      vertex -17.1812 14.7128 12
      vertex -17.125 14.4306 12
    endloop
  endfacet
  facet normal 0 -0 1
    outer loop
      vertex -17.1812 14.7128 12
      vertex -17.1812 15.2872 12
      vertex -17.2 15 12
    endloop
  endfacet
  facet normal -0.555582 0.831462 0
    outer loop
      vertex -16.1 16.9053 2
      vertex -16.3393 16.7454 12
      vertex -16.1 16.9053 12
    endloop
  endfacet
  facet normal -0.555582 0.831462 0
    outer loop
      vertex -16.3393 16.7454 12
      vertex -16.1 16.9053 2
      vertex -16.3393 16.7454 2
    endloop
  endfacet
  facet normal -0.321435 0.946931 0
    outer loop
      vertex -15.5694 17.125 2
      vertex -15.8419 17.0325 12
      vertex -15.5694 17.125 12
    endloop
  endfacet
  facet normal -0.321435 0.946931 0
    outer loop
      vertex -15.8419 17.0325 12
      vertex -15.5694 17.125 2
      vertex -15.8419 17.0325 2
    endloop
  endfacet
  facet normal 0.555582 -0.831462 0
    outer loop
      vertex -13.9 13.0947 2
      vertex -13.6607 13.2546 12
      vertex -13.9 13.0947 12
    endloop
  endfacet
  facet normal 0.555582 -0.831462 0
    outer loop
      vertex -13.6607 13.2546 12
      vertex -13.9 13.0947 2
      vertex -13.6607 13.2546 2
    endloop
  endfacet
  facet normal 0.75165 -0.659562 0
    outer loop
      vertex -13.4444 13.4444 12
      vertex -13.2546 13.6607 2
      vertex -13.2546 13.6607 12
    endloop
  endfacet
  facet normal 0.75165 -0.659562 0
    outer loop
      vertex -13.2546 13.6607 2
      vertex -13.4444 13.4444 12
      vertex -13.4444 13.4444 2
    endloop
  endfacet
  facet normal 0.896984 -0.442063 0
    outer loop
      vertex -13.0947 13.9 12
      vertex -12.9675 14.1581 2
      vertex -12.9675 14.1581 12
    endloop
  endfacet
  facet normal 0.896984 -0.442063 0
    outer loop
      vertex -12.9675 14.1581 2
      vertex -13.0947 13.9 12
      vertex -13.0947 13.9 2
    endloop
  endfacet
  facet normal 0.946931 -0.321435 0
    outer loop
      vertex -12.9675 14.1581 12
      vertex -12.875 14.4306 2
      vertex -12.875 14.4306 12
    endloop
  endfacet
  facet normal 0.946931 -0.321435 0
    outer loop
      vertex -12.875 14.4306 2
      vertex -12.9675 14.1581 12
      vertex -12.9675 14.1581 2
    endloop
  endfacet
  facet normal 0.0653198 -0.997864 0
    outer loop
      vertex -15 12.8 2
      vertex -14.7128 12.8188 12
      vertex -15 12.8 12
    endloop
  endfacet
  facet normal 0.0653198 -0.997864 0
    outer loop
      vertex -14.7128 12.8188 12
      vertex -15 12.8 2
      vertex -14.7128 12.8188 2
    endloop
  endfacet
  facet normal -0.321435 -0.946931 0
    outer loop
      vertex -15.8419 12.9675 2
      vertex -15.5694 12.875 12
      vertex -15.8419 12.9675 12
    endloop
  endfacet
  facet normal -0.321435 -0.946931 -0
    outer loop
      vertex -15.5694 12.875 12
      vertex -15.8419 12.9675 2
      vertex -15.5694 12.875 2
    endloop
  endfacet
  facet normal -0.659562 -0.75165 0
    outer loop
      vertex -16.5556 13.4444 2
      vertex -16.3393 13.2546 12
      vertex -16.5556 13.4444 12
    endloop
  endfacet
  facet normal -0.659562 -0.75165 -0
    outer loop
      vertex -16.3393 13.2546 12
      vertex -16.5556 13.4444 2
      vertex -16.3393 13.2546 2
    endloop
  endfacet
  facet normal 0.659562 -0.75165 0
    outer loop
      vertex -13.6607 13.2546 2
      vertex -13.4444 13.4444 12
      vertex -13.6607 13.2546 12
    endloop
  endfacet
  facet normal 0.659562 -0.75165 0
    outer loop
      vertex -13.4444 13.4444 12
      vertex -13.6607 13.2546 2
      vertex -13.4444 13.4444 2
    endloop
  endfacet
  facet normal -0.0653198 -0.997864 0
    outer loop
      vertex -15.2872 12.8188 2
      vertex -15 12.8 12
      vertex -15.2872 12.8188 12
    endloop
  endfacet
  facet normal -0.0653198 -0.997864 -0
    outer loop
      vertex -15 12.8 12
      vertex -15.2872 12.8188 2
      vertex -15 12.8 2
    endloop
  endfacet
  facet normal -0.442063 -0.896984 0
    outer loop
      vertex -16.1 13.0947 2
      vertex -15.8419 12.9675 12
      vertex -16.1 13.0947 12
    endloop
  endfacet
  facet normal -0.442063 -0.896984 -0
    outer loop
      vertex -15.8419 12.9675 12
      vertex -16.1 13.0947 2
      vertex -15.8419 12.9675 2
    endloop
  endfacet
  facet normal -0.831462 -0.555582 0
    outer loop
      vertex -16.7454 13.6607 2
      vertex -16.9053 13.9 12
      vertex -16.9053 13.9 2
    endloop
  endfacet
  facet normal -0.831462 -0.555582 0
    outer loop
      vertex -16.9053 13.9 12
      vertex -16.7454 13.6607 2
      vertex -16.7454 13.6607 12
    endloop
  endfacet
  facet normal -0.555582 -0.831462 0
    outer loop
      vertex -16.3393 13.2546 2
      vertex -16.1 13.0947 12
      vertex -16.3393 13.2546 12
    endloop
  endfacet
  facet normal -0.555582 -0.831462 -0
    outer loop
      vertex -16.1 13.0947 12
      vertex -16.3393 13.2546 2
      vertex -16.1 13.0947 2
    endloop
  endfacet
  facet normal -0.75165 -0.659562 0
    outer loop
      vertex -16.5556 13.4444 2
      vertex -16.7454 13.6607 12
      vertex -16.7454 13.6607 2
    endloop
  endfacet
  facet normal -0.75165 -0.659562 0
    outer loop
      vertex -16.7454 13.6607 12
      vertex -16.5556 13.4444 2
      vertex -16.5556 13.4444 12
    endloop
  endfacet
  facet normal 0 -1 0
    outer loop
      vertex -19.4872 0 5.68118
      vertex -19.3566 0 4.68973
      vertex -19.2 0 4.7
    endloop
  endfacet
  facet normal 0 -1 0
    outer loop
      vertex -20.9454 0 4.83927
      vertex -19.5106 0 4.65911
      vertex -19.3566 0 4.68973
    endloop
  endfacet
  facet normal 0 -1 0
    outer loop
      vertex -20.9454 0 4.83927
      vertex -19.6592 0 4.60865
      vertex -19.5106 0 4.65911
    endloop
  endfacet
  facet normal 0 -1 0
    outer loop
      vertex -20.2392 0 4.1
      vertex -21 0 4.75752
      vertex -21.1053 0 4.6
    endloop
  endfacet
  facet normal 0 -1 0
    outer loop
      vertex -20.9454 0 4.83927
      vertex -19.8 0 4.53923
      vertex -19.6592 0 4.60865
    endloop
  endfacet
  facet normal 0 -1 0
    outer loop
      vertex -20.9454 0 4.83927
      vertex -19.9305 0 4.45202
      vertex -19.8 0 4.53923
    endloop
  endfacet
  facet normal 0 -1 0
    outer loop
      vertex -20.9454 0 4.83927
      vertex -20.0485 0 4.34853
      vertex -19.9305 0 4.45202
    endloop
  endfacet
  facet normal 0 -1 0
    outer loop
      vertex -20.2392 0 4.1
      vertex -21.1053 0 4.6
      vertex -21.2325 0 4.3419
    endloop
  endfacet
  facet normal 0 -1 0
    outer loop
      vertex -20.9454 0 4.83927
      vertex -20.152 0 4.23051
      vertex -20.0485 0 4.34853
    endloop
  endfacet
  facet normal 0 -1 0
    outer loop
      vertex -21 0 4.75752
      vertex -20.2392 0 4.1
      vertex -20.152 0 4.23051
    endloop
  endfacet
  facet normal 0 -1 0
    outer loop
      vertex -20.3087 0 3.95922
      vertex -21.2325 0 4.3419
      vertex -21.325 0 4.0694
    endloop
  endfacet
  facet normal 0 -1 0
    outer loop
      vertex -21.2325 0 4.3419
      vertex -20.3087 0 3.95922
      vertex -20.2392 0 4.1
    endloop
  endfacet
  facet normal 0 -1 0
    outer loop
      vertex -21.325 0 4.0694
      vertex -20.3591 0 3.81058
      vertex -20.3087 0 3.95922
    endloop
  endfacet
  facet normal 0 -1 0
    outer loop
      vertex -21.3812 0 3.78716
      vertex -20.3591 0 3.81058
      vertex -21.325 0 4.0694
    endloop
  endfacet
  facet normal 0 -1 0
    outer loop
      vertex -21.3812 0 3.78716
      vertex -20.3897 0 3.65663
      vertex -20.3591 0 3.81058
    endloop
  endfacet
  facet normal 0 -1 0
    outer loop
      vertex -21.4 0 3.5
      vertex -20.3897 0 3.65663
      vertex -21.3812 0 3.78716
    endloop
  endfacet
  facet normal 0 -1 0
    outer loop
      vertex -21.4 0 3.5
      vertex -20.4 0 3.5
      vertex -20.3897 0 3.65663
    endloop
  endfacet
  facet normal 0 -1 0
    outer loop
      vertex -21.4 0 3.5
      vertex -20.3897 0 3.34337
      vertex -20.4 0 3.5
    endloop
  endfacet
  facet normal 0 -1 0
    outer loop
      vertex -21.3812 0 3.21284
      vertex -20.3897 0 3.34337
      vertex -21.4 0 3.5
    endloop
  endfacet
  facet normal 0 -1 0
    outer loop
      vertex -21.3812 0 3.21284
      vertex -20.3591 0 3.18942
      vertex -20.3897 0 3.34337
    endloop
  endfacet
  facet normal 0 -1 0
    outer loop
      vertex -21.325 0 2.9306
      vertex -20.3591 0 3.18942
      vertex -21.3812 0 3.21284
    endloop
  endfacet
  facet normal 0 -1 -0
    outer loop
      vertex -20.3591 0 3.18942
      vertex -21.325 0 2.9306
      vertex -20.3087 0 3.04078
    endloop
  endfacet
  facet normal 0 -1 0
    outer loop
      vertex -21.2325 0 2.6581
      vertex -20.3087 0 3.04078
      vertex -21.325 0 2.9306
    endloop
  endfacet
  facet normal 0 -1 -0
    outer loop
      vertex -20.3087 0 3.04078
      vertex -21.2325 0 2.6581
      vertex -20.2392 0 2.9
    endloop
  endfacet
  facet normal 0 -1 0
    outer loop
      vertex -21.1053 0 2.4
      vertex -20.2392 0 2.9
      vertex -21.2325 0 2.6581
    endloop
  endfacet
  facet normal 0 -1 0
    outer loop
      vertex -21 0 2.24247
      vertex -20.2392 0 2.9
      vertex -21.1053 0 2.4
    endloop
  endfacet
  facet normal 0 -1 -0
    outer loop
      vertex -20.2392 0 2.9
      vertex -21 0 2.24247
      vertex -20.152 0 2.76949
    endloop
  endfacet
  facet normal 0 -1 0
    outer loop
      vertex -20.9454 0 2.16072
      vertex -20.152 0 2.76949
      vertex -21 0 2.24247
    endloop
  endfacet
  facet normal 0 -1 0
    outer loop
      vertex -20.8044 0 2
      vertex -20.152 0 2.76949
      vertex -20.9454 0 2.16072
    endloop
  endfacet
  facet normal 0 -1 -0
    outer loop
      vertex -20.152 0 2.76949
      vertex -20.8044 0 2
      vertex -20.0485 0 2.65147
    endloop
  endfacet
  facet normal 0 -1 0
    outer loop
      vertex -20.7556 0 1.94436
      vertex -20.0485 0 2.65147
      vertex -20.8044 0 2
    endloop
  endfacet
  facet normal 0 -1 -0
    outer loop
      vertex -20.0485 0 2.65147
      vertex -20.7556 0 1.94436
      vertex -19.9305 0 2.54798
    endloop
  endfacet
  facet normal 0 -1 0
    outer loop
      vertex -20.5393 0 1.75462
      vertex -19.9305 0 2.54798
      vertex -20.7556 0 1.94436
    endloop
  endfacet
  facet normal 0 -1 -0
    outer loop
      vertex -19.9305 0 2.54798
      vertex -20.5393 0 1.75462
      vertex -19.8 0 2.46077
    endloop
  endfacet
  facet normal 0 -1 0
    outer loop
      vertex -19.2 0 4.7
      vertex -19.2 0 5.7
      vertex -19.4872 0 5.68118
    endloop
  endfacet
  facet normal 0 -1 0
    outer loop
      vertex -19.3566 0 4.68973
      vertex -19.4872 0 5.68118
      vertex -19.7694 0 5.62504
    endloop
  endfacet
  facet normal 0 -1 0
    outer loop
      vertex -19.2 0 5.7
      vertex -19.2 0 4.7
      vertex -18.9128 0 5.68118
    endloop
  endfacet
  facet normal 0 -1 0
    outer loop
      vertex -19.3566 0 4.68973
      vertex -19.7694 0 5.62504
      vertex -20.0419 0 5.53253
    endloop
  endfacet
  facet normal 0 -1 0
    outer loop
      vertex -19.0434 0 4.68973
      vertex -18.9128 0 5.68118
      vertex -19.2 0 4.7
    endloop
  endfacet
  facet normal 0 -1 0
    outer loop
      vertex -19.3566 0 4.68973
      vertex -20.0419 0 5.53253
      vertex -20.3 0 5.40526
    endloop
  endfacet
  facet normal 0 -1 -0
    outer loop
      vertex -18.9128 0 5.68118
      vertex -19.0434 0 4.68973
      vertex -18.6306 0 5.62504
    endloop
  endfacet
  facet normal 0 -1 0
    outer loop
      vertex -19.3566 0 4.68973
      vertex -20.3 0 5.40526
      vertex -20.5393 0 5.24538
    endloop
  endfacet
  facet normal 0 -1 0
    outer loop
      vertex -18.8894 0 4.65911
      vertex -18.6306 0 5.62504
      vertex -19.0434 0 4.68973
    endloop
  endfacet
  facet normal 0 -1 0
    outer loop
      vertex -19.3566 0 4.68973
      vertex -20.5393 0 5.24538
      vertex -20.7556 0 5.05563
    endloop
  endfacet
  facet normal 0 -1 -0
    outer loop
      vertex -18.6306 0 5.62504
      vertex -18.8894 0 4.65911
      vertex -18.3581 0 5.53253
    endloop
  endfacet
  facet normal 0 -1 0
    outer loop
      vertex -19.3566 0 4.68973
      vertex -20.7556 0 5.05563
      vertex -20.9454 0 4.83927
    endloop
  endfacet
  facet normal 0 -1 0
    outer loop
      vertex -18.7408 0 4.60865
      vertex -18.3581 0 5.53253
      vertex -18.8894 0 4.65911
    endloop
  endfacet
  facet normal 0 -1 0
    outer loop
      vertex -20.152 0 4.23051
      vertex -20.9454 0 4.83927
      vertex -21 0 4.75752
    endloop
  endfacet
  facet normal 0 -1 -0
    outer loop
      vertex -18.3581 0 5.53253
      vertex -18.7408 0 4.60865
      vertex -18.1 0 5.40526
    endloop
  endfacet
  facet normal 0 -1 0
    outer loop
      vertex -18.6 0 4.53923
      vertex -18.1 0 5.40526
      vertex -18.7408 0 4.60865
    endloop
  endfacet
  facet normal 0 -1 -0
    outer loop
      vertex -18.1 0 5.40526
      vertex -18.6 0 4.53923
      vertex -17.8607 0 5.24538
    endloop
  endfacet
  facet normal 0 -1 0
    outer loop
      vertex -18.4695 0 4.45202
      vertex -17.8607 0 5.24538
      vertex -18.6 0 4.53923
    endloop
  endfacet
  facet normal 0 -1 -0
    outer loop
      vertex -17.8607 0 5.24538
      vertex -18.4695 0 4.45202
      vertex -17.6444 0 5.05563
    endloop
  endfacet
  facet normal 0 -1 0
    outer loop
      vertex -18.3515 0 4.34853
      vertex -17.6444 0 5.05563
      vertex -18.4695 0 4.45202
    endloop
  endfacet
  facet normal 0 -1 -0
    outer loop
      vertex -17.6444 0 5.05563
      vertex -18.3515 0 4.34853
      vertex -17.4546 0 4.83927
    endloop
  endfacet
  facet normal 0 -1 0
    outer loop
      vertex -18.248 0 4.23051
      vertex -17.4546 0 4.83927
      vertex -18.3515 0 4.34853
    endloop
  endfacet
  facet normal 0 -1 -0
    outer loop
      vertex -17.4546 0 4.83927
      vertex -18.248 0 4.23051
      vertex -17.2947 0 4.6
    endloop
  endfacet
  facet normal 0 -1 0
    outer loop
      vertex -18.1608 0 4.1
      vertex -17.2947 0 4.6
      vertex -18.248 0 4.23051
    endloop
  endfacet
  facet normal 0 -1 -0
    outer loop
      vertex -17.2947 0 4.6
      vertex -18.1608 0 4.1
      vertex -17.1675 0 4.3419
    endloop
  endfacet
  facet normal 0 -1 0
    outer loop
      vertex -18.0913 0 3.95922
      vertex -17.1675 0 4.3419
      vertex -18.1608 0 4.1
    endloop
  endfacet
  facet normal 0 -1 -0
    outer loop
      vertex -17.1675 0 4.3419
      vertex -18.0913 0 3.95922
      vertex -17.075 0 4.0694
    endloop
  endfacet
  facet normal 0 -1 0
    outer loop
      vertex -18.0409 0 3.81058
      vertex -17.075 0 4.0694
      vertex -18.0913 0 3.95922
    endloop
  endfacet
  facet normal 0 -1 0
    outer loop
      vertex -18.0409 0 3.81058
      vertex -17.0188 0 3.78716
      vertex -17.075 0 4.0694
    endloop
  endfacet
  facet normal 0 -1 0
    outer loop
      vertex -18.0103 0 3.65663
      vertex -17.0188 0 3.78716
      vertex -18.0409 0 3.81058
    endloop
  endfacet
  facet normal 0 -1 0
    outer loop
      vertex -18 0 3.5
      vertex -17.0188 0 3.78716
      vertex -18.0103 0 3.65663
    endloop
  endfacet
  facet normal 0 -1 0
    outer loop
      vertex -18 0 3.5
      vertex -17 0 3.5
      vertex -17.0188 0 3.78716
    endloop
  endfacet
  facet normal 0 -1 0
    outer loop
      vertex -18.0103 0 3.34337
      vertex -17 0 3.5
      vertex -18 0 3.5
    endloop
  endfacet
  facet normal 0 -1 0
    outer loop
      vertex -18.0103 0 3.34337
      vertex -17.0188 0 3.21284
      vertex -17 0 3.5
    endloop
  endfacet
  facet normal 0 -1 0
    outer loop
      vertex -18.0409 0 3.18942
      vertex -17.0188 0 3.21284
      vertex -18.0103 0 3.34337
    endloop
  endfacet
  facet normal 0 -1 0
    outer loop
      vertex -17.075 0 2.9306
      vertex -18.0409 0 3.18942
      vertex -18.0913 0 3.04078
    endloop
  endfacet
  facet normal 0 -1 0
    outer loop
      vertex -18.0409 0 3.18942
      vertex -17.075 0 2.9306
      vertex -17.0188 0 3.21284
    endloop
  endfacet
  facet normal 0 -1 0
    outer loop
      vertex -17.1675 0 2.6581
      vertex -18.0913 0 3.04078
      vertex -18.1608 0 2.9
    endloop
  endfacet
  facet normal 0 -1 0
    outer loop
      vertex -17.2947 0 2.4
      vertex -18.1608 0 2.9
      vertex -18.248 0 2.76949
    endloop
  endfacet
  facet normal 0 -1 0
    outer loop
      vertex -18.0913 0 3.04078
      vertex -17.1675 0 2.6581
      vertex -17.075 0 2.9306
    endloop
  endfacet
  facet normal 0 -1 0
    outer loop
      vertex -17.5956 0 2
      vertex -18.248 0 2.76949
      vertex -18.3515 0 2.65147
    endloop
  endfacet
  facet normal 0 -1 0
    outer loop
      vertex -17.6444 0 1.94436
      vertex -18.3515 0 2.65147
      vertex -18.4695 0 2.54798
    endloop
  endfacet
  facet normal 0 -1 0
    outer loop
      vertex -17.8607 0 1.75462
      vertex -18.4695 0 2.54798
      vertex -18.6 0 2.46077
    endloop
  endfacet
  facet normal 0 -1 0
    outer loop
      vertex -18.1608 0 2.9
      vertex -17.2947 0 2.4
      vertex -17.1675 0 2.6581
    endloop
  endfacet
  facet normal 0 -1 0
    outer loop
      vertex -18.1 0 1.59474
      vertex -18.6 0 2.46077
      vertex -18.7408 0 2.39135
    endloop
  endfacet
  facet normal 0 -1 0
    outer loop
      vertex -18.3581 0 1.46746
      vertex -18.7408 0 2.39135
      vertex -18.8894 0 2.34089
    endloop
  endfacet
  facet normal 0 -1 0
    outer loop
      vertex -18.6306 0 1.37496
      vertex -18.8894 0 2.34089
      vertex -19.0434 0 2.31027
    endloop
  endfacet
  facet normal 0 -1 0
    outer loop
      vertex -18.9128 0 1.31882
      vertex -19.0434 0 2.31027
      vertex -19.2 0 2.3
    endloop
  endfacet
  facet normal 0 -1 0
    outer loop
      vertex -20.3 0 1.59474
      vertex -19.8 0 2.46077
      vertex -20.5393 0 1.75462
    endloop
  endfacet
  facet normal 0 -1 -0
    outer loop
      vertex -19.8 0 2.46077
      vertex -20.3 0 1.59474
      vertex -19.6592 0 2.39135
    endloop
  endfacet
  facet normal 0 -1 0
    outer loop
      vertex -20.0419 0 1.46746
      vertex -19.6592 0 2.39135
      vertex -20.3 0 1.59474
    endloop
  endfacet
  facet normal 0 -1 0
    outer loop
      vertex -18.248 0 2.76949
      vertex -17.5956 0 2
      vertex -17.4546 0 2.16072
    endloop
  endfacet
  facet normal 0 -1 0
    outer loop
      vertex -18.248 0 2.76949
      vertex -17.4546 0 2.16072
      vertex -17.2947 0 2.4
    endloop
  endfacet
  facet normal 0 -1 -0
    outer loop
      vertex -19.6592 0 2.39135
      vertex -20.0419 0 1.46746
      vertex -19.5106 0 2.34089
    endloop
  endfacet
  facet normal 0 -1 0
    outer loop
      vertex -19.7694 0 1.37496
      vertex -19.5106 0 2.34089
      vertex -20.0419 0 1.46746
    endloop
  endfacet
  facet normal 0 -1 0
    outer loop
      vertex -18.4695 0 2.54798
      vertex -17.8607 0 1.75462
      vertex -17.6444 0 1.94436
    endloop
  endfacet
  facet normal 0 -1 0
    outer loop
      vertex -18.3515 0 2.65147
      vertex -17.6444 0 1.94436
      vertex -17.5956 0 2
    endloop
  endfacet
  facet normal 0 -1 -0
    outer loop
      vertex -19.5106 0 2.34089
      vertex -19.7694 0 1.37496
      vertex -19.3566 0 2.31027
    endloop
  endfacet
  facet normal 0 -1 0
    outer loop
      vertex -18.6 0 2.46077
      vertex -18.1 0 1.59474
      vertex -17.8607 0 1.75462
    endloop
  endfacet
  facet normal 0 -1 0
    outer loop
      vertex -19.4872 0 1.31882
      vertex -19.3566 0 2.31027
      vertex -19.7694 0 1.37496
    endloop
  endfacet
  facet normal 0 -1 0
    outer loop
      vertex -18.7408 0 2.39135
      vertex -18.3581 0 1.46746
      vertex -18.1 0 1.59474
    endloop
  endfacet
  facet normal 0 -1 -0
    outer loop
      vertex -19.3566 0 2.31027
      vertex -19.4872 0 1.31882
      vertex -19.2 0 2.3
    endloop
  endfacet
  facet normal 0 -1 0
    outer loop
      vertex -18.8894 0 2.34089
      vertex -18.6306 0 1.37496
      vertex -18.3581 0 1.46746
    endloop
  endfacet
  facet normal 0 -1 0
    outer loop
      vertex -19.2 0 1.3
      vertex -19.2 0 2.3
      vertex -19.4872 0 1.31882
    endloop
  endfacet
  facet normal 0 -1 0
    outer loop
      vertex -19.0434 0 2.31027
      vertex -18.9128 0 1.31882
      vertex -18.6306 0 1.37496
    endloop
  endfacet
  facet normal 0 -1 0
    outer loop
      vertex -19.2 0 2.3
      vertex -19.2 0 1.3
      vertex -18.9128 0 1.31882
    endloop
  endfacet
  facet normal 0 -1 0
    outer loop
      vertex -19.4872 0 60.6812
      vertex -19.3566 0 59.6897
      vertex -19.2 0 59.7
    endloop
  endfacet
  facet normal 0 -1 0
    outer loop
      vertex -20.9454 0 59.8393
      vertex -19.5106 0 59.6591
      vertex -19.3566 0 59.6897
    endloop
  endfacet
  facet normal 0 -1 0
    outer loop
      vertex -20.9454 0 59.8393
      vertex -19.6592 0 59.6087
      vertex -19.5106 0 59.6591
    endloop
  endfacet
  facet normal 0 -1 0
    outer loop
      vertex -20.2392 0 59.1
      vertex -21 0 59.7575
      vertex -21.1053 0 59.6
    endloop
  endfacet
  facet normal 0 -1 0
    outer loop
      vertex -20.9454 0 59.8393
      vertex -19.8 0 59.5392
      vertex -19.6592 0 59.6087
    endloop
  endfacet
  facet normal 0 -1 0
    outer loop
      vertex -20.9454 0 59.8393
      vertex -19.9305 0 59.452
      vertex -19.8 0 59.5392
    endloop
  endfacet
  facet normal 0 -1 0
    outer loop
      vertex -20.9454 0 59.8393
      vertex -20.0485 0 59.3485
      vertex -19.9305 0 59.452
    endloop
  endfacet
  facet normal 0 -1 0
    outer loop
      vertex -20.2392 0 59.1
      vertex -21.1053 0 59.6
      vertex -21.2325 0 59.3419
    endloop
  endfacet
  facet normal 0 -1 0
    outer loop
      vertex -20.9454 0 59.8393
      vertex -20.152 0 59.2305
      vertex -20.0485 0 59.3485
    endloop
  endfacet
  facet normal 0 -1 0
    outer loop
      vertex -21 0 59.7575
      vertex -20.2392 0 59.1
      vertex -20.152 0 59.2305
    endloop
  endfacet
  facet normal 0 -1 0
    outer loop
      vertex -20.3087 0 58.9592
      vertex -21.2325 0 59.3419
      vertex -21.325 0 59.0694
    endloop
  endfacet
  facet normal 0 -1 0
    outer loop
      vertex -21.2325 0 59.3419
      vertex -20.3087 0 58.9592
      vertex -20.2392 0 59.1
    endloop
  endfacet
  facet normal 0 -1 0
    outer loop
      vertex -21.325 0 59.0694
      vertex -20.3591 0 58.8106
      vertex -20.3087 0 58.9592
    endloop
  endfacet
  facet normal 0 -1 0
    outer loop
      vertex -21.3812 0 58.7872
      vertex -20.3591 0 58.8106
      vertex -21.325 0 59.0694
    endloop
  endfacet
  facet normal 0 -1 0
    outer loop
      vertex -21.3812 0 58.7872
      vertex -20.3897 0 58.6566
      vertex -20.3591 0 58.8106
    endloop
  endfacet
  facet normal 0 -1 0
    outer loop
      vertex -21.4 0 58.5
      vertex -20.3897 0 58.6566
      vertex -21.3812 0 58.7872
    endloop
  endfacet
  facet normal 0 -1 0
    outer loop
      vertex -21.4 0 58.5
      vertex -20.4 0 58.5
      vertex -20.3897 0 58.6566
    endloop
  endfacet
  facet normal 0 -1 0
    outer loop
      vertex -21.4 0 58.5
      vertex -20.3897 0 58.3434
      vertex -20.4 0 58.5
    endloop
  endfacet
  facet normal 0 -1 0
    outer loop
      vertex -21.3812 0 58.2128
      vertex -20.3897 0 58.3434
      vertex -21.4 0 58.5
    endloop
  endfacet
  facet normal 0 -1 0
    outer loop
      vertex -21.3812 0 58.2128
      vertex -20.3591 0 58.1894
      vertex -20.3897 0 58.3434
    endloop
  endfacet
  facet normal 0 -1 0
    outer loop
      vertex -21.325 0 57.9306
      vertex -20.3591 0 58.1894
      vertex -21.3812 0 58.2128
    endloop
  endfacet
  facet normal 0 -1 -0
    outer loop
      vertex -20.3591 0 58.1894
      vertex -21.325 0 57.9306
      vertex -20.3087 0 58.0408
    endloop
  endfacet
  facet normal 0 -1 0
    outer loop
      vertex -21.2325 0 57.6581
      vertex -20.3087 0 58.0408
      vertex -21.325 0 57.9306
    endloop
  endfacet
  facet normal 0 -1 -0
    outer loop
      vertex -20.3087 0 58.0408
      vertex -21.2325 0 57.6581
      vertex -20.2392 0 57.9
    endloop
  endfacet
  facet normal 0 -1 0
    outer loop
      vertex -21.1053 0 57.4
      vertex -20.2392 0 57.9
      vertex -21.2325 0 57.6581
    endloop
  endfacet
  facet normal 0 -1 0
    outer loop
      vertex -21 0 57.2425
      vertex -20.2392 0 57.9
      vertex -21.1053 0 57.4
    endloop
  endfacet
  facet normal 0 -1 -0
    outer loop
      vertex -20.2392 0 57.9
      vertex -21 0 57.2425
      vertex -20.152 0 57.7695
    endloop
  endfacet
  facet normal 0 -1 0
    outer loop
      vertex -20.9454 0 57.1607
      vertex -20.152 0 57.7695
      vertex -21 0 57.2425
    endloop
  endfacet
  facet normal 0 -1 -0
    outer loop
      vertex -20.152 0 57.7695
      vertex -20.9454 0 57.1607
      vertex -20.0485 0 57.6515
    endloop
  endfacet
  facet normal 0 -1 0
    outer loop
      vertex -20.7556 0 56.9444
      vertex -20.0485 0 57.6515
      vertex -20.9454 0 57.1607
    endloop
  endfacet
  facet normal 0 -1 -0
    outer loop
      vertex -20.0485 0 57.6515
      vertex -20.7556 0 56.9444
      vertex -19.9305 0 57.548
    endloop
  endfacet
  facet normal 0 -1 0
    outer loop
      vertex -20.5393 0 56.7546
      vertex -19.9305 0 57.548
      vertex -20.7556 0 56.9444
    endloop
  endfacet
  facet normal 0 -1 -0
    outer loop
      vertex -19.9305 0 57.548
      vertex -20.5393 0 56.7546
      vertex -19.8 0 57.4608
    endloop
  endfacet
  facet normal 0 -1 0
    outer loop
      vertex -20.3 0 56.5947
      vertex -19.8 0 57.4608
      vertex -20.5393 0 56.7546
    endloop
  endfacet
  facet normal 0 -1 0
    outer loop
      vertex -19.2 0 59.7
      vertex -19.2 0 60.7
      vertex -19.4872 0 60.6812
    endloop
  endfacet
  facet normal 0 -1 0
    outer loop
      vertex -19.3566 0 59.6897
      vertex -19.4872 0 60.6812
      vertex -19.7694 0 60.625
    endloop
  endfacet
  facet normal 0 -1 0
    outer loop
      vertex -19.2 0 60.7
      vertex -19.2 0 59.7
      vertex -18.9128 0 60.6812
    endloop
  endfacet
  facet normal 0 -1 0
    outer loop
      vertex -19.3566 0 59.6897
      vertex -19.7694 0 60.625
      vertex -20.0419 0 60.5325
    endloop
  endfacet
  facet normal 0 -1 0
    outer loop
      vertex -19.0434 0 59.6897
      vertex -18.9128 0 60.6812
      vertex -19.2 0 59.7
    endloop
  endfacet
  facet normal 0 -1 0
    outer loop
      vertex -19.3566 0 59.6897
      vertex -20.0419 0 60.5325
      vertex -20.3 0 60.4053
    endloop
  endfacet
  facet normal 0 -1 -0
    outer loop
      vertex -18.9128 0 60.6812
      vertex -19.0434 0 59.6897
      vertex -18.6306 0 60.625
    endloop
  endfacet
  facet normal 0 -1 0
    outer loop
      vertex -19.3566 0 59.6897
      vertex -20.3 0 60.4053
      vertex -20.5393 0 60.2454
    endloop
  endfacet
  facet normal 0 -1 0
    outer loop
      vertex -18.8894 0 59.6591
      vertex -18.6306 0 60.625
      vertex -19.0434 0 59.6897
    endloop
  endfacet
  facet normal 0 -1 0
    outer loop
      vertex -19.3566 0 59.6897
      vertex -20.5393 0 60.2454
      vertex -20.7556 0 60.0556
    endloop
  endfacet
  facet normal 0 -1 -0
    outer loop
      vertex -18.6306 0 60.625
      vertex -18.8894 0 59.6591
      vertex -18.3581 0 60.5325
    endloop
  endfacet
  facet normal 0 -1 0
    outer loop
      vertex -19.3566 0 59.6897
      vertex -20.7556 0 60.0556
      vertex -20.8044 0 60
    endloop
  endfacet
  facet normal 0 -1 0
    outer loop
      vertex -18.7408 0 59.6087
      vertex -18.3581 0 60.5325
      vertex -18.8894 0 59.6591
    endloop
  endfacet
  facet normal 0 -1 0
    outer loop
      vertex -19.3566 0 59.6897
      vertex -20.8044 0 60
      vertex -20.9454 0 59.8393
    endloop
  endfacet
  facet normal 0 -1 -0
    outer loop
      vertex -18.3581 0 60.5325
      vertex -18.7408 0 59.6087
      vertex -18.1 0 60.4053
    endloop
  endfacet
  facet normal 0 -1 0
    outer loop
      vertex -20.152 0 59.2305
      vertex -20.9454 0 59.8393
      vertex -21 0 59.7575
    endloop
  endfacet
  facet normal 0 -1 0
    outer loop
      vertex -18.6 0 59.5392
      vertex -18.1 0 60.4053
      vertex -18.7408 0 59.6087
    endloop
  endfacet
  facet normal 0 -1 -0
    outer loop
      vertex -18.1 0 60.4053
      vertex -18.6 0 59.5392
      vertex -17.8607 0 60.2454
    endloop
  endfacet
  facet normal 0 -1 0
    outer loop
      vertex -18.4695 0 59.452
      vertex -17.8607 0 60.2454
      vertex -18.6 0 59.5392
    endloop
  endfacet
  facet normal 0 -1 -0
    outer loop
      vertex -17.8607 0 60.2454
      vertex -18.4695 0 59.452
      vertex -17.6444 0 60.0556
    endloop
  endfacet
  facet normal 0 -1 0
    outer loop
      vertex -18.3515 0 59.3485
      vertex -17.6444 0 60.0556
      vertex -18.4695 0 59.452
    endloop
  endfacet
  facet normal 0 -1 -0
    outer loop
      vertex -17.6444 0 60.0556
      vertex -18.3515 0 59.3485
      vertex -17.5956 0 60
    endloop
  endfacet
  facet normal 0 -1 0
    outer loop
      vertex -18.248 0 59.2305
      vertex -17.5956 0 60
      vertex -18.3515 0 59.3485
    endloop
  endfacet
  facet normal 0 -1 -0
    outer loop
      vertex -17.5956 0 60
      vertex -18.248 0 59.2305
      vertex -17.4546 0 59.8393
    endloop
  endfacet
  facet normal 0 -1 -0
    outer loop
      vertex -17.4546 0 59.8393
      vertex -18.248 0 59.2305
      vertex -17.2947 0 59.6
    endloop
  endfacet
  facet normal 0 -1 0
    outer loop
      vertex -18.1608 0 59.1
      vertex -17.2947 0 59.6
      vertex -18.248 0 59.2305
    endloop
  endfacet
  facet normal 0 -1 -0
    outer loop
      vertex -17.2947 0 59.6
      vertex -18.1608 0 59.1
      vertex -17.1675 0 59.3419
    endloop
  endfacet
  facet normal 0 -1 0
    outer loop
      vertex -18.0913 0 58.9592
      vertex -17.1675 0 59.3419
      vertex -18.1608 0 59.1
    endloop
  endfacet
  facet normal 0 -1 -0
    outer loop
      vertex -17.1675 0 59.3419
      vertex -18.0913 0 58.9592
      vertex -17.075 0 59.0694
    endloop
  endfacet
  facet normal 0 -1 0
    outer loop
      vertex -18.0409 0 58.8106
      vertex -17.075 0 59.0694
      vertex -18.0913 0 58.9592
    endloop
  endfacet
  facet normal 0 -1 0
    outer loop
      vertex -18.0409 0 58.8106
      vertex -17.0188 0 58.7872
      vertex -17.075 0 59.0694
    endloop
  endfacet
  facet normal 0 -1 0
    outer loop
      vertex -18.0103 0 58.6566
      vertex -17.0188 0 58.7872
      vertex -18.0409 0 58.8106
    endloop
  endfacet
  facet normal 0 -1 0
    outer loop
      vertex -18 0 58.5
      vertex -17.0188 0 58.7872
      vertex -18.0103 0 58.6566
    endloop
  endfacet
  facet normal 0 -1 0
    outer loop
      vertex -18 0 58.5
      vertex -17 0 58.5
      vertex -17.0188 0 58.7872
    endloop
  endfacet
  facet normal 0 -1 0
    outer loop
      vertex -18.0103 0 58.3434
      vertex -17 0 58.5
      vertex -18 0 58.5
    endloop
  endfacet
  facet normal 0 -1 0
    outer loop
      vertex -18.0103 0 58.3434
      vertex -17.0188 0 58.2128
      vertex -17 0 58.5
    endloop
  endfacet
  facet normal 0 -1 0
    outer loop
      vertex -18.0409 0 58.1894
      vertex -17.0188 0 58.2128
      vertex -18.0103 0 58.3434
    endloop
  endfacet
  facet normal 0 -1 0
    outer loop
      vertex -17.075 0 57.9306
      vertex -18.0409 0 58.1894
      vertex -18.0913 0 58.0408
    endloop
  endfacet
  facet normal 0 -1 0
    outer loop
      vertex -18.0409 0 58.1894
      vertex -17.075 0 57.9306
      vertex -17.0188 0 58.2128
    endloop
  endfacet
  facet normal 0 -1 0
    outer loop
      vertex -17.1675 0 57.6581
      vertex -18.0913 0 58.0408
      vertex -18.1608 0 57.9
    endloop
  endfacet
  facet normal 0 -1 0
    outer loop
      vertex -17.2947 0 57.4
      vertex -18.1608 0 57.9
      vertex -18.248 0 57.7695
    endloop
  endfacet
  facet normal 0 -1 0
    outer loop
      vertex -18.0913 0 58.0408
      vertex -17.1675 0 57.6581
      vertex -17.075 0 57.9306
    endloop
  endfacet
  facet normal 0 -1 0
    outer loop
      vertex -17.4546 0 57.1607
      vertex -18.248 0 57.7695
      vertex -18.3515 0 57.6515
    endloop
  endfacet
  facet normal 0 -1 0
    outer loop
      vertex -17.6444 0 56.9444
      vertex -18.3515 0 57.6515
      vertex -18.4695 0 57.548
    endloop
  endfacet
  facet normal 0 -1 0
    outer loop
      vertex -17.8607 0 56.7546
      vertex -18.4695 0 57.548
      vertex -18.6 0 57.4608
    endloop
  endfacet
  facet normal 0 -1 0
    outer loop
      vertex -18.1608 0 57.9
      vertex -17.2947 0 57.4
      vertex -17.1675 0 57.6581
    endloop
  endfacet
  facet normal 0 -1 0
    outer loop
      vertex -18.1 0 56.5947
      vertex -18.6 0 57.4608
      vertex -18.7408 0 57.3913
    endloop
  endfacet
  facet normal 0 -1 0
    outer loop
      vertex -18.3581 0 56.4675
      vertex -18.7408 0 57.3913
      vertex -18.8894 0 57.3409
    endloop
  endfacet
  facet normal 0 -1 0
    outer loop
      vertex -18.6306 0 56.375
      vertex -18.8894 0 57.3409
      vertex -19.0434 0 57.3103
    endloop
  endfacet
  facet normal 0 -1 0
    outer loop
      vertex -18.9128 0 56.3188
      vertex -19.0434 0 57.3103
      vertex -19.2 0 57.3
    endloop
  endfacet
  facet normal 0 -1 -0
    outer loop
      vertex -19.8 0 57.4608
      vertex -20.3 0 56.5947
      vertex -19.6592 0 57.3913
    endloop
  endfacet
  facet normal 0 -1 0
    outer loop
      vertex -20.0419 0 56.4675
      vertex -19.6592 0 57.3913
      vertex -20.3 0 56.5947
    endloop
  endfacet
  facet normal 0 -1 0
    outer loop
      vertex -18.248 0 57.7695
      vertex -17.4546 0 57.1607
      vertex -17.2947 0 57.4
    endloop
  endfacet
  facet normal 0 -1 -0
    outer loop
      vertex -19.6592 0 57.3913
      vertex -20.0419 0 56.4675
      vertex -19.5106 0 57.3409
    endloop
  endfacet
  facet normal 0 -1 0
    outer loop
      vertex -18.3515 0 57.6515
      vertex -17.6444 0 56.9444
      vertex -17.4546 0 57.1607
    endloop
  endfacet
  facet normal 0 -1 0
    outer loop
      vertex -19.7694 0 56.375
      vertex -19.5106 0 57.3409
      vertex -20.0419 0 56.4675
    endloop
  endfacet
  facet normal 0 -1 0
    outer loop
      vertex -18.4695 0 57.548
      vertex -17.8607 0 56.7546
      vertex -17.6444 0 56.9444
    endloop
  endfacet
  facet normal 0 -1 -0
    outer loop
      vertex -19.5106 0 57.3409
      vertex -19.7694 0 56.375
      vertex -19.3566 0 57.3103
    endloop
  endfacet
  facet normal 0 -1 0
    outer loop
      vertex -18.6 0 57.4608
      vertex -18.1 0 56.5947
      vertex -17.8607 0 56.7546
    endloop
  endfacet
  facet normal 0 -1 0
    outer loop
      vertex -19.4872 0 56.3188
      vertex -19.3566 0 57.3103
      vertex -19.7694 0 56.375
    endloop
  endfacet
  facet normal 0 -1 0
    outer loop
      vertex -18.7408 0 57.3913
      vertex -18.3581 0 56.4675
      vertex -18.1 0 56.5947
    endloop
  endfacet
  facet normal 0 -1 -0
    outer loop
      vertex -19.3566 0 57.3103
      vertex -19.4872 0 56.3188
      vertex -19.2 0 57.3
    endloop
  endfacet
  facet normal 0 -1 0
    outer loop
      vertex -18.8894 0 57.3409
      vertex -18.6306 0 56.375
      vertex -18.3581 0 56.4675
    endloop
  endfacet
  facet normal 0 -1 0
    outer loop
      vertex -19.2 0 56.3
      vertex -19.2 0 57.3
      vertex -19.4872 0 56.3188
    endloop
  endfacet
  facet normal 0 -1 0
    outer loop
      vertex -19.0434 0 57.3103
      vertex -18.9128 0 56.3188
      vertex -18.6306 0 56.375
    endloop
  endfacet
  facet normal 0 -1 0
    outer loop
      vertex -19.2 0 57.3
      vertex -19.2 0 56.3
      vertex -18.9128 0 56.3188
    endloop
  endfacet
  facet normal 0 -1 0
    outer loop
      vertex 19.2 0 4.7
      vertex 19.2 0 5.7
      vertex 18.9128 0 5.68118
    endloop
  endfacet
  facet normal 0 -1 0
    outer loop
      vertex 19.0434 0 4.68973
      vertex 18.9128 0 5.68118
      vertex 18.6306 0 5.62504
    endloop
  endfacet
  facet normal 0 -1 0
    outer loop
      vertex 19.2 0 5.7
      vertex 19.2 0 4.7
      vertex 19.4872 0 5.68118
    endloop
  endfacet
  facet normal 0 -1 0
    outer loop
      vertex 18.8894 0 4.65911
      vertex 18.6306 0 5.62504
      vertex 18.3581 0 5.53253
    endloop
  endfacet
  facet normal 0 -1 0
    outer loop
      vertex 19.3566 0 4.68973
      vertex 19.4872 0 5.68118
      vertex 19.2 0 4.7
    endloop
  endfacet
  facet normal 0 -1 0
    outer loop
      vertex 18.7408 0 4.60865
      vertex 18.3581 0 5.53253
      vertex 18.1 0 5.40526
    endloop
  endfacet
  facet normal 0 -1 -0
    outer loop
      vertex 19.4872 0 5.68118
      vertex 19.3566 0 4.68973
      vertex 19.7694 0 5.62504
    endloop
  endfacet
  facet normal 0 -1 0
    outer loop
      vertex 18.6 0 4.53923
      vertex 18.1 0 5.40526
      vertex 17.8607 0 5.24538
    endloop
  endfacet
  facet normal 0 -1 0
    outer loop
      vertex 19.5106 0 4.65911
      vertex 19.7694 0 5.62504
      vertex 19.3566 0 4.68973
    endloop
  endfacet
  facet normal 0 -1 0
    outer loop
      vertex 18.4695 0 4.45202
      vertex 17.8607 0 5.24538
      vertex 17.6444 0 5.05563
    endloop
  endfacet
  facet normal 0 -1 -0
    outer loop
      vertex 19.7694 0 5.62504
      vertex 19.5106 0 4.65911
      vertex 20.0419 0 5.53253
    endloop
  endfacet
  facet normal 0 -1 0
    outer loop
      vertex 18.3515 0 4.34853
      vertex 17.6444 0 5.05563
      vertex 17.4546 0 4.83927
    endloop
  endfacet
  facet normal 0 -1 0
    outer loop
      vertex 19.6592 0 4.60865
      vertex 20.0419 0 5.53253
      vertex 19.5106 0 4.65911
    endloop
  endfacet
  facet normal 0 -1 -0
    outer loop
      vertex 20.0419 0 5.53253
      vertex 19.6592 0 4.60865
      vertex 20.3 0 5.40526
    endloop
  endfacet
  facet normal 0 -1 0
    outer loop
      vertex 19.8 0 4.53923
      vertex 20.3 0 5.40526
      vertex 19.6592 0 4.60865
    endloop
  endfacet
  facet normal 0 -1 0
    outer loop
      vertex 18.9128 0 5.68118
      vertex 19.0434 0 4.68973
      vertex 19.2 0 4.7
    endloop
  endfacet
  facet normal 0 -1 0
    outer loop
      vertex 18.6306 0 5.62504
      vertex 18.8894 0 4.65911
      vertex 19.0434 0 4.68973
    endloop
  endfacet
  facet normal 0 -1 0
    outer loop
      vertex 18.3581 0 5.53253
      vertex 18.7408 0 4.60865
      vertex 18.8894 0 4.65911
    endloop
  endfacet
  facet normal 0 -1 0
    outer loop
      vertex 18.248 0 4.23051
      vertex 17.4546 0 4.83927
      vertex 17.2947 0 4.6
    endloop
  endfacet
  facet normal 0 -1 0
    outer loop
      vertex 18.1 0 5.40526
      vertex 18.6 0 4.53923
      vertex 18.7408 0 4.60865
    endloop
  endfacet
  facet normal 0 -1 0
    outer loop
      vertex 17.8607 0 5.24538
      vertex 18.4695 0 4.45202
      vertex 18.6 0 4.53923
    endloop
  endfacet
  facet normal 0 -1 0
    outer loop
      vertex 17.6444 0 5.05563
      vertex 18.3515 0 4.34853
      vertex 18.4695 0 4.45202
    endloop
  endfacet
  facet normal 0 -1 0
    outer loop
      vertex 18.1608 0 4.1
      vertex 17.2947 0 4.6
      vertex 17.1675 0 4.3419
    endloop
  endfacet
  facet normal 0 -1 0
    outer loop
      vertex 17.4546 0 4.83927
      vertex 18.248 0 4.23051
      vertex 18.3515 0 4.34853
    endloop
  endfacet
  facet normal 0 -1 0
    outer loop
      vertex 17.2947 0 4.6
      vertex 18.1608 0 4.1
      vertex 18.248 0 4.23051
    endloop
  endfacet
  facet normal 0 -1 0
    outer loop
      vertex 18.0913 0 3.95922
      vertex 17.1675 0 4.3419
      vertex 17.075 0 4.0694
    endloop
  endfacet
  facet normal 0 -1 0
    outer loop
      vertex 17.1675 0 4.3419
      vertex 18.0913 0 3.95922
      vertex 18.1608 0 4.1
    endloop
  endfacet
  facet normal 0 -1 0
    outer loop
      vertex 17.075 0 4.0694
      vertex 18.0409 0 3.81058
      vertex 18.0913 0 3.95922
    endloop
  endfacet
  facet normal 0 -1 0
    outer loop
      vertex 17.0188 0 3.78716
      vertex 18.0409 0 3.81058
      vertex 17.075 0 4.0694
    endloop
  endfacet
  facet normal 0 -1 0
    outer loop
      vertex 17.0188 0 3.78716
      vertex 18.0103 0 3.65663
      vertex 18.0409 0 3.81058
    endloop
  endfacet
  facet normal 0 -1 0
    outer loop
      vertex 17 0 3.5
      vertex 18.0103 0 3.65663
      vertex 17.0188 0 3.78716
    endloop
  endfacet
  facet normal 0 -1 0
    outer loop
      vertex 17 0 3.5
      vertex 18 0 3.5
      vertex 18.0103 0 3.65663
    endloop
  endfacet
  facet normal 0 -1 0
    outer loop
      vertex 17 0 3.5
      vertex 18.0103 0 3.34337
      vertex 18 0 3.5
    endloop
  endfacet
  facet normal 0 -1 0
    outer loop
      vertex 17.0188 0 3.21284
      vertex 18.0103 0 3.34337
      vertex 17 0 3.5
    endloop
  endfacet
  facet normal 0 -1 0
    outer loop
      vertex 17.0188 0 3.21284
      vertex 18.0409 0 3.18942
      vertex 18.0103 0 3.34337
    endloop
  endfacet
  facet normal 0 -1 0
    outer loop
      vertex 17.075 0 2.9306
      vertex 18.0409 0 3.18942
      vertex 17.0188 0 3.21284
    endloop
  endfacet
  facet normal 0 -1 -0
    outer loop
      vertex 18.0409 0 3.18942
      vertex 17.075 0 2.9306
      vertex 18.0913 0 3.04078
    endloop
  endfacet
  facet normal 0 -1 0
    outer loop
      vertex 17.1675 0 2.6581
      vertex 18.0913 0 3.04078
      vertex 17.075 0 2.9306
    endloop
  endfacet
  facet normal 0 -1 -0
    outer loop
      vertex 18.0913 0 3.04078
      vertex 17.1675 0 2.6581
      vertex 18.1608 0 2.9
    endloop
  endfacet
  facet normal 0 -1 0
    outer loop
      vertex 17.2947 0 2.4
      vertex 18.1608 0 2.9
      vertex 17.1675 0 2.6581
    endloop
  endfacet
  facet normal 0 -1 -0
    outer loop
      vertex 18.1608 0 2.9
      vertex 17.2947 0 2.4
      vertex 18.248 0 2.76949
    endloop
  endfacet
  facet normal 0 -1 0
    outer loop
      vertex 17.4546 0 2.16072
      vertex 18.248 0 2.76949
      vertex 17.2947 0 2.4
    endloop
  endfacet
  facet normal 0 -1 0
    outer loop
      vertex 17.5956 0 2
      vertex 18.248 0 2.76949
      vertex 17.4546 0 2.16072
    endloop
  endfacet
  facet normal 0 -1 -0
    outer loop
      vertex 18.248 0 2.76949
      vertex 17.5956 0 2
      vertex 18.3515 0 2.65147
    endloop
  endfacet
  facet normal 0 -1 0
    outer loop
      vertex 17.6444 0 1.94436
      vertex 18.3515 0 2.65147
      vertex 17.5956 0 2
    endloop
  endfacet
  facet normal 0 -1 -0
    outer loop
      vertex 18.3515 0 2.65147
      vertex 17.6444 0 1.94436
      vertex 18.4695 0 2.54798
    endloop
  endfacet
  facet normal 0 -1 0
    outer loop
      vertex 17.8607 0 1.75462
      vertex 18.4695 0 2.54798
      vertex 17.6444 0 1.94436
    endloop
  endfacet
  facet normal 0 -1 -0
    outer loop
      vertex 18.4695 0 2.54798
      vertex 17.8607 0 1.75462
      vertex 18.6 0 2.46077
    endloop
  endfacet
  facet normal 0 -1 0
    outer loop
      vertex 18.1 0 1.59474
      vertex 18.6 0 2.46077
      vertex 17.8607 0 1.75462
    endloop
  endfacet
  facet normal 0 -1 -0
    outer loop
      vertex 18.6 0 2.46077
      vertex 18.1 0 1.59474
      vertex 18.7408 0 2.39135
    endloop
  endfacet
  facet normal 0 -1 0
    outer loop
      vertex 18.3581 0 1.46746
      vertex 18.7408 0 2.39135
      vertex 18.1 0 1.59474
    endloop
  endfacet
  facet normal -0 -1 0
    outer loop
      vertex 20.9454 0 2.16072
      vertex 19.2 0 2.3
      vertex 20.8044 0 2
    endloop
  endfacet
  facet normal 0 -1 0
    outer loop
      vertex 19.2 0 2.3
      vertex 20.9454 0 2.16072
      vertex 21 0 2.24247
    endloop
  endfacet
  facet normal 0 -1 -0
    outer loop
      vertex 18.7408 0 2.39135
      vertex 18.3581 0 1.46746
      vertex 18.8894 0 2.34089
    endloop
  endfacet
  facet normal 0 -1 0
    outer loop
      vertex 18.6306 0 1.37496
      vertex 18.8894 0 2.34089
      vertex 18.3581 0 1.46746
    endloop
  endfacet
  facet normal -0 -1 0
    outer loop
      vertex 20.7556 0 1.94436
      vertex 19.2 0 2.3
      vertex 20.5393 0 1.75462
    endloop
  endfacet
  facet normal 0 -1 0
    outer loop
      vertex 19.2 0 2.3
      vertex 20.7556 0 1.94436
      vertex 20.8044 0 2
    endloop
  endfacet
  facet normal 0 -1 -0
    outer loop
      vertex 18.8894 0 2.34089
      vertex 18.6306 0 1.37496
      vertex 19.0434 0 2.31027
    endloop
  endfacet
  facet normal 0 -1 0
    outer loop
      vertex 19.2 0 2.3
      vertex 20.3 0 1.59474
      vertex 20.5393 0 1.75462
    endloop
  endfacet
  facet normal 0 -1 0
    outer loop
      vertex 18.9128 0 1.31882
      vertex 19.0434 0 2.31027
      vertex 18.6306 0 1.37496
    endloop
  endfacet
  facet normal 0 -1 0
    outer loop
      vertex 19.2 0 2.3
      vertex 20.0419 0 1.46746
      vertex 20.3 0 1.59474
    endloop
  endfacet
  facet normal 0 -1 -0
    outer loop
      vertex 19.0434 0 2.31027
      vertex 18.9128 0 1.31882
      vertex 19.2 0 2.3
    endloop
  endfacet
  facet normal 0 -1 0
    outer loop
      vertex 19.2 0 2.3
      vertex 19.7694 0 1.37496
      vertex 20.0419 0 1.46746
    endloop
  endfacet
  facet normal 0 -1 0
    outer loop
      vertex 19.2 0 1.3
      vertex 19.2 0 2.3
      vertex 18.9128 0 1.31882
    endloop
  endfacet
  facet normal 0 -1 0
    outer loop
      vertex 19.2 0 2.3
      vertex 19.4872 0 1.31882
      vertex 19.7694 0 1.37496
    endloop
  endfacet
  facet normal 0 -1 0
    outer loop
      vertex 19.2 0 2.3
      vertex 19.2 0 1.3
      vertex 19.4872 0 1.31882
    endloop
  endfacet
  facet normal 0 -1 -0
    outer loop
      vertex 20.3 0 5.40526
      vertex 19.8 0 4.53923
      vertex 20.5393 0 5.24538
    endloop
  endfacet
  facet normal 0 -1 0
    outer loop
      vertex 19.9305 0 4.45202
      vertex 20.5393 0 5.24538
      vertex 19.8 0 4.53923
    endloop
  endfacet
  facet normal 0 -1 -0
    outer loop
      vertex 20.5393 0 5.24538
      vertex 19.9305 0 4.45202
      vertex 20.7556 0 5.05563
    endloop
  endfacet
  facet normal 0 -1 0
    outer loop
      vertex 20.0485 0 4.34853
      vertex 20.7556 0 5.05563
      vertex 19.9305 0 4.45202
    endloop
  endfacet
  facet normal 0 -1 -0
    outer loop
      vertex 20.7556 0 5.05563
      vertex 20.0485 0 4.34853
      vertex 20.9454 0 4.83927
    endloop
  endfacet
  facet normal 0 -1 0
    outer loop
      vertex 20.152 0 4.23051
      vertex 20.9454 0 4.83927
      vertex 20.0485 0 4.34853
    endloop
  endfacet
  facet normal 0 -1 -0
    outer loop
      vertex 20.9454 0 4.83927
      vertex 20.152 0 4.23051
      vertex 21 0 4.75752
    endloop
  endfacet
  facet normal 0 -1 0
    outer loop
      vertex 20.2392 0 4.1
      vertex 21 0 4.75752
      vertex 20.152 0 4.23051
    endloop
  endfacet
  facet normal 0 -1 -0
    outer loop
      vertex 21 0 4.75752
      vertex 20.2392 0 4.1
      vertex 21.1053 0 4.6
    endloop
  endfacet
  facet normal 0 -1 -0
    outer loop
      vertex 21.1053 0 4.6
      vertex 20.2392 0 4.1
      vertex 21.2325 0 4.3419
    endloop
  endfacet
  facet normal 0 -1 0
    outer loop
      vertex 20.3087 0 3.95922
      vertex 21.2325 0 4.3419
      vertex 20.2392 0 4.1
    endloop
  endfacet
  facet normal 0 -1 -0
    outer loop
      vertex 21.2325 0 4.3419
      vertex 20.3087 0 3.95922
      vertex 21.325 0 4.0694
    endloop
  endfacet
  facet normal 0 -1 0
    outer loop
      vertex 20.3591 0 3.81058
      vertex 21.325 0 4.0694
      vertex 20.3087 0 3.95922
    endloop
  endfacet
  facet normal 0 -1 0
    outer loop
      vertex 20.3591 0 3.81058
      vertex 21.3812 0 3.78716
      vertex 21.325 0 4.0694
    endloop
  endfacet
  facet normal 0 -1 0
    outer loop
      vertex 20.3897 0 3.65663
      vertex 21.3812 0 3.78716
      vertex 20.3591 0 3.81058
    endloop
  endfacet
  facet normal 0 -1 0
    outer loop
      vertex 20.4 0 3.5
      vertex 21.3812 0 3.78716
      vertex 20.3897 0 3.65663
    endloop
  endfacet
  facet normal 0 -1 0
    outer loop
      vertex 20.4 0 3.5
      vertex 21.4 0 3.5
      vertex 21.3812 0 3.78716
    endloop
  endfacet
  facet normal 0 -1 0
    outer loop
      vertex 20.3897 0 3.34337
      vertex 21.4 0 3.5
      vertex 20.4 0 3.5
    endloop
  endfacet
  facet normal 0 -1 0
    outer loop
      vertex 20.3897 0 3.34337
      vertex 21.3812 0 3.21284
      vertex 21.4 0 3.5
    endloop
  endfacet
  facet normal 0 -1 0
    outer loop
      vertex 20.3591 0 3.18942
      vertex 21.3812 0 3.21284
      vertex 20.3897 0 3.34337
    endloop
  endfacet
  facet normal 0 -1 0
    outer loop
      vertex 21.325 0 2.9306
      vertex 20.3591 0 3.18942
      vertex 20.3087 0 3.04078
    endloop
  endfacet
  facet normal 0 -1 0
    outer loop
      vertex 20.3591 0 3.18942
      vertex 21.325 0 2.9306
      vertex 21.3812 0 3.21284
    endloop
  endfacet
  facet normal 0 -1 0
    outer loop
      vertex 21.2325 0 2.6581
      vertex 20.3087 0 3.04078
      vertex 20.2392 0 2.9
    endloop
  endfacet
  facet normal 0 -1 0
    outer loop
      vertex 21 0 2.24247
      vertex 20.2392 0 2.9
      vertex 20.152 0 2.76949
    endloop
  endfacet
  facet normal 0 -1 0
    outer loop
      vertex 20.3087 0 3.04078
      vertex 21.2325 0 2.6581
      vertex 21.325 0 2.9306
    endloop
  endfacet
  facet normal 0 -1 0
    outer loop
      vertex 21 0 2.24247
      vertex 20.152 0 2.76949
      vertex 20.0485 0 2.65147
    endloop
  endfacet
  facet normal 0 -1 0
    outer loop
      vertex 21 0 2.24247
      vertex 20.0485 0 2.65147
      vertex 19.9305 0 2.54798
    endloop
  endfacet
  facet normal 0 -1 0
    outer loop
      vertex 21 0 2.24247
      vertex 19.9305 0 2.54798
      vertex 19.8 0 2.46077
    endloop
  endfacet
  facet normal 0 -1 0
    outer loop
      vertex 20.2392 0 2.9
      vertex 21.1053 0 2.4
      vertex 21.2325 0 2.6581
    endloop
  endfacet
  facet normal 0 -1 0
    outer loop
      vertex 21 0 2.24247
      vertex 19.8 0 2.46077
      vertex 19.6592 0 2.39135
    endloop
  endfacet
  facet normal 0 -1 0
    outer loop
      vertex 21 0 2.24247
      vertex 19.6592 0 2.39135
      vertex 19.5106 0 2.34089
    endloop
  endfacet
  facet normal 0 -1 0
    outer loop
      vertex 21 0 2.24247
      vertex 19.5106 0 2.34089
      vertex 19.3566 0 2.31027
    endloop
  endfacet
  facet normal 0 -1 0
    outer loop
      vertex 21 0 2.24247
      vertex 19.3566 0 2.31027
      vertex 19.2 0 2.3
    endloop
  endfacet
  facet normal 0 -1 0
    outer loop
      vertex 20.2392 0 2.9
      vertex 21 0 2.24247
      vertex 21.1053 0 2.4
    endloop
  endfacet
  facet normal 0 -1 0
    outer loop
      vertex 19.2 0 59.7
      vertex 19.2 0 60.7
      vertex 18.9128 0 60.6812
    endloop
  endfacet
  facet normal 0 -1 0
    outer loop
      vertex 19.0434 0 59.6897
      vertex 18.9128 0 60.6812
      vertex 18.6306 0 60.625
    endloop
  endfacet
  facet normal 0 -1 0
    outer loop
      vertex 19.2 0 60.7
      vertex 19.2 0 59.7
      vertex 19.4872 0 60.6812
    endloop
  endfacet
  facet normal 0 -1 0
    outer loop
      vertex 18.8894 0 59.6591
      vertex 18.6306 0 60.625
      vertex 18.3581 0 60.5325
    endloop
  endfacet
  facet normal 0 -1 0
    outer loop
      vertex 19.3566 0 59.6897
      vertex 19.4872 0 60.6812
      vertex 19.2 0 59.7
    endloop
  endfacet
  facet normal 0 -1 0
    outer loop
      vertex 18.7408 0 59.6087
      vertex 18.3581 0 60.5325
      vertex 18.1 0 60.4053
    endloop
  endfacet
  facet normal 0 -1 -0
    outer loop
      vertex 19.4872 0 60.6812
      vertex 19.3566 0 59.6897
      vertex 19.7694 0 60.625
    endloop
  endfacet
  facet normal 0 -1 0
    outer loop
      vertex 18.6 0 59.5392
      vertex 18.1 0 60.4053
      vertex 17.8607 0 60.2454
    endloop
  endfacet
  facet normal 0 -1 0
    outer loop
      vertex 19.5106 0 59.6591
      vertex 19.7694 0 60.625
      vertex 19.3566 0 59.6897
    endloop
  endfacet
  facet normal 0 -1 0
    outer loop
      vertex 18.4695 0 59.452
      vertex 17.8607 0 60.2454
      vertex 17.6444 0 60.0556
    endloop
  endfacet
  facet normal 0 -1 -0
    outer loop
      vertex 19.7694 0 60.625
      vertex 19.5106 0 59.6591
      vertex 20.0419 0 60.5325
    endloop
  endfacet
  facet normal 0 -1 0
    outer loop
      vertex 18.3515 0 59.3485
      vertex 17.6444 0 60.0556
      vertex 17.5956 0 60
    endloop
  endfacet
  facet normal 0 -1 0
    outer loop
      vertex 19.6592 0 59.6087
      vertex 20.0419 0 60.5325
      vertex 19.5106 0 59.6591
    endloop
  endfacet
  facet normal 0 -1 0
    outer loop
      vertex 18.248 0 59.2305
      vertex 17.5956 0 60
      vertex 17.4546 0 59.8393
    endloop
  endfacet
  facet normal 0 -1 -0
    outer loop
      vertex 20.0419 0 60.5325
      vertex 19.6592 0 59.6087
      vertex 20.3 0 60.4053
    endloop
  endfacet
  facet normal 0 -1 0
    outer loop
      vertex 19.8 0 59.5392
      vertex 20.3 0 60.4053
      vertex 19.6592 0 59.6087
    endloop
  endfacet
  facet normal 0 -1 -0
    outer loop
      vertex 20.3 0 60.4053
      vertex 19.8 0 59.5392
      vertex 20.5393 0 60.2454
    endloop
  endfacet
  facet normal 0 -1 0
    outer loop
      vertex 18.9128 0 60.6812
      vertex 19.0434 0 59.6897
      vertex 19.2 0 59.7
    endloop
  endfacet
  facet normal 0 -1 0
    outer loop
      vertex 18.6306 0 60.625
      vertex 18.8894 0 59.6591
      vertex 19.0434 0 59.6897
    endloop
  endfacet
  facet normal 0 -1 0
    outer loop
      vertex 18.3581 0 60.5325
      vertex 18.7408 0 59.6087
      vertex 18.8894 0 59.6591
    endloop
  endfacet
  facet normal 0 -1 0
    outer loop
      vertex 18.248 0 59.2305
      vertex 17.4546 0 59.8393
      vertex 17.2947 0 59.6
    endloop
  endfacet
  facet normal 0 -1 0
    outer loop
      vertex 18.1 0 60.4053
      vertex 18.6 0 59.5392
      vertex 18.7408 0 59.6087
    endloop
  endfacet
  facet normal 0 -1 0
    outer loop
      vertex 17.8607 0 60.2454
      vertex 18.4695 0 59.452
      vertex 18.6 0 59.5392
    endloop
  endfacet
  facet normal 0 -1 0
    outer loop
      vertex 17.6444 0 60.0556
      vertex 18.3515 0 59.3485
      vertex 18.4695 0 59.452
    endloop
  endfacet
  facet normal 0 -1 0
    outer loop
      vertex 18.1608 0 59.1
      vertex 17.2947 0 59.6
      vertex 17.1675 0 59.3419
    endloop
  endfacet
  facet normal 0 -1 0
    outer loop
      vertex 17.5956 0 60
      vertex 18.248 0 59.2305
      vertex 18.3515 0 59.3485
    endloop
  endfacet
  facet normal 0 -1 0
    outer loop
      vertex 17.2947 0 59.6
      vertex 18.1608 0 59.1
      vertex 18.248 0 59.2305
    endloop
  endfacet
  facet normal 0 -1 0
    outer loop
      vertex 18.0913 0 58.9592
      vertex 17.1675 0 59.3419
      vertex 17.075 0 59.0694
    endloop
  endfacet
  facet normal 0 -1 0
    outer loop
      vertex 17.1675 0 59.3419
      vertex 18.0913 0 58.9592
      vertex 18.1608 0 59.1
    endloop
  endfacet
  facet normal 0 -1 0
    outer loop
      vertex 17.075 0 59.0694
      vertex 18.0409 0 58.8106
      vertex 18.0913 0 58.9592
    endloop
  endfacet
  facet normal 0 -1 0
    outer loop
      vertex 17.0188 0 58.7872
      vertex 18.0409 0 58.8106
      vertex 17.075 0 59.0694
    endloop
  endfacet
  facet normal 0 -1 0
    outer loop
      vertex 17.0188 0 58.7872
      vertex 18.0103 0 58.6566
      vertex 18.0409 0 58.8106
    endloop
  endfacet
  facet normal 0 -1 0
    outer loop
      vertex 17 0 58.5
      vertex 18.0103 0 58.6566
      vertex 17.0188 0 58.7872
    endloop
  endfacet
  facet normal 0 -1 0
    outer loop
      vertex 17 0 58.5
      vertex 18 0 58.5
      vertex 18.0103 0 58.6566
    endloop
  endfacet
  facet normal 0 -1 0
    outer loop
      vertex 17 0 58.5
      vertex 18.0103 0 58.3434
      vertex 18 0 58.5
    endloop
  endfacet
  facet normal 0 -1 0
    outer loop
      vertex 17.0188 0 58.2128
      vertex 18.0103 0 58.3434
      vertex 17 0 58.5
    endloop
  endfacet
  facet normal 0 -1 0
    outer loop
      vertex 17.0188 0 58.2128
      vertex 18.0409 0 58.1894
      vertex 18.0103 0 58.3434
    endloop
  endfacet
  facet normal 0 -1 0
    outer loop
      vertex 17.075 0 57.9306
      vertex 18.0409 0 58.1894
      vertex 17.0188 0 58.2128
    endloop
  endfacet
  facet normal 0 -1 -0
    outer loop
      vertex 18.0409 0 58.1894
      vertex 17.075 0 57.9306
      vertex 18.0913 0 58.0408
    endloop
  endfacet
  facet normal 0 -1 0
    outer loop
      vertex 17.1675 0 57.6581
      vertex 18.0913 0 58.0408
      vertex 17.075 0 57.9306
    endloop
  endfacet
  facet normal 0 -1 -0
    outer loop
      vertex 18.0913 0 58.0408
      vertex 17.1675 0 57.6581
      vertex 18.1608 0 57.9
    endloop
  endfacet
  facet normal 0 -1 0
    outer loop
      vertex 17.2947 0 57.4
      vertex 18.1608 0 57.9
      vertex 17.1675 0 57.6581
    endloop
  endfacet
  facet normal 0 -1 -0
    outer loop
      vertex 18.1608 0 57.9
      vertex 17.2947 0 57.4
      vertex 18.248 0 57.7695
    endloop
  endfacet
  facet normal 0 -1 0
    outer loop
      vertex 17.4546 0 57.1607
      vertex 18.248 0 57.7695
      vertex 17.2947 0 57.4
    endloop
  endfacet
  facet normal 0 -1 -0
    outer loop
      vertex 18.248 0 57.7695
      vertex 17.4546 0 57.1607
      vertex 18.3515 0 57.6515
    endloop
  endfacet
  facet normal 0 -1 0
    outer loop
      vertex 17.6444 0 56.9444
      vertex 18.3515 0 57.6515
      vertex 17.4546 0 57.1607
    endloop
  endfacet
  facet normal 0 -1 -0
    outer loop
      vertex 18.3515 0 57.6515
      vertex 17.6444 0 56.9444
      vertex 18.4695 0 57.548
    endloop
  endfacet
  facet normal 0 -1 0
    outer loop
      vertex 17.8607 0 56.7546
      vertex 18.4695 0 57.548
      vertex 17.6444 0 56.9444
    endloop
  endfacet
  facet normal 0 -1 -0
    outer loop
      vertex 18.4695 0 57.548
      vertex 17.8607 0 56.7546
      vertex 18.6 0 57.4608
    endloop
  endfacet
  facet normal 0 -1 0
    outer loop
      vertex 18.1 0 56.5947
      vertex 18.6 0 57.4608
      vertex 17.8607 0 56.7546
    endloop
  endfacet
  facet normal 0 -1 -0
    outer loop
      vertex 18.6 0 57.4608
      vertex 18.1 0 56.5947
      vertex 18.7408 0 57.3913
    endloop
  endfacet
  facet normal 0 -1 0
    outer loop
      vertex 18.3581 0 56.4675
      vertex 18.7408 0 57.3913
      vertex 18.1 0 56.5947
    endloop
  endfacet
  facet normal 0 -1 -0
    outer loop
      vertex 18.7408 0 57.3913
      vertex 18.3581 0 56.4675
      vertex 18.8894 0 57.3409
    endloop
  endfacet
  facet normal 0 -1 0
    outer loop
      vertex 18.6306 0 56.375
      vertex 18.8894 0 57.3409
      vertex 18.3581 0 56.4675
    endloop
  endfacet
  facet normal 0 -1 0
    outer loop
      vertex 19.2 0 57.3
      vertex 20.9454 0 57.1607
      vertex 21 0 57.2425
    endloop
  endfacet
  facet normal -0 -1 0
    outer loop
      vertex 20.7556 0 56.9444
      vertex 19.2 0 57.3
      vertex 20.5393 0 56.7546
    endloop
  endfacet
  facet normal -0 -1 0
    outer loop
      vertex 20.9454 0 57.1607
      vertex 19.2 0 57.3
      vertex 20.7556 0 56.9444
    endloop
  endfacet
  facet normal 0 -1 -0
    outer loop
      vertex 18.8894 0 57.3409
      vertex 18.6306 0 56.375
      vertex 19.0434 0 57.3103
    endloop
  endfacet
  facet normal 0 -1 0
    outer loop
      vertex 19.2 0 57.3
      vertex 20.3 0 56.5947
      vertex 20.5393 0 56.7546
    endloop
  endfacet
  facet normal 0 -1 0
    outer loop
      vertex 18.9128 0 56.3188
      vertex 19.0434 0 57.3103
      vertex 18.6306 0 56.375
    endloop
  endfacet
  facet normal 0 -1 0
    outer loop
      vertex 19.2 0 57.3
      vertex 20.0419 0 56.4675
      vertex 20.3 0 56.5947
    endloop
  endfacet
  facet normal 0 -1 -0
    outer loop
      vertex 19.0434 0 57.3103
      vertex 18.9128 0 56.3188
      vertex 19.2 0 57.3
    endloop
  endfacet
  facet normal 0 -1 0
    outer loop
      vertex 19.2 0 57.3
      vertex 19.7694 0 56.375
      vertex 20.0419 0 56.4675
    endloop
  endfacet
  facet normal 0 -1 0
    outer loop
      vertex 19.2 0 56.3
      vertex 19.2 0 57.3
      vertex 18.9128 0 56.3188
    endloop
  endfacet
  facet normal 0 -1 0
    outer loop
      vertex 19.2 0 57.3
      vertex 19.4872 0 56.3188
      vertex 19.7694 0 56.375
    endloop
  endfacet
  facet normal 0 -1 0
    outer loop
      vertex 19.2 0 57.3
      vertex 19.2 0 56.3
      vertex 19.4872 0 56.3188
    endloop
  endfacet
  facet normal 0 -1 0
    outer loop
      vertex 19.9305 0 59.452
      vertex 20.5393 0 60.2454
      vertex 19.8 0 59.5392
    endloop
  endfacet
  facet normal 0 -1 -0
    outer loop
      vertex 20.5393 0 60.2454
      vertex 19.9305 0 59.452
      vertex 20.7556 0 60.0556
    endloop
  endfacet
  facet normal 0 -1 0
    outer loop
      vertex 20.0485 0 59.3485
      vertex 20.7556 0 60.0556
      vertex 19.9305 0 59.452
    endloop
  endfacet
  facet normal 0 -1 -0
    outer loop
      vertex 20.7556 0 60.0556
      vertex 20.0485 0 59.3485
      vertex 20.8044 0 60
    endloop
  endfacet
  facet normal 0 -1 0
    outer loop
      vertex 20.152 0 59.2305
      vertex 20.8044 0 60
      vertex 20.0485 0 59.3485
    endloop
  endfacet
  facet normal 0 -1 -0
    outer loop
      vertex 20.8044 0 60
      vertex 20.152 0 59.2305
      vertex 20.9454 0 59.8393
    endloop
  endfacet
  facet normal 0 -1 -0
    outer loop
      vertex 20.9454 0 59.8393
      vertex 20.152 0 59.2305
      vertex 21 0 59.7575
    endloop
  endfacet
  facet normal 0 -1 0
    outer loop
      vertex 20.2392 0 59.1
      vertex 21 0 59.7575
      vertex 20.152 0 59.2305
    endloop
  endfacet
  facet normal 0 -1 -0
    outer loop
      vertex 21 0 59.7575
      vertex 20.2392 0 59.1
      vertex 21.1053 0 59.6
    endloop
  endfacet
  facet normal 0 -1 -0
    outer loop
      vertex 21.1053 0 59.6
      vertex 20.2392 0 59.1
      vertex 21.2325 0 59.3419
    endloop
  endfacet
  facet normal 0 -1 0
    outer loop
      vertex 20.3087 0 58.9592
      vertex 21.2325 0 59.3419
      vertex 20.2392 0 59.1
    endloop
  endfacet
  facet normal 0 -1 -0
    outer loop
      vertex 21.2325 0 59.3419
      vertex 20.3087 0 58.9592
      vertex 21.325 0 59.0694
    endloop
  endfacet
  facet normal 0 -1 0
    outer loop
      vertex 20.3591 0 58.8106
      vertex 21.325 0 59.0694
      vertex 20.3087 0 58.9592
    endloop
  endfacet
  facet normal 0 -1 0
    outer loop
      vertex 20.3591 0 58.8106
      vertex 21.3812 0 58.7872
      vertex 21.325 0 59.0694
    endloop
  endfacet
  facet normal 0 -1 0
    outer loop
      vertex 20.3897 0 58.6566
      vertex 21.3812 0 58.7872
      vertex 20.3591 0 58.8106
    endloop
  endfacet
  facet normal 0 -1 0
    outer loop
      vertex 20.4 0 58.5
      vertex 21.3812 0 58.7872
      vertex 20.3897 0 58.6566
    endloop
  endfacet
  facet normal 0 -1 0
    outer loop
      vertex 20.4 0 58.5
      vertex 21.4 0 58.5
      vertex 21.3812 0 58.7872
    endloop
  endfacet
  facet normal 0 -1 0
    outer loop
      vertex 20.3897 0 58.3434
      vertex 21.4 0 58.5
      vertex 20.4 0 58.5
    endloop
  endfacet
  facet normal 0 -1 0
    outer loop
      vertex 20.3897 0 58.3434
      vertex 21.3812 0 58.2128
      vertex 21.4 0 58.5
    endloop
  endfacet
  facet normal 0 -1 0
    outer loop
      vertex 20.3591 0 58.1894
      vertex 21.3812 0 58.2128
      vertex 20.3897 0 58.3434
    endloop
  endfacet
  facet normal 0 -1 0
    outer loop
      vertex 21.325 0 57.9306
      vertex 20.3591 0 58.1894
      vertex 20.3087 0 58.0408
    endloop
  endfacet
  facet normal 0 -1 0
    outer loop
      vertex 20.3591 0 58.1894
      vertex 21.325 0 57.9306
      vertex 21.3812 0 58.2128
    endloop
  endfacet
  facet normal 0 -1 0
    outer loop
      vertex 21.2325 0 57.6581
      vertex 20.3087 0 58.0408
      vertex 20.2392 0 57.9
    endloop
  endfacet
  facet normal 0 -1 0
    outer loop
      vertex 21 0 57.2425
      vertex 20.2392 0 57.9
      vertex 20.152 0 57.7695
    endloop
  endfacet
  facet normal 0 -1 0
    outer loop
      vertex 20.3087 0 58.0408
      vertex 21.2325 0 57.6581
      vertex 21.325 0 57.9306
    endloop
  endfacet
  facet normal 0 -1 0
    outer loop
      vertex 21 0 57.2425
      vertex 20.152 0 57.7695
      vertex 20.0485 0 57.6515
    endloop
  endfacet
  facet normal 0 -1 0
    outer loop
      vertex 21 0 57.2425
      vertex 20.0485 0 57.6515
      vertex 19.9305 0 57.548
    endloop
  endfacet
  facet normal 0 -1 0
    outer loop
      vertex 21 0 57.2425
      vertex 19.9305 0 57.548
      vertex 19.8 0 57.4608
    endloop
  endfacet
  facet normal 0 -1 0
    outer loop
      vertex 20.2392 0 57.9
      vertex 21.1053 0 57.4
      vertex 21.2325 0 57.6581
    endloop
  endfacet
  facet normal 0 -1 0
    outer loop
      vertex 21 0 57.2425
      vertex 19.8 0 57.4608
      vertex 19.6592 0 57.3913
    endloop
  endfacet
  facet normal 0 -1 0
    outer loop
      vertex 21 0 57.2425
      vertex 19.6592 0 57.3913
      vertex 19.5106 0 57.3409
    endloop
  endfacet
  facet normal 0 -1 0
    outer loop
      vertex 21 0 57.2425
      vertex 19.5106 0 57.3409
      vertex 19.3566 0 57.3103
    endloop
  endfacet
  facet normal 0 -1 0
    outer loop
      vertex 21 0 57.2425
      vertex 19.3566 0 57.3103
      vertex 19.2 0 57.3
    endloop
  endfacet
  facet normal 0 -1 0
    outer loop
      vertex 20.2392 0 57.9
      vertex 21 0 57.2425
      vertex 21.1053 0 57.4
    endloop
  endfacet
  facet normal 0 -1 0
    outer loop
      vertex -17.6444 0 1.94436
      vertex -8.4 0 2
      vertex -17.5956 0 2
    endloop
  endfacet
  facet normal 0 -1 0
    outer loop
      vertex -17.8607 0 1.75462
      vertex -8.4 0 2
      vertex -17.6444 0 1.94436
    endloop
  endfacet
  facet normal 0 -1 0
    outer loop
      vertex -18.1 0 1.59474
      vertex -8.4 0 2
      vertex -17.8607 0 1.75462
    endloop
  endfacet
  facet normal 0 -1 0
    outer loop
      vertex 8.4 0 2
      vertex 17.6444 0 1.94436
      vertex 17.5956 0 2
    endloop
  endfacet
  facet normal 0 -1 0
    outer loop
      vertex -18.3581 0 1.46746
      vertex -8.4 0 2
      vertex -18.1 0 1.59474
    endloop
  endfacet
  facet normal 0 -1 0
    outer loop
      vertex 8.4 0 2
      vertex 17.8607 0 1.75462
      vertex 17.6444 0 1.94436
    endloop
  endfacet
  facet normal 0 -1 0
    outer loop
      vertex -18.6306 0 1.37496
      vertex -8.4 0 2
      vertex -18.3581 0 1.46746
    endloop
  endfacet
  facet normal 0 -1 0
    outer loop
      vertex 8.4 0 2
      vertex 18.1 0 1.59474
      vertex 17.8607 0 1.75462
    endloop
  endfacet
  facet normal 0 -1 0
    outer loop
      vertex -23 0 0
      vertex -8.4 0 2
      vertex -18.6306 0 1.37496
    endloop
  endfacet
  facet normal 0 -1 0
    outer loop
      vertex 8.4 0 2
      vertex 18.3581 0 1.46746
      vertex 18.1 0 1.59474
    endloop
  endfacet
  facet normal 0 -1 -0
    outer loop
      vertex -8.4 0 2
      vertex -23 0 0
      vertex 8.4 0 2
    endloop
  endfacet
  facet normal 0 -1 0
    outer loop
      vertex 8.4 0 2
      vertex 18.6306 0 1.37496
      vertex 18.3581 0 1.46746
    endloop
  endfacet
  facet normal 0 -1 0
    outer loop
      vertex -23 0 0
      vertex -18.6306 0 1.37496
      vertex -18.9128 0 1.31882
    endloop
  endfacet
  facet normal 0 -1 0
    outer loop
      vertex 23 0 0
      vertex 8.4 0 2
      vertex -23 0 0
    endloop
  endfacet
  facet normal 0 -1 0
    outer loop
      vertex -23 0 0
      vertex -18.9128 0 1.31882
      vertex -19.2 0 1.3
    endloop
  endfacet
  facet normal 0 -1 0
    outer loop
      vertex 8.4 0 2
      vertex 23 0 0
      vertex 18.6306 0 1.37496
    endloop
  endfacet
  facet normal 0 -1 -0
    outer loop
      vertex 20.8044 0 2
      vertex 20.7556 0 1.94436
      vertex 21 0 2
    endloop
  endfacet
  facet normal 0 -1 0
    outer loop
      vertex -23 0 62
      vertex -18.6306 0 60.625
      vertex 23 0 62
    endloop
  endfacet
  facet normal 0 -1 0
    outer loop
      vertex 23 0 62
      vertex 18.9128 0 60.6812
      vertex 19.2 0 60.7
    endloop
  endfacet
  facet normal 0 -1 0
    outer loop
      vertex 18.6306 0 60.625
      vertex 23 0 62
      vertex -18.6306 0 60.625
    endloop
  endfacet
  facet normal 0 -1 0
    outer loop
      vertex 23 0 62
      vertex 18.6306 0 60.625
      vertex 18.9128 0 60.6812
    endloop
  endfacet
  facet normal 0 -1 0
    outer loop
      vertex -18.3581 0 60.5325
      vertex 18.6306 0 60.625
      vertex -18.6306 0 60.625
    endloop
  endfacet
  facet normal 0 -1 0
    outer loop
      vertex -18.3581 0 60.5325
      vertex 18.3581 0 60.5325
      vertex 18.6306 0 60.625
    endloop
  endfacet
  facet normal 0 -1 0
    outer loop
      vertex -18.1 0 60.4053
      vertex 18.3581 0 60.5325
      vertex -18.3581 0 60.5325
    endloop
  endfacet
  facet normal 0 -1 0
    outer loop
      vertex -18.1 0 60.4053
      vertex 18.1 0 60.4053
      vertex 18.3581 0 60.5325
    endloop
  endfacet
  facet normal 0 -1 0
    outer loop
      vertex -17.8607 0 60.2454
      vertex 18.1 0 60.4053
      vertex -18.1 0 60.4053
    endloop
  endfacet
  facet normal 0 -1 0
    outer loop
      vertex -17.8607 0 60.2454
      vertex 17.8607 0 60.2454
      vertex 18.1 0 60.4053
    endloop
  endfacet
  facet normal 0 -1 0
    outer loop
      vertex -17.6444 0 60.0556
      vertex 17.8607 0 60.2454
      vertex -17.8607 0 60.2454
    endloop
  endfacet
  facet normal 0 -1 0
    outer loop
      vertex -17.6444 0 60.0556
      vertex 17.6444 0 60.0556
      vertex 17.8607 0 60.2454
    endloop
  endfacet
  facet normal 0 -1 0
    outer loop
      vertex -17.5956 0 60
      vertex 17.6444 0 60.0556
      vertex -17.6444 0 60.0556
    endloop
  endfacet
  facet normal 0 -1 0
    outer loop
      vertex 17.6444 0 60.0556
      vertex -17.5956 0 60
      vertex 17.5956 0 60
    endloop
  endfacet
  facet normal 0 -1 0
    outer loop
      vertex -18.9128 0 60.6812
      vertex -23 0 62
      vertex -19.2 0 60.7
    endloop
  endfacet
  facet normal 0 -1 0
    outer loop
      vertex -23 0 62
      vertex -19.4872 0 60.6812
      vertex -19.2 0 60.7
    endloop
  endfacet
  facet normal 0 -1 0
    outer loop
      vertex -23 0 62
      vertex -19.7694 0 60.625
      vertex -19.4872 0 60.6812
    endloop
  endfacet
  facet normal 0 -1 0
    outer loop
      vertex -23 0 62
      vertex -20.0419 0 60.5325
      vertex -19.7694 0 60.625
    endloop
  endfacet
  facet normal 0 -1 0
    outer loop
      vertex -23 0 62
      vertex -20.3 0 60.4053
      vertex -20.0419 0 60.5325
    endloop
  endfacet
  facet normal 0 -1 0
    outer loop
      vertex -23 0 62
      vertex -20.5393 0 60.2454
      vertex -20.3 0 60.4053
    endloop
  endfacet
  facet normal 0 -1 0
    outer loop
      vertex -21 0 60
      vertex -20.5393 0 60.2454
      vertex -23 0 62
    endloop
  endfacet
  facet normal 0 -1 0
    outer loop
      vertex -20.5393 0 60.2454
      vertex -21 0 60
      vertex -20.7556 0 60.0556
    endloop
  endfacet
  facet normal 0 -1 0
    outer loop
      vertex -21.1053 0 59.6
      vertex -21 0 60
      vertex -23 0 62
    endloop
  endfacet
  facet normal 0 -1 -0
    outer loop
      vertex -21 0 60
      vertex -21.1053 0 59.6
      vertex -21 0 59.7575
    endloop
  endfacet
  facet normal 0 -1 0
    outer loop
      vertex -23 0 62
      vertex -21.2325 0 59.3419
      vertex -21.1053 0 59.6
    endloop
  endfacet
  facet normal 0 -1 0
    outer loop
      vertex -23 0 62
      vertex -21.325 0 59.0694
      vertex -21.2325 0 59.3419
    endloop
  endfacet
  facet normal 0 -1 0
    outer loop
      vertex -23 0 62
      vertex -21.3812 0 58.7872
      vertex -21.325 0 59.0694
    endloop
  endfacet
  facet normal 0 -1 0
    outer loop
      vertex -23 0 62
      vertex -21.4 0 58.5
      vertex -21.3812 0 58.7872
    endloop
  endfacet
  facet normal 0 -1 0
    outer loop
      vertex -23 0 62
      vertex -21.3812 0 58.2128
      vertex -21.4 0 58.5
    endloop
  endfacet
  facet normal 0 -1 0
    outer loop
      vertex -23 0 62
      vertex -21.325 0 57.9306
      vertex -21.3812 0 58.2128
    endloop
  endfacet
  facet normal 0 -1 0
    outer loop
      vertex -23 0 62
      vertex -21.2325 0 57.6581
      vertex -21.325 0 57.9306
    endloop
  endfacet
  facet normal 0 -1 0
    outer loop
      vertex -21.1053 0 57.4
      vertex -21 0 4.75752
      vertex -21 0 57.2425
    endloop
  endfacet
  facet normal 0 -1 0
    outer loop
      vertex -21.1053 0 4.6
      vertex -21.1053 0 57.4
      vertex -21.2325 0 57.6581
    endloop
  endfacet
  facet normal 0 -1 0
    outer loop
      vertex -21.2325 0 4.3419
      vertex -21.2325 0 57.6581
      vertex -23 0 62
    endloop
  endfacet
  facet normal 0 -1 0
    outer loop
      vertex -21.1053 0 57.4
      vertex -21.1053 0 4.6
      vertex -21 0 4.75752
    endloop
  endfacet
  facet normal 0 -1 0
    outer loop
      vertex -21.2325 0 57.6581
      vertex -21.2325 0 4.3419
      vertex -21.1053 0 4.6
    endloop
  endfacet
  facet normal 0 -1 0
    outer loop
      vertex -23 0 0
      vertex -21.2325 0 4.3419
      vertex -23 0 62
    endloop
  endfacet
  facet normal 0 -1 0
    outer loop
      vertex -21.2325 0 4.3419
      vertex -23 0 0
      vertex -21.325 0 4.0694
    endloop
  endfacet
  facet normal 0 -1 0
    outer loop
      vertex -21.325 0 4.0694
      vertex -23 0 0
      vertex -21.3812 0 3.78716
    endloop
  endfacet
  facet normal 0 -1 0
    outer loop
      vertex -21.1053 0 2.4
      vertex -21 0 2
      vertex -21 0 2.24247
    endloop
  endfacet
  facet normal 0 -1 0
    outer loop
      vertex -21.2325 0 2.6581
      vertex -21 0 2
      vertex -21.1053 0 2.4
    endloop
  endfacet
  facet normal 0 -1 0
    outer loop
      vertex -21 0 2
      vertex -20.7556 0 1.94436
      vertex -20.8044 0 2
    endloop
  endfacet
  facet normal 0 -1 0
    outer loop
      vertex -21 0 2
      vertex -20.5393 0 1.75462
      vertex -20.7556 0 1.94436
    endloop
  endfacet
  facet normal 0 -1 0
    outer loop
      vertex -23 0 0
      vertex -20.5393 0 1.75462
      vertex -21 0 2
    endloop
  endfacet
  facet normal 0 -1 0
    outer loop
      vertex 18.6306 0 1.37496
      vertex 23 0 0
      vertex 18.9128 0 1.31882
    endloop
  endfacet
  facet normal 0 -1 -0
    outer loop
      vertex -19.4872 0 1.31882
      vertex -23 0 0
      vertex -19.2 0 1.3
    endloop
  endfacet
  facet normal 0 -1 -0
    outer loop
      vertex -19.7694 0 1.37496
      vertex -23 0 0
      vertex -19.4872 0 1.31882
    endloop
  endfacet
  facet normal 0 -1 -0
    outer loop
      vertex -20.0419 0 1.46746
      vertex -23 0 0
      vertex -19.7694 0 1.37496
    endloop
  endfacet
  facet normal 0 -1 -0
    outer loop
      vertex -20.3 0 1.59474
      vertex -23 0 0
      vertex -20.0419 0 1.46746
    endloop
  endfacet
  facet normal 0 -1 -0
    outer loop
      vertex -20.5393 0 1.75462
      vertex -23 0 0
      vertex -20.3 0 1.59474
    endloop
  endfacet
  facet normal 0 -1 -0
    outer loop
      vertex -21.2325 0 2.6581
      vertex -23 0 0
      vertex -21 0 2
    endloop
  endfacet
  facet normal 0 -1 -0
    outer loop
      vertex -21.325 0 2.9306
      vertex -23 0 0
      vertex -21.2325 0 2.6581
    endloop
  endfacet
  facet normal 0 -1 -0
    outer loop
      vertex -21.3812 0 3.21284
      vertex -23 0 0
      vertex -21.325 0 2.9306
    endloop
  endfacet
  facet normal 0 -1 -0
    outer loop
      vertex -21.4 0 3.5
      vertex -23 0 0
      vertex -21.3812 0 3.21284
    endloop
  endfacet
  facet normal 0 -1 0
    outer loop
      vertex -21.3812 0 3.78716
      vertex -23 0 0
      vertex -21.4 0 3.5
    endloop
  endfacet
  facet normal 0 -1 0
    outer loop
      vertex -18.6306 0 60.625
      vertex -23 0 62
      vertex -18.9128 0 60.6812
    endloop
  endfacet
  facet normal 0 -1 0
    outer loop
      vertex 19.4872 0 60.6812
      vertex 23 0 62
      vertex 19.2 0 60.7
    endloop
  endfacet
  facet normal 0 -1 0
    outer loop
      vertex 19.7694 0 60.625
      vertex 23 0 62
      vertex 19.4872 0 60.6812
    endloop
  endfacet
  facet normal 0 -1 0
    outer loop
      vertex 20.0419 0 60.5325
      vertex 23 0 62
      vertex 19.7694 0 60.625
    endloop
  endfacet
  facet normal 0 -1 0
    outer loop
      vertex 20.3 0 60.4053
      vertex 23 0 62
      vertex 20.0419 0 60.5325
    endloop
  endfacet
  facet normal 0 -1 0
    outer loop
      vertex 20.5393 0 60.2454
      vertex 23 0 62
      vertex 20.3 0 60.4053
    endloop
  endfacet
  facet normal 0 -1 0
    outer loop
      vertex 21 0 60
      vertex 20.5393 0 60.2454
      vertex 20.7556 0 60.0556
    endloop
  endfacet
  facet normal 0 -1 0
    outer loop
      vertex 21 0 60
      vertex 20.7556 0 60.0556
      vertex 20.8044 0 60
    endloop
  endfacet
  facet normal 0 -1 0
    outer loop
      vertex 20.5393 0 60.2454
      vertex 21 0 60
      vertex 23 0 62
    endloop
  endfacet
  facet normal 0 -1 0
    outer loop
      vertex 21.1053 0 59.6
      vertex 21 0 60
      vertex 21 0 59.7575
    endloop
  endfacet
  facet normal 0 -1 0
    outer loop
      vertex 21 0 60
      vertex 21.1053 0 59.6
      vertex 23 0 62
    endloop
  endfacet
  facet normal 0 -1 0
    outer loop
      vertex 21.2325 0 59.3419
      vertex 23 0 62
      vertex 21.1053 0 59.6
    endloop
  endfacet
  facet normal 0 -1 0
    outer loop
      vertex 21.325 0 59.0694
      vertex 23 0 62
      vertex 21.2325 0 59.3419
    endloop
  endfacet
  facet normal 0 -1 0
    outer loop
      vertex 21.3812 0 58.7872
      vertex 23 0 62
      vertex 21.325 0 59.0694
    endloop
  endfacet
  facet normal 0 -1 0
    outer loop
      vertex 21.4 0 58.5
      vertex 23 0 62
      vertex 21.3812 0 58.7872
    endloop
  endfacet
  facet normal 0 -1 0
    outer loop
      vertex 21.3812 0 58.2128
      vertex 23 0 62
      vertex 21.4 0 58.5
    endloop
  endfacet
  facet normal 0 -1 0
    outer loop
      vertex 21.325 0 57.9306
      vertex 23 0 62
      vertex 21.3812 0 58.2128
    endloop
  endfacet
  facet normal 0 -1 0
    outer loop
      vertex 21.2325 0 57.6581
      vertex 23 0 62
      vertex 21.325 0 57.9306
    endloop
  endfacet
  facet normal 0 -1 0
    outer loop
      vertex 21 0 4.75752
      vertex 21.1053 0 57.4
      vertex 21 0 57.2425
    endloop
  endfacet
  facet normal 0 -1 0
    outer loop
      vertex 21.1053 0 4.6
      vertex 21.1053 0 57.4
      vertex 21 0 4.75752
    endloop
  endfacet
  facet normal 0 -1 0
    outer loop
      vertex 21.1053 0 57.4
      vertex 21.1053 0 4.6
      vertex 21.2325 0 57.6581
    endloop
  endfacet
  facet normal 0 -1 0
    outer loop
      vertex 21.2325 0 4.3419
      vertex 21.2325 0 57.6581
      vertex 21.1053 0 4.6
    endloop
  endfacet
  facet normal 0 -1 0
    outer loop
      vertex 21.2325 0 57.6581
      vertex 21.2325 0 4.3419
      vertex 23 0 62
    endloop
  endfacet
  facet normal 0 -1 0
    outer loop
      vertex 23 0 0
      vertex 21.2325 0 4.3419
      vertex 21.325 0 4.0694
    endloop
  endfacet
  facet normal 0 -1 0
    outer loop
      vertex 23 0 0
      vertex 21.325 0 4.0694
      vertex 21.3812 0 3.78716
    endloop
  endfacet
  facet normal 0 -1 0
    outer loop
      vertex 23 0 0
      vertex 21.3812 0 3.78716
      vertex 21.4 0 3.5
    endloop
  endfacet
  facet normal 0 -1 0
    outer loop
      vertex 21 0 2
      vertex 21.1053 0 2.4
      vertex 21 0 2.24247
    endloop
  endfacet
  facet normal 0 -1 0
    outer loop
      vertex 21 0 2
      vertex 21.2325 0 2.6581
      vertex 21.1053 0 2.4
    endloop
  endfacet
  facet normal 0 -1 0
    outer loop
      vertex 20.5393 0 1.75462
      vertex 21 0 2
      vertex 20.7556 0 1.94436
    endloop
  endfacet
  facet normal 0 -1 0
    outer loop
      vertex 23 0 0
      vertex 20.5393 0 1.75462
      vertex 20.3 0 1.59474
    endloop
  endfacet
  facet normal 0 -1 0
    outer loop
      vertex 21.2325 0 4.3419
      vertex 23 0 0
      vertex 23 0 62
    endloop
  endfacet
  facet normal 0 -1 0
    outer loop
      vertex 21.3812 0 3.21284
      vertex 23 0 0
      vertex 21.4 0 3.5
    endloop
  endfacet
  facet normal 0 -1 0
    outer loop
      vertex 21.325 0 2.9306
      vertex 23 0 0
      vertex 21.3812 0 3.21284
    endloop
  endfacet
  facet normal 0 -1 0
    outer loop
      vertex 21.2325 0 2.6581
      vertex 23 0 0
      vertex 21.325 0 2.9306
    endloop
  endfacet
  facet normal 0 -1 0
    outer loop
      vertex 21 0 2
      vertex 23 0 0
      vertex 21.2325 0 2.6581
    endloop
  endfacet
  facet normal 0 -1 0
    outer loop
      vertex 20.5393 0 1.75462
      vertex 23 0 0
      vertex 21 0 2
    endloop
  endfacet
  facet normal 0 -1 0
    outer loop
      vertex 20.0419 0 1.46746
      vertex 23 0 0
      vertex 20.3 0 1.59474
    endloop
  endfacet
  facet normal 0 -1 0
    outer loop
      vertex 19.7694 0 1.37496
      vertex 23 0 0
      vertex 20.0419 0 1.46746
    endloop
  endfacet
  facet normal 0 -1 0
    outer loop
      vertex 19.4872 0 1.31882
      vertex 23 0 0
      vertex 19.7694 0 1.37496
    endloop
  endfacet
  facet normal 0 -1 0
    outer loop
      vertex 19.2 0 1.3
      vertex 23 0 0
      vertex 19.4872 0 1.31882
    endloop
  endfacet
  facet normal 0 -1 0
    outer loop
      vertex 18.9128 0 1.31882
      vertex 23 0 0
      vertex 19.2 0 1.3
    endloop
  endfacet
  facet normal 0 -1 0
    outer loop
      vertex -20.7556 0 60.0556
      vertex -21 0 60
      vertex -20.8044 0 60
    endloop
  endfacet
  facet normal 0 -1 0
    outer loop
      vertex -8.4 0 25.4
      vertex -5.4 0 23.4
      vertex 8.4 0 25.4
    endloop
  endfacet
  facet normal 0 -1 0
    outer loop
      vertex -8.4 0 25.4
      vertex -5.4 0 10.6
      vertex -5.4 0 23.4
    endloop
  endfacet
  facet normal 0 -1 -0
    outer loop
      vertex -5.4 0 10.6
      vertex -8.4 0 2
      vertex 5.4 0 10.6
    endloop
  endfacet
  facet normal 0 -1 0
    outer loop
      vertex -8.4 0 2
      vertex -5.4 0 10.6
      vertex -8.4 0 25.4
    endloop
  endfacet
  facet normal 0 -1 0
    outer loop
      vertex 5.4 0 23.4
      vertex 8.4 0 25.4
      vertex -5.4 0 23.4
    endloop
  endfacet
  facet normal 0 -1 0
    outer loop
      vertex 5.4 0 10.6
      vertex 8.4 0 25.4
      vertex 5.4 0 23.4
    endloop
  endfacet
  facet normal 0 -1 0
    outer loop
      vertex 5.4 0 10.6
      vertex 8.4 0 2
      vertex 8.4 0 25.4
    endloop
  endfacet
  facet normal 0 -1 0
    outer loop
      vertex 8.4 0 2
      vertex 5.4 0 10.6
      vertex -8.4 0 2
    endloop
  endfacet
  facet normal -1 0 0
    outer loop
      vertex -8.4 0 2
      vertex -8.4 2.08 25.4
      vertex -8.4 2.08 2
    endloop
  endfacet
  facet normal -1 -0 0
    outer loop
      vertex -8.4 2.08 25.4
      vertex -8.4 0 2
      vertex -8.4 0 25.4
    endloop
  endfacet
  facet normal -0 0 1
    outer loop
      vertex -8.4 2.08 25.4
      vertex 8.4 0 25.4
      vertex 8.4 2.08 25.4
    endloop
  endfacet
  facet normal 0 0 1
    outer loop
      vertex 8.4 0 25.4
      vertex -8.4 2.08 25.4
      vertex -8.4 0 25.4
    endloop
  endfacet
  facet normal 1 -0 0
    outer loop
      vertex 8.4 0 25.4
      vertex 8.4 2.08 2
      vertex 8.4 2.08 25.4
    endloop
  endfacet
  facet normal 1 0 0
    outer loop
      vertex 8.4 2.08 2
      vertex 8.4 0 25.4
      vertex 8.4 0 2
    endloop
  endfacet
  facet normal 0 1 0
    outer loop
      vertex 8.4 2.08 25.4
      vertex 5.4 2.08 23.4
      vertex -8.4 2.08 25.4
    endloop
  endfacet
  facet normal 0 1 0
    outer loop
      vertex 8.4 2.08 25.4
      vertex 5.4 2.08 10.6
      vertex 5.4 2.08 23.4
    endloop
  endfacet
  facet normal 0 1 0
    outer loop
      vertex 5.4 2.08 10.6
      vertex 8.4 2.08 2
      vertex -5.4 2.08 10.6
    endloop
  endfacet
  facet normal 0 1 -0
    outer loop
      vertex 8.4 2.08 2
      vertex 5.4 2.08 10.6
      vertex 8.4 2.08 25.4
    endloop
  endfacet
  facet normal 0 1 -0
    outer loop
      vertex -5.4 2.08 23.4
      vertex -8.4 2.08 25.4
      vertex 5.4 2.08 23.4
    endloop
  endfacet
  facet normal 0 1 -0
    outer loop
      vertex -5.4 2.08 10.6
      vertex -8.4 2.08 25.4
      vertex -5.4 2.08 23.4
    endloop
  endfacet
  facet normal 0 1 0
    outer loop
      vertex -5.4 2.08 10.6
      vertex -8.4 2.08 2
      vertex -8.4 2.08 25.4
    endloop
  endfacet
  facet normal 0 1 0
    outer loop
      vertex -8.4 2.08 2
      vertex -5.4 2.08 10.6
      vertex 8.4 2.08 2
    endloop
  endfacet
  facet normal -1 0 0
    outer loop
      vertex -8.4 7.9 2
      vertex -8.4 10.9 25.4
      vertex -8.4 10.9 2
    endloop
  endfacet
  facet normal -1 -0 0
    outer loop
      vertex -8.4 10.9 25.4
      vertex -8.4 7.9 2
      vertex -8.4 7.9 25.4
    endloop
  endfacet
  facet normal -0 0 1
    outer loop
      vertex -8.4 10.9 25.4
      vertex 8.4 7.9 25.4
      vertex 8.4 10.9 25.4
    endloop
  endfacet
  facet normal 0 0 1
    outer loop
      vertex 8.4 7.9 25.4
      vertex -8.4 10.9 25.4
      vertex -8.4 7.9 25.4
    endloop
  endfacet
  facet normal 1 -0 0
    outer loop
      vertex 8.4 7.9 25.4
      vertex 8.4 10.9 2
      vertex 8.4 10.9 25.4
    endloop
  endfacet
  facet normal 1 0 0
    outer loop
      vertex 8.4 10.9 2
      vertex 8.4 7.9 25.4
      vertex 8.4 7.9 2
    endloop
  endfacet
  facet normal 0 1 0
    outer loop
      vertex 8.4 10.9 25.4
      vertex 5.4 10.9 23.4
      vertex -8.4 10.9 25.4
    endloop
  endfacet
  facet normal 0 1 0
    outer loop
      vertex 8.4 10.9 25.4
      vertex 5.4 10.9 10.6
      vertex 5.4 10.9 23.4
    endloop
  endfacet
  facet normal 0 1 0
    outer loop
      vertex 5.4 10.9 10.6
      vertex 8.4 10.9 2
      vertex -5.4 10.9 10.6
    endloop
  endfacet
  facet normal 0 1 -0
    outer loop
      vertex 8.4 10.9 2
      vertex 5.4 10.9 10.6
      vertex 8.4 10.9 25.4
    endloop
  endfacet
  facet normal 0 1 -0
    outer loop
      vertex -5.4 10.9 23.4
      vertex -8.4 10.9 25.4
      vertex 5.4 10.9 23.4
    endloop
  endfacet
  facet normal 0 1 -0
    outer loop
      vertex -5.4 10.9 10.6
      vertex -8.4 10.9 25.4
      vertex -5.4 10.9 23.4
    endloop
  endfacet
  facet normal 0 1 0
    outer loop
      vertex -5.4 10.9 10.6
      vertex -8.4 10.9 2
      vertex -8.4 10.9 25.4
    endloop
  endfacet
  facet normal 0 1 0
    outer loop
      vertex -8.4 10.9 2
      vertex -5.4 10.9 10.6
      vertex 8.4 10.9 2
    endloop
  endfacet
  facet normal 0 -1 0
    outer loop
      vertex -8.4 7.9 25.4
      vertex -5.4 7.9 23.4
      vertex 8.4 7.9 25.4
    endloop
  endfacet
  facet normal 0 -1 0
    outer loop
      vertex -8.4 7.9 25.4
      vertex -5.4 7.9 10.6
      vertex -5.4 7.9 23.4
    endloop
  endfacet
  facet normal 0 -1 -0
    outer loop
      vertex -5.4 7.9 10.6
      vertex -8.4 7.9 2
      vertex 5.4 7.9 10.6
    endloop
  endfacet
  facet normal 0 -1 0
    outer loop
      vertex -8.4 7.9 2
      vertex -5.4 7.9 10.6
      vertex -8.4 7.9 25.4
    endloop
  endfacet
  facet normal 0 -1 0
    outer loop
      vertex 5.4 7.9 23.4
      vertex 8.4 7.9 25.4
      vertex -5.4 7.9 23.4
    endloop
  endfacet
  facet normal 0 -1 0
    outer loop
      vertex 5.4 7.9 10.6
      vertex 8.4 7.9 25.4
      vertex 5.4 7.9 23.4
    endloop
  endfacet
  facet normal 0 -1 0
    outer loop
      vertex 5.4 7.9 10.6
      vertex 8.4 7.9 2
      vertex 8.4 7.9 25.4
    endloop
  endfacet
  facet normal 0 -1 0
    outer loop
      vertex 8.4 7.9 2
      vertex 5.4 7.9 10.6
      vertex -8.4 7.9 2
    endloop
  endfacet
  facet normal -1 0 0
    outer loop
      vertex -8.4 14.7 2
      vertex -8.4 17.7 25.4
      vertex -8.4 17.7 2
    endloop
  endfacet
  facet normal -1 -0 0
    outer loop
      vertex -8.4 17.7 25.4
      vertex -8.4 14.7 2
      vertex -8.4 14.7 25.4
    endloop
  endfacet
  facet normal -0 0 1
    outer loop
      vertex -8.4 17.7 25.4
      vertex 8.4 14.7 25.4
      vertex 8.4 17.7 25.4
    endloop
  endfacet
  facet normal 0 0 1
    outer loop
      vertex 8.4 14.7 25.4
      vertex -8.4 17.7 25.4
      vertex -8.4 14.7 25.4
    endloop
  endfacet
  facet normal 1 -0 0
    outer loop
      vertex 8.4 14.7 25.4
      vertex 8.4 17.7 2
      vertex 8.4 17.7 25.4
    endloop
  endfacet
  facet normal 1 0 0
    outer loop
      vertex 8.4 17.7 2
      vertex 8.4 14.7 25.4
      vertex 8.4 14.7 2
    endloop
  endfacet
  facet normal 0 1 -0
    outer loop
      vertex 8.4 17.7 2
      vertex -8.4 17.7 25.4
      vertex 8.4 17.7 25.4
    endloop
  endfacet
  facet normal 0 1 0
    outer loop
      vertex -8.4 17.7 25.4
      vertex 8.4 17.7 2
      vertex -8.4 17.7 2
    endloop
  endfacet
  facet normal 0 -1 0
    outer loop
      vertex -8.4 14.7 25.4
      vertex -5.4 14.7 23.4
      vertex 8.4 14.7 25.4
    endloop
  endfacet
  facet normal 0 -1 0
    outer loop
      vertex -8.4 14.7 25.4
      vertex -5.4 14.7 10.6
      vertex -5.4 14.7 23.4
    endloop
  endfacet
  facet normal 0 -1 -0
    outer loop
      vertex -5.4 14.7 10.6
      vertex -8.4 14.7 2
      vertex 5.4 14.7 10.6
    endloop
  endfacet
  facet normal 0 -1 0
    outer loop
      vertex -8.4 14.7 2
      vertex -5.4 14.7 10.6
      vertex -8.4 14.7 25.4
    endloop
  endfacet
  facet normal 0 -1 0
    outer loop
      vertex 5.4 14.7 23.4
      vertex 8.4 14.7 25.4
      vertex -5.4 14.7 23.4
    endloop
  endfacet
  facet normal 0 -1 0
    outer loop
      vertex 5.4 14.7 10.6
      vertex 8.4 14.7 25.4
      vertex 5.4 14.7 23.4
    endloop
  endfacet
  facet normal 0 -1 0
    outer loop
      vertex 5.4 14.7 10.6
      vertex 8.4 14.7 2
      vertex 8.4 14.7 25.4
    endloop
  endfacet
  facet normal 0 -1 0
    outer loop
      vertex 8.4 14.7 2
      vertex 5.4 14.7 10.6
      vertex -8.4 14.7 2
    endloop
  endfacet
  facet normal 0 -1 0
    outer loop
      vertex -5.4 14.7 10.6
      vertex 5.4 14.7 23.4
      vertex -5.4 14.7 23.4
    endloop
  endfacet
  facet normal 0 -1 -0
    outer loop
      vertex 5.4 14.7 23.4
      vertex -5.4 14.7 10.6
      vertex 5.4 14.7 10.6
    endloop
  endfacet
  facet normal 1 -0 0
    outer loop
      vertex -5.4 0 23.4
      vertex -5.4 2.08 10.6
      vertex -5.4 2.08 23.4
    endloop
  endfacet
  facet normal 1 0 0
    outer loop
      vertex -5.4 2.08 10.6
      vertex -5.4 0 23.4
      vertex -5.4 0 10.6
    endloop
  endfacet
  facet normal 1 -0 0
    outer loop
      vertex -5.4 10.2907 23.4
      vertex -5.4 10.9 10.6
      vertex -5.4 10.9 23.4
    endloop
  endfacet
  facet normal 1 0 0
    outer loop
      vertex -5.4 10.9 10.6
      vertex -5.4 10.2907 23.4
      vertex -5.4 10.2907 10.6
    endloop
  endfacet
  facet normal 1 -0 0
    outer loop
      vertex -5.4 7.9 23.4
      vertex -5.4 8.50932 10.6
      vertex -5.4 8.50932 23.4
    endloop
  endfacet
  facet normal 1 0 0
    outer loop
      vertex -5.4 8.50932 10.6
      vertex -5.4 7.9 23.4
      vertex -5.4 7.9 10.6
    endloop
  endfacet
  facet normal 0 0 -1
    outer loop
      vertex -5.4 0 23.4
      vertex 5.4 2.08 23.4
      vertex 5.4 0 23.4
    endloop
  endfacet
  facet normal -0 0 -1
    outer loop
      vertex 5.4 2.08 23.4
      vertex -5.4 0 23.4
      vertex -5.4 2.08 23.4
    endloop
  endfacet
  facet normal 0 0 -1
    outer loop
      vertex 5.4 7.9 23.4
      vertex 5.35 8.53397 23.4
      vertex 5.4 8.50932 23.4
    endloop
  endfacet
  facet normal 0 0 -1
    outer loop
      vertex 5.4 7.9 23.4
      vertex 5.24124 8.60665 23.4
      vertex 5.35 8.53397 23.4
    endloop
  endfacet
  facet normal 0 0 -1
    outer loop
      vertex 5.4 7.9 23.4
      vertex 5.14289 8.69289 23.4
      vertex 5.24124 8.60665 23.4
    endloop
  endfacet
  facet normal 0 0 -1
    outer loop
      vertex 5.4 7.9 23.4
      vertex 5.05665 8.79124 23.4
      vertex 5.14289 8.69289 23.4
    endloop
  endfacet
  facet normal 0 0 -1
    outer loop
      vertex 5.4 7.9 23.4
      vertex 4.98397 8.9 23.4
      vertex 5.05665 8.79124 23.4
    endloop
  endfacet
  facet normal 0 0 -1
    outer loop
      vertex -4.98397 8.9 23.4
      vertex 4.98397 8.9 23.4
      vertex 5.4 7.9 23.4
    endloop
  endfacet
  facet normal 0 0 -1
    outer loop
      vertex 4.85855 9.26947 23.4
      vertex -4.85 9.4 23.4
      vertex 4.85 9.4 23.4
    endloop
  endfacet
  facet normal 0 0 -1
    outer loop
      vertex -4.85855 9.26947 23.4
      vertex 4.85855 9.26947 23.4
      vertex 4.88407 9.14118 23.4
    endloop
  endfacet
  facet normal 0 0 -1
    outer loop
      vertex -4.88407 9.14118 23.4
      vertex 4.88407 9.14118 23.4
      vertex 4.92612 9.01732 23.4
    endloop
  endfacet
  facet normal 0 0 -1
    outer loop
      vertex 4.98397 8.9 23.4
      vertex -4.98397 8.9 23.4
      vertex 4.92612 9.01732 23.4
    endloop
  endfacet
  facet normal 0 0 -1
    outer loop
      vertex 4.85855 9.26947 23.4
      vertex -4.85855 9.26947 23.4
      vertex -4.85 9.4 23.4
    endloop
  endfacet
  facet normal 0 0 -1
    outer loop
      vertex 4.88407 9.14118 23.4
      vertex -4.88407 9.14118 23.4
      vertex -4.85855 9.26947 23.4
    endloop
  endfacet
  facet normal 0 0 -1
    outer loop
      vertex 4.92612 9.01732 23.4
      vertex -4.92612 9.01732 23.4
      vertex -4.88407 9.14118 23.4
    endloop
  endfacet
  facet normal -0 0 -1
    outer loop
      vertex 4.92612 9.01732 23.4
      vertex -4.98397 8.9 23.4
      vertex -4.92612 9.01732 23.4
    endloop
  endfacet
  facet normal 0 0 -1
    outer loop
      vertex -5.4 7.9 23.4
      vertex -4.98397 8.9 23.4
      vertex 5.4 7.9 23.4
    endloop
  endfacet
  facet normal 0 0 -1
    outer loop
      vertex -4.98397 8.9 23.4
      vertex -5.4 7.9 23.4
      vertex -5.05665 8.79124 23.4
    endloop
  endfacet
  facet normal 0 0 -1
    outer loop
      vertex -5.05665 8.79124 23.4
      vertex -5.4 7.9 23.4
      vertex -5.14289 8.69289 23.4
    endloop
  endfacet
  facet normal 0 0 -1
    outer loop
      vertex -5.14289 8.69289 23.4
      vertex -5.4 7.9 23.4
      vertex -5.24124 8.60665 23.4
    endloop
  endfacet
  facet normal 0 0 -1
    outer loop
      vertex -5.24124 8.60665 23.4
      vertex -5.4 7.9 23.4
      vertex -5.35 8.53397 23.4
    endloop
  endfacet
  facet normal 0 0 -1
    outer loop
      vertex -5.35 8.53397 23.4
      vertex -5.4 7.9 23.4
      vertex -5.4 8.50932 23.4
    endloop
  endfacet
  facet normal 0 0 -1
    outer loop
      vertex 5.35 10.266 23.4
      vertex 5.4 10.9 23.4
      vertex 5.4 10.2907 23.4
    endloop
  endfacet
  facet normal 0 0 -1
    outer loop
      vertex 5.24124 10.1934 23.4
      vertex 5.4 10.9 23.4
      vertex 5.35 10.266 23.4
    endloop
  endfacet
  facet normal 0 0 -1
    outer loop
      vertex 5.14289 10.1071 23.4
      vertex 5.4 10.9 23.4
      vertex 5.24124 10.1934 23.4
    endloop
  endfacet
  facet normal 0 0 -1
    outer loop
      vertex 5.05665 10.0088 23.4
      vertex 5.4 10.9 23.4
      vertex 5.14289 10.1071 23.4
    endloop
  endfacet
  facet normal 0 0 -1
    outer loop
      vertex 4.98397 9.9 23.4
      vertex 5.4 10.9 23.4
      vertex 5.05665 10.0088 23.4
    endloop
  endfacet
  facet normal 0 0 -1
    outer loop
      vertex -4.98397 9.9 23.4
      vertex 4.98397 9.9 23.4
      vertex 4.92612 9.78268 23.4
    endloop
  endfacet
  facet normal 0 0 -1
    outer loop
      vertex -4.85 9.4 23.4
      vertex 4.85855 9.53053 23.4
      vertex 4.85 9.4 23.4
    endloop
  endfacet
  facet normal 0 0 -1
    outer loop
      vertex -4.85855 9.53053 23.4
      vertex 4.85855 9.53053 23.4
      vertex -4.85 9.4 23.4
    endloop
  endfacet
  facet normal 0 0 -1
    outer loop
      vertex 4.85855 9.53053 23.4
      vertex -4.85855 9.53053 23.4
      vertex 4.88407 9.65882 23.4
    endloop
  endfacet
  facet normal 0 0 -1
    outer loop
      vertex -4.88407 9.65882 23.4
      vertex 4.88407 9.65882 23.4
      vertex -4.85855 9.53053 23.4
    endloop
  endfacet
  facet normal 0 0 -1
    outer loop
      vertex 4.88407 9.65882 23.4
      vertex -4.88407 9.65882 23.4
      vertex 4.92612 9.78268 23.4
    endloop
  endfacet
  facet normal 0 0 -1
    outer loop
      vertex -4.92612 9.78268 23.4
      vertex 4.92612 9.78268 23.4
      vertex -4.88407 9.65882 23.4
    endloop
  endfacet
  facet normal 0 0 -1
    outer loop
      vertex -4.98397 9.9 23.4
      vertex 4.92612 9.78268 23.4
      vertex -4.92612 9.78268 23.4
    endloop
  endfacet
  facet normal 0 0 -1
    outer loop
      vertex 4.98397 9.9 23.4
      vertex -4.98397 9.9 23.4
      vertex 5.4 10.9 23.4
    endloop
  endfacet
  facet normal 0 0 -1
    outer loop
      vertex -5.4 10.9 23.4
      vertex -4.98397 9.9 23.4
      vertex -5.05665 10.0088 23.4
    endloop
  endfacet
  facet normal 0 0 -1
    outer loop
      vertex -5.4 10.9 23.4
      vertex -5.05665 10.0088 23.4
      vertex -5.14289 10.1071 23.4
    endloop
  endfacet
  facet normal 0 0 -1
    outer loop
      vertex -5.4 10.9 23.4
      vertex -5.14289 10.1071 23.4
      vertex -5.24124 10.1934 23.4
    endloop
  endfacet
  facet normal 0 0 -1
    outer loop
      vertex -5.4 10.9 23.4
      vertex -5.24124 10.1934 23.4
      vertex -5.35 10.266 23.4
    endloop
  endfacet
  facet normal 0 0 -1
    outer loop
      vertex -5.4 10.9 23.4
      vertex -5.35 10.266 23.4
      vertex -5.4 10.2907 23.4
    endloop
  endfacet
  facet normal 0 0 -1
    outer loop
      vertex -4.98397 9.9 23.4
      vertex -5.4 10.9 23.4
      vertex 5.4 10.9 23.4
    endloop
  endfacet
  facet normal -1 0 0
    outer loop
      vertex 5.4 0 10.6
      vertex 5.4 2.08 23.4
      vertex 5.4 2.08 10.6
    endloop
  endfacet
  facet normal -1 -0 0
    outer loop
      vertex 5.4 2.08 23.4
      vertex 5.4 0 10.6
      vertex 5.4 0 23.4
    endloop
  endfacet
  facet normal -1 0 0
    outer loop
      vertex 5.4 10.2907 10.6
      vertex 5.4 10.9 23.4
      vertex 5.4 10.9 10.6
    endloop
  endfacet
  facet normal -1 -0 0
    outer loop
      vertex 5.4 10.9 23.4
      vertex 5.4 10.2907 10.6
      vertex 5.4 10.2907 23.4
    endloop
  endfacet
  facet normal -1 0 0
    outer loop
      vertex 5.4 7.9 10.6
      vertex 5.4 8.50932 23.4
      vertex 5.4 8.50932 10.6
    endloop
  endfacet
  facet normal -1 -0 0
    outer loop
      vertex 5.4 8.50932 23.4
      vertex 5.4 7.9 10.6
      vertex 5.4 7.9 23.4
    endloop
  endfacet
  facet normal -0 0 1
    outer loop
      vertex -5.4 2.08 10.6
      vertex 5.4 0 10.6
      vertex 5.4 2.08 10.6
    endloop
  endfacet
  facet normal 0 0 1
    outer loop
      vertex 5.4 0 10.6
      vertex -5.4 2.08 10.6
      vertex -5.4 0 10.6
    endloop
  endfacet
  facet normal 0 0 1
    outer loop
      vertex 5.4 10.9 10.6
      vertex 5.35 10.266 10.6
      vertex 5.4 10.2907 10.6
    endloop
  endfacet
  facet normal 0 0 1
    outer loop
      vertex 5.4 10.9 10.6
      vertex 5.24124 10.1934 10.6
      vertex 5.35 10.266 10.6
    endloop
  endfacet
  facet normal 0 0 1
    outer loop
      vertex 5.4 10.9 10.6
      vertex 5.14289 10.1071 10.6
      vertex 5.24124 10.1934 10.6
    endloop
  endfacet
  facet normal 0 0 1
    outer loop
      vertex 5.4 10.9 10.6
      vertex 5.05665 10.0088 10.6
      vertex 5.14289 10.1071 10.6
    endloop
  endfacet
  facet normal 0 0 1
    outer loop
      vertex 5.4 10.9 10.6
      vertex 4.98397 9.9 10.6
      vertex 5.05665 10.0088 10.6
    endloop
  endfacet
  facet normal 0 0 1
    outer loop
      vertex -4.98397 9.9 10.6
      vertex 4.98397 9.9 10.6
      vertex 5.4 10.9 10.6
    endloop
  endfacet
  facet normal 0 0 1
    outer loop
      vertex 4.85855 9.53053 10.6
      vertex -4.85 9.4 10.6
      vertex 4.85 9.4 10.6
    endloop
  endfacet
  facet normal 0 0 1
    outer loop
      vertex -4.85855 9.53053 10.6
      vertex 4.85855 9.53053 10.6
      vertex 4.88407 9.65882 10.6
    endloop
  endfacet
  facet normal 0 0 1
    outer loop
      vertex -4.88407 9.65882 10.6
      vertex 4.88407 9.65882 10.6
      vertex 4.92612 9.78268 10.6
    endloop
  endfacet
  facet normal 0 0 1
    outer loop
      vertex 4.98397 9.9 10.6
      vertex -4.98397 9.9 10.6
      vertex 4.92612 9.78268 10.6
    endloop
  endfacet
  facet normal 0 0 1
    outer loop
      vertex 4.85855 9.53053 10.6
      vertex -4.85855 9.53053 10.6
      vertex -4.85 9.4 10.6
    endloop
  endfacet
  facet normal 0 0 1
    outer loop
      vertex 4.88407 9.65882 10.6
      vertex -4.88407 9.65882 10.6
      vertex -4.85855 9.53053 10.6
    endloop
  endfacet
  facet normal 0 0 1
    outer loop
      vertex 4.92612 9.78268 10.6
      vertex -4.92612 9.78268 10.6
      vertex -4.88407 9.65882 10.6
    endloop
  endfacet
  facet normal 0 0 1
    outer loop
      vertex 4.92612 9.78268 10.6
      vertex -4.98397 9.9 10.6
      vertex -4.92612 9.78268 10.6
    endloop
  endfacet
  facet normal -0 0 1
    outer loop
      vertex -5.4 10.9 10.6
      vertex -4.98397 9.9 10.6
      vertex 5.4 10.9 10.6
    endloop
  endfacet
  facet normal 0 0 1
    outer loop
      vertex -4.98397 9.9 10.6
      vertex -5.4 10.9 10.6
      vertex -5.05665 10.0088 10.6
    endloop
  endfacet
  facet normal 0 0 1
    outer loop
      vertex -5.05665 10.0088 10.6
      vertex -5.4 10.9 10.6
      vertex -5.14289 10.1071 10.6
    endloop
  endfacet
  facet normal 0 0 1
    outer loop
      vertex -5.14289 10.1071 10.6
      vertex -5.4 10.9 10.6
      vertex -5.24124 10.1934 10.6
    endloop
  endfacet
  facet normal 0 0 1
    outer loop
      vertex -5.24124 10.1934 10.6
      vertex -5.4 10.9 10.6
      vertex -5.35 10.266 10.6
    endloop
  endfacet
  facet normal 0 0 1
    outer loop
      vertex -5.35 10.266 10.6
      vertex -5.4 10.9 10.6
      vertex -5.4 10.2907 10.6
    endloop
  endfacet
  facet normal 0 0 1
    outer loop
      vertex 5.35 8.53397 10.6
      vertex 5.4 7.9 10.6
      vertex 5.4 8.50932 10.6
    endloop
  endfacet
  facet normal 0 0 1
    outer loop
      vertex 5.24124 8.60665 10.6
      vertex 5.4 7.9 10.6
      vertex 5.35 8.53397 10.6
    endloop
  endfacet
  facet normal 0 0 1
    outer loop
      vertex 5.14289 8.69289 10.6
      vertex 5.4 7.9 10.6
      vertex 5.24124 8.60665 10.6
    endloop
  endfacet
  facet normal 0 0 1
    outer loop
      vertex 5.05665 8.79124 10.6
      vertex 5.4 7.9 10.6
      vertex 5.14289 8.69289 10.6
    endloop
  endfacet
  facet normal 0 0 1
    outer loop
      vertex 4.98397 8.9 10.6
      vertex 5.4 7.9 10.6
      vertex 5.05665 8.79124 10.6
    endloop
  endfacet
  facet normal 0 0 1
    outer loop
      vertex -4.98397 8.9 10.6
      vertex 4.98397 8.9 10.6
      vertex 4.92612 9.01732 10.6
    endloop
  endfacet
  facet normal -0 0 1
    outer loop
      vertex -4.85 9.4 10.6
      vertex 4.85855 9.26947 10.6
      vertex 4.85 9.4 10.6
    endloop
  endfacet
  facet normal 0 0 1
    outer loop
      vertex -4.85855 9.26947 10.6
      vertex 4.85855 9.26947 10.6
      vertex -4.85 9.4 10.6
    endloop
  endfacet
  facet normal 0 0 1
    outer loop
      vertex 4.85855 9.26947 10.6
      vertex -4.85855 9.26947 10.6
      vertex 4.88407 9.14118 10.6
    endloop
  endfacet
  facet normal 0 0 1
    outer loop
      vertex -4.88407 9.14118 10.6
      vertex 4.88407 9.14118 10.6
      vertex -4.85855 9.26947 10.6
    endloop
  endfacet
  facet normal 0 0 1
    outer loop
      vertex 4.88407 9.14118 10.6
      vertex -4.88407 9.14118 10.6
      vertex 4.92612 9.01732 10.6
    endloop
  endfacet
  facet normal 0 0 1
    outer loop
      vertex -4.92612 9.01732 10.6
      vertex 4.92612 9.01732 10.6
      vertex -4.88407 9.14118 10.6
    endloop
  endfacet
  facet normal 0 0 1
    outer loop
      vertex -4.98397 8.9 10.6
      vertex 4.92612 9.01732 10.6
      vertex -4.92612 9.01732 10.6
    endloop
  endfacet
  facet normal 0 0 1
    outer loop
      vertex 4.98397 8.9 10.6
      vertex -4.98397 8.9 10.6
      vertex 5.4 7.9 10.6
    endloop
  endfacet
  facet normal 0 0 1
    outer loop
      vertex -5.4 7.9 10.6
      vertex -4.98397 8.9 10.6
      vertex -5.05665 8.79124 10.6
    endloop
  endfacet
  facet normal 0 0 1
    outer loop
      vertex -5.4 7.9 10.6
      vertex -5.05665 8.79124 10.6
      vertex -5.14289 8.69289 10.6
    endloop
  endfacet
  facet normal 0 0 1
    outer loop
      vertex -5.4 7.9 10.6
      vertex -5.14289 8.69289 10.6
      vertex -5.24124 8.60665 10.6
    endloop
  endfacet
  facet normal 0 0 1
    outer loop
      vertex -5.4 7.9 10.6
      vertex -5.24124 8.60665 10.6
      vertex -5.35 8.53397 10.6
    endloop
  endfacet
  facet normal 0 0 1
    outer loop
      vertex -5.4 7.9 10.6
      vertex -5.35 8.53397 10.6
      vertex -5.4 8.50932 10.6
    endloop
  endfacet
  facet normal 0 0 1
    outer loop
      vertex -4.98397 8.9 10.6
      vertex -5.4 7.9 10.6
      vertex 5.4 7.9 10.6
    endloop
  endfacet
  facet normal 0.997862 0.0653621 0
    outer loop
      vertex -4.85 9.4 23.4
      vertex -4.85855 9.53053 10.6
      vertex -4.85855 9.53053 23.4
    endloop
  endfacet
  facet normal 0.997862 0.0653621 0
    outer loop
      vertex -4.85855 9.53053 10.6
      vertex -4.85 9.4 23.4
      vertex -4.85 9.4 10.6
    endloop
  endfacet
  facet normal 0.659559 0.751653 -0
    outer loop
      vertex -5.14289 10.1071 10.6
      vertex -5.24124 10.1934 23.4
      vertex -5.14289 10.1071 23.4
    endloop
  endfacet
  facet normal 0.659559 0.751653 0
    outer loop
      vertex -5.24124 10.1934 23.4
      vertex -5.14289 10.1071 10.6
      vertex -5.24124 10.1934 10.6
    endloop
  endfacet
  facet normal 0.89689 0.442253 0
    outer loop
      vertex -4.92612 9.78268 23.4
      vertex -4.98397 9.9 10.6
      vertex -4.98397 9.9 23.4
    endloop
  endfacet
  facet normal 0.89689 0.442253 0
    outer loop
      vertex -4.98397 9.9 10.6
      vertex -4.92612 9.78268 23.4
      vertex -4.92612 9.78268 10.6
    endloop
  endfacet
  facet normal 0.831533 0.555476 0
    outer loop
      vertex -4.98397 9.9 23.4
      vertex -5.05665 10.0088 10.6
      vertex -5.05665 10.0088 23.4
    endloop
  endfacet
  facet normal 0.831533 0.555476 0
    outer loop
      vertex -5.05665 10.0088 10.6
      vertex -4.98397 9.9 23.4
      vertex -4.98397 9.9 10.6
    endloop
  endfacet
  facet normal 0.442905 0.896569 -0
    outer loop
      vertex -5.35 10.266 10.6
      vertex -5.4 10.2907 23.4
      vertex -5.35 10.266 23.4
    endloop
  endfacet
  facet normal 0.442905 0.896569 0
    outer loop
      vertex -5.4 10.2907 23.4
      vertex -5.35 10.266 10.6
      vertex -5.4 10.2907 10.6
    endloop
  endfacet
  facet normal 0.555194 0.831721 -0
    outer loop
      vertex -5.24124 10.1934 10.6
      vertex -5.35 10.266 23.4
      vertex -5.24124 10.1934 23.4
    endloop
  endfacet
  facet normal 0.555194 0.831721 0
    outer loop
      vertex -5.35 10.266 23.4
      vertex -5.24124 10.1934 10.6
      vertex -5.35 10.266 10.6
    endloop
  endfacet
  facet normal 0.555617 -0.831438 0
    outer loop
      vertex -5.35 8.53397 10.6
      vertex -5.24124 8.60665 23.4
      vertex -5.35 8.53397 23.4
    endloop
  endfacet
  facet normal 0.555617 -0.831438 0
    outer loop
      vertex -5.24124 8.60665 23.4
      vertex -5.35 8.53397 10.6
      vertex -5.24124 8.60665 10.6
    endloop
  endfacet
  facet normal 0.980783 -0.195102 0
    outer loop
      vertex -4.88407 9.14118 23.4
      vertex -4.85855 9.26947 10.6
      vertex -4.85855 9.26947 23.4
    endloop
  endfacet
  facet normal 0.980783 -0.195102 0
    outer loop
      vertex -4.85855 9.26947 10.6
      vertex -4.88407 9.14118 23.4
      vertex -4.88407 9.14118 10.6
    endloop
  endfacet
  facet normal 0.946918 0.321475 0
    outer loop
      vertex -4.88407 9.65882 23.4
      vertex -4.92612 9.78268 10.6
      vertex -4.92612 9.78268 23.4
    endloop
  endfacet
  facet normal 0.946918 0.321475 0
    outer loop
      vertex -4.92612 9.78268 10.6
      vertex -4.88407 9.65882 23.4
      vertex -4.88407 9.65882 10.6
    endloop
  endfacet
  facet normal 0.980783 0.195102 0
    outer loop
      vertex -4.85855 9.53053 23.4
      vertex -4.88407 9.65882 10.6
      vertex -4.88407 9.65882 23.4
    endloop
  endfacet
  facet normal 0.980783 0.195102 0
    outer loop
      vertex -4.88407 9.65882 10.6
      vertex -4.85855 9.53053 23.4
      vertex -4.85855 9.53053 10.6
    endloop
  endfacet
  facet normal 0.751714 0.659489 0
    outer loop
      vertex -5.05665 10.0088 23.4
      vertex -5.14289 10.1071 10.6
      vertex -5.14289 10.1071 23.4
    endloop
  endfacet
  facet normal 0.751714 0.659489 0
    outer loop
      vertex -5.14289 10.1071 10.6
      vertex -5.05665 10.0088 23.4
      vertex -5.05665 10.0088 10.6
    endloop
  endfacet
  facet normal 0.997862 -0.0653621 0
    outer loop
      vertex -4.85855 9.26947 23.4
      vertex -4.85 9.4 10.6
      vertex -4.85 9.4 23.4
    endloop
  endfacet
  facet normal 0.997862 -0.0653621 0
    outer loop
      vertex -4.85 9.4 10.6
      vertex -4.85855 9.26947 23.4
      vertex -4.85855 9.26947 10.6
    endloop
  endfacet
  facet normal 0.6593 -0.75188 0
    outer loop
      vertex -5.24124 8.60665 10.6
      vertex -5.14289 8.69289 23.4
      vertex -5.24124 8.60665 23.4
    endloop
  endfacet
  facet normal 0.6593 -0.75188 0
    outer loop
      vertex -5.14289 8.69289 23.4
      vertex -5.24124 8.60665 10.6
      vertex -5.14289 8.69289 10.6
    endloop
  endfacet
  facet normal 0.831438 -0.555617 0
    outer loop
      vertex -5.05665 8.79124 23.4
      vertex -4.98397 8.9 10.6
      vertex -4.98397 8.9 23.4
    endloop
  endfacet
  facet normal 0.831438 -0.555617 0
    outer loop
      vertex -4.98397 8.9 10.6
      vertex -5.05665 8.79124 23.4
      vertex -5.05665 8.79124 10.6
    endloop
  endfacet
  facet normal 0.946918 -0.321475 0
    outer loop
      vertex -4.92612 9.01732 23.4
      vertex -4.88407 9.14118 10.6
      vertex -4.88407 9.14118 23.4
    endloop
  endfacet
  facet normal 0.946918 -0.321475 0
    outer loop
      vertex -4.88407 9.14118 10.6
      vertex -4.92612 9.01732 23.4
      vertex -4.92612 9.01732 10.6
    endloop
  endfacet
  facet normal 0.442184 -0.896924 0
    outer loop
      vertex -5.4 8.50932 10.6
      vertex -5.35 8.53397 23.4
      vertex -5.4 8.50932 23.4
    endloop
  endfacet
  facet normal 0.442184 -0.896924 0
    outer loop
      vertex -5.35 8.53397 23.4
      vertex -5.4 8.50932 10.6
      vertex -5.35 8.53397 10.6
    endloop
  endfacet
  facet normal 0.75188 -0.6593 0
    outer loop
      vertex -5.14289 8.69289 23.4
      vertex -5.05665 8.79124 10.6
      vertex -5.05665 8.79124 23.4
    endloop
  endfacet
  facet normal 0.75188 -0.6593 0
    outer loop
      vertex -5.05665 8.79124 10.6
      vertex -5.14289 8.69289 23.4
      vertex -5.14289 8.69289 10.6
    endloop
  endfacet
  facet normal 0.89689 -0.442253 0
    outer loop
      vertex -4.98397 8.9 23.4
      vertex -4.92612 9.01732 10.6
      vertex -4.92612 9.01732 23.4
    endloop
  endfacet
  facet normal 0.89689 -0.442253 0
    outer loop
      vertex -4.92612 9.01732 10.6
      vertex -4.98397 8.9 23.4
      vertex -4.98397 8.9 10.6
    endloop
  endfacet
  facet normal -0.89689 0.442253 0
    outer loop
      vertex 4.92612 9.78268 10.6
      vertex 4.98397 9.9 23.4
      vertex 4.98397 9.9 10.6
    endloop
  endfacet
  facet normal -0.89689 0.442253 0
    outer loop
      vertex 4.98397 9.9 23.4
      vertex 4.92612 9.78268 10.6
      vertex 4.92612 9.78268 23.4
    endloop
  endfacet
  facet normal -0.980783 0.195102 0
    outer loop
      vertex 4.85855 9.53053 10.6
      vertex 4.88407 9.65882 23.4
      vertex 4.88407 9.65882 10.6
    endloop
  endfacet
  facet normal -0.980783 0.195102 0
    outer loop
      vertex 4.88407 9.65882 23.4
      vertex 4.85855 9.53053 10.6
      vertex 4.85855 9.53053 23.4
    endloop
  endfacet
  facet normal -0.751714 0.659489 0
    outer loop
      vertex 5.05665 10.0088 10.6
      vertex 5.14289 10.1071 23.4
      vertex 5.14289 10.1071 10.6
    endloop
  endfacet
  facet normal -0.751714 0.659489 0
    outer loop
      vertex 5.14289 10.1071 23.4
      vertex 5.05665 10.0088 10.6
      vertex 5.05665 10.0088 23.4
    endloop
  endfacet
  facet normal -0.659559 0.751653 0
    outer loop
      vertex 5.24124 10.1934 10.6
      vertex 5.14289 10.1071 23.4
      vertex 5.24124 10.1934 23.4
    endloop
  endfacet
  facet normal -0.659559 0.751653 0
    outer loop
      vertex 5.14289 10.1071 23.4
      vertex 5.24124 10.1934 10.6
      vertex 5.14289 10.1071 10.6
    endloop
  endfacet
  facet normal -0.6593 -0.75188 0
    outer loop
      vertex 5.14289 8.69289 10.6
      vertex 5.24124 8.60665 23.4
      vertex 5.14289 8.69289 23.4
    endloop
  endfacet
  facet normal -0.6593 -0.75188 -0
    outer loop
      vertex 5.24124 8.60665 23.4
      vertex 5.14289 8.69289 10.6
      vertex 5.24124 8.60665 10.6
    endloop
  endfacet
  facet normal -0.997862 0.0653621 0
    outer loop
      vertex 4.85 9.4 10.6
      vertex 4.85855 9.53053 23.4
      vertex 4.85855 9.53053 10.6
    endloop
  endfacet
  facet normal -0.997862 0.0653621 0
    outer loop
      vertex 4.85855 9.53053 23.4
      vertex 4.85 9.4 10.6
      vertex 4.85 9.4 23.4
    endloop
  endfacet
  facet normal -0.946918 0.321475 0
    outer loop
      vertex 4.88407 9.65882 10.6
      vertex 4.92612 9.78268 23.4
      vertex 4.92612 9.78268 10.6
    endloop
  endfacet
  facet normal -0.946918 0.321475 0
    outer loop
      vertex 4.92612 9.78268 23.4
      vertex 4.88407 9.65882 10.6
      vertex 4.88407 9.65882 23.4
    endloop
  endfacet
  facet normal -0.831533 0.555476 0
    outer loop
      vertex 4.98397 9.9 10.6
      vertex 5.05665 10.0088 23.4
      vertex 5.05665 10.0088 10.6
    endloop
  endfacet
  facet normal -0.831533 0.555476 0
    outer loop
      vertex 5.05665 10.0088 23.4
      vertex 4.98397 9.9 10.6
      vertex 4.98397 9.9 23.4
    endloop
  endfacet
  facet normal -0.555194 0.831721 0
    outer loop
      vertex 5.35 10.266 10.6
      vertex 5.24124 10.1934 23.4
      vertex 5.35 10.266 23.4
    endloop
  endfacet
  facet normal -0.555194 0.831721 0
    outer loop
      vertex 5.24124 10.1934 23.4
      vertex 5.35 10.266 10.6
      vertex 5.24124 10.1934 10.6
    endloop
  endfacet
  facet normal -0.442905 0.896569 0
    outer loop
      vertex 5.4 10.2907 10.6
      vertex 5.35 10.266 23.4
      vertex 5.4 10.2907 23.4
    endloop
  endfacet
  facet normal -0.442905 0.896569 0
    outer loop
      vertex 5.35 10.266 23.4
      vertex 5.4 10.2907 10.6
      vertex 5.35 10.266 10.6
    endloop
  endfacet
  facet normal -0.442184 -0.896924 0
    outer loop
      vertex 5.35 8.53397 10.6
      vertex 5.4 8.50932 23.4
      vertex 5.35 8.53397 23.4
    endloop
  endfacet
  facet normal -0.442184 -0.896924 -0
    outer loop
      vertex 5.4 8.50932 23.4
      vertex 5.35 8.53397 10.6
      vertex 5.4 8.50932 10.6
    endloop
  endfacet
  facet normal -0.946918 -0.321475 0
    outer loop
      vertex 4.92612 9.01732 10.6
      vertex 4.88407 9.14118 23.4
      vertex 4.88407 9.14118 10.6
    endloop
  endfacet
  facet normal -0.946918 -0.321475 0
    outer loop
      vertex 4.88407 9.14118 23.4
      vertex 4.92612 9.01732 10.6
      vertex 4.92612 9.01732 23.4
    endloop
  endfacet
  facet normal -0.997862 -0.0653621 0
    outer loop
      vertex 4.85855 9.26947 10.6
      vertex 4.85 9.4 23.4
      vertex 4.85 9.4 10.6
    endloop
  endfacet
  facet normal -0.997862 -0.0653621 0
    outer loop
      vertex 4.85 9.4 23.4
      vertex 4.85855 9.26947 10.6
      vertex 4.85855 9.26947 23.4
    endloop
  endfacet
  facet normal -0.75188 -0.6593 0
    outer loop
      vertex 5.14289 8.69289 10.6
      vertex 5.05665 8.79124 23.4
      vertex 5.05665 8.79124 10.6
    endloop
  endfacet
  facet normal -0.75188 -0.6593 0
    outer loop
      vertex 5.05665 8.79124 23.4
      vertex 5.14289 8.69289 10.6
      vertex 5.14289 8.69289 23.4
    endloop
  endfacet
  facet normal -0.89689 -0.442253 0
    outer loop
      vertex 4.98397 8.9 10.6
      vertex 4.92612 9.01732 23.4
      vertex 4.92612 9.01732 10.6
    endloop
  endfacet
  facet normal -0.89689 -0.442253 0
    outer loop
      vertex 4.92612 9.01732 23.4
      vertex 4.98397 8.9 10.6
      vertex 4.98397 8.9 23.4
    endloop
  endfacet
  facet normal -0.555617 -0.831438 0
    outer loop
      vertex 5.24124 8.60665 10.6
      vertex 5.35 8.53397 23.4
      vertex 5.24124 8.60665 23.4
    endloop
  endfacet
  facet normal -0.555617 -0.831438 -0
    outer loop
      vertex 5.35 8.53397 23.4
      vertex 5.24124 8.60665 10.6
      vertex 5.35 8.53397 10.6
    endloop
  endfacet
  facet normal -0.980783 -0.195102 0
    outer loop
      vertex 4.88407 9.14118 10.6
      vertex 4.85855 9.26947 23.4
      vertex 4.85855 9.26947 10.6
    endloop
  endfacet
  facet normal -0.980783 -0.195102 0
    outer loop
      vertex 4.85855 9.26947 23.4
      vertex 4.88407 9.14118 10.6
      vertex 4.88407 9.14118 23.4
    endloop
  endfacet
  facet normal -0.831438 -0.555617 0
    outer loop
      vertex 5.05665 8.79124 10.6
      vertex 4.98397 8.9 23.4
      vertex 4.98397 8.9 10.6
    endloop
  endfacet
  facet normal -0.831438 -0.555617 0
    outer loop
      vertex 4.98397 8.9 23.4
      vertex 5.05665 8.79124 10.6
      vertex 5.05665 8.79124 23.4
    endloop
  endfacet
  facet normal -0.555945 -0.831219 0
    outer loop
      vertex 15.425 15.7361 0
      vertex 15.5174 15.6743 11
      vertex 15.425 15.7361 11
    endloop
  endfacet
  facet normal -0.555945 -0.831219 -0
    outer loop
      vertex 15.5174 15.6743 11
      vertex 15.425 15.7361 0
      vertex 15.5174 15.6743 0
    endloop
  endfacet
  facet normal 0.980788 -0.195079 0
    outer loop
      vertex 14.1573 15.1109 11
      vertex 14.179 15.22 0
      vertex 14.179 15.22 11
    endloop
  endfacet
  facet normal 0.980788 -0.195079 0
    outer loop
      vertex 14.179 15.22 0
      vertex 14.1573 15.1109 11
      vertex 14.1573 15.1109 0
    endloop
  endfacet
  facet normal -0.980788 0.195079 0
    outer loop
      vertex 15.821 14.78 0
      vertex 15.8427 14.8891 11
      vertex 15.8427 14.8891 0
    endloop
  endfacet
  facet normal -0.980788 0.195079 0
    outer loop
      vertex 15.8427 14.8891 11
      vertex 15.821 14.78 0
      vertex 15.821 14.78 11
    endloop
  endfacet
  facet normal 0.195079 0.980788 -0
    outer loop
      vertex 14.8891 14.1573 0
      vertex 14.78 14.179 11
      vertex 14.8891 14.1573 11
    endloop
  endfacet
  facet normal 0.195079 0.980788 0
    outer loop
      vertex 14.78 14.179 11
      vertex 14.8891 14.1573 0
      vertex 14.78 14.179 0
    endloop
  endfacet
  facet normal 0.44253 -0.896754 0
    outer loop
      vertex 14.575 15.7361 0
      vertex 14.6747 15.7853 11
      vertex 14.575 15.7361 11
    endloop
  endfacet
  facet normal 0.44253 -0.896754 0
    outer loop
      vertex 14.6747 15.7853 11
      vertex 14.575 15.7361 0
      vertex 14.6747 15.7853 0
    endloop
  endfacet
  facet normal 0.947052 -0.32108 0
    outer loop
      vertex 14.179 15.22 11
      vertex 14.2147 15.3253 0
      vertex 14.2147 15.3253 11
    endloop
  endfacet
  facet normal 0.947052 -0.32108 0
    outer loop
      vertex 14.2147 15.3253 0
      vertex 14.179 15.22 11
      vertex 14.179 15.22 0
    endloop
  endfacet
  facet normal -0.997841 0.0656829 0
    outer loop
      vertex 15.8427 14.8891 0
      vertex 15.85 15 11
      vertex 15.85 15 0
    endloop
  endfacet
  facet normal -0.997841 0.0656829 0
    outer loop
      vertex 15.85 15 11
      vertex 15.8427 14.8891 0
      vertex 15.8427 14.8891 11
    endloop
  endfacet
  facet normal -0.896754 -0.44253 0
    outer loop
      vertex 15.7853 15.3253 0
      vertex 15.7361 15.425 11
      vertex 15.7361 15.425 0
    endloop
  endfacet
  facet normal -0.896754 -0.44253 0
    outer loop
      vertex 15.7361 15.425 11
      vertex 15.7853 15.3253 0
      vertex 15.7853 15.3253 11
    endloop
  endfacet
  facet normal -0.831219 -0.555945 0
    outer loop
      vertex 15.7361 15.425 0
      vertex 15.6743 15.5174 11
      vertex 15.6743 15.5174 0
    endloop
  endfacet
  facet normal -0.831219 -0.555945 0
    outer loop
      vertex 15.6743 15.5174 11
      vertex 15.7361 15.425 0
      vertex 15.7361 15.425 11
    endloop
  endfacet
  facet normal -0.32108 -0.947052 0
    outer loop
      vertex 15.22 15.821 0
      vertex 15.3253 15.7853 11
      vertex 15.22 15.821 11
    endloop
  endfacet
  facet normal -0.32108 -0.947052 -0
    outer loop
      vertex 15.3253 15.7853 11
      vertex 15.22 15.821 0
      vertex 15.3253 15.7853 0
    endloop
  endfacet
  facet normal -0.195079 -0.980788 0
    outer loop
      vertex 15.1109 15.8427 0
      vertex 15.22 15.821 11
      vertex 15.1109 15.8427 11
    endloop
  endfacet
  facet normal -0.195079 -0.980788 -0
    outer loop
      vertex 15.22 15.821 11
      vertex 15.1109 15.8427 0
      vertex 15.22 15.821 0
    endloop
  endfacet
  facet normal -0.0656829 -0.997841 0
    outer loop
      vertex 15 15.85 0
      vertex 15.1109 15.8427 11
      vertex 15 15.85 11
    endloop
  endfacet
  facet normal -0.0656829 -0.997841 -0
    outer loop
      vertex 15.1109 15.8427 11
      vertex 15 15.85 0
      vertex 15.1109 15.8427 0
    endloop
  endfacet
  facet normal 0.997841 -0.0656829 0
    outer loop
      vertex 14.15 15 11
      vertex 14.1573 15.1109 0
      vertex 14.1573 15.1109 11
    endloop
  endfacet
  facet normal 0.997841 -0.0656829 0
    outer loop
      vertex 14.1573 15.1109 0
      vertex 14.15 15 11
      vertex 14.15 15 0
    endloop
  endfacet
  facet normal 0.831635 -0.555323 0
    outer loop
      vertex 14.2639 15.425 11
      vertex 14.3256 15.5174 0
      vertex 14.3256 15.5174 11
    endloop
  endfacet
  facet normal 0.831635 -0.555323 0
    outer loop
      vertex 14.3256 15.5174 0
      vertex 14.2639 15.425 11
      vertex 14.2639 15.425 0
    endloop
  endfacet
  facet normal 0.555945 -0.831219 0
    outer loop
      vertex 14.4826 15.6743 0
      vertex 14.575 15.7361 11
      vertex 14.4826 15.6743 11
    endloop
  endfacet
  facet normal 0.555945 -0.831219 0
    outer loop
      vertex 14.575 15.7361 11
      vertex 14.4826 15.6743 0
      vertex 14.575 15.7361 0
    endloop
  endfacet
  facet normal 0.32108 -0.947052 0
    outer loop
      vertex 14.6747 15.7853 0
      vertex 14.78 15.821 11
      vertex 14.6747 15.7853 11
    endloop
  endfacet
  facet normal 0.32108 -0.947052 0
    outer loop
      vertex 14.78 15.821 11
      vertex 14.6747 15.7853 0
      vertex 14.78 15.821 0
    endloop
  endfacet
  facet normal -0.947052 0.32108 0
    outer loop
      vertex 15.7853 14.6747 0
      vertex 15.821 14.78 11
      vertex 15.821 14.78 0
    endloop
  endfacet
  facet normal -0.947052 0.32108 0
    outer loop
      vertex 15.821 14.78 11
      vertex 15.7853 14.6747 0
      vertex 15.7853 14.6747 11
    endloop
  endfacet
  facet normal -0.44253 0.896754 0
    outer loop
      vertex 15.425 14.2639 0
      vertex 15.3253 14.2147 11
      vertex 15.425 14.2639 11
    endloop
  endfacet
  facet normal -0.44253 0.896754 0
    outer loop
      vertex 15.3253 14.2147 11
      vertex 15.425 14.2639 0
      vertex 15.3253 14.2147 0
    endloop
  endfacet
  facet normal -0.555323 0.831635 0
    outer loop
      vertex 15.5174 14.3256 0
      vertex 15.425 14.2639 11
      vertex 15.5174 14.3256 11
    endloop
  endfacet
  facet normal -0.555323 0.831635 0
    outer loop
      vertex 15.425 14.2639 11
      vertex 15.5174 14.3256 0
      vertex 15.425 14.2639 0
    endloop
  endfacet
  facet normal 0.0656829 0.997841 -0
    outer loop
      vertex 15 14.15 0
      vertex 14.8891 14.1573 11
      vertex 15 14.15 11
    endloop
  endfacet
  facet normal 0.0656829 0.997841 0
    outer loop
      vertex 14.8891 14.1573 11
      vertex 15 14.15 0
      vertex 14.8891 14.1573 0
    endloop
  endfacet
  facet normal 0.555323 0.831635 -0
    outer loop
      vertex 14.575 14.2639 0
      vertex 14.4826 14.3256 11
      vertex 14.575 14.2639 11
    endloop
  endfacet
  facet normal 0.555323 0.831635 0
    outer loop
      vertex 14.4826 14.3256 11
      vertex 14.575 14.2639 0
      vertex 14.4826 14.3256 0
    endloop
  endfacet
  facet normal 0.831635 0.555323 0
    outer loop
      vertex 14.3256 14.4826 11
      vertex 14.2639 14.575 0
      vertex 14.2639 14.575 11
    endloop
  endfacet
  facet normal 0.831635 0.555323 0
    outer loop
      vertex 14.2639 14.575 0
      vertex 14.3256 14.4826 11
      vertex 14.3256 14.4826 0
    endloop
  endfacet
  facet normal -0.980788 -0.195079 0
    outer loop
      vertex 15.8427 15.1109 0
      vertex 15.821 15.22 11
      vertex 15.821 15.22 0
    endloop
  endfacet
  facet normal -0.980788 -0.195079 0
    outer loop
      vertex 15.821 15.22 11
      vertex 15.8427 15.1109 0
      vertex 15.8427 15.1109 11
    endloop
  endfacet
  facet normal -0.947052 -0.32108 0
    outer loop
      vertex 15.821 15.22 0
      vertex 15.7853 15.3253 11
      vertex 15.7853 15.3253 0
    endloop
  endfacet
  facet normal -0.947052 -0.32108 0
    outer loop
      vertex 15.7853 15.3253 11
      vertex 15.821 15.22 0
      vertex 15.821 15.22 11
    endloop
  endfacet
  facet normal -0.751908 -0.659268 0
    outer loop
      vertex 15.6743 15.5174 0
      vertex 15.601 15.601 11
      vertex 15.601 15.601 0
    endloop
  endfacet
  facet normal -0.751908 -0.659268 0
    outer loop
      vertex 15.601 15.601 11
      vertex 15.6743 15.5174 0
      vertex 15.6743 15.5174 11
    endloop
  endfacet
  facet normal -0.659268 -0.751908 0
    outer loop
      vertex 15.5174 15.6743 0
      vertex 15.601 15.601 11
      vertex 15.5174 15.6743 11
    endloop
  endfacet
  facet normal -0.659268 -0.751908 -0
    outer loop
      vertex 15.601 15.601 11
      vertex 15.5174 15.6743 0
      vertex 15.601 15.601 0
    endloop
  endfacet
  facet normal -0.44253 -0.896754 0
    outer loop
      vertex 15.3253 15.7853 0
      vertex 15.425 15.7361 11
      vertex 15.3253 15.7853 11
    endloop
  endfacet
  facet normal -0.44253 -0.896754 -0
    outer loop
      vertex 15.425 15.7361 11
      vertex 15.3253 15.7853 0
      vertex 15.425 15.7361 0
    endloop
  endfacet
  facet normal 0.0656829 -0.997841 0
    outer loop
      vertex 14.8891 15.8427 0
      vertex 15 15.85 11
      vertex 14.8891 15.8427 11
    endloop
  endfacet
  facet normal 0.0656829 -0.997841 0
    outer loop
      vertex 15 15.85 11
      vertex 14.8891 15.8427 0
      vertex 15 15.85 0
    endloop
  endfacet
  facet normal 0 0 -1
    outer loop
      vertex 15.8427 14.8891 11
      vertex 15.8427 15.1109 11
      vertex 15.85 15 11
    endloop
  endfacet
  facet normal 0 0 -1
    outer loop
      vertex 15.821 14.78 11
      vertex 15.8427 15.1109 11
      vertex 15.8427 14.8891 11
    endloop
  endfacet
  facet normal 0 0 -1
    outer loop
      vertex 15.821 14.78 11
      vertex 15.821 15.22 11
      vertex 15.8427 15.1109 11
    endloop
  endfacet
  facet normal 0 0 -1
    outer loop
      vertex 15.7853 14.6747 11
      vertex 15.821 15.22 11
      vertex 15.821 14.78 11
    endloop
  endfacet
  facet normal 0 0 -1
    outer loop
      vertex 15.7853 14.6747 11
      vertex 15.7853 15.3253 11
      vertex 15.821 15.22 11
    endloop
  endfacet
  facet normal 0 0 -1
    outer loop
      vertex 15.7361 14.575 11
      vertex 15.7853 15.3253 11
      vertex 15.7853 14.6747 11
    endloop
  endfacet
  facet normal 0 0 -1
    outer loop
      vertex 15.7361 14.575 11
      vertex 15.7361 15.425 11
      vertex 15.7853 15.3253 11
    endloop
  endfacet
  facet normal 0 0 -1
    outer loop
      vertex 15.6743 14.4826 11
      vertex 15.7361 15.425 11
      vertex 15.7361 14.575 11
    endloop
  endfacet
  facet normal 0 0 -1
    outer loop
      vertex 15.6743 14.4826 11
      vertex 15.6743 15.5174 11
      vertex 15.7361 15.425 11
    endloop
  endfacet
  facet normal 0 0 -1
    outer loop
      vertex 15.601 14.399 11
      vertex 15.6743 15.5174 11
      vertex 15.6743 14.4826 11
    endloop
  endfacet
  facet normal 0 0 -1
    outer loop
      vertex 15.601 14.399 11
      vertex 15.601 15.601 11
      vertex 15.6743 15.5174 11
    endloop
  endfacet
  facet normal 0 0 -1
    outer loop
      vertex 15.5174 14.3256 11
      vertex 15.601 15.601 11
      vertex 15.601 14.399 11
    endloop
  endfacet
  facet normal 0 0 -1
    outer loop
      vertex 15.5174 14.3256 11
      vertex 15.5174 15.6743 11
      vertex 15.601 15.601 11
    endloop
  endfacet
  facet normal 0 0 -1
    outer loop
      vertex 15.425 14.2639 11
      vertex 15.5174 15.6743 11
      vertex 15.5174 14.3256 11
    endloop
  endfacet
  facet normal 0 0 -1
    outer loop
      vertex 15.425 14.2639 11
      vertex 15.425 15.7361 11
      vertex 15.5174 15.6743 11
    endloop
  endfacet
  facet normal 0 0 -1
    outer loop
      vertex 15.3253 14.2147 11
      vertex 15.425 15.7361 11
      vertex 15.425 14.2639 11
    endloop
  endfacet
  facet normal 0 0 -1
    outer loop
      vertex 15.3253 14.2147 11
      vertex 15.3253 15.7853 11
      vertex 15.425 15.7361 11
    endloop
  endfacet
  facet normal 0 0 -1
    outer loop
      vertex 15.22 14.179 11
      vertex 15.3253 15.7853 11
      vertex 15.3253 14.2147 11
    endloop
  endfacet
  facet normal 0 0 -1
    outer loop
      vertex 15.22 14.179 11
      vertex 15.22 15.821 11
      vertex 15.3253 15.7853 11
    endloop
  endfacet
  facet normal 0 0 -1
    outer loop
      vertex 15.1109 14.1573 11
      vertex 15.22 15.821 11
      vertex 15.22 14.179 11
    endloop
  endfacet
  facet normal 0 0 -1
    outer loop
      vertex 15.1109 14.1573 11
      vertex 15.1109 15.8427 11
      vertex 15.22 15.821 11
    endloop
  endfacet
  facet normal 0 0 -1
    outer loop
      vertex 15 14.15 11
      vertex 15.1109 15.8427 11
      vertex 15.1109 14.1573 11
    endloop
  endfacet
  facet normal 0 0 -1
    outer loop
      vertex 15 14.15 11
      vertex 15 15.85 11
      vertex 15.1109 15.8427 11
    endloop
  endfacet
  facet normal 0 0 -1
    outer loop
      vertex 14.8891 14.1573 11
      vertex 15 15.85 11
      vertex 15 14.15 11
    endloop
  endfacet
  facet normal 0 0 -1
    outer loop
      vertex 14.8891 14.1573 11
      vertex 14.8891 15.8427 11
      vertex 15 15.85 11
    endloop
  endfacet
  facet normal 0 0 -1
    outer loop
      vertex 14.78 14.179 11
      vertex 14.8891 15.8427 11
      vertex 14.8891 14.1573 11
    endloop
  endfacet
  facet normal 0 0 -1
    outer loop
      vertex 14.78 14.179 11
      vertex 14.78 15.821 11
      vertex 14.8891 15.8427 11
    endloop
  endfacet
  facet normal 0 0 -1
    outer loop
      vertex 14.6747 14.2147 11
      vertex 14.78 15.821 11
      vertex 14.78 14.179 11
    endloop
  endfacet
  facet normal 0 0 -1
    outer loop
      vertex 14.6747 14.2147 11
      vertex 14.6747 15.7853 11
      vertex 14.78 15.821 11
    endloop
  endfacet
  facet normal 0 0 -1
    outer loop
      vertex 14.575 14.2639 11
      vertex 14.6747 15.7853 11
      vertex 14.6747 14.2147 11
    endloop
  endfacet
  facet normal 0 0 -1
    outer loop
      vertex 14.575 14.2639 11
      vertex 14.575 15.7361 11
      vertex 14.6747 15.7853 11
    endloop
  endfacet
  facet normal 0 0 -1
    outer loop
      vertex 14.4826 14.3256 11
      vertex 14.575 15.7361 11
      vertex 14.575 14.2639 11
    endloop
  endfacet
  facet normal 0 0 -1
    outer loop
      vertex 14.4826 14.3256 11
      vertex 14.4826 15.6743 11
      vertex 14.575 15.7361 11
    endloop
  endfacet
  facet normal 0 0 -1
    outer loop
      vertex 14.399 14.399 11
      vertex 14.4826 15.6743 11
      vertex 14.4826 14.3256 11
    endloop
  endfacet
  facet normal 0 0 -1
    outer loop
      vertex 14.399 14.399 11
      vertex 14.399 15.601 11
      vertex 14.4826 15.6743 11
    endloop
  endfacet
  facet normal 0 0 -1
    outer loop
      vertex 14.3256 14.4826 11
      vertex 14.399 15.601 11
      vertex 14.399 14.399 11
    endloop
  endfacet
  facet normal 0 0 -1
    outer loop
      vertex 14.3256 14.4826 11
      vertex 14.3256 15.5174 11
      vertex 14.399 15.601 11
    endloop
  endfacet
  facet normal 0 0 -1
    outer loop
      vertex 14.2639 14.575 11
      vertex 14.3256 15.5174 11
      vertex 14.3256 14.4826 11
    endloop
  endfacet
  facet normal 0 0 -1
    outer loop
      vertex 14.2639 14.575 11
      vertex 14.2639 15.425 11
      vertex 14.3256 15.5174 11
    endloop
  endfacet
  facet normal 0 0 -1
    outer loop
      vertex 14.2147 14.6747 11
      vertex 14.2639 15.425 11
      vertex 14.2639 14.575 11
    endloop
  endfacet
  facet normal 0 0 -1
    outer loop
      vertex 14.2147 14.6747 11
      vertex 14.2147 15.3253 11
      vertex 14.2639 15.425 11
    endloop
  endfacet
  facet normal 0 0 -1
    outer loop
      vertex 14.179 14.78 11
      vertex 14.2147 15.3253 11
      vertex 14.2147 14.6747 11
    endloop
  endfacet
  facet normal 0 0 -1
    outer loop
      vertex 14.179 14.78 11
      vertex 14.179 15.22 11
      vertex 14.2147 15.3253 11
    endloop
  endfacet
  facet normal 0 0 -1
    outer loop
      vertex 14.1573 14.8891 11
      vertex 14.179 15.22 11
      vertex 14.179 14.78 11
    endloop
  endfacet
  facet normal 0 0 -1
    outer loop
      vertex 14.1573 14.8891 11
      vertex 14.1573 15.1109 11
      vertex 14.179 15.22 11
    endloop
  endfacet
  facet normal 0 -0 -1
    outer loop
      vertex 14.1573 15.1109 11
      vertex 14.1573 14.8891 11
      vertex 14.15 15 11
    endloop
  endfacet
  facet normal 0.896754 -0.44253 0
    outer loop
      vertex 14.2147 15.3253 11
      vertex 14.2639 15.425 0
      vertex 14.2639 15.425 11
    endloop
  endfacet
  facet normal 0.896754 -0.44253 0
    outer loop
      vertex 14.2639 15.425 0
      vertex 14.2147 15.3253 11
      vertex 14.2147 15.3253 0
    endloop
  endfacet
  facet normal 0.195079 -0.980788 0
    outer loop
      vertex 14.78 15.821 0
      vertex 14.8891 15.8427 11
      vertex 14.78 15.821 11
    endloop
  endfacet
  facet normal 0.195079 -0.980788 0
    outer loop
      vertex 14.8891 15.8427 11
      vertex 14.78 15.821 0
      vertex 14.8891 15.8427 0
    endloop
  endfacet
  facet normal 0.659268 -0.751908 0
    outer loop
      vertex 14.399 15.601 0
      vertex 14.4826 15.6743 11
      vertex 14.399 15.601 11
    endloop
  endfacet
  facet normal 0.659268 -0.751908 0
    outer loop
      vertex 14.4826 15.6743 11
      vertex 14.399 15.601 0
      vertex 14.4826 15.6743 0
    endloop
  endfacet
  facet normal 0.751462 -0.659776 0
    outer loop
      vertex 14.3256 15.5174 11
      vertex 14.399 15.601 0
      vertex 14.399 15.601 11
    endloop
  endfacet
  facet normal 0.751462 -0.659776 0
    outer loop
      vertex 14.399 15.601 0
      vertex 14.3256 15.5174 11
      vertex 14.3256 15.5174 0
    endloop
  endfacet
  facet normal -0.997841 -0.0656829 0
    outer loop
      vertex 15.85 15 0
      vertex 15.8427 15.1109 11
      vertex 15.8427 15.1109 0
    endloop
  endfacet
  facet normal -0.997841 -0.0656829 0
    outer loop
      vertex 15.8427 15.1109 11
      vertex 15.85 15 0
      vertex 15.85 15 11
    endloop
  endfacet
  facet normal -0.195079 0.980788 0
    outer loop
      vertex 15.22 14.179 0
      vertex 15.1109 14.1573 11
      vertex 15.22 14.179 11
    endloop
  endfacet
  facet normal -0.195079 0.980788 0
    outer loop
      vertex 15.1109 14.1573 11
      vertex 15.22 14.179 0
      vertex 15.1109 14.1573 0
    endloop
  endfacet
  facet normal -0.751908 0.659268 0
    outer loop
      vertex 15.601 14.399 0
      vertex 15.6743 14.4826 11
      vertex 15.6743 14.4826 0
    endloop
  endfacet
  facet normal -0.751908 0.659268 0
    outer loop
      vertex 15.6743 14.4826 11
      vertex 15.601 14.399 0
      vertex 15.601 14.399 11
    endloop
  endfacet
  facet normal -0.659776 0.751462 0
    outer loop
      vertex 15.601 14.399 0
      vertex 15.5174 14.3256 11
      vertex 15.601 14.399 11
    endloop
  endfacet
  facet normal -0.659776 0.751462 0
    outer loop
      vertex 15.5174 14.3256 11
      vertex 15.601 14.399 0
      vertex 15.5174 14.3256 0
    endloop
  endfacet
  facet normal 0.32108 0.947052 -0
    outer loop
      vertex 14.78 14.179 0
      vertex 14.6747 14.2147 11
      vertex 14.78 14.179 11
    endloop
  endfacet
  facet normal 0.32108 0.947052 0
    outer loop
      vertex 14.6747 14.2147 11
      vertex 14.78 14.179 0
      vertex 14.6747 14.2147 0
    endloop
  endfacet
  facet normal 0.896754 0.44253 0
    outer loop
      vertex 14.2639 14.575 11
      vertex 14.2147 14.6747 0
      vertex 14.2147 14.6747 11
    endloop
  endfacet
  facet normal 0.896754 0.44253 0
    outer loop
      vertex 14.2147 14.6747 0
      vertex 14.2639 14.575 11
      vertex 14.2639 14.575 0
    endloop
  endfacet
  facet normal 0.980788 0.195079 0
    outer loop
      vertex 14.179 14.78 11
      vertex 14.1573 14.8891 0
      vertex 14.1573 14.8891 11
    endloop
  endfacet
  facet normal 0.980788 0.195079 0
    outer loop
      vertex 14.1573 14.8891 0
      vertex 14.179 14.78 11
      vertex 14.179 14.78 0
    endloop
  endfacet
  facet normal 0.751462 0.659776 0
    outer loop
      vertex 14.399 14.399 11
      vertex 14.3256 14.4826 0
      vertex 14.3256 14.4826 11
    endloop
  endfacet
  facet normal 0.751462 0.659776 0
    outer loop
      vertex 14.3256 14.4826 0
      vertex 14.399 14.399 11
      vertex 14.399 14.399 0
    endloop
  endfacet
  facet normal 0.997841 0.0656829 0
    outer loop
      vertex 14.1573 14.8891 11
      vertex 14.15 15 0
      vertex 14.15 15 11
    endloop
  endfacet
  facet normal 0.997841 0.0656829 0
    outer loop
      vertex 14.15 15 0
      vertex 14.1573 14.8891 11
      vertex 14.1573 14.8891 0
    endloop
  endfacet
  facet normal -0.896754 0.44253 0
    outer loop
      vertex 15.7361 14.575 0
      vertex 15.7853 14.6747 11
      vertex 15.7853 14.6747 0
    endloop
  endfacet
  facet normal -0.896754 0.44253 0
    outer loop
      vertex 15.7853 14.6747 11
      vertex 15.7361 14.575 0
      vertex 15.7361 14.575 11
    endloop
  endfacet
  facet normal -0.831219 0.555945 0
    outer loop
      vertex 15.6743 14.4826 0
      vertex 15.7361 14.575 11
      vertex 15.7361 14.575 0
    endloop
  endfacet
  facet normal -0.831219 0.555945 0
    outer loop
      vertex 15.7361 14.575 11
      vertex 15.6743 14.4826 0
      vertex 15.6743 14.4826 11
    endloop
  endfacet
  facet normal -0.32108 0.947052 0
    outer loop
      vertex 15.3253 14.2147 0
      vertex 15.22 14.179 11
      vertex 15.3253 14.2147 11
    endloop
  endfacet
  facet normal -0.32108 0.947052 0
    outer loop
      vertex 15.22 14.179 11
      vertex 15.3253 14.2147 0
      vertex 15.22 14.179 0
    endloop
  endfacet
  facet normal -0.0656829 0.997841 0
    outer loop
      vertex 15.1109 14.1573 0
      vertex 15 14.15 11
      vertex 15.1109 14.1573 11
    endloop
  endfacet
  facet normal -0.0656829 0.997841 0
    outer loop
      vertex 15 14.15 11
      vertex 15.1109 14.1573 0
      vertex 15 14.15 0
    endloop
  endfacet
  facet normal 0.44253 0.896754 -0
    outer loop
      vertex 14.6747 14.2147 0
      vertex 14.575 14.2639 11
      vertex 14.6747 14.2147 11
    endloop
  endfacet
  facet normal 0.44253 0.896754 0
    outer loop
      vertex 14.575 14.2639 11
      vertex 14.6747 14.2147 0
      vertex 14.575 14.2639 0
    endloop
  endfacet
  facet normal 0.947052 0.32108 0
    outer loop
      vertex 14.2147 14.6747 11
      vertex 14.179 14.78 0
      vertex 14.179 14.78 11
    endloop
  endfacet
  facet normal 0.947052 0.32108 0
    outer loop
      vertex 14.179 14.78 0
      vertex 14.2147 14.6747 11
      vertex 14.2147 14.6747 0
    endloop
  endfacet
  facet normal 0.659776 0.751462 -0
    outer loop
      vertex 14.4826 14.3256 0
      vertex 14.399 14.399 11
      vertex 14.4826 14.3256 11
    endloop
  endfacet
  facet normal 0.659776 0.751462 0
    outer loop
      vertex 14.399 14.399 11
      vertex 14.4826 14.3256 0
      vertex 14.399 14.399 0
    endloop
  endfacet
  facet normal -0.555945 -0.831219 0
    outer loop
      vertex -14.575 15.7361 0
      vertex -14.4826 15.6743 11
      vertex -14.575 15.7361 11
    endloop
  endfacet
  facet normal -0.555945 -0.831219 -0
    outer loop
      vertex -14.4826 15.6743 11
      vertex -14.575 15.7361 0
      vertex -14.4826 15.6743 0
    endloop
  endfacet
  facet normal -0.980788 0.195079 0
    outer loop
      vertex -14.179 14.78 0
      vertex -14.1573 14.8891 11
      vertex -14.1573 14.8891 0
    endloop
  endfacet
  facet normal -0.980788 0.195079 0
    outer loop
      vertex -14.1573 14.8891 11
      vertex -14.179 14.78 0
      vertex -14.179 14.78 11
    endloop
  endfacet
  facet normal 0.195079 0.980788 -0
    outer loop
      vertex -15.1109 14.1573 0
      vertex -15.22 14.179 11
      vertex -15.1109 14.1573 11
    endloop
  endfacet
  facet normal 0.195079 0.980788 0
    outer loop
      vertex -15.22 14.179 11
      vertex -15.1109 14.1573 0
      vertex -15.22 14.179 0
    endloop
  endfacet
  facet normal 0.44253 -0.896754 0
    outer loop
      vertex -15.425 15.7361 0
      vertex -15.3253 15.7853 11
      vertex -15.425 15.7361 11
    endloop
  endfacet
  facet normal 0.44253 -0.896754 0
    outer loop
      vertex -15.3253 15.7853 11
      vertex -15.425 15.7361 0
      vertex -15.3253 15.7853 0
    endloop
  endfacet
  facet normal 0.947052 -0.32108 0
    outer loop
      vertex -15.821 15.22 11
      vertex -15.7853 15.3253 0
      vertex -15.7853 15.3253 11
    endloop
  endfacet
  facet normal 0.947052 -0.32108 0
    outer loop
      vertex -15.7853 15.3253 0
      vertex -15.821 15.22 11
      vertex -15.821 15.22 0
    endloop
  endfacet
  facet normal -0.997841 0.0656829 0
    outer loop
      vertex -14.1573 14.8891 0
      vertex -14.15 15 11
      vertex -14.15 15 0
    endloop
  endfacet
  facet normal -0.997841 0.0656829 0
    outer loop
      vertex -14.15 15 11
      vertex -14.1573 14.8891 0
      vertex -14.1573 14.8891 11
    endloop
  endfacet
  facet normal -0.896754 -0.44253 0
    outer loop
      vertex -14.2147 15.3253 0
      vertex -14.2639 15.425 11
      vertex -14.2639 15.425 0
    endloop
  endfacet
  facet normal -0.896754 -0.44253 0
    outer loop
      vertex -14.2639 15.425 11
      vertex -14.2147 15.3253 0
      vertex -14.2147 15.3253 11
    endloop
  endfacet
  facet normal -0.831635 -0.555323 0
    outer loop
      vertex -14.2639 15.425 0
      vertex -14.3256 15.5174 11
      vertex -14.3256 15.5174 0
    endloop
  endfacet
  facet normal -0.831635 -0.555323 0
    outer loop
      vertex -14.3256 15.5174 11
      vertex -14.2639 15.425 0
      vertex -14.2639 15.425 11
    endloop
  endfacet
  facet normal -0.32108 -0.947052 0
    outer loop
      vertex -14.78 15.821 0
      vertex -14.6747 15.7853 11
      vertex -14.78 15.821 11
    endloop
  endfacet
  facet normal -0.32108 -0.947052 -0
    outer loop
      vertex -14.6747 15.7853 11
      vertex -14.78 15.821 0
      vertex -14.6747 15.7853 0
    endloop
  endfacet
  facet normal -0.0656829 -0.997841 0
    outer loop
      vertex -15 15.85 0
      vertex -14.8891 15.8427 11
      vertex -15 15.85 11
    endloop
  endfacet
  facet normal -0.0656829 -0.997841 -0
    outer loop
      vertex -14.8891 15.8427 11
      vertex -15 15.85 0
      vertex -14.8891 15.8427 0
    endloop
  endfacet
  facet normal 0.997841 -0.0656829 0
    outer loop
      vertex -15.85 15 11
      vertex -15.8427 15.1109 0
      vertex -15.8427 15.1109 11
    endloop
  endfacet
  facet normal 0.997841 -0.0656829 0
    outer loop
      vertex -15.8427 15.1109 0
      vertex -15.85 15 11
      vertex -15.85 15 0
    endloop
  endfacet
  facet normal 0.831219 -0.555945 0
    outer loop
      vertex -15.7361 15.425 11
      vertex -15.6743 15.5174 0
      vertex -15.6743 15.5174 11
    endloop
  endfacet
  facet normal 0.831219 -0.555945 0
    outer loop
      vertex -15.6743 15.5174 0
      vertex -15.7361 15.425 11
      vertex -15.7361 15.425 0
    endloop
  endfacet
  facet normal 0.555945 -0.831219 0
    outer loop
      vertex -15.5174 15.6743 0
      vertex -15.425 15.7361 11
      vertex -15.5174 15.6743 11
    endloop
  endfacet
  facet normal 0.555945 -0.831219 0
    outer loop
      vertex -15.425 15.7361 11
      vertex -15.5174 15.6743 0
      vertex -15.425 15.7361 0
    endloop
  endfacet
  facet normal 0.32108 -0.947052 0
    outer loop
      vertex -15.3253 15.7853 0
      vertex -15.22 15.821 11
      vertex -15.3253 15.7853 11
    endloop
  endfacet
  facet normal 0.32108 -0.947052 0
    outer loop
      vertex -15.22 15.821 11
      vertex -15.3253 15.7853 0
      vertex -15.22 15.821 0
    endloop
  endfacet
  facet normal -0.831635 0.555323 0
    outer loop
      vertex -14.3256 14.4826 0
      vertex -14.2639 14.575 11
      vertex -14.2639 14.575 0
    endloop
  endfacet
  facet normal -0.831635 0.555323 0
    outer loop
      vertex -14.2639 14.575 11
      vertex -14.3256 14.4826 0
      vertex -14.3256 14.4826 11
    endloop
  endfacet
  facet normal -0.947052 0.32108 0
    outer loop
      vertex -14.2147 14.6747 0
      vertex -14.179 14.78 11
      vertex -14.179 14.78 0
    endloop
  endfacet
  facet normal -0.947052 0.32108 0
    outer loop
      vertex -14.179 14.78 11
      vertex -14.2147 14.6747 0
      vertex -14.2147 14.6747 11
    endloop
  endfacet
  facet normal -0.44253 0.896754 0
    outer loop
      vertex -14.575 14.2639 0
      vertex -14.6747 14.2147 11
      vertex -14.575 14.2639 11
    endloop
  endfacet
  facet normal -0.44253 0.896754 0
    outer loop
      vertex -14.6747 14.2147 11
      vertex -14.575 14.2639 0
      vertex -14.6747 14.2147 0
    endloop
  endfacet
  facet normal -0.555323 0.831635 0
    outer loop
      vertex -14.4826 14.3256 0
      vertex -14.575 14.2639 11
      vertex -14.4826 14.3256 11
    endloop
  endfacet
  facet normal -0.555323 0.831635 0
    outer loop
      vertex -14.575 14.2639 11
      vertex -14.4826 14.3256 0
      vertex -14.575 14.2639 0
    endloop
  endfacet
  facet normal 0.0656829 0.997841 -0
    outer loop
      vertex -15 14.15 0
      vertex -15.1109 14.1573 11
      vertex -15 14.15 11
    endloop
  endfacet
  facet normal 0.0656829 0.997841 0
    outer loop
      vertex -15.1109 14.1573 11
      vertex -15 14.15 0
      vertex -15.1109 14.1573 0
    endloop
  endfacet
  facet normal 0.555323 0.831635 -0
    outer loop
      vertex -15.425 14.2639 0
      vertex -15.5174 14.3256 11
      vertex -15.425 14.2639 11
    endloop
  endfacet
  facet normal 0.555323 0.831635 0
    outer loop
      vertex -15.5174 14.3256 11
      vertex -15.425 14.2639 0
      vertex -15.5174 14.3256 0
    endloop
  endfacet
  facet normal 0.831219 0.555945 0
    outer loop
      vertex -15.6743 14.4826 11
      vertex -15.7361 14.575 0
      vertex -15.7361 14.575 11
    endloop
  endfacet
  facet normal 0.831219 0.555945 0
    outer loop
      vertex -15.7361 14.575 0
      vertex -15.6743 14.4826 11
      vertex -15.6743 14.4826 0
    endloop
  endfacet
  facet normal -0.980788 -0.195079 0
    outer loop
      vertex -14.1573 15.1109 0
      vertex -14.179 15.22 11
      vertex -14.179 15.22 0
    endloop
  endfacet
  facet normal -0.980788 -0.195079 0
    outer loop
      vertex -14.179 15.22 11
      vertex -14.1573 15.1109 0
      vertex -14.1573 15.1109 11
    endloop
  endfacet
  facet normal -0.947052 -0.32108 0
    outer loop
      vertex -14.179 15.22 0
      vertex -14.2147 15.3253 11
      vertex -14.2147 15.3253 0
    endloop
  endfacet
  facet normal -0.947052 -0.32108 0
    outer loop
      vertex -14.2147 15.3253 11
      vertex -14.179 15.22 0
      vertex -14.179 15.22 11
    endloop
  endfacet
  facet normal -0.751462 -0.659776 0
    outer loop
      vertex -14.3256 15.5174 0
      vertex -14.399 15.601 11
      vertex -14.399 15.601 0
    endloop
  endfacet
  facet normal -0.751462 -0.659776 0
    outer loop
      vertex -14.399 15.601 11
      vertex -14.3256 15.5174 0
      vertex -14.3256 15.5174 11
    endloop
  endfacet
  facet normal -0.659268 -0.751908 0
    outer loop
      vertex -14.4826 15.6743 0
      vertex -14.399 15.601 11
      vertex -14.4826 15.6743 11
    endloop
  endfacet
  facet normal -0.659268 -0.751908 -0
    outer loop
      vertex -14.399 15.601 11
      vertex -14.4826 15.6743 0
      vertex -14.399 15.601 0
    endloop
  endfacet
  facet normal -0.44253 -0.896754 0
    outer loop
      vertex -14.6747 15.7853 0
      vertex -14.575 15.7361 11
      vertex -14.6747 15.7853 11
    endloop
  endfacet
  facet normal -0.44253 -0.896754 -0
    outer loop
      vertex -14.575 15.7361 11
      vertex -14.6747 15.7853 0
      vertex -14.575 15.7361 0
    endloop
  endfacet
  facet normal 0.0656829 -0.997841 0
    outer loop
      vertex -15.1109 15.8427 0
      vertex -15 15.85 11
      vertex -15.1109 15.8427 11
    endloop
  endfacet
  facet normal 0.0656829 -0.997841 0
    outer loop
      vertex -15 15.85 11
      vertex -15.1109 15.8427 0
      vertex -15 15.85 0
    endloop
  endfacet
  facet normal -0.195079 -0.980788 0
    outer loop
      vertex -14.8891 15.8427 0
      vertex -14.78 15.821 11
      vertex -14.8891 15.8427 11
    endloop
  endfacet
  facet normal -0.195079 -0.980788 -0
    outer loop
      vertex -14.78 15.821 11
      vertex -14.8891 15.8427 0
      vertex -14.78 15.821 0
    endloop
  endfacet
  facet normal 0.997841 0.0656829 0
    outer loop
      vertex -15.8427 14.8891 11
      vertex -15.85 15 0
      vertex -15.85 15 11
    endloop
  endfacet
  facet normal 0.997841 0.0656829 0
    outer loop
      vertex -15.85 15 0
      vertex -15.8427 14.8891 11
      vertex -15.8427 14.8891 0
    endloop
  endfacet
  facet normal 0.980788 -0.195079 0
    outer loop
      vertex -15.8427 15.1109 11
      vertex -15.821 15.22 0
      vertex -15.821 15.22 11
    endloop
  endfacet
  facet normal 0.980788 -0.195079 0
    outer loop
      vertex -15.821 15.22 0
      vertex -15.8427 15.1109 11
      vertex -15.8427 15.1109 0
    endloop
  endfacet
  facet normal 0.896754 -0.44253 0
    outer loop
      vertex -15.7853 15.3253 11
      vertex -15.7361 15.425 0
      vertex -15.7361 15.425 11
    endloop
  endfacet
  facet normal 0.896754 -0.44253 0
    outer loop
      vertex -15.7361 15.425 0
      vertex -15.7853 15.3253 11
      vertex -15.7853 15.3253 0
    endloop
  endfacet
  facet normal 0.195079 -0.980788 0
    outer loop
      vertex -15.22 15.821 0
      vertex -15.1109 15.8427 11
      vertex -15.22 15.821 11
    endloop
  endfacet
  facet normal 0.195079 -0.980788 0
    outer loop
      vertex -15.1109 15.8427 11
      vertex -15.22 15.821 0
      vertex -15.1109 15.8427 0
    endloop
  endfacet
  facet normal 0.659268 -0.751908 0
    outer loop
      vertex -15.601 15.601 0
      vertex -15.5174 15.6743 11
      vertex -15.601 15.601 11
    endloop
  endfacet
  facet normal 0.659268 -0.751908 0
    outer loop
      vertex -15.5174 15.6743 11
      vertex -15.601 15.601 0
      vertex -15.5174 15.6743 0
    endloop
  endfacet
  facet normal 0.751908 -0.659268 0
    outer loop
      vertex -15.6743 15.5174 11
      vertex -15.601 15.601 0
      vertex -15.601 15.601 11
    endloop
  endfacet
  facet normal 0.751908 -0.659268 0
    outer loop
      vertex -15.601 15.601 0
      vertex -15.6743 15.5174 11
      vertex -15.6743 15.5174 0
    endloop
  endfacet
  facet normal -0.997841 -0.0656829 0
    outer loop
      vertex -14.15 15 0
      vertex -14.1573 15.1109 11
      vertex -14.1573 15.1109 0
    endloop
  endfacet
  facet normal -0.997841 -0.0656829 0
    outer loop
      vertex -14.1573 15.1109 11
      vertex -14.15 15 0
      vertex -14.15 15 11
    endloop
  endfacet
  facet normal -0.195079 0.980788 0
    outer loop
      vertex -14.78 14.179 0
      vertex -14.8891 14.1573 11
      vertex -14.78 14.179 11
    endloop
  endfacet
  facet normal -0.195079 0.980788 0
    outer loop
      vertex -14.8891 14.1573 11
      vertex -14.78 14.179 0
      vertex -14.8891 14.1573 0
    endloop
  endfacet
  facet normal -0.32108 0.947052 0
    outer loop
      vertex -14.6747 14.2147 0
      vertex -14.78 14.179 11
      vertex -14.6747 14.2147 11
    endloop
  endfacet
  facet normal -0.32108 0.947052 0
    outer loop
      vertex -14.78 14.179 11
      vertex -14.6747 14.2147 0
      vertex -14.78 14.179 0
    endloop
  endfacet
  facet normal -0.751462 0.659776 0
    outer loop
      vertex -14.399 14.399 0
      vertex -14.3256 14.4826 11
      vertex -14.3256 14.4826 0
    endloop
  endfacet
  facet normal -0.751462 0.659776 0
    outer loop
      vertex -14.3256 14.4826 11
      vertex -14.399 14.399 0
      vertex -14.399 14.399 11
    endloop
  endfacet
  facet normal -0.659776 0.751462 0
    outer loop
      vertex -14.399 14.399 0
      vertex -14.4826 14.3256 11
      vertex -14.399 14.399 11
    endloop
  endfacet
  facet normal -0.659776 0.751462 0
    outer loop
      vertex -14.4826 14.3256 11
      vertex -14.399 14.399 0
      vertex -14.4826 14.3256 0
    endloop
  endfacet
  facet normal -0.0656829 0.997841 0
    outer loop
      vertex -14.8891 14.1573 0
      vertex -15 14.15 11
      vertex -14.8891 14.1573 11
    endloop
  endfacet
  facet normal -0.0656829 0.997841 0
    outer loop
      vertex -15 14.15 11
      vertex -14.8891 14.1573 0
      vertex -15 14.15 0
    endloop
  endfacet
  facet normal 0.32108 0.947052 -0
    outer loop
      vertex -15.22 14.179 0
      vertex -15.3253 14.2147 11
      vertex -15.22 14.179 11
    endloop
  endfacet
  facet normal 0.32108 0.947052 0
    outer loop
      vertex -15.3253 14.2147 11
      vertex -15.22 14.179 0
      vertex -15.3253 14.2147 0
    endloop
  endfacet
  facet normal 0.896754 0.44253 0
    outer loop
      vertex -15.7361 14.575 11
      vertex -15.7853 14.6747 0
      vertex -15.7853 14.6747 11
    endloop
  endfacet
  facet normal 0.896754 0.44253 0
    outer loop
      vertex -15.7853 14.6747 0
      vertex -15.7361 14.575 11
      vertex -15.7361 14.575 0
    endloop
  endfacet
  facet normal 0.980788 0.195079 0
    outer loop
      vertex -15.821 14.78 11
      vertex -15.8427 14.8891 0
      vertex -15.8427 14.8891 11
    endloop
  endfacet
  facet normal 0.980788 0.195079 0
    outer loop
      vertex -15.8427 14.8891 0
      vertex -15.821 14.78 11
      vertex -15.821 14.78 0
    endloop
  endfacet
  facet normal 0.751908 0.659268 0
    outer loop
      vertex -15.601 14.399 11
      vertex -15.6743 14.4826 0
      vertex -15.6743 14.4826 11
    endloop
  endfacet
  facet normal 0.751908 0.659268 0
    outer loop
      vertex -15.6743 14.4826 0
      vertex -15.601 14.399 11
      vertex -15.601 14.399 0
    endloop
  endfacet
  facet normal 0.659776 0.751462 -0
    outer loop
      vertex -15.5174 14.3256 0
      vertex -15.601 14.399 11
      vertex -15.5174 14.3256 11
    endloop
  endfacet
  facet normal 0.659776 0.751462 0
    outer loop
      vertex -15.601 14.399 11
      vertex -15.5174 14.3256 0
      vertex -15.601 14.399 0
    endloop
  endfacet
  facet normal 0 0 -1
    outer loop
      vertex -14.1573 14.8891 11
      vertex -14.1573 15.1109 11
      vertex -14.15 15 11
    endloop
  endfacet
  facet normal 0 0 -1
    outer loop
      vertex -14.179 14.78 11
      vertex -14.1573 15.1109 11
      vertex -14.1573 14.8891 11
    endloop
  endfacet
  facet normal 0 0 -1
    outer loop
      vertex -14.179 14.78 11
      vertex -14.179 15.22 11
      vertex -14.1573 15.1109 11
    endloop
  endfacet
  facet normal 0 0 -1
    outer loop
      vertex -14.2147 14.6747 11
      vertex -14.179 15.22 11
      vertex -14.179 14.78 11
    endloop
  endfacet
  facet normal 0 0 -1
    outer loop
      vertex -14.2147 14.6747 11
      vertex -14.2147 15.3253 11
      vertex -14.179 15.22 11
    endloop
  endfacet
  facet normal 0 0 -1
    outer loop
      vertex -14.2639 14.575 11
      vertex -14.2147 15.3253 11
      vertex -14.2147 14.6747 11
    endloop
  endfacet
  facet normal 0 0 -1
    outer loop
      vertex -14.2639 14.575 11
      vertex -14.2639 15.425 11
      vertex -14.2147 15.3253 11
    endloop
  endfacet
  facet normal 0 0 -1
    outer loop
      vertex -14.3256 14.4826 11
      vertex -14.2639 15.425 11
      vertex -14.2639 14.575 11
    endloop
  endfacet
  facet normal 0 0 -1
    outer loop
      vertex -14.3256 14.4826 11
      vertex -14.3256 15.5174 11
      vertex -14.2639 15.425 11
    endloop
  endfacet
  facet normal 0 0 -1
    outer loop
      vertex -14.399 14.399 11
      vertex -14.3256 15.5174 11
      vertex -14.3256 14.4826 11
    endloop
  endfacet
  facet normal 0 0 -1
    outer loop
      vertex -14.399 14.399 11
      vertex -14.399 15.601 11
      vertex -14.3256 15.5174 11
    endloop
  endfacet
  facet normal 0 0 -1
    outer loop
      vertex -14.4826 14.3256 11
      vertex -14.399 15.601 11
      vertex -14.399 14.399 11
    endloop
  endfacet
  facet normal 0 0 -1
    outer loop
      vertex -14.4826 14.3256 11
      vertex -14.4826 15.6743 11
      vertex -14.399 15.601 11
    endloop
  endfacet
  facet normal 0 0 -1
    outer loop
      vertex -14.575 14.2639 11
      vertex -14.4826 15.6743 11
      vertex -14.4826 14.3256 11
    endloop
  endfacet
  facet normal 0 0 -1
    outer loop
      vertex -14.575 14.2639 11
      vertex -14.575 15.7361 11
      vertex -14.4826 15.6743 11
    endloop
  endfacet
  facet normal 0 0 -1
    outer loop
      vertex -14.6747 14.2147 11
      vertex -14.575 15.7361 11
      vertex -14.575 14.2639 11
    endloop
  endfacet
  facet normal 0 0 -1
    outer loop
      vertex -14.6747 14.2147 11
      vertex -14.6747 15.7853 11
      vertex -14.575 15.7361 11
    endloop
  endfacet
  facet normal 0 0 -1
    outer loop
      vertex -14.78 14.179 11
      vertex -14.6747 15.7853 11
      vertex -14.6747 14.2147 11
    endloop
  endfacet
  facet normal 0 0 -1
    outer loop
      vertex -14.78 14.179 11
      vertex -14.78 15.821 11
      vertex -14.6747 15.7853 11
    endloop
  endfacet
  facet normal 0 0 -1
    outer loop
      vertex -14.8891 14.1573 11
      vertex -14.78 15.821 11
      vertex -14.78 14.179 11
    endloop
  endfacet
  facet normal 0 0 -1
    outer loop
      vertex -14.8891 14.1573 11
      vertex -14.8891 15.8427 11
      vertex -14.78 15.821 11
    endloop
  endfacet
  facet normal 0 0 -1
    outer loop
      vertex -15 14.15 11
      vertex -14.8891 15.8427 11
      vertex -14.8891 14.1573 11
    endloop
  endfacet
  facet normal 0 0 -1
    outer loop
      vertex -15 14.15 11
      vertex -15 15.85 11
      vertex -14.8891 15.8427 11
    endloop
  endfacet
  facet normal 0 0 -1
    outer loop
      vertex -15.1109 14.1573 11
      vertex -15 15.85 11
      vertex -15 14.15 11
    endloop
  endfacet
  facet normal 0 0 -1
    outer loop
      vertex -15.1109 14.1573 11
      vertex -15.1109 15.8427 11
      vertex -15 15.85 11
    endloop
  endfacet
  facet normal 0 0 -1
    outer loop
      vertex -15.22 14.179 11
      vertex -15.1109 15.8427 11
      vertex -15.1109 14.1573 11
    endloop
  endfacet
  facet normal 0 0 -1
    outer loop
      vertex -15.22 14.179 11
      vertex -15.22 15.821 11
      vertex -15.1109 15.8427 11
    endloop
  endfacet
  facet normal 0 0 -1
    outer loop
      vertex -15.3253 14.2147 11
      vertex -15.22 15.821 11
      vertex -15.22 14.179 11
    endloop
  endfacet
  facet normal 0 0 -1
    outer loop
      vertex -15.3253 14.2147 11
      vertex -15.3253 15.7853 11
      vertex -15.22 15.821 11
    endloop
  endfacet
  facet normal 0 0 -1
    outer loop
      vertex -15.425 14.2639 11
      vertex -15.3253 15.7853 11
      vertex -15.3253 14.2147 11
    endloop
  endfacet
  facet normal 0 0 -1
    outer loop
      vertex -15.425 14.2639 11
      vertex -15.425 15.7361 11
      vertex -15.3253 15.7853 11
    endloop
  endfacet
  facet normal 0 0 -1
    outer loop
      vertex -15.5174 14.3256 11
      vertex -15.425 15.7361 11
      vertex -15.425 14.2639 11
    endloop
  endfacet
  facet normal 0 0 -1
    outer loop
      vertex -15.5174 14.3256 11
      vertex -15.5174 15.6743 11
      vertex -15.425 15.7361 11
    endloop
  endfacet
  facet normal 0 0 -1
    outer loop
      vertex -15.601 14.399 11
      vertex -15.5174 15.6743 11
      vertex -15.5174 14.3256 11
    endloop
  endfacet
  facet normal 0 0 -1
    outer loop
      vertex -15.601 14.399 11
      vertex -15.601 15.601 11
      vertex -15.5174 15.6743 11
    endloop
  endfacet
  facet normal 0 0 -1
    outer loop
      vertex -15.6743 14.4826 11
      vertex -15.601 15.601 11
      vertex -15.601 14.399 11
    endloop
  endfacet
  facet normal 0 0 -1
    outer loop
      vertex -15.6743 14.4826 11
      vertex -15.6743 15.5174 11
      vertex -15.601 15.601 11
    endloop
  endfacet
  facet normal 0 0 -1
    outer loop
      vertex -15.7361 14.575 11
      vertex -15.6743 15.5174 11
      vertex -15.6743 14.4826 11
    endloop
  endfacet
  facet normal 0 0 -1
    outer loop
      vertex -15.7361 14.575 11
      vertex -15.7361 15.425 11
      vertex -15.6743 15.5174 11
    endloop
  endfacet
  facet normal 0 0 -1
    outer loop
      vertex -15.7853 14.6747 11
      vertex -15.7361 15.425 11
      vertex -15.7361 14.575 11
    endloop
  endfacet
  facet normal 0 0 -1
    outer loop
      vertex -15.7853 14.6747 11
      vertex -15.7853 15.3253 11
      vertex -15.7361 15.425 11
    endloop
  endfacet
  facet normal 0 0 -1
    outer loop
      vertex -15.821 14.78 11
      vertex -15.7853 15.3253 11
      vertex -15.7853 14.6747 11
    endloop
  endfacet
  facet normal 0 0 -1
    outer loop
      vertex -15.821 14.78 11
      vertex -15.821 15.22 11
      vertex -15.7853 15.3253 11
    endloop
  endfacet
  facet normal 0 0 -1
    outer loop
      vertex -15.8427 14.8891 11
      vertex -15.821 15.22 11
      vertex -15.821 14.78 11
    endloop
  endfacet
  facet normal 0 0 -1
    outer loop
      vertex -15.8427 14.8891 11
      vertex -15.8427 15.1109 11
      vertex -15.821 15.22 11
    endloop
  endfacet
  facet normal 0 -0 -1
    outer loop
      vertex -15.8427 15.1109 11
      vertex -15.8427 14.8891 11
      vertex -15.85 15 11
    endloop
  endfacet
  facet normal -0.896754 0.44253 0
    outer loop
      vertex -14.2639 14.575 0
      vertex -14.2147 14.6747 11
      vertex -14.2147 14.6747 0
    endloop
  endfacet
  facet normal -0.896754 0.44253 0
    outer loop
      vertex -14.2147 14.6747 11
      vertex -14.2639 14.575 0
      vertex -14.2639 14.575 11
    endloop
  endfacet
  facet normal 0.44253 0.896754 -0
    outer loop
      vertex -15.3253 14.2147 0
      vertex -15.425 14.2639 11
      vertex -15.3253 14.2147 11
    endloop
  endfacet
  facet normal 0.44253 0.896754 0
    outer loop
      vertex -15.425 14.2639 11
      vertex -15.3253 14.2147 0
      vertex -15.425 14.2639 0
    endloop
  endfacet
  facet normal 0.947052 0.32108 0
    outer loop
      vertex -15.7853 14.6747 11
      vertex -15.821 14.78 0
      vertex -15.821 14.78 11
    endloop
  endfacet
  facet normal 0.947052 0.32108 0
    outer loop
      vertex -15.821 14.78 0
      vertex -15.7853 14.6747 11
      vertex -15.7853 14.6747 0
    endloop
  endfacet
  facet normal 0.980722 -0 0.195409
    outer loop
      vertex -17.075 0 4.0694
      vertex -17.0325 14.1581 3.8561
      vertex -17.075 14.2831 4.0694
    endloop
  endfacet
  facet normal 0.98082 -7.73079e-06 0.194915
    outer loop
      vertex -17.075 0 4.0694
      vertex -17.0188 14.1303 3.78716
      vertex -17.0325 14.1581 3.8561
    endloop
  endfacet
  facet normal 0.980746 0 0.195287
    outer loop
      vertex -17.0188 14.1303 3.78716
      vertex -17.075 0 4.0694
      vertex -17.0188 0 3.78716
    endloop
  endfacet
  facet normal 0.980746 0 0.195287
    outer loop
      vertex -17.075 21 4.0694
      vertex -17.0188 15.8697 3.78716
      vertex -17.0188 21 3.78716
    endloop
  endfacet
  facet normal 0.980819 2.09984e-05 0.19492
    outer loop
      vertex -17.075 21 4.0694
      vertex -17.0325 15.8419 3.8561
      vertex -17.0188 15.8697 3.78716
    endloop
  endfacet
  facet normal 0.980722 0 0.195409
    outer loop
      vertex -17.0325 15.8419 3.8561
      vertex -17.075 21 4.0694
      vertex -17.075 15.7169 4.0694
    endloop
  endfacet
  facet normal -0.321666 0.000342827 0.946853
    outer loop
      vertex -20.0419 20.5168 5.53253
      vertex -19.7694 20.6936 5.62504
      vertex -19.8 20.6785 5.61465
    endloop
  endfacet
  facet normal -0.321467 0 0.946921
    outer loop
      vertex -19.7694 20.6936 5.62504
      vertex -20.0419 20.5168 5.53253
      vertex -19.7694 0 5.62504
    endloop
  endfacet
  facet normal -0.321467 0 0.946921
    outer loop
      vertex -19.7694 0 5.62504
      vertex -20.0419 20.5168 5.53253
      vertex -20.0419 0 5.53253
    endloop
  endfacet
  facet normal 0.997864 -0 0.0653289
    outer loop
      vertex -17.0188 0 3.78716
      vertex -17 14.0921 3.5
      vertex -17.0188 14.1303 3.78716
    endloop
  endfacet
  facet normal 0.997864 0 0.0653289
    outer loop
      vertex -17 14.0921 3.5
      vertex -17.0188 0 3.78716
      vertex -17 0 3.5
    endloop
  endfacet
  facet normal 0.997864 0 0.0653289
    outer loop
      vertex -17.0188 21 3.78716
      vertex -17 15.9079 3.5
      vertex -17 21 3.5
    endloop
  endfacet
  facet normal 0.997864 0 0.0653289
    outer loop
      vertex -17 15.9079 3.5
      vertex -17.0188 21 3.78716
      vertex -17.0188 15.8697 3.78716
    endloop
  endfacet
  facet normal 0.946931 0 -0.321435
    outer loop
      vertex -17.1675 0 2.6581
      vertex -17.075 14.2831 2.9306
      vertex -17.075 0 2.9306
    endloop
  endfacet
  facet normal 0.94707 -8.67852e-06 -0.321028
    outer loop
      vertex -17.075 14.2831 2.9306
      vertex -17.1675 0 2.6581
      vertex -17.125 14.4306 2.78309
    endloop
  endfacet
  facet normal 0.946765 0 -0.321926
    outer loop
      vertex -17.125 14.4306 2.78309
      vertex -17.1675 0 2.6581
      vertex -17.1675 14.6439 2.6581
    endloop
  endfacet
  facet normal 0.946931 0 -0.321435
    outer loop
      vertex -17.075 15.7169 2.9306
      vertex -17.1675 21 2.6581
      vertex -17.075 21 2.9306
    endloop
  endfacet
  facet normal 0.947066 2.27376e-05 -0.32104
    outer loop
      vertex -17.125 15.5694 2.78309
      vertex -17.1675 21 2.6581
      vertex -17.075 15.7169 2.9306
    endloop
  endfacet
  facet normal 0.946765 0 -0.321926
    outer loop
      vertex -17.1675 21 2.6581
      vertex -17.125 15.5694 2.78309
      vertex -17.1675 15.3561 2.6581
    endloop
  endfacet
  facet normal 0.896984 0 -0.442063
    outer loop
      vertex -17.1675 15.3561 2.6581
      vertex -17.2947 21 2.4
      vertex -17.1675 21 2.6581
    endloop
  endfacet
  facet normal 0.897049 7.50536e-06 -0.441931
    outer loop
      vertex -17.1812 15.2872 2.63029
      vertex -17.2947 21 2.4
      vertex -17.1675 15.3561 2.6581
    endloop
  endfacet
  facet normal 0.897064 8.97389e-06 -0.441901
    outer loop
      vertex -17.2 15 2.59212
      vertex -17.2947 21 2.4
      vertex -17.1812 15.2872 2.63029
    endloop
  endfacet
  facet normal 0.896984 0 -0.442063
    outer loop
      vertex -17.2947 0 2.4
      vertex -17.1675 14.6439 2.6581
      vertex -17.1675 0 2.6581
    endloop
  endfacet
  facet normal 0.897054 -3.08565e-06 -0.441922
    outer loop
      vertex -17.1675 14.6439 2.6581
      vertex -17.2947 0 2.4
      vertex -17.1812 14.7128 2.63029
    endloop
  endfacet
  facet normal 0.897078 -4.0629e-06 -0.441872
    outer loop
      vertex -17.1812 14.7128 2.63029
      vertex -17.2947 0 2.4
      vertex -17.2 15 2.59212
    endloop
  endfacet
  facet normal 0.896953 0 -0.442127
    outer loop
      vertex -17.2 15 2.59212
      vertex -17.2947 0 2.4
      vertex -17.2947 21 2.4
    endloop
  endfacet
  facet normal -0.75033 -0.00121183 -0.661062
    outer loop
      vertex -20.8044 19.5446 2
      vertex -20.9182 19.2212 2.12976
      vertex -20.8173 19.5184 2.01469
    endloop
  endfacet
  facet normal -0.752579 0.000607313 -0.658501
    outer loop
      vertex -20.8044 19.5446 2
      vertex -20.9454 19.0846 2.16072
      vertex -20.9182 19.2212 2.12976
    endloop
  endfacet
  facet normal -0.751718 0 -0.659484
    outer loop
      vertex -20.8044 0 2
      vertex -20.9454 19.0846 2.16072
      vertex -20.8044 19.5446 2
    endloop
  endfacet
  facet normal -0.751718 -0 -0.659484
    outer loop
      vertex -20.9454 19.0846 2.16072
      vertex -20.8044 0 2
      vertex -20.9454 0 2.16072
    endloop
  endfacet
  facet normal 0.0598692 0.0277502 0.99782
    outer loop
      vertex -19.2 20.9224 5.7
      vertex -18.9128 20.9795 5.68118
      vertex -18.9133 20.9795 5.68121
    endloop
  endfacet
  facet normal 0.065389 0 0.99786
    outer loop
      vertex -18.9128 20.9795 5.68118
      vertex -19.2 20.9224 5.7
      vertex -18.9128 0 5.68118
    endloop
  endfacet
  facet normal 0.065389 0 0.99786
    outer loop
      vertex -18.9128 0 5.68118
      vertex -19.2 20.9224 5.7
      vertex -19.2 0 5.7
    endloop
  endfacet
  facet normal 0.946765 -0 0.321926
    outer loop
      vertex -17.1675 0 4.3419
      vertex -17.125 14.4306 4.21691
      vertex -17.1675 14.6439 4.3419
    endloop
  endfacet
  facet normal 0.94707 -8.67852e-06 0.321028
    outer loop
      vertex -17.1675 0 4.3419
      vertex -17.075 14.2831 4.0694
      vertex -17.125 14.4306 4.21691
    endloop
  endfacet
  facet normal 0.946931 0 0.321435
    outer loop
      vertex -17.075 14.2831 4.0694
      vertex -17.1675 0 4.3419
      vertex -17.075 0 4.0694
    endloop
  endfacet
  facet normal 0.946931 0 0.321435
    outer loop
      vertex -17.1675 21 4.3419
      vertex -17.075 15.7169 4.0694
      vertex -17.075 21 4.0694
    endloop
  endfacet
  facet normal 0.947066 2.27376e-05 0.32104
    outer loop
      vertex -17.1675 21 4.3419
      vertex -17.125 15.5694 4.21691
      vertex -17.075 15.7169 4.0694
    endloop
  endfacet
  facet normal 0.946765 0 0.321926
    outer loop
      vertex -17.125 15.5694 4.21691
      vertex -17.1675 21 4.3419
      vertex -17.1675 15.3561 4.3419
    endloop
  endfacet
  facet normal 0.442258 0 0.896888
    outer loop
      vertex -18.3581 21 5.53253
      vertex -18.1 0 5.40526
      vertex -18.1 21 5.40526
    endloop
  endfacet
  facet normal 0.442258 0 0.896888
    outer loop
      vertex -18.1 0 5.40526
      vertex -18.3581 21 5.53253
      vertex -18.3581 0 5.53253
    endloop
  endfacet
  facet normal -0.196504 0.00303921 0.980498
    outer loop
      vertex -19.7694 20.6936 5.62504
      vertex -19.4872 20.8279 5.68118
      vertex -19.5184 20.8173 5.67496
    endloop
  endfacet
  facet normal -0.195113 0 0.980781
    outer loop
      vertex -19.4872 20.8279 5.68118
      vertex -19.7694 20.6936 5.62504
      vertex -19.4872 0 5.68118
    endloop
  endfacet
  facet normal -0.195113 0 0.980781
    outer loop
      vertex -19.4872 0 5.68118
      vertex -19.7694 20.6936 5.62504
      vertex -19.7694 0 5.62504
    endloop
  endfacet
  facet normal -0.658277 -0.00124378 0.752775
    outer loop
      vertex -20.7556 19.6435 5.05563
      vertex -20.5393 20.0083 5.24538
      vertex -20.6785 19.8 5.12331
    endloop
  endfacet
  facet normal -0.659464 0 0.751736
    outer loop
      vertex -20.5393 20.0083 5.24538
      vertex -20.7556 19.6435 5.05563
      vertex -20.5393 0 5.24538
    endloop
  endfacet
  facet normal -0.659464 0 0.751736
    outer loop
      vertex -20.5393 0 5.24538
      vertex -20.7556 19.6435 5.05563
      vertex -20.7556 0 5.05563
    endloop
  endfacet
  facet normal 0.980746 0 -0.195287
    outer loop
      vertex -17.075 0 2.9306
      vertex -17.0188 14.1303 3.21284
      vertex -17.0188 0 3.21284
    endloop
  endfacet
  facet normal 0.98082 -7.73079e-06 -0.194915
    outer loop
      vertex -17.0188 14.1303 3.21284
      vertex -17.075 0 2.9306
      vertex -17.0325 14.1581 3.1439
    endloop
  endfacet
  facet normal 0.980722 0 -0.195409
    outer loop
      vertex -17.0325 14.1581 3.1439
      vertex -17.075 0 2.9306
      vertex -17.075 14.2831 2.9306
    endloop
  endfacet
  facet normal 0.980746 0 -0.195287
    outer loop
      vertex -17.0188 15.8697 3.21284
      vertex -17.075 21 2.9306
      vertex -17.0188 21 3.21284
    endloop
  endfacet
  facet normal 0.980819 2.09984e-05 -0.19492
    outer loop
      vertex -17.0325 15.8419 3.1439
      vertex -17.075 21 2.9306
      vertex -17.0188 15.8697 3.21284
    endloop
  endfacet
  facet normal 0.980722 0 -0.195409
    outer loop
      vertex -17.075 21 2.9306
      vertex -17.0325 15.8419 3.1439
      vertex -17.075 15.7169 2.9306
    endloop
  endfacet
  facet normal 0.83144 0 -0.555614
    outer loop
      vertex -17.2947 0 2.4
      vertex -17.4546 21 2.16072
      vertex -17.2947 21 2.4
    endloop
  endfacet
  facet normal 0.83144 0 -0.555614
    outer loop
      vertex -17.4546 21 2.16072
      vertex -17.2947 0 2.4
      vertex -17.4546 0 2.16072
    endloop
  endfacet
  facet normal 0.751718 0 -0.659484
    outer loop
      vertex -17.4546 0 2.16072
      vertex -17.5956 21 2
      vertex -17.4546 21 2.16072
    endloop
  endfacet
  facet normal 0.751718 0 -0.659484
    outer loop
      vertex -17.5956 21 2
      vertex -17.4546 0 2.16072
      vertex -17.5956 0 2
    endloop
  endfacet
  facet normal -0.831275 -0.000111376 -0.555861
    outer loop
      vertex -20.9454 19.0846 2.16072
      vertex -21 18.6 2.24247
      vertex -20.9795 18.9133 2.21175
    endloop
  endfacet
  facet normal -0.831581 0 -0.555404
    outer loop
      vertex -20.9454 0 2.16072
      vertex -21 18.6 2.24247
      vertex -20.9454 19.0846 2.16072
    endloop
  endfacet
  facet normal -0.831581 -0 -0.555404
    outer loop
      vertex -21 18.6 2.24247
      vertex -20.9454 0 2.16072
      vertex -21 0 2.24247
    endloop
  endfacet
  facet normal 0.997864 0 -0.0653289
    outer loop
      vertex -17.0188 0 3.21284
      vertex -17 14.0921 3.5
      vertex -17 0 3.5
    endloop
  endfacet
  facet normal 0.997864 0 -0.0653289
    outer loop
      vertex -17 14.0921 3.5
      vertex -17.0188 0 3.21284
      vertex -17.0188 14.1303 3.21284
    endloop
  endfacet
  facet normal 0.997864 0 -0.0653289
    outer loop
      vertex -17 15.9079 3.5
      vertex -17.0188 21 3.21284
      vertex -17 21 3.5
    endloop
  endfacet
  facet normal 0.997864 0 -0.0653289
    outer loop
      vertex -17.0188 21 3.21284
      vertex -17 15.9079 3.5
      vertex -17.0188 15.8697 3.21284
    endloop
  endfacet
  facet normal 0.751741 -0 0.659458
    outer loop
      vertex -17.6444 0 5.05563
      vertex -17.4546 21 4.83927
      vertex -17.6444 21 5.05563
    endloop
  endfacet
  facet normal 0.751741 0 0.659458
    outer loop
      vertex -17.4546 21 4.83927
      vertex -17.6444 0 5.05563
      vertex -17.4546 0 4.83927
    endloop
  endfacet
  facet normal 0.896984 0 0.442063
    outer loop
      vertex -17.2947 21 4.6
      vertex -17.1675 15.3561 4.3419
      vertex -17.1675 21 4.3419
    endloop
  endfacet
  facet normal 0.897049 7.50536e-06 0.441931
    outer loop
      vertex -17.2947 21 4.6
      vertex -17.1812 15.2872 4.36971
      vertex -17.1675 15.3561 4.3419
    endloop
  endfacet
  facet normal 0.897064 8.97389e-06 0.441901
    outer loop
      vertex -17.2947 21 4.6
      vertex -17.2 15 4.40788
      vertex -17.1812 15.2872 4.36971
    endloop
  endfacet
  facet normal 0.896953 -0 0.442127
    outer loop
      vertex -17.2947 0 4.6
      vertex -17.2 15 4.40788
      vertex -17.2947 21 4.6
    endloop
  endfacet
  facet normal 0.897078 -4.0629e-06 0.441872
    outer loop
      vertex -17.2947 0 4.6
      vertex -17.1812 14.7128 4.36971
      vertex -17.2 15 4.40788
    endloop
  endfacet
  facet normal 0.897054 -3.08565e-06 0.441922
    outer loop
      vertex -17.2947 0 4.6
      vertex -17.1675 14.6439 4.3419
      vertex -17.1812 14.7128 4.36971
    endloop
  endfacet
  facet normal 0.896984 0 0.442063
    outer loop
      vertex -17.1675 14.6439 4.3419
      vertex -17.2947 0 4.6
      vertex -17.1675 0 4.3419
    endloop
  endfacet
  facet normal 0.195113 0 0.980781
    outer loop
      vertex -18.9128 20.9795 5.68118
      vertex -18.6306 0 5.62504
      vertex -18.6306 20.998 5.62504
    endloop
  endfacet
  facet normal 0.195113 0 0.980781
    outer loop
      vertex -18.6306 0 5.62504
      vertex -18.9128 20.9795 5.68118
      vertex -18.9128 0 5.68118
    endloop
  endfacet
  facet normal 0.555534 0 0.831494
    outer loop
      vertex -18.1 21 5.40526
      vertex -17.8607 0 5.24538
      vertex -17.8607 21 5.24538
    endloop
  endfacet
  facet normal 0.555534 0 0.831494
    outer loop
      vertex -17.8607 0 5.24538
      vertex -18.1 21 5.40526
      vertex -18.1 0 5.40526
    endloop
  endfacet
  facet normal -0.0654809 0.000280394 0.997854
    outer loop
      vertex -19.4872 20.8279 5.68118
      vertex -19.2 20.9224 5.7
      vertex -19.2212 20.9182 5.69861
    endloop
  endfacet
  facet normal -0.065389 0 0.99786
    outer loop
      vertex -19.2 20.9224 5.7
      vertex -19.4872 20.8279 5.68118
      vertex -19.2 0 5.7
    endloop
  endfacet
  facet normal -0.065389 0 0.99786
    outer loop
      vertex -19.2 0 5.7
      vertex -19.4872 20.8279 5.68118
      vertex -19.4872 0 5.68118
    endloop
  endfacet
  facet normal -0.444224 0.00283127 0.895911
    outer loop
      vertex -20.3 20.2937 5.40526
      vertex -20.0419 20.5168 5.53253
      vertex -20.061 20.504 5.5231
    endloop
  endfacet
  facet normal -0.426862 -0.0214677 0.904062
    outer loop
      vertex -20.3 20.2937 5.40526
      vertex -20.061 20.504 5.5231
      vertex -20.2971 20.2971 5.40671
    endloop
  endfacet
  facet normal -0.442258 0 0.896888
    outer loop
      vertex -20.0419 20.5168 5.53253
      vertex -20.3 20.2937 5.40526
      vertex -20.0419 0 5.53253
    endloop
  endfacet
  facet normal -0.442258 0 0.896888
    outer loop
      vertex -20.0419 0 5.53253
      vertex -20.3 20.2937 5.40526
      vertex -20.3 0 5.40526
    endloop
  endfacet
  facet normal -0.831159 -0.000153742 0.556034
    outer loop
      vertex -21 18.6 4.75752
      vertex -20.9454 19.0846 4.83927
      vertex -20.9795 18.9133 4.78825
    endloop
  endfacet
  facet normal -0.831581 0 0.555404
    outer loop
      vertex -20.9454 0 4.83927
      vertex -21 18.6 4.75752
      vertex -21 0 4.75752
    endloop
  endfacet
  facet normal -0.831581 0 0.555404
    outer loop
      vertex -21 18.6 4.75752
      vertex -20.9454 0 4.83927
      vertex -20.9454 19.0846 4.83927
    endloop
  endfacet
  facet normal -0.751214 -0.000523344 0.660059
    outer loop
      vertex -20.9182 19.2212 4.87024
      vertex -20.7556 19.6435 5.05563
      vertex -20.8173 19.5184 4.98531
    endloop
  endfacet
  facet normal -0.752282 0.000423025 0.658841
    outer loop
      vertex -20.9454 19.0846 4.83927
      vertex -20.7556 19.6435 5.05563
      vertex -20.9182 19.2212 4.87024
    endloop
  endfacet
  facet normal -0.751741 0 0.659458
    outer loop
      vertex -20.7556 0 5.05563
      vertex -20.9454 19.0846 4.83927
      vertex -20.9454 0 4.83927
    endloop
  endfacet
  facet normal -0.751741 0 0.659458
    outer loop
      vertex -20.9454 19.0846 4.83927
      vertex -20.7556 0 5.05563
      vertex -20.7556 19.6435 5.05563
    endloop
  endfacet
  facet normal 0.32146 0.000917955 0.946923
    outer loop
      vertex -18.6306 20.998 5.62504
      vertex -18.3581 21 5.53253
      vertex -18.6 21 5.61465
    endloop
  endfacet
  facet normal 0.321467 0 0.946921
    outer loop
      vertex -18.3581 21 5.53253
      vertex -18.6306 20.998 5.62504
      vertex -18.3581 0 5.53253
    endloop
  endfacet
  facet normal 0.321467 0 0.946921
    outer loop
      vertex -18.3581 0 5.53253
      vertex -18.6306 20.998 5.62504
      vertex -18.6306 0 5.62504
    endloop
  endfacet
  facet normal 0.659464 0 0.751736
    outer loop
      vertex -17.8607 21 5.24538
      vertex -17.6444 0 5.05563
      vertex -17.6444 21 5.05563
    endloop
  endfacet
  facet normal 0.659464 0 0.751736
    outer loop
      vertex -17.6444 0 5.05563
      vertex -17.8607 21 5.24538
      vertex -17.8607 0 5.24538
    endloop
  endfacet
  facet normal -0.559037 0.0042609 0.829132
    outer loop
      vertex -20.5393 20.0083 5.24538
      vertex -20.3 20.2937 5.40526
      vertex -20.504 20.061 5.26891
    endloop
  endfacet
  facet normal -0.555534 0 0.831494
    outer loop
      vertex -20.3 20.2937 5.40526
      vertex -20.5393 20.0083 5.24538
      vertex -20.3 0 5.40526
    endloop
  endfacet
  facet normal -0.555534 0 0.831494
    outer loop
      vertex -20.3 0 5.40526
      vertex -20.5393 20.0083 5.24538
      vertex -20.5393 0 5.24538
    endloop
  endfacet
  facet normal 0.83143 -0 0.55563
    outer loop
      vertex -17.4546 0 4.83927
      vertex -17.2947 21 4.6
      vertex -17.4546 21 4.83927
    endloop
  endfacet
  facet normal 0.83143 0 0.55563
    outer loop
      vertex -17.2947 21 4.6
      vertex -17.4546 0 4.83927
      vertex -17.2947 0 4.6
    endloop
  endfacet
  facet normal 0.831275 -0.000111376 -0.555861
    outer loop
      vertex 21 18.6 2.24247
      vertex 20.9454 19.0846 2.16072
      vertex 20.9795 18.9133 2.21175
    endloop
  endfacet
  facet normal 0.831581 0 -0.555404
    outer loop
      vertex 20.9454 0 2.16072
      vertex 21 18.6 2.24247
      vertex 21 0 2.24247
    endloop
  endfacet
  facet normal 0.831581 0 -0.555404
    outer loop
      vertex 21 18.6 2.24247
      vertex 20.9454 0 2.16072
      vertex 20.9454 19.0846 2.16072
    endloop
  endfacet
  facet normal -0.946765 0 -0.321926
    outer loop
      vertex 17.1675 0 2.6581
      vertex 17.125 14.4306 2.78309
      vertex 17.1675 14.6439 2.6581
    endloop
  endfacet
  facet normal -0.94707 -8.67852e-06 -0.321028
    outer loop
      vertex 17.1675 0 2.6581
      vertex 17.075 14.2831 2.9306
      vertex 17.125 14.4306 2.78309
    endloop
  endfacet
  facet normal -0.946931 -0 -0.321435
    outer loop
      vertex 17.075 14.2831 2.9306
      vertex 17.1675 0 2.6581
      vertex 17.075 0 2.9306
    endloop
  endfacet
  facet normal -0.946931 0 -0.321435
    outer loop
      vertex 17.1675 21 2.6581
      vertex 17.075 15.7169 2.9306
      vertex 17.075 21 2.9306
    endloop
  endfacet
  facet normal -0.947066 2.27376e-05 -0.32104
    outer loop
      vertex 17.1675 21 2.6581
      vertex 17.125 15.5694 2.78309
      vertex 17.075 15.7169 2.9306
    endloop
  endfacet
  facet normal -0.946765 0 -0.321926
    outer loop
      vertex 17.125 15.5694 2.78309
      vertex 17.1675 21 2.6581
      vertex 17.1675 15.3561 2.6581
    endloop
  endfacet
  facet normal -0.997864 0 -0.0653289
    outer loop
      vertex 17.0188 0 3.21284
      vertex 17 14.0921 3.5
      vertex 17.0188 14.1303 3.21284
    endloop
  endfacet
  facet normal -0.997864 -0 -0.0653289
    outer loop
      vertex 17 14.0921 3.5
      vertex 17.0188 0 3.21284
      vertex 17 0 3.5
    endloop
  endfacet
  facet normal -0.997864 0 -0.0653289
    outer loop
      vertex 17.0188 21 3.21284
      vertex 17 15.9079 3.5
      vertex 17 21 3.5
    endloop
  endfacet
  facet normal -0.997864 0 -0.0653289
    outer loop
      vertex 17 15.9079 3.5
      vertex 17.0188 21 3.21284
      vertex 17.0188 15.8697 3.21284
    endloop
  endfacet
  facet normal -0.83144 0 -0.555614
    outer loop
      vertex 17.4546 0 2.16072
      vertex 17.2947 21 2.4
      vertex 17.4546 21 2.16072
    endloop
  endfacet
  facet normal -0.83144 -0 -0.555614
    outer loop
      vertex 17.2947 21 2.4
      vertex 17.4546 0 2.16072
      vertex 17.2947 0 2.4
    endloop
  endfacet
  facet normal -0.751718 0 -0.659484
    outer loop
      vertex 17.5956 0 2
      vertex 17.4546 21 2.16072
      vertex 17.5956 21 2
    endloop
  endfacet
  facet normal -0.751718 -0 -0.659484
    outer loop
      vertex 17.4546 21 2.16072
      vertex 17.5956 0 2
      vertex 17.4546 0 2.16072
    endloop
  endfacet
  facet normal 0.75033 -0.00121183 -0.661062
    outer loop
      vertex 20.9182 19.2212 2.12976
      vertex 20.8044 19.5446 2
      vertex 20.8173 19.5184 2.01469
    endloop
  endfacet
  facet normal 0.752579 0.000607313 -0.658501
    outer loop
      vertex 20.9454 19.0846 2.16072
      vertex 20.8044 19.5446 2
      vertex 20.9182 19.2212 2.12976
    endloop
  endfacet
  facet normal 0.751718 0 -0.659484
    outer loop
      vertex 20.8044 0 2
      vertex 20.9454 19.0846 2.16072
      vertex 20.9454 0 2.16072
    endloop
  endfacet
  facet normal 0.751718 0 -0.659484
    outer loop
      vertex 20.9454 19.0846 2.16072
      vertex 20.8044 0 2
      vertex 20.8044 19.5446 2
    endloop
  endfacet
  facet normal -0.980722 0 -0.195409
    outer loop
      vertex 17.075 0 2.9306
      vertex 17.0325 14.1581 3.1439
      vertex 17.075 14.2831 2.9306
    endloop
  endfacet
  facet normal -0.98082 -7.73079e-06 -0.194915
    outer loop
      vertex 17.075 0 2.9306
      vertex 17.0188 14.1303 3.21284
      vertex 17.0325 14.1581 3.1439
    endloop
  endfacet
  facet normal -0.980746 -0 -0.195287
    outer loop
      vertex 17.0188 14.1303 3.21284
      vertex 17.075 0 2.9306
      vertex 17.0188 0 3.21284
    endloop
  endfacet
  facet normal -0.980746 0 -0.195287
    outer loop
      vertex 17.075 21 2.9306
      vertex 17.0188 15.8697 3.21284
      vertex 17.0188 21 3.21284
    endloop
  endfacet
  facet normal -0.980819 2.09984e-05 -0.19492
    outer loop
      vertex 17.075 21 2.9306
      vertex 17.0325 15.8419 3.1439
      vertex 17.0188 15.8697 3.21284
    endloop
  endfacet
  facet normal -0.980722 0 -0.195409
    outer loop
      vertex 17.0325 15.8419 3.1439
      vertex 17.075 21 2.9306
      vertex 17.075 15.7169 2.9306
    endloop
  endfacet
  facet normal -0.896984 0 -0.442063
    outer loop
      vertex 17.2947 21 2.4
      vertex 17.1675 15.3561 2.6581
      vertex 17.1675 21 2.6581
    endloop
  endfacet
  facet normal -0.897049 7.50536e-06 -0.441931
    outer loop
      vertex 17.2947 21 2.4
      vertex 17.1812 15.2872 2.63029
      vertex 17.1675 15.3561 2.6581
    endloop
  endfacet
  facet normal -0.897064 8.97389e-06 -0.441901
    outer loop
      vertex 17.2947 21 2.4
      vertex 17.2 15 2.59212
      vertex 17.1812 15.2872 2.63029
    endloop
  endfacet
  facet normal -0.896953 0 -0.442127
    outer loop
      vertex 17.2947 0 2.4
      vertex 17.2 15 2.59212
      vertex 17.2947 21 2.4
    endloop
  endfacet
  facet normal -0.897078 -4.0629e-06 -0.441872
    outer loop
      vertex 17.2947 0 2.4
      vertex 17.1812 14.7128 2.63029
      vertex 17.2 15 2.59212
    endloop
  endfacet
  facet normal -0.897054 -3.08565e-06 -0.441922
    outer loop
      vertex 17.2947 0 2.4
      vertex 17.1675 14.6439 2.6581
      vertex 17.1812 14.7128 2.63029
    endloop
  endfacet
  facet normal -0.896984 -0 -0.442063
    outer loop
      vertex 17.1675 14.6439 2.6581
      vertex 17.2947 0 2.4
      vertex 17.1675 0 2.6581
    endloop
  endfacet
  facet normal 0.831159 -0.000153742 0.556034
    outer loop
      vertex 20.9454 19.0846 4.83927
      vertex 21 18.6 4.75752
      vertex 20.9795 18.9133 4.78825
    endloop
  endfacet
  facet normal 0.831581 -0 0.555404
    outer loop
      vertex 20.9454 0 4.83927
      vertex 21 18.6 4.75752
      vertex 20.9454 19.0846 4.83927
    endloop
  endfacet
  facet normal 0.831581 0 0.555404
    outer loop
      vertex 21 18.6 4.75752
      vertex 20.9454 0 4.83927
      vertex 21 0 4.75752
    endloop
  endfacet
  facet normal 0.0654809 0.000280394 0.997854
    outer loop
      vertex 19.2 20.9224 5.7
      vertex 19.4872 20.8279 5.68118
      vertex 19.2212 20.9182 5.69861
    endloop
  endfacet
  facet normal 0.065389 0 0.99786
    outer loop
      vertex 19.4872 20.8279 5.68118
      vertex 19.2 20.9224 5.7
      vertex 19.2 0 5.7
    endloop
  endfacet
  facet normal 0.065389 0 0.99786
    outer loop
      vertex 19.4872 20.8279 5.68118
      vertex 19.2 0 5.7
      vertex 19.4872 0 5.68118
    endloop
  endfacet
  facet normal -0.980746 0 0.195287
    outer loop
      vertex 17.075 0 4.0694
      vertex 17.0188 14.1303 3.78716
      vertex 17.0188 0 3.78716
    endloop
  endfacet
  facet normal -0.98082 -7.73079e-06 0.194915
    outer loop
      vertex 17.0188 14.1303 3.78716
      vertex 17.075 0 4.0694
      vertex 17.0325 14.1581 3.8561
    endloop
  endfacet
  facet normal -0.980722 0 0.195409
    outer loop
      vertex 17.0325 14.1581 3.8561
      vertex 17.075 0 4.0694
      vertex 17.075 14.2831 4.0694
    endloop
  endfacet
  facet normal -0.980746 0 0.195287
    outer loop
      vertex 17.0188 15.8697 3.78716
      vertex 17.075 21 4.0694
      vertex 17.0188 21 3.78716
    endloop
  endfacet
  facet normal -0.980819 2.09984e-05 0.19492
    outer loop
      vertex 17.0325 15.8419 3.8561
      vertex 17.075 21 4.0694
      vertex 17.0188 15.8697 3.78716
    endloop
  endfacet
  facet normal -0.980722 0 0.195409
    outer loop
      vertex 17.075 21 4.0694
      vertex 17.0325 15.8419 3.8561
      vertex 17.075 15.7169 4.0694
    endloop
  endfacet
  facet normal 0.196504 0.00303921 0.980498
    outer loop
      vertex 19.4872 20.8279 5.68118
      vertex 19.7694 20.6936 5.62504
      vertex 19.5184 20.8173 5.67496
    endloop
  endfacet
  facet normal 0.195113 0 0.980781
    outer loop
      vertex 19.7694 20.6936 5.62504
      vertex 19.4872 20.8279 5.68118
      vertex 19.4872 0 5.68118
    endloop
  endfacet
  facet normal 0.195113 0 0.980781
    outer loop
      vertex 19.7694 20.6936 5.62504
      vertex 19.4872 0 5.68118
      vertex 19.7694 0 5.62504
    endloop
  endfacet
  facet normal -0.997864 0 0.0653289
    outer loop
      vertex 17.0188 0 3.78716
      vertex 17 14.0921 3.5
      vertex 17 0 3.5
    endloop
  endfacet
  facet normal -0.997864 0 0.0653289
    outer loop
      vertex 17 14.0921 3.5
      vertex 17.0188 0 3.78716
      vertex 17.0188 14.1303 3.78716
    endloop
  endfacet
  facet normal -0.997864 0 0.0653289
    outer loop
      vertex 17 15.9079 3.5
      vertex 17.0188 21 3.78716
      vertex 17 21 3.5
    endloop
  endfacet
  facet normal -0.997864 0 0.0653289
    outer loop
      vertex 17.0188 21 3.78716
      vertex 17 15.9079 3.5
      vertex 17.0188 15.8697 3.78716
    endloop
  endfacet
  facet normal 0.751214 -0.000523344 0.660059
    outer loop
      vertex 20.7556 19.6435 5.05563
      vertex 20.9182 19.2212 4.87024
      vertex 20.8173 19.5184 4.98531
    endloop
  endfacet
  facet normal 0.752282 0.000423025 0.658841
    outer loop
      vertex 20.7556 19.6435 5.05563
      vertex 20.9454 19.0846 4.83927
      vertex 20.9182 19.2212 4.87024
    endloop
  endfacet
  facet normal 0.751741 -0 0.659458
    outer loop
      vertex 20.7556 0 5.05563
      vertex 20.9454 19.0846 4.83927
      vertex 20.7556 19.6435 5.05563
    endloop
  endfacet
  facet normal 0.751741 0 0.659458
    outer loop
      vertex 20.9454 19.0846 4.83927
      vertex 20.7556 0 5.05563
      vertex 20.9454 0 4.83927
    endloop
  endfacet
  facet normal -0.195113 0 0.980781
    outer loop
      vertex 18.6306 0 5.62504
      vertex 18.9128 20.9795 5.68118
      vertex 18.6306 20.998 5.62504
    endloop
  endfacet
  facet normal -0.195113 0 0.980781
    outer loop
      vertex 18.9128 20.9795 5.68118
      vertex 18.6306 0 5.62504
      vertex 18.9128 0 5.68118
    endloop
  endfacet
  facet normal -0.896984 0 0.442063
    outer loop
      vertex 17.1675 15.3561 4.3419
      vertex 17.2947 21 4.6
      vertex 17.1675 21 4.3419
    endloop
  endfacet
  facet normal -0.897049 7.50536e-06 0.441931
    outer loop
      vertex 17.1812 15.2872 4.36971
      vertex 17.2947 21 4.6
      vertex 17.1675 15.3561 4.3419
    endloop
  endfacet
  facet normal -0.897064 8.97389e-06 0.441901
    outer loop
      vertex 17.2 15 4.40788
      vertex 17.2947 21 4.6
      vertex 17.1812 15.2872 4.36971
    endloop
  endfacet
  facet normal -0.896984 0 0.442063
    outer loop
      vertex 17.2947 0 4.6
      vertex 17.1675 14.6439 4.3419
      vertex 17.1675 0 4.3419
    endloop
  endfacet
  facet normal -0.897054 -3.08565e-06 0.441922
    outer loop
      vertex 17.1675 14.6439 4.3419
      vertex 17.2947 0 4.6
      vertex 17.1812 14.7128 4.36971
    endloop
  endfacet
  facet normal -0.897078 -4.0629e-06 0.441872
    outer loop
      vertex 17.1812 14.7128 4.36971
      vertex 17.2947 0 4.6
      vertex 17.2 15 4.40788
    endloop
  endfacet
  facet normal -0.896953 0 0.442127
    outer loop
      vertex 17.2 15 4.40788
      vertex 17.2947 0 4.6
      vertex 17.2947 21 4.6
    endloop
  endfacet
  facet normal -0.659464 0 0.751736
    outer loop
      vertex 17.6444 21 5.05563
      vertex 17.8607 0 5.24538
      vertex 17.8607 21 5.24538
    endloop
  endfacet
  facet normal -0.659464 0 0.751736
    outer loop
      vertex 17.8607 0 5.24538
      vertex 17.6444 21 5.05563
      vertex 17.6444 0 5.05563
    endloop
  endfacet
  facet normal 0.428047 -0.02023 0.90353
    outer loop
      vertex 20.0419 20.5168 5.53253
      vertex 20.3 20.2937 5.40526
      vertex 20.2971 20.2971 5.40671
    endloop
  endfacet
  facet normal 0.44445 0.00325093 0.895798
    outer loop
      vertex 20.0419 20.5168 5.53253
      vertex 20.2971 20.2971 5.40671
      vertex 20.061 20.504 5.5231
    endloop
  endfacet
  facet normal 0.442258 0 0.896888
    outer loop
      vertex 20.3 20.2937 5.40526
      vertex 20.0419 20.5168 5.53253
      vertex 20.0419 0 5.53253
    endloop
  endfacet
  facet normal 0.442258 0 0.896888
    outer loop
      vertex 20.3 20.2937 5.40526
      vertex 20.0419 0 5.53253
      vertex 20.3 0 5.40526
    endloop
  endfacet
  facet normal 0.321666 0.000342827 0.946853
    outer loop
      vertex 19.7694 20.6936 5.62504
      vertex 20.0419 20.5168 5.53253
      vertex 19.8 20.6785 5.61465
    endloop
  endfacet
  facet normal 0.321467 0 0.946921
    outer loop
      vertex 20.0419 20.5168 5.53253
      vertex 19.7694 20.6936 5.62504
      vertex 19.7694 0 5.62504
    endloop
  endfacet
  facet normal 0.321467 0 0.946921
    outer loop
      vertex 20.0419 20.5168 5.53253
      vertex 19.7694 0 5.62504
      vertex 20.0419 0 5.53253
    endloop
  endfacet
  facet normal 0.658277 -0.00124378 0.752775
    outer loop
      vertex 20.5393 20.0083 5.24538
      vertex 20.7556 19.6435 5.05563
      vertex 20.6785 19.8 5.12331
    endloop
  endfacet
  facet normal 0.659464 0 0.751736
    outer loop
      vertex 20.7556 19.6435 5.05563
      vertex 20.5393 20.0083 5.24538
      vertex 20.5393 0 5.24538
    endloop
  endfacet
  facet normal 0.659464 0 0.751736
    outer loop
      vertex 20.7556 19.6435 5.05563
      vertex 20.5393 0 5.24538
      vertex 20.7556 0 5.05563
    endloop
  endfacet
  facet normal 0.559037 0.0042609 0.829132
    outer loop
      vertex 20.3 20.2937 5.40526
      vertex 20.5393 20.0083 5.24538
      vertex 20.504 20.061 5.26891
    endloop
  endfacet
  facet normal 0.555534 0 0.831494
    outer loop
      vertex 20.5393 20.0083 5.24538
      vertex 20.3 20.2937 5.40526
      vertex 20.3 0 5.40526
    endloop
  endfacet
  facet normal 0.555534 0 0.831494
    outer loop
      vertex 20.5393 20.0083 5.24538
      vertex 20.3 0 5.40526
      vertex 20.5393 0 5.24538
    endloop
  endfacet
  facet normal -0.32146 0.000917955 0.946923
    outer loop
      vertex 18.3581 21 5.53253
      vertex 18.6306 20.998 5.62504
      vertex 18.6 21 5.61465
    endloop
  endfacet
  facet normal -0.321467 0 0.946921
    outer loop
      vertex 18.6306 20.998 5.62504
      vertex 18.3581 21 5.53253
      vertex 18.6306 0 5.62504
    endloop
  endfacet
  facet normal -0.321467 0 0.946921
    outer loop
      vertex 18.6306 0 5.62504
      vertex 18.3581 21 5.53253
      vertex 18.3581 0 5.53253
    endloop
  endfacet
  facet normal -0.946931 0 0.321435
    outer loop
      vertex 17.1675 0 4.3419
      vertex 17.075 14.2831 4.0694
      vertex 17.075 0 4.0694
    endloop
  endfacet
  facet normal -0.94707 -8.67852e-06 0.321028
    outer loop
      vertex 17.075 14.2831 4.0694
      vertex 17.1675 0 4.3419
      vertex 17.125 14.4306 4.21691
    endloop
  endfacet
  facet normal -0.946765 0 0.321926
    outer loop
      vertex 17.125 14.4306 4.21691
      vertex 17.1675 0 4.3419
      vertex 17.1675 14.6439 4.3419
    endloop
  endfacet
  facet normal -0.946931 0 0.321435
    outer loop
      vertex 17.075 15.7169 4.0694
      vertex 17.1675 21 4.3419
      vertex 17.075 21 4.0694
    endloop
  endfacet
  facet normal -0.947066 2.27376e-05 0.32104
    outer loop
      vertex 17.125 15.5694 4.21691
      vertex 17.1675 21 4.3419
      vertex 17.075 15.7169 4.0694
    endloop
  endfacet
  facet normal -0.946765 0 0.321926
    outer loop
      vertex 17.1675 21 4.3419
      vertex 17.125 15.5694 4.21691
      vertex 17.1675 15.3561 4.3419
    endloop
  endfacet
  facet normal -0.555534 0 0.831494
    outer loop
      vertex 17.8607 21 5.24538
      vertex 18.1 0 5.40526
      vertex 18.1 21 5.40526
    endloop
  endfacet
  facet normal -0.555534 0 0.831494
    outer loop
      vertex 18.1 0 5.40526
      vertex 17.8607 21 5.24538
      vertex 17.8607 0 5.24538
    endloop
  endfacet
  facet normal -0.442258 0 0.896888
    outer loop
      vertex 18.1 21 5.40526
      vertex 18.3581 0 5.53253
      vertex 18.3581 21 5.53253
    endloop
  endfacet
  facet normal -0.442258 0 0.896888
    outer loop
      vertex 18.3581 0 5.53253
      vertex 18.1 21 5.40526
      vertex 18.1 0 5.40526
    endloop
  endfacet
  facet normal -0.0598692 0.0277502 0.99782
    outer loop
      vertex 18.9128 20.9795 5.68118
      vertex 19.2 20.9224 5.7
      vertex 18.9133 20.9795 5.68121
    endloop
  endfacet
  facet normal -0.065389 0 0.99786
    outer loop
      vertex 19.2 20.9224 5.7
      vertex 18.9128 20.9795 5.68118
      vertex 18.9128 0 5.68118
    endloop
  endfacet
  facet normal -0.065389 0 0.99786
    outer loop
      vertex 19.2 20.9224 5.7
      vertex 18.9128 0 5.68118
      vertex 19.2 0 5.7
    endloop
  endfacet
  facet normal -0.751741 0 0.659458
    outer loop
      vertex 17.4546 0 4.83927
      vertex 17.6444 21 5.05563
      vertex 17.4546 21 4.83927
    endloop
  endfacet
  facet normal -0.751741 0 0.659458
    outer loop
      vertex 17.6444 21 5.05563
      vertex 17.4546 0 4.83927
      vertex 17.6444 0 5.05563
    endloop
  endfacet
  facet normal -0.83143 0 0.55563
    outer loop
      vertex 17.2947 0 4.6
      vertex 17.4546 21 4.83927
      vertex 17.2947 21 4.6
    endloop
  endfacet
  facet normal -0.83143 0 0.55563
    outer loop
      vertex 17.4546 21 4.83927
      vertex 17.2947 0 4.6
      vertex 17.4546 0 4.83927
    endloop
  endfacet
  facet normal 0.659562 0 -0.75165
    outer loop
      vertex -17.8607 0 56.7546
      vertex -17.6444 21 56.9444
      vertex -17.6444 0 56.9444
    endloop
  endfacet
  facet normal 0.659562 0 -0.75165
    outer loop
      vertex -17.6444 21 56.9444
      vertex -17.8607 0 56.7546
      vertex -17.8607 21 56.7546
    endloop
  endfacet
  facet normal 0.980741 -0 0.195314
    outer loop
      vertex -17.075 0 59.0694
      vertex -17.0188 21 58.7872
      vertex -17.075 21 59.0694
    endloop
  endfacet
  facet normal 0.980741 0 0.195314
    outer loop
      vertex -17.0188 21 58.7872
      vertex -17.075 0 59.0694
      vertex -17.0188 0 58.7872
    endloop
  endfacet
  facet normal -0.321435 0 -0.946931
    outer loop
      vertex -20.0419 20.5168 56.4675
      vertex -19.7694 20.6936 56.375
      vertex -19.7694 0 56.375
    endloop
  endfacet
  facet normal -0.321435 -0 -0.946931
    outer loop
      vertex -20.0419 20.5168 56.4675
      vertex -19.7694 0 56.375
      vertex -20.0419 0 56.4675
    endloop
  endfacet
  facet normal -0.311233 -0.0174215 -0.950174
    outer loop
      vertex -19.7694 20.6936 56.375
      vertex -20.0419 20.5168 56.4675
      vertex -19.8 20.6785 56.3853
    endloop
  endfacet
  facet normal 0.997864 -0 0.0653198
    outer loop
      vertex -17.0188 0 58.7872
      vertex -17 21 58.5
      vertex -17.0188 21 58.7872
    endloop
  endfacet
  facet normal 0.997864 0 0.0653198
    outer loop
      vertex -17 21 58.5
      vertex -17.0188 0 58.7872
      vertex -17 0 58.5
    endloop
  endfacet
  facet normal 0.946931 0 -0.321435
    outer loop
      vertex -17.075 0 57.9306
      vertex -17.1675 21 57.6581
      vertex -17.075 21 57.9306
    endloop
  endfacet
  facet normal 0.946931 0 -0.321435
    outer loop
      vertex -17.1675 21 57.6581
      vertex -17.075 0 57.9306
      vertex -17.1675 0 57.6581
    endloop
  endfacet
  facet normal 0.896984 0 -0.442063
    outer loop
      vertex -17.1675 0 57.6581
      vertex -17.2947 21 57.4
      vertex -17.1675 21 57.6581
    endloop
  endfacet
  facet normal 0.896984 0 -0.442063
    outer loop
      vertex -17.2947 21 57.4
      vertex -17.1675 0 57.6581
      vertex -17.2947 0 57.4
    endloop
  endfacet
  facet normal 0.442063 0 -0.896984
    outer loop
      vertex -18.3581 0 56.4675
      vertex -18.1 21 56.5947
      vertex -18.1 0 56.5947
    endloop
  endfacet
  facet normal 0.442063 0 -0.896984
    outer loop
      vertex -18.1 21 56.5947
      vertex -18.3581 0 56.4675
      vertex -18.3581 21 56.4675
    endloop
  endfacet
  facet normal 0.0653198 0 -0.997864
    outer loop
      vertex -19.2 20.9224 56.3
      vertex -18.9128 20.9795 56.3188
      vertex -18.9128 0 56.3188
    endloop
  endfacet
  facet normal 0.0653198 0 -0.997864
    outer loop
      vertex -19.2 20.9224 56.3
      vertex -18.9128 0 56.3188
      vertex -19.2 0 56.3
    endloop
  endfacet
  facet normal 0 0.312732 -0.949841
    outer loop
      vertex -18.9128 20.9795 56.3188
      vertex -19.2 20.9224 56.3
      vertex -18.9133 20.9795 56.3188
    endloop
  endfacet
  facet normal -0.750725 -0.000971041 -0.660614
    outer loop
      vertex -20.7556 19.6435 56.9444
      vertex -20.9182 19.2212 57.1298
      vertex -20.8173 19.5184 57.0147
    endloop
  endfacet
  facet normal -0.753105 0.00113733 -0.657899
    outer loop
      vertex -20.7556 19.6435 56.9444
      vertex -20.9454 19.0846 57.1607
      vertex -20.9182 19.2212 57.1298
    endloop
  endfacet
  facet normal -0.75165 0 -0.659562
    outer loop
      vertex -20.7556 0 56.9444
      vertex -20.9454 19.0846 57.1607
      vertex -20.7556 19.6435 56.9444
    endloop
  endfacet
  facet normal -0.75165 -0 -0.659562
    outer loop
      vertex -20.9454 19.0846 57.1607
      vertex -20.7556 0 56.9444
      vertex -20.9454 0 57.1607
    endloop
  endfacet
  facet normal -0.442063 0 -0.896984
    outer loop
      vertex -20.3 20.2937 56.5947
      vertex -20.0419 20.5168 56.4675
      vertex -20.0419 0 56.4675
    endloop
  endfacet
  facet normal -0.439854 -0.00317009 -0.898063
    outer loop
      vertex -20.0419 20.5168 56.4675
      vertex -20.3 20.2937 56.5947
      vertex -20.061 20.504 56.4769
    endloop
  endfacet
  facet normal -0.442063 -0 -0.896984
    outer loop
      vertex -20.3 20.2937 56.5947
      vertex -20.0419 0 56.4675
      vertex -20.3 0 56.5947
    endloop
  endfacet
  facet normal -0.463474 0.0306653 -0.88558
    outer loop
      vertex -20.061 20.504 56.4769
      vertex -20.3 20.2937 56.5947
      vertex -20.2971 20.2971 56.5933
    endloop
  endfacet
  facet normal -0.195314 0 -0.980741
    outer loop
      vertex -19.7694 20.6936 56.375
      vertex -19.4872 20.8279 56.3188
      vertex -19.4872 0 56.3188
    endloop
  endfacet
  facet normal -0.195314 -0 -0.980741
    outer loop
      vertex -19.7694 20.6936 56.375
      vertex -19.4872 0 56.3188
      vertex -19.7694 0 56.375
    endloop
  endfacet
  facet normal -0.19389 -0.00310956 -0.981018
    outer loop
      vertex -19.4872 20.8279 56.3188
      vertex -19.7694 20.6936 56.375
      vertex -19.5184 20.8173 56.325
    endloop
  endfacet
  facet normal 0.946931 -0 0.321435
    outer loop
      vertex -17.1675 0 59.3419
      vertex -17.075 21 59.0694
      vertex -17.1675 21 59.3419
    endloop
  endfacet
  facet normal 0.946931 0 0.321435
    outer loop
      vertex -17.075 21 59.0694
      vertex -17.1675 0 59.3419
      vertex -17.075 0 59.0694
    endloop
  endfacet
  facet normal 0.980741 0 -0.195314
    outer loop
      vertex -17.0188 0 58.2128
      vertex -17.075 21 57.9306
      vertex -17.0188 21 58.2128
    endloop
  endfacet
  facet normal 0.980741 0 -0.195314
    outer loop
      vertex -17.075 21 57.9306
      vertex -17.0188 0 58.2128
      vertex -17.075 0 57.9306
    endloop
  endfacet
  facet normal 0.831462 0 -0.555582
    outer loop
      vertex -17.2947 0 57.4
      vertex -17.4546 21 57.1607
      vertex -17.2947 21 57.4
    endloop
  endfacet
  facet normal 0.831462 0 -0.555582
    outer loop
      vertex -17.4546 21 57.1607
      vertex -17.2947 0 57.4
      vertex -17.4546 0 57.1607
    endloop
  endfacet
  facet normal 0.75165 0 -0.659562
    outer loop
      vertex -17.4546 0 57.1607
      vertex -17.6444 21 56.9444
      vertex -17.4546 21 57.1607
    endloop
  endfacet
  facet normal 0.75165 0 -0.659562
    outer loop
      vertex -17.6444 21 56.9444
      vertex -17.4546 0 57.1607
      vertex -17.6444 0 56.9444
    endloop
  endfacet
  facet normal 0.555582 0 -0.831462
    outer loop
      vertex -18.1 0 56.5947
      vertex -17.8607 21 56.7546
      vertex -17.8607 0 56.7546
    endloop
  endfacet
  facet normal 0.555582 0 -0.831462
    outer loop
      vertex -17.8607 21 56.7546
      vertex -18.1 0 56.5947
      vertex -18.1 21 56.5947
    endloop
  endfacet
  facet normal 0.321435 0 -0.946931
    outer loop
      vertex -18.6306 20.998 56.375
      vertex -18.3581 21 56.4675
      vertex -18.3581 0 56.4675
    endloop
  endfacet
  facet normal 0.321435 0 -0.946931
    outer loop
      vertex -18.6306 20.998 56.375
      vertex -18.3581 0 56.4675
      vertex -18.6306 0 56.375
    endloop
  endfacet
  facet normal 0.321394 -0.0464301 -0.945806
    outer loop
      vertex -18.3581 21 56.4675
      vertex -18.6306 20.998 56.375
      vertex -18.6 21 56.3853
    endloop
  endfacet
  facet normal 0.195314 0 -0.980741
    outer loop
      vertex -18.9128 20.9795 56.3188
      vertex -18.6306 0 56.375
      vertex -18.9128 0 56.3188
    endloop
  endfacet
  facet normal 0.195314 0 -0.980741
    outer loop
      vertex -18.6306 0 56.375
      vertex -18.9128 20.9795 56.3188
      vertex -18.6306 20.998 56.375
    endloop
  endfacet
  facet normal -0.830721 -0.000371029 -0.556689
    outer loop
      vertex -20.9454 19.0846 57.1607
      vertex -21 18.6 57.2425
      vertex -20.9795 18.9133 57.2117
    endloop
  endfacet
  facet normal -0.831737 0 -0.555169
    outer loop
      vertex -20.9454 0 57.1607
      vertex -21 18.6 57.2425
      vertex -20.9454 19.0846 57.1607
    endloop
  endfacet
  facet normal -0.831737 -0 -0.555169
    outer loop
      vertex -21 18.6 57.2425
      vertex -20.9454 0 57.1607
      vertex -21 0 57.2425
    endloop
  endfacet
  facet normal -0.0653198 0 -0.997864
    outer loop
      vertex -19.4872 20.8279 56.3188
      vertex -19.2 20.9224 56.3
      vertex -19.2 0 56.3
    endloop
  endfacet
  facet normal -0.0653198 -0 -0.997864
    outer loop
      vertex -19.4872 20.8279 56.3188
      vertex -19.2 0 56.3
      vertex -19.4872 0 56.3188
    endloop
  endfacet
  facet normal -0.0667626 0.00440578 -0.997759
    outer loop
      vertex -19.2 20.9224 56.3
      vertex -19.4872 20.8279 56.3188
      vertex -19.2212 20.9182 56.3014
    endloop
  endfacet
  facet normal -0.555582 0 -0.831462
    outer loop
      vertex -20.5393 20.0083 56.7546
      vertex -20.3 20.2937 56.5947
      vertex -20.3 0 56.5947
    endloop
  endfacet
  facet normal -0.555582 -0 -0.831462
    outer loop
      vertex -20.5393 20.0083 56.7546
      vertex -20.3 0 56.5947
      vertex -20.5393 0 56.7546
    endloop
  endfacet
  facet normal -0.561185 0.00682624 -0.827663
    outer loop
      vertex -20.3 20.2937 56.5947
      vertex -20.5393 20.0083 56.7546
      vertex -20.504 20.061 56.7311
    endloop
  endfacet
  facet normal -0.659562 0 -0.75165
    outer loop
      vertex -20.7556 19.6435 56.9444
      vertex -20.5393 20.0083 56.7546
      vertex -20.5393 0 56.7546
    endloop
  endfacet
  facet normal -0.659562 -0 -0.75165
    outer loop
      vertex -20.7556 19.6435 56.9444
      vertex -20.5393 0 56.7546
      vertex -20.7556 0 56.9444
    endloop
  endfacet
  facet normal -0.658316 -0.00130566 -0.75274
    outer loop
      vertex -20.5393 20.0083 56.7546
      vertex -20.7556 19.6435 56.9444
      vertex -20.6785 19.8 56.8767
    endloop
  endfacet
  facet normal 0.997864 0 -0.0653198
    outer loop
      vertex -17 0 58.5
      vertex -17.0188 21 58.2128
      vertex -17 21 58.5
    endloop
  endfacet
  facet normal 0.997864 0 -0.0653198
    outer loop
      vertex -17.0188 21 58.2128
      vertex -17 0 58.5
      vertex -17.0188 0 58.2128
    endloop
  endfacet
  facet normal 0.751678 -0 0.659531
    outer loop
      vertex -17.5956 0 60
      vertex -17.4546 21 59.8393
      vertex -17.5956 21 60
    endloop
  endfacet
  facet normal 0.751678 0 0.659531
    outer loop
      vertex -17.4546 21 59.8393
      vertex -17.5956 0 60
      vertex -17.4546 0 59.8393
    endloop
  endfacet
  facet normal 0.896984 -0 0.442063
    outer loop
      vertex -17.2947 0 59.6
      vertex -17.1675 21 59.3419
      vertex -17.2947 21 59.6
    endloop
  endfacet
  facet normal 0.896984 0 0.442063
    outer loop
      vertex -17.1675 21 59.3419
      vertex -17.2947 0 59.6
      vertex -17.1675 0 59.3419
    endloop
  endfacet
  facet normal -0.830721 -0.000371029 0.556689
    outer loop
      vertex -21 18.6 59.7575
      vertex -20.9454 19.0846 59.8393
      vertex -20.9795 18.9133 59.7883
    endloop
  endfacet
  facet normal -0.831737 0 0.555169
    outer loop
      vertex -20.9454 0 59.8393
      vertex -21 18.6 59.7575
      vertex -21 0 59.7575
    endloop
  endfacet
  facet normal -0.831737 0 0.555169
    outer loop
      vertex -21 18.6 59.7575
      vertex -20.9454 0 59.8393
      vertex -20.9454 19.0846 59.8393
    endloop
  endfacet
  facet normal -0.75086 -0.000865596 0.660461
    outer loop
      vertex -20.9182 19.2212 59.8702
      vertex -20.8044 19.5446 60
      vertex -20.8173 19.5184 59.9853
    endloop
  endfacet
  facet normal -0.753628 0.00137721 0.6573
    outer loop
      vertex -20.9454 19.0846 59.8393
      vertex -20.8044 19.5446 60
      vertex -20.9182 19.2212 59.8702
    endloop
  endfacet
  facet normal -0.751678 0 0.659531
    outer loop
      vertex -20.8044 0 60
      vertex -20.9454 19.0846 59.8393
      vertex -20.9454 0 59.8393
    endloop
  endfacet
  facet normal -0.751678 0 0.659531
    outer loop
      vertex -20.9454 19.0846 59.8393
      vertex -20.8044 0 60
      vertex -20.8044 19.5446 60
    endloop
  endfacet
  facet normal 0.831462 -0 0.555582
    outer loop
      vertex -17.4546 0 59.8393
      vertex -17.2947 21 59.6
      vertex -17.4546 21 59.8393
    endloop
  endfacet
  facet normal 0.831462 0 0.555582
    outer loop
      vertex -17.2947 21 59.6
      vertex -17.4546 0 59.8393
      vertex -17.2947 0 59.6
    endloop
  endfacet
  facet normal 0.830721 -0.000371029 -0.556689
    outer loop
      vertex 21 18.6 57.2425
      vertex 20.9454 19.0846 57.1607
      vertex 20.9795 18.9133 57.2117
    endloop
  endfacet
  facet normal 0.831737 0 -0.555169
    outer loop
      vertex 20.9454 0 57.1607
      vertex 21 18.6 57.2425
      vertex 21 0 57.2425
    endloop
  endfacet
  facet normal 0.831737 0 -0.555169
    outer loop
      vertex 21 18.6 57.2425
      vertex 20.9454 0 57.1607
      vertex 20.9454 19.0846 57.1607
    endloop
  endfacet
  facet normal 0.321435 0 -0.946931
    outer loop
      vertex 19.7694 0 56.375
      vertex 20.0419 20.5168 56.4675
      vertex 20.0419 0 56.4675
    endloop
  endfacet
  facet normal 0.321435 0 -0.946931
    outer loop
      vertex 19.7694 20.6936 56.375
      vertex 20.0419 20.5168 56.4675
      vertex 19.7694 0 56.375
    endloop
  endfacet
  facet normal 0.311233 -0.0174215 -0.950174
    outer loop
      vertex 20.0419 20.5168 56.4675
      vertex 19.7694 20.6936 56.375
      vertex 19.8 20.6785 56.3853
    endloop
  endfacet
  facet normal -0.442063 0 -0.896984
    outer loop
      vertex 18.1 0 56.5947
      vertex 18.3581 21 56.4675
      vertex 18.3581 0 56.4675
    endloop
  endfacet
  facet normal -0.442063 0 -0.896984
    outer loop
      vertex 18.3581 21 56.4675
      vertex 18.1 0 56.5947
      vertex 18.1 21 56.5947
    endloop
  endfacet
  facet normal -0.946931 0 -0.321435
    outer loop
      vertex 17.1675 0 57.6581
      vertex 17.075 21 57.9306
      vertex 17.1675 21 57.6581
    endloop
  endfacet
  facet normal -0.946931 -0 -0.321435
    outer loop
      vertex 17.075 21 57.9306
      vertex 17.1675 0 57.6581
      vertex 17.075 0 57.9306
    endloop
  endfacet
  facet normal 0.659562 0 -0.75165
    outer loop
      vertex 20.5393 0 56.7546
      vertex 20.7556 19.6435 56.9444
      vertex 20.7556 0 56.9444
    endloop
  endfacet
  facet normal 0.659562 0 -0.75165
    outer loop
      vertex 20.5393 20.0083 56.7546
      vertex 20.7556 19.6435 56.9444
      vertex 20.5393 0 56.7546
    endloop
  endfacet
  facet normal 0.658316 -0.00130566 -0.75274
    outer loop
      vertex 20.7556 19.6435 56.9444
      vertex 20.5393 20.0083 56.7546
      vertex 20.6785 19.8 56.8767
    endloop
  endfacet
  facet normal -0.0653198 0 -0.997864
    outer loop
      vertex 18.9128 0 56.3188
      vertex 19.2 20.9224 56.3
      vertex 19.2 0 56.3
    endloop
  endfacet
  facet normal -0.0653198 -0 -0.997864
    outer loop
      vertex 18.9128 20.9795 56.3188
      vertex 19.2 20.9224 56.3
      vertex 18.9128 0 56.3188
    endloop
  endfacet
  facet normal 0 0.312732 -0.949841
    outer loop
      vertex 19.2 20.9224 56.3
      vertex 18.9128 20.9795 56.3188
      vertex 18.9133 20.9795 56.3188
    endloop
  endfacet
  facet normal 0.442063 0 -0.896984
    outer loop
      vertex 20.0419 0 56.4675
      vertex 20.3 20.2937 56.5947
      vertex 20.3 0 56.5947
    endloop
  endfacet
  facet normal 0.442063 0 -0.896984
    outer loop
      vertex 20.0419 20.5168 56.4675
      vertex 20.3 20.2937 56.5947
      vertex 20.0419 0 56.4675
    endloop
  endfacet
  facet normal 0.461927 0.0289906 -0.886444
    outer loop
      vertex 20.3 20.2937 56.5947
      vertex 20.0419 20.5168 56.4675
      vertex 20.2971 20.2971 56.5933
    endloop
  endfacet
  facet normal 0.439531 -0.0037679 -0.89822
    outer loop
      vertex 20.2971 20.2971 56.5933
      vertex 20.0419 20.5168 56.4675
      vertex 20.061 20.504 56.4769
    endloop
  endfacet
  facet normal -0.997864 0 -0.0653198
    outer loop
      vertex 17.0188 0 58.2128
      vertex 17 21 58.5
      vertex 17.0188 21 58.2128
    endloop
  endfacet
  facet normal -0.997864 -0 -0.0653198
    outer loop
      vertex 17 21 58.5
      vertex 17.0188 0 58.2128
      vertex 17 0 58.5
    endloop
  endfacet
  facet normal -0.831462 0 -0.555582
    outer loop
      vertex 17.4546 0 57.1607
      vertex 17.2947 21 57.4
      vertex 17.4546 21 57.1607
    endloop
  endfacet
  facet normal -0.831462 -0 -0.555582
    outer loop
      vertex 17.2947 21 57.4
      vertex 17.4546 0 57.1607
      vertex 17.2947 0 57.4
    endloop
  endfacet
  facet normal -0.321435 0 -0.946931
    outer loop
      vertex 18.3581 0 56.4675
      vertex 18.6306 20.998 56.375
      vertex 18.6306 0 56.375
    endloop
  endfacet
  facet normal -0.321435 -0 -0.946931
    outer loop
      vertex 18.3581 21 56.4675
      vertex 18.6306 20.998 56.375
      vertex 18.3581 0 56.4675
    endloop
  endfacet
  facet normal -0.321394 -0.0464301 -0.945806
    outer loop
      vertex 18.6306 20.998 56.375
      vertex 18.3581 21 56.4675
      vertex 18.6 21 56.3853
    endloop
  endfacet
  facet normal -0.75165 0 -0.659562
    outer loop
      vertex 17.6444 0 56.9444
      vertex 17.4546 21 57.1607
      vertex 17.6444 21 56.9444
    endloop
  endfacet
  facet normal -0.75165 -0 -0.659562
    outer loop
      vertex 17.4546 21 57.1607
      vertex 17.6444 0 56.9444
      vertex 17.4546 0 57.1607
    endloop
  endfacet
  facet normal 0.750725 -0.000971041 -0.660614
    outer loop
      vertex 20.9182 19.2212 57.1298
      vertex 20.7556 19.6435 56.9444
      vertex 20.8173 19.5184 57.0147
    endloop
  endfacet
  facet normal 0.753105 0.00113733 -0.657899
    outer loop
      vertex 20.9454 19.0846 57.1607
      vertex 20.7556 19.6435 56.9444
      vertex 20.9182 19.2212 57.1298
    endloop
  endfacet
  facet normal 0.75165 0 -0.659562
    outer loop
      vertex 20.7556 0 56.9444
      vertex 20.9454 19.0846 57.1607
      vertex 20.9454 0 57.1607
    endloop
  endfacet
  facet normal 0.75165 0 -0.659562
    outer loop
      vertex 20.9454 19.0846 57.1607
      vertex 20.7556 0 56.9444
      vertex 20.7556 19.6435 56.9444
    endloop
  endfacet
  facet normal 0.195314 0 -0.980741
    outer loop
      vertex 19.4872 0 56.3188
      vertex 19.7694 20.6936 56.375
      vertex 19.7694 0 56.375
    endloop
  endfacet
  facet normal 0.195314 0 -0.980741
    outer loop
      vertex 19.4872 20.8279 56.3188
      vertex 19.7694 20.6936 56.375
      vertex 19.4872 0 56.3188
    endloop
  endfacet
  facet normal 0.19389 -0.00310956 -0.981018
    outer loop
      vertex 19.7694 20.6936 56.375
      vertex 19.4872 20.8279 56.3188
      vertex 19.5184 20.8173 56.325
    endloop
  endfacet
  facet normal 0.0653198 0 -0.997864
    outer loop
      vertex 19.2 0 56.3
      vertex 19.4872 20.8279 56.3188
      vertex 19.4872 0 56.3188
    endloop
  endfacet
  facet normal 0.0653198 0 -0.997864
    outer loop
      vertex 19.2 20.9224 56.3
      vertex 19.4872 20.8279 56.3188
      vertex 19.2 0 56.3
    endloop
  endfacet
  facet normal 0.0667626 0.00440578 -0.997759
    outer loop
      vertex 19.4872 20.8279 56.3188
      vertex 19.2 20.9224 56.3
      vertex 19.2212 20.9182 56.3014
    endloop
  endfacet
  facet normal 0.555582 0 -0.831462
    outer loop
      vertex 20.3 0 56.5947
      vertex 20.5393 20.0083 56.7546
      vertex 20.5393 0 56.7546
    endloop
  endfacet
  facet normal 0.555582 0 -0.831462
    outer loop
      vertex 20.3 20.2937 56.5947
      vertex 20.5393 20.0083 56.7546
      vertex 20.3 0 56.5947
    endloop
  endfacet
  facet normal 0.561185 0.00682624 -0.827663
    outer loop
      vertex 20.5393 20.0083 56.7546
      vertex 20.3 20.2937 56.5947
      vertex 20.504 20.061 56.7311
    endloop
  endfacet
  facet normal -0.997864 0 0.0653198
    outer loop
      vertex 17 0 58.5
      vertex 17.0188 21 58.7872
      vertex 17 21 58.5
    endloop
  endfacet
  facet normal -0.997864 0 0.0653198
    outer loop
      vertex 17.0188 21 58.7872
      vertex 17 0 58.5
      vertex 17.0188 0 58.7872
    endloop
  endfacet
  facet normal -0.980741 0 -0.195314
    outer loop
      vertex 17.075 0 57.9306
      vertex 17.0188 21 58.2128
      vertex 17.075 21 57.9306
    endloop
  endfacet
  facet normal -0.980741 -0 -0.195314
    outer loop
      vertex 17.0188 21 58.2128
      vertex 17.075 0 57.9306
      vertex 17.0188 0 58.2128
    endloop
  endfacet
  facet normal -0.896984 0 -0.442063
    outer loop
      vertex 17.2947 0 57.4
      vertex 17.1675 21 57.6581
      vertex 17.2947 21 57.4
    endloop
  endfacet
  facet normal -0.896984 -0 -0.442063
    outer loop
      vertex 17.1675 21 57.6581
      vertex 17.2947 0 57.4
      vertex 17.1675 0 57.6581
    endloop
  endfacet
  facet normal -0.195314 0 -0.980741
    outer loop
      vertex 18.6306 0 56.375
      vertex 18.9128 20.9795 56.3188
      vertex 18.9128 0 56.3188
    endloop
  endfacet
  facet normal -0.195314 0 -0.980741
    outer loop
      vertex 18.9128 20.9795 56.3188
      vertex 18.6306 0 56.375
      vertex 18.6306 20.998 56.375
    endloop
  endfacet
  facet normal -0.659562 0 -0.75165
    outer loop
      vertex 17.6444 0 56.9444
      vertex 17.8607 21 56.7546
      vertex 17.8607 0 56.7546
    endloop
  endfacet
  facet normal -0.659562 0 -0.75165
    outer loop
      vertex 17.8607 21 56.7546
      vertex 17.6444 0 56.9444
      vertex 17.6444 21 56.9444
    endloop
  endfacet
  facet normal -0.555582 0 -0.831462
    outer loop
      vertex 17.8607 0 56.7546
      vertex 18.1 21 56.5947
      vertex 18.1 0 56.5947
    endloop
  endfacet
  facet normal -0.555582 0 -0.831462
    outer loop
      vertex 18.1 21 56.5947
      vertex 17.8607 0 56.7546
      vertex 17.8607 21 56.7546
    endloop
  endfacet
  facet normal 0.830721 -0.000371029 0.556689
    outer loop
      vertex 20.9454 19.0846 59.8393
      vertex 21 18.6 59.7575
      vertex 20.9795 18.9133 59.7883
    endloop
  endfacet
  facet normal 0.831737 -0 0.555169
    outer loop
      vertex 20.9454 0 59.8393
      vertex 21 18.6 59.7575
      vertex 20.9454 19.0846 59.8393
    endloop
  endfacet
  facet normal 0.831737 0 0.555169
    outer loop
      vertex 21 18.6 59.7575
      vertex 20.9454 0 59.8393
      vertex 21 0 59.7575
    endloop
  endfacet
  facet normal -0.980741 0 0.195314
    outer loop
      vertex 17.0188 0 58.7872
      vertex 17.075 21 59.0694
      vertex 17.0188 21 58.7872
    endloop
  endfacet
  facet normal -0.980741 0 0.195314
    outer loop
      vertex 17.075 21 59.0694
      vertex 17.0188 0 58.7872
      vertex 17.075 0 59.0694
    endloop
  endfacet
  facet normal -0.831462 0 0.555582
    outer loop
      vertex 17.2947 0 59.6
      vertex 17.4546 21 59.8393
      vertex 17.2947 21 59.6
    endloop
  endfacet
  facet normal -0.831462 0 0.555582
    outer loop
      vertex 17.4546 21 59.8393
      vertex 17.2947 0 59.6
      vertex 17.4546 0 59.8393
    endloop
  endfacet
  facet normal 0.75086 -0.000865596 0.660461
    outer loop
      vertex 20.8044 19.5446 60
      vertex 20.9182 19.2212 59.8702
      vertex 20.8173 19.5184 59.9853
    endloop
  endfacet
  facet normal 0.753628 0.00137721 0.6573
    outer loop
      vertex 20.8044 19.5446 60
      vertex 20.9454 19.0846 59.8393
      vertex 20.9182 19.2212 59.8702
    endloop
  endfacet
  facet normal 0.751678 -0 0.659531
    outer loop
      vertex 20.8044 0 60
      vertex 20.9454 19.0846 59.8393
      vertex 20.8044 19.5446 60
    endloop
  endfacet
  facet normal 0.751678 0 0.659531
    outer loop
      vertex 20.9454 19.0846 59.8393
      vertex 20.8044 0 60
      vertex 20.9454 0 59.8393
    endloop
  endfacet
  facet normal -0.896984 0 0.442063
    outer loop
      vertex 17.1675 0 59.3419
      vertex 17.2947 21 59.6
      vertex 17.1675 21 59.3419
    endloop
  endfacet
  facet normal -0.896984 0 0.442063
    outer loop
      vertex 17.2947 21 59.6
      vertex 17.1675 0 59.3419
      vertex 17.2947 0 59.6
    endloop
  endfacet
  facet normal -0.946931 0 0.321435
    outer loop
      vertex 17.075 0 59.0694
      vertex 17.1675 21 59.3419
      vertex 17.075 21 59.0694
    endloop
  endfacet
  facet normal -0.946931 0 0.321435
    outer loop
      vertex 17.1675 21 59.3419
      vertex 17.075 0 59.0694
      vertex 17.1675 0 59.3419
    endloop
  endfacet
  facet normal -0.751678 0 0.659531
    outer loop
      vertex 17.4546 0 59.8393
      vertex 17.5956 21 60
      vertex 17.4546 21 59.8393
    endloop
  endfacet
  facet normal -0.751678 0 0.659531
    outer loop
      vertex 17.5956 21 60
      vertex 17.4546 0 59.8393
      vertex 17.5956 0 60
    endloop
  endfacet
  facet normal -0.65937 0 -0.751818
    outer loop
      vertex -18.4695 0 4.45202
      vertex -18.3515 21.99 4.34853
      vertex -18.3515 0 4.34853
    endloop
  endfacet
  facet normal -0.65937 0 -0.751818
    outer loop
      vertex -18.3515 21.99 4.34853
      vertex -18.4695 0 4.45202
      vertex -18.4695 21.99 4.45202
    endloop
  endfacet
  facet normal 0.321537 0 -0.946897
    outer loop
      vertex -19.6592 0 4.60865
      vertex -19.5106 21.99 4.65911
      vertex -19.5106 0 4.65911
    endloop
  endfacet
  facet normal 0.321537 0 -0.946897
    outer loop
      vertex -19.5106 21.99 4.65911
      vertex -19.6592 0 4.60865
      vertex -19.6592 21.99 4.60865
    endloop
  endfacet
  facet normal 0.896683 0 -0.442673
    outer loop
      vertex -20.2392 0 4.1
      vertex -20.3087 21.99 3.95922
      vertex -20.2392 21.99 4.1
    endloop
  endfacet
  facet normal 0.896683 0 -0.442673
    outer loop
      vertex -20.3087 21.99 3.95922
      vertex -20.2392 0 4.1
      vertex -20.3087 0 3.95922
    endloop
  endfacet
  facet normal -0.896683 0 -0.442673
    outer loop
      vertex -18.0913 0 3.95922
      vertex -18.1608 21.99 4.1
      vertex -18.0913 21.99 3.95922
    endloop
  endfacet
  facet normal -0.896683 -0 -0.442673
    outer loop
      vertex -18.1608 21.99 4.1
      vertex -18.0913 0 3.95922
      vertex -18.1608 0 4.1
    endloop
  endfacet
  facet normal -0.831481 0 -0.555553
    outer loop
      vertex -18.1608 0 4.1
      vertex -18.248 21.99 4.23051
      vertex -18.1608 21.99 4.1
    endloop
  endfacet
  facet normal -0.831481 -0 -0.555553
    outer loop
      vertex -18.248 21.99 4.23051
      vertex -18.1608 0 4.1
      vertex -18.248 0 4.23051
    endloop
  endfacet
  facet normal -0.751842 0 -0.659343
    outer loop
      vertex -18.248 0 4.23051
      vertex -18.3515 21.99 4.34853
      vertex -18.248 21.99 4.23051
    endloop
  endfacet
  facet normal -0.751842 -0 -0.659343
    outer loop
      vertex -18.3515 21.99 4.34853
      vertex -18.248 0 4.23051
      vertex -18.3515 0 4.34853
    endloop
  endfacet
  facet normal -0.442212 0 -0.89691
    outer loop
      vertex -18.7408 0 4.60865
      vertex -18.6 21.99 4.53923
      vertex -18.6 0 4.53923
    endloop
  endfacet
  facet normal -0.442212 0 -0.89691
    outer loop
      vertex -18.6 21.99 4.53923
      vertex -18.7408 0 4.60865
      vertex -18.7408 21.99 4.60865
    endloop
  endfacet
  facet normal -0.0654405 0 -0.997856
    outer loop
      vertex -19.2 0 4.7
      vertex -19.0434 21.99 4.68973
      vertex -19.0434 0 4.68973
    endloop
  endfacet
  facet normal -0.0654405 0 -0.997856
    outer loop
      vertex -19.0434 21.99 4.68973
      vertex -19.2 0 4.7
      vertex -19.2 21.99 4.7
    endloop
  endfacet
  facet normal 0.997845 0 -0.0656183
    outer loop
      vertex -20.3897 0 3.65663
      vertex -20.4 21.99 3.5
      vertex -20.3897 21.99 3.65663
    endloop
  endfacet
  facet normal 0.997845 0 -0.0656183
    outer loop
      vertex -20.4 21.99 3.5
      vertex -20.3897 0 3.65663
      vertex -20.4 0 3.5
    endloop
  endfacet
  facet normal 0.751842 0 -0.659343
    outer loop
      vertex -20.0485 0 4.34853
      vertex -20.152 21.99 4.23051
      vertex -20.0485 21.99 4.34853
    endloop
  endfacet
  facet normal 0.751842 0 -0.659343
    outer loop
      vertex -20.152 21.99 4.23051
      vertex -20.0485 0 4.34853
      vertex -20.152 0 4.23051
    endloop
  endfacet
  facet normal 0.442212 0 -0.89691
    outer loop
      vertex -19.8 0 4.53923
      vertex -19.6592 21.99 4.60865
      vertex -19.6592 0 4.60865
    endloop
  endfacet
  facet normal 0.442212 0 -0.89691
    outer loop
      vertex -19.6592 21.99 4.60865
      vertex -19.8 0 4.53923
      vertex -19.8 21.99 4.53923
    endloop
  endfacet
  facet normal 0.0654405 0 -0.997856
    outer loop
      vertex -19.3566 0 4.68973
      vertex -19.2 21.99 4.7
      vertex -19.2 0 4.7
    endloop
  endfacet
  facet normal 0.0654405 0 -0.997856
    outer loop
      vertex -19.2 21.99 4.7
      vertex -19.3566 0 4.68973
      vertex -19.3566 21.99 4.68973
    endloop
  endfacet
  facet normal -0.997845 0 0.0656183
    outer loop
      vertex -18.0103 0 3.34337
      vertex -18 21.99 3.5
      vertex -18.0103 21.99 3.34337
    endloop
  endfacet
  facet normal -0.997845 0 0.0656183
    outer loop
      vertex -18 21.99 3.5
      vertex -18.0103 0 3.34337
      vertex -18 0 3.5
    endloop
  endfacet
  facet normal -0.0654405 0 0.997856
    outer loop
      vertex -19.2 21.99 2.3
      vertex -19.0434 0 2.31027
      vertex -19.0434 21.99 2.31027
    endloop
  endfacet
  facet normal -0.0654405 0 0.997856
    outer loop
      vertex -19.0434 0 2.31027
      vertex -19.2 21.99 2.3
      vertex -19.2 0 2.3
    endloop
  endfacet
  facet normal -0.321537 0 0.946897
    outer loop
      vertex -18.8894 21.99 2.34089
      vertex -18.7408 0 2.39135
      vertex -18.7408 21.99 2.39135
    endloop
  endfacet
  facet normal -0.321537 0 0.946897
    outer loop
      vertex -18.7408 0 2.39135
      vertex -18.8894 21.99 2.34089
      vertex -18.8894 0 2.34089
    endloop
  endfacet
  facet normal -0.442212 0 0.89691
    outer loop
      vertex -18.7408 21.99 2.39135
      vertex -18.6 0 2.46077
      vertex -18.6 21.99 2.46077
    endloop
  endfacet
  facet normal -0.442212 0 0.89691
    outer loop
      vertex -18.6 0 2.46077
      vertex -18.7408 21.99 2.39135
      vertex -18.7408 0 2.39135
    endloop
  endfacet
  facet normal -0.751842 0 0.659343
    outer loop
      vertex -18.3515 0 2.65147
      vertex -18.248 21.99 2.76949
      vertex -18.3515 21.99 2.65147
    endloop
  endfacet
  facet normal -0.751842 0 0.659343
    outer loop
      vertex -18.248 21.99 2.76949
      vertex -18.3515 0 2.65147
      vertex -18.248 0 2.76949
    endloop
  endfacet
  facet normal 0.0654405 0 0.997856
    outer loop
      vertex -19.3566 21.99 2.31027
      vertex -19.2 0 2.3
      vertex -19.2 21.99 2.3
    endloop
  endfacet
  facet normal 0.0654405 0 0.997856
    outer loop
      vertex -19.2 0 2.3
      vertex -19.3566 21.99 2.31027
      vertex -19.3566 0 2.31027
    endloop
  endfacet
  facet normal 0.65937 0 0.751818
    outer loop
      vertex -20.0485 21.99 2.65147
      vertex -19.9305 0 2.54798
      vertex -19.9305 21.99 2.54798
    endloop
  endfacet
  facet normal 0.65937 0 0.751818
    outer loop
      vertex -19.9305 0 2.54798
      vertex -20.0485 21.99 2.65147
      vertex -20.0485 0 2.65147
    endloop
  endfacet
  facet normal 0.896683 -0 0.442673
    outer loop
      vertex -20.3087 0 3.04078
      vertex -20.2392 21.99 2.9
      vertex -20.3087 21.99 3.04078
    endloop
  endfacet
  facet normal 0.896683 0 0.442673
    outer loop
      vertex -20.2392 21.99 2.9
      vertex -20.3087 0 3.04078
      vertex -20.2392 0 2.9
    endloop
  endfacet
  facet normal 0.997845 -0 0.0656183
    outer loop
      vertex -20.4 0 3.5
      vertex -20.3897 21.99 3.34337
      vertex -20.4 21.99 3.5
    endloop
  endfacet
  facet normal 0.997845 0 0.0656183
    outer loop
      vertex -20.3897 21.99 3.34337
      vertex -20.4 0 3.5
      vertex -20.3897 0 3.34337
    endloop
  endfacet
  facet normal -0.980813 0 -0.194952
    outer loop
      vertex -18.0103 0 3.65663
      vertex -18.0409 21.99 3.81058
      vertex -18.0103 21.99 3.65663
    endloop
  endfacet
  facet normal -0.980813 -0 -0.194952
    outer loop
      vertex -18.0409 21.99 3.81058
      vertex -18.0103 0 3.65663
      vertex -18.0409 0 3.81058
    endloop
  endfacet
  facet normal -0.94704 0 -0.321117
    outer loop
      vertex -18.0409 0 3.81058
      vertex -18.0913 21.99 3.95922
      vertex -18.0409 21.99 3.81058
    endloop
  endfacet
  facet normal -0.94704 -0 -0.321117
    outer loop
      vertex -18.0913 21.99 3.95922
      vertex -18.0409 0 3.81058
      vertex -18.0913 0 3.95922
    endloop
  endfacet
  facet normal -0.555626 0 -0.831432
    outer loop
      vertex -18.6 0 4.53923
      vertex -18.4695 21.99 4.45202
      vertex -18.4695 0 4.45202
    endloop
  endfacet
  facet normal -0.555626 0 -0.831432
    outer loop
      vertex -18.4695 21.99 4.45202
      vertex -18.6 0 4.53923
      vertex -18.6 21.99 4.53923
    endloop
  endfacet
  facet normal -0.321537 0 -0.946897
    outer loop
      vertex -18.8894 0 4.65911
      vertex -18.7408 21.99 4.60865
      vertex -18.7408 0 4.60865
    endloop
  endfacet
  facet normal -0.321537 0 -0.946897
    outer loop
      vertex -18.7408 21.99 4.60865
      vertex -18.8894 0 4.65911
      vertex -18.8894 21.99 4.65911
    endloop
  endfacet
  facet normal -0.195014 0 -0.980801
    outer loop
      vertex -19.0434 0 4.68973
      vertex -18.8894 21.99 4.65911
      vertex -18.8894 0 4.65911
    endloop
  endfacet
  facet normal -0.195014 0 -0.980801
    outer loop
      vertex -18.8894 21.99 4.65911
      vertex -19.0434 0 4.68973
      vertex -19.0434 21.99 4.68973
    endloop
  endfacet
  facet normal 0.94704 0 -0.321117
    outer loop
      vertex -20.3087 0 3.95922
      vertex -20.3591 21.99 3.81058
      vertex -20.3087 21.99 3.95922
    endloop
  endfacet
  facet normal 0.94704 0 -0.321117
    outer loop
      vertex -20.3591 21.99 3.81058
      vertex -20.3087 0 3.95922
      vertex -20.3591 0 3.81058
    endloop
  endfacet
  facet normal 0.980813 0 -0.194952
    outer loop
      vertex -20.3591 0 3.81058
      vertex -20.3897 21.99 3.65663
      vertex -20.3591 21.99 3.81058
    endloop
  endfacet
  facet normal 0.980813 0 -0.194952
    outer loop
      vertex -20.3897 21.99 3.65663
      vertex -20.3591 0 3.81058
      vertex -20.3897 0 3.65663
    endloop
  endfacet
  facet normal 0.831481 0 -0.555553
    outer loop
      vertex -20.152 0 4.23051
      vertex -20.2392 21.99 4.1
      vertex -20.152 21.99 4.23051
    endloop
  endfacet
  facet normal 0.831481 0 -0.555553
    outer loop
      vertex -20.2392 21.99 4.1
      vertex -20.152 0 4.23051
      vertex -20.2392 0 4.1
    endloop
  endfacet
  facet normal 0.195014 0 -0.980801
    outer loop
      vertex -19.5106 0 4.65911
      vertex -19.3566 21.99 4.68973
      vertex -19.3566 0 4.68973
    endloop
  endfacet
  facet normal 0.195014 0 -0.980801
    outer loop
      vertex -19.3566 21.99 4.68973
      vertex -19.5106 0 4.65911
      vertex -19.5106 21.99 4.65911
    endloop
  endfacet
  facet normal 0.555626 0 -0.831432
    outer loop
      vertex -19.9305 0 4.45202
      vertex -19.8 21.99 4.53923
      vertex -19.8 0 4.53923
    endloop
  endfacet
  facet normal 0.555626 0 -0.831432
    outer loop
      vertex -19.8 21.99 4.53923
      vertex -19.9305 0 4.45202
      vertex -19.9305 21.99 4.45202
    endloop
  endfacet
  facet normal 0.65937 0 -0.751818
    outer loop
      vertex -20.0485 0 4.34853
      vertex -19.9305 21.99 4.45202
      vertex -19.9305 0 4.45202
    endloop
  endfacet
  facet normal 0.65937 0 -0.751818
    outer loop
      vertex -19.9305 21.99 4.45202
      vertex -20.0485 0 4.34853
      vertex -20.0485 21.99 4.34853
    endloop
  endfacet
  facet normal -0.997845 0 -0.0656183
    outer loop
      vertex -18 0 3.5
      vertex -18.0103 21.99 3.65663
      vertex -18 21.99 3.5
    endloop
  endfacet
  facet normal -0.997845 -0 -0.0656183
    outer loop
      vertex -18.0103 21.99 3.65663
      vertex -18 0 3.5
      vertex -18.0103 0 3.65663
    endloop
  endfacet
  facet normal -0.195014 0 0.980801
    outer loop
      vertex -19.0434 21.99 2.31027
      vertex -18.8894 0 2.34089
      vertex -18.8894 21.99 2.34089
    endloop
  endfacet
  facet normal -0.195014 0 0.980801
    outer loop
      vertex -18.8894 0 2.34089
      vertex -19.0434 21.99 2.31027
      vertex -19.0434 0 2.31027
    endloop
  endfacet
  facet normal -0.555626 0 0.831432
    outer loop
      vertex -18.6 21.99 2.46077
      vertex -18.4695 0 2.54798
      vertex -18.4695 21.99 2.54798
    endloop
  endfacet
  facet normal -0.555626 0 0.831432
    outer loop
      vertex -18.4695 0 2.54798
      vertex -18.6 21.99 2.46077
      vertex -18.6 0 2.46077
    endloop
  endfacet
  facet normal -0.896683 0 0.442673
    outer loop
      vertex -18.1608 0 2.9
      vertex -18.0913 21.99 3.04078
      vertex -18.1608 21.99 2.9
    endloop
  endfacet
  facet normal -0.896683 0 0.442673
    outer loop
      vertex -18.0913 21.99 3.04078
      vertex -18.1608 0 2.9
      vertex -18.0913 0 3.04078
    endloop
  endfacet
  facet normal 0.321537 0 0.946897
    outer loop
      vertex -19.6592 21.99 2.39135
      vertex -19.5106 0 2.34089
      vertex -19.5106 21.99 2.34089
    endloop
  endfacet
  facet normal 0.321537 0 0.946897
    outer loop
      vertex -19.5106 0 2.34089
      vertex -19.6592 21.99 2.39135
      vertex -19.6592 0 2.39135
    endloop
  endfacet
  facet normal 0.442212 0 0.89691
    outer loop
      vertex -19.8 21.99 2.46077
      vertex -19.6592 0 2.39135
      vertex -19.6592 21.99 2.39135
    endloop
  endfacet
  facet normal 0.442212 0 0.89691
    outer loop
      vertex -19.6592 0 2.39135
      vertex -19.8 21.99 2.46077
      vertex -19.8 0 2.46077
    endloop
  endfacet
  facet normal 0.980813 -0 0.194952
    outer loop
      vertex -20.3897 0 3.34337
      vertex -20.3591 21.99 3.18942
      vertex -20.3897 21.99 3.34337
    endloop
  endfacet
  facet normal 0.980813 0 0.194952
    outer loop
      vertex -20.3591 21.99 3.18942
      vertex -20.3897 0 3.34337
      vertex -20.3591 0 3.18942
    endloop
  endfacet
  facet normal 0.831481 -0 0.555553
    outer loop
      vertex -20.2392 0 2.9
      vertex -20.152 21.99 2.76949
      vertex -20.2392 21.99 2.9
    endloop
  endfacet
  facet normal 0.831481 0 0.555553
    outer loop
      vertex -20.152 21.99 2.76949
      vertex -20.2392 0 2.9
      vertex -20.152 0 2.76949
    endloop
  endfacet
  facet normal 0.751842 -0 0.659343
    outer loop
      vertex -20.152 0 2.76949
      vertex -20.0485 21.99 2.65147
      vertex -20.152 21.99 2.76949
    endloop
  endfacet
  facet normal 0.751842 0 0.659343
    outer loop
      vertex -20.0485 21.99 2.65147
      vertex -20.152 0 2.76949
      vertex -20.0485 0 2.65147
    endloop
  endfacet
  facet normal -0.980813 0 0.194952
    outer loop
      vertex -18.0409 0 3.18942
      vertex -18.0103 21.99 3.34337
      vertex -18.0409 21.99 3.18942
    endloop
  endfacet
  facet normal -0.980813 0 0.194952
    outer loop
      vertex -18.0103 21.99 3.34337
      vertex -18.0409 0 3.18942
      vertex -18.0103 0 3.34337
    endloop
  endfacet
  facet normal -0.94704 0 0.321117
    outer loop
      vertex -18.0913 0 3.04078
      vertex -18.0409 21.99 3.18942
      vertex -18.0913 21.99 3.04078
    endloop
  endfacet
  facet normal -0.94704 0 0.321117
    outer loop
      vertex -18.0409 21.99 3.18942
      vertex -18.0913 0 3.04078
      vertex -18.0409 0 3.18942
    endloop
  endfacet
  facet normal -0.65937 0 0.751818
    outer loop
      vertex -18.4695 21.99 2.54798
      vertex -18.3515 0 2.65147
      vertex -18.3515 21.99 2.65147
    endloop
  endfacet
  facet normal -0.65937 0 0.751818
    outer loop
      vertex -18.3515 0 2.65147
      vertex -18.4695 21.99 2.54798
      vertex -18.4695 0 2.54798
    endloop
  endfacet
  facet normal -0.831481 0 0.555553
    outer loop
      vertex -18.248 0 2.76949
      vertex -18.1608 21.99 2.9
      vertex -18.248 21.99 2.76949
    endloop
  endfacet
  facet normal -0.831481 0 0.555553
    outer loop
      vertex -18.1608 21.99 2.9
      vertex -18.248 0 2.76949
      vertex -18.1608 0 2.9
    endloop
  endfacet
  facet normal 0.195014 0 0.980801
    outer loop
      vertex -19.5106 21.99 2.34089
      vertex -19.3566 0 2.31027
      vertex -19.3566 21.99 2.31027
    endloop
  endfacet
  facet normal 0.195014 0 0.980801
    outer loop
      vertex -19.3566 0 2.31027
      vertex -19.5106 21.99 2.34089
      vertex -19.5106 0 2.34089
    endloop
  endfacet
  facet normal 0.555626 0 0.831432
    outer loop
      vertex -19.9305 21.99 2.54798
      vertex -19.8 0 2.46077
      vertex -19.8 21.99 2.46077
    endloop
  endfacet
  facet normal 0.555626 0 0.831432
    outer loop
      vertex -19.8 0 2.46077
      vertex -19.9305 21.99 2.54798
      vertex -19.9305 0 2.54798
    endloop
  endfacet
  facet normal 0.94704 -0 0.321117
    outer loop
      vertex -20.3591 0 3.18942
      vertex -20.3087 21.99 3.04078
      vertex -20.3591 21.99 3.18942
    endloop
  endfacet
  facet normal 0.94704 0 0.321117
    outer loop
      vertex -20.3087 21.99 3.04078
      vertex -20.3591 0 3.18942
      vertex -20.3087 0 3.04078
    endloop
  endfacet
  facet normal -0.709841 0.702813 -0.0466792
    outer loop
      vertex -17 23 3.5
      vertex -18 21.99 3.5
      vertex -18.0103 21.99 3.65663
    endloop
  endfacet
  facet normal -0.709832 0.702836 -0.0464718
    outer loop
      vertex -17.0188 23 3.78716
      vertex -17 23 3.5
      vertex -18.0103 21.99 3.65663
    endloop
  endfacet
  facet normal 0.469046 0.702834 0.534809
    outer loop
      vertex -20.6867 22.9156 1.99479
      vertex -20.0485 21.99 2.65147
      vertex -19.9305 21.99 2.54798
    endloop
  endfacet
  facet normal 0.468617 0.702819 0.535204
    outer loop
      vertex -20.0485 21.99 2.65147
      vertex -20.6867 22.9156 1.99479
      vertex -20.6954 22.9139 2.00464
    endloop
  endfacet
  facet normal -0.591472 0.702841 0.395191
    outer loop
      vertex -18.1608 21.99 2.9
      vertex -17.2947 23 2.4
      vertex -18.248 21.99 2.76949
    endloop
  endfacet
  facet normal -0.469118 0.702825 -0.534757
    outer loop
      vertex -17.8607 23 5.24538
      vertex -17.6444 23 5.05563
      vertex -18.4695 21.99 4.45202
    endloop
  endfacet
  facet normal 0.673574 0.702782 -0.2289
    outer loop
      vertex -21.0531 22.8039 4.26759
      vertex -20.3087 21.99 3.95922
      vertex -21.1087 22.785 4.04595
    endloop
  endfacet
  facet normal -0.673644 0.702791 0.228668
    outer loop
      vertex -17.075 23 2.9306
      vertex -17.1675 23 2.6581
      vertex -18.0913 21.99 3.04078
    endloop
  endfacet
  facet normal 0.591414 0.702833 -0.395291
    outer loop
      vertex -20.8464 22.874 4.76335
      vertex -20.152 21.99 4.23051
      vertex -20.9524 22.838 4.54075
    endloop
  endfacet
  facet normal 0.637962 0.702808 0.314746
    outer loop
      vertex -20.2392 21.99 2.9
      vertex -20.9632 22.8344 2.48199
      vertex -21.043 22.8073 2.70425
    endloop
  endfacet
  facet normal -0.534759 0.702827 0.469113
    outer loop
      vertex -17.4546 23 2.16073
      vertex -17.6444 23 1.94437
      vertex -18.248 21.99 2.76949
    endloop
  endfacet
  facet normal -0.697658 0.702833 -0.138919
    outer loop
      vertex -17.075 23 4.0694
      vertex -17.0188 23 3.78716
      vertex -18.0103 21.99 3.65663
    endloop
  endfacet
  facet normal -0.637905 0.702782 -0.31492
    outer loop
      vertex -17.1675 23 4.3419
      vertex -18.0913 21.99 3.95922
      vertex -18.1608 21.99 4.1
    endloop
  endfacet
  facet normal -0.314609 0.702819 -0.638018
    outer loop
      vertex -18.3581 23 5.53253
      vertex -18.1 23 5.40526
      vertex -18.6 21.99 4.53923
    endloop
  endfacet
  facet normal 0.697741 0.702829 0.138522
    outer loop
      vertex -20.3897 21.99 3.34337
      vertex -21.148 22.7716 3.1973
      vertex -21.1541 22.7687 3.24274
    endloop
  endfacet
  facet normal 0.697724 0.702829 0.138611
    outer loop
      vertex -21.148 22.7716 3.1973
      vertex -20.3897 21.99 3.34337
      vertex -21.1218 22.7805 3.02029
    endloop
  endfacet
  facet normal 0.591467 0.702846 0.395188
    outer loop
      vertex -20.9524 22.838 2.45925
      vertex -20.2392 21.99 2.9
      vertex -20.152 21.99 2.76949
    endloop
  endfacet
  facet normal 0.592945 0.702892 0.392885
    outer loop
      vertex -20.2392 21.99 2.9
      vertex -20.9524 22.838 2.45925
      vertex -20.9632 22.8344 2.48199
    endloop
  endfacet
  facet normal 0.469017 0.702829 0.53484
    outer loop
      vertex -19.9305 21.99 2.54798
      vertex -20.5096 22.9508 1.79323
      vertex -20.6867 22.9156 1.99479
    endloop
  endfacet
  facet normal 0.673679 0.702836 0.228427
    outer loop
      vertex -21.1087 22.785 2.95405
      vertex -20.3591 21.99 3.18942
      vertex -20.3087 21.99 3.04078
    endloop
  endfacet
  facet normal 0.673351 0.702823 0.22943
    outer loop
      vertex -20.3591 21.99 3.18942
      vertex -21.1087 22.785 2.95405
      vertex -21.1168 22.7822 2.9864
    endloop
  endfacet
  facet normal 0.673574 0.702782 0.2289
    outer loop
      vertex -20.3087 21.99 3.04078
      vertex -21.0531 22.8039 2.73241
      vertex -21.1087 22.785 2.95405
    endloop
  endfacet
  facet normal -0.138727 0.702817 0.697713
    outer loop
      vertex -18.8894 21.99 2.34089
      vertex -18.6306 23 1.37496
      vertex -19.0434 21.99 2.31027
    endloop
  endfacet
  facet normal -0.314574 0.702823 0.63803
    outer loop
      vertex -18.6 21.99 2.46077
      vertex -18.3581 23 1.46747
      vertex -18.7408 21.99 2.39135
    endloop
  endfacet
  facet normal -0.638071 0.702836 0.314462
    outer loop
      vertex -17.1675 23 2.6581
      vertex -17.2947 23 2.4
      vertex -18.1608 21.99 2.9
    endloop
  endfacet
  facet normal -0.697658 0.702833 0.138919
    outer loop
      vertex -17.0188 23 3.21284
      vertex -17.075 23 2.9306
      vertex -18.0103 21.99 3.34337
    endloop
  endfacet
  facet normal -0.709841 0.702813 0.0466792
    outer loop
      vertex -18 21.99 3.5
      vertex -17 23 3.5
      vertex -18.0103 21.99 3.34337
    endloop
  endfacet
  facet normal -0.709832 0.702836 0.0464718
    outer loop
      vertex -17 23 3.5
      vertex -17.0188 23 3.21284
      vertex -18.0103 21.99 3.34337
    endloop
  endfacet
  facet normal 0.709855 0.702799 -0.0466801
    outer loop
      vertex -20.4 21.99 3.5
      vertex -21.1638 22.7639 3.53662
      vertex -20.3897 21.99 3.65663
    endloop
  endfacet
  facet normal 0.709872 0.702802 -0.0463691
    outer loop
      vertex -21.1638 22.7639 3.53662
      vertex -20.4 21.99 3.5
      vertex -21.1654 22.7631 3.5
    endloop
  endfacet
  facet normal 0.138797 0.702825 -0.697691
    outer loop
      vertex -19.4872 23 5.68118
      vertex -19.3566 21.99 4.68973
      vertex -19.7694 23 5.62504
    endloop
  endfacet
  facet normal -0.591472 0.702841 -0.395191
    outer loop
      vertex -17.2947 23 4.6
      vertex -18.1608 21.99 4.1
      vertex -18.248 21.99 4.23051
    endloop
  endfacet
  facet normal -0.638071 0.702836 -0.314462
    outer loop
      vertex -17.2947 23 4.6
      vertex -17.1675 23 4.3419
      vertex -18.1608 21.99 4.1
    endloop
  endfacet
  facet normal -0.469058 0.702816 -0.534823
    outer loop
      vertex -17.6444 23 5.05563
      vertex -18.3515 21.99 4.34853
      vertex -18.4695 21.99 4.45202
    endloop
  endfacet
  facet normal -0.673696 0.702818 -0.228433
    outer loop
      vertex -17.075 23 4.0694
      vertex -18.0409 21.99 3.81058
      vertex -18.0913 21.99 3.95922
    endloop
  endfacet
  facet normal -0.673644 0.702791 -0.228668
    outer loop
      vertex -17.1675 23 4.3419
      vertex -17.075 23 4.0694
      vertex -18.0913 21.99 3.95922
    endloop
  endfacet
  facet normal -0.395256 0.702818 -0.591456
    outer loop
      vertex -18.1 23 5.40526
      vertex -18.4695 21.99 4.45202
      vertex -18.6 21.99 4.53923
    endloop
  endfacet
  facet normal 0.0465524 0.702817 -0.709846
    outer loop
      vertex -19.2 23 5.7
      vertex -19.2 21.99 4.7
      vertex -19.3566 21.99 4.68973
    endloop
  endfacet
  facet normal 0.709847 0.70282 0.0464968
    outer loop
      vertex -20.3897 21.99 3.34337
      vertex -21.1541 22.7687 3.24274
      vertex -21.1638 22.7639 3.46338
    endloop
  endfacet
  facet normal 0.591414 0.702833 0.395291
    outer loop
      vertex -20.152 21.99 2.76949
      vertex -20.8464 22.874 2.23665
      vertex -20.9524 22.838 2.45925
    endloop
  endfacet
  facet normal 0.395301 0.702834 0.591406
    outer loop
      vertex -19.9305 21.99 2.54798
      vertex -20.3916 22.9743 1.68643
      vertex -20.5096 22.9508 1.79323
    endloop
  endfacet
  facet normal 0.395011 0.70285 0.59158
    outer loop
      vertex -20.3916 22.9743 1.68643
      vertex -19.9305 21.99 2.54798
      vertex -20.293 22.9808 1.61287
    endloop
  endfacet
  facet normal 0.0465524 0.702817 0.709846
    outer loop
      vertex -19.2 21.99 2.3
      vertex -19.2 23 1.3
      vertex -19.3566 21.99 2.31027
    endloop
  endfacet
  facet normal 0.228362 0.702819 0.673718
    outer loop
      vertex -19.6592 21.99 2.39135
      vertex -20 23 1.45324
      vertex -20.0409 22.9973 1.46992
    endloop
  endfacet
  facet normal 0.228666 0.702823 0.673611
    outer loop
      vertex -20 23 1.45324
      vertex -19.6592 21.99 2.39135
      vertex -19.7694 23 1.37496
    endloop
  endfacet
  facet normal 0.6379 0.702788 0.314917
    outer loop
      vertex -21.043 22.8073 2.70425
      vertex -20.3087 21.99 3.04078
      vertex -20.2392 21.99 2.9
    endloop
  endfacet
  facet normal 0.638415 0.702805 0.313833
    outer loop
      vertex -20.3087 21.99 3.04078
      vertex -21.043 22.8073 2.70425
      vertex -21.0531 22.8039 2.73241
    endloop
  endfacet
  facet normal 0.697702 0.702837 0.138679
    outer loop
      vertex -20.3591 21.99 3.18942
      vertex -21.1218 22.7805 3.02029
      vertex -20.3897 21.99 3.34337
    endloop
  endfacet
  facet normal 0.697802 0.702831 0.138207
    outer loop
      vertex -21.1218 22.7805 3.02029
      vertex -20.3591 21.99 3.18942
      vertex -21.1168 22.7822 2.9864
    endloop
  endfacet
  facet normal -0.0465524 0.702817 0.709846
    outer loop
      vertex -19.0434 21.99 2.31027
      vertex -19.2 23 1.3
      vertex -19.2 21.99 2.3
    endloop
  endfacet
  facet normal -0.395256 0.702818 0.591456
    outer loop
      vertex -18.4695 21.99 2.54798
      vertex -18.1 23 1.59474
      vertex -18.6 21.99 2.46077
    endloop
  endfacet
  facet normal -0.314609 0.702819 0.638018
    outer loop
      vertex -18.1 23 1.59474
      vertex -18.3581 23 1.46747
      vertex -18.6 21.99 2.46077
    endloop
  endfacet
  facet normal -0.53484 0.702815 0.469039
    outer loop
      vertex -18.248 21.99 2.76949
      vertex -17.6444 23 1.94437
      vertex -18.3515 21.99 2.65147
    endloop
  endfacet
  facet normal -0.591441 0.702833 0.39525
    outer loop
      vertex -17.2947 23 2.4
      vertex -17.4546 23 2.16073
      vertex -18.248 21.99 2.76949
    endloop
  endfacet
  facet normal -0.637905 0.702782 0.31492
    outer loop
      vertex -18.0913 21.99 3.04078
      vertex -17.1675 23 2.6581
      vertex -18.1608 21.99 2.9
    endloop
  endfacet
  facet normal -0.697732 0.702806 0.138685
    outer loop
      vertex -18.0103 21.99 3.34337
      vertex -17.075 23 2.9306
      vertex -18.0409 21.99 3.18942
    endloop
  endfacet
  facet normal 0.637962 0.702808 -0.314746
    outer loop
      vertex -20.9632 22.8344 4.51801
      vertex -20.2392 21.99 4.1
      vertex -21.043 22.8073 4.29575
    endloop
  endfacet
  facet normal 0.6379 0.702788 -0.314917
    outer loop
      vertex -20.3087 21.99 3.95922
      vertex -21.043 22.8073 4.29575
      vertex -20.2392 21.99 4.1
    endloop
  endfacet
  facet normal 0.638415 0.702805 -0.313833
    outer loop
      vertex -21.043 22.8073 4.29575
      vertex -20.3087 21.99 3.95922
      vertex -21.0531 22.8039 4.26759
    endloop
  endfacet
  facet normal 0.697724 0.702829 -0.138611
    outer loop
      vertex -20.3897 21.99 3.65663
      vertex -21.148 22.7716 3.8027
      vertex -21.1218 22.7805 3.97971
    endloop
  endfacet
  facet normal 0.697741 0.702829 -0.138522
    outer loop
      vertex -21.148 22.7716 3.8027
      vertex -20.3897 21.99 3.65663
      vertex -21.1541 22.7687 3.75726
    endloop
  endfacet
  facet normal 0.673679 0.702836 -0.228427
    outer loop
      vertex -20.3591 21.99 3.81058
      vertex -21.1087 22.785 4.04595
      vertex -20.3087 21.99 3.95922
    endloop
  endfacet
  facet normal 0.673351 0.702823 -0.22943
    outer loop
      vertex -21.1087 22.785 4.04595
      vertex -20.3591 21.99 3.81058
      vertex -21.1168 22.7822 4.0136
    endloop
  endfacet
  facet normal 0.709872 0.702802 0.0463691
    outer loop
      vertex -20.4 21.99 3.5
      vertex -21.1638 22.7639 3.46338
      vertex -21.1654 22.7631 3.5
    endloop
  endfacet
  facet normal 0.709855 0.702799 0.0466801
    outer loop
      vertex -21.1638 22.7639 3.46338
      vertex -20.4 21.99 3.5
      vertex -20.3897 21.99 3.34337
    endloop
  endfacet
  facet normal 0.314762 0.70281 -0.637953
    outer loop
      vertex -20.0413 22.9973 5.52988
      vertex -19.8 21.99 4.53923
      vertex -20.2906 22.981 5.38892
    endloop
  endfacet
  facet normal 0.469046 0.702834 -0.534809
    outer loop
      vertex -20.0485 21.99 4.34853
      vertex -20.6867 22.9156 5.00521
      vertex -19.9305 21.99 4.45202
    endloop
  endfacet
  facet normal 0.468617 0.702819 -0.535204
    outer loop
      vertex -20.6867 22.9156 5.00521
      vertex -20.0485 21.99 4.34853
      vertex -20.6954 22.9139 4.99536
    endloop
  endfacet
  facet normal 0.0465155 0.702821 -0.709844
    outer loop
      vertex -19.2 23 5.7
      vertex -19.3566 21.99 4.68973
      vertex -19.4872 23 5.68118
    endloop
  endfacet
  facet normal -0.534759 0.702827 -0.469113
    outer loop
      vertex -17.6444 23 5.05563
      vertex -17.4546 23 4.83927
      vertex -18.248 21.99 4.23051
    endloop
  endfacet
  facet normal -0.591441 0.702833 -0.39525
    outer loop
      vertex -17.4546 23 4.83927
      vertex -17.2947 23 4.6
      vertex -18.248 21.99 4.23051
    endloop
  endfacet
  facet normal -0.697732 0.702806 -0.138685
    outer loop
      vertex -17.075 23 4.0694
      vertex -18.0103 21.99 3.65663
      vertex -18.0409 21.99 3.81058
    endloop
  endfacet
  facet normal -0.395185 0.702827 -0.591492
    outer loop
      vertex -18.1 23 5.40526
      vertex -17.8607 23 5.24538
      vertex -18.4695 21.99 4.45202
    endloop
  endfacet
  facet normal -0.0465155 0.702821 -0.709844
    outer loop
      vertex -18.9128 23 5.68118
      vertex -19.0434 21.99 4.68973
      vertex -19.2 23 5.7
    endloop
  endfacet
  facet normal -0.228681 0.702821 -0.673608
    outer loop
      vertex -18.6306 23 5.62504
      vertex -18.3581 23 5.53253
      vertex -18.7408 21.99 4.60865
    endloop
  endfacet
  facet normal -0.0465524 0.702817 -0.709846
    outer loop
      vertex -19.2 23 5.7
      vertex -19.0434 21.99 4.68973
      vertex -19.2 21.99 4.7
    endloop
  endfacet
  facet normal 0.314762 0.70281 0.637953
    outer loop
      vertex -19.8 21.99 2.46077
      vertex -20.0413 22.9973 1.47012
      vertex -20.2906 22.981 1.61108
    endloop
  endfacet
  facet normal 0.228733 0.702815 0.673597
    outer loop
      vertex -19.6592 21.99 2.39135
      vertex -19.5106 21.99 2.34089
      vertex -19.7694 23 1.37496
    endloop
  endfacet
  facet normal 0.31457 0.702832 0.638022
    outer loop
      vertex -19.6592 21.99 2.39135
      vertex -20.0413 22.9973 1.47012
      vertex -19.8 21.99 2.46077
    endloop
  endfacet
  facet normal 0.318187 0.702697 0.636375
    outer loop
      vertex -20.0413 22.9973 1.47012
      vertex -19.6592 21.99 2.39135
      vertex -20.0409 22.9973 1.46992
    endloop
  endfacet
  facet normal 0.138727 0.702817 0.697713
    outer loop
      vertex -19.5106 21.99 2.34089
      vertex -19.3566 21.99 2.31027
      vertex -19.7694 23 1.37496
    endloop
  endfacet
  facet normal 0.534828 0.70283 0.469029
    outer loop
      vertex -20.152 21.99 2.76949
      vertex -20.7765 22.8978 2.12128
      vertex -20.8464 22.874 2.23665
    endloop
  endfacet
  facet normal 0.5348 0.702832 0.469059
    outer loop
      vertex -20.7765 22.8978 2.12128
      vertex -20.152 21.99 2.76949
      vertex -20.7032 22.9123 2.01598
    endloop
  endfacet
  facet normal 0.534831 0.702828 0.46903
    outer loop
      vertex -20.0485 21.99 2.65147
      vertex -20.7032 22.9123 2.01598
      vertex -20.152 21.99 2.76949
    endloop
  endfacet
  facet normal 0.535958 0.702784 0.467807
    outer loop
      vertex -20.7032 22.9123 2.01598
      vertex -20.0485 21.99 2.65147
      vertex -20.6954 22.9139 2.00464
    endloop
  endfacet
  facet normal -0.469118 0.702825 0.534757
    outer loop
      vertex -17.6444 23 1.94437
      vertex -17.8607 23 1.75462
      vertex -18.4695 21.99 2.54798
    endloop
  endfacet
  facet normal -0.395185 0.702827 0.591492
    outer loop
      vertex -17.8607 23 1.75462
      vertex -18.1 23 1.59474
      vertex -18.4695 21.99 2.54798
    endloop
  endfacet
  facet normal -0.228733 0.702815 0.673597
    outer loop
      vertex -18.7408 21.99 2.39135
      vertex -18.6306 23 1.37496
      vertex -18.8894 21.99 2.34089
    endloop
  endfacet
  facet normal -0.228681 0.702821 0.673608
    outer loop
      vertex -18.3581 23 1.46747
      vertex -18.6306 23 1.37496
      vertex -18.7408 21.99 2.39135
    endloop
  endfacet
  facet normal -0.0465155 0.702821 0.709844
    outer loop
      vertex -19.0434 21.99 2.31027
      vertex -18.9128 23 1.31882
      vertex -19.2 23 1.3
    endloop
  endfacet
  facet normal -0.138797 0.702825 0.697691
    outer loop
      vertex -18.6306 23 1.37496
      vertex -18.9128 23 1.31882
      vertex -19.0434 21.99 2.31027
    endloop
  endfacet
  facet normal -0.673696 0.702818 0.228433
    outer loop
      vertex -18.0409 21.99 3.18942
      vertex -17.075 23 2.9306
      vertex -18.0913 21.99 3.04078
    endloop
  endfacet
  facet normal 0.591467 0.702846 -0.395188
    outer loop
      vertex -20.2392 21.99 4.1
      vertex -20.9524 22.838 4.54075
      vertex -20.152 21.99 4.23051
    endloop
  endfacet
  facet normal 0.592945 0.702892 -0.392885
    outer loop
      vertex -20.9524 22.838 4.54075
      vertex -20.2392 21.99 4.1
      vertex -20.9632 22.8344 4.51801
    endloop
  endfacet
  facet normal 0.709847 0.70282 -0.0464968
    outer loop
      vertex -21.1541 22.7687 3.75726
      vertex -20.3897 21.99 3.65663
      vertex -21.1638 22.7639 3.53662
    endloop
  endfacet
  facet normal 0.697802 0.702831 -0.138207
    outer loop
      vertex -20.3591 21.99 3.81058
      vertex -21.1218 22.7805 3.97971
      vertex -21.1168 22.7822 4.0136
    endloop
  endfacet
  facet normal 0.697702 0.702837 -0.138679
    outer loop
      vertex -21.1218 22.7805 3.97971
      vertex -20.3591 21.99 3.81058
      vertex -20.3897 21.99 3.65663
    endloop
  endfacet
  facet normal 0.386554 0.703103 -0.596843
    outer loop
      vertex -19.8 21.99 4.53923
      vertex -20.293 22.9808 5.38713
      vertex -20.2906 22.981 5.38892
    endloop
  endfacet
  facet normal 0.395254 0.70282 -0.591454
    outer loop
      vertex -20.293 22.9808 5.38713
      vertex -19.8 21.99 4.53923
      vertex -19.9305 21.99 4.45202
    endloop
  endfacet
  facet normal 0.228733 0.702815 -0.673597
    outer loop
      vertex -19.5106 21.99 4.65911
      vertex -19.6592 21.99 4.60865
      vertex -19.7694 23 5.62504
    endloop
  endfacet
  facet normal 0.318187 0.702697 -0.636375
    outer loop
      vertex -19.6592 21.99 4.60865
      vertex -20.0413 22.9973 5.52988
      vertex -20.0409 22.9973 5.53008
    endloop
  endfacet
  facet normal 0.31457 0.702832 -0.638022
    outer loop
      vertex -20.0413 22.9973 5.52988
      vertex -19.6592 21.99 4.60865
      vertex -19.8 21.99 4.53923
    endloop
  endfacet
  facet normal -0.53484 0.702815 -0.469039
    outer loop
      vertex -17.6444 23 5.05563
      vertex -18.248 21.99 4.23051
      vertex -18.3515 21.99 4.34853
    endloop
  endfacet
  facet normal -0.138797 0.702825 -0.697691
    outer loop
      vertex -18.9128 23 5.68118
      vertex -18.6306 23 5.62504
      vertex -19.0434 21.99 4.68973
    endloop
  endfacet
  facet normal -0.314574 0.702823 -0.63803
    outer loop
      vertex -18.3581 23 5.53253
      vertex -18.6 21.99 4.53923
      vertex -18.7408 21.99 4.60865
    endloop
  endfacet
  facet normal 0.395254 0.70282 0.591454
    outer loop
      vertex -19.8 21.99 2.46077
      vertex -20.293 22.9808 1.61287
      vertex -19.9305 21.99 2.54798
    endloop
  endfacet
  facet normal 0.386554 0.703103 0.596843
    outer loop
      vertex -20.293 22.9808 1.61287
      vertex -19.8 21.99 2.46077
      vertex -20.2906 22.981 1.61108
    endloop
  endfacet
  facet normal 0.138797 0.702825 0.697691
    outer loop
      vertex -19.3566 21.99 2.31027
      vertex -19.4872 23 1.31882
      vertex -19.7694 23 1.37496
    endloop
  endfacet
  facet normal 0.0465155 0.702821 0.709844
    outer loop
      vertex -19.3566 21.99 2.31027
      vertex -19.2 23 1.3
      vertex -19.4872 23 1.31882
    endloop
  endfacet
  facet normal -0.469058 0.702816 0.534823
    outer loop
      vertex -18.3515 21.99 2.65147
      vertex -17.6444 23 1.94437
      vertex -18.4695 21.99 2.54798
    endloop
  endfacet
  facet normal 0.535958 0.702784 -0.467807
    outer loop
      vertex -20.0485 21.99 4.34853
      vertex -20.7032 22.9123 4.98402
      vertex -20.6954 22.9139 4.99536
    endloop
  endfacet
  facet normal 0.534831 0.702828 -0.46903
    outer loop
      vertex -20.7032 22.9123 4.98402
      vertex -20.0485 21.99 4.34853
      vertex -20.152 21.99 4.23051
    endloop
  endfacet
  facet normal 0.5348 0.702832 -0.469059
    outer loop
      vertex -20.152 21.99 4.23051
      vertex -20.7765 22.8978 4.87872
      vertex -20.7032 22.9123 4.98402
    endloop
  endfacet
  facet normal 0.534828 0.70283 -0.469029
    outer loop
      vertex -20.7765 22.8978 4.87872
      vertex -20.152 21.99 4.23051
      vertex -20.8464 22.874 4.76335
    endloop
  endfacet
  facet normal 0.469017 0.702829 -0.53484
    outer loop
      vertex -20.5096 22.9508 5.20677
      vertex -19.9305 21.99 4.45202
      vertex -20.6867 22.9156 5.00521
    endloop
  endfacet
  facet normal 0.395011 0.70285 -0.59158
    outer loop
      vertex -19.9305 21.99 4.45202
      vertex -20.3916 22.9743 5.31357
      vertex -20.293 22.9808 5.38713
    endloop
  endfacet
  facet normal 0.395301 0.702834 -0.591406
    outer loop
      vertex -20.3916 22.9743 5.31357
      vertex -19.9305 21.99 4.45202
      vertex -20.5096 22.9508 5.20677
    endloop
  endfacet
  facet normal 0.228666 0.702823 -0.673611
    outer loop
      vertex -19.6592 21.99 4.60865
      vertex -20 23 5.54676
      vertex -19.7694 23 5.62504
    endloop
  endfacet
  facet normal 0.228362 0.702819 -0.673718
    outer loop
      vertex -20 23 5.54676
      vertex -19.6592 21.99 4.60865
      vertex -20.0409 22.9973 5.53008
    endloop
  endfacet
  facet normal 0.138727 0.702817 -0.697713
    outer loop
      vertex -19.3566 21.99 4.68973
      vertex -19.5106 21.99 4.65911
      vertex -19.7694 23 5.62504
    endloop
  endfacet
  facet normal -0.228733 0.702815 -0.673597
    outer loop
      vertex -18.6306 23 5.62504
      vertex -18.7408 21.99 4.60865
      vertex -18.8894 21.99 4.65911
    endloop
  endfacet
  facet normal -0.138727 0.702817 -0.697713
    outer loop
      vertex -18.6306 23 5.62504
      vertex -18.8894 21.99 4.65911
      vertex -19.0434 21.99 4.68973
    endloop
  endfacet
  facet normal -0.65937 0 -0.751818
    outer loop
      vertex 19.9305 0 4.45202
      vertex 20.0485 21.99 4.34853
      vertex 20.0485 0 4.34853
    endloop
  endfacet
  facet normal -0.65937 0 -0.751818
    outer loop
      vertex 20.0485 21.99 4.34853
      vertex 19.9305 0 4.45202
      vertex 19.9305 21.99 4.45202
    endloop
  endfacet
  facet normal 0.321537 0 -0.946897
    outer loop
      vertex 18.7408 0 4.60865
      vertex 18.8894 21.99 4.65911
      vertex 18.8894 0 4.65911
    endloop
  endfacet
  facet normal 0.321537 0 -0.946897
    outer loop
      vertex 18.8894 21.99 4.65911
      vertex 18.7408 0 4.60865
      vertex 18.7408 21.99 4.60865
    endloop
  endfacet
  facet normal 0.896683 0 -0.442673
    outer loop
      vertex 18.1608 0 4.1
      vertex 18.0913 21.99 3.95922
      vertex 18.1608 21.99 4.1
    endloop
  endfacet
  facet normal 0.896683 0 -0.442673
    outer loop
      vertex 18.0913 21.99 3.95922
      vertex 18.1608 0 4.1
      vertex 18.0913 0 3.95922
    endloop
  endfacet
  facet normal -0.896683 0 -0.442673
    outer loop
      vertex 20.3087 0 3.95922
      vertex 20.2392 21.99 4.1
      vertex 20.3087 21.99 3.95922
    endloop
  endfacet
  facet normal -0.896683 -0 -0.442673
    outer loop
      vertex 20.2392 21.99 4.1
      vertex 20.3087 0 3.95922
      vertex 20.2392 0 4.1
    endloop
  endfacet
  facet normal -0.831481 0 -0.555553
    outer loop
      vertex 20.2392 0 4.1
      vertex 20.152 21.99 4.23051
      vertex 20.2392 21.99 4.1
    endloop
  endfacet
  facet normal -0.831481 -0 -0.555553
    outer loop
      vertex 20.152 21.99 4.23051
      vertex 20.2392 0 4.1
      vertex 20.152 0 4.23051
    endloop
  endfacet
  facet normal -0.751842 0 -0.659343
    outer loop
      vertex 20.152 0 4.23051
      vertex 20.0485 21.99 4.34853
      vertex 20.152 21.99 4.23051
    endloop
  endfacet
  facet normal -0.751842 -0 -0.659343
    outer loop
      vertex 20.0485 21.99 4.34853
      vertex 20.152 0 4.23051
      vertex 20.0485 0 4.34853
    endloop
  endfacet
  facet normal -0.442212 0 -0.89691
    outer loop
      vertex 19.6592 0 4.60865
      vertex 19.8 21.99 4.53923
      vertex 19.8 0 4.53923
    endloop
  endfacet
  facet normal -0.442212 0 -0.89691
    outer loop
      vertex 19.8 21.99 4.53923
      vertex 19.6592 0 4.60865
      vertex 19.6592 21.99 4.60865
    endloop
  endfacet
  facet normal -0.0654405 0 -0.997856
    outer loop
      vertex 19.2 0 4.7
      vertex 19.3566 21.99 4.68973
      vertex 19.3566 0 4.68973
    endloop
  endfacet
  facet normal -0.0654405 0 -0.997856
    outer loop
      vertex 19.3566 21.99 4.68973
      vertex 19.2 0 4.7
      vertex 19.2 21.99 4.7
    endloop
  endfacet
  facet normal 0.997845 0 -0.0656183
    outer loop
      vertex 18.0103 0 3.65663
      vertex 18 21.99 3.5
      vertex 18.0103 21.99 3.65663
    endloop
  endfacet
  facet normal 0.997845 0 -0.0656183
    outer loop
      vertex 18 21.99 3.5
      vertex 18.0103 0 3.65663
      vertex 18 0 3.5
    endloop
  endfacet
  facet normal 0.751842 0 -0.659343
    outer loop
      vertex 18.3515 0 4.34853
      vertex 18.248 21.99 4.23051
      vertex 18.3515 21.99 4.34853
    endloop
  endfacet
  facet normal 0.751842 0 -0.659343
    outer loop
      vertex 18.248 21.99 4.23051
      vertex 18.3515 0 4.34853
      vertex 18.248 0 4.23051
    endloop
  endfacet
  facet normal 0.442212 0 -0.89691
    outer loop
      vertex 18.6 0 4.53923
      vertex 18.7408 21.99 4.60865
      vertex 18.7408 0 4.60865
    endloop
  endfacet
  facet normal 0.442212 0 -0.89691
    outer loop
      vertex 18.7408 21.99 4.60865
      vertex 18.6 0 4.53923
      vertex 18.6 21.99 4.53923
    endloop
  endfacet
  facet normal 0.0654405 0 -0.997856
    outer loop
      vertex 19.0434 0 4.68973
      vertex 19.2 21.99 4.7
      vertex 19.2 0 4.7
    endloop
  endfacet
  facet normal 0.0654405 0 -0.997856
    outer loop
      vertex 19.2 21.99 4.7
      vertex 19.0434 0 4.68973
      vertex 19.0434 21.99 4.68973
    endloop
  endfacet
  facet normal -0.997845 0 0.0656183
    outer loop
      vertex 20.3897 0 3.34337
      vertex 20.4 21.99 3.5
      vertex 20.3897 21.99 3.34337
    endloop
  endfacet
  facet normal -0.997845 0 0.0656183
    outer loop
      vertex 20.4 21.99 3.5
      vertex 20.3897 0 3.34337
      vertex 20.4 0 3.5
    endloop
  endfacet
  facet normal -0.0654405 0 0.997856
    outer loop
      vertex 19.2 21.99 2.3
      vertex 19.3566 0 2.31027
      vertex 19.3566 21.99 2.31027
    endloop
  endfacet
  facet normal -0.0654405 0 0.997856
    outer loop
      vertex 19.3566 0 2.31027
      vertex 19.2 21.99 2.3
      vertex 19.2 0 2.3
    endloop
  endfacet
  facet normal -0.321537 0 0.946897
    outer loop
      vertex 19.5106 21.99 2.34089
      vertex 19.6592 0 2.39135
      vertex 19.6592 21.99 2.39135
    endloop
  endfacet
  facet normal -0.321537 0 0.946897
    outer loop
      vertex 19.6592 0 2.39135
      vertex 19.5106 21.99 2.34089
      vertex 19.5106 0 2.34089
    endloop
  endfacet
  facet normal -0.442212 0 0.89691
    outer loop
      vertex 19.6592 21.99 2.39135
      vertex 19.8 0 2.46077
      vertex 19.8 21.99 2.46077
    endloop
  endfacet
  facet normal -0.442212 0 0.89691
    outer loop
      vertex 19.8 0 2.46077
      vertex 19.6592 21.99 2.39135
      vertex 19.6592 0 2.39135
    endloop
  endfacet
  facet normal -0.751842 0 0.659343
    outer loop
      vertex 20.0485 0 2.65147
      vertex 20.152 21.99 2.76949
      vertex 20.0485 21.99 2.65147
    endloop
  endfacet
  facet normal -0.751842 0 0.659343
    outer loop
      vertex 20.152 21.99 2.76949
      vertex 20.0485 0 2.65147
      vertex 20.152 0 2.76949
    endloop
  endfacet
  facet normal 0.0654405 0 0.997856
    outer loop
      vertex 19.0434 21.99 2.31027
      vertex 19.2 0 2.3
      vertex 19.2 21.99 2.3
    endloop
  endfacet
  facet normal 0.0654405 0 0.997856
    outer loop
      vertex 19.2 0 2.3
      vertex 19.0434 21.99 2.31027
      vertex 19.0434 0 2.31027
    endloop
  endfacet
  facet normal 0.65937 0 0.751818
    outer loop
      vertex 18.3515 21.99 2.65147
      vertex 18.4695 0 2.54798
      vertex 18.4695 21.99 2.54798
    endloop
  endfacet
  facet normal 0.65937 0 0.751818
    outer loop
      vertex 18.4695 0 2.54798
      vertex 18.3515 21.99 2.65147
      vertex 18.3515 0 2.65147
    endloop
  endfacet
  facet normal 0.896683 -0 0.442673
    outer loop
      vertex 18.0913 0 3.04078
      vertex 18.1608 21.99 2.9
      vertex 18.0913 21.99 3.04078
    endloop
  endfacet
  facet normal 0.896683 0 0.442673
    outer loop
      vertex 18.1608 21.99 2.9
      vertex 18.0913 0 3.04078
      vertex 18.1608 0 2.9
    endloop
  endfacet
  facet normal 0.997845 -0 0.0656183
    outer loop
      vertex 18 0 3.5
      vertex 18.0103 21.99 3.34337
      vertex 18 21.99 3.5
    endloop
  endfacet
  facet normal 0.997845 0 0.0656183
    outer loop
      vertex 18.0103 21.99 3.34337
      vertex 18 0 3.5
      vertex 18.0103 0 3.34337
    endloop
  endfacet
  facet normal -0.980813 0 -0.194952
    outer loop
      vertex 20.3897 0 3.65663
      vertex 20.3591 21.99 3.81058
      vertex 20.3897 21.99 3.65663
    endloop
  endfacet
  facet normal -0.980813 -0 -0.194952
    outer loop
      vertex 20.3591 21.99 3.81058
      vertex 20.3897 0 3.65663
      vertex 20.3591 0 3.81058
    endloop
  endfacet
  facet normal -0.94704 0 -0.321117
    outer loop
      vertex 20.3591 0 3.81058
      vertex 20.3087 21.99 3.95922
      vertex 20.3591 21.99 3.81058
    endloop
  endfacet
  facet normal -0.94704 -0 -0.321117
    outer loop
      vertex 20.3087 21.99 3.95922
      vertex 20.3591 0 3.81058
      vertex 20.3087 0 3.95922
    endloop
  endfacet
  facet normal -0.555626 0 -0.831432
    outer loop
      vertex 19.8 0 4.53923
      vertex 19.9305 21.99 4.45202
      vertex 19.9305 0 4.45202
    endloop
  endfacet
  facet normal -0.555626 0 -0.831432
    outer loop
      vertex 19.9305 21.99 4.45202
      vertex 19.8 0 4.53923
      vertex 19.8 21.99 4.53923
    endloop
  endfacet
  facet normal -0.321537 0 -0.946897
    outer loop
      vertex 19.5106 0 4.65911
      vertex 19.6592 21.99 4.60865
      vertex 19.6592 0 4.60865
    endloop
  endfacet
  facet normal -0.321537 0 -0.946897
    outer loop
      vertex 19.6592 21.99 4.60865
      vertex 19.5106 0 4.65911
      vertex 19.5106 21.99 4.65911
    endloop
  endfacet
  facet normal -0.195014 0 -0.980801
    outer loop
      vertex 19.3566 0 4.68973
      vertex 19.5106 21.99 4.65911
      vertex 19.5106 0 4.65911
    endloop
  endfacet
  facet normal -0.195014 0 -0.980801
    outer loop
      vertex 19.5106 21.99 4.65911
      vertex 19.3566 0 4.68973
      vertex 19.3566 21.99 4.68973
    endloop
  endfacet
  facet normal 0.94704 0 -0.321117
    outer loop
      vertex 18.0913 0 3.95922
      vertex 18.0409 21.99 3.81058
      vertex 18.0913 21.99 3.95922
    endloop
  endfacet
  facet normal 0.94704 0 -0.321117
    outer loop
      vertex 18.0409 21.99 3.81058
      vertex 18.0913 0 3.95922
      vertex 18.0409 0 3.81058
    endloop
  endfacet
  facet normal 0.980813 0 -0.194952
    outer loop
      vertex 18.0409 0 3.81058
      vertex 18.0103 21.99 3.65663
      vertex 18.0409 21.99 3.81058
    endloop
  endfacet
  facet normal 0.980813 0 -0.194952
    outer loop
      vertex 18.0103 21.99 3.65663
      vertex 18.0409 0 3.81058
      vertex 18.0103 0 3.65663
    endloop
  endfacet
  facet normal 0.831481 0 -0.555553
    outer loop
      vertex 18.248 0 4.23051
      vertex 18.1608 21.99 4.1
      vertex 18.248 21.99 4.23051
    endloop
  endfacet
  facet normal 0.831481 0 -0.555553
    outer loop
      vertex 18.1608 21.99 4.1
      vertex 18.248 0 4.23051
      vertex 18.1608 0 4.1
    endloop
  endfacet
  facet normal 0.195014 0 -0.980801
    outer loop
      vertex 18.8894 0 4.65911
      vertex 19.0434 21.99 4.68973
      vertex 19.0434 0 4.68973
    endloop
  endfacet
  facet normal 0.195014 0 -0.980801
    outer loop
      vertex 19.0434 21.99 4.68973
      vertex 18.8894 0 4.65911
      vertex 18.8894 21.99 4.65911
    endloop
  endfacet
  facet normal 0.555626 0 -0.831432
    outer loop
      vertex 18.4695 0 4.45202
      vertex 18.6 21.99 4.53923
      vertex 18.6 0 4.53923
    endloop
  endfacet
  facet normal 0.555626 0 -0.831432
    outer loop
      vertex 18.6 21.99 4.53923
      vertex 18.4695 0 4.45202
      vertex 18.4695 21.99 4.45202
    endloop
  endfacet
  facet normal 0.65937 0 -0.751818
    outer loop
      vertex 18.3515 0 4.34853
      vertex 18.4695 21.99 4.45202
      vertex 18.4695 0 4.45202
    endloop
  endfacet
  facet normal 0.65937 0 -0.751818
    outer loop
      vertex 18.4695 21.99 4.45202
      vertex 18.3515 0 4.34853
      vertex 18.3515 21.99 4.34853
    endloop
  endfacet
  facet normal -0.997845 0 -0.0656183
    outer loop
      vertex 20.4 0 3.5
      vertex 20.3897 21.99 3.65663
      vertex 20.4 21.99 3.5
    endloop
  endfacet
  facet normal -0.997845 -0 -0.0656183
    outer loop
      vertex 20.3897 21.99 3.65663
      vertex 20.4 0 3.5
      vertex 20.3897 0 3.65663
    endloop
  endfacet
  facet normal -0.195014 0 0.980801
    outer loop
      vertex 19.3566 21.99 2.31027
      vertex 19.5106 0 2.34089
      vertex 19.5106 21.99 2.34089
    endloop
  endfacet
  facet normal -0.195014 0 0.980801
    outer loop
      vertex 19.5106 0 2.34089
      vertex 19.3566 21.99 2.31027
      vertex 19.3566 0 2.31027
    endloop
  endfacet
  facet normal -0.555626 0 0.831432
    outer loop
      vertex 19.8 21.99 2.46077
      vertex 19.9305 0 2.54798
      vertex 19.9305 21.99 2.54798
    endloop
  endfacet
  facet normal -0.555626 0 0.831432
    outer loop
      vertex 19.9305 0 2.54798
      vertex 19.8 21.99 2.46077
      vertex 19.8 0 2.46077
    endloop
  endfacet
  facet normal -0.896683 0 0.442673
    outer loop
      vertex 20.2392 0 2.9
      vertex 20.3087 21.99 3.04078
      vertex 20.2392 21.99 2.9
    endloop
  endfacet
  facet normal -0.896683 0 0.442673
    outer loop
      vertex 20.3087 21.99 3.04078
      vertex 20.2392 0 2.9
      vertex 20.3087 0 3.04078
    endloop
  endfacet
  facet normal 0.321537 0 0.946897
    outer loop
      vertex 18.7408 21.99 2.39135
      vertex 18.8894 0 2.34089
      vertex 18.8894 21.99 2.34089
    endloop
  endfacet
  facet normal 0.321537 0 0.946897
    outer loop
      vertex 18.8894 0 2.34089
      vertex 18.7408 21.99 2.39135
      vertex 18.7408 0 2.39135
    endloop
  endfacet
  facet normal 0.442212 0 0.89691
    outer loop
      vertex 18.6 21.99 2.46077
      vertex 18.7408 0 2.39135
      vertex 18.7408 21.99 2.39135
    endloop
  endfacet
  facet normal 0.442212 0 0.89691
    outer loop
      vertex 18.7408 0 2.39135
      vertex 18.6 21.99 2.46077
      vertex 18.6 0 2.46077
    endloop
  endfacet
  facet normal 0.980813 -0 0.194952
    outer loop
      vertex 18.0103 0 3.34337
      vertex 18.0409 21.99 3.18942
      vertex 18.0103 21.99 3.34337
    endloop
  endfacet
  facet normal 0.980813 0 0.194952
    outer loop
      vertex 18.0409 21.99 3.18942
      vertex 18.0103 0 3.34337
      vertex 18.0409 0 3.18942
    endloop
  endfacet
  facet normal 0.831481 -0 0.555553
    outer loop
      vertex 18.1608 0 2.9
      vertex 18.248 21.99 2.76949
      vertex 18.1608 21.99 2.9
    endloop
  endfacet
  facet normal 0.831481 0 0.555553
    outer loop
      vertex 18.248 21.99 2.76949
      vertex 18.1608 0 2.9
      vertex 18.248 0 2.76949
    endloop
  endfacet
  facet normal 0.751842 -0 0.659343
    outer loop
      vertex 18.248 0 2.76949
      vertex 18.3515 21.99 2.65147
      vertex 18.248 21.99 2.76949
    endloop
  endfacet
  facet normal 0.751842 0 0.659343
    outer loop
      vertex 18.3515 21.99 2.65147
      vertex 18.248 0 2.76949
      vertex 18.3515 0 2.65147
    endloop
  endfacet
  facet normal -0.980813 0 0.194952
    outer loop
      vertex 20.3591 0 3.18942
      vertex 20.3897 21.99 3.34337
      vertex 20.3591 21.99 3.18942
    endloop
  endfacet
  facet normal -0.980813 0 0.194952
    outer loop
      vertex 20.3897 21.99 3.34337
      vertex 20.3591 0 3.18942
      vertex 20.3897 0 3.34337
    endloop
  endfacet
  facet normal -0.94704 0 0.321117
    outer loop
      vertex 20.3087 0 3.04078
      vertex 20.3591 21.99 3.18942
      vertex 20.3087 21.99 3.04078
    endloop
  endfacet
  facet normal -0.94704 0 0.321117
    outer loop
      vertex 20.3591 21.99 3.18942
      vertex 20.3087 0 3.04078
      vertex 20.3591 0 3.18942
    endloop
  endfacet
  facet normal -0.65937 0 0.751818
    outer loop
      vertex 19.9305 21.99 2.54798
      vertex 20.0485 0 2.65147
      vertex 20.0485 21.99 2.65147
    endloop
  endfacet
  facet normal -0.65937 0 0.751818
    outer loop
      vertex 20.0485 0 2.65147
      vertex 19.9305 21.99 2.54798
      vertex 19.9305 0 2.54798
    endloop
  endfacet
  facet normal -0.831481 0 0.555553
    outer loop
      vertex 20.152 0 2.76949
      vertex 20.2392 21.99 2.9
      vertex 20.152 21.99 2.76949
    endloop
  endfacet
  facet normal -0.831481 0 0.555553
    outer loop
      vertex 20.2392 21.99 2.9
      vertex 20.152 0 2.76949
      vertex 20.2392 0 2.9
    endloop
  endfacet
  facet normal 0.195014 0 0.980801
    outer loop
      vertex 18.8894 21.99 2.34089
      vertex 19.0434 0 2.31027
      vertex 19.0434 21.99 2.31027
    endloop
  endfacet
  facet normal 0.195014 0 0.980801
    outer loop
      vertex 19.0434 0 2.31027
      vertex 18.8894 21.99 2.34089
      vertex 18.8894 0 2.34089
    endloop
  endfacet
  facet normal 0.555626 0 0.831432
    outer loop
      vertex 18.4695 21.99 2.54798
      vertex 18.6 0 2.46077
      vertex 18.6 21.99 2.46077
    endloop
  endfacet
  facet normal 0.555626 0 0.831432
    outer loop
      vertex 18.6 0 2.46077
      vertex 18.4695 21.99 2.54798
      vertex 18.4695 0 2.54798
    endloop
  endfacet
  facet normal 0.94704 -0 0.321117
    outer loop
      vertex 18.0409 0 3.18942
      vertex 18.0913 21.99 3.04078
      vertex 18.0409 21.99 3.18942
    endloop
  endfacet
  facet normal 0.94704 0 0.321117
    outer loop
      vertex 18.0913 21.99 3.04078
      vertex 18.0409 0 3.18942
      vertex 18.0913 0 3.04078
    endloop
  endfacet
  facet normal -0.709872 0.702802 -0.0463691
    outer loop
      vertex 20.4 21.99 3.5
      vertex 21.1638 22.7639 3.53662
      vertex 21.1654 22.7631 3.5
    endloop
  endfacet
  facet normal -0.709855 0.702799 -0.0466801
    outer loop
      vertex 21.1638 22.7639 3.53662
      vertex 20.4 21.99 3.5
      vertex 20.3897 21.99 3.65663
    endloop
  endfacet
  facet normal -0.709847 0.70282 -0.0464968
    outer loop
      vertex 21.1541 22.7687 3.75726
      vertex 21.1638 22.7639 3.53662
      vertex 20.3897 21.99 3.65663
    endloop
  endfacet
  facet normal 0.469058 0.702816 0.534823
    outer loop
      vertex 18.3515 21.99 2.65147
      vertex 18.4695 21.99 2.54798
      vertex 17.6444 23 1.94437
    endloop
  endfacet
  facet normal -0.592945 0.702892 0.392885
    outer loop
      vertex 20.9524 22.838 2.45925
      vertex 20.2392 21.99 2.9
      vertex 20.9632 22.8344 2.48199
    endloop
  endfacet
  facet normal -0.591467 0.702846 0.395188
    outer loop
      vertex 20.2392 21.99 2.9
      vertex 20.9524 22.838 2.45925
      vertex 20.152 21.99 2.76949
    endloop
  endfacet
  facet normal -0.469017 0.702829 -0.53484
    outer loop
      vertex 20.5096 22.9508 5.20677
      vertex 20.6867 22.9156 5.00521
      vertex 19.9305 21.99 4.45202
    endloop
  endfacet
  facet normal 0.673644 0.702791 -0.228668
    outer loop
      vertex 17.1675 23 4.3419
      vertex 18.0913 21.99 3.95922
      vertex 17.075 23 4.0694
    endloop
  endfacet
  facet normal -0.673574 0.702782 0.2289
    outer loop
      vertex 21.1087 22.785 2.95405
      vertex 21.0531 22.8039 2.73241
      vertex 20.3087 21.99 3.04078
    endloop
  endfacet
  facet normal 0.591441 0.702833 -0.39525
    outer loop
      vertex 17.4546 23 4.83927
      vertex 18.248 21.99 4.23051
      vertex 17.2947 23 4.6
    endloop
  endfacet
  facet normal 0.638071 0.702836 0.314462
    outer loop
      vertex 18.1608 21.99 2.9
      vertex 17.2947 23 2.4
      vertex 17.1675 23 2.6581
    endloop
  endfacet
  facet normal -0.534828 0.70283 0.469029
    outer loop
      vertex 20.7765 22.8978 2.12128
      vertex 20.152 21.99 2.76949
      vertex 20.8464 22.874 2.23665
    endloop
  endfacet
  facet normal -0.5348 0.702832 0.469059
    outer loop
      vertex 20.152 21.99 2.76949
      vertex 20.7765 22.8978 2.12128
      vertex 20.7032 22.9123 2.01598
    endloop
  endfacet
  facet normal -0.697741 0.702829 -0.138522
    outer loop
      vertex 20.3897 21.99 3.65663
      vertex 21.148 22.7716 3.8027
      vertex 21.1541 22.7687 3.75726
    endloop
  endfacet
  facet normal -0.697724 0.702829 -0.138611
    outer loop
      vertex 21.148 22.7716 3.8027
      vertex 20.3897 21.99 3.65663
      vertex 21.1218 22.7805 3.97971
    endloop
  endfacet
  facet normal -0.638415 0.702805 -0.313833
    outer loop
      vertex 20.3087 21.99 3.95922
      vertex 21.043 22.8073 4.29575
      vertex 21.0531 22.8039 4.26759
    endloop
  endfacet
  facet normal -0.6379 0.702788 -0.314917
    outer loop
      vertex 21.043 22.8073 4.29575
      vertex 20.3087 21.99 3.95922
      vertex 20.2392 21.99 4.1
    endloop
  endfacet
  facet normal -0.314762 0.70281 -0.637953
    outer loop
      vertex 20.0413 22.9973 5.52988
      vertex 20.2906 22.981 5.38892
      vertex 19.8 21.99 4.53923
    endloop
  endfacet
  facet normal 0.697658 0.702833 0.138919
    outer loop
      vertex 18.0103 21.99 3.34337
      vertex 17.075 23 2.9306
      vertex 17.0188 23 3.21284
    endloop
  endfacet
  facet normal 0.591472 0.702841 0.395191
    outer loop
      vertex 18.1608 21.99 2.9
      vertex 18.248 21.99 2.76949
      vertex 17.2947 23 2.4
    endloop
  endfacet
  facet normal 0.469118 0.702825 0.534757
    outer loop
      vertex 18.4695 21.99 2.54798
      vertex 17.8607 23 1.75462
      vertex 17.6444 23 1.94437
    endloop
  endfacet
  facet normal 0.673696 0.702818 0.228433
    outer loop
      vertex 18.0409 21.99 3.18942
      vertex 18.0913 21.99 3.04078
      vertex 17.075 23 2.9306
    endloop
  endfacet
  facet normal 0.673644 0.702791 0.228668
    outer loop
      vertex 18.0913 21.99 3.04078
      vertex 17.1675 23 2.6581
      vertex 17.075 23 2.9306
    endloop
  endfacet
  facet normal -0.138727 0.702817 0.697713
    outer loop
      vertex 19.5106 21.99 2.34089
      vertex 19.7694 23 1.37496
      vertex 19.3566 21.99 2.31027
    endloop
  endfacet
  facet normal -0.31457 0.702832 0.638022
    outer loop
      vertex 20.0413 22.9973 1.47012
      vertex 19.6592 21.99 2.39135
      vertex 19.8 21.99 2.46077
    endloop
  endfacet
  facet normal -0.318187 0.702697 0.636375
    outer loop
      vertex 19.6592 21.99 2.39135
      vertex 20.0413 22.9973 1.47012
      vertex 20.0409 22.9973 1.46992
    endloop
  endfacet
  facet normal -0.637962 0.702808 0.314746
    outer loop
      vertex 21.043 22.8073 2.70425
      vertex 20.9632 22.8344 2.48199
      vertex 20.2392 21.99 2.9
    endloop
  endfacet
  facet normal -0.697741 0.702829 0.138522
    outer loop
      vertex 21.148 22.7716 3.1973
      vertex 20.3897 21.99 3.34337
      vertex 21.1541 22.7687 3.24274
    endloop
  endfacet
  facet normal -0.697724 0.702829 0.138611
    outer loop
      vertex 20.3897 21.99 3.34337
      vertex 21.148 22.7716 3.1973
      vertex 21.1218 22.7805 3.02029
    endloop
  endfacet
  facet normal -0.709855 0.702799 0.0466801
    outer loop
      vertex 20.4 21.99 3.5
      vertex 21.1638 22.7639 3.46338
      vertex 20.3897 21.99 3.34337
    endloop
  endfacet
  facet normal -0.709872 0.702802 0.0463691
    outer loop
      vertex 21.1638 22.7639 3.46338
      vertex 20.4 21.99 3.5
      vertex 21.1654 22.7631 3.5
    endloop
  endfacet
  facet normal -0.709847 0.70282 0.0464968
    outer loop
      vertex 21.1638 22.7639 3.46338
      vertex 21.1541 22.7687 3.24274
      vertex 20.3897 21.99 3.34337
    endloop
  endfacet
  facet normal 0.709841 0.702813 -0.0466792
    outer loop
      vertex 18.0103 21.99 3.65663
      vertex 18 21.99 3.5
      vertex 17 23 3.5
    endloop
  endfacet
  facet normal 0.138797 0.702825 -0.697691
    outer loop
      vertex 18.9128 23 5.68118
      vertex 19.0434 21.99 4.68973
      vertex 18.6306 23 5.62504
    endloop
  endfacet
  facet normal -0.592945 0.702892 -0.392885
    outer loop
      vertex 20.2392 21.99 4.1
      vertex 20.9524 22.838 4.54075
      vertex 20.9632 22.8344 4.51801
    endloop
  endfacet
  facet normal -0.591467 0.702846 -0.395188
    outer loop
      vertex 20.9524 22.838 4.54075
      vertex 20.2392 21.99 4.1
      vertex 20.152 21.99 4.23051
    endloop
  endfacet
  facet normal -0.637962 0.702808 -0.314746
    outer loop
      vertex 20.9632 22.8344 4.51801
      vertex 21.043 22.8073 4.29575
      vertex 20.2392 21.99 4.1
    endloop
  endfacet
  facet normal -0.468617 0.702819 -0.535204
    outer loop
      vertex 20.0485 21.99 4.34853
      vertex 20.6867 22.9156 5.00521
      vertex 20.6954 22.9139 4.99536
    endloop
  endfacet
  facet normal -0.469046 0.702834 -0.534809
    outer loop
      vertex 20.6867 22.9156 5.00521
      vertex 20.0485 21.99 4.34853
      vertex 19.9305 21.99 4.45202
    endloop
  endfacet
  facet normal -0.673351 0.702823 -0.22943
    outer loop
      vertex 20.3591 21.99 3.81058
      vertex 21.1087 22.785 4.04595
      vertex 21.1168 22.7822 4.0136
    endloop
  endfacet
  facet normal -0.673679 0.702836 -0.228427
    outer loop
      vertex 21.1087 22.785 4.04595
      vertex 20.3591 21.99 3.81058
      vertex 20.3087 21.99 3.95922
    endloop
  endfacet
  facet normal -0.673574 0.702782 -0.2289
    outer loop
      vertex 21.0531 22.8039 4.26759
      vertex 21.1087 22.785 4.04595
      vertex 20.3087 21.99 3.95922
    endloop
  endfacet
  facet normal -0.386554 0.703103 -0.596843
    outer loop
      vertex 20.293 22.9808 5.38713
      vertex 19.8 21.99 4.53923
      vertex 20.2906 22.981 5.38892
    endloop
  endfacet
  facet normal -0.395254 0.70282 -0.591454
    outer loop
      vertex 19.8 21.99 4.53923
      vertex 20.293 22.9808 5.38713
      vertex 19.9305 21.99 4.45202
    endloop
  endfacet
  facet normal 0.0465524 0.702817 -0.709846
    outer loop
      vertex 19.2 23 5.7
      vertex 19.2 21.99 4.7
      vertex 19.0434 21.99 4.68973
    endloop
  endfacet
  facet normal 0.709832 0.702836 0.0464718
    outer loop
      vertex 18.0103 21.99 3.34337
      vertex 17.0188 23 3.21284
      vertex 17 23 3.5
    endloop
  endfacet
  facet normal 0.591441 0.702833 0.39525
    outer loop
      vertex 18.248 21.99 2.76949
      vertex 17.4546 23 2.16073
      vertex 17.2947 23 2.4
    endloop
  endfacet
  facet normal 0.395185 0.702827 0.591492
    outer loop
      vertex 18.4695 21.99 2.54798
      vertex 18.1 23 1.59474
      vertex 17.8607 23 1.75462
    endloop
  endfacet
  facet normal 0.0465524 0.702817 0.709846
    outer loop
      vertex 19.2 21.99 2.3
      vertex 19.2 23 1.3
      vertex 19.0434 21.99 2.31027
    endloop
  endfacet
  facet normal 0.228681 0.702821 0.673608
    outer loop
      vertex 18.7408 21.99 2.39135
      vertex 18.6306 23 1.37496
      vertex 18.3581 23 1.46747
    endloop
  endfacet
  facet normal 0.637905 0.702782 0.31492
    outer loop
      vertex 18.0913 21.99 3.04078
      vertex 18.1608 21.99 2.9
      vertex 17.1675 23 2.6581
    endloop
  endfacet
  facet normal 0.697732 0.702806 0.138685
    outer loop
      vertex 18.0103 21.99 3.34337
      vertex 18.0409 21.99 3.18942
      vertex 17.075 23 2.9306
    endloop
  endfacet
  facet normal -0.0465524 0.702817 0.709846
    outer loop
      vertex 19.3566 21.99 2.31027
      vertex 19.2 23 1.3
      vertex 19.2 21.99 2.3
    endloop
  endfacet
  facet normal -0.395254 0.70282 0.591454
    outer loop
      vertex 20.293 22.9808 1.61287
      vertex 19.8 21.99 2.46077
      vertex 19.9305 21.99 2.54798
    endloop
  endfacet
  facet normal -0.386554 0.703103 0.596843
    outer loop
      vertex 19.8 21.99 2.46077
      vertex 20.293 22.9808 1.61287
      vertex 20.2906 22.981 1.61108
    endloop
  endfacet
  facet normal -0.314762 0.70281 0.637953
    outer loop
      vertex 20.2906 22.981 1.61108
      vertex 20.0413 22.9973 1.47012
      vertex 19.8 21.99 2.46077
    endloop
  endfacet
  facet normal -0.534831 0.702828 0.46903
    outer loop
      vertex 20.7032 22.9123 2.01598
      vertex 20.0485 21.99 2.65147
      vertex 20.152 21.99 2.76949
    endloop
  endfacet
  facet normal -0.535958 0.702784 0.467807
    outer loop
      vertex 20.0485 21.99 2.65147
      vertex 20.7032 22.9123 2.01598
      vertex 20.6954 22.9139 2.00464
    endloop
  endfacet
  facet normal -0.591414 0.702833 0.395291
    outer loop
      vertex 20.9524 22.838 2.45925
      vertex 20.8464 22.874 2.23665
      vertex 20.152 21.99 2.76949
    endloop
  endfacet
  facet normal -0.638415 0.702805 0.313833
    outer loop
      vertex 21.043 22.8073 2.70425
      vertex 20.3087 21.99 3.04078
      vertex 21.0531 22.8039 2.73241
    endloop
  endfacet
  facet normal -0.6379 0.702788 0.314917
    outer loop
      vertex 20.3087 21.99 3.04078
      vertex 21.043 22.8073 2.70425
      vertex 20.2392 21.99 2.9
    endloop
  endfacet
  facet normal -0.697702 0.702837 0.138679
    outer loop
      vertex 21.1218 22.7805 3.02029
      vertex 20.3591 21.99 3.18942
      vertex 20.3897 21.99 3.34337
    endloop
  endfacet
  facet normal -0.697802 0.702831 0.138207
    outer loop
      vertex 20.3591 21.99 3.18942
      vertex 21.1218 22.7805 3.02029
      vertex 21.1168 22.7822 2.9864
    endloop
  endfacet
  facet normal 0.638071 0.702836 -0.314462
    outer loop
      vertex 17.2947 23 4.6
      vertex 18.1608 21.99 4.1
      vertex 17.1675 23 4.3419
    endloop
  endfacet
  facet normal 0.637905 0.702782 -0.31492
    outer loop
      vertex 18.1608 21.99 4.1
      vertex 18.0913 21.99 3.95922
      vertex 17.1675 23 4.3419
    endloop
  endfacet
  facet normal 0.697658 0.702833 -0.138919
    outer loop
      vertex 17.075 23 4.0694
      vertex 18.0103 21.99 3.65663
      vertex 17.0188 23 3.78716
    endloop
  endfacet
  facet normal 0.673696 0.702818 -0.228433
    outer loop
      vertex 18.0913 21.99 3.95922
      vertex 18.0409 21.99 3.81058
      vertex 17.075 23 4.0694
    endloop
  endfacet
  facet normal 0.709841 0.702813 0.0466792
    outer loop
      vertex 18 21.99 3.5
      vertex 18.0103 21.99 3.34337
      vertex 17 23 3.5
    endloop
  endfacet
  facet normal 0.314609 0.702819 -0.638018
    outer loop
      vertex 18.3581 23 5.53253
      vertex 18.6 21.99 4.53923
      vertex 18.1 23 5.40526
    endloop
  endfacet
  facet normal 0.469058 0.702816 -0.534823
    outer loop
      vertex 18.4695 21.99 4.45202
      vertex 18.3515 21.99 4.34853
      vertex 17.6444 23 5.05563
    endloop
  endfacet
  facet normal 0.0465155 0.702821 -0.709844
    outer loop
      vertex 19.2 23 5.7
      vertex 19.0434 21.99 4.68973
      vertex 18.9128 23 5.68118
    endloop
  endfacet
  facet normal -0.534828 0.70283 -0.469029
    outer loop
      vertex 20.152 21.99 4.23051
      vertex 20.7765 22.8978 4.87872
      vertex 20.8464 22.874 4.76335
    endloop
  endfacet
  facet normal -0.5348 0.702832 -0.469059
    outer loop
      vertex 20.7765 22.8978 4.87872
      vertex 20.152 21.99 4.23051
      vertex 20.7032 22.9123 4.98402
    endloop
  endfacet
  facet normal -0.591414 0.702833 -0.395291
    outer loop
      vertex 20.8464 22.874 4.76335
      vertex 20.9524 22.838 4.54075
      vertex 20.152 21.99 4.23051
    endloop
  endfacet
  facet normal -0.697802 0.702831 -0.138207
    outer loop
      vertex 21.1218 22.7805 3.97971
      vertex 20.3591 21.99 3.81058
      vertex 21.1168 22.7822 4.0136
    endloop
  endfacet
  facet normal -0.697702 0.702837 -0.138679
    outer loop
      vertex 20.3591 21.99 3.81058
      vertex 21.1218 22.7805 3.97971
      vertex 20.3897 21.99 3.65663
    endloop
  endfacet
  facet normal -0.395301 0.702834 -0.591406
    outer loop
      vertex 19.9305 21.99 4.45202
      vertex 20.3916 22.9743 5.31357
      vertex 20.5096 22.9508 5.20677
    endloop
  endfacet
  facet normal -0.395011 0.70285 -0.59158
    outer loop
      vertex 20.3916 22.9743 5.31357
      vertex 19.9305 21.99 4.45202
      vertex 20.293 22.9808 5.38713
    endloop
  endfacet
  facet normal -0.0465155 0.702821 -0.709844
    outer loop
      vertex 19.4872 23 5.68118
      vertex 19.3566 21.99 4.68973
      vertex 19.2 23 5.7
    endloop
  endfacet
  facet normal -0.228362 0.702819 -0.673718
    outer loop
      vertex 19.6592 21.99 4.60865
      vertex 20 23 5.54676
      vertex 20.0409 22.9973 5.53008
    endloop
  endfacet
  facet normal -0.228666 0.702823 -0.673611
    outer loop
      vertex 20 23 5.54676
      vertex 19.6592 21.99 4.60865
      vertex 19.7694 23 5.62504
    endloop
  endfacet
  facet normal -0.0465524 0.702817 -0.709846
    outer loop
      vertex 19.2 23 5.7
      vertex 19.3566 21.99 4.68973
      vertex 19.2 21.99 4.7
    endloop
  endfacet
  facet normal 0.314609 0.702819 0.638018
    outer loop
      vertex 18.6 21.99 2.46077
      vertex 18.3581 23 1.46747
      vertex 18.1 23 1.59474
    endloop
  endfacet
  facet normal 0.228733 0.702815 0.673597
    outer loop
      vertex 18.7408 21.99 2.39135
      vertex 18.8894 21.99 2.34089
      vertex 18.6306 23 1.37496
    endloop
  endfacet
  facet normal 0.314574 0.702823 0.63803
    outer loop
      vertex 18.6 21.99 2.46077
      vertex 18.7408 21.99 2.39135
      vertex 18.3581 23 1.46747
    endloop
  endfacet
  facet normal 0.138727 0.702817 0.697713
    outer loop
      vertex 18.8894 21.99 2.34089
      vertex 19.0434 21.99 2.31027
      vertex 18.6306 23 1.37496
    endloop
  endfacet
  facet normal 0.534759 0.702827 0.469113
    outer loop
      vertex 18.248 21.99 2.76949
      vertex 17.6444 23 1.94437
      vertex 17.4546 23 2.16073
    endloop
  endfacet
  facet normal 0.53484 0.702815 0.469039
    outer loop
      vertex 18.248 21.99 2.76949
      vertex 18.3515 21.99 2.65147
      vertex 17.6444 23 1.94437
    endloop
  endfacet
  facet normal -0.469017 0.702829 0.53484
    outer loop
      vertex 20.6867 22.9156 1.99479
      vertex 20.5096 22.9508 1.79323
      vertex 19.9305 21.99 2.54798
    endloop
  endfacet
  facet normal -0.395301 0.702834 0.591406
    outer loop
      vertex 20.3916 22.9743 1.68643
      vertex 19.9305 21.99 2.54798
      vertex 20.5096 22.9508 1.79323
    endloop
  endfacet
  facet normal -0.395011 0.70285 0.59158
    outer loop
      vertex 19.9305 21.99 2.54798
      vertex 20.3916 22.9743 1.68643
      vertex 20.293 22.9808 1.61287
    endloop
  endfacet
  facet normal -0.228733 0.702815 0.673597
    outer loop
      vertex 19.6592 21.99 2.39135
      vertex 19.7694 23 1.37496
      vertex 19.5106 21.99 2.34089
    endloop
  endfacet
  facet normal -0.228362 0.702819 0.673718
    outer loop
      vertex 20 23 1.45324
      vertex 19.6592 21.99 2.39135
      vertex 20.0409 22.9973 1.46992
    endloop
  endfacet
  facet normal -0.228666 0.702823 0.673611
    outer loop
      vertex 19.6592 21.99 2.39135
      vertex 20 23 1.45324
      vertex 19.7694 23 1.37496
    endloop
  endfacet
  facet normal -0.0465155 0.702821 0.709844
    outer loop
      vertex 19.3566 21.99 2.31027
      vertex 19.4872 23 1.31882
      vertex 19.2 23 1.3
    endloop
  endfacet
  facet normal -0.138797 0.702825 0.697691
    outer loop
      vertex 19.7694 23 1.37496
      vertex 19.4872 23 1.31882
      vertex 19.3566 21.99 2.31027
    endloop
  endfacet
  facet normal -0.673351 0.702823 0.22943
    outer loop
      vertex 21.1087 22.785 2.95405
      vertex 20.3591 21.99 3.18942
      vertex 21.1168 22.7822 2.9864
    endloop
  endfacet
  facet normal -0.673679 0.702836 0.228427
    outer loop
      vertex 20.3591 21.99 3.18942
      vertex 21.1087 22.785 2.95405
      vertex 20.3087 21.99 3.04078
    endloop
  endfacet
  facet normal 0.591472 0.702841 -0.395191
    outer loop
      vertex 18.248 21.99 4.23051
      vertex 18.1608 21.99 4.1
      vertex 17.2947 23 4.6
    endloop
  endfacet
  facet normal 0.709832 0.702836 -0.0464718
    outer loop
      vertex 17.0188 23 3.78716
      vertex 18.0103 21.99 3.65663
      vertex 17 23 3.5
    endloop
  endfacet
  facet normal 0.697732 0.702806 -0.138685
    outer loop
      vertex 18.0409 21.99 3.81058
      vertex 18.0103 21.99 3.65663
      vertex 17.075 23 4.0694
    endloop
  endfacet
  facet normal 0.395256 0.702818 -0.591456
    outer loop
      vertex 18.6 21.99 4.53923
      vertex 18.4695 21.99 4.45202
      vertex 18.1 23 5.40526
    endloop
  endfacet
  facet normal 0.228733 0.702815 -0.673597
    outer loop
      vertex 18.8894 21.99 4.65911
      vertex 18.7408 21.99 4.60865
      vertex 18.6306 23 5.62504
    endloop
  endfacet
  facet normal 0.314574 0.702823 -0.63803
    outer loop
      vertex 18.7408 21.99 4.60865
      vertex 18.6 21.99 4.53923
      vertex 18.3581 23 5.53253
    endloop
  endfacet
  facet normal -0.535958 0.702784 -0.467807
    outer loop
      vertex 20.7032 22.9123 4.98402
      vertex 20.0485 21.99 4.34853
      vertex 20.6954 22.9139 4.99536
    endloop
  endfacet
  facet normal -0.534831 0.702828 -0.46903
    outer loop
      vertex 20.0485 21.99 4.34853
      vertex 20.7032 22.9123 4.98402
      vertex 20.152 21.99 4.23051
    endloop
  endfacet
  facet normal -0.138797 0.702825 -0.697691
    outer loop
      vertex 19.4872 23 5.68118
      vertex 19.7694 23 5.62504
      vertex 19.3566 21.99 4.68973
    endloop
  endfacet
  facet normal -0.318187 0.702697 -0.636375
    outer loop
      vertex 20.0413 22.9973 5.52988
      vertex 19.6592 21.99 4.60865
      vertex 20.0409 22.9973 5.53008
    endloop
  endfacet
  facet normal -0.31457 0.702832 -0.638022
    outer loop
      vertex 19.6592 21.99 4.60865
      vertex 20.0413 22.9973 5.52988
      vertex 19.8 21.99 4.53923
    endloop
  endfacet
  facet normal 0.395256 0.702818 0.591456
    outer loop
      vertex 18.4695 21.99 2.54798
      vertex 18.6 21.99 2.46077
      vertex 18.1 23 1.59474
    endloop
  endfacet
  facet normal 0.138797 0.702825 0.697691
    outer loop
      vertex 19.0434 21.99 2.31027
      vertex 18.9128 23 1.31882
      vertex 18.6306 23 1.37496
    endloop
  endfacet
  facet normal 0.0465155 0.702821 0.709844
    outer loop
      vertex 19.0434 21.99 2.31027
      vertex 19.2 23 1.3
      vertex 18.9128 23 1.31882
    endloop
  endfacet
  facet normal -0.468617 0.702819 0.535204
    outer loop
      vertex 20.6867 22.9156 1.99479
      vertex 20.0485 21.99 2.65147
      vertex 20.6954 22.9139 2.00464
    endloop
  endfacet
  facet normal -0.469046 0.702834 0.534809
    outer loop
      vertex 20.0485 21.99 2.65147
      vertex 20.6867 22.9156 1.99479
      vertex 19.9305 21.99 2.54798
    endloop
  endfacet
  facet normal 0.53484 0.702815 -0.469039
    outer loop
      vertex 18.3515 21.99 4.34853
      vertex 18.248 21.99 4.23051
      vertex 17.6444 23 5.05563
    endloop
  endfacet
  facet normal 0.534759 0.702827 -0.469113
    outer loop
      vertex 17.6444 23 5.05563
      vertex 18.248 21.99 4.23051
      vertex 17.4546 23 4.83927
    endloop
  endfacet
  facet normal 0.469118 0.702825 -0.534757
    outer loop
      vertex 17.8607 23 5.24538
      vertex 18.4695 21.99 4.45202
      vertex 17.6444 23 5.05563
    endloop
  endfacet
  facet normal 0.395185 0.702827 -0.591492
    outer loop
      vertex 18.1 23 5.40526
      vertex 18.4695 21.99 4.45202
      vertex 17.8607 23 5.24538
    endloop
  endfacet
  facet normal 0.228681 0.702821 -0.673608
    outer loop
      vertex 18.6306 23 5.62504
      vertex 18.7408 21.99 4.60865
      vertex 18.3581 23 5.53253
    endloop
  endfacet
  facet normal 0.138727 0.702817 -0.697713
    outer loop
      vertex 19.0434 21.99 4.68973
      vertex 18.8894 21.99 4.65911
      vertex 18.6306 23 5.62504
    endloop
  endfacet
  facet normal -0.228733 0.702815 -0.673597
    outer loop
      vertex 19.7694 23 5.62504
      vertex 19.6592 21.99 4.60865
      vertex 19.5106 21.99 4.65911
    endloop
  endfacet
  facet normal -0.138727 0.702817 -0.697713
    outer loop
      vertex 19.7694 23 5.62504
      vertex 19.5106 21.99 4.65911
      vertex 19.3566 21.99 4.68973
    endloop
  endfacet
  facet normal -0.659406 0 -0.751787
    outer loop
      vertex -18.4695 0 59.452
      vertex -18.3515 21.99 59.3485
      vertex -18.3515 0 59.3485
    endloop
  endfacet
  facet normal -0.659406 0 -0.751787
    outer loop
      vertex -18.3515 21.99 59.3485
      vertex -18.4695 0 59.452
      vertex -18.4695 21.99 59.452
    endloop
  endfacet
  facet normal 0.321194 0 -0.947013
    outer loop
      vertex -19.6592 0 59.6087
      vertex -19.5106 21.99 59.6591
      vertex -19.5106 0 59.6591
    endloop
  endfacet
  facet normal 0.321194 0 -0.947013
    outer loop
      vertex -19.5106 21.99 59.6591
      vertex -19.6592 0 59.6087
      vertex -19.6592 21.99 59.6087
    endloop
  endfacet
  facet normal 0.896708 0 -0.442622
    outer loop
      vertex -20.2392 0 59.1
      vertex -20.3087 21.99 58.9592
      vertex -20.2392 21.99 59.1
    endloop
  endfacet
  facet normal 0.896708 0 -0.442622
    outer loop
      vertex -20.3087 21.99 58.9592
      vertex -20.2392 0 59.1
      vertex -20.3087 0 58.9592
    endloop
  endfacet
  facet normal -0.896708 0 -0.442622
    outer loop
      vertex -18.0913 0 58.9592
      vertex -18.1608 21.99 59.1
      vertex -18.0913 21.99 58.9592
    endloop
  endfacet
  facet normal -0.896708 -0 -0.442622
    outer loop
      vertex -18.1608 21.99 59.1
      vertex -18.0913 0 58.9592
      vertex -18.1608 0 59.1
    endloop
  endfacet
  facet normal -0.831462 0 -0.555582
    outer loop
      vertex -18.1608 0 59.1
      vertex -18.248 21.99 59.2305
      vertex -18.1608 21.99 59.1
    endloop
  endfacet
  facet normal -0.831462 -0 -0.555582
    outer loop
      vertex -18.248 21.99 59.2305
      vertex -18.1608 0 59.1
      vertex -18.248 0 59.2305
    endloop
  endfacet
  facet normal -0.751787 0 -0.659406
    outer loop
      vertex -18.248 0 59.2305
      vertex -18.3515 21.99 59.3485
      vertex -18.248 21.99 59.2305
    endloop
  endfacet
  facet normal -0.751787 -0 -0.659406
    outer loop
      vertex -18.3515 21.99 59.3485
      vertex -18.248 0 59.2305
      vertex -18.3515 0 59.3485
    endloop
  endfacet
  facet normal -0.442622 0 -0.896708
    outer loop
      vertex -18.7408 0 59.6087
      vertex -18.6 21.99 59.5392
      vertex -18.6 0 59.5392
    endloop
  endfacet
  facet normal -0.442622 0 -0.896708
    outer loop
      vertex -18.6 21.99 59.5392
      vertex -18.7408 0 59.6087
      vertex -18.7408 21.99 59.6087
    endloop
  endfacet
  facet normal -0.0656309 0 -0.997844
    outer loop
      vertex -19.2 0 59.7
      vertex -19.0434 21.99 59.6897
      vertex -19.0434 0 59.6897
    endloop
  endfacet
  facet normal -0.0656309 0 -0.997844
    outer loop
      vertex -19.0434 21.99 59.6897
      vertex -19.2 0 59.7
      vertex -19.2 21.99 59.7
    endloop
  endfacet
  facet normal 0.997844 0 -0.0656309
    outer loop
      vertex -20.3897 0 58.6566
      vertex -20.4 21.99 58.5
      vertex -20.3897 21.99 58.6566
    endloop
  endfacet
  facet normal 0.997844 0 -0.0656309
    outer loop
      vertex -20.4 21.99 58.5
      vertex -20.3897 0 58.6566
      vertex -20.4 0 58.5
    endloop
  endfacet
  facet normal 0.751787 0 -0.659406
    outer loop
      vertex -20.0485 0 59.3485
      vertex -20.152 21.99 59.2305
      vertex -20.0485 21.99 59.3485
    endloop
  endfacet
  facet normal 0.751787 0 -0.659406
    outer loop
      vertex -20.152 21.99 59.2305
      vertex -20.0485 0 59.3485
      vertex -20.152 0 59.2305
    endloop
  endfacet
  facet normal 0.442622 0 -0.896708
    outer loop
      vertex -19.8 0 59.5392
      vertex -19.6592 21.99 59.6087
      vertex -19.6592 0 59.6087
    endloop
  endfacet
  facet normal 0.442622 0 -0.896708
    outer loop
      vertex -19.6592 21.99 59.6087
      vertex -19.8 0 59.5392
      vertex -19.8 21.99 59.5392
    endloop
  endfacet
  facet normal 0.0656309 0 -0.997844
    outer loop
      vertex -19.3566 0 59.6897
      vertex -19.2 21.99 59.7
      vertex -19.2 0 59.7
    endloop
  endfacet
  facet normal 0.0656309 0 -0.997844
    outer loop
      vertex -19.2 21.99 59.7
      vertex -19.3566 0 59.6897
      vertex -19.3566 21.99 59.6897
    endloop
  endfacet
  facet normal -0.997844 0 0.0656309
    outer loop
      vertex -18.0103 0 58.3434
      vertex -18 21.99 58.5
      vertex -18.0103 21.99 58.3434
    endloop
  endfacet
  facet normal -0.997844 0 0.0656309
    outer loop
      vertex -18 21.99 58.5
      vertex -18.0103 0 58.3434
      vertex -18 0 58.5
    endloop
  endfacet
  facet normal -0.0656309 0 0.997844
    outer loop
      vertex -19.2 21.99 57.3
      vertex -19.0434 0 57.3103
      vertex -19.0434 21.99 57.3103
    endloop
  endfacet
  facet normal -0.0656309 0 0.997844
    outer loop
      vertex -19.0434 0 57.3103
      vertex -19.2 21.99 57.3
      vertex -19.2 0 57.3
    endloop
  endfacet
  facet normal -0.321194 0 0.947013
    outer loop
      vertex -18.8894 21.99 57.3409
      vertex -18.7408 0 57.3913
      vertex -18.7408 21.99 57.3913
    endloop
  endfacet
  facet normal -0.321194 0 0.947013
    outer loop
      vertex -18.7408 0 57.3913
      vertex -18.8894 21.99 57.3409
      vertex -18.8894 0 57.3409
    endloop
  endfacet
  facet normal -0.442622 0 0.896708
    outer loop
      vertex -18.7408 21.99 57.3913
      vertex -18.6 0 57.4608
      vertex -18.6 21.99 57.4608
    endloop
  endfacet
  facet normal -0.442622 0 0.896708
    outer loop
      vertex -18.6 0 57.4608
      vertex -18.7408 21.99 57.3913
      vertex -18.7408 0 57.3913
    endloop
  endfacet
  facet normal -0.751787 0 0.659406
    outer loop
      vertex -18.3515 0 57.6515
      vertex -18.248 21.99 57.7695
      vertex -18.3515 21.99 57.6515
    endloop
  endfacet
  facet normal -0.751787 0 0.659406
    outer loop
      vertex -18.248 21.99 57.7695
      vertex -18.3515 0 57.6515
      vertex -18.248 0 57.7695
    endloop
  endfacet
  facet normal 0.0656309 0 0.997844
    outer loop
      vertex -19.3566 21.99 57.3103
      vertex -19.2 0 57.3
      vertex -19.2 21.99 57.3
    endloop
  endfacet
  facet normal 0.0656309 0 0.997844
    outer loop
      vertex -19.2 0 57.3
      vertex -19.3566 21.99 57.3103
      vertex -19.3566 0 57.3103
    endloop
  endfacet
  facet normal 0.659406 0 0.751787
    outer loop
      vertex -20.0485 21.99 57.6515
      vertex -19.9305 0 57.548
      vertex -19.9305 21.99 57.548
    endloop
  endfacet
  facet normal 0.659406 0 0.751787
    outer loop
      vertex -19.9305 0 57.548
      vertex -20.0485 21.99 57.6515
      vertex -20.0485 0 57.6515
    endloop
  endfacet
  facet normal 0.896708 -0 0.442622
    outer loop
      vertex -20.3087 0 58.0408
      vertex -20.2392 21.99 57.9
      vertex -20.3087 21.99 58.0408
    endloop
  endfacet
  facet normal 0.896708 0 0.442622
    outer loop
      vertex -20.2392 21.99 57.9
      vertex -20.3087 0 58.0408
      vertex -20.2392 0 57.9
    endloop
  endfacet
  facet normal 0.997844 -0 0.0656309
    outer loop
      vertex -20.4 0 58.5
      vertex -20.3897 21.99 58.3434
      vertex -20.4 21.99 58.5
    endloop
  endfacet
  facet normal 0.997844 0 0.0656309
    outer loop
      vertex -20.3897 21.99 58.3434
      vertex -20.4 0 58.5
      vertex -20.3897 0 58.3434
    endloop
  endfacet
  facet normal -0.980825 0 -0.194891
    outer loop
      vertex -18.0103 0 58.6566
      vertex -18.0409 21.99 58.8106
      vertex -18.0103 21.99 58.6566
    endloop
  endfacet
  facet normal -0.980825 -0 -0.194891
    outer loop
      vertex -18.0409 21.99 58.8106
      vertex -18.0103 0 58.6566
      vertex -18.0409 0 58.8106
    endloop
  endfacet
  facet normal -0.947013 0 -0.321194
    outer loop
      vertex -18.0409 0 58.8106
      vertex -18.0913 21.99 58.9592
      vertex -18.0409 21.99 58.8106
    endloop
  endfacet
  facet normal -0.947013 -0 -0.321194
    outer loop
      vertex -18.0913 21.99 58.9592
      vertex -18.0409 0 58.8106
      vertex -18.0913 0 58.9592
    endloop
  endfacet
  facet normal -0.555582 0 -0.831462
    outer loop
      vertex -18.6 0 59.5392
      vertex -18.4695 21.99 59.452
      vertex -18.4695 0 59.452
    endloop
  endfacet
  facet normal -0.555582 0 -0.831462
    outer loop
      vertex -18.4695 21.99 59.452
      vertex -18.6 0 59.5392
      vertex -18.6 21.99 59.5392
    endloop
  endfacet
  facet normal -0.321194 0 -0.947013
    outer loop
      vertex -18.8894 0 59.6591
      vertex -18.7408 21.99 59.6087
      vertex -18.7408 0 59.6087
    endloop
  endfacet
  facet normal -0.321194 0 -0.947013
    outer loop
      vertex -18.7408 21.99 59.6087
      vertex -18.8894 0 59.6591
      vertex -18.8894 21.99 59.6591
    endloop
  endfacet
  facet normal -0.194891 0 -0.980825
    outer loop
      vertex -19.0434 0 59.6897
      vertex -18.8894 21.99 59.6591
      vertex -18.8894 0 59.6591
    endloop
  endfacet
  facet normal -0.194891 0 -0.980825
    outer loop
      vertex -18.8894 21.99 59.6591
      vertex -19.0434 0 59.6897
      vertex -19.0434 21.99 59.6897
    endloop
  endfacet
  facet normal 0.947013 0 -0.321194
    outer loop
      vertex -20.3087 0 58.9592
      vertex -20.3591 21.99 58.8106
      vertex -20.3087 21.99 58.9592
    endloop
  endfacet
  facet normal 0.947013 0 -0.321194
    outer loop
      vertex -20.3591 21.99 58.8106
      vertex -20.3087 0 58.9592
      vertex -20.3591 0 58.8106
    endloop
  endfacet
  facet normal 0.980825 0 -0.194891
    outer loop
      vertex -20.3591 0 58.8106
      vertex -20.3897 21.99 58.6566
      vertex -20.3591 21.99 58.8106
    endloop
  endfacet
  facet normal 0.980825 0 -0.194891
    outer loop
      vertex -20.3897 21.99 58.6566
      vertex -20.3591 0 58.8106
      vertex -20.3897 0 58.6566
    endloop
  endfacet
  facet normal 0.831462 0 -0.555582
    outer loop
      vertex -20.152 0 59.2305
      vertex -20.2392 21.99 59.1
      vertex -20.152 21.99 59.2305
    endloop
  endfacet
  facet normal 0.831462 0 -0.555582
    outer loop
      vertex -20.2392 21.99 59.1
      vertex -20.152 0 59.2305
      vertex -20.2392 0 59.1
    endloop
  endfacet
  facet normal 0.194891 0 -0.980825
    outer loop
      vertex -19.5106 0 59.6591
      vertex -19.3566 21.99 59.6897
      vertex -19.3566 0 59.6897
    endloop
  endfacet
  facet normal 0.194891 0 -0.980825
    outer loop
      vertex -19.3566 21.99 59.6897
      vertex -19.5106 0 59.6591
      vertex -19.5106 21.99 59.6591
    endloop
  endfacet
  facet normal 0.555582 0 -0.831462
    outer loop
      vertex -19.9305 0 59.452
      vertex -19.8 21.99 59.5392
      vertex -19.8 0 59.5392
    endloop
  endfacet
  facet normal 0.555582 0 -0.831462
    outer loop
      vertex -19.8 21.99 59.5392
      vertex -19.9305 0 59.452
      vertex -19.9305 21.99 59.452
    endloop
  endfacet
  facet normal 0.659406 0 -0.751787
    outer loop
      vertex -20.0485 0 59.3485
      vertex -19.9305 21.99 59.452
      vertex -19.9305 0 59.452
    endloop
  endfacet
  facet normal 0.659406 0 -0.751787
    outer loop
      vertex -19.9305 21.99 59.452
      vertex -20.0485 0 59.3485
      vertex -20.0485 21.99 59.3485
    endloop
  endfacet
  facet normal -0.997844 0 -0.0656309
    outer loop
      vertex -18 0 58.5
      vertex -18.0103 21.99 58.6566
      vertex -18 21.99 58.5
    endloop
  endfacet
  facet normal -0.997844 -0 -0.0656309
    outer loop
      vertex -18.0103 21.99 58.6566
      vertex -18 0 58.5
      vertex -18.0103 0 58.6566
    endloop
  endfacet
  facet normal -0.194891 0 0.980825
    outer loop
      vertex -19.0434 21.99 57.3103
      vertex -18.8894 0 57.3409
      vertex -18.8894 21.99 57.3409
    endloop
  endfacet
  facet normal -0.194891 0 0.980825
    outer loop
      vertex -18.8894 0 57.3409
      vertex -19.0434 21.99 57.3103
      vertex -19.0434 0 57.3103
    endloop
  endfacet
  facet normal -0.555582 0 0.831462
    outer loop
      vertex -18.6 21.99 57.4608
      vertex -18.4695 0 57.548
      vertex -18.4695 21.99 57.548
    endloop
  endfacet
  facet normal -0.555582 0 0.831462
    outer loop
      vertex -18.4695 0 57.548
      vertex -18.6 21.99 57.4608
      vertex -18.6 0 57.4608
    endloop
  endfacet
  facet normal -0.896708 0 0.442622
    outer loop
      vertex -18.1608 0 57.9
      vertex -18.0913 21.99 58.0408
      vertex -18.1608 21.99 57.9
    endloop
  endfacet
  facet normal -0.896708 0 0.442622
    outer loop
      vertex -18.0913 21.99 58.0408
      vertex -18.1608 0 57.9
      vertex -18.0913 0 58.0408
    endloop
  endfacet
  facet normal 0.321194 0 0.947013
    outer loop
      vertex -19.6592 21.99 57.3913
      vertex -19.5106 0 57.3409
      vertex -19.5106 21.99 57.3409
    endloop
  endfacet
  facet normal 0.321194 0 0.947013
    outer loop
      vertex -19.5106 0 57.3409
      vertex -19.6592 21.99 57.3913
      vertex -19.6592 0 57.3913
    endloop
  endfacet
  facet normal 0.442622 0 0.896708
    outer loop
      vertex -19.8 21.99 57.4608
      vertex -19.6592 0 57.3913
      vertex -19.6592 21.99 57.3913
    endloop
  endfacet
  facet normal 0.442622 0 0.896708
    outer loop
      vertex -19.6592 0 57.3913
      vertex -19.8 21.99 57.4608
      vertex -19.8 0 57.4608
    endloop
  endfacet
  facet normal 0.980825 -0 0.194891
    outer loop
      vertex -20.3897 0 58.3434
      vertex -20.3591 21.99 58.1894
      vertex -20.3897 21.99 58.3434
    endloop
  endfacet
  facet normal 0.980825 0 0.194891
    outer loop
      vertex -20.3591 21.99 58.1894
      vertex -20.3897 0 58.3434
      vertex -20.3591 0 58.1894
    endloop
  endfacet
  facet normal 0.831462 -0 0.555582
    outer loop
      vertex -20.2392 0 57.9
      vertex -20.152 21.99 57.7695
      vertex -20.2392 21.99 57.9
    endloop
  endfacet
  facet normal 0.831462 0 0.555582
    outer loop
      vertex -20.152 21.99 57.7695
      vertex -20.2392 0 57.9
      vertex -20.152 0 57.7695
    endloop
  endfacet
  facet normal 0.751787 -0 0.659406
    outer loop
      vertex -20.152 0 57.7695
      vertex -20.0485 21.99 57.6515
      vertex -20.152 21.99 57.7695
    endloop
  endfacet
  facet normal 0.751787 0 0.659406
    outer loop
      vertex -20.0485 21.99 57.6515
      vertex -20.152 0 57.7695
      vertex -20.0485 0 57.6515
    endloop
  endfacet
  facet normal -0.980825 0 0.194891
    outer loop
      vertex -18.0409 0 58.1894
      vertex -18.0103 21.99 58.3434
      vertex -18.0409 21.99 58.1894
    endloop
  endfacet
  facet normal -0.980825 0 0.194891
    outer loop
      vertex -18.0103 21.99 58.3434
      vertex -18.0409 0 58.1894
      vertex -18.0103 0 58.3434
    endloop
  endfacet
  facet normal -0.947013 0 0.321194
    outer loop
      vertex -18.0913 0 58.0408
      vertex -18.0409 21.99 58.1894
      vertex -18.0913 21.99 58.0408
    endloop
  endfacet
  facet normal -0.947013 0 0.321194
    outer loop
      vertex -18.0409 21.99 58.1894
      vertex -18.0913 0 58.0408
      vertex -18.0409 0 58.1894
    endloop
  endfacet
  facet normal -0.659406 0 0.751787
    outer loop
      vertex -18.4695 21.99 57.548
      vertex -18.3515 0 57.6515
      vertex -18.3515 21.99 57.6515
    endloop
  endfacet
  facet normal -0.659406 0 0.751787
    outer loop
      vertex -18.3515 0 57.6515
      vertex -18.4695 21.99 57.548
      vertex -18.4695 0 57.548
    endloop
  endfacet
  facet normal -0.831462 0 0.555582
    outer loop
      vertex -18.248 0 57.7695
      vertex -18.1608 21.99 57.9
      vertex -18.248 21.99 57.7695
    endloop
  endfacet
  facet normal -0.831462 0 0.555582
    outer loop
      vertex -18.1608 21.99 57.9
      vertex -18.248 0 57.7695
      vertex -18.1608 0 57.9
    endloop
  endfacet
  facet normal 0.194891 0 0.980825
    outer loop
      vertex -19.5106 21.99 57.3409
      vertex -19.3566 0 57.3103
      vertex -19.3566 21.99 57.3103
    endloop
  endfacet
  facet normal 0.194891 0 0.980825
    outer loop
      vertex -19.3566 0 57.3103
      vertex -19.5106 21.99 57.3409
      vertex -19.5106 0 57.3409
    endloop
  endfacet
  facet normal 0.555582 0 0.831462
    outer loop
      vertex -19.9305 21.99 57.548
      vertex -19.8 0 57.4608
      vertex -19.8 21.99 57.4608
    endloop
  endfacet
  facet normal 0.555582 0 0.831462
    outer loop
      vertex -19.8 0 57.4608
      vertex -19.9305 21.99 57.548
      vertex -19.9305 0 57.548
    endloop
  endfacet
  facet normal 0.947013 -0 0.321194
    outer loop
      vertex -20.3591 0 58.1894
      vertex -20.3087 21.99 58.0408
      vertex -20.3591 21.99 58.1894
    endloop
  endfacet
  facet normal 0.947013 0 0.321194
    outer loop
      vertex -20.3087 21.99 58.0408
      vertex -20.3591 0 58.1894
      vertex -20.3087 0 58.0408
    endloop
  endfacet
  facet normal -0.709841 0.702813 -0.0466881
    outer loop
      vertex -17 23 58.5
      vertex -18 21.99 58.5
      vertex -18.0103 21.99 58.6566
    endloop
  endfacet
  facet normal -0.709831 0.702838 -0.0464653
    outer loop
      vertex -17.0188 23 58.7872
      vertex -17 23 58.5
      vertex -18.0103 21.99 58.6566
    endloop
  endfacet
  facet normal 0.469067 0.702841 0.534781
    outer loop
      vertex -20.6867 22.9156 56.9948
      vertex -20.0485 21.99 57.6515
      vertex -19.9305 21.99 57.548
    endloop
  endfacet
  facet normal 0.467107 0.70277 0.536586
    outer loop
      vertex -20.0485 21.99 57.6515
      vertex -20.6867 22.9156 56.9948
      vertex -20.6954 22.9139 57.0046
    endloop
  endfacet
  facet normal -0.591459 0.70284 0.395212
    outer loop
      vertex -18.1608 21.99 57.9
      vertex -17.2947 23 57.4
      vertex -18.248 21.99 57.7695
    endloop
  endfacet
  facet normal -0.469182 0.702833 -0.53469
    outer loop
      vertex -17.8607 23 60.2454
      vertex -17.6444 23 60.0556
      vertex -18.4695 21.99 59.452
    endloop
  endfacet
  facet normal 0.673591 0.702784 -0.228842
    outer loop
      vertex -21.0531 22.8039 59.2676
      vertex -20.3087 21.99 58.9592
      vertex -21.1087 22.785 59.0459
    endloop
  endfacet
  facet normal -0.673642 0.702793 0.228667
    outer loop
      vertex -17.075 23 57.9306
      vertex -17.1675 23 57.6581
      vertex -18.0913 21.99 58.0408
    endloop
  endfacet
  facet normal 0.591327 0.70283 -0.395427
    outer loop
      vertex -20.8464 22.874 59.7633
      vertex -20.152 21.99 59.2305
      vertex -20.9524 22.838 59.5408
    endloop
  endfacet
  facet normal 0.637989 0.702805 0.314699
    outer loop
      vertex -20.2392 21.99 57.9
      vertex -20.9632 22.8344 57.482
      vertex -21.043 22.8073 57.7043
    endloop
  endfacet
  facet normal -0.53469 0.702833 0.469182
    outer loop
      vertex -17.4546 23 57.1607
      vertex -17.6444 23 56.9444
      vertex -18.248 21.99 57.7695
    endloop
  endfacet
  facet normal -0.697651 0.702837 -0.138937
    outer loop
      vertex -17.075 23 59.0694
      vertex -17.0188 23 58.7872
      vertex -18.0103 21.99 58.6566
    endloop
  endfacet
  facet normal -0.637919 0.702787 -0.314882
    outer loop
      vertex -17.1675 23 59.3419
      vertex -18.0913 21.99 58.9592
      vertex -18.1608 21.99 59.1
    endloop
  endfacet
  facet normal -0.314462 0.702836 -0.638071
    outer loop
      vertex -18.3581 23 60.5325
      vertex -18.1 23 60.4053
      vertex -18.6 21.99 59.5392
    endloop
  endfacet
  facet normal 0.697715 0.702831 0.13864
    outer loop
      vertex -20.3897 21.99 58.3434
      vertex -21.148 22.7716 58.1973
      vertex -21.1541 22.7687 58.2427
    endloop
  endfacet
  facet normal 0.69772 0.702831 0.138618
    outer loop
      vertex -21.148 22.7716 58.1973
      vertex -20.3897 21.99 58.3434
      vertex -21.1218 22.7805 58.0203
    endloop
  endfacet
  facet normal 0.591444 0.702858 0.395203
    outer loop
      vertex -20.9524 22.838 57.4592
      vertex -20.2392 21.99 57.9
      vertex -20.152 21.99 57.7695
    endloop
  endfacet
  facet normal 0.59344 0.702918 0.39209
    outer loop
      vertex -20.2392 21.99 57.9
      vertex -20.9524 22.838 57.4592
      vertex -20.9632 22.8344 57.482
    endloop
  endfacet
  facet normal 0.469067 0.702841 0.534781
    outer loop
      vertex -19.9305 21.99 57.548
      vertex -20.5096 22.9508 56.7932
      vertex -20.6867 22.9156 56.9948
    endloop
  endfacet
  facet normal 0.67367 0.702825 0.228486
    outer loop
      vertex -21.1087 22.785 57.9541
      vertex -20.3591 21.99 58.1894
      vertex -20.3087 21.99 58.0408
    endloop
  endfacet
  facet normal 0.673254 0.702809 0.229759
    outer loop
      vertex -20.3591 21.99 58.1894
      vertex -21.1087 22.785 57.9541
      vertex -21.1168 22.7822 57.9864
    endloop
  endfacet
  facet normal 0.673591 0.702784 0.228842
    outer loop
      vertex -20.3087 21.99 58.0408
      vertex -21.0531 22.8039 57.7324
      vertex -21.1087 22.785 57.9541
    endloop
  endfacet
  facet normal -0.138643 0.702803 0.697744
    outer loop
      vertex -18.8894 21.99 57.3409
      vertex -18.6306 23 56.375
      vertex -19.0434 21.99 57.3103
    endloop
  endfacet
  facet normal -0.314882 0.702787 0.637919
    outer loop
      vertex -18.6 21.99 57.4608
      vertex -18.3581 23 56.4675
      vertex -18.7408 21.99 57.3913
    endloop
  endfacet
  facet normal -0.638071 0.702836 0.314462
    outer loop
      vertex -17.1675 23 57.6581
      vertex -17.2947 23 57.4
      vertex -18.1608 21.99 57.9
    endloop
  endfacet
  facet normal -0.697651 0.702837 0.138937
    outer loop
      vertex -17.0188 23 58.2128
      vertex -17.075 23 57.9306
      vertex -18.0103 21.99 58.3434
    endloop
  endfacet
  facet normal -0.709841 0.702813 0.0466881
    outer loop
      vertex -18 21.99 58.5
      vertex -17 23 58.5
      vertex -18.0103 21.99 58.3434
    endloop
  endfacet
  facet normal -0.709831 0.702838 0.0464653
    outer loop
      vertex -17 23 58.5
      vertex -17.0188 23 58.2128
      vertex -18.0103 21.99 58.3434
    endloop
  endfacet
  facet normal 0.709855 0.702799 -0.0466891
    outer loop
      vertex -20.4 21.99 58.5
      vertex -21.1638 22.7639 58.5366
      vertex -20.3897 21.99 58.6566
    endloop
  endfacet
  facet normal 0.709872 0.702801 -0.0463944
    outer loop
      vertex -21.1638 22.7639 58.5366
      vertex -20.4 21.99 58.5
      vertex -21.1654 22.7631 58.5
    endloop
  endfacet
  facet normal 0.138937 0.702837 -0.697651
    outer loop
      vertex -19.4872 23 60.6812
      vertex -19.3566 21.99 59.6897
      vertex -19.7694 23 60.625
    endloop
  endfacet
  facet normal -0.591459 0.70284 -0.395212
    outer loop
      vertex -17.2947 23 59.6
      vertex -18.1608 21.99 59.1
      vertex -18.248 21.99 59.2305
    endloop
  endfacet
  facet normal -0.638071 0.702836 -0.314462
    outer loop
      vertex -17.2947 23 59.6
      vertex -17.1675 23 59.3419
      vertex -18.1608 21.99 59.1
    endloop
  endfacet
  facet normal -0.469082 0.702817 -0.534799
    outer loop
      vertex -17.6444 23 60.0556
      vertex -18.3515 21.99 59.3485
      vertex -18.4695 21.99 59.452
    endloop
  endfacet
  facet normal -0.673681 0.702813 -0.228489
    outer loop
      vertex -17.075 23 59.0694
      vertex -18.0409 21.99 58.8106
      vertex -18.0913 21.99 58.9592
    endloop
  endfacet
  facet normal -0.673642 0.702793 -0.228667
    outer loop
      vertex -17.1675 23 59.3419
      vertex -17.075 23 59.0694
      vertex -18.0913 21.99 58.9592
    endloop
  endfacet
  facet normal -0.395212 0.70284 -0.591459
    outer loop
      vertex -18.1 23 60.4053
      vertex -18.4695 21.99 59.452
      vertex -18.6 21.99 59.5392
    endloop
  endfacet
  facet normal 0.0466881 0.702813 -0.709841
    outer loop
      vertex -19.2 23 60.7
      vertex -19.2 21.99 59.7
      vertex -19.3566 21.99 59.6897
    endloop
  endfacet
  facet normal 0.709846 0.702822 0.0464841
    outer loop
      vertex -20.3897 21.99 58.3434
      vertex -21.1541 22.7687 58.2427
      vertex -21.1638 22.7639 58.4634
    endloop
  endfacet
  facet normal 0.591327 0.70283 0.395427
    outer loop
      vertex -20.152 21.99 57.7695
      vertex -20.8464 22.874 57.2367
      vertex -20.9524 22.838 57.4592
    endloop
  endfacet
  facet normal 0.395289 0.702849 0.591396
    outer loop
      vertex -19.9305 21.99 57.548
      vertex -20.3916 22.9743 56.6864
      vertex -20.5096 22.9508 56.7932
    endloop
  endfacet
  facet normal 0.394752 0.70288 0.591718
    outer loop
      vertex -20.3916 22.9743 56.6864
      vertex -19.9305 21.99 57.548
      vertex -20.293 22.9808 56.6129
    endloop
  endfacet
  facet normal 0.0466881 0.702813 0.709841
    outer loop
      vertex -19.2 21.99 57.3
      vertex -19.2 23 56.3
      vertex -19.3566 21.99 57.3103
    endloop
  endfacet
  facet normal 0.228651 0.702819 0.67362
    outer loop
      vertex -19.6592 21.99 57.3913
      vertex -20 23 56.4532
      vertex -20.0409 22.9973 56.4699
    endloop
  endfacet
  facet normal 0.228458 0.702817 0.673688
    outer loop
      vertex -20 23 56.4532
      vertex -19.6592 21.99 57.3913
      vertex -19.7694 23 56.375
    endloop
  endfacet
  facet normal 0.637922 0.702783 0.314883
    outer loop
      vertex -21.043 22.8073 57.7043
      vertex -20.3087 21.99 58.0408
      vertex -20.2392 21.99 57.9
    endloop
  endfacet
  facet normal 0.638149 0.70279 0.314406
    outer loop
      vertex -20.3087 21.99 58.0408
      vertex -21.043 22.8073 57.7043
      vertex -21.0531 22.8039 57.7324
    endloop
  endfacet
  facet normal 0.697714 0.702834 0.138637
    outer loop
      vertex -20.3591 21.99 58.1894
      vertex -21.1218 22.7805 58.0203
      vertex -20.3897 21.99 58.3434
    endloop
  endfacet
  facet normal 0.697813 0.702828 0.138167
    outer loop
      vertex -21.1218 22.7805 58.0203
      vertex -20.3591 21.99 58.1894
      vertex -21.1168 22.7822 57.9864
    endloop
  endfacet
  facet normal -0.0466881 0.702813 0.709841
    outer loop
      vertex -19.0434 21.99 57.3103
      vertex -19.2 23 56.3
      vertex -19.2 21.99 57.3
    endloop
  endfacet
  facet normal -0.395212 0.70284 0.591459
    outer loop
      vertex -18.4695 21.99 57.548
      vertex -18.1 23 56.5947
      vertex -18.6 21.99 57.4608
    endloop
  endfacet
  facet normal -0.314462 0.702836 0.638071
    outer loop
      vertex -18.1 23 56.5947
      vertex -18.3581 23 56.4675
      vertex -18.6 21.99 57.4608
    endloop
  endfacet
  facet normal -0.534799 0.702817 0.469082
    outer loop
      vertex -18.248 21.99 57.7695
      vertex -17.6444 23 56.9444
      vertex -18.3515 21.99 57.6515
    endloop
  endfacet
  facet normal -0.591459 0.70284 0.395212
    outer loop
      vertex -17.2947 23 57.4
      vertex -17.4546 23 57.1607
      vertex -18.248 21.99 57.7695
    endloop
  endfacet
  facet normal -0.637919 0.702787 0.314882
    outer loop
      vertex -18.0913 21.99 58.0408
      vertex -17.1675 23 57.6581
      vertex -18.1608 21.99 57.9
    endloop
  endfacet
  facet normal -0.697744 0.702803 0.138643
    outer loop
      vertex -18.0103 21.99 58.3434
      vertex -17.075 23 57.9306
      vertex -18.0409 21.99 58.1894
    endloop
  endfacet
  facet normal 0.637989 0.702805 -0.314699
    outer loop
      vertex -20.9632 22.8344 59.518
      vertex -20.2392 21.99 59.1
      vertex -21.043 22.8073 59.2957
    endloop
  endfacet
  facet normal 0.637922 0.702783 -0.314883
    outer loop
      vertex -20.3087 21.99 58.9592
      vertex -21.043 22.8073 59.2957
      vertex -20.2392 21.99 59.1
    endloop
  endfacet
  facet normal 0.638149 0.70279 -0.314406
    outer loop
      vertex -21.043 22.8073 59.2957
      vertex -20.3087 21.99 58.9592
      vertex -21.0531 22.8039 59.2676
    endloop
  endfacet
  facet normal 0.69772 0.702831 -0.138618
    outer loop
      vertex -20.3897 21.99 58.6566
      vertex -21.148 22.7716 58.8027
      vertex -21.1218 22.7805 58.9797
    endloop
  endfacet
  facet normal 0.697715 0.702831 -0.13864
    outer loop
      vertex -21.148 22.7716 58.8027
      vertex -20.3897 21.99 58.6566
      vertex -21.1541 22.7687 58.7573
    endloop
  endfacet
  facet normal 0.67367 0.702825 -0.228486
    outer loop
      vertex -20.3591 21.99 58.8106
      vertex -21.1087 22.785 59.0459
      vertex -20.3087 21.99 58.9592
    endloop
  endfacet
  facet normal 0.673254 0.702809 -0.229759
    outer loop
      vertex -21.1087 22.785 59.0459
      vertex -20.3591 21.99 58.8106
      vertex -21.1168 22.7822 59.0136
    endloop
  endfacet
  facet normal 0.709872 0.702801 0.0463944
    outer loop
      vertex -20.4 21.99 58.5
      vertex -21.1638 22.7639 58.4634
      vertex -21.1654 22.7631 58.5
    endloop
  endfacet
  facet normal 0.709855 0.702799 0.0466891
    outer loop
      vertex -21.1638 22.7639 58.4634
      vertex -20.4 21.99 58.5
      vertex -20.3897 21.99 58.3434
    endloop
  endfacet
  facet normal 0.314838 0.702816 -0.637908
    outer loop
      vertex -20.0413 22.9973 60.5299
      vertex -19.8 21.99 59.5392
      vertex -20.2906 22.981 60.3889
    endloop
  endfacet
  facet normal 0.469067 0.702841 -0.534781
    outer loop
      vertex -20.0485 21.99 59.3485
      vertex -20.6867 22.9156 60.0052
      vertex -19.9305 21.99 59.452
    endloop
  endfacet
  facet normal 0.467107 0.70277 -0.536586
    outer loop
      vertex -20.6867 22.9156 60.0052
      vertex -20.0485 21.99 59.3485
      vertex -20.6954 22.9139 59.9954
    endloop
  endfacet
  facet normal 0.0464653 0.702838 -0.709831
    outer loop
      vertex -19.2 23 60.7
      vertex -19.3566 21.99 59.6897
      vertex -19.4872 23 60.6812
    endloop
  endfacet
  facet normal -0.53469 0.702833 -0.469182
    outer loop
      vertex -17.6444 23 60.0556
      vertex -17.4546 23 59.8393
      vertex -18.248 21.99 59.2305
    endloop
  endfacet
  facet normal -0.591459 0.70284 -0.395212
    outer loop
      vertex -17.4546 23 59.8393
      vertex -17.2947 23 59.6
      vertex -18.248 21.99 59.2305
    endloop
  endfacet
  facet normal -0.697744 0.702803 -0.138643
    outer loop
      vertex -17.075 23 59.0694
      vertex -18.0103 21.99 58.6566
      vertex -18.0409 21.99 58.8106
    endloop
  endfacet
  facet normal -0.395212 0.70284 -0.591459
    outer loop
      vertex -18.1 23 60.4053
      vertex -17.8607 23 60.2454
      vertex -18.4695 21.99 59.452
    endloop
  endfacet
  facet normal -0.0464653 0.702838 -0.709831
    outer loop
      vertex -18.9128 23 60.6812
      vertex -19.0434 21.99 59.6897
      vertex -19.2 23 60.7
    endloop
  endfacet
  facet normal -0.228667 0.702793 -0.673642
    outer loop
      vertex -18.6306 23 60.625
      vertex -18.3581 23 60.5325
      vertex -18.7408 21.99 59.6087
    endloop
  endfacet
  facet normal -0.0466881 0.702813 -0.709841
    outer loop
      vertex -19.2 23 60.7
      vertex -19.0434 21.99 59.6897
      vertex -19.2 21.99 59.7
    endloop
  endfacet
  facet normal 0.314838 0.702816 0.637908
    outer loop
      vertex -19.8 21.99 57.4608
      vertex -20.0413 22.9973 56.4701
      vertex -20.2906 22.981 56.6111
    endloop
  endfacet
  facet normal 0.228489 0.702813 0.673681
    outer loop
      vertex -19.6592 21.99 57.3913
      vertex -19.5106 21.99 57.3409
      vertex -19.7694 23 56.375
    endloop
  endfacet
  facet normal 0.314871 0.702812 0.637896
    outer loop
      vertex -19.6592 21.99 57.3913
      vertex -20.0413 22.9973 56.4701
      vertex -19.8 21.99 57.4608
    endloop
  endfacet
  facet normal 0.318192 0.702688 0.636383
    outer loop
      vertex -20.0413 22.9973 56.4701
      vertex -19.6592 21.99 57.3913
      vertex -20.0409 22.9973 56.4699
    endloop
  endfacet
  facet normal 0.138643 0.702803 0.697744
    outer loop
      vertex -19.5106 21.99 57.3409
      vertex -19.3566 21.99 57.3103
      vertex -19.7694 23 56.375
    endloop
  endfacet
  facet normal 0.534905 0.702823 0.468952
    outer loop
      vertex -20.152 21.99 57.7695
      vertex -20.7765 22.8978 57.1213
      vertex -20.8464 22.874 57.2367
    endloop
  endfacet
  facet normal 0.534802 0.70283 0.46906
    outer loop
      vertex -20.7765 22.8978 57.1213
      vertex -20.152 21.99 57.7695
      vertex -20.7032 22.9123 57.016
    endloop
  endfacet
  facet normal 0.534788 0.702832 0.469073
    outer loop
      vertex -20.0485 21.99 57.6515
      vertex -20.7032 22.9123 57.016
      vertex -20.152 21.99 57.7695
    endloop
  endfacet
  facet normal 0.537349 0.702731 0.466289
    outer loop
      vertex -20.7032 22.9123 57.016
      vertex -20.0485 21.99 57.6515
      vertex -20.6954 22.9139 57.0046
    endloop
  endfacet
  facet normal -0.469182 0.702833 0.53469
    outer loop
      vertex -17.6444 23 56.9444
      vertex -17.8607 23 56.7546
      vertex -18.4695 21.99 57.548
    endloop
  endfacet
  facet normal -0.395212 0.70284 0.591459
    outer loop
      vertex -17.8607 23 56.7546
      vertex -18.1 23 56.5947
      vertex -18.4695 21.99 57.548
    endloop
  endfacet
  facet normal -0.228489 0.702813 0.673681
    outer loop
      vertex -18.7408 21.99 57.3913
      vertex -18.6306 23 56.375
      vertex -18.8894 21.99 57.3409
    endloop
  endfacet
  facet normal -0.228667 0.702793 0.673642
    outer loop
      vertex -18.3581 23 56.4675
      vertex -18.6306 23 56.375
      vertex -18.7408 21.99 57.3913
    endloop
  endfacet
  facet normal -0.0464653 0.702838 0.709831
    outer loop
      vertex -19.0434 21.99 57.3103
      vertex -18.9128 23 56.3188
      vertex -19.2 23 56.3
    endloop
  endfacet
  facet normal -0.138937 0.702837 0.697651
    outer loop
      vertex -18.6306 23 56.375
      vertex -18.9128 23 56.3188
      vertex -19.0434 21.99 57.3103
    endloop
  endfacet
  facet normal -0.673681 0.702813 0.228489
    outer loop
      vertex -18.0409 21.99 58.1894
      vertex -17.075 23 57.9306
      vertex -18.0913 21.99 58.0408
    endloop
  endfacet
  facet normal 0.591444 0.702858 -0.395203
    outer loop
      vertex -20.2392 21.99 59.1
      vertex -20.9524 22.838 59.5408
      vertex -20.152 21.99 59.2305
    endloop
  endfacet
  facet normal 0.59344 0.702918 -0.39209
    outer loop
      vertex -20.9524 22.838 59.5408
      vertex -20.2392 21.99 59.1
      vertex -20.9632 22.8344 59.518
    endloop
  endfacet
  facet normal 0.709846 0.702822 -0.0464841
    outer loop
      vertex -21.1541 22.7687 58.7573
      vertex -20.3897 21.99 58.6566
      vertex -21.1638 22.7639 58.5366
    endloop
  endfacet
  facet normal 0.697813 0.702828 -0.138167
    outer loop
      vertex -20.3591 21.99 58.8106
      vertex -21.1218 22.7805 58.9797
      vertex -21.1168 22.7822 59.0136
    endloop
  endfacet
  facet normal 0.697714 0.702834 -0.138637
    outer loop
      vertex -21.1218 22.7805 58.9797
      vertex -20.3591 21.99 58.8106
      vertex -20.3897 21.99 58.6566
    endloop
  endfacet
  facet normal 0.388258 0.703054 -0.595795
    outer loop
      vertex -19.8 21.99 59.5392
      vertex -20.293 22.9808 60.3871
      vertex -20.2906 22.981 60.3889
    endloop
  endfacet
  facet normal 0.395222 0.702821 -0.591474
    outer loop
      vertex -20.293 22.9808 60.3871
      vertex -19.8 21.99 59.5392
      vertex -19.9305 21.99 59.452
    endloop
  endfacet
  facet normal 0.228489 0.702813 -0.673681
    outer loop
      vertex -19.5106 21.99 59.6591
      vertex -19.6592 21.99 59.6087
      vertex -19.7694 23 60.625
    endloop
  endfacet
  facet normal 0.318192 0.702688 -0.636383
    outer loop
      vertex -19.6592 21.99 59.6087
      vertex -20.0413 22.9973 60.5299
      vertex -20.0409 22.9973 60.5301
    endloop
  endfacet
  facet normal 0.314871 0.702812 -0.637896
    outer loop
      vertex -20.0413 22.9973 60.5299
      vertex -19.6592 21.99 59.6087
      vertex -19.8 21.99 59.5392
    endloop
  endfacet
  facet normal -0.534799 0.702817 -0.469082
    outer loop
      vertex -17.6444 23 60.0556
      vertex -18.248 21.99 59.2305
      vertex -18.3515 21.99 59.3485
    endloop
  endfacet
  facet normal -0.138937 0.702837 -0.697651
    outer loop
      vertex -18.9128 23 60.6812
      vertex -18.6306 23 60.625
      vertex -19.0434 21.99 59.6897
    endloop
  endfacet
  facet normal -0.314882 0.702787 -0.637919
    outer loop
      vertex -18.3581 23 60.5325
      vertex -18.6 21.99 59.5392
      vertex -18.7408 21.99 59.6087
    endloop
  endfacet
  facet normal 0.395222 0.702821 0.591474
    outer loop
      vertex -19.8 21.99 57.4608
      vertex -20.293 22.9808 56.6129
      vertex -19.9305 21.99 57.548
    endloop
  endfacet
  facet normal 0.388258 0.703054 0.595795
    outer loop
      vertex -20.293 22.9808 56.6129
      vertex -19.8 21.99 57.4608
      vertex -20.2906 22.981 56.6111
    endloop
  endfacet
  facet normal 0.138937 0.702837 0.697651
    outer loop
      vertex -19.3566 21.99 57.3103
      vertex -19.4872 23 56.3188
      vertex -19.7694 23 56.375
    endloop
  endfacet
  facet normal 0.0464653 0.702838 0.709831
    outer loop
      vertex -19.3566 21.99 57.3103
      vertex -19.2 23 56.3
      vertex -19.4872 23 56.3188
    endloop
  endfacet
  facet normal -0.469082 0.702817 0.534799
    outer loop
      vertex -18.3515 21.99 57.6515
      vertex -17.6444 23 56.9444
      vertex -18.4695 21.99 57.548
    endloop
  endfacet
  facet normal 0.537349 0.702731 -0.466289
    outer loop
      vertex -20.0485 21.99 59.3485
      vertex -20.7032 22.9123 59.984
      vertex -20.6954 22.9139 59.9954
    endloop
  endfacet
  facet normal 0.534788 0.702832 -0.469073
    outer loop
      vertex -20.7032 22.9123 59.984
      vertex -20.0485 21.99 59.3485
      vertex -20.152 21.99 59.2305
    endloop
  endfacet
  facet normal 0.534802 0.70283 -0.46906
    outer loop
      vertex -20.152 21.99 59.2305
      vertex -20.7765 22.8978 59.8787
      vertex -20.7032 22.9123 59.984
    endloop
  endfacet
  facet normal 0.534905 0.702823 -0.468952
    outer loop
      vertex -20.7765 22.8978 59.8787
      vertex -20.152 21.99 59.2305
      vertex -20.8464 22.874 59.7633
    endloop
  endfacet
  facet normal 0.469067 0.702841 -0.534781
    outer loop
      vertex -20.5096 22.9508 60.2068
      vertex -19.9305 21.99 59.452
      vertex -20.6867 22.9156 60.0052
    endloop
  endfacet
  facet normal 0.394752 0.70288 -0.591718
    outer loop
      vertex -19.9305 21.99 59.452
      vertex -20.3916 22.9743 60.3136
      vertex -20.293 22.9808 60.3871
    endloop
  endfacet
  facet normal 0.395289 0.702849 -0.591396
    outer loop
      vertex -20.3916 22.9743 60.3136
      vertex -19.9305 21.99 59.452
      vertex -20.5096 22.9508 60.2068
    endloop
  endfacet
  facet normal 0.228458 0.702817 -0.673688
    outer loop
      vertex -19.6592 21.99 59.6087
      vertex -20 23 60.5468
      vertex -19.7694 23 60.625
    endloop
  endfacet
  facet normal 0.228651 0.702819 -0.67362
    outer loop
      vertex -20 23 60.5468
      vertex -19.6592 21.99 59.6087
      vertex -20.0409 22.9973 60.5301
    endloop
  endfacet
  facet normal 0.138643 0.702803 -0.697744
    outer loop
      vertex -19.3566 21.99 59.6897
      vertex -19.5106 21.99 59.6591
      vertex -19.7694 23 60.625
    endloop
  endfacet
  facet normal -0.228489 0.702813 -0.673681
    outer loop
      vertex -18.6306 23 60.625
      vertex -18.7408 21.99 59.6087
      vertex -18.8894 21.99 59.6591
    endloop
  endfacet
  facet normal -0.138643 0.702803 -0.697744
    outer loop
      vertex -18.6306 23 60.625
      vertex -18.8894 21.99 59.6591
      vertex -19.0434 21.99 59.6897
    endloop
  endfacet
  facet normal -0.659406 0 -0.751787
    outer loop
      vertex 19.9305 0 59.452
      vertex 20.0485 21.99 59.3485
      vertex 20.0485 0 59.3485
    endloop
  endfacet
  facet normal -0.659406 0 -0.751787
    outer loop
      vertex 20.0485 21.99 59.3485
      vertex 19.9305 0 59.452
      vertex 19.9305 21.99 59.452
    endloop
  endfacet
  facet normal 0.321194 0 -0.947013
    outer loop
      vertex 18.7408 0 59.6087
      vertex 18.8894 21.99 59.6591
      vertex 18.8894 0 59.6591
    endloop
  endfacet
  facet normal 0.321194 0 -0.947013
    outer loop
      vertex 18.8894 21.99 59.6591
      vertex 18.7408 0 59.6087
      vertex 18.7408 21.99 59.6087
    endloop
  endfacet
  facet normal 0.896708 0 -0.442622
    outer loop
      vertex 18.1608 0 59.1
      vertex 18.0913 21.99 58.9592
      vertex 18.1608 21.99 59.1
    endloop
  endfacet
  facet normal 0.896708 0 -0.442622
    outer loop
      vertex 18.0913 21.99 58.9592
      vertex 18.1608 0 59.1
      vertex 18.0913 0 58.9592
    endloop
  endfacet
  facet normal -0.896708 0 -0.442622
    outer loop
      vertex 20.3087 0 58.9592
      vertex 20.2392 21.99 59.1
      vertex 20.3087 21.99 58.9592
    endloop
  endfacet
  facet normal -0.896708 -0 -0.442622
    outer loop
      vertex 20.2392 21.99 59.1
      vertex 20.3087 0 58.9592
      vertex 20.2392 0 59.1
    endloop
  endfacet
  facet normal -0.831462 0 -0.555582
    outer loop
      vertex 20.2392 0 59.1
      vertex 20.152 21.99 59.2305
      vertex 20.2392 21.99 59.1
    endloop
  endfacet
  facet normal -0.831462 -0 -0.555582
    outer loop
      vertex 20.152 21.99 59.2305
      vertex 20.2392 0 59.1
      vertex 20.152 0 59.2305
    endloop
  endfacet
  facet normal -0.751787 0 -0.659406
    outer loop
      vertex 20.152 0 59.2305
      vertex 20.0485 21.99 59.3485
      vertex 20.152 21.99 59.2305
    endloop
  endfacet
  facet normal -0.751787 -0 -0.659406
    outer loop
      vertex 20.0485 21.99 59.3485
      vertex 20.152 0 59.2305
      vertex 20.0485 0 59.3485
    endloop
  endfacet
  facet normal -0.442622 0 -0.896708
    outer loop
      vertex 19.6592 0 59.6087
      vertex 19.8 21.99 59.5392
      vertex 19.8 0 59.5392
    endloop
  endfacet
  facet normal -0.442622 0 -0.896708
    outer loop
      vertex 19.8 21.99 59.5392
      vertex 19.6592 0 59.6087
      vertex 19.6592 21.99 59.6087
    endloop
  endfacet
  facet normal -0.0656309 0 -0.997844
    outer loop
      vertex 19.2 0 59.7
      vertex 19.3566 21.99 59.6897
      vertex 19.3566 0 59.6897
    endloop
  endfacet
  facet normal -0.0656309 0 -0.997844
    outer loop
      vertex 19.3566 21.99 59.6897
      vertex 19.2 0 59.7
      vertex 19.2 21.99 59.7
    endloop
  endfacet
  facet normal 0.997844 0 -0.0656309
    outer loop
      vertex 18.0103 0 58.6566
      vertex 18 21.99 58.5
      vertex 18.0103 21.99 58.6566
    endloop
  endfacet
  facet normal 0.997844 0 -0.0656309
    outer loop
      vertex 18 21.99 58.5
      vertex 18.0103 0 58.6566
      vertex 18 0 58.5
    endloop
  endfacet
  facet normal 0.751787 0 -0.659406
    outer loop
      vertex 18.3515 0 59.3485
      vertex 18.248 21.99 59.2305
      vertex 18.3515 21.99 59.3485
    endloop
  endfacet
  facet normal 0.751787 0 -0.659406
    outer loop
      vertex 18.248 21.99 59.2305
      vertex 18.3515 0 59.3485
      vertex 18.248 0 59.2305
    endloop
  endfacet
  facet normal 0.442622 0 -0.896708
    outer loop
      vertex 18.6 0 59.5392
      vertex 18.7408 21.99 59.6087
      vertex 18.7408 0 59.6087
    endloop
  endfacet
  facet normal 0.442622 0 -0.896708
    outer loop
      vertex 18.7408 21.99 59.6087
      vertex 18.6 0 59.5392
      vertex 18.6 21.99 59.5392
    endloop
  endfacet
  facet normal 0.0656309 0 -0.997844
    outer loop
      vertex 19.0434 0 59.6897
      vertex 19.2 21.99 59.7
      vertex 19.2 0 59.7
    endloop
  endfacet
  facet normal 0.0656309 0 -0.997844
    outer loop
      vertex 19.2 21.99 59.7
      vertex 19.0434 0 59.6897
      vertex 19.0434 21.99 59.6897
    endloop
  endfacet
  facet normal -0.997844 0 0.0656309
    outer loop
      vertex 20.3897 0 58.3434
      vertex 20.4 21.99 58.5
      vertex 20.3897 21.99 58.3434
    endloop
  endfacet
  facet normal -0.997844 0 0.0656309
    outer loop
      vertex 20.4 21.99 58.5
      vertex 20.3897 0 58.3434
      vertex 20.4 0 58.5
    endloop
  endfacet
  facet normal -0.0656309 0 0.997844
    outer loop
      vertex 19.2 21.99 57.3
      vertex 19.3566 0 57.3103
      vertex 19.3566 21.99 57.3103
    endloop
  endfacet
  facet normal -0.0656309 0 0.997844
    outer loop
      vertex 19.3566 0 57.3103
      vertex 19.2 21.99 57.3
      vertex 19.2 0 57.3
    endloop
  endfacet
  facet normal -0.321194 0 0.947013
    outer loop
      vertex 19.5106 21.99 57.3409
      vertex 19.6592 0 57.3913
      vertex 19.6592 21.99 57.3913
    endloop
  endfacet
  facet normal -0.321194 0 0.947013
    outer loop
      vertex 19.6592 0 57.3913
      vertex 19.5106 21.99 57.3409
      vertex 19.5106 0 57.3409
    endloop
  endfacet
  facet normal -0.442622 0 0.896708
    outer loop
      vertex 19.6592 21.99 57.3913
      vertex 19.8 0 57.4608
      vertex 19.8 21.99 57.4608
    endloop
  endfacet
  facet normal -0.442622 0 0.896708
    outer loop
      vertex 19.8 0 57.4608
      vertex 19.6592 21.99 57.3913
      vertex 19.6592 0 57.3913
    endloop
  endfacet
  facet normal -0.751787 0 0.659406
    outer loop
      vertex 20.0485 0 57.6515
      vertex 20.152 21.99 57.7695
      vertex 20.0485 21.99 57.6515
    endloop
  endfacet
  facet normal -0.751787 0 0.659406
    outer loop
      vertex 20.152 21.99 57.7695
      vertex 20.0485 0 57.6515
      vertex 20.152 0 57.7695
    endloop
  endfacet
  facet normal 0.0656309 0 0.997844
    outer loop
      vertex 19.0434 21.99 57.3103
      vertex 19.2 0 57.3
      vertex 19.2 21.99 57.3
    endloop
  endfacet
  facet normal 0.0656309 0 0.997844
    outer loop
      vertex 19.2 0 57.3
      vertex 19.0434 21.99 57.3103
      vertex 19.0434 0 57.3103
    endloop
  endfacet
  facet normal 0.659406 0 0.751787
    outer loop
      vertex 18.3515 21.99 57.6515
      vertex 18.4695 0 57.548
      vertex 18.4695 21.99 57.548
    endloop
  endfacet
  facet normal 0.659406 0 0.751787
    outer loop
      vertex 18.4695 0 57.548
      vertex 18.3515 21.99 57.6515
      vertex 18.3515 0 57.6515
    endloop
  endfacet
  facet normal 0.896708 -0 0.442622
    outer loop
      vertex 18.0913 0 58.0408
      vertex 18.1608 21.99 57.9
      vertex 18.0913 21.99 58.0408
    endloop
  endfacet
  facet normal 0.896708 0 0.442622
    outer loop
      vertex 18.1608 21.99 57.9
      vertex 18.0913 0 58.0408
      vertex 18.1608 0 57.9
    endloop
  endfacet
  facet normal 0.997844 -0 0.0656309
    outer loop
      vertex 18 0 58.5
      vertex 18.0103 21.99 58.3434
      vertex 18 21.99 58.5
    endloop
  endfacet
  facet normal 0.997844 0 0.0656309
    outer loop
      vertex 18.0103 21.99 58.3434
      vertex 18 0 58.5
      vertex 18.0103 0 58.3434
    endloop
  endfacet
  facet normal -0.980825 0 -0.194891
    outer loop
      vertex 20.3897 0 58.6566
      vertex 20.3591 21.99 58.8106
      vertex 20.3897 21.99 58.6566
    endloop
  endfacet
  facet normal -0.980825 -0 -0.194891
    outer loop
      vertex 20.3591 21.99 58.8106
      vertex 20.3897 0 58.6566
      vertex 20.3591 0 58.8106
    endloop
  endfacet
  facet normal -0.947013 0 -0.321194
    outer loop
      vertex 20.3591 0 58.8106
      vertex 20.3087 21.99 58.9592
      vertex 20.3591 21.99 58.8106
    endloop
  endfacet
  facet normal -0.947013 -0 -0.321194
    outer loop
      vertex 20.3087 21.99 58.9592
      vertex 20.3591 0 58.8106
      vertex 20.3087 0 58.9592
    endloop
  endfacet
  facet normal -0.555582 0 -0.831462
    outer loop
      vertex 19.8 0 59.5392
      vertex 19.9305 21.99 59.452
      vertex 19.9305 0 59.452
    endloop
  endfacet
  facet normal -0.555582 0 -0.831462
    outer loop
      vertex 19.9305 21.99 59.452
      vertex 19.8 0 59.5392
      vertex 19.8 21.99 59.5392
    endloop
  endfacet
  facet normal -0.321194 0 -0.947013
    outer loop
      vertex 19.5106 0 59.6591
      vertex 19.6592 21.99 59.6087
      vertex 19.6592 0 59.6087
    endloop
  endfacet
  facet normal -0.321194 0 -0.947013
    outer loop
      vertex 19.6592 21.99 59.6087
      vertex 19.5106 0 59.6591
      vertex 19.5106 21.99 59.6591
    endloop
  endfacet
  facet normal -0.194891 0 -0.980825
    outer loop
      vertex 19.3566 0 59.6897
      vertex 19.5106 21.99 59.6591
      vertex 19.5106 0 59.6591
    endloop
  endfacet
  facet normal -0.194891 0 -0.980825
    outer loop
      vertex 19.5106 21.99 59.6591
      vertex 19.3566 0 59.6897
      vertex 19.3566 21.99 59.6897
    endloop
  endfacet
  facet normal 0.947013 0 -0.321194
    outer loop
      vertex 18.0913 0 58.9592
      vertex 18.0409 21.99 58.8106
      vertex 18.0913 21.99 58.9592
    endloop
  endfacet
  facet normal 0.947013 0 -0.321194
    outer loop
      vertex 18.0409 21.99 58.8106
      vertex 18.0913 0 58.9592
      vertex 18.0409 0 58.8106
    endloop
  endfacet
  facet normal 0.980825 0 -0.194891
    outer loop
      vertex 18.0409 0 58.8106
      vertex 18.0103 21.99 58.6566
      vertex 18.0409 21.99 58.8106
    endloop
  endfacet
  facet normal 0.980825 0 -0.194891
    outer loop
      vertex 18.0103 21.99 58.6566
      vertex 18.0409 0 58.8106
      vertex 18.0103 0 58.6566
    endloop
  endfacet
  facet normal 0.831462 0 -0.555582
    outer loop
      vertex 18.248 0 59.2305
      vertex 18.1608 21.99 59.1
      vertex 18.248 21.99 59.2305
    endloop
  endfacet
  facet normal 0.831462 0 -0.555582
    outer loop
      vertex 18.1608 21.99 59.1
      vertex 18.248 0 59.2305
      vertex 18.1608 0 59.1
    endloop
  endfacet
  facet normal 0.194891 0 -0.980825
    outer loop
      vertex 18.8894 0 59.6591
      vertex 19.0434 21.99 59.6897
      vertex 19.0434 0 59.6897
    endloop
  endfacet
  facet normal 0.194891 0 -0.980825
    outer loop
      vertex 19.0434 21.99 59.6897
      vertex 18.8894 0 59.6591
      vertex 18.8894 21.99 59.6591
    endloop
  endfacet
  facet normal 0.555582 0 -0.831462
    outer loop
      vertex 18.4695 0 59.452
      vertex 18.6 21.99 59.5392
      vertex 18.6 0 59.5392
    endloop
  endfacet
  facet normal 0.555582 0 -0.831462
    outer loop
      vertex 18.6 21.99 59.5392
      vertex 18.4695 0 59.452
      vertex 18.4695 21.99 59.452
    endloop
  endfacet
  facet normal 0.659406 0 -0.751787
    outer loop
      vertex 18.3515 0 59.3485
      vertex 18.4695 21.99 59.452
      vertex 18.4695 0 59.452
    endloop
  endfacet
  facet normal 0.659406 0 -0.751787
    outer loop
      vertex 18.4695 21.99 59.452
      vertex 18.3515 0 59.3485
      vertex 18.3515 21.99 59.3485
    endloop
  endfacet
  facet normal -0.997844 0 -0.0656309
    outer loop
      vertex 20.4 0 58.5
      vertex 20.3897 21.99 58.6566
      vertex 20.4 21.99 58.5
    endloop
  endfacet
  facet normal -0.997844 -0 -0.0656309
    outer loop
      vertex 20.3897 21.99 58.6566
      vertex 20.4 0 58.5
      vertex 20.3897 0 58.6566
    endloop
  endfacet
  facet normal -0.194891 0 0.980825
    outer loop
      vertex 19.3566 21.99 57.3103
      vertex 19.5106 0 57.3409
      vertex 19.5106 21.99 57.3409
    endloop
  endfacet
  facet normal -0.194891 0 0.980825
    outer loop
      vertex 19.5106 0 57.3409
      vertex 19.3566 21.99 57.3103
      vertex 19.3566 0 57.3103
    endloop
  endfacet
  facet normal -0.555582 0 0.831462
    outer loop
      vertex 19.8 21.99 57.4608
      vertex 19.9305 0 57.548
      vertex 19.9305 21.99 57.548
    endloop
  endfacet
  facet normal -0.555582 0 0.831462
    outer loop
      vertex 19.9305 0 57.548
      vertex 19.8 21.99 57.4608
      vertex 19.8 0 57.4608
    endloop
  endfacet
  facet normal -0.896708 0 0.442622
    outer loop
      vertex 20.2392 0 57.9
      vertex 20.3087 21.99 58.0408
      vertex 20.2392 21.99 57.9
    endloop
  endfacet
  facet normal -0.896708 0 0.442622
    outer loop
      vertex 20.3087 21.99 58.0408
      vertex 20.2392 0 57.9
      vertex 20.3087 0 58.0408
    endloop
  endfacet
  facet normal 0.321194 0 0.947013
    outer loop
      vertex 18.7408 21.99 57.3913
      vertex 18.8894 0 57.3409
      vertex 18.8894 21.99 57.3409
    endloop
  endfacet
  facet normal 0.321194 0 0.947013
    outer loop
      vertex 18.8894 0 57.3409
      vertex 18.7408 21.99 57.3913
      vertex 18.7408 0 57.3913
    endloop
  endfacet
  facet normal 0.442622 0 0.896708
    outer loop
      vertex 18.6 21.99 57.4608
      vertex 18.7408 0 57.3913
      vertex 18.7408 21.99 57.3913
    endloop
  endfacet
  facet normal 0.442622 0 0.896708
    outer loop
      vertex 18.7408 0 57.3913
      vertex 18.6 21.99 57.4608
      vertex 18.6 0 57.4608
    endloop
  endfacet
  facet normal 0.980825 -0 0.194891
    outer loop
      vertex 18.0103 0 58.3434
      vertex 18.0409 21.99 58.1894
      vertex 18.0103 21.99 58.3434
    endloop
  endfacet
  facet normal 0.980825 0 0.194891
    outer loop
      vertex 18.0409 21.99 58.1894
      vertex 18.0103 0 58.3434
      vertex 18.0409 0 58.1894
    endloop
  endfacet
  facet normal 0.831462 -0 0.555582
    outer loop
      vertex 18.1608 0 57.9
      vertex 18.248 21.99 57.7695
      vertex 18.1608 21.99 57.9
    endloop
  endfacet
  facet normal 0.831462 0 0.555582
    outer loop
      vertex 18.248 21.99 57.7695
      vertex 18.1608 0 57.9
      vertex 18.248 0 57.7695
    endloop
  endfacet
  facet normal 0.751787 -0 0.659406
    outer loop
      vertex 18.248 0 57.7695
      vertex 18.3515 21.99 57.6515
      vertex 18.248 21.99 57.7695
    endloop
  endfacet
  facet normal 0.751787 0 0.659406
    outer loop
      vertex 18.3515 21.99 57.6515
      vertex 18.248 0 57.7695
      vertex 18.3515 0 57.6515
    endloop
  endfacet
  facet normal -0.980825 0 0.194891
    outer loop
      vertex 20.3591 0 58.1894
      vertex 20.3897 21.99 58.3434
      vertex 20.3591 21.99 58.1894
    endloop
  endfacet
  facet normal -0.980825 0 0.194891
    outer loop
      vertex 20.3897 21.99 58.3434
      vertex 20.3591 0 58.1894
      vertex 20.3897 0 58.3434
    endloop
  endfacet
  facet normal -0.947013 0 0.321194
    outer loop
      vertex 20.3087 0 58.0408
      vertex 20.3591 21.99 58.1894
      vertex 20.3087 21.99 58.0408
    endloop
  endfacet
  facet normal -0.947013 0 0.321194
    outer loop
      vertex 20.3591 21.99 58.1894
      vertex 20.3087 0 58.0408
      vertex 20.3591 0 58.1894
    endloop
  endfacet
  facet normal -0.659406 0 0.751787
    outer loop
      vertex 19.9305 21.99 57.548
      vertex 20.0485 0 57.6515
      vertex 20.0485 21.99 57.6515
    endloop
  endfacet
  facet normal -0.659406 0 0.751787
    outer loop
      vertex 20.0485 0 57.6515
      vertex 19.9305 21.99 57.548
      vertex 19.9305 0 57.548
    endloop
  endfacet
  facet normal -0.831462 0 0.555582
    outer loop
      vertex 20.152 0 57.7695
      vertex 20.2392 21.99 57.9
      vertex 20.152 21.99 57.7695
    endloop
  endfacet
  facet normal -0.831462 0 0.555582
    outer loop
      vertex 20.2392 21.99 57.9
      vertex 20.152 0 57.7695
      vertex 20.2392 0 57.9
    endloop
  endfacet
  facet normal 0.194891 0 0.980825
    outer loop
      vertex 18.8894 21.99 57.3409
      vertex 19.0434 0 57.3103
      vertex 19.0434 21.99 57.3103
    endloop
  endfacet
  facet normal 0.194891 0 0.980825
    outer loop
      vertex 19.0434 0 57.3103
      vertex 18.8894 21.99 57.3409
      vertex 18.8894 0 57.3409
    endloop
  endfacet
  facet normal 0.555582 0 0.831462
    outer loop
      vertex 18.4695 21.99 57.548
      vertex 18.6 0 57.4608
      vertex 18.6 21.99 57.4608
    endloop
  endfacet
  facet normal 0.555582 0 0.831462
    outer loop
      vertex 18.6 0 57.4608
      vertex 18.4695 21.99 57.548
      vertex 18.4695 0 57.548
    endloop
  endfacet
  facet normal 0.947013 -0 0.321194
    outer loop
      vertex 18.0409 0 58.1894
      vertex 18.0913 21.99 58.0408
      vertex 18.0409 21.99 58.1894
    endloop
  endfacet
  facet normal 0.947013 0 0.321194
    outer loop
      vertex 18.0913 21.99 58.0408
      vertex 18.0409 0 58.1894
      vertex 18.0913 0 58.0408
    endloop
  endfacet
  facet normal -0.709872 0.702801 -0.0463944
    outer loop
      vertex 20.4 21.99 58.5
      vertex 21.1638 22.7639 58.5366
      vertex 21.1654 22.7631 58.5
    endloop
  endfacet
  facet normal -0.709855 0.702799 -0.0466891
    outer loop
      vertex 21.1638 22.7639 58.5366
      vertex 20.4 21.99 58.5
      vertex 20.3897 21.99 58.6566
    endloop
  endfacet
  facet normal -0.709846 0.702822 -0.0464841
    outer loop
      vertex 21.1541 22.7687 58.7573
      vertex 21.1638 22.7639 58.5366
      vertex 20.3897 21.99 58.6566
    endloop
  endfacet
  facet normal 0.469082 0.702817 0.534799
    outer loop
      vertex 18.3515 21.99 57.6515
      vertex 18.4695 21.99 57.548
      vertex 17.6444 23 56.9444
    endloop
  endfacet
  facet normal -0.59344 0.702918 0.39209
    outer loop
      vertex 20.9524 22.838 57.4592
      vertex 20.2392 21.99 57.9
      vertex 20.9632 22.8344 57.482
    endloop
  endfacet
  facet normal -0.591444 0.702858 0.395203
    outer loop
      vertex 20.2392 21.99 57.9
      vertex 20.9524 22.838 57.4592
      vertex 20.152 21.99 57.7695
    endloop
  endfacet
  facet normal -0.469067 0.702841 -0.534781
    outer loop
      vertex 20.5096 22.9508 60.2068
      vertex 20.6867 22.9156 60.0052
      vertex 19.9305 21.99 59.452
    endloop
  endfacet
  facet normal 0.673642 0.702793 -0.228667
    outer loop
      vertex 17.1675 23 59.3419
      vertex 18.0913 21.99 58.9592
      vertex 17.075 23 59.0694
    endloop
  endfacet
  facet normal -0.673591 0.702784 0.228842
    outer loop
      vertex 21.1087 22.785 57.9541
      vertex 21.0531 22.8039 57.7324
      vertex 20.3087 21.99 58.0408
    endloop
  endfacet
  facet normal 0.591459 0.70284 -0.395212
    outer loop
      vertex 17.4546 23 59.8393
      vertex 18.248 21.99 59.2305
      vertex 17.2947 23 59.6
    endloop
  endfacet
  facet normal 0.638071 0.702836 0.314462
    outer loop
      vertex 18.1608 21.99 57.9
      vertex 17.2947 23 57.4
      vertex 17.1675 23 57.6581
    endloop
  endfacet
  facet normal -0.534905 0.702823 0.468952
    outer loop
      vertex 20.7765 22.8978 57.1213
      vertex 20.152 21.99 57.7695
      vertex 20.8464 22.874 57.2367
    endloop
  endfacet
  facet normal -0.534802 0.70283 0.46906
    outer loop
      vertex 20.152 21.99 57.7695
      vertex 20.7765 22.8978 57.1213
      vertex 20.7032 22.9123 57.016
    endloop
  endfacet
  facet normal -0.697715 0.702831 -0.13864
    outer loop
      vertex 20.3897 21.99 58.6566
      vertex 21.148 22.7716 58.8027
      vertex 21.1541 22.7687 58.7573
    endloop
  endfacet
  facet normal -0.69772 0.702831 -0.138618
    outer loop
      vertex 21.148 22.7716 58.8027
      vertex 20.3897 21.99 58.6566
      vertex 21.1218 22.7805 58.9797
    endloop
  endfacet
  facet normal -0.638149 0.70279 -0.314406
    outer loop
      vertex 20.3087 21.99 58.9592
      vertex 21.043 22.8073 59.2957
      vertex 21.0531 22.8039 59.2676
    endloop
  endfacet
  facet normal -0.637922 0.702783 -0.314883
    outer loop
      vertex 21.043 22.8073 59.2957
      vertex 20.3087 21.99 58.9592
      vertex 20.2392 21.99 59.1
    endloop
  endfacet
  facet normal -0.314838 0.702816 -0.637908
    outer loop
      vertex 20.0413 22.9973 60.5299
      vertex 20.2906 22.981 60.3889
      vertex 19.8 21.99 59.5392
    endloop
  endfacet
  facet normal 0.697651 0.702837 0.138937
    outer loop
      vertex 18.0103 21.99 58.3434
      vertex 17.075 23 57.9306
      vertex 17.0188 23 58.2128
    endloop
  endfacet
  facet normal 0.591459 0.70284 0.395212
    outer loop
      vertex 18.1608 21.99 57.9
      vertex 18.248 21.99 57.7695
      vertex 17.2947 23 57.4
    endloop
  endfacet
  facet normal 0.469182 0.702833 0.53469
    outer loop
      vertex 18.4695 21.99 57.548
      vertex 17.8607 23 56.7546
      vertex 17.6444 23 56.9444
    endloop
  endfacet
  facet normal 0.673681 0.702813 0.228489
    outer loop
      vertex 18.0409 21.99 58.1894
      vertex 18.0913 21.99 58.0408
      vertex 17.075 23 57.9306
    endloop
  endfacet
  facet normal 0.673642 0.702793 0.228667
    outer loop
      vertex 18.0913 21.99 58.0408
      vertex 17.1675 23 57.6581
      vertex 17.075 23 57.9306
    endloop
  endfacet
  facet normal -0.138643 0.702803 0.697744
    outer loop
      vertex 19.5106 21.99 57.3409
      vertex 19.7694 23 56.375
      vertex 19.3566 21.99 57.3103
    endloop
  endfacet
  facet normal -0.314871 0.702812 0.637896
    outer loop
      vertex 20.0413 22.9973 56.4701
      vertex 19.6592 21.99 57.3913
      vertex 19.8 21.99 57.4608
    endloop
  endfacet
  facet normal -0.318192 0.702688 0.636383
    outer loop
      vertex 19.6592 21.99 57.3913
      vertex 20.0413 22.9973 56.4701
      vertex 20.0409 22.9973 56.4699
    endloop
  endfacet
  facet normal -0.637989 0.702805 0.314699
    outer loop
      vertex 21.043 22.8073 57.7043
      vertex 20.9632 22.8344 57.482
      vertex 20.2392 21.99 57.9
    endloop
  endfacet
  facet normal -0.697715 0.702831 0.13864
    outer loop
      vertex 21.148 22.7716 58.1973
      vertex 20.3897 21.99 58.3434
      vertex 21.1541 22.7687 58.2427
    endloop
  endfacet
  facet normal -0.69772 0.702831 0.138618
    outer loop
      vertex 20.3897 21.99 58.3434
      vertex 21.148 22.7716 58.1973
      vertex 21.1218 22.7805 58.0203
    endloop
  endfacet
  facet normal -0.709855 0.702799 0.0466891
    outer loop
      vertex 20.4 21.99 58.5
      vertex 21.1638 22.7639 58.4634
      vertex 20.3897 21.99 58.3434
    endloop
  endfacet
  facet normal -0.709872 0.702801 0.0463944
    outer loop
      vertex 21.1638 22.7639 58.4634
      vertex 20.4 21.99 58.5
      vertex 21.1654 22.7631 58.5
    endloop
  endfacet
  facet normal -0.709846 0.702822 0.0464841
    outer loop
      vertex 21.1638 22.7639 58.4634
      vertex 21.1541 22.7687 58.2427
      vertex 20.3897 21.99 58.3434
    endloop
  endfacet
  facet normal 0.709841 0.702813 -0.0466881
    outer loop
      vertex 18.0103 21.99 58.6566
      vertex 18 21.99 58.5
      vertex 17 23 58.5
    endloop
  endfacet
  facet normal 0.138937 0.702837 -0.697651
    outer loop
      vertex 18.9128 23 60.6812
      vertex 19.0434 21.99 59.6897
      vertex 18.6306 23 60.625
    endloop
  endfacet
  facet normal -0.59344 0.702918 -0.39209
    outer loop
      vertex 20.2392 21.99 59.1
      vertex 20.9524 22.838 59.5408
      vertex 20.9632 22.8344 59.518
    endloop
  endfacet
  facet normal -0.591444 0.702858 -0.395203
    outer loop
      vertex 20.9524 22.838 59.5408
      vertex 20.2392 21.99 59.1
      vertex 20.152 21.99 59.2305
    endloop
  endfacet
  facet normal -0.637989 0.702805 -0.314699
    outer loop
      vertex 20.9632 22.8344 59.518
      vertex 21.043 22.8073 59.2957
      vertex 20.2392 21.99 59.1
    endloop
  endfacet
  facet normal -0.467107 0.70277 -0.536586
    outer loop
      vertex 20.0485 21.99 59.3485
      vertex 20.6867 22.9156 60.0052
      vertex 20.6954 22.9139 59.9954
    endloop
  endfacet
  facet normal -0.469067 0.702841 -0.534781
    outer loop
      vertex 20.6867 22.9156 60.0052
      vertex 20.0485 21.99 59.3485
      vertex 19.9305 21.99 59.452
    endloop
  endfacet
  facet normal -0.673254 0.702809 -0.229759
    outer loop
      vertex 20.3591 21.99 58.8106
      vertex 21.1087 22.785 59.0459
      vertex 21.1168 22.7822 59.0136
    endloop
  endfacet
  facet normal -0.67367 0.702825 -0.228486
    outer loop
      vertex 21.1087 22.785 59.0459
      vertex 20.3591 21.99 58.8106
      vertex 20.3087 21.99 58.9592
    endloop
  endfacet
  facet normal -0.673591 0.702784 -0.228842
    outer loop
      vertex 21.0531 22.8039 59.2676
      vertex 21.1087 22.785 59.0459
      vertex 20.3087 21.99 58.9592
    endloop
  endfacet
  facet normal -0.388258 0.703054 -0.595795
    outer loop
      vertex 20.293 22.9808 60.3871
      vertex 19.8 21.99 59.5392
      vertex 20.2906 22.981 60.3889
    endloop
  endfacet
  facet normal -0.395222 0.702821 -0.591474
    outer loop
      vertex 19.8 21.99 59.5392
      vertex 20.293 22.9808 60.3871
      vertex 19.9305 21.99 59.452
    endloop
  endfacet
  facet normal 0.0466881 0.702813 -0.709841
    outer loop
      vertex 19.2 23 60.7
      vertex 19.2 21.99 59.7
      vertex 19.0434 21.99 59.6897
    endloop
  endfacet
  facet normal 0.709831 0.702838 0.0464653
    outer loop
      vertex 18.0103 21.99 58.3434
      vertex 17.0188 23 58.2128
      vertex 17 23 58.5
    endloop
  endfacet
  facet normal 0.591459 0.70284 0.395212
    outer loop
      vertex 18.248 21.99 57.7695
      vertex 17.4546 23 57.1607
      vertex 17.2947 23 57.4
    endloop
  endfacet
  facet normal 0.395212 0.70284 0.591459
    outer loop
      vertex 18.4695 21.99 57.548
      vertex 18.1 23 56.5947
      vertex 17.8607 23 56.7546
    endloop
  endfacet
  facet normal 0.0466881 0.702813 0.709841
    outer loop
      vertex 19.2 21.99 57.3
      vertex 19.2 23 56.3
      vertex 19.0434 21.99 57.3103
    endloop
  endfacet
  facet normal 0.228667 0.702793 0.673642
    outer loop
      vertex 18.7408 21.99 57.3913
      vertex 18.6306 23 56.375
      vertex 18.3581 23 56.4675
    endloop
  endfacet
  facet normal 0.637919 0.702787 0.314882
    outer loop
      vertex 18.0913 21.99 58.0408
      vertex 18.1608 21.99 57.9
      vertex 17.1675 23 57.6581
    endloop
  endfacet
  facet normal 0.697744 0.702803 0.138643
    outer loop
      vertex 18.0103 21.99 58.3434
      vertex 18.0409 21.99 58.1894
      vertex 17.075 23 57.9306
    endloop
  endfacet
  facet normal -0.0466881 0.702813 0.709841
    outer loop
      vertex 19.3566 21.99 57.3103
      vertex 19.2 23 56.3
      vertex 19.2 21.99 57.3
    endloop
  endfacet
  facet normal -0.395222 0.702821 0.591474
    outer loop
      vertex 20.293 22.9808 56.6129
      vertex 19.8 21.99 57.4608
      vertex 19.9305 21.99 57.548
    endloop
  endfacet
  facet normal -0.388258 0.703054 0.595795
    outer loop
      vertex 19.8 21.99 57.4608
      vertex 20.293 22.9808 56.6129
      vertex 20.2906 22.981 56.6111
    endloop
  endfacet
  facet normal -0.314838 0.702816 0.637908
    outer loop
      vertex 20.2906 22.981 56.6111
      vertex 20.0413 22.9973 56.4701
      vertex 19.8 21.99 57.4608
    endloop
  endfacet
  facet normal -0.534788 0.702832 0.469073
    outer loop
      vertex 20.7032 22.9123 57.016
      vertex 20.0485 21.99 57.6515
      vertex 20.152 21.99 57.7695
    endloop
  endfacet
  facet normal -0.537349 0.702731 0.466289
    outer loop
      vertex 20.0485 21.99 57.6515
      vertex 20.7032 22.9123 57.016
      vertex 20.6954 22.9139 57.0046
    endloop
  endfacet
  facet normal -0.591327 0.70283 0.395427
    outer loop
      vertex 20.9524 22.838 57.4592
      vertex 20.8464 22.874 57.2367
      vertex 20.152 21.99 57.7695
    endloop
  endfacet
  facet normal -0.638149 0.70279 0.314406
    outer loop
      vertex 21.043 22.8073 57.7043
      vertex 20.3087 21.99 58.0408
      vertex 21.0531 22.8039 57.7324
    endloop
  endfacet
  facet normal -0.637922 0.702783 0.314883
    outer loop
      vertex 20.3087 21.99 58.0408
      vertex 21.043 22.8073 57.7043
      vertex 20.2392 21.99 57.9
    endloop
  endfacet
  facet normal -0.697714 0.702834 0.138637
    outer loop
      vertex 21.1218 22.7805 58.0203
      vertex 20.3591 21.99 58.1894
      vertex 20.3897 21.99 58.3434
    endloop
  endfacet
  facet normal -0.697813 0.702828 0.138167
    outer loop
      vertex 20.3591 21.99 58.1894
      vertex 21.1218 22.7805 58.0203
      vertex 21.1168 22.7822 57.9864
    endloop
  endfacet
  facet normal 0.638071 0.702836 -0.314462
    outer loop
      vertex 17.2947 23 59.6
      vertex 18.1608 21.99 59.1
      vertex 17.1675 23 59.3419
    endloop
  endfacet
  facet normal 0.637919 0.702787 -0.314882
    outer loop
      vertex 18.1608 21.99 59.1
      vertex 18.0913 21.99 58.9592
      vertex 17.1675 23 59.3419
    endloop
  endfacet
  facet normal 0.697651 0.702837 -0.138937
    outer loop
      vertex 17.075 23 59.0694
      vertex 18.0103 21.99 58.6566
      vertex 17.0188 23 58.7872
    endloop
  endfacet
  facet normal 0.673681 0.702813 -0.228489
    outer loop
      vertex 18.0913 21.99 58.9592
      vertex 18.0409 21.99 58.8106
      vertex 17.075 23 59.0694
    endloop
  endfacet
  facet normal 0.709841 0.702813 0.0466881
    outer loop
      vertex 18 21.99 58.5
      vertex 18.0103 21.99 58.3434
      vertex 17 23 58.5
    endloop
  endfacet
  facet normal 0.314462 0.702836 -0.638071
    outer loop
      vertex 18.3581 23 60.5325
      vertex 18.6 21.99 59.5392
      vertex 18.1 23 60.4053
    endloop
  endfacet
  facet normal 0.469082 0.702817 -0.534799
    outer loop
      vertex 18.4695 21.99 59.452
      vertex 18.3515 21.99 59.3485
      vertex 17.6444 23 60.0556
    endloop
  endfacet
  facet normal 0.0464653 0.702838 -0.709831
    outer loop
      vertex 19.2 23 60.7
      vertex 19.0434 21.99 59.6897
      vertex 18.9128 23 60.6812
    endloop
  endfacet
  facet normal -0.534905 0.702823 -0.468952
    outer loop
      vertex 20.152 21.99 59.2305
      vertex 20.7765 22.8978 59.8787
      vertex 20.8464 22.874 59.7633
    endloop
  endfacet
  facet normal -0.534802 0.70283 -0.46906
    outer loop
      vertex 20.7765 22.8978 59.8787
      vertex 20.152 21.99 59.2305
      vertex 20.7032 22.9123 59.984
    endloop
  endfacet
  facet normal -0.591327 0.70283 -0.395427
    outer loop
      vertex 20.8464 22.874 59.7633
      vertex 20.9524 22.838 59.5408
      vertex 20.152 21.99 59.2305
    endloop
  endfacet
  facet normal -0.697813 0.702828 -0.138167
    outer loop
      vertex 21.1218 22.7805 58.9797
      vertex 20.3591 21.99 58.8106
      vertex 21.1168 22.7822 59.0136
    endloop
  endfacet
  facet normal -0.697714 0.702834 -0.138637
    outer loop
      vertex 20.3591 21.99 58.8106
      vertex 21.1218 22.7805 58.9797
      vertex 20.3897 21.99 58.6566
    endloop
  endfacet
  facet normal -0.395289 0.702849 -0.591396
    outer loop
      vertex 19.9305 21.99 59.452
      vertex 20.3916 22.9743 60.3136
      vertex 20.5096 22.9508 60.2068
    endloop
  endfacet
  facet normal -0.394752 0.70288 -0.591718
    outer loop
      vertex 20.3916 22.9743 60.3136
      vertex 19.9305 21.99 59.452
      vertex 20.293 22.9808 60.3871
    endloop
  endfacet
  facet normal -0.0464653 0.702838 -0.709831
    outer loop
      vertex 19.4872 23 60.6812
      vertex 19.3566 21.99 59.6897
      vertex 19.2 23 60.7
    endloop
  endfacet
  facet normal -0.228651 0.702819 -0.67362
    outer loop
      vertex 19.6592 21.99 59.6087
      vertex 20 23 60.5468
      vertex 20.0409 22.9973 60.5301
    endloop
  endfacet
  facet normal -0.228458 0.702817 -0.673688
    outer loop
      vertex 20 23 60.5468
      vertex 19.6592 21.99 59.6087
      vertex 19.7694 23 60.625
    endloop
  endfacet
  facet normal -0.0466881 0.702813 -0.709841
    outer loop
      vertex 19.2 23 60.7
      vertex 19.3566 21.99 59.6897
      vertex 19.2 21.99 59.7
    endloop
  endfacet
  facet normal 0.314462 0.702836 0.638071
    outer loop
      vertex 18.6 21.99 57.4608
      vertex 18.3581 23 56.4675
      vertex 18.1 23 56.5947
    endloop
  endfacet
  facet normal 0.228489 0.702813 0.673681
    outer loop
      vertex 18.7408 21.99 57.3913
      vertex 18.8894 21.99 57.3409
      vertex 18.6306 23 56.375
    endloop
  endfacet
  facet normal 0.314882 0.702787 0.637919
    outer loop
      vertex 18.6 21.99 57.4608
      vertex 18.7408 21.99 57.3913
      vertex 18.3581 23 56.4675
    endloop
  endfacet
  facet normal 0.138643 0.702803 0.697744
    outer loop
      vertex 18.8894 21.99 57.3409
      vertex 19.0434 21.99 57.3103
      vertex 18.6306 23 56.375
    endloop
  endfacet
  facet normal 0.53469 0.702833 0.469182
    outer loop
      vertex 18.248 21.99 57.7695
      vertex 17.6444 23 56.9444
      vertex 17.4546 23 57.1607
    endloop
  endfacet
  facet normal 0.534799 0.702817 0.469082
    outer loop
      vertex 18.248 21.99 57.7695
      vertex 18.3515 21.99 57.6515
      vertex 17.6444 23 56.9444
    endloop
  endfacet
  facet normal -0.469067 0.702841 0.534781
    outer loop
      vertex 20.6867 22.9156 56.9948
      vertex 20.5096 22.9508 56.7932
      vertex 19.9305 21.99 57.548
    endloop
  endfacet
  facet normal -0.395289 0.702849 0.591396
    outer loop
      vertex 20.3916 22.9743 56.6864
      vertex 19.9305 21.99 57.548
      vertex 20.5096 22.9508 56.7932
    endloop
  endfacet
  facet normal -0.394752 0.70288 0.591718
    outer loop
      vertex 19.9305 21.99 57.548
      vertex 20.3916 22.9743 56.6864
      vertex 20.293 22.9808 56.6129
    endloop
  endfacet
  facet normal -0.228489 0.702813 0.673681
    outer loop
      vertex 19.6592 21.99 57.3913
      vertex 19.7694 23 56.375
      vertex 19.5106 21.99 57.3409
    endloop
  endfacet
  facet normal -0.228651 0.702819 0.67362
    outer loop
      vertex 20 23 56.4532
      vertex 19.6592 21.99 57.3913
      vertex 20.0409 22.9973 56.4699
    endloop
  endfacet
  facet normal -0.228458 0.702817 0.673688
    outer loop
      vertex 19.6592 21.99 57.3913
      vertex 20 23 56.4532
      vertex 19.7694 23 56.375
    endloop
  endfacet
  facet normal -0.0464653 0.702838 0.709831
    outer loop
      vertex 19.3566 21.99 57.3103
      vertex 19.4872 23 56.3188
      vertex 19.2 23 56.3
    endloop
  endfacet
  facet normal -0.138937 0.702837 0.697651
    outer loop
      vertex 19.7694 23 56.375
      vertex 19.4872 23 56.3188
      vertex 19.3566 21.99 57.3103
    endloop
  endfacet
  facet normal -0.673254 0.702809 0.229759
    outer loop
      vertex 21.1087 22.785 57.9541
      vertex 20.3591 21.99 58.1894
      vertex 21.1168 22.7822 57.9864
    endloop
  endfacet
  facet normal -0.67367 0.702825 0.228486
    outer loop
      vertex 20.3591 21.99 58.1894
      vertex 21.1087 22.785 57.9541
      vertex 20.3087 21.99 58.0408
    endloop
  endfacet
  facet normal 0.591459 0.70284 -0.395212
    outer loop
      vertex 18.248 21.99 59.2305
      vertex 18.1608 21.99 59.1
      vertex 17.2947 23 59.6
    endloop
  endfacet
  facet normal 0.709831 0.702838 -0.0464653
    outer loop
      vertex 17.0188 23 58.7872
      vertex 18.0103 21.99 58.6566
      vertex 17 23 58.5
    endloop
  endfacet
  facet normal 0.697744 0.702803 -0.138643
    outer loop
      vertex 18.0409 21.99 58.8106
      vertex 18.0103 21.99 58.6566
      vertex 17.075 23 59.0694
    endloop
  endfacet
  facet normal 0.395212 0.70284 -0.591459
    outer loop
      vertex 18.6 21.99 59.5392
      vertex 18.4695 21.99 59.452
      vertex 18.1 23 60.4053
    endloop
  endfacet
  facet normal 0.228489 0.702813 -0.673681
    outer loop
      vertex 18.8894 21.99 59.6591
      vertex 18.7408 21.99 59.6087
      vertex 18.6306 23 60.625
    endloop
  endfacet
  facet normal 0.314882 0.702787 -0.637919
    outer loop
      vertex 18.7408 21.99 59.6087
      vertex 18.6 21.99 59.5392
      vertex 18.3581 23 60.5325
    endloop
  endfacet
  facet normal -0.537349 0.702731 -0.466289
    outer loop
      vertex 20.7032 22.9123 59.984
      vertex 20.0485 21.99 59.3485
      vertex 20.6954 22.9139 59.9954
    endloop
  endfacet
  facet normal -0.534788 0.702832 -0.469073
    outer loop
      vertex 20.0485 21.99 59.3485
      vertex 20.7032 22.9123 59.984
      vertex 20.152 21.99 59.2305
    endloop
  endfacet
  facet normal -0.138937 0.702837 -0.697651
    outer loop
      vertex 19.4872 23 60.6812
      vertex 19.7694 23 60.625
      vertex 19.3566 21.99 59.6897
    endloop
  endfacet
  facet normal -0.318192 0.702688 -0.636383
    outer loop
      vertex 20.0413 22.9973 60.5299
      vertex 19.6592 21.99 59.6087
      vertex 20.0409 22.9973 60.5301
    endloop
  endfacet
  facet normal -0.314871 0.702812 -0.637896
    outer loop
      vertex 19.6592 21.99 59.6087
      vertex 20.0413 22.9973 60.5299
      vertex 19.8 21.99 59.5392
    endloop
  endfacet
  facet normal 0.395212 0.70284 0.591459
    outer loop
      vertex 18.4695 21.99 57.548
      vertex 18.6 21.99 57.4608
      vertex 18.1 23 56.5947
    endloop
  endfacet
  facet normal 0.138937 0.702837 0.697651
    outer loop
      vertex 19.0434 21.99 57.3103
      vertex 18.9128 23 56.3188
      vertex 18.6306 23 56.375
    endloop
  endfacet
  facet normal 0.0464653 0.702838 0.709831
    outer loop
      vertex 19.0434 21.99 57.3103
      vertex 19.2 23 56.3
      vertex 18.9128 23 56.3188
    endloop
  endfacet
  facet normal -0.467107 0.70277 0.536586
    outer loop
      vertex 20.6867 22.9156 56.9948
      vertex 20.0485 21.99 57.6515
      vertex 20.6954 22.9139 57.0046
    endloop
  endfacet
  facet normal -0.469067 0.702841 0.534781
    outer loop
      vertex 20.0485 21.99 57.6515
      vertex 20.6867 22.9156 56.9948
      vertex 19.9305 21.99 57.548
    endloop
  endfacet
  facet normal 0.534799 0.702817 -0.469082
    outer loop
      vertex 18.3515 21.99 59.3485
      vertex 18.248 21.99 59.2305
      vertex 17.6444 23 60.0556
    endloop
  endfacet
  facet normal 0.53469 0.702833 -0.469182
    outer loop
      vertex 17.6444 23 60.0556
      vertex 18.248 21.99 59.2305
      vertex 17.4546 23 59.8393
    endloop
  endfacet
  facet normal 0.469182 0.702833 -0.53469
    outer loop
      vertex 17.8607 23 60.2454
      vertex 18.4695 21.99 59.452
      vertex 17.6444 23 60.0556
    endloop
  endfacet
  facet normal 0.395212 0.70284 -0.591459
    outer loop
      vertex 18.1 23 60.4053
      vertex 18.4695 21.99 59.452
      vertex 17.8607 23 60.2454
    endloop
  endfacet
  facet normal 0.228667 0.702793 -0.673642
    outer loop
      vertex 18.6306 23 60.625
      vertex 18.7408 21.99 59.6087
      vertex 18.3581 23 60.5325
    endloop
  endfacet
  facet normal 0.138643 0.702803 -0.697744
    outer loop
      vertex 19.0434 21.99 59.6897
      vertex 18.8894 21.99 59.6591
      vertex 18.6306 23 60.625
    endloop
  endfacet
  facet normal -0.228489 0.702813 -0.673681
    outer loop
      vertex 19.7694 23 60.625
      vertex 19.6592 21.99 59.6087
      vertex 19.5106 21.99 59.6591
    endloop
  endfacet
  facet normal -0.138643 0.702803 -0.697744
    outer loop
      vertex 19.7694 23 60.625
      vertex 19.5106 21.99 59.6591
      vertex 19.3566 21.99 59.6897
    endloop
  endfacet
endsolid OpenSCAD_Model
