solid OpenSCAD_Model
  facet normal -0.659478 -0.751724 0
    outer loop
      vertex -22.1213 -22.1213 0
      vertex -21.8263 -22.3801 62
      vertex -22.1213 -22.1213 62
    endloop
  endfacet
  facet normal -0.659478 -0.751724 -0
    outer loop
      vertex -21.8263 -22.3801 62
      vertex -22.1213 -22.1213 0
      vertex -21.8263 -22.3801 0
    endloop
  endfacet
  facet normal 0.751724 -0.659478 0
    outer loop
      vertex 22.1213 -22.1213 62
      vertex 22.3801 -21.8263 0
      vertex 22.3801 -21.8263 62
    endloop
  endfacet
  facet normal 0.751724 -0.659478 0
    outer loop
      vertex 22.3801 -21.8263 0
      vertex 22.1213 -22.1213 62
      vertex 22.1213 -22.1213 0
    endloop
  endfacet
  facet normal -1 0 0
    outer loop
      vertex -23 0 0
      vertex -23 -1.6 38
      vertex -23 0 62
    endloop
  endfacet
  facet normal -1 0 0
    outer loop
      vertex -23 0 0
      vertex -23 -1.6077 37.8825
      vertex -23 -1.6 38
    endloop
  endfacet
  facet normal -1 0 0
    outer loop
      vertex -23 0 0
      vertex -23 -1.63067 37.7671
      vertex -23 -1.6077 37.8825
    endloop
  endfacet
  facet normal -1 0 0
    outer loop
      vertex -23 0 0
      vertex -23 -1.66851 37.6556
      vertex -23 -1.63067 37.7671
    endloop
  endfacet
  facet normal -1 0 0
    outer loop
      vertex -23 0 0
      vertex -23 -1.72058 37.55
      vertex -23 -1.66851 37.6556
    endloop
  endfacet
  facet normal -1 0 0
    outer loop
      vertex -23 0 0
      vertex -23 -1.78598 37.4521
      vertex -23 -1.72058 37.55
    endloop
  endfacet
  facet normal -1 0 0
    outer loop
      vertex -23 0 0
      vertex -23 -1.8636 37.3636
      vertex -23 -1.78598 37.4521
    endloop
  endfacet
  facet normal -1 0 0
    outer loop
      vertex -23 0 0
      vertex -23 -1.95211 37.286
      vertex -23 -1.8636 37.3636
    endloop
  endfacet
  facet normal -1 0 0
    outer loop
      vertex -23 0 0
      vertex -23 -2.05 37.2206
      vertex -23 -1.95211 37.286
    endloop
  endfacet
  facet normal -1 0 0
    outer loop
      vertex -23 0 0
      vertex -23 -2.15558 37.1685
      vertex -23 -2.05 37.2206
    endloop
  endfacet
  facet normal -1 0 0
    outer loop
      vertex -23 0 0
      vertex -23 -2.26706 37.1307
      vertex -23 -2.15558 37.1685
    endloop
  endfacet
  facet normal -1 0 0
    outer loop
      vertex -23 0 0
      vertex -23 -2.38253 37.1077
      vertex -23 -2.26706 37.1307
    endloop
  endfacet
  facet normal -1 0 0
    outer loop
      vertex -23 0 0
      vertex -23 -2.5 37.1
      vertex -23 -2.38253 37.1077
    endloop
  endfacet
  facet normal -1 0 0
    outer loop
      vertex -23 0 0
      vertex -23 -2.61747 37.1077
      vertex -23 -2.5 37.1
    endloop
  endfacet
  facet normal -1 0 0
    outer loop
      vertex -23 -5.88253 37.1077
      vertex -23 -2.61747 37.1077
      vertex -23 0 0
    endloop
  endfacet
  facet normal -1 0 0
    outer loop
      vertex -23 -2.61747 37.1077
      vertex -23 -5.88253 37.1077
      vertex -23 -2.73294 37.1307
    endloop
  endfacet
  facet normal -1 0 -0
    outer loop
      vertex -23 -5.76706 37.1307
      vertex -23 -2.73294 37.1307
      vertex -23 -5.88253 37.1077
    endloop
  endfacet
  facet normal -1 0 0
    outer loop
      vertex -23 -2.73294 37.1307
      vertex -23 -5.76706 37.1307
      vertex -23 -2.84441 37.1685
    endloop
  endfacet
  facet normal -1 0 -0
    outer loop
      vertex -23 -5.65558 37.1685
      vertex -23 -2.84441 37.1685
      vertex -23 -5.76706 37.1307
    endloop
  endfacet
  facet normal -1 0 0
    outer loop
      vertex -23 -2.84441 37.1685
      vertex -23 -5.65558 37.1685
      vertex -23 -2.95 37.2206
    endloop
  endfacet
  facet normal -1 0 0
    outer loop
      vertex -23 -2.95 37.2206
      vertex -23 -5.55 37.2206
      vertex -23 -3.04788 37.286
    endloop
  endfacet
  facet normal -1 0 -0
    outer loop
      vertex -23 -5.45211 37.286
      vertex -23 -3.04788 37.286
      vertex -23 -5.55 37.2206
    endloop
  endfacet
  facet normal -1 0 0
    outer loop
      vertex -23 -3.04788 37.286
      vertex -23 -5.45211 37.286
      vertex -23 -3.1364 37.3636
    endloop
  endfacet
  facet normal -1 0 0
    outer loop
      vertex -23 -3.1364 37.3636
      vertex -23 -5.3636 37.3636
      vertex -23 -3.21402 37.4521
    endloop
  endfacet
  facet normal -1 0 0
    outer loop
      vertex -23 -3.3923 37.8825
      vertex -23 -5.1 38
      vertex -23 -3.4 38
    endloop
  endfacet
  facet normal -1 0 -0
    outer loop
      vertex -23 -5.28598 37.4521
      vertex -23 -3.21402 37.4521
      vertex -23 -5.3636 37.3636
    endloop
  endfacet
  facet normal -1 0 0
    outer loop
      vertex -23 -3.3923 37.8825
      vertex -23 -5.1077 37.8825
      vertex -23 -5.1 38
    endloop
  endfacet
  facet normal -1 -0 0
    outer loop
      vertex -23 -3.3923 37.8825
      vertex -23 -5.13067 37.7671
      vertex -23 -5.1077 37.8825
    endloop
  endfacet
  facet normal -1 0 0
    outer loop
      vertex -23 -3.36933 37.7671
      vertex -23 -5.13067 37.7671
      vertex -23 -3.3923 37.8825
    endloop
  endfacet
  facet normal -1 0 -0
    outer loop
      vertex -23 -5.13067 37.7671
      vertex -23 -3.36933 37.7671
      vertex -23 -5.16851 37.6556
    endloop
  endfacet
  facet normal -1 0 0
    outer loop
      vertex -23 -3.33149 37.6556
      vertex -23 -5.16851 37.6556
      vertex -23 -3.36933 37.7671
    endloop
  endfacet
  facet normal -1 0 -0
    outer loop
      vertex -23 -5.16851 37.6556
      vertex -23 -3.33149 37.6556
      vertex -23 -5.22058 37.55
    endloop
  endfacet
  facet normal -1 0 0
    outer loop
      vertex -23 -3.27942 37.55
      vertex -23 -5.22058 37.55
      vertex -23 -3.33149 37.6556
    endloop
  endfacet
  facet normal -1 0 -0
    outer loop
      vertex -23 -5.22058 37.55
      vertex -23 -3.27942 37.55
      vertex -23 -5.28598 37.4521
    endloop
  endfacet
  facet normal -1 0 0
    outer loop
      vertex -23 -3.21402 37.4521
      vertex -23 -5.28598 37.4521
      vertex -23 -3.27942 37.55
    endloop
  endfacet
  facet normal -1 0 -0
    outer loop
      vertex -23 -5.3636 37.3636
      vertex -23 -3.1364 37.3636
      vertex -23 -5.45211 37.286
    endloop
  endfacet
  facet normal -1 0 -0
    outer loop
      vertex -23 -5.55 37.2206
      vertex -23 -2.95 37.2206
      vertex -23 -5.65558 37.1685
    endloop
  endfacet
  facet normal -1 0 0
    outer loop
      vertex -23 0 0
      vertex -23 -6 37.1
      vertex -23 -5.88253 37.1077
    endloop
  endfacet
  facet normal -1 0 0
    outer loop
      vertex -23 0 0
      vertex -23 -6.11747 37.1077
      vertex -23 -6 37.1
    endloop
  endfacet
  facet normal -1 0 0
    outer loop
      vertex -23 -9.38253 37.1077
      vertex -23 -6.11747 37.1077
      vertex -23 0 0
    endloop
  endfacet
  facet normal -1 0 0
    outer loop
      vertex -23 -6.11747 37.1077
      vertex -23 -9.38253 37.1077
      vertex -23 -6.23294 37.1307
    endloop
  endfacet
  facet normal -1 0 -0
    outer loop
      vertex -23 -9.26706 37.1307
      vertex -23 -6.23294 37.1307
      vertex -23 -9.38253 37.1077
    endloop
  endfacet
  facet normal -1 0 0
    outer loop
      vertex -23 -6.23294 37.1307
      vertex -23 -9.26706 37.1307
      vertex -23 -6.34441 37.1685
    endloop
  endfacet
  facet normal -1 0 -0
    outer loop
      vertex -23 -9.15558 37.1685
      vertex -23 -6.34441 37.1685
      vertex -23 -9.26706 37.1307
    endloop
  endfacet
  facet normal -1 0 0
    outer loop
      vertex -23 -6.34441 37.1685
      vertex -23 -9.15558 37.1685
      vertex -23 -6.45 37.2206
    endloop
  endfacet
  facet normal -1 0 0
    outer loop
      vertex -23 -6.45 37.2206
      vertex -23 -9.05 37.2206
      vertex -23 -6.54788 37.286
    endloop
  endfacet
  facet normal -1 0 -0
    outer loop
      vertex -23 -8.95211 37.286
      vertex -23 -6.54788 37.286
      vertex -23 -9.05 37.2206
    endloop
  endfacet
  facet normal -1 0 0
    outer loop
      vertex -23 -6.54788 37.286
      vertex -23 -8.95211 37.286
      vertex -23 -6.6364 37.3636
    endloop
  endfacet
  facet normal -1 0 0
    outer loop
      vertex -23 -6.6364 37.3636
      vertex -23 -8.8636 37.3636
      vertex -23 -6.71402 37.4521
    endloop
  endfacet
  facet normal -1 0 0
    outer loop
      vertex -23 -6.8923 37.8825
      vertex -23 -8.6 38
      vertex -23 -6.9 38
    endloop
  endfacet
  facet normal -1 0 -0
    outer loop
      vertex -23 -8.78598 37.4521
      vertex -23 -6.71402 37.4521
      vertex -23 -8.8636 37.3636
    endloop
  endfacet
  facet normal -1 0 0
    outer loop
      vertex -23 -6.8923 37.8825
      vertex -23 -8.6077 37.8825
      vertex -23 -8.6 38
    endloop
  endfacet
  facet normal -1 -0 0
    outer loop
      vertex -23 -6.8923 37.8825
      vertex -23 -8.63067 37.7671
      vertex -23 -8.6077 37.8825
    endloop
  endfacet
  facet normal -1 0 0
    outer loop
      vertex -23 -6.86933 37.7671
      vertex -23 -8.63067 37.7671
      vertex -23 -6.8923 37.8825
    endloop
  endfacet
  facet normal -1 0 -0
    outer loop
      vertex -23 -8.63067 37.7671
      vertex -23 -6.86933 37.7671
      vertex -23 -8.66851 37.6556
    endloop
  endfacet
  facet normal -1 0 0
    outer loop
      vertex -23 -6.83149 37.6556
      vertex -23 -8.66851 37.6556
      vertex -23 -6.86933 37.7671
    endloop
  endfacet
  facet normal -1 0 -0
    outer loop
      vertex -23 -8.66851 37.6556
      vertex -23 -6.83149 37.6556
      vertex -23 -8.72058 37.55
    endloop
  endfacet
  facet normal -1 0 0
    outer loop
      vertex -23 -6.77942 37.55
      vertex -23 -8.72058 37.55
      vertex -23 -6.83149 37.6556
    endloop
  endfacet
  facet normal -1 0 -0
    outer loop
      vertex -23 -8.72058 37.55
      vertex -23 -6.77942 37.55
      vertex -23 -8.78598 37.4521
    endloop
  endfacet
  facet normal -1 0 0
    outer loop
      vertex -23 -6.71402 37.4521
      vertex -23 -8.78598 37.4521
      vertex -23 -6.77942 37.55
    endloop
  endfacet
  facet normal -1 0 -0
    outer loop
      vertex -23 -8.8636 37.3636
      vertex -23 -6.6364 37.3636
      vertex -23 -8.95211 37.286
    endloop
  endfacet
  facet normal -1 0 -0
    outer loop
      vertex -23 -9.05 37.2206
      vertex -23 -6.45 37.2206
      vertex -23 -9.15558 37.1685
    endloop
  endfacet
  facet normal -1 0 0
    outer loop
      vertex -23 0 0
      vertex -23 -9.5 37.1
      vertex -23 -9.38253 37.1077
    endloop
  endfacet
  facet normal -1 0 0
    outer loop
      vertex -23 -20 0
      vertex -23 -9.5 37.1
      vertex -23 0 0
    endloop
  endfacet
  facet normal -1 -0 0
    outer loop
      vertex -23 -9.5 37.1
      vertex -23 -20 0
      vertex -23 -9.61747 37.1077
    endloop
  endfacet
  facet normal -1 0 -0
    outer loop
      vertex -23 -12.8825 37.1077
      vertex -23 -9.61747 37.1077
      vertex -23 -20 0
    endloop
  endfacet
  facet normal -1 0 0
    outer loop
      vertex -23 -9.61747 37.1077
      vertex -23 -12.8825 37.1077
      vertex -23 -9.73294 37.1307
    endloop
  endfacet
  facet normal -1 0 -0
    outer loop
      vertex -23 -12.7671 37.1307
      vertex -23 -9.73294 37.1307
      vertex -23 -12.8825 37.1077
    endloop
  endfacet
  facet normal -1 0 0
    outer loop
      vertex -23 -9.73294 37.1307
      vertex -23 -12.7671 37.1307
      vertex -23 -9.84441 37.1685
    endloop
  endfacet
  facet normal -1 0 0
    outer loop
      vertex -23 -9.84441 37.1685
      vertex -23 -12.6556 37.1685
      vertex -23 -9.95 37.2206
    endloop
  endfacet
  facet normal -1 0 0
    outer loop
      vertex -23 -9.95 37.2206
      vertex -23 -12.55 37.2206
      vertex -23 -10.0479 37.286
    endloop
  endfacet
  facet normal -1 0 -0
    outer loop
      vertex -23 -12.4521 37.286
      vertex -23 -10.0479 37.286
      vertex -23 -12.55 37.2206
    endloop
  endfacet
  facet normal -1 0 0
    outer loop
      vertex -23 -10.0479 37.286
      vertex -23 -12.4521 37.286
      vertex -23 -10.1364 37.3636
    endloop
  endfacet
  facet normal -1 0 0
    outer loop
      vertex -23 -10.3923 37.8825
      vertex -23 -12.1 38
      vertex -23 -10.4 38
    endloop
  endfacet
  facet normal -1 0 0
    outer loop
      vertex -23 -12.1077 37.8825
      vertex -23 -10.3923 37.8825
      vertex -23 -10.3693 37.7671
    endloop
  endfacet
  facet normal -1 0 0
    outer loop
      vertex -23 -10.1364 37.3636
      vertex -23 -12.3636 37.3636
      vertex -23 -10.214 37.4521
    endloop
  endfacet
  facet normal -1 0 0
    outer loop
      vertex -23 -10.3923 37.8825
      vertex -23 -12.1077 37.8825
      vertex -23 -12.1 38
    endloop
  endfacet
  facet normal -1 0 0
    outer loop
      vertex -23 -10.3693 37.7671
      vertex -23 -12.1307 37.7671
      vertex -23 -12.1077 37.8825
    endloop
  endfacet
  facet normal -1 -0 0
    outer loop
      vertex -23 -10.3693 37.7671
      vertex -23 -12.1685 37.6556
      vertex -23 -12.1307 37.7671
    endloop
  endfacet
  facet normal -1 0 0
    outer loop
      vertex -23 -10.3315 37.6556
      vertex -23 -12.1685 37.6556
      vertex -23 -10.3693 37.7671
    endloop
  endfacet
  facet normal -1 0 -0
    outer loop
      vertex -23 -12.1685 37.6556
      vertex -23 -10.3315 37.6556
      vertex -23 -12.2206 37.55
    endloop
  endfacet
  facet normal -1 0 0
    outer loop
      vertex -23 -10.2794 37.55
      vertex -23 -12.2206 37.55
      vertex -23 -10.3315 37.6556
    endloop
  endfacet
  facet normal -1 0 -0
    outer loop
      vertex -23 -12.2206 37.55
      vertex -23 -10.2794 37.55
      vertex -23 -12.286 37.4521
    endloop
  endfacet
  facet normal -1 0 0
    outer loop
      vertex -23 -10.214 37.4521
      vertex -23 -12.286 37.4521
      vertex -23 -10.2794 37.55
    endloop
  endfacet
  facet normal -1 0 -0
    outer loop
      vertex -23 -12.286 37.4521
      vertex -23 -10.214 37.4521
      vertex -23 -12.3636 37.3636
    endloop
  endfacet
  facet normal -1 0 -0
    outer loop
      vertex -23 -12.3636 37.3636
      vertex -23 -10.1364 37.3636
      vertex -23 -12.4521 37.286
    endloop
  endfacet
  facet normal -1 0 -0
    outer loop
      vertex -23 -12.55 37.2206
      vertex -23 -9.95 37.2206
      vertex -23 -12.6556 37.1685
    endloop
  endfacet
  facet normal -1 0 -0
    outer loop
      vertex -23 -12.6556 37.1685
      vertex -23 -9.84441 37.1685
      vertex -23 -12.7671 37.1307
    endloop
  endfacet
  facet normal -1 0 0
    outer loop
      vertex -23 -12.8825 37.1077
      vertex -23 -20 0
      vertex -23 -13 37.1
    endloop
  endfacet
  facet normal -1 -0 0
    outer loop
      vertex -23 -13 37.1
      vertex -23 -20 0
      vertex -23 -13.1175 37.1077
    endloop
  endfacet
  facet normal -1 -0 0
    outer loop
      vertex -23 -13.1175 37.1077
      vertex -23 -20 0
      vertex -23 -13.2329 37.1307
    endloop
  endfacet
  facet normal -1 -0 0
    outer loop
      vertex -23 -13.2329 37.1307
      vertex -23 -20 0
      vertex -23 -13.3444 37.1685
    endloop
  endfacet
  facet normal -1 -0 0
    outer loop
      vertex -23 -13.3444 37.1685
      vertex -23 -20 0
      vertex -23 -13.45 37.2206
    endloop
  endfacet
  facet normal -1 -0 0
    outer loop
      vertex -23 -13.45 37.2206
      vertex -23 -20 0
      vertex -23 -13.5479 37.286
    endloop
  endfacet
  facet normal -1 -0 0
    outer loop
      vertex -23 -13.5479 37.286
      vertex -23 -20 0
      vertex -23 -13.6364 37.3636
    endloop
  endfacet
  facet normal -1 -0 0
    outer loop
      vertex -23 -13.6364 37.3636
      vertex -23 -20 0
      vertex -23 -13.714 37.4521
    endloop
  endfacet
  facet normal -1 -0 0
    outer loop
      vertex -23 -13.714 37.4521
      vertex -23 -20 0
      vertex -23 -13.7794 37.55
    endloop
  endfacet
  facet normal -1 0 0
    outer loop
      vertex -23 -20 62
      vertex -23 -13.8923 37.8825
      vertex -23 -20 0
    endloop
  endfacet
  facet normal -1 -0 0
    outer loop
      vertex -23 -13.8693 37.7671
      vertex -23 -20 0
      vertex -23 -13.8923 37.8825
    endloop
  endfacet
  facet normal -1 -0 0
    outer loop
      vertex -23 -13.8315 37.6556
      vertex -23 -20 0
      vertex -23 -13.8693 37.7671
    endloop
  endfacet
  facet normal -1 -0 0
    outer loop
      vertex -23 -13.7794 37.55
      vertex -23 -20 0
      vertex -23 -13.8315 37.6556
    endloop
  endfacet
  facet normal -1 0 0
    outer loop
      vertex -23 -1.6077 38.1175
      vertex -23 0 62
      vertex -23 -1.6 38
    endloop
  endfacet
  facet normal -1 0 0
    outer loop
      vertex -23 -1.63067 38.2329
      vertex -23 0 62
      vertex -23 -1.6077 38.1175
    endloop
  endfacet
  facet normal -1 0 0
    outer loop
      vertex -23 -1.66851 38.3444
      vertex -23 0 62
      vertex -23 -1.63067 38.2329
    endloop
  endfacet
  facet normal -1 0 0
    outer loop
      vertex -23 -1.72058 38.45
      vertex -23 0 62
      vertex -23 -1.66851 38.3444
    endloop
  endfacet
  facet normal -1 0 0
    outer loop
      vertex -23 -1.78598 38.5479
      vertex -23 0 62
      vertex -23 -1.72058 38.45
    endloop
  endfacet
  facet normal -1 0 0
    outer loop
      vertex -23 -1.8636 38.6364
      vertex -23 0 62
      vertex -23 -1.78598 38.5479
    endloop
  endfacet
  facet normal -1 0 0
    outer loop
      vertex -23 -1.95211 38.714
      vertex -23 0 62
      vertex -23 -1.8636 38.6364
    endloop
  endfacet
  facet normal -1 0 0
    outer loop
      vertex -23 -2.05 38.7794
      vertex -23 0 62
      vertex -23 -1.95211 38.714
    endloop
  endfacet
  facet normal -1 0 0
    outer loop
      vertex -23 -2.15558 38.8315
      vertex -23 0 62
      vertex -23 -2.05 38.7794
    endloop
  endfacet
  facet normal -1 0 0
    outer loop
      vertex -23 -2.26706 38.8693
      vertex -23 0 62
      vertex -23 -2.15558 38.8315
    endloop
  endfacet
  facet normal -1 0 0
    outer loop
      vertex -23 -2.38253 38.8923
      vertex -23 0 62
      vertex -23 -2.26706 38.8693
    endloop
  endfacet
  facet normal -1 0 0
    outer loop
      vertex -23 -2.5 38.9
      vertex -23 0 62
      vertex -23 -2.38253 38.8923
    endloop
  endfacet
  facet normal -1 0 0
    outer loop
      vertex -23 -2.61747 38.8923
      vertex -23 0 62
      vertex -23 -2.5 38.9
    endloop
  endfacet
  facet normal -1 0 0
    outer loop
      vertex -23 -5.88253 38.8923
      vertex -23 -2.61747 38.8923
      vertex -23 -2.73294 38.8693
    endloop
  endfacet
  facet normal -1 0 0
    outer loop
      vertex -23 -5.76706 38.8693
      vertex -23 -2.73294 38.8693
      vertex -23 -2.84441 38.8315
    endloop
  endfacet
  facet normal -1 0 0
    outer loop
      vertex -23 -5.65558 38.8315
      vertex -23 -2.84441 38.8315
      vertex -23 -2.95 38.7794
    endloop
  endfacet
  facet normal -1 0 0
    outer loop
      vertex -23 -5.55 38.7794
      vertex -23 -2.95 38.7794
      vertex -23 -3.04788 38.714
    endloop
  endfacet
  facet normal -1 0 0
    outer loop
      vertex -23 -5.45211 38.714
      vertex -23 -3.04788 38.714
      vertex -23 -3.1364 38.6364
    endloop
  endfacet
  facet normal -1 0 0
    outer loop
      vertex -23 -5.3636 38.6364
      vertex -23 -3.1364 38.6364
      vertex -23 -3.21402 38.5479
    endloop
  endfacet
  facet normal -1 0 0
    outer loop
      vertex -23 -5.28598 38.5479
      vertex -23 -3.21402 38.5479
      vertex -23 -3.27942 38.45
    endloop
  endfacet
  facet normal -1 0 0
    outer loop
      vertex -23 -5.22058 38.45
      vertex -23 -3.27942 38.45
      vertex -23 -3.33149 38.3444
    endloop
  endfacet
  facet normal -1 0 0
    outer loop
      vertex -23 -5.16851 38.3444
      vertex -23 -3.33149 38.3444
      vertex -23 -3.36933 38.2329
    endloop
  endfacet
  facet normal -1 0 0
    outer loop
      vertex -23 -5.13067 38.2329
      vertex -23 -3.36933 38.2329
      vertex -23 -3.3923 38.1175
    endloop
  endfacet
  facet normal -1 0 0
    outer loop
      vertex -23 -5.1 38
      vertex -23 -3.3923 38.1175
      vertex -23 -3.4 38
    endloop
  endfacet
  facet normal -1 0 0
    outer loop
      vertex -23 -5.1077 38.1175
      vertex -23 -3.3923 38.1175
      vertex -23 -5.1 38
    endloop
  endfacet
  facet normal -1 0 0
    outer loop
      vertex -23 -5.13067 38.2329
      vertex -23 -3.3923 38.1175
      vertex -23 -5.1077 38.1175
    endloop
  endfacet
  facet normal -1 0 0
    outer loop
      vertex -23 -3.36933 38.2329
      vertex -23 -5.13067 38.2329
      vertex -23 -5.16851 38.3444
    endloop
  endfacet
  facet normal -1 0 0
    outer loop
      vertex -23 -3.33149 38.3444
      vertex -23 -5.16851 38.3444
      vertex -23 -5.22058 38.45
    endloop
  endfacet
  facet normal -1 0 0
    outer loop
      vertex -23 -3.27942 38.45
      vertex -23 -5.22058 38.45
      vertex -23 -5.28598 38.5479
    endloop
  endfacet
  facet normal -1 0 0
    outer loop
      vertex -23 -3.21402 38.5479
      vertex -23 -5.28598 38.5479
      vertex -23 -5.3636 38.6364
    endloop
  endfacet
  facet normal -1 0 0
    outer loop
      vertex -23 -3.1364 38.6364
      vertex -23 -5.3636 38.6364
      vertex -23 -5.45211 38.714
    endloop
  endfacet
  facet normal -1 0 0
    outer loop
      vertex -23 -3.04788 38.714
      vertex -23 -5.45211 38.714
      vertex -23 -5.55 38.7794
    endloop
  endfacet
  facet normal -1 0 0
    outer loop
      vertex -23 -2.95 38.7794
      vertex -23 -5.55 38.7794
      vertex -23 -5.65558 38.8315
    endloop
  endfacet
  facet normal -1 0 0
    outer loop
      vertex -23 -2.84441 38.8315
      vertex -23 -5.65558 38.8315
      vertex -23 -5.76706 38.8693
    endloop
  endfacet
  facet normal -1 0 0
    outer loop
      vertex -23 -2.73294 38.8693
      vertex -23 -5.76706 38.8693
      vertex -23 -5.88253 38.8923
    endloop
  endfacet
  facet normal -1 0 0
    outer loop
      vertex -23 -2.61747 38.8923
      vertex -23 -5.88253 38.8923
      vertex -23 0 62
    endloop
  endfacet
  facet normal -1 0 0
    outer loop
      vertex -23 -6 38.9
      vertex -23 0 62
      vertex -23 -5.88253 38.8923
    endloop
  endfacet
  facet normal -1 0 0
    outer loop
      vertex -23 -6.11747 38.8923
      vertex -23 0 62
      vertex -23 -6 38.9
    endloop
  endfacet
  facet normal -1 0 0
    outer loop
      vertex -23 -9.38253 38.8923
      vertex -23 -6.11747 38.8923
      vertex -23 -6.23294 38.8693
    endloop
  endfacet
  facet normal -1 0 0
    outer loop
      vertex -23 -9.26706 38.8693
      vertex -23 -6.23294 38.8693
      vertex -23 -6.34441 38.8315
    endloop
  endfacet
  facet normal -1 0 0
    outer loop
      vertex -23 -9.15558 38.8315
      vertex -23 -6.34441 38.8315
      vertex -23 -6.45 38.7794
    endloop
  endfacet
  facet normal -1 0 0
    outer loop
      vertex -23 -9.05 38.7794
      vertex -23 -6.45 38.7794
      vertex -23 -6.54788 38.714
    endloop
  endfacet
  facet normal -1 0 0
    outer loop
      vertex -23 -8.95211 38.714
      vertex -23 -6.54788 38.714
      vertex -23 -6.6364 38.6364
    endloop
  endfacet
  facet normal -1 0 0
    outer loop
      vertex -23 -8.8636 38.6364
      vertex -23 -6.6364 38.6364
      vertex -23 -6.71402 38.5479
    endloop
  endfacet
  facet normal -1 0 0
    outer loop
      vertex -23 -8.78598 38.5479
      vertex -23 -6.71402 38.5479
      vertex -23 -6.77942 38.45
    endloop
  endfacet
  facet normal -1 0 0
    outer loop
      vertex -23 -8.72058 38.45
      vertex -23 -6.77942 38.45
      vertex -23 -6.83149 38.3444
    endloop
  endfacet
  facet normal -1 0 0
    outer loop
      vertex -23 -8.66851 38.3444
      vertex -23 -6.83149 38.3444
      vertex -23 -6.86933 38.2329
    endloop
  endfacet
  facet normal -1 0 0
    outer loop
      vertex -23 -8.6 38
      vertex -23 -6.8923 38.1175
      vertex -23 -6.9 38
    endloop
  endfacet
  facet normal -1 0 0
    outer loop
      vertex -23 -8.6077 38.1175
      vertex -23 -6.8923 38.1175
      vertex -23 -8.6 38
    endloop
  endfacet
  facet normal -1 0 0
    outer loop
      vertex -23 -6.8923 38.1175
      vertex -23 -8.6077 38.1175
      vertex -23 -6.86933 38.2329
    endloop
  endfacet
  facet normal -1 0 0
    outer loop
      vertex -23 -8.63067 38.2329
      vertex -23 -6.86933 38.2329
      vertex -23 -8.6077 38.1175
    endloop
  endfacet
  facet normal -1 0 0
    outer loop
      vertex -23 -8.66851 38.3444
      vertex -23 -6.86933 38.2329
      vertex -23 -8.63067 38.2329
    endloop
  endfacet
  facet normal -1 0 0
    outer loop
      vertex -23 -6.83149 38.3444
      vertex -23 -8.66851 38.3444
      vertex -23 -8.72058 38.45
    endloop
  endfacet
  facet normal -1 0 0
    outer loop
      vertex -23 -6.77942 38.45
      vertex -23 -8.72058 38.45
      vertex -23 -8.78598 38.5479
    endloop
  endfacet
  facet normal -1 0 0
    outer loop
      vertex -23 -6.71402 38.5479
      vertex -23 -8.78598 38.5479
      vertex -23 -8.8636 38.6364
    endloop
  endfacet
  facet normal -1 0 0
    outer loop
      vertex -23 -6.6364 38.6364
      vertex -23 -8.8636 38.6364
      vertex -23 -8.95211 38.714
    endloop
  endfacet
  facet normal -1 0 0
    outer loop
      vertex -23 -6.54788 38.714
      vertex -23 -8.95211 38.714
      vertex -23 -9.05 38.7794
    endloop
  endfacet
  facet normal -1 0 0
    outer loop
      vertex -23 -6.45 38.7794
      vertex -23 -9.05 38.7794
      vertex -23 -9.15558 38.8315
    endloop
  endfacet
  facet normal -1 0 0
    outer loop
      vertex -23 -6.34441 38.8315
      vertex -23 -9.15558 38.8315
      vertex -23 -9.26706 38.8693
    endloop
  endfacet
  facet normal -1 0 0
    outer loop
      vertex -23 -6.23294 38.8693
      vertex -23 -9.26706 38.8693
      vertex -23 -9.38253 38.8923
    endloop
  endfacet
  facet normal -1 0 0
    outer loop
      vertex -23 -6.11747 38.8923
      vertex -23 -9.38253 38.8923
      vertex -23 0 62
    endloop
  endfacet
  facet normal -1 0 0
    outer loop
      vertex -23 -9.5 38.9
      vertex -23 0 62
      vertex -23 -9.38253 38.8923
    endloop
  endfacet
  facet normal -1 0 0
    outer loop
      vertex -23 -20 62
      vertex -23 -9.5 38.9
      vertex -23 -9.61747 38.8923
    endloop
  endfacet
  facet normal -1 0 0
    outer loop
      vertex -23 -12.8825 38.8923
      vertex -23 -9.61747 38.8923
      vertex -23 -9.73294 38.8693
    endloop
  endfacet
  facet normal -1 0 0
    outer loop
      vertex -23 -12.7671 38.8693
      vertex -23 -9.73294 38.8693
      vertex -23 -9.84441 38.8315
    endloop
  endfacet
  facet normal -1 0 0
    outer loop
      vertex -23 -12.6556 38.8315
      vertex -23 -9.84441 38.8315
      vertex -23 -9.95 38.7794
    endloop
  endfacet
  facet normal -1 0 0
    outer loop
      vertex -23 -12.55 38.7794
      vertex -23 -9.95 38.7794
      vertex -23 -10.0479 38.714
    endloop
  endfacet
  facet normal -1 0 0
    outer loop
      vertex -23 -12.4521 38.714
      vertex -23 -10.0479 38.714
      vertex -23 -10.1364 38.6364
    endloop
  endfacet
  facet normal -1 0 0
    outer loop
      vertex -23 -12.3636 38.6364
      vertex -23 -10.1364 38.6364
      vertex -23 -10.214 38.5479
    endloop
  endfacet
  facet normal -1 0 0
    outer loop
      vertex -23 -12.286 38.5479
      vertex -23 -10.214 38.5479
      vertex -23 -10.2794 38.45
    endloop
  endfacet
  facet normal -1 0 0
    outer loop
      vertex -23 -12.2206 38.45
      vertex -23 -10.2794 38.45
      vertex -23 -10.3315 38.3444
    endloop
  endfacet
  facet normal -1 0 0
    outer loop
      vertex -23 -12.1 38
      vertex -23 -10.3923 38.1175
      vertex -23 -10.4 38
    endloop
  endfacet
  facet normal -1 0 0
    outer loop
      vertex -23 -12.1077 38.1175
      vertex -23 -10.3923 38.1175
      vertex -23 -12.1 38
    endloop
  endfacet
  facet normal -1 0 0
    outer loop
      vertex -23 -10.3923 38.1175
      vertex -23 -12.1077 38.1175
      vertex -23 -10.3693 38.2329
    endloop
  endfacet
  facet normal -1 0 0
    outer loop
      vertex -23 -12.1307 38.2329
      vertex -23 -10.3693 38.2329
      vertex -23 -12.1077 38.1175
    endloop
  endfacet
  facet normal -1 0 0
    outer loop
      vertex -23 -10.3693 38.2329
      vertex -23 -12.1307 38.2329
      vertex -23 -10.3315 38.3444
    endloop
  endfacet
  facet normal -1 0 0
    outer loop
      vertex -23 -12.1685 38.3444
      vertex -23 -10.3315 38.3444
      vertex -23 -12.1307 38.2329
    endloop
  endfacet
  facet normal -1 0 0
    outer loop
      vertex -23 -12.2206 38.45
      vertex -23 -10.3315 38.3444
      vertex -23 -12.1685 38.3444
    endloop
  endfacet
  facet normal -1 0 0
    outer loop
      vertex -23 -10.2794 38.45
      vertex -23 -12.2206 38.45
      vertex -23 -12.286 38.5479
    endloop
  endfacet
  facet normal -1 0 0
    outer loop
      vertex -23 -10.214 38.5479
      vertex -23 -12.286 38.5479
      vertex -23 -12.3636 38.6364
    endloop
  endfacet
  facet normal -1 0 0
    outer loop
      vertex -23 -10.1364 38.6364
      vertex -23 -12.3636 38.6364
      vertex -23 -12.4521 38.714
    endloop
  endfacet
  facet normal -1 0 0
    outer loop
      vertex -23 -10.0479 38.714
      vertex -23 -12.4521 38.714
      vertex -23 -12.55 38.7794
    endloop
  endfacet
  facet normal -1 0 0
    outer loop
      vertex -23 -9.95 38.7794
      vertex -23 -12.55 38.7794
      vertex -23 -12.6556 38.8315
    endloop
  endfacet
  facet normal -1 0 0
    outer loop
      vertex -23 -9.84441 38.8315
      vertex -23 -12.6556 38.8315
      vertex -23 -12.7671 38.8693
    endloop
  endfacet
  facet normal -1 0 0
    outer loop
      vertex -23 -9.73294 38.8693
      vertex -23 -12.7671 38.8693
      vertex -23 -12.8825 38.8923
    endloop
  endfacet
  facet normal -1 0 0
    outer loop
      vertex -23 -9.61747 38.8923
      vertex -23 -12.8825 38.8923
      vertex -23 -20 62
    endloop
  endfacet
  facet normal -1 0 0
    outer loop
      vertex -23 -20 62
      vertex -23 -12.8825 38.8923
      vertex -23 -13 38.9
    endloop
  endfacet
  facet normal -1 0 0
    outer loop
      vertex -23 -20 62
      vertex -23 -13 38.9
      vertex -23 -13.1175 38.8923
    endloop
  endfacet
  facet normal -1 0 0
    outer loop
      vertex -23 -20 62
      vertex -23 -13.1175 38.8923
      vertex -23 -13.2329 38.8693
    endloop
  endfacet
  facet normal -1 0 0
    outer loop
      vertex -23 -20 62
      vertex -23 -13.2329 38.8693
      vertex -23 -13.3444 38.8315
    endloop
  endfacet
  facet normal -1 0 0
    outer loop
      vertex -23 -20 62
      vertex -23 -13.3444 38.8315
      vertex -23 -13.45 38.7794
    endloop
  endfacet
  facet normal -1 0 0
    outer loop
      vertex -23 -20 62
      vertex -23 -13.45 38.7794
      vertex -23 -13.5479 38.714
    endloop
  endfacet
  facet normal -1 0 0
    outer loop
      vertex -23 -20 62
      vertex -23 -13.5479 38.714
      vertex -23 -13.6364 38.6364
    endloop
  endfacet
  facet normal -1 0 0
    outer loop
      vertex -23 -20 62
      vertex -23 -13.6364 38.6364
      vertex -23 -13.714 38.5479
    endloop
  endfacet
  facet normal -1 0 0
    outer loop
      vertex -23 -20 62
      vertex -23 -13.714 38.5479
      vertex -23 -13.7794 38.45
    endloop
  endfacet
  facet normal -1 0 0
    outer loop
      vertex -23 -13.8923 37.8825
      vertex -23 -20 62
      vertex -23 -13.9 38
    endloop
  endfacet
  facet normal -1 0 0
    outer loop
      vertex -23 -9.5 38.9
      vertex -23 -20 62
      vertex -23 0 62
    endloop
  endfacet
  facet normal -1 0 0
    outer loop
      vertex -23 -13.8315 38.3444
      vertex -23 -20 62
      vertex -23 -13.7794 38.45
    endloop
  endfacet
  facet normal -1 0 0
    outer loop
      vertex -23 -13.8693 38.2329
      vertex -23 -20 62
      vertex -23 -13.8315 38.3444
    endloop
  endfacet
  facet normal -1 0 0
    outer loop
      vertex -23 -13.8923 38.1175
      vertex -23 -20 62
      vertex -23 -13.8693 38.2329
    endloop
  endfacet
  facet normal -1 0 0
    outer loop
      vertex -23 -13.9 38
      vertex -23 -20 62
      vertex -23 -13.8923 38.1175
    endloop
  endfacet
  facet normal 1 -0 0
    outer loop
      vertex 23 -20 62
      vertex 23 0 0
      vertex 23 0 62
    endloop
  endfacet
  facet normal 1 0 0
    outer loop
      vertex 23 0 0
      vertex 23 -20 62
      vertex 23 -20 0
    endloop
  endfacet
  facet normal 0.997853 -0.0654873 0
    outer loop
      vertex 22.9743 -20.3916 62
      vertex 23 -20 0
      vertex 23 -20 62
    endloop
  endfacet
  facet normal 0.997853 -0.0654873 0
    outer loop
      vertex 23 -20 0
      vertex 22.9743 -20.3916 62
      vertex 22.9743 -20.3916 0
    endloop
  endfacet
  facet normal 0 -1 0
    outer loop
      vertex 0.842104 -23 37.3799
      vertex 4.63905 -23 35.3427
      vertex 4.75 -23 35.35
    endloop
  endfacet
  facet normal 0 -1 0
    outer loop
      vertex 0.842104 -23 37.3799
      vertex 4.53 -23 35.321
      vertex 4.63905 -23 35.3427
    endloop
  endfacet
  facet normal 0 -1 0
    outer loop
      vertex 0.842104 -23 37.3799
      vertex 4.42472 -23 35.2853
      vertex 4.53 -23 35.321
    endloop
  endfacet
  facet normal 0 -1 0
    outer loop
      vertex 0.842104 -23 37.3799
      vertex 4.325 -23 35.2361
      vertex 4.42472 -23 35.2853
    endloop
  endfacet
  facet normal 0 -1 0
    outer loop
      vertex 0.842104 -23 37.3799
      vertex 4.23255 -23 35.1744
      vertex 4.325 -23 35.2361
    endloop
  endfacet
  facet normal 0 -1 0
    outer loop
      vertex 0.842104 -23 37.3799
      vertex 4.14896 -23 35.101
      vertex 4.23255 -23 35.1744
    endloop
  endfacet
  facet normal 0 -1 0
    outer loop
      vertex 0.842104 -23 37.3799
      vertex 4.07565 -23 35.0174
      vertex 4.14896 -23 35.101
    endloop
  endfacet
  facet normal 0 -1 0
    outer loop
      vertex 0.842104 -23 37.3799
      vertex 4.01388 -23 34.925
      vertex 4.07565 -23 35.0174
    endloop
  endfacet
  facet normal 0 -1 0
    outer loop
      vertex 0.842104 -23 37.3799
      vertex 3.9647 -23 34.8253
      vertex 4.01388 -23 34.925
    endloop
  endfacet
  facet normal 0 -1 0
    outer loop
      vertex 0.842104 -23 37.3799
      vertex 3.92896 -23 34.72
      vertex 3.9647 -23 34.8253
    endloop
  endfacet
  facet normal 0 -1 0
    outer loop
      vertex 0.842104 -23 37.3799
      vertex 3.90727 -23 34.6109
      vertex 3.92896 -23 34.72
    endloop
  endfacet
  facet normal 0 -1 0
    outer loop
      vertex 0.842104 -23 37.3799
      vertex 3.9 -23 34.5
      vertex 3.90727 -23 34.6109
    endloop
  endfacet
  facet normal 0 -1 0
    outer loop
      vertex 1.824 -23 31.8113
      vertex 3.9 -23 34.5
      vertex 0.842104 -23 37.3799
    endloop
  endfacet
  facet normal 0 -1 -0
    outer loop
      vertex 3.9 -23 34.5
      vertex 1.824 -23 31.8113
      vertex 3.90727 -23 34.3891
    endloop
  endfacet
  facet normal 0 -1 -0
    outer loop
      vertex 3.90727 -23 34.3891
      vertex 1.824 -23 31.8113
      vertex 3.92896 -23 34.28
    endloop
  endfacet
  facet normal 0 -1 -0
    outer loop
      vertex 3.92896 -23 34.28
      vertex 1.824 -23 31.8113
      vertex 3.9647 -23 34.1747
    endloop
  endfacet
  facet normal 0 -1 -0
    outer loop
      vertex 3.9647 -23 34.1747
      vertex 1.824 -23 31.8113
      vertex 4.01388 -23 34.075
    endloop
  endfacet
  facet normal 0 -1 0
    outer loop
      vertex 2.58819 -23 31.6593
      vertex 4.01388 -23 34.075
      vertex 1.824 -23 31.8113
    endloop
  endfacet
  facet normal 0 -1 -0
    outer loop
      vertex 4.42472 -23 33.7147
      vertex 3.82683 -23 31.2388
      vertex 4.53 -23 33.679
    endloop
  endfacet
  facet normal 0 -1 -0
    outer loop
      vertex 4.325 -23 33.7639
      vertex 3.82683 -23 31.2388
      vertex 4.42472 -23 33.7147
    endloop
  endfacet
  facet normal 0 -1 0
    outer loop
      vertex 3.82683 -23 31.2388
      vertex 4.325 -23 33.7639
      vertex 2.58819 -23 31.6593
    endloop
  endfacet
  facet normal 0 -1 -0
    outer loop
      vertex 4.23255 -23 33.8256
      vertex 2.58819 -23 31.6593
      vertex 4.325 -23 33.7639
    endloop
  endfacet
  facet normal 0 -1 -0
    outer loop
      vertex 4.14896 -23 33.899
      vertex 2.58819 -23 31.6593
      vertex 4.23255 -23 33.8256
    endloop
  endfacet
  facet normal 0 -1 -0
    outer loop
      vertex 4.07565 -23 33.9826
      vertex 2.58819 -23 31.6593
      vertex 4.14896 -23 33.899
    endloop
  endfacet
  facet normal 0 -1 -0
    outer loop
      vertex 4.01388 -23 34.075
      vertex 2.58819 -23 31.6593
      vertex 4.07565 -23 33.9826
    endloop
  endfacet
  facet normal 0 -1 0
    outer loop
      vertex -20 -23 62
      vertex 0.842104 -23 37.3799
      vertex 20 -23 62
    endloop
  endfacet
  facet normal 0 -1 0
    outer loop
      vertex -20 -23 62
      vertex -6.05155 -23 36.1643
      vertex 0.842104 -23 37.3799
    endloop
  endfacet
  facet normal 0 -1 0
    outer loop
      vertex -8.66025 -23 27
      vertex -6.05155 -23 36.1643
      vertex -20 -23 62
    endloop
  endfacet
  facet normal 0 -1 -0
    outer loop
      vertex -6.05155 -23 36.1643
      vertex -6.08761 -23 29.9335
      vertex -5.07249 -23 30.6118
    endloop
  endfacet
  facet normal 0 -1 0
    outer loop
      vertex -6.05155 -23 36.1643
      vertex -7.07107 -23 29.0711
      vertex -6.08761 -23 29.9335
    endloop
  endfacet
  facet normal 0 -1 0
    outer loop
      vertex -6.05155 -23 36.1643
      vertex -7.93353 -23 28.0876
      vertex -7.07107 -23 29.0711
    endloop
  endfacet
  facet normal 0 -1 0
    outer loop
      vertex -6.05155 -23 36.1643
      vertex -8.66025 -23 27
      vertex -7.93353 -23 28.0876
    endloop
  endfacet
  facet normal 0 -1 0
    outer loop
      vertex -20 -23 62
      vertex -9.2388 -23 25.8268
      vertex -8.66025 -23 27
    endloop
  endfacet
  facet normal 0 -1 0
    outer loop
      vertex -20 -23 62
      vertex -9.65926 -23 24.5882
      vertex -9.2388 -23 25.8268
    endloop
  endfacet
  facet normal 0 -1 0
    outer loop
      vertex -20 -23 62
      vertex -9.91445 -23 23.3053
      vertex -9.65926 -23 24.5882
    endloop
  endfacet
  facet normal 0 -1 0
    outer loop
      vertex -20 -23 0
      vertex -9.91445 -23 23.3053
      vertex -20 -23 62
    endloop
  endfacet
  facet normal 0 -1 0
    outer loop
      vertex -9.91445 -23 23.3053
      vertex -20 -23 0
      vertex -10 -23 22
    endloop
  endfacet
  facet normal 0 -1 -0
    outer loop
      vertex -10 -23 22
      vertex -20 -23 0
      vertex -9.91445 -23 20.6947
    endloop
  endfacet
  facet normal 0 -1 -0
    outer loop
      vertex -1.30526 -23 12.0856
      vertex -20 -23 0
      vertex 0 -23 12
    endloop
  endfacet
  facet normal 0 -1 -0
    outer loop
      vertex -2.58819 -23 12.3407
      vertex -20 -23 0
      vertex -1.30526 -23 12.0856
    endloop
  endfacet
  facet normal 0 -1 -0
    outer loop
      vertex -3.82683 -23 12.7612
      vertex -20 -23 0
      vertex -2.58819 -23 12.3407
    endloop
  endfacet
  facet normal 0 -1 -0
    outer loop
      vertex -5 -23 13.3397
      vertex -20 -23 0
      vertex -3.82683 -23 12.7612
    endloop
  endfacet
  facet normal 0 -1 -0
    outer loop
      vertex -6.08761 -23 14.0665
      vertex -20 -23 0
      vertex -5 -23 13.3397
    endloop
  endfacet
  facet normal 0 -1 -0
    outer loop
      vertex -7.07107 -23 14.9289
      vertex -20 -23 0
      vertex -6.08761 -23 14.0665
    endloop
  endfacet
  facet normal 0 -1 -0
    outer loop
      vertex -7.93353 -23 15.9124
      vertex -20 -23 0
      vertex -7.07107 -23 14.9289
    endloop
  endfacet
  facet normal 0 -1 -0
    outer loop
      vertex -8.66025 -23 17
      vertex -20 -23 0
      vertex -7.93353 -23 15.9124
    endloop
  endfacet
  facet normal 0 -1 -0
    outer loop
      vertex -9.2388 -23 18.1732
      vertex -20 -23 0
      vertex -8.66025 -23 17
    endloop
  endfacet
  facet normal 0 -1 -0
    outer loop
      vertex -9.65926 -23 19.4118
      vertex -20 -23 0
      vertex -9.2388 -23 18.1732
    endloop
  endfacet
  facet normal 0 -1 -0
    outer loop
      vertex -9.91445 -23 20.6947
      vertex -20 -23 0
      vertex -9.65926 -23 19.4118
    endloop
  endfacet
  facet normal 0 -1 0
    outer loop
      vertex 4.86095 -23 35.3427
      vertex 0.842104 -23 37.3799
      vertex 4.75 -23 35.35
    endloop
  endfacet
  facet normal 0 -1 0
    outer loop
      vertex 4.97 -23 35.321
      vertex 0.842104 -23 37.3799
      vertex 4.86095 -23 35.3427
    endloop
  endfacet
  facet normal 0 -1 0
    outer loop
      vertex 0.842104 -23 37.3799
      vertex 4.97 -23 35.321
      vertex 20 -23 62
    endloop
  endfacet
  facet normal 0 -1 0
    outer loop
      vertex 5.07528 -23 35.2853
      vertex 20 -23 62
      vertex 4.97 -23 35.321
    endloop
  endfacet
  facet normal 0 -1 0
    outer loop
      vertex 5.175 -23 35.2361
      vertex 20 -23 62
      vertex 5.07528 -23 35.2853
    endloop
  endfacet
  facet normal 0 -1 0
    outer loop
      vertex 5.26745 -23 35.1744
      vertex 20 -23 62
      vertex 5.175 -23 35.2361
    endloop
  endfacet
  facet normal 0 -1 0
    outer loop
      vertex 5.35104 -23 35.101
      vertex 20 -23 62
      vertex 5.26745 -23 35.1744
    endloop
  endfacet
  facet normal 0 -1 0
    outer loop
      vertex 5.42435 -23 35.0174
      vertex 20 -23 62
      vertex 5.35104 -23 35.101
    endloop
  endfacet
  facet normal 0 -1 0
    outer loop
      vertex 5.48612 -23 34.925
      vertex 20 -23 62
      vertex 5.42435 -23 35.0174
    endloop
  endfacet
  facet normal 0 -1 0
    outer loop
      vertex 12.925 -23 27.4861
      vertex 5.48612 -23 34.925
      vertex 5.5353 -23 34.8253
    endloop
  endfacet
  facet normal 0 -1 0
    outer loop
      vertex 12.8253 -23 27.5353
      vertex 5.5353 -23 34.8253
      vertex 5.57104 -23 34.72
    endloop
  endfacet
  facet normal 0 -1 0
    outer loop
      vertex 12.72 -23 27.571
      vertex 5.57104 -23 34.72
      vertex 5.59273 -23 34.6109
    endloop
  endfacet
  facet normal 0 -1 0
    outer loop
      vertex 12.6109 -23 27.5927
      vertex 5.59273 -23 34.6109
      vertex 5.6 -23 34.5
    endloop
  endfacet
  facet normal 0 -1 0
    outer loop
      vertex 12.5 -23 27.6
      vertex 5.6 -23 34.5
      vertex 5.59273 -23 34.3891
    endloop
  endfacet
  facet normal 0 -1 0
    outer loop
      vertex 12.3891 -23 27.5927
      vertex 5.59273 -23 34.3891
      vertex 5.57104 -23 34.28
    endloop
  endfacet
  facet normal 0 -1 0
    outer loop
      vertex 7.07107 -23 29.0711
      vertex 5.57104 -23 34.28
      vertex 5.5353 -23 34.1747
    endloop
  endfacet
  facet normal 0 -1 0
    outer loop
      vertex 6.08761 -23 29.9335
      vertex 5.5353 -23 34.1747
      vertex 5.48612 -23 34.075
    endloop
  endfacet
  facet normal 0 -1 -0
    outer loop
      vertex 4.53 -23 33.679
      vertex 3.82683 -23 31.2388
      vertex 4.63905 -23 33.6573
    endloop
  endfacet
  facet normal 0 -1 -0
    outer loop
      vertex 4.63905 -23 33.6573
      vertex 3.82683 -23 31.2388
      vertex 4.75 -23 33.65
    endloop
  endfacet
  facet normal 0 -1 -0
    outer loop
      vertex 4.75 -23 33.65
      vertex 3.82683 -23 31.2388
      vertex 4.86095 -23 33.6573
    endloop
  endfacet
  facet normal 0 -1 0
    outer loop
      vertex 5 -23 30.6603
      vertex 4.86095 -23 33.6573
      vertex 3.82683 -23 31.2388
    endloop
  endfacet
  facet normal 0 -1 0
    outer loop
      vertex 4.86095 -23 33.6573
      vertex 5 -23 30.6603
      vertex 4.97 -23 33.679
    endloop
  endfacet
  facet normal 0 -1 0
    outer loop
      vertex 4.97 -23 33.679
      vertex 5 -23 30.6603
      vertex 5.07528 -23 33.7147
    endloop
  endfacet
  facet normal 0 -1 -0
    outer loop
      vertex 5.07528 -23 33.7147
      vertex 5 -23 30.6603
      vertex 5.175 -23 33.7639
    endloop
  endfacet
  facet normal 0 -1 -0
    outer loop
      vertex 5.175 -23 33.7639
      vertex 5 -23 30.6603
      vertex 5.26745 -23 33.8256
    endloop
  endfacet
  facet normal 0 -1 0
    outer loop
      vertex 6.08761 -23 29.9335
      vertex 5.26745 -23 33.8256
      vertex 5 -23 30.6603
    endloop
  endfacet
  facet normal 0 -1 0
    outer loop
      vertex 5.26745 -23 33.8256
      vertex 6.08761 -23 29.9335
      vertex 5.35104 -23 33.899
    endloop
  endfacet
  facet normal 0 -1 0
    outer loop
      vertex 5.35104 -23 33.899
      vertex 6.08761 -23 29.9335
      vertex 5.42435 -23 33.9826
    endloop
  endfacet
  facet normal 0 -1 0
    outer loop
      vertex 5.42435 -23 33.9826
      vertex 6.08761 -23 29.9335
      vertex 5.48612 -23 34.075
    endloop
  endfacet
  facet normal 0 -1 0
    outer loop
      vertex 5.5353 -23 34.1747
      vertex 6.08761 -23 29.9335
      vertex 7.07107 -23 29.0711
    endloop
  endfacet
  facet normal 0 -1 0
    outer loop
      vertex 5.57104 -23 34.28
      vertex 7.07107 -23 29.0711
      vertex 12.28 -23 27.571
    endloop
  endfacet
  facet normal 0 -1 0
    outer loop
      vertex 12.1747 -23 27.5353
      vertex 7.07107 -23 29.0711
      vertex 7.93353 -23 28.0876
    endloop
  endfacet
  facet normal 0 -1 0
    outer loop
      vertex 5.6 -23 34.5
      vertex 12.5 -23 27.6
      vertex 12.6109 -23 27.5927
    endloop
  endfacet
  facet normal 0 -1 0
    outer loop
      vertex 5.59273 -23 34.6109
      vertex 12.6109 -23 27.5927
      vertex 12.72 -23 27.571
    endloop
  endfacet
  facet normal 0 -1 0
    outer loop
      vertex 5.57104 -23 34.72
      vertex 12.72 -23 27.571
      vertex 12.8253 -23 27.5353
    endloop
  endfacet
  facet normal 0 -1 0
    outer loop
      vertex 5.5353 -23 34.8253
      vertex 12.8253 -23 27.5353
      vertex 12.925 -23 27.4861
    endloop
  endfacet
  facet normal 0 -1 0
    outer loop
      vertex 5.48612 -23 34.925
      vertex 12.925 -23 27.4861
      vertex 20 -23 62
    endloop
  endfacet
  facet normal 0 -1 0
    outer loop
      vertex 13.0174 -23 27.4244
      vertex 20 -23 62
      vertex 12.925 -23 27.4861
    endloop
  endfacet
  facet normal 0 -1 0
    outer loop
      vertex 13.101 -23 27.351
      vertex 20 -23 62
      vertex 13.0174 -23 27.4244
    endloop
  endfacet
  facet normal 0 -1 0
    outer loop
      vertex 13.1743 -23 27.2674
      vertex 20 -23 62
      vertex 13.101 -23 27.351
    endloop
  endfacet
  facet normal 0 -1 0
    outer loop
      vertex 13.2361 -23 27.175
      vertex 20 -23 62
      vertex 13.1743 -23 27.2674
    endloop
  endfacet
  facet normal 0 -1 0
    outer loop
      vertex 13.2853 -23 27.0753
      vertex 20 -23 62
      vertex 13.2361 -23 27.175
    endloop
  endfacet
  facet normal 0 -1 0
    outer loop
      vertex 13.321 -23 26.97
      vertex 20 -23 62
      vertex 13.2853 -23 27.0753
    endloop
  endfacet
  facet normal 0 -1 0
    outer loop
      vertex 13.3427 -23 26.8609
      vertex 20 -23 62
      vertex 13.321 -23 26.97
    endloop
  endfacet
  facet normal 0 -1 0
    outer loop
      vertex 13.35 -23 26.75
      vertex 20 -23 62
      vertex 13.3427 -23 26.8609
    endloop
  endfacet
  facet normal 0 -1 0
    outer loop
      vertex 20 -23 0
      vertex 13.35 -23 26.75
      vertex 13.3427 -23 26.6391
    endloop
  endfacet
  facet normal 0 -1 -0
    outer loop
      vertex 12.28 -23 25.929
      vertex 9.91445 -23 23.3053
      vertex 12.3891 -23 25.9073
    endloop
  endfacet
  facet normal 0 -1 -0
    outer loop
      vertex 12.3891 -23 25.9073
      vertex 9.91445 -23 23.3053
      vertex 12.5 -23 25.9
    endloop
  endfacet
  facet normal 0 -1 -0
    outer loop
      vertex 12.5 -23 25.9
      vertex 9.91445 -23 23.3053
      vertex 12.6109 -23 25.9073
    endloop
  endfacet
  facet normal 0 -1 0
    outer loop
      vertex 10 -23 22
      vertex 12.6109 -23 25.9073
      vertex 9.91445 -23 23.3053
    endloop
  endfacet
  facet normal 0 -1 -0
    outer loop
      vertex 12.6109 -23 25.9073
      vertex 10 -23 22
      vertex 12.72 -23 25.929
    endloop
  endfacet
  facet normal 0 -1 -0
    outer loop
      vertex 12.72 -23 25.929
      vertex 10 -23 22
      vertex 12.8253 -23 25.9647
    endloop
  endfacet
  facet normal 0 -1 0
    outer loop
      vertex 12.8253 -23 18.0353
      vertex 12.8253 -23 25.9647
      vertex 10 -23 22
    endloop
  endfacet
  facet normal 0 -1 0
    outer loop
      vertex 12.8253 -23 25.9647
      vertex 12.8253 -23 18.0353
      vertex 12.925 -23 26.0139
    endloop
  endfacet
  facet normal 0 -1 0
    outer loop
      vertex 12.925 -23 17.9861
      vertex 12.925 -23 26.0139
      vertex 12.8253 -23 18.0353
    endloop
  endfacet
  facet normal 0 -1 0
    outer loop
      vertex 12.925 -23 26.0139
      vertex 12.925 -23 17.9861
      vertex 13.0174 -23 26.0756
    endloop
  endfacet
  facet normal 0 -1 0
    outer loop
      vertex 12.6109 -23 18.0927
      vertex 10 -23 22
      vertex 9.91445 -23 20.6947
    endloop
  endfacet
  facet normal 0 -1 0
    outer loop
      vertex 12.8253 -23 18.0353
      vertex 10 -23 22
      vertex 12.72 -23 18.071
    endloop
  endfacet
  facet normal 0 -1 0
    outer loop
      vertex 12.1747 -23 18.0353
      vertex 9.91445 -23 20.6947
      vertex 9.65926 -23 19.4118
    endloop
  endfacet
  facet normal 0 -1 0
    outer loop
      vertex 11.7639 -23 17.675
      vertex 9.65926 -23 19.4118
      vertex 9.2388 -23 18.1732
    endloop
  endfacet
  facet normal 0 -1 0
    outer loop
      vertex 9.91445 -23 20.6947
      vertex 12.28 -23 18.071
      vertex 12.3891 -23 18.0927
    endloop
  endfacet
  facet normal 0 -1 0
    outer loop
      vertex 9.91445 -23 20.6947
      vertex 12.3891 -23 18.0927
      vertex 12.5 -23 18.1
    endloop
  endfacet
  facet normal 0 -1 0
    outer loop
      vertex 13.0174 -23 17.9244
      vertex 13.0174 -23 26.0756
      vertex 12.925 -23 17.9861
    endloop
  endfacet
  facet normal 0 -1 0
    outer loop
      vertex 13.0174 -23 26.0756
      vertex 13.0174 -23 17.9244
      vertex 13.101 -23 26.149
    endloop
  endfacet
  facet normal 0 -1 0
    outer loop
      vertex 13.101 -23 17.851
      vertex 13.101 -23 26.149
      vertex 13.0174 -23 17.9244
    endloop
  endfacet
  facet normal 0 -1 0
    outer loop
      vertex 13.101 -23 26.149
      vertex 13.101 -23 17.851
      vertex 13.1743 -23 26.2326
    endloop
  endfacet
  facet normal 0 -1 0
    outer loop
      vertex 13.1743 -23 17.7674
      vertex 13.1743 -23 26.2326
      vertex 13.101 -23 17.851
    endloop
  endfacet
  facet normal 0 -1 0
    outer loop
      vertex 13.1743 -23 26.2326
      vertex 13.1743 -23 17.7674
      vertex 13.2361 -23 26.325
    endloop
  endfacet
  facet normal 0 -1 0
    outer loop
      vertex 13.2361 -23 17.675
      vertex 13.2361 -23 26.325
      vertex 13.1743 -23 17.7674
    endloop
  endfacet
  facet normal 0 -1 0
    outer loop
      vertex 13.2361 -23 26.325
      vertex 13.2361 -23 17.675
      vertex 13.2853 -23 26.4247
    endloop
  endfacet
  facet normal 0 -1 0
    outer loop
      vertex 13.2853 -23 17.5753
      vertex 13.2853 -23 26.4247
      vertex 13.2361 -23 17.675
    endloop
  endfacet
  facet normal 0 -1 0
    outer loop
      vertex 13.2853 -23 26.4247
      vertex 13.2853 -23 17.5753
      vertex 13.321 -23 26.53
    endloop
  endfacet
  facet normal 0 -1 0
    outer loop
      vertex 13.321 -23 17.47
      vertex 13.321 -23 26.53
      vertex 13.2853 -23 17.5753
    endloop
  endfacet
  facet normal 0 -1 0
    outer loop
      vertex 13.321 -23 26.53
      vertex 13.321 -23 17.47
      vertex 13.3427 -23 26.6391
    endloop
  endfacet
  facet normal 0 -1 0
    outer loop
      vertex 13.3427 -23 17.3609
      vertex 13.3427 -23 26.6391
      vertex 13.321 -23 17.47
    endloop
  endfacet
  facet normal 0 -1 0
    outer loop
      vertex 13.3427 -23 26.6391
      vertex 13.3427 -23 17.3609
      vertex 20 -23 0
    endloop
  endfacet
  facet normal 0 -1 0
    outer loop
      vertex 20 -23 0
      vertex 13.3427 -23 17.3609
      vertex 13.35 -23 17.25
    endloop
  endfacet
  facet normal 0 -1 0
    outer loop
      vertex 20 -23 0
      vertex 13.35 -23 17.25
      vertex 13.3427 -23 17.1391
    endloop
  endfacet
  facet normal 0 -1 0
    outer loop
      vertex 6.08761 -23 14.0665
      vertex 12.3891 -23 16.4073
      vertex 7.07107 -23 14.9289
    endloop
  endfacet
  facet normal 0 -1 -0
    outer loop
      vertex 12.3891 -23 16.4073
      vertex 6.08761 -23 14.0665
      vertex 12.5 -23 16.4
    endloop
  endfacet
  facet normal 0 -1 0
    outer loop
      vertex 20 -23 0
      vertex 12.5 -23 16.4
      vertex 6.08761 -23 14.0665
    endloop
  endfacet
  facet normal 0 -1 0
    outer loop
      vertex 12.5 -23 16.4
      vertex 20 -23 0
      vertex 12.6109 -23 16.4073
    endloop
  endfacet
  facet normal 0 -1 0
    outer loop
      vertex 12.6109 -23 16.4073
      vertex 20 -23 0
      vertex 12.72 -23 16.429
    endloop
  endfacet
  facet normal 0 -1 0
    outer loop
      vertex 20 -23 0
      vertex 6.08761 -23 14.0665
      vertex 5 -23 13.3397
    endloop
  endfacet
  facet normal 0 -1 0
    outer loop
      vertex 20 -23 0
      vertex 5 -23 13.3397
      vertex 3.82683 -23 12.7612
    endloop
  endfacet
  facet normal 0 -1 0
    outer loop
      vertex 20 -23 0
      vertex 0 -23 12
      vertex -20 -23 0
    endloop
  endfacet
  facet normal 0 -1 0
    outer loop
      vertex 0 -23 12
      vertex 20 -23 0
      vertex 1.30526 -23 12.0856
    endloop
  endfacet
  facet normal 0 -1 0
    outer loop
      vertex 1.30526 -23 12.0856
      vertex 20 -23 0
      vertex 2.58819 -23 12.3407
    endloop
  endfacet
  facet normal 0 -1 0
    outer loop
      vertex 2.58819 -23 12.3407
      vertex 20 -23 0
      vertex 3.82683 -23 12.7612
    endloop
  endfacet
  facet normal 0 -1 0
    outer loop
      vertex 12.72 -23 16.429
      vertex 20 -23 0
      vertex 12.8253 -23 16.4647
    endloop
  endfacet
  facet normal 0 -1 0
    outer loop
      vertex 13.35 -23 26.75
      vertex 20 -23 0
      vertex 20 -23 62
    endloop
  endfacet
  facet normal 0 -1 0
    outer loop
      vertex 13.321 -23 17.03
      vertex 20 -23 0
      vertex 13.3427 -23 17.1391
    endloop
  endfacet
  facet normal 0 -1 0
    outer loop
      vertex 13.2853 -23 16.9247
      vertex 20 -23 0
      vertex 13.321 -23 17.03
    endloop
  endfacet
  facet normal 0 -1 0
    outer loop
      vertex 13.2361 -23 16.825
      vertex 20 -23 0
      vertex 13.2853 -23 16.9247
    endloop
  endfacet
  facet normal 0 -1 0
    outer loop
      vertex 13.1743 -23 16.7326
      vertex 20 -23 0
      vertex 13.2361 -23 16.825
    endloop
  endfacet
  facet normal 0 -1 0
    outer loop
      vertex 13.101 -23 16.649
      vertex 20 -23 0
      vertex 13.1743 -23 16.7326
    endloop
  endfacet
  facet normal 0 -1 0
    outer loop
      vertex 13.0174 -23 16.5756
      vertex 20 -23 0
      vertex 13.101 -23 16.649
    endloop
  endfacet
  facet normal 0 -1 0
    outer loop
      vertex 12.925 -23 16.5139
      vertex 20 -23 0
      vertex 13.0174 -23 16.5756
    endloop
  endfacet
  facet normal 0 -1 0
    outer loop
      vertex 12.8253 -23 16.4647
      vertex 20 -23 0
      vertex 12.925 -23 16.5139
    endloop
  endfacet
  facet normal 0 -1 0
    outer loop
      vertex 10 -23 22
      vertex 12.6109 -23 18.0927
      vertex 12.72 -23 18.071
    endloop
  endfacet
  facet normal 0 -1 0
    outer loop
      vertex 12.6109 -23 18.0927
      vertex 9.91445 -23 20.6947
      vertex 12.5 -23 18.1
    endloop
  endfacet
  facet normal 0 -1 0
    outer loop
      vertex 9.91445 -23 20.6947
      vertex 12.1747 -23 18.0353
      vertex 12.28 -23 18.071
    endloop
  endfacet
  facet normal 0 -1 0
    outer loop
      vertex 9.65926 -23 19.4118
      vertex 12.075 -23 17.9861
      vertex 12.1747 -23 18.0353
    endloop
  endfacet
  facet normal 0 -1 0
    outer loop
      vertex 9.65926 -23 19.4118
      vertex 11.9826 -23 17.9244
      vertex 12.075 -23 17.9861
    endloop
  endfacet
  facet normal 0 -1 0
    outer loop
      vertex 9.65926 -23 19.4118
      vertex 11.899 -23 17.851
      vertex 11.9826 -23 17.9244
    endloop
  endfacet
  facet normal 0 -1 0
    outer loop
      vertex 9.65926 -23 19.4118
      vertex 11.8256 -23 17.7674
      vertex 11.899 -23 17.851
    endloop
  endfacet
  facet normal 0 -1 0
    outer loop
      vertex 9.65926 -23 19.4118
      vertex 11.7639 -23 17.675
      vertex 11.8256 -23 17.7674
    endloop
  endfacet
  facet normal 0 -1 0
    outer loop
      vertex 9.2388 -23 18.1732
      vertex 11.7147 -23 17.5753
      vertex 11.7639 -23 17.675
    endloop
  endfacet
  facet normal 0 -1 0
    outer loop
      vertex 9.2388 -23 18.1732
      vertex 11.679 -23 17.47
      vertex 11.7147 -23 17.5753
    endloop
  endfacet
  facet normal 0 -1 0
    outer loop
      vertex 9.2388 -23 18.1732
      vertex 11.6573 -23 17.3609
      vertex 11.679 -23 17.47
    endloop
  endfacet
  facet normal 0 -1 0
    outer loop
      vertex 9.2388 -23 18.1732
      vertex 11.65 -23 17.25
      vertex 11.6573 -23 17.3609
    endloop
  endfacet
  facet normal 0 -1 0
    outer loop
      vertex 9.2388 -23 18.1732
      vertex 11.6573 -23 17.1391
      vertex 11.65 -23 17.25
    endloop
  endfacet
  facet normal 0 -1 0
    outer loop
      vertex 8.66025 -23 17
      vertex 11.6573 -23 17.1391
      vertex 9.2388 -23 18.1732
    endloop
  endfacet
  facet normal 0 -1 -0
    outer loop
      vertex 11.6573 -23 17.1391
      vertex 8.66025 -23 17
      vertex 11.679 -23 17.03
    endloop
  endfacet
  facet normal 0 -1 0
    outer loop
      vertex 8.66025 -23 17
      vertex 11.7147 -23 16.9247
      vertex 11.679 -23 17.03
    endloop
  endfacet
  facet normal 0 -1 0
    outer loop
      vertex 8.66025 -23 17
      vertex 11.7639 -23 16.825
      vertex 11.7147 -23 16.9247
    endloop
  endfacet
  facet normal 0 -1 0
    outer loop
      vertex 8.66025 -23 17
      vertex 11.8256 -23 16.7326
      vertex 11.7639 -23 16.825
    endloop
  endfacet
  facet normal 0 -1 0
    outer loop
      vertex 7.93353 -23 15.9124
      vertex 11.8256 -23 16.7326
      vertex 8.66025 -23 17
    endloop
  endfacet
  facet normal 0 -1 -0
    outer loop
      vertex 11.8256 -23 16.7326
      vertex 7.93353 -23 15.9124
      vertex 11.899 -23 16.649
    endloop
  endfacet
  facet normal 0 -1 -0
    outer loop
      vertex 11.899 -23 16.649
      vertex 7.93353 -23 15.9124
      vertex 11.9826 -23 16.5756
    endloop
  endfacet
  facet normal 0 -1 -0
    outer loop
      vertex 11.9826 -23 16.5756
      vertex 7.93353 -23 15.9124
      vertex 12.075 -23 16.5139
    endloop
  endfacet
  facet normal 0 -1 -0
    outer loop
      vertex 12.075 -23 16.5139
      vertex 7.93353 -23 15.9124
      vertex 12.1747 -23 16.4647
    endloop
  endfacet
  facet normal 0 -1 0
    outer loop
      vertex 7.07107 -23 14.9289
      vertex 12.1747 -23 16.4647
      vertex 7.93353 -23 15.9124
    endloop
  endfacet
  facet normal 0 -1 -0
    outer loop
      vertex 12.28 -23 16.429
      vertex 7.07107 -23 14.9289
      vertex 12.3891 -23 16.4073
    endloop
  endfacet
  facet normal 0 -1 -0
    outer loop
      vertex 12.1747 -23 16.4647
      vertex 7.07107 -23 14.9289
      vertex 12.28 -23 16.429
    endloop
  endfacet
  facet normal 0 -1 0
    outer loop
      vertex 5.59273 -23 34.3891
      vertex 12.3891 -23 27.5927
      vertex 12.5 -23 27.6
    endloop
  endfacet
  facet normal 0 -1 0
    outer loop
      vertex 5.57104 -23 34.28
      vertex 12.28 -23 27.571
      vertex 12.3891 -23 27.5927
    endloop
  endfacet
  facet normal 0 -1 0
    outer loop
      vertex 7.07107 -23 29.0711
      vertex 12.1747 -23 27.5353
      vertex 12.28 -23 27.571
    endloop
  endfacet
  facet normal 0 -1 0
    outer loop
      vertex 7.93353 -23 28.0876
      vertex 12.075 -23 27.4861
      vertex 12.1747 -23 27.5353
    endloop
  endfacet
  facet normal 0 -1 0
    outer loop
      vertex 7.93353 -23 28.0876
      vertex 11.9826 -23 27.4244
      vertex 12.075 -23 27.4861
    endloop
  endfacet
  facet normal 0 -1 0
    outer loop
      vertex 7.93353 -23 28.0876
      vertex 11.899 -23 27.351
      vertex 11.9826 -23 27.4244
    endloop
  endfacet
  facet normal 0 -1 0
    outer loop
      vertex 7.93353 -23 28.0876
      vertex 11.8256 -23 27.2674
      vertex 11.899 -23 27.351
    endloop
  endfacet
  facet normal 0 -1 0
    outer loop
      vertex 8.66025 -23 27
      vertex 11.8256 -23 27.2674
      vertex 7.93353 -23 28.0876
    endloop
  endfacet
  facet normal 0 -1 0
    outer loop
      vertex 11.8256 -23 27.2674
      vertex 8.66025 -23 27
      vertex 11.7639 -23 27.175
    endloop
  endfacet
  facet normal 0 -1 0
    outer loop
      vertex 11.7639 -23 27.175
      vertex 8.66025 -23 27
      vertex 11.7147 -23 27.0753
    endloop
  endfacet
  facet normal 0 -1 0
    outer loop
      vertex 8.66025 -23 27
      vertex 11.679 -23 26.97
      vertex 11.7147 -23 27.0753
    endloop
  endfacet
  facet normal 0 -1 0
    outer loop
      vertex 8.66025 -23 27
      vertex 11.6573 -23 26.8609
      vertex 11.679 -23 26.97
    endloop
  endfacet
  facet normal 0 -1 0
    outer loop
      vertex 9.2388 -23 25.8268
      vertex 11.6573 -23 26.8609
      vertex 8.66025 -23 27
    endloop
  endfacet
  facet normal 0 -1 0
    outer loop
      vertex 11.6573 -23 26.8609
      vertex 9.2388 -23 25.8268
      vertex 11.65 -23 26.75
    endloop
  endfacet
  facet normal 0 -1 -0
    outer loop
      vertex 11.65 -23 26.75
      vertex 9.2388 -23 25.8268
      vertex 11.6573 -23 26.6391
    endloop
  endfacet
  facet normal 0 -1 -0
    outer loop
      vertex 11.6573 -23 26.6391
      vertex 9.2388 -23 25.8268
      vertex 11.679 -23 26.53
    endloop
  endfacet
  facet normal 0 -1 -0
    outer loop
      vertex 11.679 -23 26.53
      vertex 9.2388 -23 25.8268
      vertex 11.7147 -23 26.4247
    endloop
  endfacet
  facet normal 0 -1 -0
    outer loop
      vertex 11.7147 -23 26.4247
      vertex 9.2388 -23 25.8268
      vertex 11.7639 -23 26.325
    endloop
  endfacet
  facet normal 0 -1 0
    outer loop
      vertex 9.65926 -23 24.5882
      vertex 11.7639 -23 26.325
      vertex 9.2388 -23 25.8268
    endloop
  endfacet
  facet normal 0 -1 -0
    outer loop
      vertex 11.7639 -23 26.325
      vertex 9.65926 -23 24.5882
      vertex 11.8256 -23 26.2326
    endloop
  endfacet
  facet normal 0 -1 -0
    outer loop
      vertex 11.8256 -23 26.2326
      vertex 9.65926 -23 24.5882
      vertex 11.899 -23 26.149
    endloop
  endfacet
  facet normal 0 -1 -0
    outer loop
      vertex 11.899 -23 26.149
      vertex 9.65926 -23 24.5882
      vertex 11.9826 -23 26.0756
    endloop
  endfacet
  facet normal 0 -1 -0
    outer loop
      vertex 11.9826 -23 26.0756
      vertex 9.65926 -23 24.5882
      vertex 12.075 -23 26.0139
    endloop
  endfacet
  facet normal 0 -1 -0
    outer loop
      vertex 12.1747 -23 25.9647
      vertex 9.91445 -23 23.3053
      vertex 12.28 -23 25.929
    endloop
  endfacet
  facet normal 0 -1 0
    outer loop
      vertex 9.91445 -23 23.3053
      vertex 12.1747 -23 25.9647
      vertex 9.65926 -23 24.5882
    endloop
  endfacet
  facet normal 0 -1 -0
    outer loop
      vertex 12.075 -23 26.0139
      vertex 9.65926 -23 24.5882
      vertex 12.1747 -23 25.9647
    endloop
  endfacet
  facet normal 0 1 0
    outer loop
      vertex 1.88399 -23 31.471
      vertex 0 -23 32
      vertex 1.30526 -23 31.9144
    endloop
  endfacet
  facet normal 0 1 0
    outer loop
      vertex 1.88399 -23 31.471
      vertex 1.30526 -23 31.9144
      vertex 1.824 -23 31.8113
    endloop
  endfacet
  facet normal 0 1 0
    outer loop
      vertex 0 -23 32
      vertex 1.88399 -23 31.471
      vertex -1.30526 -23 31.9144
    endloop
  endfacet
  facet normal 0 1 0
    outer loop
      vertex -5.00966 -23 30.2555
      vertex -1.30526 -23 31.9144
      vertex 1.88399 -23 31.471
    endloop
  endfacet
  facet normal 0 1 0
    outer loop
      vertex -1.30526 -23 31.9144
      vertex -5.00966 -23 30.2555
      vertex -2.58819 -23 31.6593
    endloop
  endfacet
  facet normal 0 1 0
    outer loop
      vertex -2.58819 -23 31.6593
      vertex -5.00966 -23 30.2555
      vertex -3.82683 -23 31.2388
    endloop
  endfacet
  facet normal 0 1 0
    outer loop
      vertex -3.82683 -23 31.2388
      vertex -5.00966 -23 30.2555
      vertex -5 -23 30.6603
    endloop
  endfacet
  facet normal 0 1 0
    outer loop
      vertex -5 -23 30.6603
      vertex -5.00966 -23 30.2555
      vertex -5.07249 -23 30.6118
    endloop
  endfacet
  facet normal 0 0 1
    outer loop
      vertex 20 -23 62
      vertex 23 -20 62
      vertex 23 0 62
    endloop
  endfacet
  facet normal 0 0 1
    outer loop
      vertex 23 -20 62
      vertex 20 -23 62
      vertex 22.9743 -20.3916 62
    endloop
  endfacet
  facet normal 0 0 1
    outer loop
      vertex 22.9743 -20.3916 62
      vertex 20 -23 62
      vertex 22.8978 -20.7765 62
    endloop
  endfacet
  facet normal 0 0 1
    outer loop
      vertex 22.8978 -20.7765 62
      vertex 20 -23 62
      vertex 22.7716 -21.148 62
    endloop
  endfacet
  facet normal 0 0 1
    outer loop
      vertex 22.7716 -21.148 62
      vertex 20 -23 62
      vertex 22.5981 -21.5 62
    endloop
  endfacet
  facet normal 0 0 1
    outer loop
      vertex 22.5981 -21.5 62
      vertex 20 -23 62
      vertex 22.3801 -21.8263 62
    endloop
  endfacet
  facet normal 0 0 1
    outer loop
      vertex 22.3801 -21.8263 62
      vertex 20 -23 62
      vertex 22.1213 -22.1213 62
    endloop
  endfacet
  facet normal 0 0 1
    outer loop
      vertex 22.1213 -22.1213 62
      vertex 20 -23 62
      vertex 21.8263 -22.3801 62
    endloop
  endfacet
  facet normal 0 0 1
    outer loop
      vertex 21.8263 -22.3801 62
      vertex 20 -23 62
      vertex 21.5 -22.5981 62
    endloop
  endfacet
  facet normal 0 0 1
    outer loop
      vertex 21.5 -22.5981 62
      vertex 20 -23 62
      vertex 21.148 -22.7716 62
    endloop
  endfacet
  facet normal 0 0 1
    outer loop
      vertex 21.148 -22.7716 62
      vertex 20 -23 62
      vertex 20.7765 -22.8978 62
    endloop
  endfacet
  facet normal 0 0 1
    outer loop
      vertex 20.7765 -22.8978 62
      vertex 20 -23 62
      vertex 20.3916 -22.9743 62
    endloop
  endfacet
  facet normal 0 0 1
    outer loop
      vertex 23 0 62
      vertex -20 -23 62
      vertex 20 -23 62
    endloop
  endfacet
  facet normal -0 0 1
    outer loop
      vertex -23 0 62
      vertex -20 -23 62
      vertex 23 0 62
    endloop
  endfacet
  facet normal -0 0 1
    outer loop
      vertex -23 -20 62
      vertex -20 -23 62
      vertex -23 0 62
    endloop
  endfacet
  facet normal 0 0 1
    outer loop
      vertex -20 -23 62
      vertex -23 -20 62
      vertex -20.3916 -22.9743 62
    endloop
  endfacet
  facet normal 0 0 1
    outer loop
      vertex -20.3916 -22.9743 62
      vertex -23 -20 62
      vertex -20.7765 -22.8978 62
    endloop
  endfacet
  facet normal 0 0 1
    outer loop
      vertex -20.7765 -22.8978 62
      vertex -23 -20 62
      vertex -21.148 -22.7716 62
    endloop
  endfacet
  facet normal 0 0 1
    outer loop
      vertex -21.5 -22.5981 62
      vertex -23 -20 62
      vertex -21.8263 -22.3801 62
    endloop
  endfacet
  facet normal 0 0 1
    outer loop
      vertex -21.8263 -22.3801 62
      vertex -23 -20 62
      vertex -22.1213 -22.1213 62
    endloop
  endfacet
  facet normal 0 0 1
    outer loop
      vertex -22.1213 -22.1213 62
      vertex -23 -20 62
      vertex -22.3801 -21.8263 62
    endloop
  endfacet
  facet normal 0 0 1
    outer loop
      vertex -22.3801 -21.8263 62
      vertex -23 -20 62
      vertex -22.5981 -21.5 62
    endloop
  endfacet
  facet normal 0 0 1
    outer loop
      vertex -22.5981 -21.5 62
      vertex -23 -20 62
      vertex -22.7716 -21.148 62
    endloop
  endfacet
  facet normal 0 0 1
    outer loop
      vertex -22.7716 -21.148 62
      vertex -23 -20 62
      vertex -22.8978 -20.7765 62
    endloop
  endfacet
  facet normal 0 0 1
    outer loop
      vertex -21.148 -22.7716 62
      vertex -23 -20 62
      vertex -21.5 -22.5981 62
    endloop
  endfacet
  facet normal 0 0 1
    outer loop
      vertex -22.8978 -20.7765 62
      vertex -23 -20 62
      vertex -22.9743 -20.3916 62
    endloop
  endfacet
  facet normal 0.946858 -0.321651 0
    outer loop
      vertex 22.7716 -21.148 62
      vertex 22.8978 -20.7765 0
      vertex 22.8978 -20.7765 62
    endloop
  endfacet
  facet normal 0.946858 -0.321651 0
    outer loop
      vertex 22.8978 -20.7765 0
      vertex 22.7716 -21.148 62
      vertex 22.7716 -21.148 0
    endloop
  endfacet
  facet normal 0.321651 -0.946858 0
    outer loop
      vertex 20.7765 -22.8978 0
      vertex 21.148 -22.7716 62
      vertex 20.7765 -22.8978 62
    endloop
  endfacet
  facet normal 0.321651 -0.946858 0
    outer loop
      vertex 21.148 -22.7716 62
      vertex 20.7765 -22.8978 0
      vertex 21.148 -22.7716 0
    endloop
  endfacet
  facet normal 0.896961 -0.44211 0
    outer loop
      vertex 22.5981 -21.5 62
      vertex 22.7716 -21.148 0
      vertex 22.7716 -21.148 62
    endloop
  endfacet
  facet normal 0.896961 -0.44211 0
    outer loop
      vertex 22.7716 -21.148 0
      vertex 22.5981 -21.5 62
      vertex 22.5981 -21.5 0
    endloop
  endfacet
  facet normal 0.980815 -0.19494 0
    outer loop
      vertex 22.8978 -20.7765 62
      vertex 22.9743 -20.3916 0
      vertex 22.9743 -20.3916 62
    endloop
  endfacet
  facet normal 0.980815 -0.19494 0
    outer loop
      vertex 22.9743 -20.3916 0
      vertex 22.8978 -20.7765 62
      vertex 22.8978 -20.7765 0
    endloop
  endfacet
  facet normal -0.321651 -0.946858 0
    outer loop
      vertex -21.148 -22.7716 0
      vertex -20.7765 -22.8978 62
      vertex -21.148 -22.7716 62
    endloop
  endfacet
  facet normal -0.321651 -0.946858 -0
    outer loop
      vertex -20.7765 -22.8978 62
      vertex -21.148 -22.7716 0
      vertex -20.7765 -22.8978 0
    endloop
  endfacet
  facet normal -0.0654873 -0.997853 0
    outer loop
      vertex -20.3916 -22.9743 0
      vertex -20 -23 62
      vertex -20.3916 -22.9743 62
    endloop
  endfacet
  facet normal -0.0654873 -0.997853 -0
    outer loop
      vertex -20 -23 62
      vertex -20.3916 -22.9743 0
      vertex -20 -23 0
    endloop
  endfacet
  facet normal -0.896961 -0.44211 0
    outer loop
      vertex -22.5981 -21.5 0
      vertex -22.7716 -21.148 62
      vertex -22.7716 -21.148 0
    endloop
  endfacet
  facet normal -0.896961 -0.44211 0
    outer loop
      vertex -22.7716 -21.148 62
      vertex -22.5981 -21.5 0
      vertex -22.5981 -21.5 62
    endloop
  endfacet
  facet normal 0 0 -1
    outer loop
      vertex 23 -20 0
      vertex 15.8427 -15.1109 0
      vertex 15.85 -15 0
    endloop
  endfacet
  facet normal 0 0 -1
    outer loop
      vertex 23 -20 0
      vertex 15.821 -15.22 0
      vertex 15.8427 -15.1109 0
    endloop
  endfacet
  facet normal 0 0 -1
    outer loop
      vertex 23 -20 0
      vertex 15.7853 -15.3253 0
      vertex 15.821 -15.22 0
    endloop
  endfacet
  facet normal 0 0 -1
    outer loop
      vertex 23 -20 0
      vertex 15.7361 -15.425 0
      vertex 15.7853 -15.3253 0
    endloop
  endfacet
  facet normal 0 0 -1
    outer loop
      vertex 23 -20 0
      vertex 15.6743 -15.5174 0
      vertex 15.7361 -15.425 0
    endloop
  endfacet
  facet normal 0 0 -1
    outer loop
      vertex 23 -20 0
      vertex 15.601 -15.601 0
      vertex 15.6743 -15.5174 0
    endloop
  endfacet
  facet normal 0 0 -1
    outer loop
      vertex 20 -23 0
      vertex 15.5174 -15.6743 0
      vertex 15.601 -15.601 0
    endloop
  endfacet
  facet normal 0 0 -1
    outer loop
      vertex 20 -23 0
      vertex 15.425 -15.7361 0
      vertex 15.5174 -15.6743 0
    endloop
  endfacet
  facet normal 0 0 -1
    outer loop
      vertex 20 -23 0
      vertex 15.3253 -15.7853 0
      vertex 15.425 -15.7361 0
    endloop
  endfacet
  facet normal 0 0 -1
    outer loop
      vertex 20 -23 0
      vertex 15.22 -15.821 0
      vertex 15.3253 -15.7853 0
    endloop
  endfacet
  facet normal 0 0 -1
    outer loop
      vertex 20 -23 0
      vertex 15.1109 -15.8427 0
      vertex 15.22 -15.821 0
    endloop
  endfacet
  facet normal 0 0 -1
    outer loop
      vertex 20 -23 0
      vertex 15 -15.85 0
      vertex 15.1109 -15.8427 0
    endloop
  endfacet
  facet normal 0 0 -1
    outer loop
      vertex 20 -23 0
      vertex 14.8891 -15.8427 0
      vertex 15 -15.85 0
    endloop
  endfacet
  facet normal 0 0 -1
    outer loop
      vertex 20 -23 0
      vertex 14.78 -15.821 0
      vertex 14.8891 -15.8427 0
    endloop
  endfacet
  facet normal 0 0 -1
    outer loop
      vertex 20 -23 0
      vertex 14.6747 -15.7853 0
      vertex 14.78 -15.821 0
    endloop
  endfacet
  facet normal 0 0 -1
    outer loop
      vertex 3.17341 -18.935 0
      vertex 14.6747 -15.7853 0
      vertex 20 -23 0
    endloop
  endfacet
  facet normal -0 0 -1
    outer loop
      vertex 14.6747 -15.7853 0
      vertex 3.17341 -18.935 0
      vertex 14.575 -15.7361 0
    endloop
  endfacet
  facet normal 0 -0 -1
    outer loop
      vertex 3.4641 -18.5 0
      vertex 14.575 -15.7361 0
      vertex 3.17341 -18.935 0
    endloop
  endfacet
  facet normal -0 0 -1
    outer loop
      vertex 14.575 -15.7361 0
      vertex 3.4641 -18.5 0
      vertex 14.4826 -15.6743 0
    endloop
  endfacet
  facet normal 0 0 -1
    outer loop
      vertex 3.96578 -15.9779 0
      vertex 14.1573 -15.1109 0
      vertex 4 -16.5 0
    endloop
  endfacet
  facet normal -0 0 -1
    outer loop
      vertex 14.179 -15.22 0
      vertex 4 -16.5 0
      vertex 14.1573 -15.1109 0
    endloop
  endfacet
  facet normal -0 0 -1
    outer loop
      vertex 14.2147 -15.3253 0
      vertex 4 -16.5 0
      vertex 14.179 -15.22 0
    endloop
  endfacet
  facet normal 0 0 -1
    outer loop
      vertex 3.96578 -17.0221 0
      vertex 14.2147 -15.3253 0
      vertex 14.2639 -15.425 0
    endloop
  endfacet
  facet normal 0 0 -1
    outer loop
      vertex 3.8637 -17.5353 0
      vertex 14.2639 -15.425 0
      vertex 14.3256 -15.5174 0
    endloop
  endfacet
  facet normal 0 -0 -1
    outer loop
      vertex 3.69552 -18.0307 0
      vertex 14.4826 -15.6743 0
      vertex 3.4641 -18.5 0
    endloop
  endfacet
  facet normal 0 0 -1
    outer loop
      vertex 14.2147 -15.3253 0
      vertex 3.96578 -17.0221 0
      vertex 4 -16.5 0
    endloop
  endfacet
  facet normal 0 0 -1
    outer loop
      vertex 14.2639 -15.425 0
      vertex 3.8637 -17.5353 0
      vertex 3.96578 -17.0221 0
    endloop
  endfacet
  facet normal -0 0 -1
    outer loop
      vertex 14.399 -15.601 0
      vertex 3.8637 -17.5353 0
      vertex 14.3256 -15.5174 0
    endloop
  endfacet
  facet normal 0 -0 -1
    outer loop
      vertex 3.8637 -17.5353 0
      vertex 14.399 -15.601 0
      vertex 3.69552 -18.0307 0
    endloop
  endfacet
  facet normal -0 0 -1
    outer loop
      vertex 14.4826 -15.6743 0
      vertex 3.69552 -18.0307 0
      vertex 14.399 -15.601 0
    endloop
  endfacet
  facet normal 0 0 -1
    outer loop
      vertex 20 -23 0
      vertex 2.82843 -19.3284 0
      vertex 3.17341 -18.935 0
    endloop
  endfacet
  facet normal 0 0 -1
    outer loop
      vertex 20 -23 0
      vertex 2.43505 -19.6734 0
      vertex 2.82843 -19.3284 0
    endloop
  endfacet
  facet normal 0 0 -1
    outer loop
      vertex 20 -23 0
      vertex 2 -19.9641 0
      vertex 2.43505 -19.6734 0
    endloop
  endfacet
  facet normal 0 0 -1
    outer loop
      vertex 20 -23 0
      vertex 1.53073 -20.1955 0
      vertex 2 -19.9641 0
    endloop
  endfacet
  facet normal 0 0 -1
    outer loop
      vertex 20 -23 0
      vertex 1.03528 -20.3637 0
      vertex 1.53073 -20.1955 0
    endloop
  endfacet
  facet normal 0 0 -1
    outer loop
      vertex 20 -23 0
      vertex 0.522104 -20.4658 0
      vertex 1.03528 -20.3637 0
    endloop
  endfacet
  facet normal 0 0 -1
    outer loop
      vertex 20 -23 0
      vertex 0 -20.5 0
      vertex 0.522104 -20.4658 0
    endloop
  endfacet
  facet normal 0 0 -1
    outer loop
      vertex -20 -23 0
      vertex 0 -20.5 0
      vertex 20 -23 0
    endloop
  endfacet
  facet normal 0 0 -1
    outer loop
      vertex -14.2147 -15.3253 0
      vertex -4 -16.5 0
      vertex -3.96578 -17.0221 0
    endloop
  endfacet
  facet normal 0 0 -1
    outer loop
      vertex -14.2639 -15.425 0
      vertex -3.96578 -17.0221 0
      vertex -3.8637 -17.5353 0
    endloop
  endfacet
  facet normal 0 0 -1
    outer loop
      vertex -14.399 -15.601 0
      vertex -3.8637 -17.5353 0
      vertex -3.69552 -18.0307 0
    endloop
  endfacet
  facet normal 0 0 -1
    outer loop
      vertex -14.4826 -15.6743 0
      vertex -3.69552 -18.0307 0
      vertex -3.4641 -18.5 0
    endloop
  endfacet
  facet normal 0 0 -1
    outer loop
      vertex -14.575 -15.7361 0
      vertex -3.4641 -18.5 0
      vertex -3.17341 -18.935 0
    endloop
  endfacet
  facet normal 0 0 -1
    outer loop
      vertex -20 -23 0
      vertex -3.17341 -18.935 0
      vertex -2.82843 -19.3284 0
    endloop
  endfacet
  facet normal 0 0 -1
    outer loop
      vertex -20 -23 0
      vertex -2.82843 -19.3284 0
      vertex -2.43505 -19.6734 0
    endloop
  endfacet
  facet normal 0 0 -1
    outer loop
      vertex -20 -23 0
      vertex -2.43505 -19.6734 0
      vertex -2 -19.9641 0
    endloop
  endfacet
  facet normal 0 0 -1
    outer loop
      vertex -20 -23 0
      vertex -2 -19.9641 0
      vertex -1.53073 -20.1955 0
    endloop
  endfacet
  facet normal 0 0 -1
    outer loop
      vertex -4 -16.5 0
      vertex -14.1573 -15.1109 0
      vertex -14.15 -15 0
    endloop
  endfacet
  facet normal 0 0 -1
    outer loop
      vertex -4 -16.5 0
      vertex -14.179 -15.22 0
      vertex -14.1573 -15.1109 0
    endloop
  endfacet
  facet normal 0 0 -1
    outer loop
      vertex -4 -16.5 0
      vertex -14.2147 -15.3253 0
      vertex -14.179 -15.22 0
    endloop
  endfacet
  facet normal 0 0 -1
    outer loop
      vertex -3.96578 -17.0221 0
      vertex -14.2639 -15.425 0
      vertex -14.2147 -15.3253 0
    endloop
  endfacet
  facet normal 0 0 -1
    outer loop
      vertex -3.8637 -17.5353 0
      vertex -14.3256 -15.5174 0
      vertex -14.2639 -15.425 0
    endloop
  endfacet
  facet normal 0 0 -1
    outer loop
      vertex -3.8637 -17.5353 0
      vertex -14.399 -15.601 0
      vertex -14.3256 -15.5174 0
    endloop
  endfacet
  facet normal 0 0 -1
    outer loop
      vertex -3.69552 -18.0307 0
      vertex -14.4826 -15.6743 0
      vertex -14.399 -15.601 0
    endloop
  endfacet
  facet normal 0 0 -1
    outer loop
      vertex -3.4641 -18.5 0
      vertex -14.575 -15.7361 0
      vertex -14.4826 -15.6743 0
    endloop
  endfacet
  facet normal 0 0 -1
    outer loop
      vertex -3.17341 -18.935 0
      vertex -14.6747 -15.7853 0
      vertex -14.575 -15.7361 0
    endloop
  endfacet
  facet normal 0 0 -1
    outer loop
      vertex -20 -23 0
      vertex -1.53073 -20.1955 0
      vertex -1.03528 -20.3637 0
    endloop
  endfacet
  facet normal -0 0 -1
    outer loop
      vertex -3.17341 -18.935 0
      vertex -20 -23 0
      vertex -14.6747 -15.7853 0
    endloop
  endfacet
  facet normal 0 0 -1
    outer loop
      vertex -14.6747 -15.7853 0
      vertex -20 -23 0
      vertex -14.78 -15.821 0
    endloop
  endfacet
  facet normal 0 0 -1
    outer loop
      vertex -14.78 -15.821 0
      vertex -20 -23 0
      vertex -14.8891 -15.8427 0
    endloop
  endfacet
  facet normal 0 0 -1
    outer loop
      vertex -14.8891 -15.8427 0
      vertex -20 -23 0
      vertex -15 -15.85 0
    endloop
  endfacet
  facet normal -0 0 -1
    outer loop
      vertex -15 -15.85 0
      vertex -20 -23 0
      vertex -15.1109 -15.8427 0
    endloop
  endfacet
  facet normal -0 0 -1
    outer loop
      vertex -15.821 -15.22 0
      vertex -23 -20 0
      vertex -15.8427 -15.1109 0
    endloop
  endfacet
  facet normal -0 0 -1
    outer loop
      vertex -15.7853 -15.3253 0
      vertex -23 -20 0
      vertex -15.821 -15.22 0
    endloop
  endfacet
  facet normal -0 0 -1
    outer loop
      vertex -15.7361 -15.425 0
      vertex -23 -20 0
      vertex -15.7853 -15.3253 0
    endloop
  endfacet
  facet normal -0 0 -1
    outer loop
      vertex -15.6743 -15.5174 0
      vertex -23 -20 0
      vertex -15.7361 -15.425 0
    endloop
  endfacet
  facet normal -0 0 -1
    outer loop
      vertex -15.601 -15.601 0
      vertex -23 -20 0
      vertex -15.6743 -15.5174 0
    endloop
  endfacet
  facet normal 0 0 -1
    outer loop
      vertex -23 -20 0
      vertex -15.601 -15.601 0
      vertex -20 -23 0
    endloop
  endfacet
  facet normal -0 0 -1
    outer loop
      vertex -15.5174 -15.6743 0
      vertex -20 -23 0
      vertex -15.601 -15.601 0
    endloop
  endfacet
  facet normal -0 0 -1
    outer loop
      vertex -15.425 -15.7361 0
      vertex -20 -23 0
      vertex -15.5174 -15.6743 0
    endloop
  endfacet
  facet normal -0 0 -1
    outer loop
      vertex -15.3253 -15.7853 0
      vertex -20 -23 0
      vertex -15.425 -15.7361 0
    endloop
  endfacet
  facet normal -0 0 -1
    outer loop
      vertex -15.22 -15.821 0
      vertex -20 -23 0
      vertex -15.3253 -15.7853 0
    endloop
  endfacet
  facet normal -0 0 -1
    outer loop
      vertex -15.1109 -15.8427 0
      vertex -20 -23 0
      vertex -15.22 -15.821 0
    endloop
  endfacet
  facet normal -0 0 -1
    outer loop
      vertex -0.522104 -20.4658 0
      vertex -20 -23 0
      vertex -1.03528 -20.3637 0
    endloop
  endfacet
  facet normal -0 0 -1
    outer loop
      vertex 0 -20.5 0
      vertex -20 -23 0
      vertex -0.522104 -20.4658 0
    endloop
  endfacet
  facet normal 0 0 -1
    outer loop
      vertex 20 -23 0
      vertex 23 -20 0
      vertex 22.9743 -20.3916 0
    endloop
  endfacet
  facet normal 0 0 -1
    outer loop
      vertex 20 -23 0
      vertex 22.9743 -20.3916 0
      vertex 22.8978 -20.7765 0
    endloop
  endfacet
  facet normal 0 0 -1
    outer loop
      vertex 20 -23 0
      vertex 22.8978 -20.7765 0
      vertex 22.7716 -21.148 0
    endloop
  endfacet
  facet normal 0 0 -1
    outer loop
      vertex 20 -23 0
      vertex 22.7716 -21.148 0
      vertex 22.5981 -21.5 0
    endloop
  endfacet
  facet normal 0 0 -1
    outer loop
      vertex 20 -23 0
      vertex 22.5981 -21.5 0
      vertex 22.3801 -21.8263 0
    endloop
  endfacet
  facet normal 0 0 -1
    outer loop
      vertex 20 -23 0
      vertex 22.3801 -21.8263 0
      vertex 22.1213 -22.1213 0
    endloop
  endfacet
  facet normal 0 0 -1
    outer loop
      vertex 20 -23 0
      vertex 22.1213 -22.1213 0
      vertex 21.8263 -22.3801 0
    endloop
  endfacet
  facet normal 0 0 -1
    outer loop
      vertex 20 -23 0
      vertex 21.8263 -22.3801 0
      vertex 21.5 -22.5981 0
    endloop
  endfacet
  facet normal 0 0 -1
    outer loop
      vertex 20 -23 0
      vertex 21.5 -22.5981 0
      vertex 21.148 -22.7716 0
    endloop
  endfacet
  facet normal 0 0 -1
    outer loop
      vertex 20 -23 0
      vertex 21.148 -22.7716 0
      vertex 20.7765 -22.8978 0
    endloop
  endfacet
  facet normal 0 0 -1
    outer loop
      vertex 20 -23 0
      vertex 20.7765 -22.8978 0
      vertex 20.3916 -22.9743 0
    endloop
  endfacet
  facet normal 0 0 -1
    outer loop
      vertex 15.601 -15.601 0
      vertex 23 -20 0
      vertex 20 -23 0
    endloop
  endfacet
  facet normal 0 0 -1
    outer loop
      vertex 23 -20 0
      vertex 15.85 -15 0
      vertex 15.8427 -14.8891 0
    endloop
  endfacet
  facet normal 0 0 -1
    outer loop
      vertex 23 -20 0
      vertex 15.8427 -14.8891 0
      vertex 15.821 -14.78 0
    endloop
  endfacet
  facet normal 0 0 -1
    outer loop
      vertex 23 -20 0
      vertex 15.821 -14.78 0
      vertex 15.7853 -14.6747 0
    endloop
  endfacet
  facet normal 0 0 -1
    outer loop
      vertex 15.7361 -14.575 0
      vertex 23 -20 0
      vertex 15.7853 -14.6747 0
    endloop
  endfacet
  facet normal 0 0 -1
    outer loop
      vertex 23 -20 0
      vertex 15.7361 -14.575 0
      vertex 23 0 0
    endloop
  endfacet
  facet normal 0 0 -1
    outer loop
      vertex 15.6743 -14.4826 0
      vertex 23 0 0
      vertex 15.7361 -14.575 0
    endloop
  endfacet
  facet normal 0 0 -1
    outer loop
      vertex 15.601 -14.399 0
      vertex 23 0 0
      vertex 15.6743 -14.4826 0
    endloop
  endfacet
  facet normal 0 0 -1
    outer loop
      vertex 15.5174 -14.3256 0
      vertex 23 0 0
      vertex 15.601 -14.399 0
    endloop
  endfacet
  facet normal 0 0 -1
    outer loop
      vertex 15.425 -14.2639 0
      vertex 23 0 0
      vertex 15.5174 -14.3256 0
    endloop
  endfacet
  facet normal 0 0 -1
    outer loop
      vertex 15.3253 -14.2147 0
      vertex 23 0 0
      vertex 15.425 -14.2639 0
    endloop
  endfacet
  facet normal 0 0 -1
    outer loop
      vertex 15.22 -14.179 0
      vertex 23 0 0
      vertex 15.3253 -14.2147 0
    endloop
  endfacet
  facet normal 0 0 -1
    outer loop
      vertex 15.1109 -14.1573 0
      vertex 23 0 0
      vertex 15.22 -14.179 0
    endloop
  endfacet
  facet normal 0 0 -1
    outer loop
      vertex 15 -14.15 0
      vertex 23 0 0
      vertex 15.1109 -14.1573 0
    endloop
  endfacet
  facet normal 0 0 -1
    outer loop
      vertex 14.8891 -14.1573 0
      vertex 23 0 0
      vertex 15 -14.15 0
    endloop
  endfacet
  facet normal 0 0 -1
    outer loop
      vertex 14.78 -14.179 0
      vertex 23 0 0
      vertex 14.8891 -14.1573 0
    endloop
  endfacet
  facet normal 0 0 -1
    outer loop
      vertex 14.6747 -14.2147 0
      vertex 23 0 0
      vertex 14.78 -14.179 0
    endloop
  endfacet
  facet normal 0 0 -1
    outer loop
      vertex 2.43505 -13.3266 0
      vertex 14.6747 -14.2147 0
      vertex 14.575 -14.2639 0
    endloop
  endfacet
  facet normal 0 0 -1
    outer loop
      vertex 2.43505 -13.3266 0
      vertex 14.575 -14.2639 0
      vertex 14.4826 -14.3256 0
    endloop
  endfacet
  facet normal 0 0 -1
    outer loop
      vertex 2.82843 -13.6716 0
      vertex 14.4826 -14.3256 0
      vertex 14.399 -14.399 0
    endloop
  endfacet
  facet normal 0 0 -1
    outer loop
      vertex 3.17341 -14.065 0
      vertex 14.399 -14.399 0
      vertex 14.3256 -14.4826 0
    endloop
  endfacet
  facet normal 0 0 -1
    outer loop
      vertex 3.4641 -14.5 0
      vertex 14.3256 -14.4826 0
      vertex 14.2639 -14.575 0
    endloop
  endfacet
  facet normal -0 0 -1
    outer loop
      vertex 14.1573 -15.1109 0
      vertex 3.96578 -15.9779 0
      vertex 14.15 -15 0
    endloop
  endfacet
  facet normal 0 0 -1
    outer loop
      vertex 3.8637 -15.4647 0
      vertex 14.15 -15 0
      vertex 3.96578 -15.9779 0
    endloop
  endfacet
  facet normal -0 0 -1
    outer loop
      vertex 14.15 -15 0
      vertex 3.8637 -15.4647 0
      vertex 14.1573 -14.8891 0
    endloop
  endfacet
  facet normal -0 0 -1
    outer loop
      vertex 14.1573 -14.8891 0
      vertex 3.8637 -15.4647 0
      vertex 14.179 -14.78 0
    endloop
  endfacet
  facet normal 0 0 -1
    outer loop
      vertex 3.69552 -14.9693 0
      vertex 14.179 -14.78 0
      vertex 3.8637 -15.4647 0
    endloop
  endfacet
  facet normal -0 0 -1
    outer loop
      vertex 14.179 -14.78 0
      vertex 3.69552 -14.9693 0
      vertex 14.2147 -14.6747 0
    endloop
  endfacet
  facet normal 0 0 -1
    outer loop
      vertex 3.4641 -14.5 0
      vertex 14.2147 -14.6747 0
      vertex 3.69552 -14.9693 0
    endloop
  endfacet
  facet normal 0 0 -1
    outer loop
      vertex 14.2147 -14.6747 0
      vertex 3.4641 -14.5 0
      vertex 14.2639 -14.575 0
    endloop
  endfacet
  facet normal -0 0 -1
    outer loop
      vertex 14.3256 -14.4826 0
      vertex 3.4641 -14.5 0
      vertex 3.17341 -14.065 0
    endloop
  endfacet
  facet normal 0 0 -1
    outer loop
      vertex 14.399 -14.399 0
      vertex 3.17341 -14.065 0
      vertex 2.82843 -13.6716 0
    endloop
  endfacet
  facet normal 0 0 -1
    outer loop
      vertex 14.4826 -14.3256 0
      vertex 2.82843 -13.6716 0
      vertex 2.43505 -13.3266 0
    endloop
  endfacet
  facet normal 0 0 -1
    outer loop
      vertex 14.6747 -14.2147 0
      vertex 2.43505 -13.3266 0
      vertex 2 -13.0359 0
    endloop
  endfacet
  facet normal 0 0 -1
    outer loop
      vertex 14.6747 -14.2147 0
      vertex 2 -13.0359 0
      vertex 23 0 0
    endloop
  endfacet
  facet normal 0 0 -1
    outer loop
      vertex 1.53073 -12.8045 0
      vertex 23 0 0
      vertex 2 -13.0359 0
    endloop
  endfacet
  facet normal 0 0 -1
    outer loop
      vertex 1.03528 -12.6363 0
      vertex 23 0 0
      vertex 1.53073 -12.8045 0
    endloop
  endfacet
  facet normal 0 0 -1
    outer loop
      vertex 0.522104 -12.5342 0
      vertex 23 0 0
      vertex 1.03528 -12.6363 0
    endloop
  endfacet
  facet normal 0 0 -1
    outer loop
      vertex 0 -12.5 0
      vertex 23 0 0
      vertex 0.522104 -12.5342 0
    endloop
  endfacet
  facet normal 0 0 -1
    outer loop
      vertex -23 0 0
      vertex 0 -12.5 0
      vertex -0.522104 -12.5342 0
    endloop
  endfacet
  facet normal 0 0 -1
    outer loop
      vertex -23 0 0
      vertex -0.522104 -12.5342 0
      vertex -1.03528 -12.6363 0
    endloop
  endfacet
  facet normal 0 0 -1
    outer loop
      vertex -23 0 0
      vertex -1.03528 -12.6363 0
      vertex -1.53073 -12.8045 0
    endloop
  endfacet
  facet normal 0 0 -1
    outer loop
      vertex -23 0 0
      vertex -1.53073 -12.8045 0
      vertex -2 -13.0359 0
    endloop
  endfacet
  facet normal 0 0 -1
    outer loop
      vertex -14.15 -15 0
      vertex -3.96578 -15.9779 0
      vertex -4 -16.5 0
    endloop
  endfacet
  facet normal 0 0 -1
    outer loop
      vertex -14.15 -15 0
      vertex -3.8637 -15.4647 0
      vertex -3.96578 -15.9779 0
    endloop
  endfacet
  facet normal 0 0 -1
    outer loop
      vertex -14.1573 -14.8891 0
      vertex -3.8637 -15.4647 0
      vertex -14.15 -15 0
    endloop
  endfacet
  facet normal 0 0 -1
    outer loop
      vertex -14.179 -14.78 0
      vertex -3.8637 -15.4647 0
      vertex -14.1573 -14.8891 0
    endloop
  endfacet
  facet normal 0 0 -1
    outer loop
      vertex -3.8637 -15.4647 0
      vertex -14.179 -14.78 0
      vertex -3.69552 -14.9693 0
    endloop
  endfacet
  facet normal 0 0 -1
    outer loop
      vertex -14.2147 -14.6747 0
      vertex -3.69552 -14.9693 0
      vertex -14.179 -14.78 0
    endloop
  endfacet
  facet normal 0 0 -1
    outer loop
      vertex -3.69552 -14.9693 0
      vertex -14.2147 -14.6747 0
      vertex -3.4641 -14.5 0
    endloop
  endfacet
  facet normal 0 0 -1
    outer loop
      vertex -14.2639 -14.575 0
      vertex -3.4641 -14.5 0
      vertex -14.2147 -14.6747 0
    endloop
  endfacet
  facet normal 0 0 -1
    outer loop
      vertex -14.3256 -14.4826 0
      vertex -3.4641 -14.5 0
      vertex -14.2639 -14.575 0
    endloop
  endfacet
  facet normal 0 0 -1
    outer loop
      vertex -3.4641 -14.5 0
      vertex -14.3256 -14.4826 0
      vertex -3.17341 -14.065 0
    endloop
  endfacet
  facet normal 0 0 -1
    outer loop
      vertex -14.399 -14.399 0
      vertex -3.17341 -14.065 0
      vertex -14.3256 -14.4826 0
    endloop
  endfacet
  facet normal -0 0 -1
    outer loop
      vertex -3.17341 -14.065 0
      vertex -14.399 -14.399 0
      vertex -2.82843 -13.6716 0
    endloop
  endfacet
  facet normal 0 0 -1
    outer loop
      vertex -14.4826 -14.3256 0
      vertex -2.82843 -13.6716 0
      vertex -14.399 -14.399 0
    endloop
  endfacet
  facet normal -0 0 -1
    outer loop
      vertex -2.82843 -13.6716 0
      vertex -14.4826 -14.3256 0
      vertex -2.43505 -13.3266 0
    endloop
  endfacet
  facet normal 0 0 -1
    outer loop
      vertex -14.575 -14.2639 0
      vertex -2.43505 -13.3266 0
      vertex -14.4826 -14.3256 0
    endloop
  endfacet
  facet normal 0 0 -1
    outer loop
      vertex -14.6747 -14.2147 0
      vertex -2.43505 -13.3266 0
      vertex -14.575 -14.2639 0
    endloop
  endfacet
  facet normal -0 0 -1
    outer loop
      vertex -2.43505 -13.3266 0
      vertex -14.6747 -14.2147 0
      vertex -2 -13.0359 0
    endloop
  endfacet
  facet normal -0 0 -1
    outer loop
      vertex -2 -13.0359 0
      vertex -14.6747 -14.2147 0
      vertex -23 0 0
    endloop
  endfacet
  facet normal 0 0 -1
    outer loop
      vertex -23 0 0
      vertex -14.6747 -14.2147 0
      vertex -14.78 -14.179 0
    endloop
  endfacet
  facet normal 0 0 -1
    outer loop
      vertex -23 0 0
      vertex -14.78 -14.179 0
      vertex -14.8891 -14.1573 0
    endloop
  endfacet
  facet normal 0 0 -1
    outer loop
      vertex -23 0 0
      vertex -14.8891 -14.1573 0
      vertex -15 -14.15 0
    endloop
  endfacet
  facet normal 0 0 -1
    outer loop
      vertex -23 0 0
      vertex -15 -14.15 0
      vertex -15.1109 -14.1573 0
    endloop
  endfacet
  facet normal 0 0 -1
    outer loop
      vertex -23 0 0
      vertex -15.1109 -14.1573 0
      vertex -15.22 -14.179 0
    endloop
  endfacet
  facet normal 0 0 -1
    outer loop
      vertex -23 0 0
      vertex -15.22 -14.179 0
      vertex -15.3253 -14.2147 0
    endloop
  endfacet
  facet normal -0 0 -1
    outer loop
      vertex -15.8427 -15.1109 0
      vertex -23 -20 0
      vertex -15.85 -15 0
    endloop
  endfacet
  facet normal -0 0 -1
    outer loop
      vertex -15.85 -15 0
      vertex -23 -20 0
      vertex -15.8427 -14.8891 0
    endloop
  endfacet
  facet normal -0 0 -1
    outer loop
      vertex -15.8427 -14.8891 0
      vertex -23 -20 0
      vertex -15.821 -14.78 0
    endloop
  endfacet
  facet normal -0 0 -1
    outer loop
      vertex -15.821 -14.78 0
      vertex -23 -20 0
      vertex -15.7853 -14.6747 0
    endloop
  endfacet
  facet normal 0 0 -1
    outer loop
      vertex -23 -20 0
      vertex -20 -23 0
      vertex -20.3916 -22.9743 0
    endloop
  endfacet
  facet normal 0 0 -1
    outer loop
      vertex -23 -20 0
      vertex -20.3916 -22.9743 0
      vertex -20.7765 -22.8978 0
    endloop
  endfacet
  facet normal 0 0 -1
    outer loop
      vertex -23 -20 0
      vertex -20.7765 -22.8978 0
      vertex -21.148 -22.7716 0
    endloop
  endfacet
  facet normal 0 0 -1
    outer loop
      vertex -23 -20 0
      vertex -21.148 -22.7716 0
      vertex -21.5 -22.5981 0
    endloop
  endfacet
  facet normal -0 0 -1
    outer loop
      vertex -15.7853 -14.6747 0
      vertex -23 -20 0
      vertex -15.7361 -14.575 0
    endloop
  endfacet
  facet normal 0 0 -1
    outer loop
      vertex -23 -20 0
      vertex -21.5 -22.5981 0
      vertex -21.8263 -22.3801 0
    endloop
  endfacet
  facet normal 0 0 -1
    outer loop
      vertex -23 -20 0
      vertex -21.8263 -22.3801 0
      vertex -22.1213 -22.1213 0
    endloop
  endfacet
  facet normal 0 0 -1
    outer loop
      vertex -23 -20 0
      vertex -22.1213 -22.1213 0
      vertex -22.3801 -21.8263 0
    endloop
  endfacet
  facet normal 0 0 -1
    outer loop
      vertex -23 0 0
      vertex -15.7361 -14.575 0
      vertex -23 -20 0
    endloop
  endfacet
  facet normal 0 0 -1
    outer loop
      vertex -23 -20 0
      vertex -22.3801 -21.8263 0
      vertex -22.5981 -21.5 0
    endloop
  endfacet
  facet normal 0 0 -1
    outer loop
      vertex -23 -20 0
      vertex -22.5981 -21.5 0
      vertex -22.7716 -21.148 0
    endloop
  endfacet
  facet normal 0 0 -1
    outer loop
      vertex -23 -20 0
      vertex -22.7716 -21.148 0
      vertex -22.8978 -20.7765 0
    endloop
  endfacet
  facet normal 0 0 -1
    outer loop
      vertex -15.7361 -14.575 0
      vertex -23 0 0
      vertex -15.6743 -14.4826 0
    endloop
  endfacet
  facet normal 0 0 -1
    outer loop
      vertex -23 -20 0
      vertex -22.8978 -20.7765 0
      vertex -22.9743 -20.3916 0
    endloop
  endfacet
  facet normal 0 0 -1
    outer loop
      vertex -15.6743 -14.4826 0
      vertex -23 0 0
      vertex -15.601 -14.399 0
    endloop
  endfacet
  facet normal 0 0 -1
    outer loop
      vertex 0 -12.5 0
      vertex -23 0 0
      vertex 23 0 0
    endloop
  endfacet
  facet normal 0 0 -1
    outer loop
      vertex -15.425 -14.2639 0
      vertex -23 0 0
      vertex -15.3253 -14.2147 0
    endloop
  endfacet
  facet normal 0 0 -1
    outer loop
      vertex -15.5174 -14.3256 0
      vertex -23 0 0
      vertex -15.425 -14.2639 0
    endloop
  endfacet
  facet normal 0 0 -1
    outer loop
      vertex -15.601 -14.399 0
      vertex -23 0 0
      vertex -15.5174 -14.3256 0
    endloop
  endfacet
  facet normal 0.831501 -0.555523 0
    outer loop
      vertex 22.3801 -21.8263 62
      vertex 22.5981 -21.5 0
      vertex 22.5981 -21.5 62
    endloop
  endfacet
  facet normal 0.831501 -0.555523 0
    outer loop
      vertex 22.5981 -21.5 0
      vertex 22.3801 -21.8263 62
      vertex 22.3801 -21.8263 0
    endloop
  endfacet
  facet normal -0.44211 -0.896961 0
    outer loop
      vertex -21.5 -22.5981 0
      vertex -21.148 -22.7716 62
      vertex -21.5 -22.5981 62
    endloop
  endfacet
  facet normal -0.44211 -0.896961 -0
    outer loop
      vertex -21.148 -22.7716 62
      vertex -21.5 -22.5981 0
      vertex -21.148 -22.7716 0
    endloop
  endfacet
  facet normal -0.19494 -0.980815 0
    outer loop
      vertex -20.7765 -22.8978 0
      vertex -20.3916 -22.9743 62
      vertex -20.7765 -22.8978 62
    endloop
  endfacet
  facet normal -0.19494 -0.980815 -0
    outer loop
      vertex -20.3916 -22.9743 62
      vertex -20.7765 -22.8978 0
      vertex -20.3916 -22.9743 0
    endloop
  endfacet
  facet normal 0.44211 -0.896961 0
    outer loop
      vertex 21.148 -22.7716 0
      vertex 21.5 -22.5981 62
      vertex 21.148 -22.7716 62
    endloop
  endfacet
  facet normal 0.44211 -0.896961 0
    outer loop
      vertex 21.5 -22.5981 62
      vertex 21.148 -22.7716 0
      vertex 21.5 -22.5981 0
    endloop
  endfacet
  facet normal -0.831501 -0.555523 0
    outer loop
      vertex -22.3801 -21.8263 0
      vertex -22.5981 -21.5 62
      vertex -22.5981 -21.5 0
    endloop
  endfacet
  facet normal -0.831501 -0.555523 0
    outer loop
      vertex -22.5981 -21.5 62
      vertex -22.3801 -21.8263 0
      vertex -22.3801 -21.8263 62
    endloop
  endfacet
  facet normal -0.946858 -0.321651 0
    outer loop
      vertex -22.7716 -21.148 0
      vertex -22.8978 -20.7765 62
      vertex -22.8978 -20.7765 0
    endloop
  endfacet
  facet normal -0.946858 -0.321651 0
    outer loop
      vertex -22.8978 -20.7765 62
      vertex -22.7716 -21.148 0
      vertex -22.7716 -21.148 62
    endloop
  endfacet
  facet normal -0.997853 -0.0654873 0
    outer loop
      vertex -22.9743 -20.3916 0
      vertex -23 -20 62
      vertex -23 -20 0
    endloop
  endfacet
  facet normal -0.997853 -0.0654873 0
    outer loop
      vertex -23 -20 62
      vertex -22.9743 -20.3916 0
      vertex -22.9743 -20.3916 62
    endloop
  endfacet
  facet normal -0.555523 -0.831501 0
    outer loop
      vertex -21.8263 -22.3801 0
      vertex -21.5 -22.5981 62
      vertex -21.8263 -22.3801 62
    endloop
  endfacet
  facet normal -0.555523 -0.831501 -0
    outer loop
      vertex -21.5 -22.5981 62
      vertex -21.8263 -22.3801 0
      vertex -21.5 -22.5981 0
    endloop
  endfacet
  facet normal 0.19494 -0.980815 0
    outer loop
      vertex 20.3916 -22.9743 0
      vertex 20.7765 -22.8978 62
      vertex 20.3916 -22.9743 62
    endloop
  endfacet
  facet normal 0.19494 -0.980815 0
    outer loop
      vertex 20.7765 -22.8978 62
      vertex 20.3916 -22.9743 0
      vertex 20.7765 -22.8978 0
    endloop
  endfacet
  facet normal 0.0654873 -0.997853 0
    outer loop
      vertex 20 -23 0
      vertex 20.3916 -22.9743 62
      vertex 20 -23 62
    endloop
  endfacet
  facet normal 0.0654873 -0.997853 0
    outer loop
      vertex 20.3916 -22.9743 62
      vertex 20 -23 0
      vertex 20.3916 -22.9743 0
    endloop
  endfacet
  facet normal 0.555523 -0.831501 0
    outer loop
      vertex 21.5 -22.5981 0
      vertex 21.8263 -22.3801 62
      vertex 21.5 -22.5981 62
    endloop
  endfacet
  facet normal 0.555523 -0.831501 0
    outer loop
      vertex 21.8263 -22.3801 62
      vertex 21.5 -22.5981 0
      vertex 21.8263 -22.3801 0
    endloop
  endfacet
  facet normal -0.751724 -0.659478 0
    outer loop
      vertex -22.1213 -22.1213 0
      vertex -22.3801 -21.8263 62
      vertex -22.3801 -21.8263 0
    endloop
  endfacet
  facet normal -0.751724 -0.659478 0
    outer loop
      vertex -22.3801 -21.8263 62
      vertex -22.1213 -22.1213 0
      vertex -22.1213 -22.1213 62
    endloop
  endfacet
  facet normal -0.980815 -0.19494 0
    outer loop
      vertex -22.8978 -20.7765 0
      vertex -22.9743 -20.3916 62
      vertex -22.9743 -20.3916 0
    endloop
  endfacet
  facet normal -0.980815 -0.19494 0
    outer loop
      vertex -22.9743 -20.3916 62
      vertex -22.8978 -20.7765 0
      vertex -22.8978 -20.7765 62
    endloop
  endfacet
  facet normal 0.659478 -0.751724 0
    outer loop
      vertex 21.8263 -22.3801 0
      vertex 22.1213 -22.1213 62
      vertex 21.8263 -22.3801 62
    endloop
  endfacet
  facet normal 0.659478 -0.751724 0
    outer loop
      vertex 22.1213 -22.1213 62
      vertex 21.8263 -22.3801 0
      vertex 22.1213 -22.1213 0
    endloop
  endfacet
  facet normal -0.984806 0 -0.173661
    outer loop
      vertex -5.00966 -30 30.2555
      vertex -5.07249 -23 30.6118
      vertex -5.00966 -23 30.2555
    endloop
  endfacet
  facet normal -0.984807 -5.83266e-07 -0.17365
    outer loop
      vertex -6.05155 -30 36.1643
      vertex -5.07249 -23 30.6118
      vertex -5.00966 -30 30.2555
    endloop
  endfacet
  facet normal -0.984808 0 -0.173649
    outer loop
      vertex -5.07249 -23 30.6118
      vertex -6.05155 -30 36.1643
      vertex -6.05155 -23 36.1643
    endloop
  endfacet
  facet normal 0 -1 0
    outer loop
      vertex -6.05155 -30 36.1643
      vertex 1.88399 -30 31.471
      vertex 0.842104 -30 37.3799
    endloop
  endfacet
  facet normal -0 -1 0
    outer loop
      vertex 1.88399 -30 31.471
      vertex -6.05155 -30 36.1643
      vertex -5.00966 -30 30.2555
    endloop
  endfacet
  facet normal 0.173643 0 -0.984809
    outer loop
      vertex -5.00966 -30 30.2555
      vertex 1.88399 -23 31.471
      vertex 1.88399 -30 31.471
    endloop
  endfacet
  facet normal 0.173643 0 -0.984809
    outer loop
      vertex 1.88399 -23 31.471
      vertex -5.00966 -30 30.2555
      vertex -5.00966 -23 30.2555
    endloop
  endfacet
  facet normal 0.984808 -0 0.173648
    outer loop
      vertex 0.842104 -30 37.3799
      vertex 1.824 -23 31.8113
      vertex 0.842104 -23 37.3799
    endloop
  endfacet
  facet normal 0.984808 -1.87843e-06 0.173646
    outer loop
      vertex 1.88399 -30 31.471
      vertex 1.824 -23 31.8113
      vertex 0.842104 -30 37.3799
    endloop
  endfacet
  facet normal 0.984815 0 0.173609
    outer loop
      vertex 1.824 -23 31.8113
      vertex 1.88399 -30 31.471
      vertex 1.88399 -23 31.471
    endloop
  endfacet
  facet normal -0.173657 0 0.984806
    outer loop
      vertex -6.05155 -23 36.1643
      vertex 0.842104 -30 37.3799
      vertex 0.842104 -23 37.3799
    endloop
  endfacet
  facet normal -0.173657 0 0.984806
    outer loop
      vertex 0.842104 -30 37.3799
      vertex -6.05155 -23 36.1643
      vertex -6.05155 -30 36.1643
    endloop
  endfacet
  facet normal 0 -0.0653917 0.99786
    outer loop
      vertex -23 -12.8825 37.1077
      vertex -21 -13 37.1
      vertex -21 -12.8825 37.1077
    endloop
  endfacet
  facet normal 0 -0.0653917 0.99786
    outer loop
      vertex -21 -13 37.1
      vertex -23 -12.8825 37.1077
      vertex -23 -13 37.1
    endloop
  endfacet
  facet normal 0 -0.0653917 -0.99786
    outer loop
      vertex -23 -13 38.9
      vertex -21 -12.8825 38.8923
      vertex -21 -13 38.9
    endloop
  endfacet
  facet normal -0 -0.0653917 -0.99786
    outer loop
      vertex -21 -12.8825 38.8923
      vertex -23 -13 38.9
      vertex -23 -12.8825 38.8923
    endloop
  endfacet
  facet normal 0 0.99786 -0.0653917
    outer loop
      vertex -21 -13.9 38
      vertex -23 -13.8923 38.1175
      vertex -21 -13.8923 38.1175
    endloop
  endfacet
  facet normal 0 0.99786 -0.0653917
    outer loop
      vertex -23 -13.8923 38.1175
      vertex -21 -13.9 38
      vertex -23 -13.9 38
    endloop
  endfacet
  facet normal 0 0.659286 -0.751892
    outer loop
      vertex -23 -13.6364 38.6364
      vertex -21 -13.5479 38.714
      vertex -21 -13.6364 38.6364
    endloop
  endfacet
  facet normal 0 0.659286 -0.751892
    outer loop
      vertex -21 -13.5479 38.714
      vertex -23 -13.6364 38.6364
      vertex -23 -13.5479 38.714
    endloop
  endfacet
  facet normal 0 -0.751892 -0.659286
    outer loop
      vertex -23 -12.286 38.5479
      vertex -21 -12.3636 38.6364
      vertex -23 -12.3636 38.6364
    endloop
  endfacet
  facet normal 0 -0.751892 -0.659286
    outer loop
      vertex -21 -12.3636 38.6364
      vertex -23 -12.286 38.5479
      vertex -21 -12.286 38.5479
    endloop
  endfacet
  facet normal 0 -0.947057 -0.321065
    outer loop
      vertex -23 -12.1307 38.2329
      vertex -21 -12.1685 38.3444
      vertex -23 -12.1685 38.3444
    endloop
  endfacet
  facet normal 0 -0.947057 -0.321065
    outer loop
      vertex -21 -12.1685 38.3444
      vertex -23 -12.1307 38.2329
      vertex -21 -12.1307 38.2329
    endloop
  endfacet
  facet normal 0 0.321065 -0.947057
    outer loop
      vertex -23 -13.3444 38.8315
      vertex -21 -13.2329 38.8693
      vertex -21 -13.3444 38.8315
    endloop
  endfacet
  facet normal 0 0.321065 -0.947057
    outer loop
      vertex -21 -13.2329 38.8693
      vertex -23 -13.3444 38.8315
      vertex -23 -13.2329 38.8693
    endloop
  endfacet
  facet normal 0 -0.555484 0.831527
    outer loop
      vertex -23 -12.4521 37.286
      vertex -21 -12.55 37.2206
      vertex -21 -12.4521 37.286
    endloop
  endfacet
  facet normal 0 -0.555484 0.831527
    outer loop
      vertex -21 -12.55 37.2206
      vertex -23 -12.4521 37.286
      vertex -23 -12.55 37.2206
    endloop
  endfacet
  facet normal 0 -0.831527 0.555484
    outer loop
      vertex -23 -12.286 37.4521
      vertex -21 -12.2206 37.55
      vertex -23 -12.2206 37.55
    endloop
  endfacet
  facet normal 0 -0.831527 0.555484
    outer loop
      vertex -21 -12.2206 37.55
      vertex -23 -12.286 37.4521
      vertex -21 -12.286 37.4521
    endloop
  endfacet
  facet normal 0 -0.442452 -0.896792
    outer loop
      vertex -23 -12.6556 38.8315
      vertex -21 -12.55 38.7794
      vertex -21 -12.6556 38.8315
    endloop
  endfacet
  facet normal -0 -0.442452 -0.896792
    outer loop
      vertex -21 -12.55 38.7794
      vertex -23 -12.6556 38.8315
      vertex -23 -12.55 38.7794
    endloop
  endfacet
  facet normal 0 -0.659286 -0.751892
    outer loop
      vertex -23 -12.4521 38.714
      vertex -21 -12.3636 38.6364
      vertex -21 -12.4521 38.714
    endloop
  endfacet
  facet normal -0 -0.659286 -0.751892
    outer loop
      vertex -21 -12.3636 38.6364
      vertex -23 -12.4521 38.714
      vertex -23 -12.3636 38.6364
    endloop
  endfacet
  facet normal 0 -0.99786 -0.0653917
    outer loop
      vertex -23 -12.1 38
      vertex -21 -12.1077 38.1175
      vertex -23 -12.1077 38.1175
    endloop
  endfacet
  facet normal 0 -0.99786 -0.0653917
    outer loop
      vertex -21 -12.1077 38.1175
      vertex -23 -12.1 38
      vertex -21 -12.1 38
    endloop
  endfacet
  facet normal -0 0.321065 0.947057
    outer loop
      vertex -23 -13.2329 37.1307
      vertex -21 -13.3444 37.1685
      vertex -21 -13.2329 37.1307
    endloop
  endfacet
  facet normal 0 0.321065 0.947057
    outer loop
      vertex -21 -13.3444 37.1685
      vertex -23 -13.2329 37.1307
      vertex -23 -13.3444 37.1685
    endloop
  endfacet
  facet normal 0 0.831527 0.555484
    outer loop
      vertex -21 -13.714 37.4521
      vertex -23 -13.7794 37.55
      vertex -21 -13.7794 37.55
    endloop
  endfacet
  facet normal 0 0.831527 0.555484
    outer loop
      vertex -23 -13.7794 37.55
      vertex -21 -13.714 37.4521
      vertex -23 -13.714 37.4521
    endloop
  endfacet
  facet normal 0 0.896792 -0.442452
    outer loop
      vertex -21 -13.8315 38.3444
      vertex -23 -13.7794 38.45
      vertex -21 -13.7794 38.45
    endloop
  endfacet
  facet normal 0 0.896792 -0.442452
    outer loop
      vertex -23 -13.7794 38.45
      vertex -21 -13.8315 38.3444
      vertex -23 -13.8315 38.3444
    endloop
  endfacet
  facet normal 0 0.751892 -0.659286
    outer loop
      vertex -21 -13.714 38.5479
      vertex -23 -13.6364 38.6364
      vertex -21 -13.6364 38.6364
    endloop
  endfacet
  facet normal 0 0.751892 -0.659286
    outer loop
      vertex -23 -13.6364 38.6364
      vertex -21 -13.714 38.5479
      vertex -23 -13.714 38.5479
    endloop
  endfacet
  facet normal 0 0.0653917 -0.99786
    outer loop
      vertex -23 -13.1175 38.8923
      vertex -21 -13 38.9
      vertex -21 -13.1175 38.8923
    endloop
  endfacet
  facet normal 0 0.0653917 -0.99786
    outer loop
      vertex -21 -13 38.9
      vertex -23 -13.1175 38.8923
      vertex -23 -13 38.9
    endloop
  endfacet
  facet normal 0 -0.195462 0.980711
    outer loop
      vertex -23 -12.7671 37.1307
      vertex -21 -12.8825 37.1077
      vertex -21 -12.7671 37.1307
    endloop
  endfacet
  facet normal 0 -0.195462 0.980711
    outer loop
      vertex -21 -12.8825 37.1077
      vertex -23 -12.7671 37.1307
      vertex -23 -12.8825 37.1077
    endloop
  endfacet
  facet normal 0 -0.442452 0.896792
    outer loop
      vertex -23 -12.55 37.2206
      vertex -21 -12.6556 37.1685
      vertex -21 -12.55 37.2206
    endloop
  endfacet
  facet normal 0 -0.442452 0.896792
    outer loop
      vertex -21 -12.6556 37.1685
      vertex -23 -12.55 37.2206
      vertex -23 -12.6556 37.1685
    endloop
  endfacet
  facet normal 0 -0.659286 0.751892
    outer loop
      vertex -23 -12.3636 37.3636
      vertex -21 -12.4521 37.286
      vertex -21 -12.3636 37.3636
    endloop
  endfacet
  facet normal 0 -0.659286 0.751892
    outer loop
      vertex -21 -12.4521 37.286
      vertex -23 -12.3636 37.3636
      vertex -23 -12.4521 37.286
    endloop
  endfacet
  facet normal 0 -0.947057 0.321065
    outer loop
      vertex -23 -12.1685 37.6556
      vertex -21 -12.1307 37.7671
      vertex -23 -12.1307 37.7671
    endloop
  endfacet
  facet normal 0 -0.947057 0.321065
    outer loop
      vertex -21 -12.1307 37.7671
      vertex -23 -12.1685 37.6556
      vertex -21 -12.1685 37.6556
    endloop
  endfacet
  facet normal 0 -0.99786 0.0653917
    outer loop
      vertex -23 -12.1077 37.8825
      vertex -21 -12.1 38
      vertex -23 -12.1 38
    endloop
  endfacet
  facet normal 0 -0.99786 0.0653917
    outer loop
      vertex -21 -12.1 38
      vertex -23 -12.1077 37.8825
      vertex -21 -12.1077 37.8825
    endloop
  endfacet
  facet normal 0 -0.896792 0.442452
    outer loop
      vertex -23 -12.2206 37.55
      vertex -21 -12.1685 37.6556
      vertex -23 -12.1685 37.6556
    endloop
  endfacet
  facet normal 0 -0.896792 0.442452
    outer loop
      vertex -21 -12.1685 37.6556
      vertex -23 -12.2206 37.55
      vertex -21 -12.2206 37.55
    endloop
  endfacet
  facet normal 0 -0.555484 -0.831527
    outer loop
      vertex -23 -12.55 38.7794
      vertex -21 -12.4521 38.714
      vertex -21 -12.55 38.7794
    endloop
  endfacet
  facet normal -0 -0.555484 -0.831527
    outer loop
      vertex -21 -12.4521 38.714
      vertex -23 -12.55 38.7794
      vertex -23 -12.4521 38.714
    endloop
  endfacet
  facet normal 0 -0.321065 -0.947057
    outer loop
      vertex -23 -12.7671 38.8693
      vertex -21 -12.6556 38.8315
      vertex -21 -12.7671 38.8693
    endloop
  endfacet
  facet normal -0 -0.321065 -0.947057
    outer loop
      vertex -21 -12.6556 38.8315
      vertex -23 -12.7671 38.8693
      vertex -23 -12.6556 38.8315
    endloop
  endfacet
  facet normal 0 -0.195462 -0.980711
    outer loop
      vertex -23 -12.8825 38.8923
      vertex -21 -12.7671 38.8693
      vertex -21 -12.8825 38.8923
    endloop
  endfacet
  facet normal -0 -0.195462 -0.980711
    outer loop
      vertex -21 -12.7671 38.8693
      vertex -23 -12.8825 38.8923
      vertex -23 -12.7671 38.8693
    endloop
  endfacet
  facet normal 0 -0.896792 -0.442452
    outer loop
      vertex -23 -12.1685 38.3444
      vertex -21 -12.2206 38.45
      vertex -23 -12.2206 38.45
    endloop
  endfacet
  facet normal 0 -0.896792 -0.442452
    outer loop
      vertex -21 -12.2206 38.45
      vertex -23 -12.1685 38.3444
      vertex -21 -12.1685 38.3444
    endloop
  endfacet
  facet normal 0 -0.831527 -0.555484
    outer loop
      vertex -23 -12.2206 38.45
      vertex -21 -12.286 38.5479
      vertex -23 -12.286 38.5479
    endloop
  endfacet
  facet normal 0 -0.831527 -0.555484
    outer loop
      vertex -21 -12.286 38.5479
      vertex -23 -12.2206 38.45
      vertex -21 -12.2206 38.45
    endloop
  endfacet
  facet normal 0 -0.980711 -0.195462
    outer loop
      vertex -23 -12.1077 38.1175
      vertex -21 -12.1307 38.2329
      vertex -23 -12.1307 38.2329
    endloop
  endfacet
  facet normal 0 -0.980711 -0.195462
    outer loop
      vertex -21 -12.1307 38.2329
      vertex -23 -12.1077 38.1175
      vertex -21 -12.1077 38.1175
    endloop
  endfacet
  facet normal 0 0.99786 0.0653917
    outer loop
      vertex -21 -13.8923 37.8825
      vertex -23 -13.9 38
      vertex -21 -13.9 38
    endloop
  endfacet
  facet normal 0 0.99786 0.0653917
    outer loop
      vertex -23 -13.9 38
      vertex -21 -13.8923 37.8825
      vertex -23 -13.8923 37.8825
    endloop
  endfacet
  facet normal 0 0.947057 0.321065
    outer loop
      vertex -21 -13.8315 37.6556
      vertex -23 -13.8693 37.7671
      vertex -21 -13.8693 37.7671
    endloop
  endfacet
  facet normal 0 0.947057 0.321065
    outer loop
      vertex -23 -13.8693 37.7671
      vertex -21 -13.8315 37.6556
      vertex -23 -13.8315 37.6556
    endloop
  endfacet
  facet normal 0 0.751892 0.659286
    outer loop
      vertex -21 -13.6364 37.3636
      vertex -23 -13.714 37.4521
      vertex -21 -13.714 37.4521
    endloop
  endfacet
  facet normal 0 0.751892 0.659286
    outer loop
      vertex -23 -13.714 37.4521
      vertex -21 -13.6364 37.3636
      vertex -23 -13.6364 37.3636
    endloop
  endfacet
  facet normal -0 0.555484 0.831527
    outer loop
      vertex -23 -13.45 37.2206
      vertex -21 -13.5479 37.286
      vertex -21 -13.45 37.2206
    endloop
  endfacet
  facet normal 0 0.555484 0.831527
    outer loop
      vertex -21 -13.5479 37.286
      vertex -23 -13.45 37.2206
      vertex -23 -13.5479 37.286
    endloop
  endfacet
  facet normal 0 0.831527 -0.555484
    outer loop
      vertex -21 -13.7794 38.45
      vertex -23 -13.714 38.5479
      vertex -21 -13.714 38.5479
    endloop
  endfacet
  facet normal 0 0.831527 -0.555484
    outer loop
      vertex -23 -13.714 38.5479
      vertex -21 -13.7794 38.45
      vertex -23 -13.7794 38.45
    endloop
  endfacet
  facet normal 0 0.947057 -0.321065
    outer loop
      vertex -21 -13.8693 38.2329
      vertex -23 -13.8315 38.3444
      vertex -21 -13.8315 38.3444
    endloop
  endfacet
  facet normal 0 0.947057 -0.321065
    outer loop
      vertex -23 -13.8315 38.3444
      vertex -21 -13.8693 38.2329
      vertex -23 -13.8693 38.2329
    endloop
  endfacet
  facet normal 0 0.980711 -0.195462
    outer loop
      vertex -21 -13.8923 38.1175
      vertex -23 -13.8693 38.2329
      vertex -21 -13.8693 38.2329
    endloop
  endfacet
  facet normal 0 0.980711 -0.195462
    outer loop
      vertex -23 -13.8693 38.2329
      vertex -21 -13.8923 38.1175
      vertex -23 -13.8923 38.1175
    endloop
  endfacet
  facet normal 0 0.442452 -0.896792
    outer loop
      vertex -23 -13.45 38.7794
      vertex -21 -13.3444 38.8315
      vertex -21 -13.45 38.7794
    endloop
  endfacet
  facet normal 0 0.442452 -0.896792
    outer loop
      vertex -21 -13.3444 38.8315
      vertex -23 -13.45 38.7794
      vertex -23 -13.3444 38.8315
    endloop
  endfacet
  facet normal 0 0.555484 -0.831527
    outer loop
      vertex -23 -13.5479 38.714
      vertex -21 -13.45 38.7794
      vertex -21 -13.5479 38.714
    endloop
  endfacet
  facet normal 0 0.555484 -0.831527
    outer loop
      vertex -21 -13.45 38.7794
      vertex -23 -13.5479 38.714
      vertex -23 -13.45 38.7794
    endloop
  endfacet
  facet normal 0 0.195462 -0.980711
    outer loop
      vertex -23 -13.2329 38.8693
      vertex -21 -13.1175 38.8923
      vertex -21 -13.2329 38.8693
    endloop
  endfacet
  facet normal 0 0.195462 -0.980711
    outer loop
      vertex -21 -13.1175 38.8923
      vertex -23 -13.2329 38.8693
      vertex -23 -13.1175 38.8923
    endloop
  endfacet
  facet normal 0 -0.321065 0.947057
    outer loop
      vertex -23 -12.6556 37.1685
      vertex -21 -12.7671 37.1307
      vertex -21 -12.6556 37.1685
    endloop
  endfacet
  facet normal 0 -0.321065 0.947057
    outer loop
      vertex -21 -12.7671 37.1307
      vertex -23 -12.6556 37.1685
      vertex -23 -12.7671 37.1307
    endloop
  endfacet
  facet normal 0 -0.751892 0.659286
    outer loop
      vertex -23 -12.3636 37.3636
      vertex -21 -12.286 37.4521
      vertex -23 -12.286 37.4521
    endloop
  endfacet
  facet normal 0 -0.751892 0.659286
    outer loop
      vertex -21 -12.286 37.4521
      vertex -23 -12.3636 37.3636
      vertex -21 -12.3636 37.3636
    endloop
  endfacet
  facet normal 0 -0.980711 0.195462
    outer loop
      vertex -23 -12.1307 37.7671
      vertex -21 -12.1077 37.8825
      vertex -23 -12.1077 37.8825
    endloop
  endfacet
  facet normal 0 -0.980711 0.195462
    outer loop
      vertex -21 -12.1077 37.8825
      vertex -23 -12.1307 37.7671
      vertex -21 -12.1307 37.7671
    endloop
  endfacet
  facet normal 0 0.980711 0.195462
    outer loop
      vertex -21 -13.8693 37.7671
      vertex -23 -13.8923 37.8825
      vertex -21 -13.8923 37.8825
    endloop
  endfacet
  facet normal 0 0.980711 0.195462
    outer loop
      vertex -23 -13.8923 37.8825
      vertex -21 -13.8693 37.7671
      vertex -23 -13.8693 37.7671
    endloop
  endfacet
  facet normal 0 0.896792 0.442452
    outer loop
      vertex -21 -13.7794 37.55
      vertex -23 -13.8315 37.6556
      vertex -21 -13.8315 37.6556
    endloop
  endfacet
  facet normal 0 0.896792 0.442452
    outer loop
      vertex -23 -13.8315 37.6556
      vertex -21 -13.7794 37.55
      vertex -23 -13.7794 37.55
    endloop
  endfacet
  facet normal -0 0.659286 0.751892
    outer loop
      vertex -23 -13.5479 37.286
      vertex -21 -13.6364 37.3636
      vertex -21 -13.5479 37.286
    endloop
  endfacet
  facet normal 0 0.659286 0.751892
    outer loop
      vertex -21 -13.6364 37.3636
      vertex -23 -13.5479 37.286
      vertex -23 -13.6364 37.3636
    endloop
  endfacet
  facet normal -0 0.195462 0.980711
    outer loop
      vertex -23 -13.1175 37.1077
      vertex -21 -13.2329 37.1307
      vertex -21 -13.1175 37.1077
    endloop
  endfacet
  facet normal 0 0.195462 0.980711
    outer loop
      vertex -21 -13.2329 37.1307
      vertex -23 -13.1175 37.1077
      vertex -23 -13.2329 37.1307
    endloop
  endfacet
  facet normal -0 0.442452 0.896792
    outer loop
      vertex -23 -13.3444 37.1685
      vertex -21 -13.45 37.2206
      vertex -21 -13.3444 37.1685
    endloop
  endfacet
  facet normal 0 0.442452 0.896792
    outer loop
      vertex -21 -13.45 37.2206
      vertex -23 -13.3444 37.1685
      vertex -23 -13.45 37.2206
    endloop
  endfacet
  facet normal -0 0.0653917 0.99786
    outer loop
      vertex -23 -13 37.1
      vertex -21 -13.1175 37.1077
      vertex -21 -13 37.1
    endloop
  endfacet
  facet normal 0 0.0653917 0.99786
    outer loop
      vertex -21 -13.1175 37.1077
      vertex -23 -13 37.1
      vertex -23 -13.1175 37.1077
    endloop
  endfacet
  facet normal 0 -0.0654083 0.997859
    outer loop
      vertex -23 -9.38253 37.1077
      vertex -21 -9.5 37.1
      vertex -21 -9.38253 37.1077
    endloop
  endfacet
  facet normal 0 -0.0654083 0.997859
    outer loop
      vertex -21 -9.5 37.1
      vertex -23 -9.38253 37.1077
      vertex -23 -9.5 37.1
    endloop
  endfacet
  facet normal 0 -0.0654083 -0.997859
    outer loop
      vertex -23 -9.5 38.9
      vertex -21 -9.38253 38.8923
      vertex -21 -9.5 38.9
    endloop
  endfacet
  facet normal -0 -0.0654083 -0.997859
    outer loop
      vertex -21 -9.38253 38.8923
      vertex -23 -9.5 38.9
      vertex -23 -9.38253 38.8923
    endloop
  endfacet
  facet normal 0 0.99786 -0.0653917
    outer loop
      vertex -21 -10.4 38
      vertex -23 -10.3923 38.1175
      vertex -21 -10.3923 38.1175
    endloop
  endfacet
  facet normal 0 0.99786 -0.0653917
    outer loop
      vertex -23 -10.3923 38.1175
      vertex -21 -10.4 38
      vertex -23 -10.4 38
    endloop
  endfacet
  facet normal 0 0.659286 -0.751892
    outer loop
      vertex -23 -10.1364 38.6364
      vertex -21 -10.0479 38.714
      vertex -21 -10.1364 38.6364
    endloop
  endfacet
  facet normal 0 0.659286 -0.751892
    outer loop
      vertex -21 -10.0479 38.714
      vertex -23 -10.1364 38.6364
      vertex -23 -10.0479 38.714
    endloop
  endfacet
  facet normal 0 -0.751808 -0.659382
    outer loop
      vertex -23 -8.78598 38.5479
      vertex -21 -8.8636 38.6364
      vertex -23 -8.8636 38.6364
    endloop
  endfacet
  facet normal 0 -0.751808 -0.659382
    outer loop
      vertex -21 -8.8636 38.6364
      vertex -23 -8.78598 38.5479
      vertex -21 -8.78598 38.5479
    endloop
  endfacet
  facet normal 0 -0.946954 -0.32137
    outer loop
      vertex -23 -8.63067 38.2329
      vertex -21 -8.66851 38.3444
      vertex -23 -8.66851 38.3444
    endloop
  endfacet
  facet normal 0 -0.946954 -0.32137
    outer loop
      vertex -21 -8.66851 38.3444
      vertex -23 -8.63067 38.2329
      vertex -21 -8.63067 38.2329
    endloop
  endfacet
  facet normal 0 0.321143 -0.947031
    outer loop
      vertex -23 -9.84441 38.8315
      vertex -21 -9.73294 38.8693
      vertex -21 -9.84441 38.8315
    endloop
  endfacet
  facet normal 0 0.321143 -0.947031
    outer loop
      vertex -21 -9.73294 38.8693
      vertex -23 -9.84441 38.8315
      vertex -23 -9.73294 38.8693
    endloop
  endfacet
  facet normal 0 -0.555523 0.831501
    outer loop
      vertex -23 -8.95211 37.286
      vertex -21 -9.05 37.2206
      vertex -21 -8.95211 37.286
    endloop
  endfacet
  facet normal 0 -0.555523 0.831501
    outer loop
      vertex -21 -9.05 37.2206
      vertex -23 -8.95211 37.286
      vertex -23 -9.05 37.2206
    endloop
  endfacet
  facet normal 0 -0.831527 0.555484
    outer loop
      vertex -23 -8.78598 37.4521
      vertex -21 -8.72058 37.55
      vertex -23 -8.72058 37.55
    endloop
  endfacet
  facet normal 0 -0.831527 0.555484
    outer loop
      vertex -21 -8.72058 37.55
      vertex -23 -8.78598 37.4521
      vertex -21 -8.78598 37.4521
    endloop
  endfacet
  facet normal 0 -0.442519 -0.896759
    outer loop
      vertex -23 -9.15558 38.8315
      vertex -21 -9.05 38.7794
      vertex -21 -9.15558 38.8315
    endloop
  endfacet
  facet normal -0 -0.442519 -0.896759
    outer loop
      vertex -21 -9.05 38.7794
      vertex -23 -9.15558 38.8315
      vertex -23 -9.05 38.7794
    endloop
  endfacet
  facet normal 0 -0.659244 -0.751929
    outer loop
      vertex -23 -8.95211 38.714
      vertex -21 -8.8636 38.6364
      vertex -21 -8.95211 38.714
    endloop
  endfacet
  facet normal -0 -0.659244 -0.751929
    outer loop
      vertex -21 -8.8636 38.6364
      vertex -23 -8.95211 38.714
      vertex -23 -8.8636 38.6364
    endloop
  endfacet
  facet normal 0 -0.99786 -0.0653917
    outer loop
      vertex -23 -8.6 38
      vertex -21 -8.6077 38.1175
      vertex -23 -8.6077 38.1175
    endloop
  endfacet
  facet normal 0 -0.99786 -0.0653917
    outer loop
      vertex -21 -8.6077 38.1175
      vertex -23 -8.6 38
      vertex -21 -8.6 38
    endloop
  endfacet
  facet normal -0 0.321143 0.947031
    outer loop
      vertex -23 -9.73294 37.1307
      vertex -21 -9.84441 37.1685
      vertex -21 -9.73294 37.1307
    endloop
  endfacet
  facet normal 0 0.321143 0.947031
    outer loop
      vertex -21 -9.84441 37.1685
      vertex -23 -9.73294 37.1307
      vertex -23 -9.84441 37.1685
    endloop
  endfacet
  facet normal 0 0.896792 0.442452
    outer loop
      vertex -21 -10.2794 37.55
      vertex -23 -10.3315 37.6556
      vertex -21 -10.3315 37.6556
    endloop
  endfacet
  facet normal 0 0.896792 0.442452
    outer loop
      vertex -23 -10.3315 37.6556
      vertex -21 -10.2794 37.55
      vertex -23 -10.2794 37.55
    endloop
  endfacet
  facet normal 0 0.831527 0.555484
    outer loop
      vertex -21 -10.214 37.4521
      vertex -23 -10.2794 37.55
      vertex -21 -10.2794 37.55
    endloop
  endfacet
  facet normal 0 0.831527 0.555484
    outer loop
      vertex -23 -10.2794 37.55
      vertex -21 -10.214 37.4521
      vertex -23 -10.214 37.4521
    endloop
  endfacet
  facet normal 0 0.896792 -0.442452
    outer loop
      vertex -21 -10.3315 38.3444
      vertex -23 -10.2794 38.45
      vertex -21 -10.2794 38.45
    endloop
  endfacet
  facet normal 0 0.896792 -0.442452
    outer loop
      vertex -23 -10.2794 38.45
      vertex -21 -10.3315 38.3444
      vertex -23 -10.3315 38.3444
    endloop
  endfacet
  facet normal 0 0.751892 -0.659286
    outer loop
      vertex -21 -10.214 38.5479
      vertex -23 -10.1364 38.6364
      vertex -21 -10.1364 38.6364
    endloop
  endfacet
  facet normal 0 0.751892 -0.659286
    outer loop
      vertex -23 -10.1364 38.6364
      vertex -21 -10.214 38.5479
      vertex -23 -10.214 38.5479
    endloop
  endfacet
  facet normal 0 0.0654083 -0.997859
    outer loop
      vertex -23 -9.61747 38.8923
      vertex -21 -9.5 38.9
      vertex -21 -9.61747 38.8923
    endloop
  endfacet
  facet normal 0 0.0654083 -0.997859
    outer loop
      vertex -21 -9.5 38.9
      vertex -23 -9.61747 38.8923
      vertex -23 -9.5 38.9
    endloop
  endfacet
  facet normal 0 -0.195348 0.980734
    outer loop
      vertex -23 -9.26706 37.1307
      vertex -21 -9.38253 37.1077
      vertex -21 -9.26706 37.1307
    endloop
  endfacet
  facet normal 0 -0.195348 0.980734
    outer loop
      vertex -21 -9.38253 37.1077
      vertex -23 -9.26706 37.1307
      vertex -23 -9.38253 37.1077
    endloop
  endfacet
  facet normal 0 -0.442519 0.896759
    outer loop
      vertex -23 -9.05 37.2206
      vertex -21 -9.15558 37.1685
      vertex -21 -9.05 37.2206
    endloop
  endfacet
  facet normal 0 -0.442519 0.896759
    outer loop
      vertex -21 -9.15558 37.1685
      vertex -23 -9.05 37.2206
      vertex -23 -9.15558 37.1685
    endloop
  endfacet
  facet normal 0 -0.659244 0.751929
    outer loop
      vertex -23 -8.8636 37.3636
      vertex -21 -8.95211 37.286
      vertex -21 -8.8636 37.3636
    endloop
  endfacet
  facet normal 0 -0.659244 0.751929
    outer loop
      vertex -21 -8.95211 37.286
      vertex -23 -8.8636 37.3636
      vertex -23 -8.95211 37.286
    endloop
  endfacet
  facet normal 0 -0.946954 0.32137
    outer loop
      vertex -23 -8.66851 37.6556
      vertex -21 -8.63067 37.7671
      vertex -23 -8.63067 37.7671
    endloop
  endfacet
  facet normal 0 -0.946954 0.32137
    outer loop
      vertex -21 -8.63067 37.7671
      vertex -23 -8.66851 37.6556
      vertex -21 -8.66851 37.6556
    endloop
  endfacet
  facet normal 0 -0.99786 0.0653917
    outer loop
      vertex -23 -8.6077 37.8825
      vertex -21 -8.6 38
      vertex -23 -8.6 38
    endloop
  endfacet
  facet normal 0 -0.99786 0.0653917
    outer loop
      vertex -21 -8.6 38
      vertex -23 -8.6077 37.8825
      vertex -21 -8.6077 37.8825
    endloop
  endfacet
  facet normal 0 -0.896893 0.442247
    outer loop
      vertex -23 -8.72058 37.55
      vertex -21 -8.66851 37.6556
      vertex -23 -8.66851 37.6556
    endloop
  endfacet
  facet normal 0 -0.896893 0.442247
    outer loop
      vertex -21 -8.66851 37.6556
      vertex -23 -8.72058 37.55
      vertex -21 -8.72058 37.55
    endloop
  endfacet
  facet normal 0 -0.555523 -0.831501
    outer loop
      vertex -23 -9.05 38.7794
      vertex -21 -8.95211 38.714
      vertex -21 -9.05 38.7794
    endloop
  endfacet
  facet normal -0 -0.555523 -0.831501
    outer loop
      vertex -21 -8.95211 38.714
      vertex -23 -9.05 38.7794
      vertex -23 -8.95211 38.714
    endloop
  endfacet
  facet normal 0 -0.321117 -0.94704
    outer loop
      vertex -23 -9.26706 38.8693
      vertex -21 -9.15558 38.8315
      vertex -21 -9.26706 38.8693
    endloop
  endfacet
  facet normal -0 -0.321117 -0.94704
    outer loop
      vertex -21 -9.15558 38.8315
      vertex -23 -9.26706 38.8693
      vertex -23 -9.15558 38.8315
    endloop
  endfacet
  facet normal 0 -0.195348 -0.980734
    outer loop
      vertex -23 -9.38253 38.8923
      vertex -21 -9.26706 38.8693
      vertex -21 -9.38253 38.8923
    endloop
  endfacet
  facet normal -0 -0.195348 -0.980734
    outer loop
      vertex -21 -9.26706 38.8693
      vertex -23 -9.38253 38.8923
      vertex -23 -9.26706 38.8693
    endloop
  endfacet
  facet normal 0 -0.896893 -0.442247
    outer loop
      vertex -23 -8.66851 38.3444
      vertex -21 -8.72058 38.45
      vertex -23 -8.72058 38.45
    endloop
  endfacet
  facet normal 0 -0.896893 -0.442247
    outer loop
      vertex -21 -8.72058 38.45
      vertex -23 -8.66851 38.3444
      vertex -21 -8.66851 38.3444
    endloop
  endfacet
  facet normal 0 -0.831527 -0.555484
    outer loop
      vertex -23 -8.72058 38.45
      vertex -21 -8.78598 38.5479
      vertex -23 -8.78598 38.5479
    endloop
  endfacet
  facet normal 0 -0.831527 -0.555484
    outer loop
      vertex -21 -8.78598 38.5479
      vertex -23 -8.72058 38.45
      vertex -21 -8.72058 38.45
    endloop
  endfacet
  facet normal 0 -0.98076 -0.195217
    outer loop
      vertex -23 -8.6077 38.1175
      vertex -21 -8.63067 38.2329
      vertex -23 -8.63067 38.2329
    endloop
  endfacet
  facet normal 0 -0.98076 -0.195217
    outer loop
      vertex -21 -8.63067 38.2329
      vertex -23 -8.6077 38.1175
      vertex -21 -8.6077 38.1175
    endloop
  endfacet
  facet normal 0 0.99786 0.0653917
    outer loop
      vertex -21 -10.3923 37.8825
      vertex -23 -10.4 38
      vertex -21 -10.4 38
    endloop
  endfacet
  facet normal 0 0.99786 0.0653917
    outer loop
      vertex -23 -10.4 38
      vertex -21 -10.3923 37.8825
      vertex -23 -10.3923 37.8825
    endloop
  endfacet
  facet normal 0 0.947057 0.321065
    outer loop
      vertex -21 -10.3315 37.6556
      vertex -23 -10.3693 37.7671
      vertex -21 -10.3693 37.7671
    endloop
  endfacet
  facet normal 0 0.947057 0.321065
    outer loop
      vertex -23 -10.3693 37.7671
      vertex -21 -10.3315 37.6556
      vertex -23 -10.3315 37.6556
    endloop
  endfacet
  facet normal 0 0.751892 0.659286
    outer loop
      vertex -21 -10.1364 37.3636
      vertex -23 -10.214 37.4521
      vertex -21 -10.214 37.4521
    endloop
  endfacet
  facet normal 0 0.751892 0.659286
    outer loop
      vertex -23 -10.214 37.4521
      vertex -21 -10.1364 37.3636
      vertex -23 -10.1364 37.3636
    endloop
  endfacet
  facet normal -0 0.555484 0.831527
    outer loop
      vertex -23 -9.95 37.2206
      vertex -21 -10.0479 37.286
      vertex -21 -9.95 37.2206
    endloop
  endfacet
  facet normal 0 0.555484 0.831527
    outer loop
      vertex -21 -10.0479 37.286
      vertex -23 -9.95 37.2206
      vertex -23 -10.0479 37.286
    endloop
  endfacet
  facet normal 0 0.831527 -0.555484
    outer loop
      vertex -21 -10.2794 38.45
      vertex -23 -10.214 38.5479
      vertex -21 -10.214 38.5479
    endloop
  endfacet
  facet normal 0 0.831527 -0.555484
    outer loop
      vertex -23 -10.214 38.5479
      vertex -21 -10.2794 38.45
      vertex -23 -10.2794 38.45
    endloop
  endfacet
  facet normal 0 0.947057 -0.321065
    outer loop
      vertex -21 -10.3693 38.2329
      vertex -23 -10.3315 38.3444
      vertex -21 -10.3315 38.3444
    endloop
  endfacet
  facet normal 0 0.947057 -0.321065
    outer loop
      vertex -23 -10.3315 38.3444
      vertex -21 -10.3693 38.2329
      vertex -23 -10.3693 38.2329
    endloop
  endfacet
  facet normal 0 0.980711 -0.195462
    outer loop
      vertex -21 -10.3923 38.1175
      vertex -23 -10.3693 38.2329
      vertex -21 -10.3693 38.2329
    endloop
  endfacet
  facet normal 0 0.980711 -0.195462
    outer loop
      vertex -23 -10.3693 38.2329
      vertex -21 -10.3923 38.1175
      vertex -23 -10.3923 38.1175
    endloop
  endfacet
  facet normal 0 0.442485 -0.896776
    outer loop
      vertex -23 -9.95 38.7794
      vertex -21 -9.84441 38.8315
      vertex -21 -9.95 38.7794
    endloop
  endfacet
  facet normal 0 0.442485 -0.896776
    outer loop
      vertex -21 -9.84441 38.8315
      vertex -23 -9.95 38.7794
      vertex -23 -9.84441 38.8315
    endloop
  endfacet
  facet normal 0 0.555484 -0.831527
    outer loop
      vertex -23 -10.0479 38.714
      vertex -21 -9.95 38.7794
      vertex -21 -10.0479 38.714
    endloop
  endfacet
  facet normal 0 0.555484 -0.831527
    outer loop
      vertex -21 -9.95 38.7794
      vertex -23 -10.0479 38.714
      vertex -23 -9.95 38.7794
    endloop
  endfacet
  facet normal 0 0.195348 -0.980734
    outer loop
      vertex -23 -9.73294 38.8693
      vertex -21 -9.61747 38.8923
      vertex -21 -9.73294 38.8693
    endloop
  endfacet
  facet normal 0 0.195348 -0.980734
    outer loop
      vertex -21 -9.61747 38.8923
      vertex -23 -9.73294 38.8693
      vertex -23 -9.61747 38.8923
    endloop
  endfacet
  facet normal 0 -0.321117 0.94704
    outer loop
      vertex -23 -9.15558 37.1685
      vertex -21 -9.26706 37.1307
      vertex -21 -9.15558 37.1685
    endloop
  endfacet
  facet normal 0 -0.321117 0.94704
    outer loop
      vertex -21 -9.26706 37.1307
      vertex -23 -9.15558 37.1685
      vertex -23 -9.26706 37.1307
    endloop
  endfacet
  facet normal 0 -0.751808 0.659382
    outer loop
      vertex -23 -8.8636 37.3636
      vertex -21 -8.78598 37.4521
      vertex -23 -8.78598 37.4521
    endloop
  endfacet
  facet normal 0 -0.751808 0.659382
    outer loop
      vertex -21 -8.78598 37.4521
      vertex -23 -8.8636 37.3636
      vertex -21 -8.8636 37.3636
    endloop
  endfacet
  facet normal 0 -0.98076 0.195217
    outer loop
      vertex -23 -8.63067 37.7671
      vertex -21 -8.6077 37.8825
      vertex -23 -8.6077 37.8825
    endloop
  endfacet
  facet normal 0 -0.98076 0.195217
    outer loop
      vertex -21 -8.6077 37.8825
      vertex -23 -8.63067 37.7671
      vertex -21 -8.63067 37.7671
    endloop
  endfacet
  facet normal 0 0.980711 0.195462
    outer loop
      vertex -21 -10.3693 37.7671
      vertex -23 -10.3923 37.8825
      vertex -21 -10.3923 37.8825
    endloop
  endfacet
  facet normal 0 0.980711 0.195462
    outer loop
      vertex -23 -10.3923 37.8825
      vertex -21 -10.3693 37.7671
      vertex -23 -10.3693 37.7671
    endloop
  endfacet
  facet normal -0 0.659286 0.751892
    outer loop
      vertex -23 -10.0479 37.286
      vertex -21 -10.1364 37.3636
      vertex -21 -10.0479 37.286
    endloop
  endfacet
  facet normal 0 0.659286 0.751892
    outer loop
      vertex -21 -10.1364 37.3636
      vertex -23 -10.0479 37.286
      vertex -23 -10.1364 37.3636
    endloop
  endfacet
  facet normal -0 0.195348 0.980734
    outer loop
      vertex -23 -9.61747 37.1077
      vertex -21 -9.73294 37.1307
      vertex -21 -9.61747 37.1077
    endloop
  endfacet
  facet normal 0 0.195348 0.980734
    outer loop
      vertex -21 -9.73294 37.1307
      vertex -23 -9.61747 37.1077
      vertex -23 -9.73294 37.1307
    endloop
  endfacet
  facet normal -0 0.442485 0.896776
    outer loop
      vertex -23 -9.84441 37.1685
      vertex -21 -9.95 37.2206
      vertex -21 -9.84441 37.1685
    endloop
  endfacet
  facet normal 0 0.442485 0.896776
    outer loop
      vertex -21 -9.95 37.2206
      vertex -23 -9.84441 37.1685
      vertex -23 -9.95 37.2206
    endloop
  endfacet
  facet normal -0 0.0654083 0.997859
    outer loop
      vertex -23 -9.5 37.1
      vertex -21 -9.61747 37.1077
      vertex -21 -9.5 37.1
    endloop
  endfacet
  facet normal 0 0.0654083 0.997859
    outer loop
      vertex -21 -9.61747 37.1077
      vertex -23 -9.5 37.1
      vertex -23 -9.61747 37.1077
    endloop
  endfacet
  facet normal 0 -0.831527 0.555484
    outer loop
      vertex -23 -5.28598 37.4521
      vertex -21 -5.22058 37.55
      vertex -23 -5.22058 37.55
    endloop
  endfacet
  facet normal 0 -0.831527 0.555484
    outer loop
      vertex -21 -5.22058 37.55
      vertex -23 -5.28598 37.4521
      vertex -21 -5.28598 37.4521
    endloop
  endfacet
  facet normal 0 -0.946954 -0.32137
    outer loop
      vertex -23 -5.13067 38.2329
      vertex -21 -5.16851 38.3444
      vertex -23 -5.16851 38.3444
    endloop
  endfacet
  facet normal 0 -0.946954 -0.32137
    outer loop
      vertex -21 -5.16851 38.3444
      vertex -23 -5.13067 38.2329
      vertex -21 -5.13067 38.2329
    endloop
  endfacet
  facet normal 0 -0.442519 -0.896759
    outer loop
      vertex -23 -5.65558 38.8315
      vertex -21 -5.55 38.7794
      vertex -21 -5.65558 38.8315
    endloop
  endfacet
  facet normal -0 -0.442519 -0.896759
    outer loop
      vertex -21 -5.55 38.7794
      vertex -23 -5.65558 38.8315
      vertex -23 -5.55 38.7794
    endloop
  endfacet
  facet normal 0 0.321143 -0.947031
    outer loop
      vertex -23 -6.34441 38.8315
      vertex -21 -6.23294 38.8693
      vertex -21 -6.34441 38.8315
    endloop
  endfacet
  facet normal 0 0.321143 -0.947031
    outer loop
      vertex -21 -6.23294 38.8693
      vertex -23 -6.34441 38.8315
      vertex -23 -6.23294 38.8693
    endloop
  endfacet
  facet normal 0 0.896893 -0.442247
    outer loop
      vertex -21 -6.83149 38.3444
      vertex -23 -6.77942 38.45
      vertex -21 -6.77942 38.45
    endloop
  endfacet
  facet normal 0 0.896893 -0.442247
    outer loop
      vertex -23 -6.77942 38.45
      vertex -21 -6.83149 38.3444
      vertex -23 -6.83149 38.3444
    endloop
  endfacet
  facet normal 0 -0.442519 0.896759
    outer loop
      vertex -23 -5.55 37.2206
      vertex -21 -5.65558 37.1685
      vertex -21 -5.55 37.2206
    endloop
  endfacet
  facet normal 0 -0.442519 0.896759
    outer loop
      vertex -21 -5.65558 37.1685
      vertex -23 -5.55 37.2206
      vertex -23 -5.65558 37.1685
    endloop
  endfacet
  facet normal 0 -0.555523 0.831501
    outer loop
      vertex -23 -5.45211 37.286
      vertex -21 -5.55 37.2206
      vertex -21 -5.45211 37.286
    endloop
  endfacet
  facet normal 0 -0.555523 0.831501
    outer loop
      vertex -21 -5.55 37.2206
      vertex -23 -5.45211 37.286
      vertex -23 -5.55 37.2206
    endloop
  endfacet
  facet normal 0 -0.99786 0.0653917
    outer loop
      vertex -23 -5.1077 37.8825
      vertex -21 -5.1 38
      vertex -23 -5.1 38
    endloop
  endfacet
  facet normal 0 -0.99786 0.0653917
    outer loop
      vertex -21 -5.1 38
      vertex -23 -5.1077 37.8825
      vertex -21 -5.1077 37.8825
    endloop
  endfacet
  facet normal 0 -0.0654083 -0.997859
    outer loop
      vertex -23 -6 38.9
      vertex -21 -5.88253 38.8923
      vertex -21 -6 38.9
    endloop
  endfacet
  facet normal -0 -0.0654083 -0.997859
    outer loop
      vertex -21 -5.88253 38.8923
      vertex -23 -6 38.9
      vertex -23 -5.88253 38.8923
    endloop
  endfacet
  facet normal 0 -0.659244 -0.751929
    outer loop
      vertex -23 -5.45211 38.714
      vertex -21 -5.3636 38.6364
      vertex -21 -5.45211 38.714
    endloop
  endfacet
  facet normal -0 -0.659244 -0.751929
    outer loop
      vertex -21 -5.3636 38.6364
      vertex -23 -5.45211 38.714
      vertex -23 -5.3636 38.6364
    endloop
  endfacet
  facet normal 0 -0.99786 -0.0653917
    outer loop
      vertex -23 -5.1 38
      vertex -21 -5.1077 38.1175
      vertex -23 -5.1077 38.1175
    endloop
  endfacet
  facet normal 0 -0.99786 -0.0653917
    outer loop
      vertex -21 -5.1077 38.1175
      vertex -23 -5.1 38
      vertex -21 -5.1 38
    endloop
  endfacet
  facet normal 0 -0.751808 -0.659382
    outer loop
      vertex -23 -5.28598 38.5479
      vertex -21 -5.3636 38.6364
      vertex -23 -5.3636 38.6364
    endloop
  endfacet
  facet normal 0 -0.751808 -0.659382
    outer loop
      vertex -21 -5.3636 38.6364
      vertex -23 -5.28598 38.5479
      vertex -21 -5.28598 38.5479
    endloop
  endfacet
  facet normal 0 -0.0654083 0.997859
    outer loop
      vertex -23 -5.88253 37.1077
      vertex -21 -6 37.1
      vertex -21 -5.88253 37.1077
    endloop
  endfacet
  facet normal 0 -0.0654083 0.997859
    outer loop
      vertex -21 -6 37.1
      vertex -23 -5.88253 37.1077
      vertex -23 -6 37.1
    endloop
  endfacet
  facet normal -0 0.555562 0.831475
    outer loop
      vertex -23 -6.45 37.2206
      vertex -21 -6.54788 37.286
      vertex -21 -6.45 37.2206
    endloop
  endfacet
  facet normal 0 0.555562 0.831475
    outer loop
      vertex -21 -6.54788 37.286
      vertex -23 -6.45 37.2206
      vertex -23 -6.54788 37.286
    endloop
  endfacet
  facet normal -0 0.321143 0.947031
    outer loop
      vertex -23 -6.23294 37.1307
      vertex -21 -6.34441 37.1685
      vertex -21 -6.23294 37.1307
    endloop
  endfacet
  facet normal 0 0.321143 0.947031
    outer loop
      vertex -21 -6.34441 37.1685
      vertex -23 -6.23294 37.1307
      vertex -23 -6.34441 37.1685
    endloop
  endfacet
  facet normal 0 0.896893 0.442247
    outer loop
      vertex -21 -6.77942 37.55
      vertex -23 -6.83149 37.6556
      vertex -21 -6.83149 37.6556
    endloop
  endfacet
  facet normal 0 0.896893 0.442247
    outer loop
      vertex -23 -6.83149 37.6556
      vertex -21 -6.77942 37.55
      vertex -23 -6.77942 37.55
    endloop
  endfacet
  facet normal 0 0.831527 0.555484
    outer loop
      vertex -21 -6.71402 37.4521
      vertex -23 -6.77942 37.55
      vertex -21 -6.77942 37.55
    endloop
  endfacet
  facet normal 0 0.831527 0.555484
    outer loop
      vertex -23 -6.77942 37.55
      vertex -21 -6.71402 37.4521
      vertex -23 -6.71402 37.4521
    endloop
  endfacet
  facet normal 0 0.99786 -0.0653917
    outer loop
      vertex -21 -6.9 38
      vertex -23 -6.8923 38.1175
      vertex -21 -6.8923 38.1175
    endloop
  endfacet
  facet normal 0 0.99786 -0.0653917
    outer loop
      vertex -23 -6.8923 38.1175
      vertex -21 -6.9 38
      vertex -23 -6.9 38
    endloop
  endfacet
  facet normal 0 0.751808 -0.659382
    outer loop
      vertex -21 -6.71402 38.5479
      vertex -23 -6.6364 38.6364
      vertex -21 -6.6364 38.6364
    endloop
  endfacet
  facet normal 0 0.751808 -0.659382
    outer loop
      vertex -23 -6.6364 38.6364
      vertex -21 -6.71402 38.5479
      vertex -23 -6.71402 38.5479
    endloop
  endfacet
  facet normal 0 0.0654083 -0.997859
    outer loop
      vertex -23 -6.11747 38.8923
      vertex -21 -6 38.9
      vertex -21 -6.11747 38.8923
    endloop
  endfacet
  facet normal 0 0.0654083 -0.997859
    outer loop
      vertex -21 -6 38.9
      vertex -23 -6.11747 38.8923
      vertex -23 -6 38.9
    endloop
  endfacet
  facet normal 0 0.659202 -0.751966
    outer loop
      vertex -23 -6.6364 38.6364
      vertex -21 -6.54788 38.714
      vertex -21 -6.6364 38.6364
    endloop
  endfacet
  facet normal 0 0.659202 -0.751966
    outer loop
      vertex -21 -6.54788 38.714
      vertex -23 -6.6364 38.6364
      vertex -23 -6.54788 38.714
    endloop
  endfacet
  facet normal 0 -0.195348 0.980734
    outer loop
      vertex -23 -5.76706 37.1307
      vertex -21 -5.88253 37.1077
      vertex -21 -5.76706 37.1307
    endloop
  endfacet
  facet normal 0 -0.195348 0.980734
    outer loop
      vertex -21 -5.88253 37.1077
      vertex -23 -5.76706 37.1307
      vertex -23 -5.88253 37.1077
    endloop
  endfacet
  facet normal 0 -0.659244 0.751929
    outer loop
      vertex -23 -5.3636 37.3636
      vertex -21 -5.45211 37.286
      vertex -21 -5.3636 37.3636
    endloop
  endfacet
  facet normal 0 -0.659244 0.751929
    outer loop
      vertex -21 -5.45211 37.286
      vertex -23 -5.3636 37.3636
      vertex -23 -5.45211 37.286
    endloop
  endfacet
  facet normal 0 -0.896893 0.442247
    outer loop
      vertex -23 -5.22058 37.55
      vertex -21 -5.16851 37.6556
      vertex -23 -5.16851 37.6556
    endloop
  endfacet
  facet normal 0 -0.896893 0.442247
    outer loop
      vertex -21 -5.16851 37.6556
      vertex -23 -5.22058 37.55
      vertex -21 -5.22058 37.55
    endloop
  endfacet
  facet normal 0 -0.946954 0.32137
    outer loop
      vertex -23 -5.16851 37.6556
      vertex -21 -5.13067 37.7671
      vertex -23 -5.13067 37.7671
    endloop
  endfacet
  facet normal 0 -0.946954 0.32137
    outer loop
      vertex -21 -5.13067 37.7671
      vertex -23 -5.16851 37.6556
      vertex -21 -5.16851 37.6556
    endloop
  endfacet
  facet normal 0 -0.321117 -0.94704
    outer loop
      vertex -23 -5.76706 38.8693
      vertex -21 -5.65558 38.8315
      vertex -21 -5.76706 38.8693
    endloop
  endfacet
  facet normal -0 -0.321117 -0.94704
    outer loop
      vertex -21 -5.65558 38.8315
      vertex -23 -5.76706 38.8693
      vertex -23 -5.65558 38.8315
    endloop
  endfacet
  facet normal 0 -0.195348 -0.980734
    outer loop
      vertex -23 -5.88253 38.8923
      vertex -21 -5.76706 38.8693
      vertex -21 -5.88253 38.8923
    endloop
  endfacet
  facet normal -0 -0.195348 -0.980734
    outer loop
      vertex -21 -5.76706 38.8693
      vertex -23 -5.88253 38.8923
      vertex -23 -5.76706 38.8693
    endloop
  endfacet
  facet normal 0 -0.555523 -0.831501
    outer loop
      vertex -23 -5.55 38.7794
      vertex -21 -5.45211 38.714
      vertex -21 -5.55 38.7794
    endloop
  endfacet
  facet normal -0 -0.555523 -0.831501
    outer loop
      vertex -21 -5.45211 38.714
      vertex -23 -5.55 38.7794
      vertex -23 -5.45211 38.714
    endloop
  endfacet
  facet normal 0 -0.98076 -0.195217
    outer loop
      vertex -23 -5.1077 38.1175
      vertex -21 -5.13067 38.2329
      vertex -23 -5.13067 38.2329
    endloop
  endfacet
  facet normal 0 -0.98076 -0.195217
    outer loop
      vertex -21 -5.13067 38.2329
      vertex -23 -5.1077 38.1175
      vertex -21 -5.1077 38.1175
    endloop
  endfacet
  facet normal 0 -0.831527 -0.555484
    outer loop
      vertex -23 -5.22058 38.45
      vertex -21 -5.28598 38.5479
      vertex -23 -5.28598 38.5479
    endloop
  endfacet
  facet normal 0 -0.831527 -0.555484
    outer loop
      vertex -21 -5.28598 38.5479
      vertex -23 -5.22058 38.45
      vertex -21 -5.22058 38.45
    endloop
  endfacet
  facet normal 0 -0.896893 -0.442247
    outer loop
      vertex -23 -5.16851 38.3444
      vertex -21 -5.22058 38.45
      vertex -23 -5.22058 38.45
    endloop
  endfacet
  facet normal 0 -0.896893 -0.442247
    outer loop
      vertex -21 -5.22058 38.45
      vertex -23 -5.16851 38.3444
      vertex -21 -5.16851 38.3444
    endloop
  endfacet
  facet normal -0 0.0654083 0.997859
    outer loop
      vertex -23 -6 37.1
      vertex -21 -6.11747 37.1077
      vertex -21 -6 37.1
    endloop
  endfacet
  facet normal 0 0.0654083 0.997859
    outer loop
      vertex -21 -6.11747 37.1077
      vertex -23 -6 37.1
      vertex -23 -6.11747 37.1077
    endloop
  endfacet
  facet normal 0 0.99786 0.0653917
    outer loop
      vertex -21 -6.8923 37.8825
      vertex -23 -6.9 38
      vertex -21 -6.9 38
    endloop
  endfacet
  facet normal 0 0.99786 0.0653917
    outer loop
      vertex -23 -6.9 38
      vertex -21 -6.8923 37.8825
      vertex -23 -6.8923 37.8825
    endloop
  endfacet
  facet normal 0 0.946954 0.32137
    outer loop
      vertex -21 -6.83149 37.6556
      vertex -23 -6.86933 37.7671
      vertex -21 -6.86933 37.7671
    endloop
  endfacet
  facet normal 0 0.946954 0.32137
    outer loop
      vertex -23 -6.86933 37.7671
      vertex -21 -6.83149 37.6556
      vertex -23 -6.83149 37.6556
    endloop
  endfacet
  facet normal -0 0.659202 0.751966
    outer loop
      vertex -23 -6.54788 37.286
      vertex -21 -6.6364 37.3636
      vertex -21 -6.54788 37.286
    endloop
  endfacet
  facet normal 0 0.659202 0.751966
    outer loop
      vertex -21 -6.6364 37.3636
      vertex -23 -6.54788 37.286
      vertex -23 -6.6364 37.3636
    endloop
  endfacet
  facet normal 0 0.751808 0.659382
    outer loop
      vertex -21 -6.6364 37.3636
      vertex -23 -6.71402 37.4521
      vertex -21 -6.71402 37.4521
    endloop
  endfacet
  facet normal 0 0.751808 0.659382
    outer loop
      vertex -23 -6.71402 37.4521
      vertex -21 -6.6364 37.3636
      vertex -23 -6.6364 37.3636
    endloop
  endfacet
  facet normal 0 0.946954 -0.32137
    outer loop
      vertex -21 -6.86933 38.2329
      vertex -23 -6.83149 38.3444
      vertex -21 -6.83149 38.3444
    endloop
  endfacet
  facet normal 0 0.946954 -0.32137
    outer loop
      vertex -23 -6.83149 38.3444
      vertex -21 -6.86933 38.2329
      vertex -23 -6.86933 38.2329
    endloop
  endfacet
  facet normal 0 0.98076 -0.195217
    outer loop
      vertex -21 -6.8923 38.1175
      vertex -23 -6.86933 38.2329
      vertex -21 -6.86933 38.2329
    endloop
  endfacet
  facet normal 0 0.98076 -0.195217
    outer loop
      vertex -23 -6.86933 38.2329
      vertex -21 -6.8923 38.1175
      vertex -23 -6.8923 38.1175
    endloop
  endfacet
  facet normal 0 0.831527 -0.555484
    outer loop
      vertex -21 -6.77942 38.45
      vertex -23 -6.71402 38.5479
      vertex -21 -6.71402 38.5479
    endloop
  endfacet
  facet normal 0 0.831527 -0.555484
    outer loop
      vertex -23 -6.71402 38.5479
      vertex -21 -6.77942 38.45
      vertex -23 -6.77942 38.45
    endloop
  endfacet
  facet normal 0 0.195348 -0.980734
    outer loop
      vertex -23 -6.23294 38.8693
      vertex -21 -6.11747 38.8923
      vertex -21 -6.23294 38.8693
    endloop
  endfacet
  facet normal 0 0.195348 -0.980734
    outer loop
      vertex -21 -6.11747 38.8923
      vertex -23 -6.23294 38.8693
      vertex -23 -6.11747 38.8923
    endloop
  endfacet
  facet normal 0 0.555562 -0.831475
    outer loop
      vertex -23 -6.54788 38.714
      vertex -21 -6.45 38.7794
      vertex -21 -6.54788 38.714
    endloop
  endfacet
  facet normal 0 0.555562 -0.831475
    outer loop
      vertex -21 -6.45 38.7794
      vertex -23 -6.54788 38.714
      vertex -23 -6.45 38.7794
    endloop
  endfacet
  facet normal 0 0.442485 -0.896776
    outer loop
      vertex -23 -6.45 38.7794
      vertex -21 -6.34441 38.8315
      vertex -21 -6.45 38.7794
    endloop
  endfacet
  facet normal 0 0.442485 -0.896776
    outer loop
      vertex -21 -6.34441 38.8315
      vertex -23 -6.45 38.7794
      vertex -23 -6.34441 38.8315
    endloop
  endfacet
  facet normal 0 -0.321117 0.94704
    outer loop
      vertex -23 -5.65558 37.1685
      vertex -21 -5.76706 37.1307
      vertex -21 -5.65558 37.1685
    endloop
  endfacet
  facet normal 0 -0.321117 0.94704
    outer loop
      vertex -21 -5.76706 37.1307
      vertex -23 -5.65558 37.1685
      vertex -23 -5.76706 37.1307
    endloop
  endfacet
  facet normal 0 -0.751808 0.659382
    outer loop
      vertex -23 -5.3636 37.3636
      vertex -21 -5.28598 37.4521
      vertex -23 -5.28598 37.4521
    endloop
  endfacet
  facet normal 0 -0.751808 0.659382
    outer loop
      vertex -21 -5.28598 37.4521
      vertex -23 -5.3636 37.3636
      vertex -21 -5.3636 37.3636
    endloop
  endfacet
  facet normal 0 -0.98076 0.195217
    outer loop
      vertex -23 -5.13067 37.7671
      vertex -21 -5.1077 37.8825
      vertex -23 -5.1077 37.8825
    endloop
  endfacet
  facet normal 0 -0.98076 0.195217
    outer loop
      vertex -21 -5.1077 37.8825
      vertex -23 -5.13067 37.7671
      vertex -21 -5.13067 37.7671
    endloop
  endfacet
  facet normal -0 0.195348 0.980734
    outer loop
      vertex -23 -6.11747 37.1077
      vertex -21 -6.23294 37.1307
      vertex -21 -6.11747 37.1077
    endloop
  endfacet
  facet normal 0 0.195348 0.980734
    outer loop
      vertex -21 -6.23294 37.1307
      vertex -23 -6.11747 37.1077
      vertex -23 -6.23294 37.1307
    endloop
  endfacet
  facet normal -0 0.442485 0.896776
    outer loop
      vertex -23 -6.34441 37.1685
      vertex -21 -6.45 37.2206
      vertex -21 -6.34441 37.1685
    endloop
  endfacet
  facet normal 0 0.442485 0.896776
    outer loop
      vertex -21 -6.45 37.2206
      vertex -23 -6.34441 37.1685
      vertex -23 -6.45 37.2206
    endloop
  endfacet
  facet normal 0 0.98076 0.195217
    outer loop
      vertex -21 -6.86933 37.7671
      vertex -23 -6.8923 37.8825
      vertex -21 -6.8923 37.8825
    endloop
  endfacet
  facet normal 0 0.98076 0.195217
    outer loop
      vertex -23 -6.8923 37.8825
      vertex -21 -6.86933 37.7671
      vertex -23 -6.86933 37.7671
    endloop
  endfacet
  facet normal 0 -0.0654083 0.997859
    outer loop
      vertex -23 -2.38253 37.1077
      vertex -21 -2.5 37.1
      vertex -21 -2.38253 37.1077
    endloop
  endfacet
  facet normal 0 -0.0654083 0.997859
    outer loop
      vertex -21 -2.5 37.1
      vertex -23 -2.38253 37.1077
      vertex -23 -2.5 37.1
    endloop
  endfacet
  facet normal 0 -0.0654083 -0.997859
    outer loop
      vertex -23 -2.5 38.9
      vertex -21 -2.38253 38.8923
      vertex -21 -2.5 38.9
    endloop
  endfacet
  facet normal -0 -0.0654083 -0.997859
    outer loop
      vertex -21 -2.38253 38.8923
      vertex -23 -2.5 38.9
      vertex -23 -2.38253 38.8923
    endloop
  endfacet
  facet normal 0 0.99786 -0.0653917
    outer loop
      vertex -21 -3.4 38
      vertex -23 -3.3923 38.1175
      vertex -21 -3.3923 38.1175
    endloop
  endfacet
  facet normal 0 0.99786 -0.0653917
    outer loop
      vertex -23 -3.3923 38.1175
      vertex -21 -3.4 38
      vertex -23 -3.4 38
    endloop
  endfacet
  facet normal 0 0.659202 -0.751966
    outer loop
      vertex -23 -3.1364 38.6364
      vertex -21 -3.04788 38.714
      vertex -21 -3.1364 38.6364
    endloop
  endfacet
  facet normal 0 0.659202 -0.751966
    outer loop
      vertex -21 -3.04788 38.714
      vertex -23 -3.1364 38.6364
      vertex -23 -3.04788 38.714
    endloop
  endfacet
  facet normal 0 -0.751808 0.659382
    outer loop
      vertex -23 -1.8636 37.3636
      vertex -21 -1.78598 37.4521
      vertex -23 -1.78598 37.4521
    endloop
  endfacet
  facet normal 0 -0.751808 0.659382
    outer loop
      vertex -21 -1.78598 37.4521
      vertex -23 -1.8636 37.3636
      vertex -21 -1.8636 37.3636
    endloop
  endfacet
  facet normal 0 -0.751808 -0.659382
    outer loop
      vertex -23 -1.78598 38.5479
      vertex -21 -1.8636 38.6364
      vertex -23 -1.8636 38.6364
    endloop
  endfacet
  facet normal 0 -0.751808 -0.659382
    outer loop
      vertex -21 -1.8636 38.6364
      vertex -23 -1.78598 38.5479
      vertex -21 -1.78598 38.5479
    endloop
  endfacet
  facet normal 0 -0.946954 -0.32137
    outer loop
      vertex -23 -1.63067 38.2329
      vertex -21 -1.66851 38.3444
      vertex -23 -1.66851 38.3444
    endloop
  endfacet
  facet normal 0 -0.946954 -0.32137
    outer loop
      vertex -21 -1.66851 38.3444
      vertex -23 -1.63067 38.2329
      vertex -21 -1.63067 38.2329
    endloop
  endfacet
  facet normal 0 0.321143 -0.947031
    outer loop
      vertex -23 -2.84441 38.8315
      vertex -21 -2.73294 38.8693
      vertex -21 -2.84441 38.8315
    endloop
  endfacet
  facet normal 0 0.321143 -0.947031
    outer loop
      vertex -21 -2.73294 38.8693
      vertex -23 -2.84441 38.8315
      vertex -23 -2.73294 38.8693
    endloop
  endfacet
  facet normal 0 -0.555523 0.831501
    outer loop
      vertex -23 -1.95211 37.286
      vertex -21 -2.05 37.2206
      vertex -21 -1.95211 37.286
    endloop
  endfacet
  facet normal 0 -0.555523 0.831501
    outer loop
      vertex -21 -2.05 37.2206
      vertex -23 -1.95211 37.286
      vertex -23 -2.05 37.2206
    endloop
  endfacet
  facet normal 0 -0.831527 0.555484
    outer loop
      vertex -23 -1.78598 37.4521
      vertex -21 -1.72058 37.55
      vertex -23 -1.72058 37.55
    endloop
  endfacet
  facet normal 0 -0.831527 0.555484
    outer loop
      vertex -21 -1.72058 37.55
      vertex -23 -1.78598 37.4521
      vertex -21 -1.78598 37.4521
    endloop
  endfacet
  facet normal 0 -0.442519 -0.896759
    outer loop
      vertex -23 -2.15558 38.8315
      vertex -21 -2.05 38.7794
      vertex -21 -2.15558 38.8315
    endloop
  endfacet
  facet normal -0 -0.442519 -0.896759
    outer loop
      vertex -21 -2.05 38.7794
      vertex -23 -2.15558 38.8315
      vertex -23 -2.05 38.7794
    endloop
  endfacet
  facet normal 0 -0.659244 -0.751929
    outer loop
      vertex -23 -1.95211 38.714
      vertex -21 -1.8636 38.6364
      vertex -21 -1.95211 38.714
    endloop
  endfacet
  facet normal -0 -0.659244 -0.751929
    outer loop
      vertex -21 -1.8636 38.6364
      vertex -23 -1.95211 38.714
      vertex -23 -1.8636 38.6364
    endloop
  endfacet
  facet normal 0 -0.99786 -0.0653917
    outer loop
      vertex -23 -1.6 38
      vertex -21 -1.6077 38.1175
      vertex -23 -1.6077 38.1175
    endloop
  endfacet
  facet normal 0 -0.99786 -0.0653917
    outer loop
      vertex -21 -1.6077 38.1175
      vertex -23 -1.6 38
      vertex -21 -1.6 38
    endloop
  endfacet
  facet normal -0 0.321143 0.947031
    outer loop
      vertex -23 -2.73294 37.1307
      vertex -21 -2.84441 37.1685
      vertex -21 -2.73294 37.1307
    endloop
  endfacet
  facet normal 0 0.321143 0.947031
    outer loop
      vertex -21 -2.84441 37.1685
      vertex -23 -2.73294 37.1307
      vertex -23 -2.84441 37.1685
    endloop
  endfacet
  facet normal 0 0.831527 0.555484
    outer loop
      vertex -21 -3.21402 37.4521
      vertex -23 -3.27942 37.55
      vertex -21 -3.27942 37.55
    endloop
  endfacet
  facet normal 0 0.831527 0.555484
    outer loop
      vertex -23 -3.27942 37.55
      vertex -21 -3.21402 37.4521
      vertex -23 -3.21402 37.4521
    endloop
  endfacet
  facet normal 0 0.896893 -0.442247
    outer loop
      vertex -21 -3.33149 38.3444
      vertex -23 -3.27942 38.45
      vertex -21 -3.27942 38.45
    endloop
  endfacet
  facet normal 0 0.896893 -0.442247
    outer loop
      vertex -23 -3.27942 38.45
      vertex -21 -3.33149 38.3444
      vertex -23 -3.33149 38.3444
    endloop
  endfacet
  facet normal 0 0.751808 -0.659382
    outer loop
      vertex -21 -3.21402 38.5479
      vertex -23 -3.1364 38.6364
      vertex -21 -3.1364 38.6364
    endloop
  endfacet
  facet normal 0 0.751808 -0.659382
    outer loop
      vertex -23 -3.1364 38.6364
      vertex -21 -3.21402 38.5479
      vertex -23 -3.21402 38.5479
    endloop
  endfacet
  facet normal 0 0.0654083 -0.997859
    outer loop
      vertex -23 -2.61747 38.8923
      vertex -21 -2.5 38.9
      vertex -21 -2.61747 38.8923
    endloop
  endfacet
  facet normal 0 0.0654083 -0.997859
    outer loop
      vertex -21 -2.5 38.9
      vertex -23 -2.61747 38.8923
      vertex -23 -2.5 38.9
    endloop
  endfacet
  facet normal 0 -0.195348 0.980734
    outer loop
      vertex -23 -2.26706 37.1307
      vertex -21 -2.38253 37.1077
      vertex -21 -2.26706 37.1307
    endloop
  endfacet
  facet normal 0 -0.195348 0.980734
    outer loop
      vertex -21 -2.38253 37.1077
      vertex -23 -2.26706 37.1307
      vertex -23 -2.38253 37.1077
    endloop
  endfacet
  facet normal 0 -0.442519 0.896759
    outer loop
      vertex -23 -2.05 37.2206
      vertex -21 -2.15558 37.1685
      vertex -21 -2.05 37.2206
    endloop
  endfacet
  facet normal 0 -0.442519 0.896759
    outer loop
      vertex -21 -2.15558 37.1685
      vertex -23 -2.05 37.2206
      vertex -23 -2.15558 37.1685
    endloop
  endfacet
  facet normal 0 -0.659244 0.751929
    outer loop
      vertex -23 -1.8636 37.3636
      vertex -21 -1.95211 37.286
      vertex -21 -1.8636 37.3636
    endloop
  endfacet
  facet normal 0 -0.659244 0.751929
    outer loop
      vertex -21 -1.95211 37.286
      vertex -23 -1.8636 37.3636
      vertex -23 -1.95211 37.286
    endloop
  endfacet
  facet normal 0 -0.946954 0.32137
    outer loop
      vertex -23 -1.66851 37.6556
      vertex -21 -1.63067 37.7671
      vertex -23 -1.63067 37.7671
    endloop
  endfacet
  facet normal 0 -0.946954 0.32137
    outer loop
      vertex -21 -1.63067 37.7671
      vertex -23 -1.66851 37.6556
      vertex -21 -1.66851 37.6556
    endloop
  endfacet
  facet normal 0 -0.99786 0.0653917
    outer loop
      vertex -23 -1.6077 37.8825
      vertex -21 -1.6 38
      vertex -23 -1.6 38
    endloop
  endfacet
  facet normal 0 -0.99786 0.0653917
    outer loop
      vertex -21 -1.6 38
      vertex -23 -1.6077 37.8825
      vertex -21 -1.6077 37.8825
    endloop
  endfacet
  facet normal 0 -0.896893 0.442247
    outer loop
      vertex -23 -1.72058 37.55
      vertex -21 -1.66851 37.6556
      vertex -23 -1.66851 37.6556
    endloop
  endfacet
  facet normal 0 -0.896893 0.442247
    outer loop
      vertex -21 -1.66851 37.6556
      vertex -23 -1.72058 37.55
      vertex -21 -1.72058 37.55
    endloop
  endfacet
  facet normal 0 -0.555523 -0.831501
    outer loop
      vertex -23 -2.05 38.7794
      vertex -21 -1.95211 38.714
      vertex -21 -2.05 38.7794
    endloop
  endfacet
  facet normal -0 -0.555523 -0.831501
    outer loop
      vertex -21 -1.95211 38.714
      vertex -23 -2.05 38.7794
      vertex -23 -1.95211 38.714
    endloop
  endfacet
  facet normal 0 -0.321117 -0.94704
    outer loop
      vertex -23 -2.26706 38.8693
      vertex -21 -2.15558 38.8315
      vertex -21 -2.26706 38.8693
    endloop
  endfacet
  facet normal -0 -0.321117 -0.94704
    outer loop
      vertex -21 -2.15558 38.8315
      vertex -23 -2.26706 38.8693
      vertex -23 -2.15558 38.8315
    endloop
  endfacet
  facet normal 0 -0.195348 -0.980734
    outer loop
      vertex -23 -2.38253 38.8923
      vertex -21 -2.26706 38.8693
      vertex -21 -2.38253 38.8923
    endloop
  endfacet
  facet normal -0 -0.195348 -0.980734
    outer loop
      vertex -21 -2.26706 38.8693
      vertex -23 -2.38253 38.8923
      vertex -23 -2.26706 38.8693
    endloop
  endfacet
  facet normal 0 -0.896893 -0.442247
    outer loop
      vertex -23 -1.66851 38.3444
      vertex -21 -1.72058 38.45
      vertex -23 -1.72058 38.45
    endloop
  endfacet
  facet normal 0 -0.896893 -0.442247
    outer loop
      vertex -21 -1.72058 38.45
      vertex -23 -1.66851 38.3444
      vertex -21 -1.66851 38.3444
    endloop
  endfacet
  facet normal 0 -0.831527 -0.555484
    outer loop
      vertex -23 -1.72058 38.45
      vertex -21 -1.78598 38.5479
      vertex -23 -1.78598 38.5479
    endloop
  endfacet
  facet normal 0 -0.831527 -0.555484
    outer loop
      vertex -21 -1.78598 38.5479
      vertex -23 -1.72058 38.45
      vertex -21 -1.72058 38.45
    endloop
  endfacet
  facet normal 0 -0.98076 -0.195217
    outer loop
      vertex -23 -1.6077 38.1175
      vertex -21 -1.63067 38.2329
      vertex -23 -1.63067 38.2329
    endloop
  endfacet
  facet normal 0 -0.98076 -0.195217
    outer loop
      vertex -21 -1.63067 38.2329
      vertex -23 -1.6077 38.1175
      vertex -21 -1.6077 38.1175
    endloop
  endfacet
  facet normal -0 0.0654083 0.997859
    outer loop
      vertex -23 -2.5 37.1
      vertex -21 -2.61747 37.1077
      vertex -21 -2.5 37.1
    endloop
  endfacet
  facet normal 0 0.0654083 0.997859
    outer loop
      vertex -21 -2.61747 37.1077
      vertex -23 -2.5 37.1
      vertex -23 -2.61747 37.1077
    endloop
  endfacet
  facet normal 0 0.99786 0.0653917
    outer loop
      vertex -21 -3.3923 37.8825
      vertex -23 -3.4 38
      vertex -21 -3.4 38
    endloop
  endfacet
  facet normal 0 0.99786 0.0653917
    outer loop
      vertex -23 -3.4 38
      vertex -21 -3.3923 37.8825
      vertex -23 -3.3923 37.8825
    endloop
  endfacet
  facet normal 0 0.946954 0.32137
    outer loop
      vertex -21 -3.33149 37.6556
      vertex -23 -3.36933 37.7671
      vertex -21 -3.36933 37.7671
    endloop
  endfacet
  facet normal 0 0.946954 0.32137
    outer loop
      vertex -23 -3.36933 37.7671
      vertex -21 -3.33149 37.6556
      vertex -23 -3.33149 37.6556
    endloop
  endfacet
  facet normal 0 0.751808 0.659382
    outer loop
      vertex -21 -3.1364 37.3636
      vertex -23 -3.21402 37.4521
      vertex -21 -3.21402 37.4521
    endloop
  endfacet
  facet normal 0 0.751808 0.659382
    outer loop
      vertex -23 -3.21402 37.4521
      vertex -21 -3.1364 37.3636
      vertex -23 -3.1364 37.3636
    endloop
  endfacet
  facet normal -0 0.555562 0.831475
    outer loop
      vertex -23 -2.95 37.2206
      vertex -21 -3.04788 37.286
      vertex -21 -2.95 37.2206
    endloop
  endfacet
  facet normal 0 0.555562 0.831475
    outer loop
      vertex -21 -3.04788 37.286
      vertex -23 -2.95 37.2206
      vertex -23 -3.04788 37.286
    endloop
  endfacet
  facet normal 0 0.831527 -0.555484
    outer loop
      vertex -21 -3.27942 38.45
      vertex -23 -3.21402 38.5479
      vertex -21 -3.21402 38.5479
    endloop
  endfacet
  facet normal 0 0.831527 -0.555484
    outer loop
      vertex -23 -3.21402 38.5479
      vertex -21 -3.27942 38.45
      vertex -23 -3.27942 38.45
    endloop
  endfacet
  facet normal 0 0.946954 -0.32137
    outer loop
      vertex -21 -3.36933 38.2329
      vertex -23 -3.33149 38.3444
      vertex -21 -3.33149 38.3444
    endloop
  endfacet
  facet normal 0 0.946954 -0.32137
    outer loop
      vertex -23 -3.33149 38.3444
      vertex -21 -3.36933 38.2329
      vertex -23 -3.36933 38.2329
    endloop
  endfacet
  facet normal 0 0.98076 -0.195217
    outer loop
      vertex -21 -3.3923 38.1175
      vertex -23 -3.36933 38.2329
      vertex -21 -3.36933 38.2329
    endloop
  endfacet
  facet normal 0 0.98076 -0.195217
    outer loop
      vertex -23 -3.36933 38.2329
      vertex -21 -3.3923 38.1175
      vertex -23 -3.3923 38.1175
    endloop
  endfacet
  facet normal 0 0.442485 -0.896776
    outer loop
      vertex -23 -2.95 38.7794
      vertex -21 -2.84441 38.8315
      vertex -21 -2.95 38.7794
    endloop
  endfacet
  facet normal 0 0.442485 -0.896776
    outer loop
      vertex -21 -2.84441 38.8315
      vertex -23 -2.95 38.7794
      vertex -23 -2.84441 38.8315
    endloop
  endfacet
  facet normal 0 0.555562 -0.831475
    outer loop
      vertex -23 -3.04788 38.714
      vertex -21 -2.95 38.7794
      vertex -21 -3.04788 38.714
    endloop
  endfacet
  facet normal 0 0.555562 -0.831475
    outer loop
      vertex -21 -2.95 38.7794
      vertex -23 -3.04788 38.714
      vertex -23 -2.95 38.7794
    endloop
  endfacet
  facet normal 0 0.195348 -0.980734
    outer loop
      vertex -23 -2.73294 38.8693
      vertex -21 -2.61747 38.8923
      vertex -21 -2.73294 38.8693
    endloop
  endfacet
  facet normal 0 0.195348 -0.980734
    outer loop
      vertex -21 -2.61747 38.8923
      vertex -23 -2.73294 38.8693
      vertex -23 -2.61747 38.8923
    endloop
  endfacet
  facet normal 0 -0.321117 0.94704
    outer loop
      vertex -23 -2.15558 37.1685
      vertex -21 -2.26706 37.1307
      vertex -21 -2.15558 37.1685
    endloop
  endfacet
  facet normal 0 -0.321117 0.94704
    outer loop
      vertex -21 -2.26706 37.1307
      vertex -23 -2.15558 37.1685
      vertex -23 -2.26706 37.1307
    endloop
  endfacet
  facet normal 0 -0.98076 0.195217
    outer loop
      vertex -23 -1.63067 37.7671
      vertex -21 -1.6077 37.8825
      vertex -23 -1.6077 37.8825
    endloop
  endfacet
  facet normal 0 -0.98076 0.195217
    outer loop
      vertex -21 -1.6077 37.8825
      vertex -23 -1.63067 37.7671
      vertex -21 -1.63067 37.7671
    endloop
  endfacet
  facet normal 0 0.98076 0.195217
    outer loop
      vertex -21 -3.36933 37.7671
      vertex -23 -3.3923 37.8825
      vertex -21 -3.3923 37.8825
    endloop
  endfacet
  facet normal 0 0.98076 0.195217
    outer loop
      vertex -23 -3.3923 37.8825
      vertex -21 -3.36933 37.7671
      vertex -23 -3.36933 37.7671
    endloop
  endfacet
  facet normal 0 0.896893 0.442247
    outer loop
      vertex -21 -3.27942 37.55
      vertex -23 -3.33149 37.6556
      vertex -21 -3.33149 37.6556
    endloop
  endfacet
  facet normal 0 0.896893 0.442247
    outer loop
      vertex -23 -3.33149 37.6556
      vertex -21 -3.27942 37.55
      vertex -23 -3.27942 37.55
    endloop
  endfacet
  facet normal -0 0.659202 0.751966
    outer loop
      vertex -23 -3.04788 37.286
      vertex -21 -3.1364 37.3636
      vertex -21 -3.04788 37.286
    endloop
  endfacet
  facet normal 0 0.659202 0.751966
    outer loop
      vertex -21 -3.1364 37.3636
      vertex -23 -3.04788 37.286
      vertex -23 -3.1364 37.3636
    endloop
  endfacet
  facet normal -0 0.195348 0.980734
    outer loop
      vertex -23 -2.61747 37.1077
      vertex -21 -2.73294 37.1307
      vertex -21 -2.61747 37.1077
    endloop
  endfacet
  facet normal 0 0.195348 0.980734
    outer loop
      vertex -21 -2.73294 37.1307
      vertex -23 -2.61747 37.1077
      vertex -23 -2.73294 37.1307
    endloop
  endfacet
  facet normal -0 0.442485 0.896776
    outer loop
      vertex -23 -2.84441 37.1685
      vertex -21 -2.95 37.2206
      vertex -21 -2.84441 37.1685
    endloop
  endfacet
  facet normal 0 0.442485 0.896776
    outer loop
      vertex -21 -2.95 37.2206
      vertex -23 -2.84441 37.1685
      vertex -23 -2.95 37.2206
    endloop
  endfacet
  facet normal 0.896961 0.44211 0
    outer loop
      vertex -20.6785 -19.8 60
      vertex -20.8173 -19.5184 2
      vertex -20.8173 -19.5184 60
    endloop
  endfacet
  facet normal 0.896961 0.44211 0
    outer loop
      vertex -20.8173 -19.5184 2
      vertex -20.6785 -19.8 60
      vertex -20.6785 -19.8 2
    endloop
  endfacet
  facet normal 0 1 0
    outer loop
      vertex 18.6 -21 60
      vertex 17.5 -21 39.5
      vertex -18.6 -21 60
    endloop
  endfacet
  facet normal 0 1 -0
    outer loop
      vertex 18.6 -21 2
      vertex 17.5 -21 39.5
      vertex 18.6 -21 60
    endloop
  endfacet
  facet normal 0 1 0
    outer loop
      vertex 17.5 -21 4.5
      vertex 18.6 -21 2
      vertex -17.5 -21 4.5
    endloop
  endfacet
  facet normal 0 1 0
    outer loop
      vertex 17.5 -21 39.5
      vertex 18.6 -21 2
      vertex 17.5 -21 4.5
    endloop
  endfacet
  facet normal 0 1 -0
    outer loop
      vertex -17.5 -21 39.5
      vertex -18.6 -21 60
      vertex 17.5 -21 39.5
    endloop
  endfacet
  facet normal 0 1 0
    outer loop
      vertex -18.6 -21 2
      vertex -17.5 -21 39.5
      vertex -17.5 -21 4.5
    endloop
  endfacet
  facet normal 0 1 0
    outer loop
      vertex -17.5 -21 39.5
      vertex -18.6 -21 2
      vertex -18.6 -21 60
    endloop
  endfacet
  facet normal 0 1 0
    outer loop
      vertex -18.6 -21 2
      vertex -17.5 -21 4.5
      vertex 18.6 -21 2
    endloop
  endfacet
  facet normal -0.752083 0.659068 0
    outer loop
      vertex 20.2971 -20.2971 2
      vertex 20.504 -20.061 60
      vertex 20.504 -20.061 2
    endloop
  endfacet
  facet normal -0.752083 0.659068 0
    outer loop
      vertex 20.504 -20.061 60
      vertex 20.2971 -20.2971 2
      vertex 20.2971 -20.2971 60
    endloop
  endfacet
  facet normal -1 0 0
    outer loop
      vertex 21 0 2
      vertex 21 -9 2.24247
      vertex 21 0 2.24247
    endloop
  endfacet
  facet normal -1 0 0
    outer loop
      vertex 21 -18.6 2
      vertex 21 -9 4.75752
      vertex 21 -9 2.24247
    endloop
  endfacet
  facet normal -1 -0 0
    outer loop
      vertex 21 -9 4.75752
      vertex 21 -18.6 2
      vertex 21 -9 57.2425
    endloop
  endfacet
  facet normal -1 0 0
    outer loop
      vertex 21 -18.6 60
      vertex 21 -9 57.2425
      vertex 21 -18.6 2
    endloop
  endfacet
  facet normal -1 0 0
    outer loop
      vertex 21 -18.6 2
      vertex 21 -9 2.24247
      vertex 21 0 2
    endloop
  endfacet
  facet normal -1 0 0
    outer loop
      vertex 21 -9 4.75752
      vertex 21 0 57.2425
      vertex 21 0 4.75752
    endloop
  endfacet
  facet normal -1 -0 0
    outer loop
      vertex 21 0 57.2425
      vertex 21 -9 4.75752
      vertex 21 -9 57.2425
    endloop
  endfacet
  facet normal -1 0 0
    outer loop
      vertex 21 -9 59.7575
      vertex 21 0 60
      vertex 21 0 59.7575
    endloop
  endfacet
  facet normal -1 0 0
    outer loop
      vertex 21 -9 59.7575
      vertex 21 -18.6 60
      vertex 21 0 60
    endloop
  endfacet
  facet normal -1 0 0
    outer loop
      vertex 21 -9 57.2425
      vertex 21 -18.6 60
      vertex 21 -9 59.7575
    endloop
  endfacet
  facet normal 1 0 0
    outer loop
      vertex -21 0 60
      vertex -21 -9 59.7575
      vertex -21 0 59.7575
    endloop
  endfacet
  facet normal 1 0 0
    outer loop
      vertex -21 -18.6 60
      vertex -21 -9 57.2425
      vertex -21 -9 59.7575
    endloop
  endfacet
  facet normal 1 0 0
    outer loop
      vertex -21 -9 57.2425
      vertex -21 -9.15558 38.8315
      vertex -21 -9.05 38.7794
    endloop
  endfacet
  facet normal 1 0 0
    outer loop
      vertex -21 -9 57.2425
      vertex -21 -9.26706 38.8693
      vertex -21 -9.15558 38.8315
    endloop
  endfacet
  facet normal 1 0 0
    outer loop
      vertex -21 -9 57.2425
      vertex -21 -9.38253 38.8923
      vertex -21 -9.26706 38.8693
    endloop
  endfacet
  facet normal 1 0 0
    outer loop
      vertex -21 -9 57.2425
      vertex -21 -9.5 38.9
      vertex -21 -9.38253 38.8923
    endloop
  endfacet
  facet normal 1 0 0
    outer loop
      vertex -21 -9 57.2425
      vertex -21 -9.61747 38.8923
      vertex -21 -9.5 38.9
    endloop
  endfacet
  facet normal 1 0 0
    outer loop
      vertex -21 -9 57.2425
      vertex -21 -12.8825 38.8923
      vertex -21 -9.61747 38.8923
    endloop
  endfacet
  facet normal 1 0 0
    outer loop
      vertex -21 -9.61747 38.8923
      vertex -21 -12.8825 38.8923
      vertex -21 -9.73294 38.8693
    endloop
  endfacet
  facet normal 1 0 -0
    outer loop
      vertex -21 -12.7671 38.8693
      vertex -21 -9.73294 38.8693
      vertex -21 -12.8825 38.8923
    endloop
  endfacet
  facet normal 1 0 0
    outer loop
      vertex -21 -9.73294 38.8693
      vertex -21 -12.7671 38.8693
      vertex -21 -9.84441 38.8315
    endloop
  endfacet
  facet normal 1 0 0
    outer loop
      vertex -21 -9.84441 38.8315
      vertex -21 -12.6556 38.8315
      vertex -21 -9.95 38.7794
    endloop
  endfacet
  facet normal 1 0 -0
    outer loop
      vertex -21 -12.55 38.7794
      vertex -21 -9.95 38.7794
      vertex -21 -12.6556 38.8315
    endloop
  endfacet
  facet normal 1 0 0
    outer loop
      vertex -21 -9.95 38.7794
      vertex -21 -12.55 38.7794
      vertex -21 -10.0479 38.714
    endloop
  endfacet
  facet normal 1 0 -0
    outer loop
      vertex -21 -12.4521 38.714
      vertex -21 -10.0479 38.714
      vertex -21 -12.55 38.7794
    endloop
  endfacet
  facet normal 1 0 -0
    outer loop
      vertex -21 -12.3636 38.6364
      vertex -21 -10.1364 38.6364
      vertex -21 -12.4521 38.714
    endloop
  endfacet
  facet normal 1 0 0
    outer loop
      vertex -21 -10.1364 38.6364
      vertex -21 -12.3636 38.6364
      vertex -21 -10.214 38.5479
    endloop
  endfacet
  facet normal 1 0 -0
    outer loop
      vertex -21 -12.286 38.5479
      vertex -21 -10.214 38.5479
      vertex -21 -12.3636 38.6364
    endloop
  endfacet
  facet normal 1 0 -0
    outer loop
      vertex -21 -12.2206 38.45
      vertex -21 -10.2794 38.45
      vertex -21 -12.286 38.5479
    endloop
  endfacet
  facet normal 1 0 0
    outer loop
      vertex -21 -10.4 38
      vertex -21 -12.1077 38.1175
      vertex -21 -12.1 38
    endloop
  endfacet
  facet normal 1 0 0
    outer loop
      vertex -21 -10.3923 38.1175
      vertex -21 -12.1077 38.1175
      vertex -21 -10.4 38
    endloop
  endfacet
  facet normal 1 0 -0
    outer loop
      vertex -21 -12.1077 38.1175
      vertex -21 -10.3923 38.1175
      vertex -21 -12.1307 38.2329
    endloop
  endfacet
  facet normal 1 0 0
    outer loop
      vertex -21 -10.3693 38.2329
      vertex -21 -12.1307 38.2329
      vertex -21 -10.3923 38.1175
    endloop
  endfacet
  facet normal 1 0 -0
    outer loop
      vertex -21 -12.1307 38.2329
      vertex -21 -10.3693 38.2329
      vertex -21 -12.1685 38.3444
    endloop
  endfacet
  facet normal 1 0 0
    outer loop
      vertex -21 -10.3315 38.3444
      vertex -21 -12.1685 38.3444
      vertex -21 -10.3693 38.2329
    endloop
  endfacet
  facet normal 1 0 -0
    outer loop
      vertex -21 -12.1685 38.3444
      vertex -21 -10.3315 38.3444
      vertex -21 -12.2206 38.45
    endloop
  endfacet
  facet normal 1 0 0
    outer loop
      vertex -21 -10.2794 38.45
      vertex -21 -12.2206 38.45
      vertex -21 -10.3315 38.3444
    endloop
  endfacet
  facet normal 1 0 0
    outer loop
      vertex -21 -10.214 38.5479
      vertex -21 -12.286 38.5479
      vertex -21 -10.2794 38.45
    endloop
  endfacet
  facet normal 1 0 0
    outer loop
      vertex -21 -10.0479 38.714
      vertex -21 -12.4521 38.714
      vertex -21 -10.1364 38.6364
    endloop
  endfacet
  facet normal 1 0 -0
    outer loop
      vertex -21 -12.6556 38.8315
      vertex -21 -9.84441 38.8315
      vertex -21 -12.7671 38.8693
    endloop
  endfacet
  facet normal 1 0 0
    outer loop
      vertex -21 -9 57.2425
      vertex -21 -13 38.9
      vertex -21 -12.8825 38.8923
    endloop
  endfacet
  facet normal 1 0 0
    outer loop
      vertex -21 -9 57.2425
      vertex -21 -13.1175 38.8923
      vertex -21 -13 38.9
    endloop
  endfacet
  facet normal 1 0 -0
    outer loop
      vertex -21 -13.2329 38.8693
      vertex -21 -9 57.2425
      vertex -21 -18.6 60
    endloop
  endfacet
  facet normal 1 0 0
    outer loop
      vertex -21 -9 57.2425
      vertex -21 -13.2329 38.8693
      vertex -21 -13.1175 38.8923
    endloop
  endfacet
  facet normal 1 0 0
    outer loop
      vertex -21 -13.2329 38.8693
      vertex -21 -18.6 60
      vertex -21 -13.3444 38.8315
    endloop
  endfacet
  facet normal 1 0 0
    outer loop
      vertex -21 -13.3444 38.8315
      vertex -21 -18.6 60
      vertex -21 -13.45 38.7794
    endloop
  endfacet
  facet normal 1 0 0
    outer loop
      vertex -21 -13.45 38.7794
      vertex -21 -18.6 60
      vertex -21 -13.5479 38.714
    endloop
  endfacet
  facet normal 1 0 0
    outer loop
      vertex -21 -13.5479 38.714
      vertex -21 -18.6 60
      vertex -21 -13.6364 38.6364
    endloop
  endfacet
  facet normal 1 0 0
    outer loop
      vertex -21 -13.6364 38.6364
      vertex -21 -18.6 60
      vertex -21 -13.714 38.5479
    endloop
  endfacet
  facet normal 1 0 0
    outer loop
      vertex -21 -13.714 38.5479
      vertex -21 -18.6 60
      vertex -21 -13.7794 38.45
    endloop
  endfacet
  facet normal 1 0 0
    outer loop
      vertex -21 -13.7794 38.45
      vertex -21 -18.6 60
      vertex -21 -13.8315 38.3444
    endloop
  endfacet
  facet normal 1 0 0
    outer loop
      vertex -21 -13.8923 38.1175
      vertex -21 -18.6 60
      vertex -21 -13.9 38
    endloop
  endfacet
  facet normal 1 0 0
    outer loop
      vertex -21 -13.8693 38.2329
      vertex -21 -18.6 60
      vertex -21 -13.8923 38.1175
    endloop
  endfacet
  facet normal 1 0 0
    outer loop
      vertex -21 -13.8315 38.3444
      vertex -21 -18.6 60
      vertex -21 -13.8693 38.2329
    endloop
  endfacet
  facet normal 1 -0 0
    outer loop
      vertex -21 -18.6 60
      vertex -21 -9 59.7575
      vertex -21 0 60
    endloop
  endfacet
  facet normal 1 0 0
    outer loop
      vertex -21 0 57.2425
      vertex -21 -1.6 38
      vertex -21 0 4.75752
    endloop
  endfacet
  facet normal 1 0 0
    outer loop
      vertex -21 0 57.2425
      vertex -21 -1.6077 38.1175
      vertex -21 -1.6 38
    endloop
  endfacet
  facet normal 1 0 0
    outer loop
      vertex -21 0 57.2425
      vertex -21 -1.63067 38.2329
      vertex -21 -1.6077 38.1175
    endloop
  endfacet
  facet normal 1 0 0
    outer loop
      vertex -21 0 57.2425
      vertex -21 -1.66851 38.3444
      vertex -21 -1.63067 38.2329
    endloop
  endfacet
  facet normal 1 0 0
    outer loop
      vertex -21 0 57.2425
      vertex -21 -1.72058 38.45
      vertex -21 -1.66851 38.3444
    endloop
  endfacet
  facet normal 1 0 0
    outer loop
      vertex -21 0 57.2425
      vertex -21 -1.78598 38.5479
      vertex -21 -1.72058 38.45
    endloop
  endfacet
  facet normal 1 0 0
    outer loop
      vertex -21 0 57.2425
      vertex -21 -1.8636 38.6364
      vertex -21 -1.78598 38.5479
    endloop
  endfacet
  facet normal 1 0 0
    outer loop
      vertex -21 0 57.2425
      vertex -21 -1.95211 38.714
      vertex -21 -1.8636 38.6364
    endloop
  endfacet
  facet normal 1 0 0
    outer loop
      vertex -21 0 57.2425
      vertex -21 -2.05 38.7794
      vertex -21 -1.95211 38.714
    endloop
  endfacet
  facet normal 1 0 0
    outer loop
      vertex -21 0 57.2425
      vertex -21 -2.15558 38.8315
      vertex -21 -2.05 38.7794
    endloop
  endfacet
  facet normal 1 0 0
    outer loop
      vertex -21 0 57.2425
      vertex -21 -2.26706 38.8693
      vertex -21 -2.15558 38.8315
    endloop
  endfacet
  facet normal 1 0 0
    outer loop
      vertex -21 0 57.2425
      vertex -21 -2.38253 38.8923
      vertex -21 -2.26706 38.8693
    endloop
  endfacet
  facet normal 1 0 0
    outer loop
      vertex -21 0 57.2425
      vertex -21 -2.5 38.9
      vertex -21 -2.38253 38.8923
    endloop
  endfacet
  facet normal 1 0 0
    outer loop
      vertex -21 0 57.2425
      vertex -21 -2.61747 38.8923
      vertex -21 -2.5 38.9
    endloop
  endfacet
  facet normal 1 0 0
    outer loop
      vertex -21 -5.88253 38.8923
      vertex -21 -2.61747 38.8923
      vertex -21 0 57.2425
    endloop
  endfacet
  facet normal 1 0 0
    outer loop
      vertex -21 -2.61747 38.8923
      vertex -21 -5.88253 38.8923
      vertex -21 -2.73294 38.8693
    endloop
  endfacet
  facet normal 1 0 -0
    outer loop
      vertex -21 -5.76706 38.8693
      vertex -21 -2.73294 38.8693
      vertex -21 -5.88253 38.8923
    endloop
  endfacet
  facet normal 1 0 0
    outer loop
      vertex -21 -2.73294 38.8693
      vertex -21 -5.76706 38.8693
      vertex -21 -2.84441 38.8315
    endloop
  endfacet
  facet normal 1 0 0
    outer loop
      vertex -21 -2.84441 38.8315
      vertex -21 -5.65558 38.8315
      vertex -21 -2.95 38.7794
    endloop
  endfacet
  facet normal 1 0 -0
    outer loop
      vertex -21 -5.55 38.7794
      vertex -21 -2.95 38.7794
      vertex -21 -5.65558 38.8315
    endloop
  endfacet
  facet normal 1 0 0
    outer loop
      vertex -21 -2.95 38.7794
      vertex -21 -5.55 38.7794
      vertex -21 -3.04788 38.714
    endloop
  endfacet
  facet normal 1 0 -0
    outer loop
      vertex -21 -5.45211 38.714
      vertex -21 -3.04788 38.714
      vertex -21 -5.55 38.7794
    endloop
  endfacet
  facet normal 1 0 -0
    outer loop
      vertex -21 -5.3636 38.6364
      vertex -21 -3.1364 38.6364
      vertex -21 -5.45211 38.714
    endloop
  endfacet
  facet normal 1 0 0
    outer loop
      vertex -21 -3.1364 38.6364
      vertex -21 -5.3636 38.6364
      vertex -21 -3.21402 38.5479
    endloop
  endfacet
  facet normal 1 0 0
    outer loop
      vertex -21 -3.3923 38.1175
      vertex -21 -5.1 38
      vertex -21 -3.4 38
    endloop
  endfacet
  facet normal 1 0 -0
    outer loop
      vertex -21 -5.28598 38.5479
      vertex -21 -3.21402 38.5479
      vertex -21 -5.3636 38.6364
    endloop
  endfacet
  facet normal 1 0 0
    outer loop
      vertex -21 -3.3923 38.1175
      vertex -21 -5.1077 38.1175
      vertex -21 -5.1 38
    endloop
  endfacet
  facet normal 1 0 0
    outer loop
      vertex -21 -3.3923 38.1175
      vertex -21 -5.13067 38.2329
      vertex -21 -5.1077 38.1175
    endloop
  endfacet
  facet normal 1 0 0
    outer loop
      vertex -21 -3.36933 38.2329
      vertex -21 -5.13067 38.2329
      vertex -21 -3.3923 38.1175
    endloop
  endfacet
  facet normal 1 0 -0
    outer loop
      vertex -21 -5.13067 38.2329
      vertex -21 -3.36933 38.2329
      vertex -21 -5.16851 38.3444
    endloop
  endfacet
  facet normal 1 0 0
    outer loop
      vertex -21 -3.33149 38.3444
      vertex -21 -5.16851 38.3444
      vertex -21 -3.36933 38.2329
    endloop
  endfacet
  facet normal 1 0 -0
    outer loop
      vertex -21 -5.16851 38.3444
      vertex -21 -3.33149 38.3444
      vertex -21 -5.22058 38.45
    endloop
  endfacet
  facet normal 1 0 0
    outer loop
      vertex -21 -3.27942 38.45
      vertex -21 -5.22058 38.45
      vertex -21 -3.33149 38.3444
    endloop
  endfacet
  facet normal 1 0 -0
    outer loop
      vertex -21 -5.22058 38.45
      vertex -21 -3.27942 38.45
      vertex -21 -5.28598 38.5479
    endloop
  endfacet
  facet normal 1 0 0
    outer loop
      vertex -21 -3.21402 38.5479
      vertex -21 -5.28598 38.5479
      vertex -21 -3.27942 38.45
    endloop
  endfacet
  facet normal 1 0 0
    outer loop
      vertex -21 -3.04788 38.714
      vertex -21 -5.45211 38.714
      vertex -21 -3.1364 38.6364
    endloop
  endfacet
  facet normal 1 0 -0
    outer loop
      vertex -21 -5.65558 38.8315
      vertex -21 -2.84441 38.8315
      vertex -21 -5.76706 38.8693
    endloop
  endfacet
  facet normal 1 -0 0
    outer loop
      vertex -21 -9 57.2425
      vertex -21 -5.88253 38.8923
      vertex -21 0 57.2425
    endloop
  endfacet
  facet normal 1 0 0
    outer loop
      vertex -21 -5.88253 38.8923
      vertex -21 -9 57.2425
      vertex -21 -6 38.9
    endloop
  endfacet
  facet normal 1 0 0
    outer loop
      vertex -21 -6 38.9
      vertex -21 -9 57.2425
      vertex -21 -6.11747 38.8923
    endloop
  endfacet
  facet normal 1 0 0
    outer loop
      vertex -21 -6.11747 38.8923
      vertex -21 -9 57.2425
      vertex -21 -6.23294 38.8693
    endloop
  endfacet
  facet normal 1 0 0
    outer loop
      vertex -21 -9.05 38.7794
      vertex -21 -6.23294 38.8693
      vertex -21 -9 57.2425
    endloop
  endfacet
  facet normal 1 0 0
    outer loop
      vertex -21 -6.23294 38.8693
      vertex -21 -9.05 38.7794
      vertex -21 -6.34441 38.8315
    endloop
  endfacet
  facet normal 1 0 0
    outer loop
      vertex -21 -6.34441 38.8315
      vertex -21 -9.05 38.7794
      vertex -21 -6.45 38.7794
    endloop
  endfacet
  facet normal 1 0 0
    outer loop
      vertex -21 -6.45 38.7794
      vertex -21 -9.05 38.7794
      vertex -21 -6.54788 38.714
    endloop
  endfacet
  facet normal 1 0 -0
    outer loop
      vertex -21 -8.95211 38.714
      vertex -21 -6.54788 38.714
      vertex -21 -9.05 38.7794
    endloop
  endfacet
  facet normal 1 0 0
    outer loop
      vertex -21 -6.54788 38.714
      vertex -21 -8.95211 38.714
      vertex -21 -6.6364 38.6364
    endloop
  endfacet
  facet normal 1 0 0
    outer loop
      vertex -21 -6.8923 38.1175
      vertex -21 -8.6 38
      vertex -21 -6.9 38
    endloop
  endfacet
  facet normal 1 0 0
    outer loop
      vertex -21 -8.6077 38.1175
      vertex -21 -6.8923 38.1175
      vertex -21 -6.86933 38.2329
    endloop
  endfacet
  facet normal 1 0 0
    outer loop
      vertex -21 -8.63067 38.2329
      vertex -21 -6.86933 38.2329
      vertex -21 -6.83149 38.3444
    endloop
  endfacet
  facet normal 1 0 -0
    outer loop
      vertex -21 -8.8636 38.6364
      vertex -21 -6.6364 38.6364
      vertex -21 -8.95211 38.714
    endloop
  endfacet
  facet normal 1 0 0
    outer loop
      vertex -21 -6.8923 38.1175
      vertex -21 -8.6077 38.1175
      vertex -21 -8.6 38
    endloop
  endfacet
  facet normal 1 0 0
    outer loop
      vertex -21 -6.86933 38.2329
      vertex -21 -8.63067 38.2329
      vertex -21 -8.6077 38.1175
    endloop
  endfacet
  facet normal 1 0 0
    outer loop
      vertex -21 -6.83149 38.3444
      vertex -21 -8.66851 38.3444
      vertex -21 -8.63067 38.2329
    endloop
  endfacet
  facet normal 1 0 0
    outer loop
      vertex -21 -6.83149 38.3444
      vertex -21 -8.72058 38.45
      vertex -21 -8.66851 38.3444
    endloop
  endfacet
  facet normal 1 0 0
    outer loop
      vertex -21 -6.77942 38.45
      vertex -21 -8.72058 38.45
      vertex -21 -6.83149 38.3444
    endloop
  endfacet
  facet normal 1 0 -0
    outer loop
      vertex -21 -8.72058 38.45
      vertex -21 -6.77942 38.45
      vertex -21 -8.78598 38.5479
    endloop
  endfacet
  facet normal 1 0 0
    outer loop
      vertex -21 -6.71402 38.5479
      vertex -21 -8.78598 38.5479
      vertex -21 -6.77942 38.45
    endloop
  endfacet
  facet normal 1 0 0
    outer loop
      vertex -21 -6.6364 38.6364
      vertex -21 -8.8636 38.6364
      vertex -21 -6.71402 38.5479
    endloop
  endfacet
  facet normal 1 0 -0
    outer loop
      vertex -21 -8.78598 38.5479
      vertex -21 -6.71402 38.5479
      vertex -21 -8.8636 38.6364
    endloop
  endfacet
  facet normal 1 -0 0
    outer loop
      vertex -21 -1.6077 37.8825
      vertex -21 0 4.75752
      vertex -21 -1.6 38
    endloop
  endfacet
  facet normal 1 -0 0
    outer loop
      vertex -21 -1.63067 37.7671
      vertex -21 0 4.75752
      vertex -21 -1.6077 37.8825
    endloop
  endfacet
  facet normal 1 -0 0
    outer loop
      vertex -21 -1.66851 37.6556
      vertex -21 0 4.75752
      vertex -21 -1.63067 37.7671
    endloop
  endfacet
  facet normal 1 -0 0
    outer loop
      vertex -21 -1.72058 37.55
      vertex -21 0 4.75752
      vertex -21 -1.66851 37.6556
    endloop
  endfacet
  facet normal 1 -0 0
    outer loop
      vertex -21 -1.78598 37.4521
      vertex -21 0 4.75752
      vertex -21 -1.72058 37.55
    endloop
  endfacet
  facet normal 1 -0 0
    outer loop
      vertex -21 -1.8636 37.3636
      vertex -21 0 4.75752
      vertex -21 -1.78598 37.4521
    endloop
  endfacet
  facet normal 1 -0 0
    outer loop
      vertex -21 -1.95211 37.286
      vertex -21 0 4.75752
      vertex -21 -1.8636 37.3636
    endloop
  endfacet
  facet normal 1 -0 0
    outer loop
      vertex -21 -2.05 37.2206
      vertex -21 0 4.75752
      vertex -21 -1.95211 37.286
    endloop
  endfacet
  facet normal 1 -0 0
    outer loop
      vertex -21 -2.15558 37.1685
      vertex -21 0 4.75752
      vertex -21 -2.05 37.2206
    endloop
  endfacet
  facet normal 1 -0 0
    outer loop
      vertex -21 -2.26706 37.1307
      vertex -21 0 4.75752
      vertex -21 -2.15558 37.1685
    endloop
  endfacet
  facet normal 1 -0 0
    outer loop
      vertex -21 -2.38253 37.1077
      vertex -21 0 4.75752
      vertex -21 -2.26706 37.1307
    endloop
  endfacet
  facet normal 1 -0 0
    outer loop
      vertex -21 -2.5 37.1
      vertex -21 0 4.75752
      vertex -21 -2.38253 37.1077
    endloop
  endfacet
  facet normal 1 0 0
    outer loop
      vertex -21 -2.61747 37.1077
      vertex -21 0 4.75752
      vertex -21 -2.5 37.1
    endloop
  endfacet
  facet normal 1 0 0
    outer loop
      vertex -21 -5.88253 37.1077
      vertex -21 -2.61747 37.1077
      vertex -21 -2.73294 37.1307
    endloop
  endfacet
  facet normal 1 0 0
    outer loop
      vertex -21 -5.76706 37.1307
      vertex -21 -2.73294 37.1307
      vertex -21 -2.84441 37.1685
    endloop
  endfacet
  facet normal 1 0 0
    outer loop
      vertex -21 -5.65558 37.1685
      vertex -21 -2.84441 37.1685
      vertex -21 -2.95 37.2206
    endloop
  endfacet
  facet normal 1 0 0
    outer loop
      vertex -21 -5.55 37.2206
      vertex -21 -2.95 37.2206
      vertex -21 -3.04788 37.286
    endloop
  endfacet
  facet normal 1 0 0
    outer loop
      vertex -21 -5.45211 37.286
      vertex -21 -3.04788 37.286
      vertex -21 -3.1364 37.3636
    endloop
  endfacet
  facet normal 1 0 0
    outer loop
      vertex -21 -5.3636 37.3636
      vertex -21 -3.1364 37.3636
      vertex -21 -3.21402 37.4521
    endloop
  endfacet
  facet normal 1 0 0
    outer loop
      vertex -21 -5.28598 37.4521
      vertex -21 -3.21402 37.4521
      vertex -21 -3.27942 37.55
    endloop
  endfacet
  facet normal 1 0 0
    outer loop
      vertex -21 -5.22058 37.55
      vertex -21 -3.27942 37.55
      vertex -21 -3.33149 37.6556
    endloop
  endfacet
  facet normal 1 0 0
    outer loop
      vertex -21 -5.16851 37.6556
      vertex -21 -3.33149 37.6556
      vertex -21 -3.36933 37.7671
    endloop
  endfacet
  facet normal 1 0 0
    outer loop
      vertex -21 -5.13067 37.7671
      vertex -21 -3.36933 37.7671
      vertex -21 -3.3923 37.8825
    endloop
  endfacet
  facet normal 1 -0 0
    outer loop
      vertex -21 -5.1 38
      vertex -21 -3.3923 37.8825
      vertex -21 -3.4 38
    endloop
  endfacet
  facet normal 1 0 0
    outer loop
      vertex -21 -5.1077 37.8825
      vertex -21 -3.3923 37.8825
      vertex -21 -5.1 38
    endloop
  endfacet
  facet normal 1 0 0
    outer loop
      vertex -21 -5.13067 37.7671
      vertex -21 -3.3923 37.8825
      vertex -21 -5.1077 37.8825
    endloop
  endfacet
  facet normal 1 0 0
    outer loop
      vertex -21 -3.36933 37.7671
      vertex -21 -5.13067 37.7671
      vertex -21 -5.16851 37.6556
    endloop
  endfacet
  facet normal 1 0 0
    outer loop
      vertex -21 -3.33149 37.6556
      vertex -21 -5.16851 37.6556
      vertex -21 -5.22058 37.55
    endloop
  endfacet
  facet normal 1 0 0
    outer loop
      vertex -21 -3.27942 37.55
      vertex -21 -5.22058 37.55
      vertex -21 -5.28598 37.4521
    endloop
  endfacet
  facet normal 1 0 0
    outer loop
      vertex -21 -3.21402 37.4521
      vertex -21 -5.28598 37.4521
      vertex -21 -5.3636 37.3636
    endloop
  endfacet
  facet normal 1 0 0
    outer loop
      vertex -21 -3.1364 37.3636
      vertex -21 -5.3636 37.3636
      vertex -21 -5.45211 37.286
    endloop
  endfacet
  facet normal 1 0 0
    outer loop
      vertex -21 -3.04788 37.286
      vertex -21 -5.45211 37.286
      vertex -21 -5.55 37.2206
    endloop
  endfacet
  facet normal 1 0 0
    outer loop
      vertex -21 -2.95 37.2206
      vertex -21 -5.55 37.2206
      vertex -21 -5.65558 37.1685
    endloop
  endfacet
  facet normal 1 0 0
    outer loop
      vertex -21 -2.84441 37.1685
      vertex -21 -5.65558 37.1685
      vertex -21 -5.76706 37.1307
    endloop
  endfacet
  facet normal 1 0 0
    outer loop
      vertex -21 -2.73294 37.1307
      vertex -21 -5.76706 37.1307
      vertex -21 -5.88253 37.1077
    endloop
  endfacet
  facet normal 1 0 0
    outer loop
      vertex -21 -2.61747 37.1077
      vertex -21 -5.88253 37.1077
      vertex -21 0 4.75752
    endloop
  endfacet
  facet normal 1 0 0
    outer loop
      vertex -21 -9 4.75752
      vertex -21 -5.88253 37.1077
      vertex -21 -6 37.1
    endloop
  endfacet
  facet normal 1 0 0
    outer loop
      vertex -21 -9 4.75752
      vertex -21 -6 37.1
      vertex -21 -6.11747 37.1077
    endloop
  endfacet
  facet normal 1 0 0
    outer loop
      vertex -21 -9.38253 37.1077
      vertex -21 -6.11747 37.1077
      vertex -21 -6.23294 37.1307
    endloop
  endfacet
  facet normal 1 0 0
    outer loop
      vertex -21 -9.26706 37.1307
      vertex -21 -6.23294 37.1307
      vertex -21 -6.34441 37.1685
    endloop
  endfacet
  facet normal 1 0 0
    outer loop
      vertex -21 -9.15558 37.1685
      vertex -21 -6.34441 37.1685
      vertex -21 -6.45 37.2206
    endloop
  endfacet
  facet normal 1 0 0
    outer loop
      vertex -21 -9.05 37.2206
      vertex -21 -6.45 37.2206
      vertex -21 -6.54788 37.286
    endloop
  endfacet
  facet normal 1 0 0
    outer loop
      vertex -21 -8.95211 37.286
      vertex -21 -6.54788 37.286
      vertex -21 -6.6364 37.3636
    endloop
  endfacet
  facet normal 1 0 0
    outer loop
      vertex -21 -8.8636 37.3636
      vertex -21 -6.6364 37.3636
      vertex -21 -6.71402 37.4521
    endloop
  endfacet
  facet normal 1 0 0
    outer loop
      vertex -21 -8.78598 37.4521
      vertex -21 -6.71402 37.4521
      vertex -21 -6.77942 37.55
    endloop
  endfacet
  facet normal 1 0 0
    outer loop
      vertex -21 -8.72058 37.55
      vertex -21 -6.77942 37.55
      vertex -21 -6.83149 37.6556
    endloop
  endfacet
  facet normal 1 0 0
    outer loop
      vertex -21 -8.66851 37.6556
      vertex -21 -6.83149 37.6556
      vertex -21 -6.86933 37.7671
    endloop
  endfacet
  facet normal 1 -0 0
    outer loop
      vertex -21 -8.6 38
      vertex -21 -6.8923 37.8825
      vertex -21 -6.9 38
    endloop
  endfacet
  facet normal 1 0 0
    outer loop
      vertex -21 -8.6077 37.8825
      vertex -21 -6.8923 37.8825
      vertex -21 -8.6 38
    endloop
  endfacet
  facet normal 1 0 0
    outer loop
      vertex -21 -6.8923 37.8825
      vertex -21 -8.6077 37.8825
      vertex -21 -6.86933 37.7671
    endloop
  endfacet
  facet normal 1 0 0
    outer loop
      vertex -21 -8.63067 37.7671
      vertex -21 -6.86933 37.7671
      vertex -21 -8.6077 37.8825
    endloop
  endfacet
  facet normal 1 0 0
    outer loop
      vertex -21 -8.66851 37.6556
      vertex -21 -6.86933 37.7671
      vertex -21 -8.63067 37.7671
    endloop
  endfacet
  facet normal 1 0 0
    outer loop
      vertex -21 -6.83149 37.6556
      vertex -21 -8.66851 37.6556
      vertex -21 -8.72058 37.55
    endloop
  endfacet
  facet normal 1 0 0
    outer loop
      vertex -21 -6.77942 37.55
      vertex -21 -8.72058 37.55
      vertex -21 -8.78598 37.4521
    endloop
  endfacet
  facet normal 1 0 0
    outer loop
      vertex -21 -6.71402 37.4521
      vertex -21 -8.78598 37.4521
      vertex -21 -8.8636 37.3636
    endloop
  endfacet
  facet normal 1 0 0
    outer loop
      vertex -21 -6.6364 37.3636
      vertex -21 -8.8636 37.3636
      vertex -21 -8.95211 37.286
    endloop
  endfacet
  facet normal 1 0 0
    outer loop
      vertex -21 -6.54788 37.286
      vertex -21 -8.95211 37.286
      vertex -21 -9.05 37.2206
    endloop
  endfacet
  facet normal 1 0 0
    outer loop
      vertex -21 -6.45 37.2206
      vertex -21 -9.05 37.2206
      vertex -21 -9.15558 37.1685
    endloop
  endfacet
  facet normal 1 0 0
    outer loop
      vertex -21 -6.23294 37.1307
      vertex -21 -9.26706 37.1307
      vertex -21 -9.38253 37.1077
    endloop
  endfacet
  facet normal 1 0 0
    outer loop
      vertex -21 -6.34441 37.1685
      vertex -21 -9.15558 37.1685
      vertex -21 -9.26706 37.1307
    endloop
  endfacet
  facet normal 1 -0 0
    outer loop
      vertex -21 -9 2.24247
      vertex -21 0 2
      vertex -21 0 2.24247
    endloop
  endfacet
  facet normal 1 0 0
    outer loop
      vertex -21 -5.88253 37.1077
      vertex -21 -9 4.75752
      vertex -21 0 4.75752
    endloop
  endfacet
  facet normal 1 0 0
    outer loop
      vertex -21 -6.11747 37.1077
      vertex -21 -9.38253 37.1077
      vertex -21 -9 4.75752
    endloop
  endfacet
  facet normal 1 -0 0
    outer loop
      vertex -21 -9.5 37.1
      vertex -21 -9 4.75752
      vertex -21 -9.38253 37.1077
    endloop
  endfacet
  facet normal 1 0 0
    outer loop
      vertex -21 -9.61747 37.1077
      vertex -21 -9 4.75752
      vertex -21 -9.5 37.1
    endloop
  endfacet
  facet normal 1 -0 0
    outer loop
      vertex -21 -12.8825 37.1077
      vertex -21 -9 4.75752
      vertex -21 -9.61747 37.1077
    endloop
  endfacet
  facet normal 1 0 0
    outer loop
      vertex -21 -12.8825 37.1077
      vertex -21 -9.61747 37.1077
      vertex -21 -9.73294 37.1307
    endloop
  endfacet
  facet normal 1 0 0
    outer loop
      vertex -21 -12.7671 37.1307
      vertex -21 -9.73294 37.1307
      vertex -21 -9.84441 37.1685
    endloop
  endfacet
  facet normal 1 0 0
    outer loop
      vertex -21 -12.6556 37.1685
      vertex -21 -9.84441 37.1685
      vertex -21 -9.95 37.2206
    endloop
  endfacet
  facet normal 1 0 0
    outer loop
      vertex -21 -12.55 37.2206
      vertex -21 -9.95 37.2206
      vertex -21 -10.0479 37.286
    endloop
  endfacet
  facet normal 1 0 0
    outer loop
      vertex -21 -12.4521 37.286
      vertex -21 -10.0479 37.286
      vertex -21 -10.1364 37.3636
    endloop
  endfacet
  facet normal 1 0 0
    outer loop
      vertex -21 -12.3636 37.3636
      vertex -21 -10.1364 37.3636
      vertex -21 -10.214 37.4521
    endloop
  endfacet
  facet normal 1 0 0
    outer loop
      vertex -21 -12.286 37.4521
      vertex -21 -10.214 37.4521
      vertex -21 -10.2794 37.55
    endloop
  endfacet
  facet normal 1 0 0
    outer loop
      vertex -21 -12.2206 37.55
      vertex -21 -10.2794 37.55
      vertex -21 -10.3315 37.6556
    endloop
  endfacet
  facet normal 1 0 0
    outer loop
      vertex -21 -12.1685 37.6556
      vertex -21 -10.3315 37.6556
      vertex -21 -10.3693 37.7671
    endloop
  endfacet
  facet normal 1 0 0
    outer loop
      vertex -21 -12.1307 37.7671
      vertex -21 -10.3693 37.7671
      vertex -21 -10.3923 37.8825
    endloop
  endfacet
  facet normal 1 0 0
    outer loop
      vertex -21 -12.1077 37.8825
      vertex -21 -10.3923 37.8825
      vertex -21 -10.4 38
    endloop
  endfacet
  facet normal 1 0 0
    outer loop
      vertex -21 -12.1077 37.8825
      vertex -21 -10.4 38
      vertex -21 -12.1 38
    endloop
  endfacet
  facet normal 1 0 0
    outer loop
      vertex -21 -10.3923 37.8825
      vertex -21 -12.1077 37.8825
      vertex -21 -12.1307 37.7671
    endloop
  endfacet
  facet normal 1 0 0
    outer loop
      vertex -21 -10.3693 37.7671
      vertex -21 -12.1307 37.7671
      vertex -21 -12.1685 37.6556
    endloop
  endfacet
  facet normal 1 0 0
    outer loop
      vertex -21 -10.3315 37.6556
      vertex -21 -12.1685 37.6556
      vertex -21 -12.2206 37.55
    endloop
  endfacet
  facet normal 1 0 0
    outer loop
      vertex -21 -10.2794 37.55
      vertex -21 -12.2206 37.55
      vertex -21 -12.286 37.4521
    endloop
  endfacet
  facet normal 1 0 0
    outer loop
      vertex -21 -10.214 37.4521
      vertex -21 -12.286 37.4521
      vertex -21 -12.3636 37.3636
    endloop
  endfacet
  facet normal 1 0 0
    outer loop
      vertex -21 -10.1364 37.3636
      vertex -21 -12.3636 37.3636
      vertex -21 -12.4521 37.286
    endloop
  endfacet
  facet normal 1 0 0
    outer loop
      vertex -21 -10.0479 37.286
      vertex -21 -12.4521 37.286
      vertex -21 -12.55 37.2206
    endloop
  endfacet
  facet normal 1 0 0
    outer loop
      vertex -21 -9.95 37.2206
      vertex -21 -12.55 37.2206
      vertex -21 -12.6556 37.1685
    endloop
  endfacet
  facet normal 1 0 0
    outer loop
      vertex -21 -9.84441 37.1685
      vertex -21 -12.6556 37.1685
      vertex -21 -12.7671 37.1307
    endloop
  endfacet
  facet normal 1 0 0
    outer loop
      vertex -21 -9.73294 37.1307
      vertex -21 -12.7671 37.1307
      vertex -21 -12.8825 37.1077
    endloop
  endfacet
  facet normal 1 -0 0
    outer loop
      vertex -21 -13 37.1
      vertex -21 -9 4.75752
      vertex -21 -12.8825 37.1077
    endloop
  endfacet
  facet normal 1 0 0
    outer loop
      vertex -21 -13.1175 37.1077
      vertex -21 -9 4.75752
      vertex -21 -13 37.1
    endloop
  endfacet
  facet normal 1 0 0
    outer loop
      vertex -21 -13.2329 37.1307
      vertex -21 -9 4.75752
      vertex -21 -13.1175 37.1077
    endloop
  endfacet
  facet normal 1 0 0
    outer loop
      vertex -21 -9 4.75752
      vertex -21 -13.2329 37.1307
      vertex -21 -18.6 2
    endloop
  endfacet
  facet normal 1 0 0
    outer loop
      vertex -21 -18.6 2
      vertex -21 -13.2329 37.1307
      vertex -21 -13.3444 37.1685
    endloop
  endfacet
  facet normal 1 0 0
    outer loop
      vertex -21 -18.6 2
      vertex -21 -13.3444 37.1685
      vertex -21 -13.45 37.2206
    endloop
  endfacet
  facet normal 1 0 0
    outer loop
      vertex -21 -18.6 2
      vertex -21 -13.45 37.2206
      vertex -21 -13.5479 37.286
    endloop
  endfacet
  facet normal 1 0 0
    outer loop
      vertex -21 -18.6 2
      vertex -21 -13.5479 37.286
      vertex -21 -13.6364 37.3636
    endloop
  endfacet
  facet normal 1 0 0
    outer loop
      vertex -21 -18.6 2
      vertex -21 -13.6364 37.3636
      vertex -21 -13.714 37.4521
    endloop
  endfacet
  facet normal 1 0 0
    outer loop
      vertex -21 -18.6 2
      vertex -21 -13.714 37.4521
      vertex -21 -13.7794 37.55
    endloop
  endfacet
  facet normal 1 0 0
    outer loop
      vertex -21 -18.6 2
      vertex -21 -13.7794 37.55
      vertex -21 -13.8315 37.6556
    endloop
  endfacet
  facet normal 1 0 0
    outer loop
      vertex -21 -18.6 2
      vertex -21 -13.8315 37.6556
      vertex -21 -13.8693 37.7671
    endloop
  endfacet
  facet normal 1 0 0
    outer loop
      vertex -21 -18.6 2
      vertex -21 -13.8693 37.7671
      vertex -21 -13.8923 37.8825
    endloop
  endfacet
  facet normal 1 0 0
    outer loop
      vertex -21 -18.6 60
      vertex -21 -13.8923 37.8825
      vertex -21 -13.9 38
    endloop
  endfacet
  facet normal 1 0 0
    outer loop
      vertex -21 -18.6 2
      vertex -21 -13.8923 37.8825
      vertex -21 -18.6 60
    endloop
  endfacet
  facet normal 1 0 0
    outer loop
      vertex -21 -9 2.24247
      vertex -21 -18.6 2
      vertex -21 0 2
    endloop
  endfacet
  facet normal 1 0 0
    outer loop
      vertex -21 -9 4.75752
      vertex -21 -18.6 2
      vertex -21 -9 2.24247
    endloop
  endfacet
  facet normal 0 0 -1
    outer loop
      vertex 18.6 -21 60
      vertex 21 -18.6 60
      vertex 20.6785 -19.8 60
    endloop
  endfacet
  facet normal 0 0 -1
    outer loop
      vertex 18.6 -21 60
      vertex 20.6785 -19.8 60
      vertex 20.504 -20.061 60
    endloop
  endfacet
  facet normal 0 0 -1
    outer loop
      vertex 18.6 -21 60
      vertex 20.504 -20.061 60
      vertex 20.2971 -20.2971 60
    endloop
  endfacet
  facet normal 0 0 -1
    outer loop
      vertex 18.6 -21 60
      vertex 20.2971 -20.2971 60
      vertex 20.061 -20.504 60
    endloop
  endfacet
  facet normal 0 0 -1
    outer loop
      vertex 18.6 -21 60
      vertex 20.061 -20.504 60
      vertex 19.8 -20.6785 60
    endloop
  endfacet
  facet normal 0 0 -1
    outer loop
      vertex 18.6 -21 60
      vertex 19.8 -20.6785 60
      vertex 19.5184 -20.8173 60
    endloop
  endfacet
  facet normal 0 0 -1
    outer loop
      vertex 18.6 -21 60
      vertex 19.5184 -20.8173 60
      vertex 19.2212 -20.9182 60
    endloop
  endfacet
  facet normal 0 0 -1
    outer loop
      vertex 18.6 -21 60
      vertex 19.2212 -20.9182 60
      vertex 18.9133 -20.9795 60
    endloop
  endfacet
  facet normal -0 0 -1
    outer loop
      vertex 21 -18.6 60
      vertex 18.6 -21 60
      vertex 17.5956 -9 60
    endloop
  endfacet
  facet normal 0 0 -1
    outer loop
      vertex 21 -18.6 60
      vertex 17.5956 -9 60
      vertex 20.8044 -9 60
    endloop
  endfacet
  facet normal 0 0 -1
    outer loop
      vertex 17.5956 -9 60
      vertex -17.5956 -9 60
      vertex 17.5956 0 60
    endloop
  endfacet
  facet normal 0 0 -1
    outer loop
      vertex 18.6 -21 60
      vertex -17.5956 -9 60
      vertex 17.5956 -9 60
    endloop
  endfacet
  facet normal 0 0 -1
    outer loop
      vertex -18.6 -21 60
      vertex -17.5956 -9 60
      vertex 18.6 -21 60
    endloop
  endfacet
  facet normal 0 0 -1
    outer loop
      vertex -21 -18.6 60
      vertex -18.6 -21 60
      vertex -18.9133 -20.9795 60
    endloop
  endfacet
  facet normal 0 0 -1
    outer loop
      vertex -21 -18.6 60
      vertex -18.9133 -20.9795 60
      vertex -19.2212 -20.9182 60
    endloop
  endfacet
  facet normal 0 0 -1
    outer loop
      vertex -21 -18.6 60
      vertex -19.2212 -20.9182 60
      vertex -19.5184 -20.8173 60
    endloop
  endfacet
  facet normal 0 0 -1
    outer loop
      vertex -21 -18.6 60
      vertex -19.5184 -20.8173 60
      vertex -19.8 -20.6785 60
    endloop
  endfacet
  facet normal 0 0 -1
    outer loop
      vertex -21 -18.6 60
      vertex -19.8 -20.6785 60
      vertex -20.061 -20.504 60
    endloop
  endfacet
  facet normal 0 0 -1
    outer loop
      vertex -21 -18.6 60
      vertex -20.061 -20.504 60
      vertex -20.2971 -20.2971 60
    endloop
  endfacet
  facet normal 0 0 -1
    outer loop
      vertex -21 -18.6 60
      vertex -20.2971 -20.2971 60
      vertex -20.504 -20.061 60
    endloop
  endfacet
  facet normal 0 0 -1
    outer loop
      vertex -21 -18.6 60
      vertex -20.504 -20.061 60
      vertex -20.6785 -19.8 60
    endloop
  endfacet
  facet normal 0 0 -1
    outer loop
      vertex -18.6 -21 60
      vertex -21 -18.6 60
      vertex -17.5956 -9 60
    endloop
  endfacet
  facet normal 0 0 -1
    outer loop
      vertex -21 -18.6 60
      vertex -20.6785 -19.8 60
      vertex -20.8173 -19.5184 60
    endloop
  endfacet
  facet normal -0 0 -1
    outer loop
      vertex -17.5956 -9 60
      vertex -21 -18.6 60
      vertex -20.8044 -9 60
    endloop
  endfacet
  facet normal 0 0 -1
    outer loop
      vertex -21 -18.6 60
      vertex -20.8173 -19.5184 60
      vertex -20.9182 -19.2212 60
    endloop
  endfacet
  facet normal 0 0 -1
    outer loop
      vertex -21 -18.6 60
      vertex -20.9182 -19.2212 60
      vertex -20.9795 -18.9133 60
    endloop
  endfacet
  facet normal 0 0 -1
    outer loop
      vertex -21 0 60
      vertex -20.8044 -9 60
      vertex -21 -18.6 60
    endloop
  endfacet
  facet normal 0 0 -1
    outer loop
      vertex -20.8044 -9 60
      vertex -21 0 60
      vertex -20.8044 0 60
    endloop
  endfacet
  facet normal 0 0 -1
    outer loop
      vertex 20.8173 -19.5184 60
      vertex 21 -18.6 60
      vertex 20.9795 -18.9133 60
    endloop
  endfacet
  facet normal 0 0 -1
    outer loop
      vertex 20.8173 -19.5184 60
      vertex 20.9795 -18.9133 60
      vertex 20.9182 -19.2212 60
    endloop
  endfacet
  facet normal 0 0 -1
    outer loop
      vertex 20.6785 -19.8 60
      vertex 21 -18.6 60
      vertex 20.8173 -19.5184 60
    endloop
  endfacet
  facet normal 0 0 -1
    outer loop
      vertex 21 -18.6 60
      vertex 20.8044 -9 60
      vertex 21 0 60
    endloop
  endfacet
  facet normal -0 0 -1
    outer loop
      vertex 21 0 60
      vertex 20.8044 -9 60
      vertex 20.8044 0 60
    endloop
  endfacet
  facet normal -0 0 -1
    outer loop
      vertex 17.5956 0 60
      vertex -17.5956 -9 60
      vertex -17.5956 0 60
    endloop
  endfacet
  facet normal -0.0652929 0.997866 0
    outer loop
      vertex 18.9133 -20.9795 2
      vertex 18.6 -21 60
      vertex 18.9133 -20.9795 60
    endloop
  endfacet
  facet normal -0.0652929 0.997866 0
    outer loop
      vertex 18.6 -21 60
      vertex 18.9133 -20.9795 2
      vertex 18.6 -21 2
    endloop
  endfacet
  facet normal 0.831315 0.555802 0
    outer loop
      vertex -20.504 -20.061 60
      vertex -20.6785 -19.8 2
      vertex -20.6785 -19.8 60
    endloop
  endfacet
  facet normal 0.831315 0.555802 0
    outer loop
      vertex -20.6785 -19.8 2
      vertex -20.504 -20.061 60
      vertex -20.504 -20.061 2
    endloop
  endfacet
  facet normal 0.946916 0.32148 0
    outer loop
      vertex -20.8173 -19.5184 60
      vertex -20.9182 -19.2212 2
      vertex -20.9182 -19.2212 60
    endloop
  endfacet
  facet normal 0.946916 0.32148 0
    outer loop
      vertex -20.9182 -19.2212 2
      vertex -20.8173 -19.5184 60
      vertex -20.8173 -19.5184 2
    endloop
  endfacet
  facet normal -0.32148 0.946916 0
    outer loop
      vertex 19.5184 -20.8173 2
      vertex 19.2212 -20.9182 60
      vertex 19.5184 -20.8173 60
    endloop
  endfacet
  facet normal -0.32148 0.946916 0
    outer loop
      vertex 19.2212 -20.9182 60
      vertex 19.5184 -20.8173 2
      vertex 19.2212 -20.9182 2
    endloop
  endfacet
  facet normal -0.831315 0.555802 0
    outer loop
      vertex 20.504 -20.061 2
      vertex 20.6785 -19.8 60
      vertex 20.6785 -19.8 2
    endloop
  endfacet
  facet normal -0.831315 0.555802 0
    outer loop
      vertex 20.6785 -19.8 60
      vertex 20.504 -20.061 2
      vertex 20.504 -20.061 60
    endloop
  endfacet
  facet normal -0.659068 0.752083 0
    outer loop
      vertex 20.2971 -20.2971 2
      vertex 20.061 -20.504 60
      vertex 20.2971 -20.2971 60
    endloop
  endfacet
  facet normal -0.659068 0.752083 0
    outer loop
      vertex 20.061 -20.504 60
      vertex 20.2971 -20.2971 2
      vertex 20.061 -20.504 2
    endloop
  endfacet
  facet normal -0.555802 0.831315 0
    outer loop
      vertex 20.061 -20.504 2
      vertex 19.8 -20.6785 60
      vertex 20.061 -20.504 60
    endloop
  endfacet
  facet normal -0.555802 0.831315 0
    outer loop
      vertex 19.8 -20.6785 60
      vertex 20.061 -20.504 2
      vertex 19.8 -20.6785 2
    endloop
  endfacet
  facet normal -0.44211 0.896961 0
    outer loop
      vertex 19.8 -20.6785 2
      vertex 19.5184 -20.8173 60
      vertex 19.8 -20.6785 60
    endloop
  endfacet
  facet normal -0.44211 0.896961 0
    outer loop
      vertex 19.5184 -20.8173 60
      vertex 19.8 -20.6785 2
      vertex 19.5184 -20.8173 2
    endloop
  endfacet
  facet normal 0.752083 0.659068 0
    outer loop
      vertex -20.2971 -20.2971 60
      vertex -20.504 -20.061 2
      vertex -20.504 -20.061 60
    endloop
  endfacet
  facet normal 0.752083 0.659068 0
    outer loop
      vertex -20.504 -20.061 2
      vertex -20.2971 -20.2971 60
      vertex -20.2971 -20.2971 2
    endloop
  endfacet
  facet normal 0.659068 0.752083 -0
    outer loop
      vertex -20.061 -20.504 2
      vertex -20.2971 -20.2971 60
      vertex -20.061 -20.504 60
    endloop
  endfacet
  facet normal 0.659068 0.752083 0
    outer loop
      vertex -20.2971 -20.2971 60
      vertex -20.061 -20.504 2
      vertex -20.2971 -20.2971 2
    endloop
  endfacet
  facet normal 0.195258 0.980752 -0
    outer loop
      vertex -18.9133 -20.9795 2
      vertex -19.2212 -20.9182 60
      vertex -18.9133 -20.9795 60
    endloop
  endfacet
  facet normal 0.195258 0.980752 0
    outer loop
      vertex -19.2212 -20.9182 60
      vertex -18.9133 -20.9795 2
      vertex -19.2212 -20.9182 2
    endloop
  endfacet
  facet normal 0.32148 0.946916 -0
    outer loop
      vertex -19.2212 -20.9182 2
      vertex -19.5184 -20.8173 60
      vertex -19.2212 -20.9182 60
    endloop
  endfacet
  facet normal 0.32148 0.946916 0
    outer loop
      vertex -19.5184 -20.8173 60
      vertex -19.2212 -20.9182 2
      vertex -19.5184 -20.8173 2
    endloop
  endfacet
  facet normal 0.0652929 0.997866 -0
    outer loop
      vertex -18.6 -21 2
      vertex -18.9133 -20.9795 60
      vertex -18.6 -21 60
    endloop
  endfacet
  facet normal 0.0652929 0.997866 0
    outer loop
      vertex -18.9133 -20.9795 60
      vertex -18.6 -21 2
      vertex -18.9133 -20.9795 2
    endloop
  endfacet
  facet normal -0 0 1
    outer loop
      vertex -21 0 2
      vertex -20.8044 -9 2
      vertex -20.8044 0 2
    endloop
  endfacet
  facet normal 0 0 1
    outer loop
      vertex -20.8044 -9 2
      vertex -21 -18.6 2
      vertex -20.8173 -19.5184 2
    endloop
  endfacet
  facet normal 0 0 1
    outer loop
      vertex -20.8173 -19.5184 2
      vertex -21 -18.6 2
      vertex -20.9182 -19.2212 2
    endloop
  endfacet
  facet normal 0 0 1
    outer loop
      vertex -20.8044 -9 2
      vertex -21 0 2
      vertex -21 -18.6 2
    endloop
  endfacet
  facet normal 0 0 1
    outer loop
      vertex -20.9182 -19.2212 2
      vertex -21 -18.6 2
      vertex -20.9795 -18.9133 2
    endloop
  endfacet
  facet normal 0 0 1
    outer loop
      vertex 12.8188 -15.2872 2
      vertex 3.96578 -15.9779 2
      vertex 4 -16.5 2
    endloop
  endfacet
  facet normal 0 0 1
    outer loop
      vertex 9.5 -11 2
      vertex 3.8637 -15.4647 2
      vertex 3.96578 -15.9779 2
    endloop
  endfacet
  facet normal 0 0 1
    outer loop
      vertex 9.5 -11 2
      vertex 3.69552 -14.9693 2
      vertex 3.8637 -15.4647 2
    endloop
  endfacet
  facet normal 0 0 1
    outer loop
      vertex 9.5 -11 2
      vertex 3.4641 -14.5 2
      vertex 3.69552 -14.9693 2
    endloop
  endfacet
  facet normal 0 0 1
    outer loop
      vertex 9.5 -11 2
      vertex 3.17341 -14.065 2
      vertex 3.4641 -14.5 2
    endloop
  endfacet
  facet normal 0 0 1
    outer loop
      vertex 9.5 -11 2
      vertex 2.82843 -13.6716 2
      vertex 3.17341 -14.065 2
    endloop
  endfacet
  facet normal 0 0 1
    outer loop
      vertex 9.5 -11 2
      vertex 2.43505 -13.3266 2
      vertex 2.82843 -13.6716 2
    endloop
  endfacet
  facet normal 0 0 1
    outer loop
      vertex 9.5 -11 2
      vertex 2 -13.0359 2
      vertex 2.43505 -13.3266 2
    endloop
  endfacet
  facet normal 0 0 1
    outer loop
      vertex 9.5 -11 2
      vertex 1.53073 -12.8045 2
      vertex 2 -13.0359 2
    endloop
  endfacet
  facet normal 0 0 1
    outer loop
      vertex 9.5 -11 2
      vertex 1.03528 -12.6363 2
      vertex 1.53073 -12.8045 2
    endloop
  endfacet
  facet normal 0 0 1
    outer loop
      vertex 9.5 -11 2
      vertex 0.522104 -12.5342 2
      vertex 1.03528 -12.6363 2
    endloop
  endfacet
  facet normal 0 0 1
    outer loop
      vertex 9.5 -11 2
      vertex 0 -12.5 2
      vertex 0.522104 -12.5342 2
    endloop
  endfacet
  facet normal -0 0 1
    outer loop
      vertex -9.5 -11 2
      vertex 0 -12.5 2
      vertex 9.5 -11 2
    endloop
  endfacet
  facet normal -0 0 1
    outer loop
      vertex -12.8 -15 2
      vertex -3.96578 -15.9779 2
      vertex -9.5 -11 2
    endloop
  endfacet
  facet normal 0 0 1
    outer loop
      vertex -3.8637 -15.4647 2
      vertex -9.5 -11 2
      vertex -3.96578 -15.9779 2
    endloop
  endfacet
  facet normal 0 0 1
    outer loop
      vertex -3.69552 -14.9693 2
      vertex -9.5 -11 2
      vertex -3.8637 -15.4647 2
    endloop
  endfacet
  facet normal 0 0 1
    outer loop
      vertex -3.4641 -14.5 2
      vertex -9.5 -11 2
      vertex -3.69552 -14.9693 2
    endloop
  endfacet
  facet normal 0 0 1
    outer loop
      vertex -3.17341 -14.065 2
      vertex -9.5 -11 2
      vertex -3.4641 -14.5 2
    endloop
  endfacet
  facet normal 0 0 1
    outer loop
      vertex -2.82843 -13.6716 2
      vertex -9.5 -11 2
      vertex -3.17341 -14.065 2
    endloop
  endfacet
  facet normal 0 0 1
    outer loop
      vertex -2.43505 -13.3266 2
      vertex -9.5 -11 2
      vertex -2.82843 -13.6716 2
    endloop
  endfacet
  facet normal 0 0 1
    outer loop
      vertex -2 -13.0359 2
      vertex -9.5 -11 2
      vertex -2.43505 -13.3266 2
    endloop
  endfacet
  facet normal 0 0 1
    outer loop
      vertex -1.53073 -12.8045 2
      vertex -9.5 -11 2
      vertex -2 -13.0359 2
    endloop
  endfacet
  facet normal 0 0 1
    outer loop
      vertex -1.03528 -12.6363 2
      vertex -9.5 -11 2
      vertex -1.53073 -12.8045 2
    endloop
  endfacet
  facet normal 0 0 1
    outer loop
      vertex -0.522104 -12.5342 2
      vertex -9.5 -11 2
      vertex -1.03528 -12.6363 2
    endloop
  endfacet
  facet normal 0 0 1
    outer loop
      vertex 0 -12.5 2
      vertex -9.5 -11 2
      vertex -0.522104 -12.5342 2
    endloop
  endfacet
  facet normal -0 0 1
    outer loop
      vertex 9.5 -3 2
      vertex 17.5956 -9 2
      vertex 17.5956 0 2
    endloop
  endfacet
  facet normal 0 0 1
    outer loop
      vertex 17.5956 -9 2
      vertex 17.1812 -14.7128 2
      vertex 17.2 -15 2
    endloop
  endfacet
  facet normal 0 0 1
    outer loop
      vertex 17.5956 -9 2
      vertex 17.125 -14.4306 2
      vertex 17.1812 -14.7128 2
    endloop
  endfacet
  facet normal 0 0 1
    outer loop
      vertex 17.5956 -9 2
      vertex 17.0325 -14.1581 2
      vertex 17.125 -14.4306 2
    endloop
  endfacet
  facet normal 0 0 1
    outer loop
      vertex 17.5956 -9 2
      vertex 16.9053 -13.9 2
      vertex 17.0325 -14.1581 2
    endloop
  endfacet
  facet normal 0 0 1
    outer loop
      vertex 17.5956 -9 2
      vertex 16.7454 -13.6607 2
      vertex 16.9053 -13.9 2
    endloop
  endfacet
  facet normal 0 0 1
    outer loop
      vertex 17.5956 -9 2
      vertex 16.5556 -13.4444 2
      vertex 16.7454 -13.6607 2
    endloop
  endfacet
  facet normal 0 0 1
    outer loop
      vertex 17.5956 -9 2
      vertex 16.3393 -13.2546 2
      vertex 16.5556 -13.4444 2
    endloop
  endfacet
  facet normal 0 0 1
    outer loop
      vertex 17.5956 -9 2
      vertex 16.1 -13.0947 2
      vertex 16.3393 -13.2546 2
    endloop
  endfacet
  facet normal 0 0 1
    outer loop
      vertex 17.5956 -9 2
      vertex 15.8419 -12.9675 2
      vertex 16.1 -13.0947 2
    endloop
  endfacet
  facet normal 0 0 1
    outer loop
      vertex 17.5956 -9 2
      vertex 15.5694 -12.875 2
      vertex 15.8419 -12.9675 2
    endloop
  endfacet
  facet normal 0 0 1
    outer loop
      vertex 17.5956 -9 2
      vertex 15.2872 -12.8188 2
      vertex 15.5694 -12.875 2
    endloop
  endfacet
  facet normal 0 0 1
    outer loop
      vertex 17.5956 -9 2
      vertex 15 -12.8 2
      vertex 15.2872 -12.8188 2
    endloop
  endfacet
  facet normal 0 0 1
    outer loop
      vertex 9.5 -11 2
      vertex 17.5956 -9 2
      vertex 9.5 -3 2
    endloop
  endfacet
  facet normal 0 0 1
    outer loop
      vertex 17.5956 -9 2
      vertex 14.7128 -12.8188 2
      vertex 15 -12.8 2
    endloop
  endfacet
  facet normal 0 -0 1
    outer loop
      vertex 14.4306 -12.875 2
      vertex 17.5956 -9 2
      vertex 9.5 -11 2
    endloop
  endfacet
  facet normal 0 0 1
    outer loop
      vertex 17.5956 -9 2
      vertex 14.4306 -12.875 2
      vertex 14.7128 -12.8188 2
    endloop
  endfacet
  facet normal 0 0 1
    outer loop
      vertex 14.4306 -12.875 2
      vertex 9.5 -11 2
      vertex 14.1581 -12.9675 2
    endloop
  endfacet
  facet normal 0 0 1
    outer loop
      vertex 14.1581 -12.9675 2
      vertex 9.5 -11 2
      vertex 13.9 -13.0947 2
    endloop
  endfacet
  facet normal 0 0 1
    outer loop
      vertex 13.9 -13.0947 2
      vertex 9.5 -11 2
      vertex 13.6607 -13.2546 2
    endloop
  endfacet
  facet normal 0 0 1
    outer loop
      vertex 13.6607 -13.2546 2
      vertex 9.5 -11 2
      vertex 13.4444 -13.4444 2
    endloop
  endfacet
  facet normal 0 0 1
    outer loop
      vertex 13.2546 -13.6607 2
      vertex 9.5 -11 2
      vertex 13.0947 -13.9 2
    endloop
  endfacet
  facet normal 0 0 1
    outer loop
      vertex 13.0947 -13.9 2
      vertex 9.5 -11 2
      vertex 12.9675 -14.1581 2
    endloop
  endfacet
  facet normal 0 0 1
    outer loop
      vertex 12.875 -14.4306 2
      vertex 9.5 -11 2
      vertex 12.8188 -14.7128 2
    endloop
  endfacet
  facet normal 0 0 1
    outer loop
      vertex 12.9675 -14.1581 2
      vertex 9.5 -11 2
      vertex 12.875 -14.4306 2
    endloop
  endfacet
  facet normal 0 0 1
    outer loop
      vertex 13.4444 -13.4444 2
      vertex 9.5 -11 2
      vertex 13.2546 -13.6607 2
    endloop
  endfacet
  facet normal 0 0 1
    outer loop
      vertex 17.5956 0 2
      vertex -9.5 -3 2
      vertex 9.5 -3 2
    endloop
  endfacet
  facet normal -0 0 1
    outer loop
      vertex -17.5956 -9 2
      vertex -9.5 -11 2
      vertex -9.5 -3 2
    endloop
  endfacet
  facet normal 0 0 1
    outer loop
      vertex -9.5 -11 2
      vertex -12.8188 -14.7128 2
      vertex -12.8 -15 2
    endloop
  endfacet
  facet normal 0 0 1
    outer loop
      vertex -9.5 -11 2
      vertex -12.875 -14.4306 2
      vertex -12.8188 -14.7128 2
    endloop
  endfacet
  facet normal 0 0 1
    outer loop
      vertex -9.5 -11 2
      vertex -12.9675 -14.1581 2
      vertex -12.875 -14.4306 2
    endloop
  endfacet
  facet normal 0 0 1
    outer loop
      vertex -9.5 -11 2
      vertex -13.0947 -13.9 2
      vertex -12.9675 -14.1581 2
    endloop
  endfacet
  facet normal 0 0 1
    outer loop
      vertex -9.5 -11 2
      vertex -13.2546 -13.6607 2
      vertex -13.0947 -13.9 2
    endloop
  endfacet
  facet normal 0 0 1
    outer loop
      vertex -9.5 -11 2
      vertex -13.4444 -13.4444 2
      vertex -13.2546 -13.6607 2
    endloop
  endfacet
  facet normal 0 0 1
    outer loop
      vertex -9.5 -11 2
      vertex -13.6607 -13.2546 2
      vertex -13.4444 -13.4444 2
    endloop
  endfacet
  facet normal 0 0 1
    outer loop
      vertex -9.5 -11 2
      vertex -13.9 -13.0947 2
      vertex -13.6607 -13.2546 2
    endloop
  endfacet
  facet normal 0 0 1
    outer loop
      vertex -9.5 -11 2
      vertex -14.1581 -12.9675 2
      vertex -13.9 -13.0947 2
    endloop
  endfacet
  facet normal 0 -0 1
    outer loop
      vertex -14.4306 -12.875 2
      vertex -9.5 -11 2
      vertex -17.5956 -9 2
    endloop
  endfacet
  facet normal 0 0 1
    outer loop
      vertex -9.5 -11 2
      vertex -14.4306 -12.875 2
      vertex -14.1581 -12.9675 2
    endloop
  endfacet
  facet normal 0 0 1
    outer loop
      vertex -14.4306 -12.875 2
      vertex -17.5956 -9 2
      vertex -14.7128 -12.8188 2
    endloop
  endfacet
  facet normal 0 0 1
    outer loop
      vertex -14.7128 -12.8188 2
      vertex -17.5956 -9 2
      vertex -15 -12.8 2
    endloop
  endfacet
  facet normal 0 0 1
    outer loop
      vertex -15 -12.8 2
      vertex -17.5956 -9 2
      vertex -15.2872 -12.8188 2
    endloop
  endfacet
  facet normal 0 0 1
    outer loop
      vertex -15.2872 -12.8188 2
      vertex -17.5956 -9 2
      vertex -15.5694 -12.875 2
    endloop
  endfacet
  facet normal 0 0 1
    outer loop
      vertex -15.5694 -12.875 2
      vertex -17.5956 -9 2
      vertex -15.8419 -12.9675 2
    endloop
  endfacet
  facet normal 0 0 1
    outer loop
      vertex -15.8419 -12.9675 2
      vertex -17.5956 -9 2
      vertex -16.1 -13.0947 2
    endloop
  endfacet
  facet normal 0 0 1
    outer loop
      vertex -16.1 -13.0947 2
      vertex -17.5956 -9 2
      vertex -16.3393 -13.2546 2
    endloop
  endfacet
  facet normal 0 0 1
    outer loop
      vertex -16.3393 -13.2546 2
      vertex -17.5956 -9 2
      vertex -16.5556 -13.4444 2
    endloop
  endfacet
  facet normal 0 0 1
    outer loop
      vertex -17.0325 -14.1581 2
      vertex -20.8044 -9 2
      vertex -17.125 -14.4306 2
    endloop
  endfacet
  facet normal 0 0 1
    outer loop
      vertex -16.9053 -13.9 2
      vertex -20.8044 -9 2
      vertex -17.0325 -14.1581 2
    endloop
  endfacet
  facet normal 0 0 1
    outer loop
      vertex -16.7454 -13.6607 2
      vertex -20.8044 -9 2
      vertex -16.9053 -13.9 2
    endloop
  endfacet
  facet normal -0 0 1
    outer loop
      vertex -20.8044 -9 2
      vertex -16.7454 -13.6607 2
      vertex -17.5956 -9 2
    endloop
  endfacet
  facet normal 0 0 1
    outer loop
      vertex -16.5556 -13.4444 2
      vertex -17.5956 -9 2
      vertex -16.7454 -13.6607 2
    endloop
  endfacet
  facet normal 0 0 1
    outer loop
      vertex -17.5956 -9 2
      vertex -9.5 -3 2
      vertex -17.5956 0 2
    endloop
  endfacet
  facet normal -0 0 1
    outer loop
      vertex -17.5956 0 2
      vertex -9.5 -3 2
      vertex 17.5956 0 2
    endloop
  endfacet
  facet normal -0 0 1
    outer loop
      vertex 20.8044 -9 2
      vertex 21 -18.6 2
      vertex 21 0 2
    endloop
  endfacet
  facet normal -0 0 1
    outer loop
      vertex 17.2 -15 2
      vertex 21 -18.6 2
      vertex 20.8044 -9 2
    endloop
  endfacet
  facet normal -0 0 1
    outer loop
      vertex 17.1812 -15.2872 2
      vertex 21 -18.6 2
      vertex 17.2 -15 2
    endloop
  endfacet
  facet normal 0 0 1
    outer loop
      vertex 20.8044 -9 2
      vertex 21 0 2
      vertex 20.8044 0 2
    endloop
  endfacet
  facet normal -0 0 1
    outer loop
      vertex 17.125 -15.5694 2
      vertex 21 -18.6 2
      vertex 17.1812 -15.2872 2
    endloop
  endfacet
  facet normal -0 0 1
    outer loop
      vertex 17.0325 -15.8419 2
      vertex 21 -18.6 2
      vertex 17.125 -15.5694 2
    endloop
  endfacet
  facet normal -0 0 1
    outer loop
      vertex 16.9053 -16.1 2
      vertex 21 -18.6 2
      vertex 17.0325 -15.8419 2
    endloop
  endfacet
  facet normal -0 0 1
    outer loop
      vertex 16.7454 -16.3393 2
      vertex 21 -18.6 2
      vertex 16.9053 -16.1 2
    endloop
  endfacet
  facet normal -0 0 1
    outer loop
      vertex 16.5556 -16.5556 2
      vertex 21 -18.6 2
      vertex 16.7454 -16.3393 2
    endloop
  endfacet
  facet normal 0 -0 1
    outer loop
      vertex 18.6 -21 2
      vertex 21 -18.6 2
      vertex 16.5556 -16.5556 2
    endloop
  endfacet
  facet normal 0 0 1
    outer loop
      vertex 21 -18.6 2
      vertex 18.6 -21 2
      vertex 20.9795 -18.9133 2
    endloop
  endfacet
  facet normal 0 0 1
    outer loop
      vertex 20.9795 -18.9133 2
      vertex 18.6 -21 2
      vertex 20.9182 -19.2212 2
    endloop
  endfacet
  facet normal 0 0 1
    outer loop
      vertex 20.8173 -19.5184 2
      vertex 18.6 -21 2
      vertex 20.6785 -19.8 2
    endloop
  endfacet
  facet normal 0 0 1
    outer loop
      vertex 20.6785 -19.8 2
      vertex 18.6 -21 2
      vertex 20.504 -20.061 2
    endloop
  endfacet
  facet normal 0 0 1
    outer loop
      vertex 17.2 -15 2
      vertex 20.8044 -9 2
      vertex 17.5956 -9 2
    endloop
  endfacet
  facet normal 0 0 1
    outer loop
      vertex 20.9182 -19.2212 2
      vertex 18.6 -21 2
      vertex 20.8173 -19.5184 2
    endloop
  endfacet
  facet normal 0 0 1
    outer loop
      vertex 20.504 -20.061 2
      vertex 18.6 -21 2
      vertex 20.2971 -20.2971 2
    endloop
  endfacet
  facet normal 0 0 1
    outer loop
      vertex 20.2971 -20.2971 2
      vertex 18.6 -21 2
      vertex 20.061 -20.504 2
    endloop
  endfacet
  facet normal 0 0 1
    outer loop
      vertex 20.061 -20.504 2
      vertex 18.6 -21 2
      vertex 19.8 -20.6785 2
    endloop
  endfacet
  facet normal 0 0 1
    outer loop
      vertex 19.8 -20.6785 2
      vertex 18.6 -21 2
      vertex 19.5184 -20.8173 2
    endloop
  endfacet
  facet normal 0 0 1
    outer loop
      vertex 19.5184 -20.8173 2
      vertex 18.6 -21 2
      vertex 19.2212 -20.9182 2
    endloop
  endfacet
  facet normal 0 0 1
    outer loop
      vertex 19.2212 -20.9182 2
      vertex 18.6 -21 2
      vertex 18.9133 -20.9795 2
    endloop
  endfacet
  facet normal -0 0 1
    outer loop
      vertex 16.3393 -16.7454 2
      vertex 18.6 -21 2
      vertex 16.5556 -16.5556 2
    endloop
  endfacet
  facet normal -0 0 1
    outer loop
      vertex 16.1 -16.9053 2
      vertex 18.6 -21 2
      vertex 16.3393 -16.7454 2
    endloop
  endfacet
  facet normal -0 0 1
    outer loop
      vertex 15.8419 -17.0325 2
      vertex 18.6 -21 2
      vertex 16.1 -16.9053 2
    endloop
  endfacet
  facet normal -0 0 1
    outer loop
      vertex 15.5694 -17.125 2
      vertex 18.6 -21 2
      vertex 15.8419 -17.0325 2
    endloop
  endfacet
  facet normal -0 0 1
    outer loop
      vertex 15.2872 -17.1812 2
      vertex 18.6 -21 2
      vertex 15.5694 -17.125 2
    endloop
  endfacet
  facet normal -0 0 1
    outer loop
      vertex 15 -17.2 2
      vertex 18.6 -21 2
      vertex 15.2872 -17.1812 2
    endloop
  endfacet
  facet normal 0 0 1
    outer loop
      vertex 14.7128 -17.1812 2
      vertex 18.6 -21 2
      vertex 15 -17.2 2
    endloop
  endfacet
  facet normal 0 0 1
    outer loop
      vertex 14.4306 -17.125 2
      vertex 18.6 -21 2
      vertex 14.7128 -17.1812 2
    endloop
  endfacet
  facet normal 0 0 1
    outer loop
      vertex 14.1581 -17.0325 2
      vertex 18.6 -21 2
      vertex 14.4306 -17.125 2
    endloop
  endfacet
  facet normal 0 0 1
    outer loop
      vertex 2.82843 -19.3284 2
      vertex 14.1581 -17.0325 2
      vertex 13.9 -16.9053 2
    endloop
  endfacet
  facet normal 0 0 1
    outer loop
      vertex 3.17341 -18.935 2
      vertex 13.9 -16.9053 2
      vertex 13.6607 -16.7454 2
    endloop
  endfacet
  facet normal 0 0 1
    outer loop
      vertex 12.8188 -14.7128 2
      vertex 9.5 -11 2
      vertex 12.8 -15 2
    endloop
  endfacet
  facet normal 0 0 1
    outer loop
      vertex 3.96578 -15.9779 2
      vertex 12.8 -15 2
      vertex 9.5 -11 2
    endloop
  endfacet
  facet normal 0 0 1
    outer loop
      vertex 3.96578 -15.9779 2
      vertex 12.8188 -15.2872 2
      vertex 12.8 -15 2
    endloop
  endfacet
  facet normal 0 0 1
    outer loop
      vertex 12.8188 -15.2872 2
      vertex 4 -16.5 2
      vertex 12.875 -15.5694 2
    endloop
  endfacet
  facet normal 0 0 1
    outer loop
      vertex 3.96578 -17.0221 2
      vertex 12.875 -15.5694 2
      vertex 4 -16.5 2
    endloop
  endfacet
  facet normal 0 0 1
    outer loop
      vertex 12.875 -15.5694 2
      vertex 3.96578 -17.0221 2
      vertex 12.9675 -15.8419 2
    endloop
  endfacet
  facet normal 0 0 1
    outer loop
      vertex 12.9675 -15.8419 2
      vertex 3.96578 -17.0221 2
      vertex 13.0947 -16.1 2
    endloop
  endfacet
  facet normal 0 0 1
    outer loop
      vertex 3.8637 -17.5353 2
      vertex 13.0947 -16.1 2
      vertex 3.96578 -17.0221 2
    endloop
  endfacet
  facet normal 0 0 1
    outer loop
      vertex 13.0947 -16.1 2
      vertex 3.8637 -17.5353 2
      vertex 13.2546 -16.3393 2
    endloop
  endfacet
  facet normal 0 0 1
    outer loop
      vertex 3.69552 -18.0307 2
      vertex 13.2546 -16.3393 2
      vertex 3.8637 -17.5353 2
    endloop
  endfacet
  facet normal 0 0 1
    outer loop
      vertex 13.2546 -16.3393 2
      vertex 3.69552 -18.0307 2
      vertex 13.4444 -16.5556 2
    endloop
  endfacet
  facet normal 0 0 1
    outer loop
      vertex 3.4641 -18.5 2
      vertex 13.4444 -16.5556 2
      vertex 3.69552 -18.0307 2
    endloop
  endfacet
  facet normal 0 0 1
    outer loop
      vertex 13.4444 -16.5556 2
      vertex 3.4641 -18.5 2
      vertex 13.6607 -16.7454 2
    endloop
  endfacet
  facet normal 0 0 1
    outer loop
      vertex 3.17341 -18.935 2
      vertex 13.6607 -16.7454 2
      vertex 3.4641 -18.5 2
    endloop
  endfacet
  facet normal 0 0 1
    outer loop
      vertex 13.9 -16.9053 2
      vertex 3.17341 -18.935 2
      vertex 2.82843 -19.3284 2
    endloop
  endfacet
  facet normal 0 0 1
    outer loop
      vertex 14.1581 -17.0325 2
      vertex 2.82843 -19.3284 2
      vertex 18.6 -21 2
    endloop
  endfacet
  facet normal -0 0 1
    outer loop
      vertex 2.43505 -19.6734 2
      vertex 18.6 -21 2
      vertex 2.82843 -19.3284 2
    endloop
  endfacet
  facet normal -0 0 1
    outer loop
      vertex 2 -19.9641 2
      vertex 18.6 -21 2
      vertex 2.43505 -19.6734 2
    endloop
  endfacet
  facet normal -0 0 1
    outer loop
      vertex 1.53073 -20.1955 2
      vertex 18.6 -21 2
      vertex 2 -19.9641 2
    endloop
  endfacet
  facet normal -0 0 1
    outer loop
      vertex 1.03528 -20.3637 2
      vertex 18.6 -21 2
      vertex 1.53073 -20.1955 2
    endloop
  endfacet
  facet normal -0 0 1
    outer loop
      vertex 0.522104 -20.4658 2
      vertex 18.6 -21 2
      vertex 1.03528 -20.3637 2
    endloop
  endfacet
  facet normal -0 0 1
    outer loop
      vertex 0 -20.5 2
      vertex 18.6 -21 2
      vertex 0.522104 -20.4658 2
    endloop
  endfacet
  facet normal -0 0 1
    outer loop
      vertex -12.8188 -15.2872 2
      vertex -3.96578 -15.9779 2
      vertex -12.8 -15 2
    endloop
  endfacet
  facet normal -0 0 1
    outer loop
      vertex -12.875 -15.5694 2
      vertex -4 -16.5 2
      vertex -12.8188 -15.2872 2
    endloop
  endfacet
  facet normal 0 0 1
    outer loop
      vertex -4 -16.5 2
      vertex -12.875 -15.5694 2
      vertex -3.96578 -17.0221 2
    endloop
  endfacet
  facet normal -0 0 1
    outer loop
      vertex -12.9675 -15.8419 2
      vertex -3.96578 -17.0221 2
      vertex -12.875 -15.5694 2
    endloop
  endfacet
  facet normal -0 0 1
    outer loop
      vertex -13.0947 -16.1 2
      vertex -3.96578 -17.0221 2
      vertex -12.9675 -15.8419 2
    endloop
  endfacet
  facet normal 0 0 1
    outer loop
      vertex -3.96578 -15.9779 2
      vertex -12.8188 -15.2872 2
      vertex -4 -16.5 2
    endloop
  endfacet
  facet normal 0 0 1
    outer loop
      vertex -3.96578 -17.0221 2
      vertex -13.0947 -16.1 2
      vertex -3.8637 -17.5353 2
    endloop
  endfacet
  facet normal -0 0 1
    outer loop
      vertex -13.2546 -16.3393 2
      vertex -3.8637 -17.5353 2
      vertex -13.0947 -16.1 2
    endloop
  endfacet
  facet normal 0 0 1
    outer loop
      vertex -3.8637 -17.5353 2
      vertex -13.2546 -16.3393 2
      vertex -3.69552 -18.0307 2
    endloop
  endfacet
  facet normal -0 0 1
    outer loop
      vertex -13.4444 -16.5556 2
      vertex -3.69552 -18.0307 2
      vertex -13.2546 -16.3393 2
    endloop
  endfacet
  facet normal 0 0 1
    outer loop
      vertex -3.69552 -18.0307 2
      vertex -13.4444 -16.5556 2
      vertex -3.4641 -18.5 2
    endloop
  endfacet
  facet normal -0 0 1
    outer loop
      vertex -13.6607 -16.7454 2
      vertex -3.4641 -18.5 2
      vertex -13.4444 -16.5556 2
    endloop
  endfacet
  facet normal 0 0 1
    outer loop
      vertex -3.4641 -18.5 2
      vertex -13.6607 -16.7454 2
      vertex -3.17341 -18.935 2
    endloop
  endfacet
  facet normal -0 0 1
    outer loop
      vertex -13.9 -16.9053 2
      vertex -3.17341 -18.935 2
      vertex -13.6607 -16.7454 2
    endloop
  endfacet
  facet normal 0 0 1
    outer loop
      vertex -3.17341 -18.935 2
      vertex -13.9 -16.9053 2
      vertex -2.82843 -19.3284 2
    endloop
  endfacet
  facet normal -0 0 1
    outer loop
      vertex -14.1581 -17.0325 2
      vertex -2.82843 -19.3284 2
      vertex -13.9 -16.9053 2
    endloop
  endfacet
  facet normal 0 0 1
    outer loop
      vertex -18.6 -21 2
      vertex -2.82843 -19.3284 2
      vertex -14.1581 -17.0325 2
    endloop
  endfacet
  facet normal 0 0 1
    outer loop
      vertex -2.82843 -19.3284 2
      vertex -18.6 -21 2
      vertex -2.43505 -19.6734 2
    endloop
  endfacet
  facet normal 0 0 1
    outer loop
      vertex -2.43505 -19.6734 2
      vertex -18.6 -21 2
      vertex -2 -19.9641 2
    endloop
  endfacet
  facet normal 0 0 1
    outer loop
      vertex -2 -19.9641 2
      vertex -18.6 -21 2
      vertex -1.53073 -20.1955 2
    endloop
  endfacet
  facet normal 0 0 1
    outer loop
      vertex -18.6 -21 2
      vertex -14.1581 -17.0325 2
      vertex -14.4306 -17.125 2
    endloop
  endfacet
  facet normal 0 0 1
    outer loop
      vertex -18.6 -21 2
      vertex -14.4306 -17.125 2
      vertex -14.7128 -17.1812 2
    endloop
  endfacet
  facet normal 0 0 1
    outer loop
      vertex -18.6 -21 2
      vertex -14.7128 -17.1812 2
      vertex -15 -17.2 2
    endloop
  endfacet
  facet normal 0 0 1
    outer loop
      vertex -18.6 -21 2
      vertex -15 -17.2 2
      vertex -15.2872 -17.1812 2
    endloop
  endfacet
  facet normal 0 0 1
    outer loop
      vertex -18.6 -21 2
      vertex -15.2872 -17.1812 2
      vertex -15.5694 -17.125 2
    endloop
  endfacet
  facet normal 0 0 1
    outer loop
      vertex -17.125 -14.4306 2
      vertex -20.8044 -9 2
      vertex -17.1812 -14.7128 2
    endloop
  endfacet
  facet normal 0 0 1
    outer loop
      vertex -20.8173 -19.5184 2
      vertex -17.1812 -14.7128 2
      vertex -20.8044 -9 2
    endloop
  endfacet
  facet normal 0 0 1
    outer loop
      vertex 0 -20.5 2
      vertex -18.6 -21 2
      vertex 18.6 -21 2
    endloop
  endfacet
  facet normal 0 0 1
    outer loop
      vertex -0.522104 -20.4658 2
      vertex -18.6 -21 2
      vertex 0 -20.5 2
    endloop
  endfacet
  facet normal 0 0 1
    outer loop
      vertex -1.03528 -20.3637 2
      vertex -18.6 -21 2
      vertex -0.522104 -20.4658 2
    endloop
  endfacet
  facet normal 0 0 1
    outer loop
      vertex -1.53073 -20.1955 2
      vertex -18.6 -21 2
      vertex -1.03528 -20.3637 2
    endloop
  endfacet
  facet normal 0 0 1
    outer loop
      vertex -15.8419 -17.0325 2
      vertex -18.6 -21 2
      vertex -15.5694 -17.125 2
    endloop
  endfacet
  facet normal 0 0 1
    outer loop
      vertex -16.1 -16.9053 2
      vertex -18.6 -21 2
      vertex -15.8419 -17.0325 2
    endloop
  endfacet
  facet normal 0 0 1
    outer loop
      vertex -16.3393 -16.7454 2
      vertex -18.6 -21 2
      vertex -16.1 -16.9053 2
    endloop
  endfacet
  facet normal 0 0 1
    outer loop
      vertex -16.5556 -16.5556 2
      vertex -18.6 -21 2
      vertex -16.3393 -16.7454 2
    endloop
  endfacet
  facet normal 0 0 1
    outer loop
      vertex -20.8173 -19.5184 2
      vertex -16.5556 -16.5556 2
      vertex -16.7454 -16.3393 2
    endloop
  endfacet
  facet normal 0 0 1
    outer loop
      vertex -20.8173 -19.5184 2
      vertex -16.7454 -16.3393 2
      vertex -16.9053 -16.1 2
    endloop
  endfacet
  facet normal 0 0 1
    outer loop
      vertex -20.8173 -19.5184 2
      vertex -16.9053 -16.1 2
      vertex -17.0325 -15.8419 2
    endloop
  endfacet
  facet normal 0 0 1
    outer loop
      vertex -20.8173 -19.5184 2
      vertex -17.0325 -15.8419 2
      vertex -17.125 -15.5694 2
    endloop
  endfacet
  facet normal 0 0 1
    outer loop
      vertex -20.8173 -19.5184 2
      vertex -17.125 -15.5694 2
      vertex -17.1812 -15.2872 2
    endloop
  endfacet
  facet normal 0 0 1
    outer loop
      vertex -17.1812 -14.7128 2
      vertex -20.8173 -19.5184 2
      vertex -17.2 -15 2
    endloop
  endfacet
  facet normal 0 0 1
    outer loop
      vertex -16.5556 -16.5556 2
      vertex -20.8173 -19.5184 2
      vertex -18.6 -21 2
    endloop
  endfacet
  facet normal 0 0 1
    outer loop
      vertex -18.6 -21 2
      vertex -20.8173 -19.5184 2
      vertex -18.9133 -20.9795 2
    endloop
  endfacet
  facet normal 0 0 1
    outer loop
      vertex -18.9133 -20.9795 2
      vertex -20.8173 -19.5184 2
      vertex -19.2212 -20.9182 2
    endloop
  endfacet
  facet normal 0 0 1
    outer loop
      vertex -19.2212 -20.9182 2
      vertex -20.8173 -19.5184 2
      vertex -19.5184 -20.8173 2
    endloop
  endfacet
  facet normal 0 0 1
    outer loop
      vertex -19.5184 -20.8173 2
      vertex -20.8173 -19.5184 2
      vertex -19.8 -20.6785 2
    endloop
  endfacet
  facet normal 0 0 1
    outer loop
      vertex -19.8 -20.6785 2
      vertex -20.8173 -19.5184 2
      vertex -20.061 -20.504 2
    endloop
  endfacet
  facet normal 0 0 1
    outer loop
      vertex -20.061 -20.504 2
      vertex -20.8173 -19.5184 2
      vertex -20.2971 -20.2971 2
    endloop
  endfacet
  facet normal 0 0 1
    outer loop
      vertex -20.2971 -20.2971 2
      vertex -20.8173 -19.5184 2
      vertex -20.504 -20.061 2
    endloop
  endfacet
  facet normal 0 0 1
    outer loop
      vertex -17.2 -15 2
      vertex -20.8173 -19.5184 2
      vertex -17.1812 -15.2872 2
    endloop
  endfacet
  facet normal 0 0 1
    outer loop
      vertex -20.504 -20.061 2
      vertex -20.8173 -19.5184 2
      vertex -20.6785 -19.8 2
    endloop
  endfacet
  facet normal -0.195258 0.980752 0
    outer loop
      vertex 19.2212 -20.9182 2
      vertex 18.9133 -20.9795 60
      vertex 19.2212 -20.9182 60
    endloop
  endfacet
  facet normal -0.195258 0.980752 0
    outer loop
      vertex 18.9133 -20.9795 60
      vertex 19.2212 -20.9182 2
      vertex 18.9133 -20.9795 2
    endloop
  endfacet
  facet normal -0.896961 0.44211 0
    outer loop
      vertex 20.6785 -19.8 2
      vertex 20.8173 -19.5184 60
      vertex 20.8173 -19.5184 2
    endloop
  endfacet
  facet normal -0.896961 0.44211 0
    outer loop
      vertex 20.8173 -19.5184 60
      vertex 20.6785 -19.8 2
      vertex 20.6785 -19.8 60
    endloop
  endfacet
  facet normal -0.980752 0.195258 0
    outer loop
      vertex 20.9182 -19.2212 2
      vertex 20.9795 -18.9133 60
      vertex 20.9795 -18.9133 2
    endloop
  endfacet
  facet normal -0.980752 0.195258 0
    outer loop
      vertex 20.9795 -18.9133 60
      vertex 20.9182 -19.2212 2
      vertex 20.9182 -19.2212 60
    endloop
  endfacet
  facet normal 0.44211 0.896961 -0
    outer loop
      vertex -19.5184 -20.8173 2
      vertex -19.8 -20.6785 60
      vertex -19.5184 -20.8173 60
    endloop
  endfacet
  facet normal 0.44211 0.896961 0
    outer loop
      vertex -19.8 -20.6785 60
      vertex -19.5184 -20.8173 2
      vertex -19.8 -20.6785 2
    endloop
  endfacet
  facet normal 0.555802 0.831315 -0
    outer loop
      vertex -19.8 -20.6785 2
      vertex -20.061 -20.504 60
      vertex -19.8 -20.6785 60
    endloop
  endfacet
  facet normal 0.555802 0.831315 0
    outer loop
      vertex -20.061 -20.504 60
      vertex -19.8 -20.6785 2
      vertex -20.061 -20.504 2
    endloop
  endfacet
  facet normal 0.980752 0.195258 0
    outer loop
      vertex -20.9182 -19.2212 60
      vertex -20.9795 -18.9133 2
      vertex -20.9795 -18.9133 60
    endloop
  endfacet
  facet normal 0.980752 0.195258 0
    outer loop
      vertex -20.9795 -18.9133 2
      vertex -20.9182 -19.2212 60
      vertex -20.9182 -19.2212 2
    endloop
  endfacet
  facet normal 0.997866 0.0652929 0
    outer loop
      vertex -20.9795 -18.9133 60
      vertex -21 -18.6 2
      vertex -21 -18.6 60
    endloop
  endfacet
  facet normal 0.997866 0.0652929 0
    outer loop
      vertex -21 -18.6 2
      vertex -20.9795 -18.9133 60
      vertex -20.9795 -18.9133 2
    endloop
  endfacet
  facet normal -0.946916 0.32148 0
    outer loop
      vertex 20.8173 -19.5184 2
      vertex 20.9182 -19.2212 60
      vertex 20.9182 -19.2212 2
    endloop
  endfacet
  facet normal -0.946916 0.32148 0
    outer loop
      vertex 20.9182 -19.2212 60
      vertex 20.8173 -19.5184 2
      vertex 20.8173 -19.5184 60
    endloop
  endfacet
  facet normal -0.997866 0.0652929 0
    outer loop
      vertex 20.9795 -18.9133 2
      vertex 21 -18.6 60
      vertex 21 -18.6 2
    endloop
  endfacet
  facet normal -0.997866 0.0652929 0
    outer loop
      vertex 21 -18.6 60
      vertex 20.9795 -18.9133 2
      vertex 20.9795 -18.9133 60
    endloop
  endfacet
  facet normal -0.555582 -0.831462 0
    outer loop
      vertex 2 -13.0359 0
      vertex 2.43505 -13.3266 2
      vertex 2 -13.0359 2
    endloop
  endfacet
  facet normal -0.555582 -0.831462 -0
    outer loop
      vertex 2.43505 -13.3266 2
      vertex 2 -13.0359 0
      vertex 2.43505 -13.3266 0
    endloop
  endfacet
  facet normal 0.980786 -0.195087 0
    outer loop
      vertex -3.96578 -15.9779 2
      vertex -3.8637 -15.4647 0
      vertex -3.8637 -15.4647 2
    endloop
  endfacet
  facet normal 0.980786 -0.195087 0
    outer loop
      vertex -3.8637 -15.4647 0
      vertex -3.96578 -15.9779 2
      vertex -3.96578 -15.9779 0
    endloop
  endfacet
  facet normal 0.44226 -0.896887 0
    outer loop
      vertex -2 -13.0359 0
      vertex -1.53073 -12.8045 2
      vertex -2 -13.0359 2
    endloop
  endfacet
  facet normal 0.44226 -0.896887 0
    outer loop
      vertex -1.53073 -12.8045 2
      vertex -2 -13.0359 0
      vertex -1.53073 -12.8045 0
    endloop
  endfacet
  facet normal 0.946922 -0.321464 0
    outer loop
      vertex -3.8637 -15.4647 2
      vertex -3.69552 -14.9693 0
      vertex -3.69552 -14.9693 2
    endloop
  endfacet
  facet normal 0.946922 -0.321464 0
    outer loop
      vertex -3.69552 -14.9693 0
      vertex -3.8637 -15.4647 2
      vertex -3.8637 -15.4647 0
    endloop
  endfacet
  facet normal 0.44226 0.896887 -0
    outer loop
      vertex -1.53073 -20.1955 0
      vertex -2 -19.9641 2
      vertex -1.53073 -20.1955 2
    endloop
  endfacet
  facet normal 0.44226 0.896887 0
    outer loop
      vertex -2 -19.9641 2
      vertex -1.53073 -20.1955 0
      vertex -2 -19.9641 0
    endloop
  endfacet
  facet normal -0.896883 -0.442268 0
    outer loop
      vertex 3.69552 -14.9693 0
      vertex 3.4641 -14.5 2
      vertex 3.4641 -14.5 0
    endloop
  endfacet
  facet normal -0.896883 -0.442268 0
    outer loop
      vertex 3.4641 -14.5 2
      vertex 3.69552 -14.9693 0
      vertex 3.69552 -14.9693 2
    endloop
  endfacet
  facet normal -0.831441 -0.555613 0
    outer loop
      vertex 3.4641 -14.5 0
      vertex 3.17341 -14.065 2
      vertex 3.17341 -14.065 0
    endloop
  endfacet
  facet normal -0.831441 -0.555613 0
    outer loop
      vertex 3.17341 -14.065 2
      vertex 3.4641 -14.5 0
      vertex 3.4641 -14.5 2
    endloop
  endfacet
  facet normal -0.321469 -0.94692 0
    outer loop
      vertex 1.03528 -12.6363 0
      vertex 1.53073 -12.8045 2
      vertex 1.03528 -12.6363 2
    endloop
  endfacet
  facet normal -0.321469 -0.94692 -0
    outer loop
      vertex 1.53073 -12.8045 2
      vertex 1.03528 -12.6363 0
      vertex 1.53073 -12.8045 0
    endloop
  endfacet
  facet normal -0.0653641 -0.997861 0
    outer loop
      vertex 0 -12.5 0
      vertex 0.522104 -12.5342 2
      vertex 0 -12.5 2
    endloop
  endfacet
  facet normal -0.0653641 -0.997861 -0
    outer loop
      vertex 0.522104 -12.5342 2
      vertex 0 -12.5 0
      vertex 0.522104 -12.5342 0
    endloop
  endfacet
  facet normal 0.997859 -0.0654027 0
    outer loop
      vertex -4 -16.5 2
      vertex -3.96578 -15.9779 0
      vertex -3.96578 -15.9779 2
    endloop
  endfacet
  facet normal 0.997859 -0.0654027 0
    outer loop
      vertex -3.96578 -15.9779 0
      vertex -4 -16.5 2
      vertex -4 -16.5 0
    endloop
  endfacet
  facet normal 0.831441 -0.555613 0
    outer loop
      vertex -3.4641 -14.5 2
      vertex -3.17341 -14.065 0
      vertex -3.17341 -14.065 2
    endloop
  endfacet
  facet normal 0.831441 -0.555613 0
    outer loop
      vertex -3.17341 -14.065 0
      vertex -3.4641 -14.5 2
      vertex -3.4641 -14.5 0
    endloop
  endfacet
  facet normal 0.555582 -0.831462 0
    outer loop
      vertex -2.43505 -13.3266 0
      vertex -2 -13.0359 2
      vertex -2.43505 -13.3266 2
    endloop
  endfacet
  facet normal 0.555582 -0.831462 0
    outer loop
      vertex -2 -13.0359 2
      vertex -2.43505 -13.3266 0
      vertex -2 -13.0359 0
    endloop
  endfacet
  facet normal 0.321469 -0.94692 0
    outer loop
      vertex -1.53073 -12.8045 0
      vertex -1.03528 -12.6363 2
      vertex -1.53073 -12.8045 2
    endloop
  endfacet
  facet normal 0.321469 -0.94692 0
    outer loop
      vertex -1.03528 -12.6363 2
      vertex -1.53073 -12.8045 0
      vertex -1.03528 -12.6363 0
    endloop
  endfacet
  facet normal -0.997859 -0.0654027 0
    outer loop
      vertex 4 -16.5 0
      vertex 3.96578 -15.9779 2
      vertex 3.96578 -15.9779 0
    endloop
  endfacet
  facet normal -0.997859 -0.0654027 0
    outer loop
      vertex 3.96578 -15.9779 2
      vertex 4 -16.5 0
      vertex 4 -16.5 2
    endloop
  endfacet
  facet normal -0.946922 0.321464 0
    outer loop
      vertex 3.69552 -18.0307 0
      vertex 3.8637 -17.5353 2
      vertex 3.8637 -17.5353 0
    endloop
  endfacet
  facet normal -0.946922 0.321464 0
    outer loop
      vertex 3.8637 -17.5353 2
      vertex 3.69552 -18.0307 0
      vertex 3.69552 -18.0307 2
    endloop
  endfacet
  facet normal -0.44226 0.896887 0
    outer loop
      vertex 2 -19.9641 0
      vertex 1.53073 -20.1955 2
      vertex 2 -19.9641 2
    endloop
  endfacet
  facet normal -0.44226 0.896887 0
    outer loop
      vertex 1.53073 -20.1955 2
      vertex 2 -19.9641 0
      vertex 1.53073 -20.1955 0
    endloop
  endfacet
  facet normal -0.555582 0.831462 0
    outer loop
      vertex 2.43505 -19.6734 0
      vertex 2 -19.9641 2
      vertex 2.43505 -19.6734 2
    endloop
  endfacet
  facet normal -0.555582 0.831462 0
    outer loop
      vertex 2 -19.9641 2
      vertex 2.43505 -19.6734 0
      vertex 2 -19.9641 0
    endloop
  endfacet
  facet normal 0.0653641 0.997861 -0
    outer loop
      vertex 0 -20.5 0
      vertex -0.522104 -20.4658 2
      vertex 0 -20.5 2
    endloop
  endfacet
  facet normal 0.0653641 0.997861 0
    outer loop
      vertex -0.522104 -20.4658 2
      vertex 0 -20.5 0
      vertex -0.522104 -20.4658 0
    endloop
  endfacet
  facet normal 0.659362 0.751826 -0
    outer loop
      vertex -2.43505 -19.6734 0
      vertex -2.82843 -19.3284 2
      vertex -2.43505 -19.6734 2
    endloop
  endfacet
  facet normal 0.659362 0.751826 0
    outer loop
      vertex -2.82843 -19.3284 2
      vertex -2.43505 -19.6734 0
      vertex -2.82843 -19.3284 0
    endloop
  endfacet
  facet normal 0.997859 0.0654027 0
    outer loop
      vertex -3.96578 -17.0221 2
      vertex -4 -16.5 0
      vertex -4 -16.5 2
    endloop
  endfacet
  facet normal 0.997859 0.0654027 0
    outer loop
      vertex -4 -16.5 0
      vertex -3.96578 -17.0221 2
      vertex -3.96578 -17.0221 0
    endloop
  endfacet
  facet normal -0.980786 -0.195087 0
    outer loop
      vertex 3.96578 -15.9779 0
      vertex 3.8637 -15.4647 2
      vertex 3.8637 -15.4647 0
    endloop
  endfacet
  facet normal -0.980786 -0.195087 0
    outer loop
      vertex 3.8637 -15.4647 2
      vertex 3.96578 -15.9779 0
      vertex 3.96578 -15.9779 2
    endloop
  endfacet
  facet normal -0.946922 -0.321464 0
    outer loop
      vertex 3.8637 -15.4647 0
      vertex 3.69552 -14.9693 2
      vertex 3.69552 -14.9693 0
    endloop
  endfacet
  facet normal -0.946922 -0.321464 0
    outer loop
      vertex 3.69552 -14.9693 2
      vertex 3.8637 -15.4647 0
      vertex 3.8637 -15.4647 2
    endloop
  endfacet
  facet normal -0.751861 -0.659321 0
    outer loop
      vertex 3.17341 -14.065 0
      vertex 2.82843 -13.6716 2
      vertex 2.82843 -13.6716 0
    endloop
  endfacet
  facet normal -0.751861 -0.659321 0
    outer loop
      vertex 2.82843 -13.6716 2
      vertex 3.17341 -14.065 0
      vertex 3.17341 -14.065 2
    endloop
  endfacet
  facet normal -0.659362 -0.751826 0
    outer loop
      vertex 2.43505 -13.3266 0
      vertex 2.82843 -13.6716 2
      vertex 2.43505 -13.3266 2
    endloop
  endfacet
  facet normal -0.659362 -0.751826 -0
    outer loop
      vertex 2.82843 -13.6716 2
      vertex 2.43505 -13.3266 0
      vertex 2.82843 -13.6716 0
    endloop
  endfacet
  facet normal -0.44226 -0.896887 0
    outer loop
      vertex 1.53073 -12.8045 0
      vertex 2 -13.0359 2
      vertex 1.53073 -12.8045 2
    endloop
  endfacet
  facet normal -0.44226 -0.896887 -0
    outer loop
      vertex 2 -13.0359 2
      vertex 1.53073 -12.8045 0
      vertex 2 -13.0359 0
    endloop
  endfacet
  facet normal 0.0653641 -0.997861 0
    outer loop
      vertex -0.522104 -12.5342 0
      vertex 0 -12.5 2
      vertex -0.522104 -12.5342 2
    endloop
  endfacet
  facet normal 0.0653641 -0.997861 0
    outer loop
      vertex 0 -12.5 2
      vertex -0.522104 -12.5342 0
      vertex 0 -12.5 0
    endloop
  endfacet
  facet normal -0.195133 -0.980777 0
    outer loop
      vertex 0.522104 -12.5342 0
      vertex 1.03528 -12.6363 2
      vertex 0.522104 -12.5342 2
    endloop
  endfacet
  facet normal -0.195133 -0.980777 -0
    outer loop
      vertex 1.03528 -12.6363 2
      vertex 0.522104 -12.5342 0
      vertex 1.03528 -12.6363 0
    endloop
  endfacet
  facet normal 0.896883 -0.442268 0
    outer loop
      vertex -3.69552 -14.9693 2
      vertex -3.4641 -14.5 0
      vertex -3.4641 -14.5 2
    endloop
  endfacet
  facet normal 0.896883 -0.442268 0
    outer loop
      vertex -3.4641 -14.5 0
      vertex -3.69552 -14.9693 2
      vertex -3.69552 -14.9693 0
    endloop
  endfacet
  facet normal 0.195133 -0.980777 0
    outer loop
      vertex -1.03528 -12.6363 0
      vertex -0.522104 -12.5342 2
      vertex -1.03528 -12.6363 2
    endloop
  endfacet
  facet normal 0.195133 -0.980777 0
    outer loop
      vertex -0.522104 -12.5342 2
      vertex -1.03528 -12.6363 0
      vertex -0.522104 -12.5342 0
    endloop
  endfacet
  facet normal 0.659362 -0.751826 0
    outer loop
      vertex -2.82843 -13.6716 0
      vertex -2.43505 -13.3266 2
      vertex -2.82843 -13.6716 2
    endloop
  endfacet
  facet normal 0.659362 -0.751826 0
    outer loop
      vertex -2.43505 -13.3266 2
      vertex -2.82843 -13.6716 0
      vertex -2.43505 -13.3266 0
    endloop
  endfacet
  facet normal 0.751861 -0.659321 0
    outer loop
      vertex -3.17341 -14.065 2
      vertex -2.82843 -13.6716 0
      vertex -2.82843 -13.6716 2
    endloop
  endfacet
  facet normal 0.751861 -0.659321 0
    outer loop
      vertex -2.82843 -13.6716 0
      vertex -3.17341 -14.065 2
      vertex -3.17341 -14.065 0
    endloop
  endfacet
  facet normal -0.997859 0.0654027 0
    outer loop
      vertex 3.96578 -17.0221 0
      vertex 4 -16.5 2
      vertex 4 -16.5 0
    endloop
  endfacet
  facet normal -0.997859 0.0654027 0
    outer loop
      vertex 4 -16.5 2
      vertex 3.96578 -17.0221 0
      vertex 3.96578 -17.0221 2
    endloop
  endfacet
  facet normal -0.0653641 0.997861 0
    outer loop
      vertex 0.522104 -20.4658 0
      vertex 0 -20.5 2
      vertex 0.522104 -20.4658 2
    endloop
  endfacet
  facet normal -0.0653641 0.997861 0
    outer loop
      vertex 0 -20.5 2
      vertex 0.522104 -20.4658 0
      vertex 0 -20.5 0
    endloop
  endfacet
  facet normal -0.321469 0.94692 0
    outer loop
      vertex 1.53073 -20.1955 0
      vertex 1.03528 -20.3637 2
      vertex 1.53073 -20.1955 2
    endloop
  endfacet
  facet normal -0.321469 0.94692 0
    outer loop
      vertex 1.03528 -20.3637 2
      vertex 1.53073 -20.1955 0
      vertex 1.03528 -20.3637 0
    endloop
  endfacet
  facet normal -0.751861 0.659321 0
    outer loop
      vertex 2.82843 -19.3284 0
      vertex 3.17341 -18.935 2
      vertex 3.17341 -18.935 0
    endloop
  endfacet
  facet normal -0.751861 0.659321 0
    outer loop
      vertex 3.17341 -18.935 2
      vertex 2.82843 -19.3284 0
      vertex 2.82843 -19.3284 2
    endloop
  endfacet
  facet normal -0.659362 0.751826 0
    outer loop
      vertex 2.82843 -19.3284 0
      vertex 2.43505 -19.6734 2
      vertex 2.82843 -19.3284 2
    endloop
  endfacet
  facet normal -0.659362 0.751826 0
    outer loop
      vertex 2.43505 -19.6734 2
      vertex 2.82843 -19.3284 0
      vertex 2.43505 -19.6734 0
    endloop
  endfacet
  facet normal 0.321469 0.94692 -0
    outer loop
      vertex -1.03528 -20.3637 0
      vertex -1.53073 -20.1955 2
      vertex -1.03528 -20.3637 2
    endloop
  endfacet
  facet normal 0.321469 0.94692 0
    outer loop
      vertex -1.53073 -20.1955 2
      vertex -1.03528 -20.3637 0
      vertex -1.53073 -20.1955 0
    endloop
  endfacet
  facet normal 0.555582 0.831462 -0
    outer loop
      vertex -2 -19.9641 0
      vertex -2.43505 -19.6734 2
      vertex -2 -19.9641 2
    endloop
  endfacet
  facet normal 0.555582 0.831462 0
    outer loop
      vertex -2.43505 -19.6734 2
      vertex -2 -19.9641 0
      vertex -2.43505 -19.6734 0
    endloop
  endfacet
  facet normal 0.980786 0.195087 0
    outer loop
      vertex -3.8637 -17.5353 2
      vertex -3.96578 -17.0221 0
      vertex -3.96578 -17.0221 2
    endloop
  endfacet
  facet normal 0.980786 0.195087 0
    outer loop
      vertex -3.96578 -17.0221 0
      vertex -3.8637 -17.5353 2
      vertex -3.8637 -17.5353 0
    endloop
  endfacet
  facet normal 0.751861 0.659321 0
    outer loop
      vertex -2.82843 -19.3284 2
      vertex -3.17341 -18.935 0
      vertex -3.17341 -18.935 2
    endloop
  endfacet
  facet normal 0.751861 0.659321 0
    outer loop
      vertex -3.17341 -18.935 0
      vertex -2.82843 -19.3284 2
      vertex -2.82843 -19.3284 0
    endloop
  endfacet
  facet normal 0.896883 0.442268 0
    outer loop
      vertex -3.4641 -18.5 2
      vertex -3.69552 -18.0307 0
      vertex -3.69552 -18.0307 2
    endloop
  endfacet
  facet normal 0.896883 0.442268 0
    outer loop
      vertex -3.69552 -18.0307 0
      vertex -3.4641 -18.5 2
      vertex -3.4641 -18.5 0
    endloop
  endfacet
  facet normal -0.980786 0.195087 0
    outer loop
      vertex 3.8637 -17.5353 0
      vertex 3.96578 -17.0221 2
      vertex 3.96578 -17.0221 0
    endloop
  endfacet
  facet normal -0.980786 0.195087 0
    outer loop
      vertex 3.96578 -17.0221 2
      vertex 3.8637 -17.5353 0
      vertex 3.8637 -17.5353 2
    endloop
  endfacet
  facet normal -0.896883 0.442268 0
    outer loop
      vertex 3.4641 -18.5 0
      vertex 3.69552 -18.0307 2
      vertex 3.69552 -18.0307 0
    endloop
  endfacet
  facet normal -0.896883 0.442268 0
    outer loop
      vertex 3.69552 -18.0307 2
      vertex 3.4641 -18.5 0
      vertex 3.4641 -18.5 2
    endloop
  endfacet
  facet normal -0.831441 0.555613 0
    outer loop
      vertex 3.17341 -18.935 0
      vertex 3.4641 -18.5 2
      vertex 3.4641 -18.5 0
    endloop
  endfacet
  facet normal -0.831441 0.555613 0
    outer loop
      vertex 3.4641 -18.5 2
      vertex 3.17341 -18.935 0
      vertex 3.17341 -18.935 2
    endloop
  endfacet
  facet normal -0.195133 0.980777 0
    outer loop
      vertex 1.03528 -20.3637 0
      vertex 0.522104 -20.4658 2
      vertex 1.03528 -20.3637 2
    endloop
  endfacet
  facet normal -0.195133 0.980777 0
    outer loop
      vertex 0.522104 -20.4658 2
      vertex 1.03528 -20.3637 0
      vertex 0.522104 -20.4658 0
    endloop
  endfacet
  facet normal 0.195133 0.980777 -0
    outer loop
      vertex -0.522104 -20.4658 0
      vertex -1.03528 -20.3637 2
      vertex -0.522104 -20.4658 2
    endloop
  endfacet
  facet normal 0.195133 0.980777 0
    outer loop
      vertex -1.03528 -20.3637 2
      vertex -0.522104 -20.4658 0
      vertex -1.03528 -20.3637 0
    endloop
  endfacet
  facet normal 0.946922 0.321464 0
    outer loop
      vertex -3.69552 -18.0307 2
      vertex -3.8637 -17.5353 0
      vertex -3.8637 -17.5353 2
    endloop
  endfacet
  facet normal 0.946922 0.321464 0
    outer loop
      vertex -3.8637 -17.5353 0
      vertex -3.69552 -18.0307 2
      vertex -3.69552 -18.0307 0
    endloop
  endfacet
  facet normal 0.831441 0.555613 0
    outer loop
      vertex -3.17341 -18.935 2
      vertex -3.4641 -18.5 0
      vertex -3.4641 -18.5 2
    endloop
  endfacet
  facet normal 0.831441 0.555613 0
    outer loop
      vertex -3.4641 -18.5 0
      vertex -3.17341 -18.935 2
      vertex -3.17341 -18.935 0
    endloop
  endfacet
  facet normal 0.659562 0.75165 -0
    outer loop
      vertex 16.5556 -13.4444 2
      vertex 16.3393 -13.2546 12
      vertex 16.5556 -13.4444 12
    endloop
  endfacet
  facet normal 0.659562 0.75165 0
    outer loop
      vertex 16.3393 -13.2546 12
      vertex 16.5556 -13.4444 2
      vertex 16.3393 -13.2546 2
    endloop
  endfacet
  facet normal 0.980741 -0.195314 0
    outer loop
      vertex 17.125 -15.5694 12
      vertex 17.1812 -15.2872 2
      vertex 17.1812 -15.2872 12
    endloop
  endfacet
  facet normal 0.980741 -0.195314 0
    outer loop
      vertex 17.1812 -15.2872 2
      vertex 17.125 -15.5694 12
      vertex 17.125 -15.5694 2
    endloop
  endfacet
  facet normal -0.321435 -0.946931 0
    outer loop
      vertex 14.1581 -17.0325 2
      vertex 14.4306 -17.125 12
      vertex 14.1581 -17.0325 12
    endloop
  endfacet
  facet normal -0.321435 -0.946931 -0
    outer loop
      vertex 14.4306 -17.125 12
      vertex 14.1581 -17.0325 2
      vertex 14.4306 -17.125 2
    endloop
  endfacet
  facet normal -0.321435 0.946931 0
    outer loop
      vertex 14.4306 -12.875 2
      vertex 14.1581 -12.9675 12
      vertex 14.4306 -12.875 12
    endloop
  endfacet
  facet normal -0.321435 0.946931 0
    outer loop
      vertex 14.1581 -12.9675 12
      vertex 14.4306 -12.875 2
      vertex 14.1581 -12.9675 2
    endloop
  endfacet
  facet normal -0.896984 0.442063 0
    outer loop
      vertex 12.9675 -14.1581 2
      vertex 13.0947 -13.9 12
      vertex 13.0947 -13.9 2
    endloop
  endfacet
  facet normal -0.896984 0.442063 0
    outer loop
      vertex 13.0947 -13.9 12
      vertex 12.9675 -14.1581 2
      vertex 12.9675 -14.1581 12
    endloop
  endfacet
  facet normal 0.980741 0.195314 0
    outer loop
      vertex 17.1812 -14.7128 12
      vertex 17.125 -14.4306 2
      vertex 17.125 -14.4306 12
    endloop
  endfacet
  facet normal 0.980741 0.195314 0
    outer loop
      vertex 17.125 -14.4306 2
      vertex 17.1812 -14.7128 12
      vertex 17.1812 -14.7128 2
    endloop
  endfacet
  facet normal 0.946931 0.321435 0
    outer loop
      vertex 17.125 -14.4306 12
      vertex 17.0325 -14.1581 2
      vertex 17.0325 -14.1581 12
    endloop
  endfacet
  facet normal 0.946931 0.321435 0
    outer loop
      vertex 17.0325 -14.1581 2
      vertex 17.125 -14.4306 12
      vertex 17.125 -14.4306 2
    endloop
  endfacet
  facet normal 0.896984 0.442063 0
    outer loop
      vertex 17.0325 -14.1581 12
      vertex 16.9053 -13.9 2
      vertex 16.9053 -13.9 12
    endloop
  endfacet
  facet normal 0.896984 0.442063 0
    outer loop
      vertex 16.9053 -13.9 2
      vertex 17.0325 -14.1581 12
      vertex 17.0325 -14.1581 2
    endloop
  endfacet
  facet normal 0.442063 0.896984 -0
    outer loop
      vertex 16.1 -13.0947 2
      vertex 15.8419 -12.9675 12
      vertex 16.1 -13.0947 12
    endloop
  endfacet
  facet normal 0.442063 0.896984 0
    outer loop
      vertex 15.8419 -12.9675 12
      vertex 16.1 -13.0947 2
      vertex 15.8419 -12.9675 2
    endloop
  endfacet
  facet normal 0.195314 0.980741 -0
    outer loop
      vertex 15.5694 -12.875 2
      vertex 15.2872 -12.8188 12
      vertex 15.5694 -12.875 12
    endloop
  endfacet
  facet normal 0.195314 0.980741 0
    outer loop
      vertex 15.2872 -12.8188 12
      vertex 15.5694 -12.875 2
      vertex 15.2872 -12.8188 2
    endloop
  endfacet
  facet normal -0.980741 0.195314 0
    outer loop
      vertex 12.8188 -14.7128 2
      vertex 12.875 -14.4306 12
      vertex 12.875 -14.4306 2
    endloop
  endfacet
  facet normal -0.980741 0.195314 0
    outer loop
      vertex 12.875 -14.4306 12
      vertex 12.8188 -14.7128 2
      vertex 12.8188 -14.7128 12
    endloop
  endfacet
  facet normal -0.75165 0.659562 0
    outer loop
      vertex 13.2546 -13.6607 2
      vertex 13.4444 -13.4444 12
      vertex 13.4444 -13.4444 2
    endloop
  endfacet
  facet normal -0.75165 0.659562 0
    outer loop
      vertex 13.4444 -13.4444 12
      vertex 13.2546 -13.6607 2
      vertex 13.2546 -13.6607 12
    endloop
  endfacet
  facet normal -0.442063 0.896984 0
    outer loop
      vertex 14.1581 -12.9675 2
      vertex 13.9 -13.0947 12
      vertex 14.1581 -12.9675 12
    endloop
  endfacet
  facet normal -0.442063 0.896984 0
    outer loop
      vertex 13.9 -13.0947 12
      vertex 14.1581 -12.9675 2
      vertex 13.9 -13.0947 2
    endloop
  endfacet
  facet normal -0.195314 0.980741 0
    outer loop
      vertex 14.7128 -12.8188 2
      vertex 14.4306 -12.875 12
      vertex 14.7128 -12.8188 12
    endloop
  endfacet
  facet normal -0.195314 0.980741 0
    outer loop
      vertex 14.4306 -12.875 12
      vertex 14.7128 -12.8188 2
      vertex 14.4306 -12.875 2
    endloop
  endfacet
  facet normal 0.997864 0.0653198 0
    outer loop
      vertex 17.2 -15 12
      vertex 17.1812 -14.7128 2
      vertex 17.1812 -14.7128 12
    endloop
  endfacet
  facet normal 0.997864 0.0653198 0
    outer loop
      vertex 17.1812 -14.7128 2
      vertex 17.2 -15 12
      vertex 17.2 -15 2
    endloop
  endfacet
  facet normal 0.946931 -0.321435 0
    outer loop
      vertex 17.0325 -15.8419 12
      vertex 17.125 -15.5694 2
      vertex 17.125 -15.5694 12
    endloop
  endfacet
  facet normal 0.946931 -0.321435 0
    outer loop
      vertex 17.125 -15.5694 2
      vertex 17.0325 -15.8419 12
      vertex 17.0325 -15.8419 2
    endloop
  endfacet
  facet normal 0.321435 -0.946931 0
    outer loop
      vertex 15.5694 -17.125 2
      vertex 15.8419 -17.0325 12
      vertex 15.5694 -17.125 12
    endloop
  endfacet
  facet normal 0.321435 -0.946931 0
    outer loop
      vertex 15.8419 -17.0325 12
      vertex 15.5694 -17.125 2
      vertex 15.8419 -17.0325 2
    endloop
  endfacet
  facet normal 0.442063 -0.896984 0
    outer loop
      vertex 15.8419 -17.0325 2
      vertex 16.1 -16.9053 12
      vertex 15.8419 -17.0325 12
    endloop
  endfacet
  facet normal 0.442063 -0.896984 0
    outer loop
      vertex 16.1 -16.9053 12
      vertex 15.8419 -17.0325 2
      vertex 16.1 -16.9053 2
    endloop
  endfacet
  facet normal -0.195314 -0.980741 0
    outer loop
      vertex 14.4306 -17.125 2
      vertex 14.7128 -17.1812 12
      vertex 14.4306 -17.125 12
    endloop
  endfacet
  facet normal -0.195314 -0.980741 -0
    outer loop
      vertex 14.7128 -17.1812 12
      vertex 14.4306 -17.125 2
      vertex 14.7128 -17.1812 2
    endloop
  endfacet
  facet normal -0.659562 -0.75165 0
    outer loop
      vertex 13.4444 -16.5556 2
      vertex 13.6607 -16.7454 12
      vertex 13.4444 -16.5556 12
    endloop
  endfacet
  facet normal -0.659562 -0.75165 -0
    outer loop
      vertex 13.6607 -16.7454 12
      vertex 13.4444 -16.5556 2
      vertex 13.6607 -16.7454 2
    endloop
  endfacet
  facet normal -0.896984 -0.442063 0
    outer loop
      vertex 13.0947 -16.1 2
      vertex 12.9675 -15.8419 12
      vertex 12.9675 -15.8419 2
    endloop
  endfacet
  facet normal -0.896984 -0.442063 0
    outer loop
      vertex 12.9675 -15.8419 12
      vertex 13.0947 -16.1 2
      vertex 13.0947 -16.1 12
    endloop
  endfacet
  facet normal -0.980741 -0.195314 0
    outer loop
      vertex 12.875 -15.5694 2
      vertex 12.8188 -15.2872 12
      vertex 12.8188 -15.2872 2
    endloop
  endfacet
  facet normal -0.980741 -0.195314 0
    outer loop
      vertex 12.8188 -15.2872 12
      vertex 12.875 -15.5694 2
      vertex 12.875 -15.5694 12
    endloop
  endfacet
  facet normal 0.831462 0.555582 0
    outer loop
      vertex 16.9053 -13.9 12
      vertex 16.7454 -13.6607 2
      vertex 16.7454 -13.6607 12
    endloop
  endfacet
  facet normal 0.831462 0.555582 0
    outer loop
      vertex 16.7454 -13.6607 2
      vertex 16.9053 -13.9 12
      vertex 16.9053 -13.9 2
    endloop
  endfacet
  facet normal 0.75165 0.659562 0
    outer loop
      vertex 16.7454 -13.6607 12
      vertex 16.5556 -13.4444 2
      vertex 16.5556 -13.4444 12
    endloop
  endfacet
  facet normal 0.75165 0.659562 0
    outer loop
      vertex 16.5556 -13.4444 2
      vertex 16.7454 -13.6607 12
      vertex 16.7454 -13.6607 2
    endloop
  endfacet
  facet normal 0.555582 0.831462 -0
    outer loop
      vertex 16.3393 -13.2546 2
      vertex 16.1 -13.0947 12
      vertex 16.3393 -13.2546 12
    endloop
  endfacet
  facet normal 0.555582 0.831462 0
    outer loop
      vertex 16.1 -13.0947 12
      vertex 16.3393 -13.2546 2
      vertex 16.1 -13.0947 2
    endloop
  endfacet
  facet normal 0.0653198 0.997864 -0
    outer loop
      vertex 15.2872 -12.8188 2
      vertex 15 -12.8 12
      vertex 15.2872 -12.8188 12
    endloop
  endfacet
  facet normal 0.0653198 0.997864 0
    outer loop
      vertex 15 -12.8 12
      vertex 15.2872 -12.8188 2
      vertex 15 -12.8 2
    endloop
  endfacet
  facet normal 0.321435 0.946931 -0
    outer loop
      vertex 15.8419 -12.9675 2
      vertex 15.5694 -12.875 12
      vertex 15.8419 -12.9675 12
    endloop
  endfacet
  facet normal 0.321435 0.946931 0
    outer loop
      vertex 15.5694 -12.875 12
      vertex 15.8419 -12.9675 2
      vertex 15.5694 -12.875 2
    endloop
  endfacet
  facet normal -0.997864 0.0653198 0
    outer loop
      vertex 12.8 -15 2
      vertex 12.8188 -14.7128 12
      vertex 12.8188 -14.7128 2
    endloop
  endfacet
  facet normal -0.997864 0.0653198 0
    outer loop
      vertex 12.8188 -14.7128 12
      vertex 12.8 -15 2
      vertex 12.8 -15 12
    endloop
  endfacet
  facet normal -0.946931 0.321435 0
    outer loop
      vertex 12.875 -14.4306 2
      vertex 12.9675 -14.1581 12
      vertex 12.9675 -14.1581 2
    endloop
  endfacet
  facet normal -0.946931 0.321435 0
    outer loop
      vertex 12.9675 -14.1581 12
      vertex 12.875 -14.4306 2
      vertex 12.875 -14.4306 12
    endloop
  endfacet
  facet normal -0.831462 0.555582 0
    outer loop
      vertex 13.0947 -13.9 2
      vertex 13.2546 -13.6607 12
      vertex 13.2546 -13.6607 2
    endloop
  endfacet
  facet normal -0.831462 0.555582 0
    outer loop
      vertex 13.2546 -13.6607 12
      vertex 13.0947 -13.9 2
      vertex 13.0947 -13.9 12
    endloop
  endfacet
  facet normal -0.0653198 0.997864 0
    outer loop
      vertex 15 -12.8 2
      vertex 14.7128 -12.8188 12
      vertex 15 -12.8 12
    endloop
  endfacet
  facet normal -0.0653198 0.997864 0
    outer loop
      vertex 14.7128 -12.8188 12
      vertex 15 -12.8 2
      vertex 14.7128 -12.8188 2
    endloop
  endfacet
  facet normal -0.555582 0.831462 0
    outer loop
      vertex 13.9 -13.0947 2
      vertex 13.6607 -13.2546 12
      vertex 13.9 -13.0947 12
    endloop
  endfacet
  facet normal -0.555582 0.831462 0
    outer loop
      vertex 13.6607 -13.2546 12
      vertex 13.9 -13.0947 2
      vertex 13.6607 -13.2546 2
    endloop
  endfacet
  facet normal -0.659562 0.75165 0
    outer loop
      vertex 13.6607 -13.2546 2
      vertex 13.4444 -13.4444 12
      vertex 13.6607 -13.2546 12
    endloop
  endfacet
  facet normal -0.659562 0.75165 0
    outer loop
      vertex 13.4444 -13.4444 12
      vertex 13.6607 -13.2546 2
      vertex 13.4444 -13.4444 2
    endloop
  endfacet
  facet normal 0.997864 -0.0653198 0
    outer loop
      vertex 17.1812 -15.2872 12
      vertex 17.2 -15 2
      vertex 17.2 -15 12
    endloop
  endfacet
  facet normal 0.997864 -0.0653198 0
    outer loop
      vertex 17.2 -15 2
      vertex 17.1812 -15.2872 12
      vertex 17.1812 -15.2872 2
    endloop
  endfacet
  facet normal 0.0653198 -0.997864 0
    outer loop
      vertex 15 -17.2 2
      vertex 15.2872 -17.1812 12
      vertex 15 -17.2 12
    endloop
  endfacet
  facet normal 0.0653198 -0.997864 0
    outer loop
      vertex 15.2872 -17.1812 12
      vertex 15 -17.2 2
      vertex 15.2872 -17.1812 2
    endloop
  endfacet
  facet normal 0.75165 -0.659562 0
    outer loop
      vertex 16.5556 -16.5556 12
      vertex 16.7454 -16.3393 2
      vertex 16.7454 -16.3393 12
    endloop
  endfacet
  facet normal 0.75165 -0.659562 0
    outer loop
      vertex 16.7454 -16.3393 2
      vertex 16.5556 -16.5556 12
      vertex 16.5556 -16.5556 2
    endloop
  endfacet
  facet normal 0.896984 -0.442063 0
    outer loop
      vertex 16.9053 -16.1 12
      vertex 17.0325 -15.8419 2
      vertex 17.0325 -15.8419 12
    endloop
  endfacet
  facet normal 0.896984 -0.442063 0
    outer loop
      vertex 17.0325 -15.8419 2
      vertex 16.9053 -16.1 12
      vertex 16.9053 -16.1 2
    endloop
  endfacet
  facet normal 0.195314 -0.980741 0
    outer loop
      vertex 15.2872 -17.1812 2
      vertex 15.5694 -17.125 12
      vertex 15.2872 -17.1812 12
    endloop
  endfacet
  facet normal 0.195314 -0.980741 0
    outer loop
      vertex 15.5694 -17.125 12
      vertex 15.2872 -17.1812 2
      vertex 15.5694 -17.125 2
    endloop
  endfacet
  facet normal 0.659562 -0.75165 0
    outer loop
      vertex 16.3393 -16.7454 2
      vertex 16.5556 -16.5556 12
      vertex 16.3393 -16.7454 12
    endloop
  endfacet
  facet normal 0.659562 -0.75165 0
    outer loop
      vertex 16.5556 -16.5556 12
      vertex 16.3393 -16.7454 2
      vertex 16.5556 -16.5556 2
    endloop
  endfacet
  facet normal 0.555582 -0.831462 0
    outer loop
      vertex 16.1 -16.9053 2
      vertex 16.3393 -16.7454 12
      vertex 16.1 -16.9053 12
    endloop
  endfacet
  facet normal 0.555582 -0.831462 0
    outer loop
      vertex 16.3393 -16.7454 12
      vertex 16.1 -16.9053 2
      vertex 16.3393 -16.7454 2
    endloop
  endfacet
  facet normal -0.0653198 -0.997864 0
    outer loop
      vertex 14.7128 -17.1812 2
      vertex 15 -17.2 12
      vertex 14.7128 -17.1812 12
    endloop
  endfacet
  facet normal -0.0653198 -0.997864 -0
    outer loop
      vertex 15 -17.2 12
      vertex 14.7128 -17.1812 2
      vertex 15 -17.2 2
    endloop
  endfacet
  facet normal -0.442063 -0.896984 0
    outer loop
      vertex 13.9 -16.9053 2
      vertex 14.1581 -17.0325 12
      vertex 13.9 -16.9053 12
    endloop
  endfacet
  facet normal -0.442063 -0.896984 -0
    outer loop
      vertex 14.1581 -17.0325 12
      vertex 13.9 -16.9053 2
      vertex 14.1581 -17.0325 2
    endloop
  endfacet
  facet normal -0.946931 -0.321435 0
    outer loop
      vertex 12.9675 -15.8419 2
      vertex 12.875 -15.5694 12
      vertex 12.875 -15.5694 2
    endloop
  endfacet
  facet normal -0.946931 -0.321435 0
    outer loop
      vertex 12.875 -15.5694 12
      vertex 12.9675 -15.8419 2
      vertex 12.9675 -15.8419 12
    endloop
  endfacet
  facet normal -0.997864 -0.0653198 0
    outer loop
      vertex 12.8188 -15.2872 2
      vertex 12.8 -15 12
      vertex 12.8 -15 2
    endloop
  endfacet
  facet normal -0.997864 -0.0653198 0
    outer loop
      vertex 12.8 -15 12
      vertex 12.8188 -15.2872 2
      vertex 12.8188 -15.2872 12
    endloop
  endfacet
  facet normal -0.831462 -0.555582 0
    outer loop
      vertex 13.2546 -16.3393 2
      vertex 13.0947 -16.1 12
      vertex 13.0947 -16.1 2
    endloop
  endfacet
  facet normal -0.831462 -0.555582 0
    outer loop
      vertex 13.0947 -16.1 12
      vertex 13.2546 -16.3393 2
      vertex 13.2546 -16.3393 12
    endloop
  endfacet
  facet normal 0 0 1
    outer loop
      vertex 17.1812 -14.7128 12
      vertex 17.1812 -15.2872 12
      vertex 17.2 -15 12
    endloop
  endfacet
  facet normal 0 0 1
    outer loop
      vertex 17.125 -14.4306 12
      vertex 17.1812 -15.2872 12
      vertex 17.1812 -14.7128 12
    endloop
  endfacet
  facet normal 0 0 1
    outer loop
      vertex 17.125 -14.4306 12
      vertex 17.125 -15.5694 12
      vertex 17.1812 -15.2872 12
    endloop
  endfacet
  facet normal 0 0 1
    outer loop
      vertex 17.0325 -14.1581 12
      vertex 17.125 -15.5694 12
      vertex 17.125 -14.4306 12
    endloop
  endfacet
  facet normal 0 0 1
    outer loop
      vertex 17.0325 -14.1581 12
      vertex 17.0325 -15.8419 12
      vertex 17.125 -15.5694 12
    endloop
  endfacet
  facet normal 0 0 1
    outer loop
      vertex 16.9053 -13.9 12
      vertex 17.0325 -15.8419 12
      vertex 17.0325 -14.1581 12
    endloop
  endfacet
  facet normal 0 0 1
    outer loop
      vertex 16.9053 -13.9 12
      vertex 16.9053 -16.1 12
      vertex 17.0325 -15.8419 12
    endloop
  endfacet
  facet normal 0 0 1
    outer loop
      vertex 16.7454 -13.6607 12
      vertex 16.9053 -16.1 12
      vertex 16.9053 -13.9 12
    endloop
  endfacet
  facet normal 0 0 1
    outer loop
      vertex 16.7454 -13.6607 12
      vertex 16.7454 -16.3393 12
      vertex 16.9053 -16.1 12
    endloop
  endfacet
  facet normal 0 0 1
    outer loop
      vertex 16.5556 -13.4444 12
      vertex 16.7454 -16.3393 12
      vertex 16.7454 -13.6607 12
    endloop
  endfacet
  facet normal 0 0 1
    outer loop
      vertex 16.5556 -13.4444 12
      vertex 16.5556 -16.5556 12
      vertex 16.7454 -16.3393 12
    endloop
  endfacet
  facet normal 0 0 1
    outer loop
      vertex 16.3393 -13.2546 12
      vertex 16.5556 -16.5556 12
      vertex 16.5556 -13.4444 12
    endloop
  endfacet
  facet normal 0 0 1
    outer loop
      vertex 16.3393 -13.2546 12
      vertex 16.3393 -16.7454 12
      vertex 16.5556 -16.5556 12
    endloop
  endfacet
  facet normal 0 0 1
    outer loop
      vertex 16.1 -13.0947 12
      vertex 16.3393 -16.7454 12
      vertex 16.3393 -13.2546 12
    endloop
  endfacet
  facet normal 0 0 1
    outer loop
      vertex 16.1 -13.0947 12
      vertex 16.1 -16.9053 12
      vertex 16.3393 -16.7454 12
    endloop
  endfacet
  facet normal 0 0 1
    outer loop
      vertex 15.8419 -12.9675 12
      vertex 16.1 -16.9053 12
      vertex 16.1 -13.0947 12
    endloop
  endfacet
  facet normal 0 0 1
    outer loop
      vertex 15.8419 -12.9675 12
      vertex 15.8419 -17.0325 12
      vertex 16.1 -16.9053 12
    endloop
  endfacet
  facet normal 0 0 1
    outer loop
      vertex 15.5694 -12.875 12
      vertex 15.8419 -17.0325 12
      vertex 15.8419 -12.9675 12
    endloop
  endfacet
  facet normal 0 0 1
    outer loop
      vertex 15.5694 -12.875 12
      vertex 15.5694 -17.125 12
      vertex 15.8419 -17.0325 12
    endloop
  endfacet
  facet normal 0 0 1
    outer loop
      vertex 15.2872 -12.8188 12
      vertex 15.5694 -17.125 12
      vertex 15.5694 -12.875 12
    endloop
  endfacet
  facet normal 0 0 1
    outer loop
      vertex 15.2872 -12.8188 12
      vertex 15.2872 -17.1812 12
      vertex 15.5694 -17.125 12
    endloop
  endfacet
  facet normal 0 0 1
    outer loop
      vertex 15 -12.8 12
      vertex 15.2872 -17.1812 12
      vertex 15.2872 -12.8188 12
    endloop
  endfacet
  facet normal 0 0 1
    outer loop
      vertex 15 -12.8 12
      vertex 15 -17.2 12
      vertex 15.2872 -17.1812 12
    endloop
  endfacet
  facet normal -0 0 1
    outer loop
      vertex 14.7128 -12.8188 12
      vertex 15 -17.2 12
      vertex 15 -12.8 12
    endloop
  endfacet
  facet normal 0 0 1
    outer loop
      vertex 14.7128 -12.8188 12
      vertex 14.7128 -17.1812 12
      vertex 15 -17.2 12
    endloop
  endfacet
  facet normal -0 0 1
    outer loop
      vertex 14.4306 -12.875 12
      vertex 14.7128 -17.1812 12
      vertex 14.7128 -12.8188 12
    endloop
  endfacet
  facet normal 0 0 1
    outer loop
      vertex 14.4306 -12.875 12
      vertex 14.4306 -17.125 12
      vertex 14.7128 -17.1812 12
    endloop
  endfacet
  facet normal -0 0 1
    outer loop
      vertex 14.1581 -12.9675 12
      vertex 14.4306 -17.125 12
      vertex 14.4306 -12.875 12
    endloop
  endfacet
  facet normal 0 0 1
    outer loop
      vertex 14.1581 -12.9675 12
      vertex 14.1581 -17.0325 12
      vertex 14.4306 -17.125 12
    endloop
  endfacet
  facet normal -0 0 1
    outer loop
      vertex 13.9 -13.0947 12
      vertex 14.1581 -17.0325 12
      vertex 14.1581 -12.9675 12
    endloop
  endfacet
  facet normal 0 0 1
    outer loop
      vertex 13.9 -13.0947 12
      vertex 13.9 -16.9053 12
      vertex 14.1581 -17.0325 12
    endloop
  endfacet
  facet normal -0 0 1
    outer loop
      vertex 13.6607 -13.2546 12
      vertex 13.9 -16.9053 12
      vertex 13.9 -13.0947 12
    endloop
  endfacet
  facet normal 0 0 1
    outer loop
      vertex 13.6607 -13.2546 12
      vertex 13.6607 -16.7454 12
      vertex 13.9 -16.9053 12
    endloop
  endfacet
  facet normal -0 0 1
    outer loop
      vertex 13.4444 -13.4444 12
      vertex 13.6607 -16.7454 12
      vertex 13.6607 -13.2546 12
    endloop
  endfacet
  facet normal 0 0 1
    outer loop
      vertex 13.4444 -13.4444 12
      vertex 13.4444 -16.5556 12
      vertex 13.6607 -16.7454 12
    endloop
  endfacet
  facet normal -0 0 1
    outer loop
      vertex 13.2546 -13.6607 12
      vertex 13.4444 -16.5556 12
      vertex 13.4444 -13.4444 12
    endloop
  endfacet
  facet normal 0 0 1
    outer loop
      vertex 13.2546 -13.6607 12
      vertex 13.2546 -16.3393 12
      vertex 13.4444 -16.5556 12
    endloop
  endfacet
  facet normal -0 0 1
    outer loop
      vertex 13.0947 -13.9 12
      vertex 13.2546 -16.3393 12
      vertex 13.2546 -13.6607 12
    endloop
  endfacet
  facet normal 0 0 1
    outer loop
      vertex 13.0947 -13.9 12
      vertex 13.0947 -16.1 12
      vertex 13.2546 -16.3393 12
    endloop
  endfacet
  facet normal -0 0 1
    outer loop
      vertex 12.9675 -14.1581 12
      vertex 13.0947 -16.1 12
      vertex 13.0947 -13.9 12
    endloop
  endfacet
  facet normal 0 0 1
    outer loop
      vertex 12.9675 -14.1581 12
      vertex 12.9675 -15.8419 12
      vertex 13.0947 -16.1 12
    endloop
  endfacet
  facet normal -0 0 1
    outer loop
      vertex 12.875 -14.4306 12
      vertex 12.9675 -15.8419 12
      vertex 12.9675 -14.1581 12
    endloop
  endfacet
  facet normal 0 0 1
    outer loop
      vertex 12.875 -14.4306 12
      vertex 12.875 -15.5694 12
      vertex 12.9675 -15.8419 12
    endloop
  endfacet
  facet normal -0 0 1
    outer loop
      vertex 12.8188 -14.7128 12
      vertex 12.875 -15.5694 12
      vertex 12.875 -14.4306 12
    endloop
  endfacet
  facet normal 0 0 1
    outer loop
      vertex 12.8188 -14.7128 12
      vertex 12.8188 -15.2872 12
      vertex 12.875 -15.5694 12
    endloop
  endfacet
  facet normal 0 -0 1
    outer loop
      vertex 12.8188 -15.2872 12
      vertex 12.8188 -14.7128 12
      vertex 12.8 -15 12
    endloop
  endfacet
  facet normal 0.831462 -0.555582 0
    outer loop
      vertex 16.7454 -16.3393 12
      vertex 16.9053 -16.1 2
      vertex 16.9053 -16.1 12
    endloop
  endfacet
  facet normal 0.831462 -0.555582 0
    outer loop
      vertex 16.9053 -16.1 2
      vertex 16.7454 -16.3393 12
      vertex 16.7454 -16.3393 2
    endloop
  endfacet
  facet normal -0.555582 -0.831462 0
    outer loop
      vertex 13.6607 -16.7454 2
      vertex 13.9 -16.9053 12
      vertex 13.6607 -16.7454 12
    endloop
  endfacet
  facet normal -0.555582 -0.831462 -0
    outer loop
      vertex 13.9 -16.9053 12
      vertex 13.6607 -16.7454 2
      vertex 13.9 -16.9053 2
    endloop
  endfacet
  facet normal -0.75165 -0.659562 0
    outer loop
      vertex 13.4444 -16.5556 2
      vertex 13.2546 -16.3393 12
      vertex 13.2546 -16.3393 2
    endloop
  endfacet
  facet normal -0.75165 -0.659562 0
    outer loop
      vertex 13.2546 -16.3393 12
      vertex 13.4444 -16.5556 2
      vertex 13.4444 -16.5556 12
    endloop
  endfacet
  facet normal 0.659562 0.75165 -0
    outer loop
      vertex -13.4444 -13.4444 2
      vertex -13.6607 -13.2546 12
      vertex -13.4444 -13.4444 12
    endloop
  endfacet
  facet normal 0.659562 0.75165 0
    outer loop
      vertex -13.6607 -13.2546 12
      vertex -13.4444 -13.4444 2
      vertex -13.6607 -13.2546 2
    endloop
  endfacet
  facet normal -0.946931 0.321435 0
    outer loop
      vertex -17.125 -14.4306 2
      vertex -17.0325 -14.1581 12
      vertex -17.0325 -14.1581 2
    endloop
  endfacet
  facet normal -0.946931 0.321435 0
    outer loop
      vertex -17.0325 -14.1581 12
      vertex -17.125 -14.4306 2
      vertex -17.125 -14.4306 12
    endloop
  endfacet
  facet normal 0.997864 -0.0653198 0
    outer loop
      vertex -12.8188 -15.2872 12
      vertex -12.8 -15 2
      vertex -12.8 -15 12
    endloop
  endfacet
  facet normal 0.997864 -0.0653198 0
    outer loop
      vertex -12.8 -15 2
      vertex -12.8188 -15.2872 12
      vertex -12.8188 -15.2872 2
    endloop
  endfacet
  facet normal -0.321435 -0.946931 0
    outer loop
      vertex -15.8419 -17.0325 2
      vertex -15.5694 -17.125 12
      vertex -15.8419 -17.0325 12
    endloop
  endfacet
  facet normal -0.321435 -0.946931 -0
    outer loop
      vertex -15.5694 -17.125 12
      vertex -15.8419 -17.0325 2
      vertex -15.5694 -17.125 2
    endloop
  endfacet
  facet normal 0.555582 0.831462 -0
    outer loop
      vertex -13.6607 -13.2546 2
      vertex -13.9 -13.0947 12
      vertex -13.6607 -13.2546 12
    endloop
  endfacet
  facet normal 0.555582 0.831462 0
    outer loop
      vertex -13.9 -13.0947 12
      vertex -13.6607 -13.2546 2
      vertex -13.9 -13.0947 2
    endloop
  endfacet
  facet normal -0.321435 0.946931 0
    outer loop
      vertex -15.5694 -12.875 2
      vertex -15.8419 -12.9675 12
      vertex -15.5694 -12.875 12
    endloop
  endfacet
  facet normal -0.321435 0.946931 0
    outer loop
      vertex -15.8419 -12.9675 12
      vertex -15.5694 -12.875 2
      vertex -15.8419 -12.9675 2
    endloop
  endfacet
  facet normal -0.896984 0.442063 0
    outer loop
      vertex -17.0325 -14.1581 2
      vertex -16.9053 -13.9 12
      vertex -16.9053 -13.9 2
    endloop
  endfacet
  facet normal -0.896984 0.442063 0
    outer loop
      vertex -16.9053 -13.9 12
      vertex -17.0325 -14.1581 2
      vertex -17.0325 -14.1581 12
    endloop
  endfacet
  facet normal -0.896984 -0.442063 0
    outer loop
      vertex -16.9053 -16.1 2
      vertex -17.0325 -15.8419 12
      vertex -17.0325 -15.8419 2
    endloop
  endfacet
  facet normal -0.896984 -0.442063 0
    outer loop
      vertex -17.0325 -15.8419 12
      vertex -16.9053 -16.1 2
      vertex -16.9053 -16.1 12
    endloop
  endfacet
  facet normal 0.946931 0.321435 0
    outer loop
      vertex -12.875 -14.4306 12
      vertex -12.9675 -14.1581 2
      vertex -12.9675 -14.1581 12
    endloop
  endfacet
  facet normal 0.946931 0.321435 0
    outer loop
      vertex -12.9675 -14.1581 2
      vertex -12.875 -14.4306 12
      vertex -12.875 -14.4306 2
    endloop
  endfacet
  facet normal 0.896984 0.442063 0
    outer loop
      vertex -12.9675 -14.1581 12
      vertex -13.0947 -13.9 2
      vertex -13.0947 -13.9 12
    endloop
  endfacet
  facet normal 0.896984 0.442063 0
    outer loop
      vertex -13.0947 -13.9 2
      vertex -12.9675 -14.1581 12
      vertex -12.9675 -14.1581 2
    endloop
  endfacet
  facet normal 0.831462 0.555582 0
    outer loop
      vertex -13.0947 -13.9 12
      vertex -13.2546 -13.6607 2
      vertex -13.2546 -13.6607 12
    endloop
  endfacet
  facet normal 0.831462 0.555582 0
    outer loop
      vertex -13.2546 -13.6607 2
      vertex -13.0947 -13.9 12
      vertex -13.0947 -13.9 2
    endloop
  endfacet
  facet normal 0.442063 0.896984 -0
    outer loop
      vertex -13.9 -13.0947 2
      vertex -14.1581 -12.9675 12
      vertex -13.9 -13.0947 12
    endloop
  endfacet
  facet normal 0.442063 0.896984 0
    outer loop
      vertex -14.1581 -12.9675 12
      vertex -13.9 -13.0947 2
      vertex -14.1581 -12.9675 2
    endloop
  endfacet
  facet normal 0.321435 0.946931 -0
    outer loop
      vertex -14.1581 -12.9675 2
      vertex -14.4306 -12.875 12
      vertex -14.1581 -12.9675 12
    endloop
  endfacet
  facet normal 0.321435 0.946931 0
    outer loop
      vertex -14.4306 -12.875 12
      vertex -14.1581 -12.9675 2
      vertex -14.4306 -12.875 2
    endloop
  endfacet
  facet normal -0.75165 0.659562 0
    outer loop
      vertex -16.7454 -13.6607 2
      vertex -16.5556 -13.4444 12
      vertex -16.5556 -13.4444 2
    endloop
  endfacet
  facet normal -0.75165 0.659562 0
    outer loop
      vertex -16.5556 -13.4444 12
      vertex -16.7454 -13.6607 2
      vertex -16.7454 -13.6607 12
    endloop
  endfacet
  facet normal -0.442063 0.896984 0
    outer loop
      vertex -15.8419 -12.9675 2
      vertex -16.1 -13.0947 12
      vertex -15.8419 -12.9675 12
    endloop
  endfacet
  facet normal -0.442063 0.896984 0
    outer loop
      vertex -16.1 -13.0947 12
      vertex -15.8419 -12.9675 2
      vertex -16.1 -13.0947 2
    endloop
  endfacet
  facet normal -0.555582 0.831462 0
    outer loop
      vertex -16.1 -13.0947 2
      vertex -16.3393 -13.2546 12
      vertex -16.1 -13.0947 12
    endloop
  endfacet
  facet normal -0.555582 0.831462 0
    outer loop
      vertex -16.3393 -13.2546 12
      vertex -16.1 -13.0947 2
      vertex -16.3393 -13.2546 2
    endloop
  endfacet
  facet normal 0.997864 0.0653198 0
    outer loop
      vertex -12.8 -15 12
      vertex -12.8188 -14.7128 2
      vertex -12.8188 -14.7128 12
    endloop
  endfacet
  facet normal 0.997864 0.0653198 0
    outer loop
      vertex -12.8188 -14.7128 2
      vertex -12.8 -15 12
      vertex -12.8 -15 2
    endloop
  endfacet
  facet normal 0.321435 -0.946931 0
    outer loop
      vertex -14.4306 -17.125 2
      vertex -14.1581 -17.0325 12
      vertex -14.4306 -17.125 12
    endloop
  endfacet
  facet normal 0.321435 -0.946931 0
    outer loop
      vertex -14.1581 -17.0325 12
      vertex -14.4306 -17.125 2
      vertex -14.1581 -17.0325 2
    endloop
  endfacet
  facet normal 0.75165 -0.659562 0
    outer loop
      vertex -13.4444 -16.5556 12
      vertex -13.2546 -16.3393 2
      vertex -13.2546 -16.3393 12
    endloop
  endfacet
  facet normal 0.75165 -0.659562 0
    outer loop
      vertex -13.2546 -16.3393 2
      vertex -13.4444 -16.5556 12
      vertex -13.4444 -16.5556 2
    endloop
  endfacet
  facet normal 0.659562 -0.75165 0
    outer loop
      vertex -13.6607 -16.7454 2
      vertex -13.4444 -16.5556 12
      vertex -13.6607 -16.7454 12
    endloop
  endfacet
  facet normal 0.659562 -0.75165 0
    outer loop
      vertex -13.4444 -16.5556 12
      vertex -13.6607 -16.7454 2
      vertex -13.4444 -16.5556 2
    endloop
  endfacet
  facet normal 0.442063 -0.896984 0
    outer loop
      vertex -14.1581 -17.0325 2
      vertex -13.9 -16.9053 12
      vertex -14.1581 -17.0325 12
    endloop
  endfacet
  facet normal 0.442063 -0.896984 0
    outer loop
      vertex -13.9 -16.9053 12
      vertex -14.1581 -17.0325 2
      vertex -13.9 -16.9053 2
    endloop
  endfacet
  facet normal -0.0653198 -0.997864 0
    outer loop
      vertex -15.2872 -17.1812 2
      vertex -15 -17.2 12
      vertex -15.2872 -17.1812 12
    endloop
  endfacet
  facet normal -0.0653198 -0.997864 -0
    outer loop
      vertex -15 -17.2 12
      vertex -15.2872 -17.1812 2
      vertex -15 -17.2 2
    endloop
  endfacet
  facet normal -0.442063 -0.896984 0
    outer loop
      vertex -16.1 -16.9053 2
      vertex -15.8419 -17.0325 12
      vertex -16.1 -16.9053 12
    endloop
  endfacet
  facet normal -0.442063 -0.896984 -0
    outer loop
      vertex -15.8419 -17.0325 12
      vertex -16.1 -16.9053 2
      vertex -15.8419 -17.0325 2
    endloop
  endfacet
  facet normal -0.555582 -0.831462 0
    outer loop
      vertex -16.3393 -16.7454 2
      vertex -16.1 -16.9053 12
      vertex -16.3393 -16.7454 12
    endloop
  endfacet
  facet normal -0.555582 -0.831462 -0
    outer loop
      vertex -16.1 -16.9053 12
      vertex -16.3393 -16.7454 2
      vertex -16.1 -16.9053 2
    endloop
  endfacet
  facet normal 0.980741 0.195314 0
    outer loop
      vertex -12.8188 -14.7128 12
      vertex -12.875 -14.4306 2
      vertex -12.875 -14.4306 12
    endloop
  endfacet
  facet normal 0.980741 0.195314 0
    outer loop
      vertex -12.875 -14.4306 2
      vertex -12.8188 -14.7128 12
      vertex -12.8188 -14.7128 2
    endloop
  endfacet
  facet normal 0.75165 0.659562 0
    outer loop
      vertex -13.2546 -13.6607 12
      vertex -13.4444 -13.4444 2
      vertex -13.4444 -13.4444 12
    endloop
  endfacet
  facet normal 0.75165 0.659562 0
    outer loop
      vertex -13.4444 -13.4444 2
      vertex -13.2546 -13.6607 12
      vertex -13.2546 -13.6607 2
    endloop
  endfacet
  facet normal 0.0653198 0.997864 -0
    outer loop
      vertex -14.7128 -12.8188 2
      vertex -15 -12.8 12
      vertex -14.7128 -12.8188 12
    endloop
  endfacet
  facet normal 0.0653198 0.997864 0
    outer loop
      vertex -15 -12.8 12
      vertex -14.7128 -12.8188 2
      vertex -15 -12.8 2
    endloop
  endfacet
  facet normal 0.195314 0.980741 -0
    outer loop
      vertex -14.4306 -12.875 2
      vertex -14.7128 -12.8188 12
      vertex -14.4306 -12.875 12
    endloop
  endfacet
  facet normal 0.195314 0.980741 0
    outer loop
      vertex -14.7128 -12.8188 12
      vertex -14.4306 -12.875 2
      vertex -14.7128 -12.8188 2
    endloop
  endfacet
  facet normal -0.997864 0.0653198 0
    outer loop
      vertex -17.2 -15 2
      vertex -17.1812 -14.7128 12
      vertex -17.1812 -14.7128 2
    endloop
  endfacet
  facet normal -0.997864 0.0653198 0
    outer loop
      vertex -17.1812 -14.7128 12
      vertex -17.2 -15 2
      vertex -17.2 -15 12
    endloop
  endfacet
  facet normal -0.980741 0.195314 0
    outer loop
      vertex -17.1812 -14.7128 2
      vertex -17.125 -14.4306 12
      vertex -17.125 -14.4306 2
    endloop
  endfacet
  facet normal -0.980741 0.195314 0
    outer loop
      vertex -17.125 -14.4306 12
      vertex -17.1812 -14.7128 2
      vertex -17.1812 -14.7128 12
    endloop
  endfacet
  facet normal -0.831462 0.555582 0
    outer loop
      vertex -16.9053 -13.9 2
      vertex -16.7454 -13.6607 12
      vertex -16.7454 -13.6607 2
    endloop
  endfacet
  facet normal -0.831462 0.555582 0
    outer loop
      vertex -16.7454 -13.6607 12
      vertex -16.9053 -13.9 2
      vertex -16.9053 -13.9 12
    endloop
  endfacet
  facet normal -0.0653198 0.997864 0
    outer loop
      vertex -15 -12.8 2
      vertex -15.2872 -12.8188 12
      vertex -15 -12.8 12
    endloop
  endfacet
  facet normal -0.0653198 0.997864 0
    outer loop
      vertex -15.2872 -12.8188 12
      vertex -15 -12.8 2
      vertex -15.2872 -12.8188 2
    endloop
  endfacet
  facet normal -0.195314 0.980741 0
    outer loop
      vertex -15.2872 -12.8188 2
      vertex -15.5694 -12.875 12
      vertex -15.2872 -12.8188 12
    endloop
  endfacet
  facet normal -0.195314 0.980741 0
    outer loop
      vertex -15.5694 -12.875 12
      vertex -15.2872 -12.8188 2
      vertex -15.5694 -12.875 2
    endloop
  endfacet
  facet normal -0.659562 0.75165 0
    outer loop
      vertex -16.3393 -13.2546 2
      vertex -16.5556 -13.4444 12
      vertex -16.3393 -13.2546 12
    endloop
  endfacet
  facet normal -0.659562 0.75165 0
    outer loop
      vertex -16.5556 -13.4444 12
      vertex -16.3393 -13.2546 2
      vertex -16.5556 -13.4444 2
    endloop
  endfacet
  facet normal 0.0653198 -0.997864 0
    outer loop
      vertex -15 -17.2 2
      vertex -14.7128 -17.1812 12
      vertex -15 -17.2 12
    endloop
  endfacet
  facet normal 0.0653198 -0.997864 0
    outer loop
      vertex -14.7128 -17.1812 12
      vertex -15 -17.2 2
      vertex -14.7128 -17.1812 2
    endloop
  endfacet
  facet normal 0.980741 -0.195314 0
    outer loop
      vertex -12.875 -15.5694 12
      vertex -12.8188 -15.2872 2
      vertex -12.8188 -15.2872 12
    endloop
  endfacet
  facet normal 0.980741 -0.195314 0
    outer loop
      vertex -12.8188 -15.2872 2
      vertex -12.875 -15.5694 12
      vertex -12.875 -15.5694 2
    endloop
  endfacet
  facet normal 0.195314 -0.980741 0
    outer loop
      vertex -14.7128 -17.1812 2
      vertex -14.4306 -17.125 12
      vertex -14.7128 -17.1812 12
    endloop
  endfacet
  facet normal 0.195314 -0.980741 0
    outer loop
      vertex -14.4306 -17.125 12
      vertex -14.7128 -17.1812 2
      vertex -14.4306 -17.125 2
    endloop
  endfacet
  facet normal 0.555582 -0.831462 0
    outer loop
      vertex -13.9 -16.9053 2
      vertex -13.6607 -16.7454 12
      vertex -13.9 -16.9053 12
    endloop
  endfacet
  facet normal 0.555582 -0.831462 0
    outer loop
      vertex -13.6607 -16.7454 12
      vertex -13.9 -16.9053 2
      vertex -13.6607 -16.7454 2
    endloop
  endfacet
  facet normal -0.195314 -0.980741 0
    outer loop
      vertex -15.5694 -17.125 2
      vertex -15.2872 -17.1812 12
      vertex -15.5694 -17.125 12
    endloop
  endfacet
  facet normal -0.195314 -0.980741 -0
    outer loop
      vertex -15.2872 -17.1812 12
      vertex -15.5694 -17.125 2
      vertex -15.2872 -17.1812 2
    endloop
  endfacet
  facet normal -0.659562 -0.75165 0
    outer loop
      vertex -16.5556 -16.5556 2
      vertex -16.3393 -16.7454 12
      vertex -16.5556 -16.5556 12
    endloop
  endfacet
  facet normal -0.659562 -0.75165 -0
    outer loop
      vertex -16.3393 -16.7454 12
      vertex -16.5556 -16.5556 2
      vertex -16.3393 -16.7454 2
    endloop
  endfacet
  facet normal -0.946931 -0.321435 0
    outer loop
      vertex -17.0325 -15.8419 2
      vertex -17.125 -15.5694 12
      vertex -17.125 -15.5694 2
    endloop
  endfacet
  facet normal -0.946931 -0.321435 0
    outer loop
      vertex -17.125 -15.5694 12
      vertex -17.0325 -15.8419 2
      vertex -17.0325 -15.8419 12
    endloop
  endfacet
  facet normal -0.997864 -0.0653198 0
    outer loop
      vertex -17.1812 -15.2872 2
      vertex -17.2 -15 12
      vertex -17.2 -15 2
    endloop
  endfacet
  facet normal -0.997864 -0.0653198 0
    outer loop
      vertex -17.2 -15 12
      vertex -17.1812 -15.2872 2
      vertex -17.1812 -15.2872 12
    endloop
  endfacet
  facet normal -0.831462 -0.555582 0
    outer loop
      vertex -16.7454 -16.3393 2
      vertex -16.9053 -16.1 12
      vertex -16.9053 -16.1 2
    endloop
  endfacet
  facet normal -0.831462 -0.555582 0
    outer loop
      vertex -16.9053 -16.1 12
      vertex -16.7454 -16.3393 2
      vertex -16.7454 -16.3393 12
    endloop
  endfacet
  facet normal -0.75165 -0.659562 0
    outer loop
      vertex -16.5556 -16.5556 2
      vertex -16.7454 -16.3393 12
      vertex -16.7454 -16.3393 2
    endloop
  endfacet
  facet normal -0.75165 -0.659562 0
    outer loop
      vertex -16.7454 -16.3393 12
      vertex -16.5556 -16.5556 2
      vertex -16.5556 -16.5556 12
    endloop
  endfacet
  facet normal 0 0 1
    outer loop
      vertex -12.8188 -14.7128 12
      vertex -12.8188 -15.2872 12
      vertex -12.8 -15 12
    endloop
  endfacet
  facet normal 0 0 1
    outer loop
      vertex -12.875 -14.4306 12
      vertex -12.8188 -15.2872 12
      vertex -12.8188 -14.7128 12
    endloop
  endfacet
  facet normal 0 0 1
    outer loop
      vertex -12.875 -14.4306 12
      vertex -12.875 -15.5694 12
      vertex -12.8188 -15.2872 12
    endloop
  endfacet
  facet normal 0 0 1
    outer loop
      vertex -12.9675 -14.1581 12
      vertex -12.875 -15.5694 12
      vertex -12.875 -14.4306 12
    endloop
  endfacet
  facet normal 0 0 1
    outer loop
      vertex -12.9675 -14.1581 12
      vertex -12.9675 -15.8419 12
      vertex -12.875 -15.5694 12
    endloop
  endfacet
  facet normal 0 0 1
    outer loop
      vertex -13.0947 -13.9 12
      vertex -12.9675 -15.8419 12
      vertex -12.9675 -14.1581 12
    endloop
  endfacet
  facet normal 0 0 1
    outer loop
      vertex -13.0947 -13.9 12
      vertex -13.0947 -16.1 12
      vertex -12.9675 -15.8419 12
    endloop
  endfacet
  facet normal 0 0 1
    outer loop
      vertex -13.2546 -13.6607 12
      vertex -13.0947 -16.1 12
      vertex -13.0947 -13.9 12
    endloop
  endfacet
  facet normal 0 0 1
    outer loop
      vertex -13.2546 -13.6607 12
      vertex -13.2546 -16.3393 12
      vertex -13.0947 -16.1 12
    endloop
  endfacet
  facet normal 0 0 1
    outer loop
      vertex -13.4444 -13.4444 12
      vertex -13.2546 -16.3393 12
      vertex -13.2546 -13.6607 12
    endloop
  endfacet
  facet normal 0 0 1
    outer loop
      vertex -13.4444 -13.4444 12
      vertex -13.4444 -16.5556 12
      vertex -13.2546 -16.3393 12
    endloop
  endfacet
  facet normal 0 0 1
    outer loop
      vertex -13.6607 -13.2546 12
      vertex -13.4444 -16.5556 12
      vertex -13.4444 -13.4444 12
    endloop
  endfacet
  facet normal 0 0 1
    outer loop
      vertex -13.6607 -13.2546 12
      vertex -13.6607 -16.7454 12
      vertex -13.4444 -16.5556 12
    endloop
  endfacet
  facet normal 0 0 1
    outer loop
      vertex -13.9 -13.0947 12
      vertex -13.6607 -16.7454 12
      vertex -13.6607 -13.2546 12
    endloop
  endfacet
  facet normal 0 0 1
    outer loop
      vertex -13.9 -13.0947 12
      vertex -13.9 -16.9053 12
      vertex -13.6607 -16.7454 12
    endloop
  endfacet
  facet normal 0 0 1
    outer loop
      vertex -14.1581 -12.9675 12
      vertex -13.9 -16.9053 12
      vertex -13.9 -13.0947 12
    endloop
  endfacet
  facet normal 0 0 1
    outer loop
      vertex -14.1581 -12.9675 12
      vertex -14.1581 -17.0325 12
      vertex -13.9 -16.9053 12
    endloop
  endfacet
  facet normal 0 0 1
    outer loop
      vertex -14.4306 -12.875 12
      vertex -14.1581 -17.0325 12
      vertex -14.1581 -12.9675 12
    endloop
  endfacet
  facet normal 0 0 1
    outer loop
      vertex -14.4306 -12.875 12
      vertex -14.4306 -17.125 12
      vertex -14.1581 -17.0325 12
    endloop
  endfacet
  facet normal 0 0 1
    outer loop
      vertex -14.7128 -12.8188 12
      vertex -14.4306 -17.125 12
      vertex -14.4306 -12.875 12
    endloop
  endfacet
  facet normal 0 0 1
    outer loop
      vertex -14.7128 -12.8188 12
      vertex -14.7128 -17.1812 12
      vertex -14.4306 -17.125 12
    endloop
  endfacet
  facet normal 0 0 1
    outer loop
      vertex -15 -12.8 12
      vertex -14.7128 -17.1812 12
      vertex -14.7128 -12.8188 12
    endloop
  endfacet
  facet normal 0 0 1
    outer loop
      vertex -15 -12.8 12
      vertex -15 -17.2 12
      vertex -14.7128 -17.1812 12
    endloop
  endfacet
  facet normal -0 0 1
    outer loop
      vertex -15.2872 -12.8188 12
      vertex -15 -17.2 12
      vertex -15 -12.8 12
    endloop
  endfacet
  facet normal 0 0 1
    outer loop
      vertex -15.2872 -12.8188 12
      vertex -15.2872 -17.1812 12
      vertex -15 -17.2 12
    endloop
  endfacet
  facet normal -0 0 1
    outer loop
      vertex -15.5694 -12.875 12
      vertex -15.2872 -17.1812 12
      vertex -15.2872 -12.8188 12
    endloop
  endfacet
  facet normal 0 0 1
    outer loop
      vertex -15.5694 -12.875 12
      vertex -15.5694 -17.125 12
      vertex -15.2872 -17.1812 12
    endloop
  endfacet
  facet normal -0 0 1
    outer loop
      vertex -15.8419 -12.9675 12
      vertex -15.5694 -17.125 12
      vertex -15.5694 -12.875 12
    endloop
  endfacet
  facet normal 0 0 1
    outer loop
      vertex -15.8419 -12.9675 12
      vertex -15.8419 -17.0325 12
      vertex -15.5694 -17.125 12
    endloop
  endfacet
  facet normal -0 0 1
    outer loop
      vertex -16.1 -13.0947 12
      vertex -15.8419 -17.0325 12
      vertex -15.8419 -12.9675 12
    endloop
  endfacet
  facet normal 0 0 1
    outer loop
      vertex -16.1 -13.0947 12
      vertex -16.1 -16.9053 12
      vertex -15.8419 -17.0325 12
    endloop
  endfacet
  facet normal -0 0 1
    outer loop
      vertex -16.3393 -13.2546 12
      vertex -16.1 -16.9053 12
      vertex -16.1 -13.0947 12
    endloop
  endfacet
  facet normal 0 0 1
    outer loop
      vertex -16.3393 -13.2546 12
      vertex -16.3393 -16.7454 12
      vertex -16.1 -16.9053 12
    endloop
  endfacet
  facet normal -0 0 1
    outer loop
      vertex -16.5556 -13.4444 12
      vertex -16.3393 -16.7454 12
      vertex -16.3393 -13.2546 12
    endloop
  endfacet
  facet normal 0 0 1
    outer loop
      vertex -16.5556 -13.4444 12
      vertex -16.5556 -16.5556 12
      vertex -16.3393 -16.7454 12
    endloop
  endfacet
  facet normal -0 0 1
    outer loop
      vertex -16.7454 -13.6607 12
      vertex -16.5556 -16.5556 12
      vertex -16.5556 -13.4444 12
    endloop
  endfacet
  facet normal 0 0 1
    outer loop
      vertex -16.7454 -13.6607 12
      vertex -16.7454 -16.3393 12
      vertex -16.5556 -16.5556 12
    endloop
  endfacet
  facet normal -0 0 1
    outer loop
      vertex -16.9053 -13.9 12
      vertex -16.7454 -16.3393 12
      vertex -16.7454 -13.6607 12
    endloop
  endfacet
  facet normal 0 0 1
    outer loop
      vertex -16.9053 -13.9 12
      vertex -16.9053 -16.1 12
      vertex -16.7454 -16.3393 12
    endloop
  endfacet
  facet normal -0 0 1
    outer loop
      vertex -17.0325 -14.1581 12
      vertex -16.9053 -16.1 12
      vertex -16.9053 -13.9 12
    endloop
  endfacet
  facet normal 0 0 1
    outer loop
      vertex -17.0325 -14.1581 12
      vertex -17.0325 -15.8419 12
      vertex -16.9053 -16.1 12
    endloop
  endfacet
  facet normal -0 0 1
    outer loop
      vertex -17.125 -14.4306 12
      vertex -17.0325 -15.8419 12
      vertex -17.0325 -14.1581 12
    endloop
  endfacet
  facet normal 0 0 1
    outer loop
      vertex -17.125 -14.4306 12
      vertex -17.125 -15.5694 12
      vertex -17.0325 -15.8419 12
    endloop
  endfacet
  facet normal -0 0 1
    outer loop
      vertex -17.1812 -14.7128 12
      vertex -17.125 -15.5694 12
      vertex -17.125 -14.4306 12
    endloop
  endfacet
  facet normal 0 0 1
    outer loop
      vertex -17.1812 -14.7128 12
      vertex -17.1812 -15.2872 12
      vertex -17.125 -15.5694 12
    endloop
  endfacet
  facet normal 0 -0 1
    outer loop
      vertex -17.1812 -15.2872 12
      vertex -17.1812 -14.7128 12
      vertex -17.2 -15 12
    endloop
  endfacet
  facet normal 0.896984 -0.442063 0
    outer loop
      vertex -13.0947 -16.1 12
      vertex -12.9675 -15.8419 2
      vertex -12.9675 -15.8419 12
    endloop
  endfacet
  facet normal 0.896984 -0.442063 0
    outer loop
      vertex -12.9675 -15.8419 2
      vertex -13.0947 -16.1 12
      vertex -13.0947 -16.1 2
    endloop
  endfacet
  facet normal 0.831462 -0.555582 0
    outer loop
      vertex -13.2546 -16.3393 12
      vertex -13.0947 -16.1 2
      vertex -13.0947 -16.1 12
    endloop
  endfacet
  facet normal 0.831462 -0.555582 0
    outer loop
      vertex -13.0947 -16.1 2
      vertex -13.2546 -16.3393 12
      vertex -13.2546 -16.3393 2
    endloop
  endfacet
  facet normal -0.980741 -0.195314 0
    outer loop
      vertex -17.125 -15.5694 2
      vertex -17.1812 -15.2872 12
      vertex -17.1812 -15.2872 2
    endloop
  endfacet
  facet normal -0.980741 -0.195314 0
    outer loop
      vertex -17.1812 -15.2872 12
      vertex -17.125 -15.5694 2
      vertex -17.125 -15.5694 12
    endloop
  endfacet
  facet normal 0.946931 -0.321435 0
    outer loop
      vertex -12.9675 -15.8419 12
      vertex -12.875 -15.5694 2
      vertex -12.875 -15.5694 12
    endloop
  endfacet
  facet normal 0.946931 -0.321435 0
    outer loop
      vertex -12.875 -15.5694 2
      vertex -12.9675 -15.8419 12
      vertex -12.9675 -15.8419 2
    endloop
  endfacet
  facet normal 0.997864 -0 0.0653289
    outer loop
      vertex -17.0188 -9 3.78716
      vertex -17 0 3.5
      vertex -17.0188 0 3.78716
    endloop
  endfacet
  facet normal 0.997864 0 0.0653289
    outer loop
      vertex -17 0 3.5
      vertex -17.0188 -9 3.78716
      vertex -17 -9 3.5
    endloop
  endfacet
  facet normal 0.980746 -0 0.195287
    outer loop
      vertex -17.075 -9 4.0694
      vertex -17.0188 0 3.78716
      vertex -17.075 0 4.0694
    endloop
  endfacet
  facet normal 0.980746 0 0.195287
    outer loop
      vertex -17.0188 0 3.78716
      vertex -17.075 -9 4.0694
      vertex -17.0188 -9 3.78716
    endloop
  endfacet
  facet normal 0.065389 0 0.99786
    outer loop
      vertex -19.2 0 5.7
      vertex -18.9128 -9 5.68118
      vertex -18.9128 0 5.68118
    endloop
  endfacet
  facet normal 0.065389 0 0.99786
    outer loop
      vertex -18.9128 -9 5.68118
      vertex -19.2 0 5.7
      vertex -19.2 -9 5.7
    endloop
  endfacet
  facet normal 0.751741 -0 0.659458
    outer loop
      vertex -17.6444 -9 5.05563
      vertex -17.4546 0 4.83927
      vertex -17.6444 0 5.05563
    endloop
  endfacet
  facet normal 0.751741 0 0.659458
    outer loop
      vertex -17.4546 0 4.83927
      vertex -17.6444 -9 5.05563
      vertex -17.4546 -9 4.83927
    endloop
  endfacet
  facet normal -0.659464 0 0.751736
    outer loop
      vertex -20.7556 0 5.05563
      vertex -20.5393 -9 5.24538
      vertex -20.5393 0 5.24538
    endloop
  endfacet
  facet normal -0.659464 0 0.751736
    outer loop
      vertex -20.5393 -9 5.24538
      vertex -20.7556 0 5.05563
      vertex -20.7556 -9 5.05563
    endloop
  endfacet
  facet normal -0.321467 0 0.946921
    outer loop
      vertex -20.0419 0 5.53253
      vertex -19.7694 -9 5.62504
      vertex -19.7694 0 5.62504
    endloop
  endfacet
  facet normal -0.321467 0 0.946921
    outer loop
      vertex -19.7694 -9 5.62504
      vertex -20.0419 0 5.53253
      vertex -20.0419 -9 5.53253
    endloop
  endfacet
  facet normal 0.946931 -0 0.321435
    outer loop
      vertex -17.1675 -9 4.3419
      vertex -17.075 0 4.0694
      vertex -17.1675 0 4.3419
    endloop
  endfacet
  facet normal 0.946931 0 0.321435
    outer loop
      vertex -17.075 0 4.0694
      vertex -17.1675 -9 4.3419
      vertex -17.075 -9 4.0694
    endloop
  endfacet
  facet normal 0.442258 0 0.896888
    outer loop
      vertex -18.3581 0 5.53253
      vertex -18.1 -9 5.40526
      vertex -18.1 0 5.40526
    endloop
  endfacet
  facet normal 0.442258 0 0.896888
    outer loop
      vertex -18.1 -9 5.40526
      vertex -18.3581 0 5.53253
      vertex -18.3581 -9 5.53253
    endloop
  endfacet
  facet normal -0.831581 0 0.555404
    outer loop
      vertex -21 -9 4.75752
      vertex -20.9454 0 4.83927
      vertex -21 0 4.75752
    endloop
  endfacet
  facet normal -0.831581 0 0.555404
    outer loop
      vertex -20.9454 0 4.83927
      vertex -21 -9 4.75752
      vertex -20.9454 -9 4.83927
    endloop
  endfacet
  facet normal -0.195113 0 0.980781
    outer loop
      vertex -19.7694 0 5.62504
      vertex -19.4872 -9 5.68118
      vertex -19.4872 0 5.68118
    endloop
  endfacet
  facet normal -0.195113 0 0.980781
    outer loop
      vertex -19.4872 -9 5.68118
      vertex -19.7694 0 5.62504
      vertex -19.7694 -9 5.62504
    endloop
  endfacet
  facet normal -0.831581 0 -0.555404
    outer loop
      vertex -20.9454 -9 2.16072
      vertex -21 0 2.24247
      vertex -20.9454 0 2.16072
    endloop
  endfacet
  facet normal -0.831581 -0 -0.555404
    outer loop
      vertex -21 0 2.24247
      vertex -20.9454 -9 2.16072
      vertex -21 -9 2.24247
    endloop
  endfacet
  facet normal 0 1 0
    outer loop
      vertex -19.0891 0 2.65727
      vertex -17.5956 0 2
      vertex -19.2 0 2.65
    endloop
  endfacet
  facet normal 0 1 0
    outer loop
      vertex -20.8044 0 2
      vertex -19.2 0 2.65
      vertex -17.5956 0 2
    endloop
  endfacet
  facet normal -0 1 0
    outer loop
      vertex -20.9454 0 2.16072
      vertex -19.2 0 2.65
      vertex -20.8044 0 2
    endloop
  endfacet
  facet normal 0 1 0
    outer loop
      vertex -19.2 0 2.65
      vertex -20.9454 0 2.16072
      vertex -21 0 2.24247
    endloop
  endfacet
  facet normal 0 1 0
    outer loop
      vertex 19.3109 0 2.65727
      vertex 20.8044 0 2
      vertex 19.2 0 2.65
    endloop
  endfacet
  facet normal 0 1 0
    outer loop
      vertex 17.5956 0 2
      vertex 19.2 0 2.65
      vertex 20.8044 0 2
    endloop
  endfacet
  facet normal -0 1 0
    outer loop
      vertex 17.4546 0 2.16072
      vertex 19.2 0 2.65
      vertex 17.5956 0 2
    endloop
  endfacet
  facet normal 0 1 0
    outer loop
      vertex 19.2 0 2.65
      vertex 17.4546 0 2.16072
      vertex 17.2947 0 2.4
    endloop
  endfacet
  facet normal 0 1 0
    outer loop
      vertex -19.2 0 4.35
      vertex -19.2 0 5.7
      vertex -18.9128 0 5.68118
    endloop
  endfacet
  facet normal 0 1 0
    outer loop
      vertex -19.0891 0 4.34273
      vertex -18.9128 0 5.68118
      vertex -18.6306 0 5.62504
    endloop
  endfacet
  facet normal 0 1 0
    outer loop
      vertex -19.2 0 5.7
      vertex -19.2 0 4.35
      vertex -19.4872 0 5.68118
    endloop
  endfacet
  facet normal 0 1 0
    outer loop
      vertex -18.98 0 4.32104
      vertex -18.6306 0 5.62504
      vertex -18.3581 0 5.53253
    endloop
  endfacet
  facet normal 0 1 -0
    outer loop
      vertex -19.3109 0 4.34273
      vertex -19.4872 0 5.68118
      vertex -19.2 0 4.35
    endloop
  endfacet
  facet normal 0 1 0
    outer loop
      vertex -18.8747 0 4.2853
      vertex -18.3581 0 5.53253
      vertex -18.1 0 5.40526
    endloop
  endfacet
  facet normal 0 1 0
    outer loop
      vertex -19.4872 0 5.68118
      vertex -19.3109 0 4.34273
      vertex -19.7694 0 5.62504
    endloop
  endfacet
  facet normal 0 1 0
    outer loop
      vertex -18.775 0 4.23612
      vertex -18.1 0 5.40526
      vertex -17.8607 0 5.24538
    endloop
  endfacet
  facet normal 0 1 -0
    outer loop
      vertex -19.42 0 4.32104
      vertex -19.7694 0 5.62504
      vertex -19.3109 0 4.34273
    endloop
  endfacet
  facet normal 0 1 0
    outer loop
      vertex -18.6826 0 4.17435
      vertex -17.8607 0 5.24538
      vertex -17.6444 0 5.05563
    endloop
  endfacet
  facet normal 0 1 0
    outer loop
      vertex -19.7694 0 5.62504
      vertex -19.42 0 4.32104
      vertex -20.0419 0 5.53253
    endloop
  endfacet
  facet normal 0 1 0
    outer loop
      vertex -18.599 0 4.10104
      vertex -17.6444 0 5.05563
      vertex -17.4546 0 4.83927
    endloop
  endfacet
  facet normal 0 1 -0
    outer loop
      vertex -19.5253 0 4.2853
      vertex -20.0419 0 5.53253
      vertex -19.42 0 4.32104
    endloop
  endfacet
  facet normal 0 1 0
    outer loop
      vertex -20.0419 0 5.53253
      vertex -19.5253 0 4.2853
      vertex -20.3 0 5.40526
    endloop
  endfacet
  facet normal 0 1 0
    outer loop
      vertex -18.5257 0 4.01745
      vertex -17.4546 0 4.83927
      vertex -17.2947 0 4.6
    endloop
  endfacet
  facet normal 0 1 -0
    outer loop
      vertex -18.3581 0 56.4675
      vertex -18.8747 0 57.7147
      vertex -18.1 0 56.5947
    endloop
  endfacet
  facet normal 0 1 0
    outer loop
      vertex -18.8747 0 57.7147
      vertex -18.3581 0 56.4675
      vertex -18.98 0 57.679
    endloop
  endfacet
  facet normal 0 1 -0
    outer loop
      vertex -18.6306 0 56.375
      vertex -18.98 0 57.679
      vertex -18.3581 0 56.4675
    endloop
  endfacet
  facet normal 0 1 0
    outer loop
      vertex -19.2 0 57.65
      vertex -20.9454 0 57.1607
      vertex -21 0 57.2425
    endloop
  endfacet
  facet normal -0 1 0
    outer loop
      vertex -20.7556 0 56.9444
      vertex -19.2 0 57.65
      vertex -20.5393 0 56.7546
    endloop
  endfacet
  facet normal -0 1 0
    outer loop
      vertex -20.9454 0 57.1607
      vertex -19.2 0 57.65
      vertex -20.7556 0 56.9444
    endloop
  endfacet
  facet normal 0 1 0
    outer loop
      vertex -18.98 0 57.679
      vertex -18.6306 0 56.375
      vertex -19.0891 0 57.6573
    endloop
  endfacet
  facet normal 0 1 0
    outer loop
      vertex -19.2 0 57.65
      vertex -20.3 0 56.5947
      vertex -20.5393 0 56.7546
    endloop
  endfacet
  facet normal 0 1 -0
    outer loop
      vertex -18.9128 0 56.3188
      vertex -19.0891 0 57.6573
      vertex -18.6306 0 56.375
    endloop
  endfacet
  facet normal 0 1 0
    outer loop
      vertex -19.2 0 57.65
      vertex -20.0419 0 56.4675
      vertex -20.3 0 56.5947
    endloop
  endfacet
  facet normal 0 1 0
    outer loop
      vertex -19.0891 0 57.6573
      vertex -18.9128 0 56.3188
      vertex -19.2 0 57.65
    endloop
  endfacet
  facet normal 0 1 0
    outer loop
      vertex -19.2 0 57.65
      vertex -19.7694 0 56.375
      vertex -20.0419 0 56.4675
    endloop
  endfacet
  facet normal 0 1 0
    outer loop
      vertex -19.2 0 56.3
      vertex -19.2 0 57.65
      vertex -18.9128 0 56.3188
    endloop
  endfacet
  facet normal 0 1 0
    outer loop
      vertex -19.2 0 57.65
      vertex -19.4872 0 56.3188
      vertex -19.7694 0 56.375
    endloop
  endfacet
  facet normal 0 1 0
    outer loop
      vertex -19.2 0 57.65
      vertex -19.2 0 56.3
      vertex -19.4872 0 56.3188
    endloop
  endfacet
  facet normal 0 1 -0
    outer loop
      vertex 20.0419 0 56.4675
      vertex 19.5253 0 57.7147
      vertex 20.3 0 56.5947
    endloop
  endfacet
  facet normal 0 1 0
    outer loop
      vertex 19.2 0 57.65
      vertex 17.4546 0 57.1607
      vertex 17.2947 0 57.4
    endloop
  endfacet
  facet normal 0 1 0
    outer loop
      vertex 19.5253 0 57.7147
      vertex 20.0419 0 56.4675
      vertex 19.42 0 57.679
    endloop
  endfacet
  facet normal 0 1 0
    outer loop
      vertex 19.2 0 57.65
      vertex 17.6444 0 56.9444
      vertex 17.4546 0 57.1607
    endloop
  endfacet
  facet normal 0 1 -0
    outer loop
      vertex 19.7694 0 56.375
      vertex 19.42 0 57.679
      vertex 20.0419 0 56.4675
    endloop
  endfacet
  facet normal 0 1 0
    outer loop
      vertex 19.2 0 57.65
      vertex 17.8607 0 56.7546
      vertex 17.6444 0 56.9444
    endloop
  endfacet
  facet normal 0 1 0
    outer loop
      vertex 19.42 0 57.679
      vertex 19.7694 0 56.375
      vertex 19.3109 0 57.6573
    endloop
  endfacet
  facet normal 0 1 0
    outer loop
      vertex 19.2 0 57.65
      vertex 18.1 0 56.5947
      vertex 17.8607 0 56.7546
    endloop
  endfacet
  facet normal 0 1 -0
    outer loop
      vertex 19.4872 0 56.3188
      vertex 19.3109 0 57.6573
      vertex 19.7694 0 56.375
    endloop
  endfacet
  facet normal 0 1 0
    outer loop
      vertex 19.2 0 57.65
      vertex 18.3581 0 56.4675
      vertex 18.1 0 56.5947
    endloop
  endfacet
  facet normal 0 1 0
    outer loop
      vertex 19.3109 0 57.6573
      vertex 19.4872 0 56.3188
      vertex 19.2 0 57.65
    endloop
  endfacet
  facet normal 0 1 0
    outer loop
      vertex 19.2 0 57.65
      vertex 18.6306 0 56.375
      vertex 18.3581 0 56.4675
    endloop
  endfacet
  facet normal 0 1 0
    outer loop
      vertex 19.2 0 56.3
      vertex 19.2 0 57.65
      vertex 19.4872 0 56.3188
    endloop
  endfacet
  facet normal 0 1 0
    outer loop
      vertex 19.2 0 57.65
      vertex 18.9128 0 56.3188
      vertex 18.6306 0 56.375
    endloop
  endfacet
  facet normal 0 1 0
    outer loop
      vertex 19.2 0 57.65
      vertex 19.2 0 56.3
      vertex 18.9128 0 56.3188
    endloop
  endfacet
  facet normal 0 1 0
    outer loop
      vertex 19.2 0 4.35
      vertex 19.2 0 5.7
      vertex 19.4872 0 5.68118
    endloop
  endfacet
  facet normal 0 1 0
    outer loop
      vertex 19.3109 0 4.34273
      vertex 19.4872 0 5.68118
      vertex 19.7694 0 5.62504
    endloop
  endfacet
  facet normal 0 1 0
    outer loop
      vertex 19.2 0 5.7
      vertex 19.2 0 4.35
      vertex 18.9128 0 5.68118
    endloop
  endfacet
  facet normal 0 1 0
    outer loop
      vertex 19.42 0 4.32104
      vertex 19.7694 0 5.62504
      vertex 20.0419 0 5.53253
    endloop
  endfacet
  facet normal 0 1 -0
    outer loop
      vertex 19.0891 0 4.34273
      vertex 18.9128 0 5.68118
      vertex 19.2 0 4.35
    endloop
  endfacet
  facet normal 0 1 0
    outer loop
      vertex 19.5253 0 4.2853
      vertex 20.0419 0 5.53253
      vertex 20.3 0 5.40526
    endloop
  endfacet
  facet normal 0 1 0
    outer loop
      vertex 18.9128 0 5.68118
      vertex 19.0891 0 4.34273
      vertex 18.6306 0 5.62504
    endloop
  endfacet
  facet normal 0 1 0
    outer loop
      vertex 19.625 0 4.23612
      vertex 20.3 0 5.40526
      vertex 20.5393 0 5.24538
    endloop
  endfacet
  facet normal 0 1 -0
    outer loop
      vertex 18.98 0 4.32104
      vertex 18.6306 0 5.62504
      vertex 19.0891 0 4.34273
    endloop
  endfacet
  facet normal 0 1 0
    outer loop
      vertex 19.7174 0 4.17435
      vertex 20.5393 0 5.24538
      vertex 20.7556 0 5.05563
    endloop
  endfacet
  facet normal 0 1 0
    outer loop
      vertex 18.6306 0 5.62504
      vertex 18.98 0 4.32104
      vertex 18.3581 0 5.53253
    endloop
  endfacet
  facet normal 0 1 0
    outer loop
      vertex 19.801 0 4.10104
      vertex 20.7556 0 5.05563
      vertex 20.9454 0 4.83927
    endloop
  endfacet
  facet normal 0 1 -0
    outer loop
      vertex 18.8747 0 4.2853
      vertex 18.3581 0 5.53253
      vertex 18.98 0 4.32104
    endloop
  endfacet
  facet normal 0 1 0
    outer loop
      vertex 19.8743 0 4.01745
      vertex 20.9454 0 4.83927
      vertex 21 0 4.75752
    endloop
  endfacet
  facet normal 0 1 0
    outer loop
      vertex 18.3581 0 5.53253
      vertex 18.8747 0 4.2853
      vertex 18.1 0 5.40526
    endloop
  endfacet
  facet normal 0 1 0
    outer loop
      vertex -18.5257 0 59.0174
      vertex -17.5956 0 60
      vertex -17.4546 0 59.8393
    endloop
  endfacet
  facet normal 0 1 0
    outer loop
      vertex -17.5956 0 60
      vertex -19.2 0 59.35
      vertex -20.8044 0 60
    endloop
  endfacet
  facet normal 0 1 -0
    outer loop
      vertex -19.3109 0 59.3427
      vertex -20.8044 0 60
      vertex -19.2 0 59.35
    endloop
  endfacet
  facet normal 0 1 0
    outer loop
      vertex -18.5257 0 59.0174
      vertex -17.4546 0 59.8393
      vertex -17.2947 0 59.6
    endloop
  endfacet
  facet normal 0 1 0
    outer loop
      vertex 19.8743 0 59.0174
      vertex 20.8044 0 60
      vertex 20.9454 0 59.8393
    endloop
  endfacet
  facet normal 0 1 0
    outer loop
      vertex 20.8044 0 60
      vertex 19.2 0 59.35
      vertex 17.5956 0 60
    endloop
  endfacet
  facet normal 0 1 0
    outer loop
      vertex 19.8743 0 59.0174
      vertex 20.9454 0 59.8393
      vertex 21 0 59.7575
    endloop
  endfacet
  facet normal 0 1 -0
    outer loop
      vertex 19.0891 0 59.3427
      vertex 17.5956 0 60
      vertex 19.2 0 59.35
    endloop
  endfacet
  facet normal 0 1 0
    outer loop
      vertex 20.8044 0 60
      vertex 23 0 62
      vertex 21 0 60
    endloop
  endfacet
  facet normal 0 1 0
    outer loop
      vertex 23 0 62
      vertex 21 0 59.7575
      vertex 21 0 60
    endloop
  endfacet
  facet normal 0 1 -0
    outer loop
      vertex 18.98 0 59.321
      vertex 17.5956 0 60
      vertex 19.0891 0 59.3427
    endloop
  endfacet
  facet normal 0 1 0
    outer loop
      vertex 20.8044 0 60
      vertex 19.3109 0 59.3427
      vertex 19.2 0 59.35
    endloop
  endfacet
  facet normal 0 1 0
    outer loop
      vertex 20.8044 0 60
      vertex 19.42 0 59.321
      vertex 19.3109 0 59.3427
    endloop
  endfacet
  facet normal 0 1 0
    outer loop
      vertex 20.8044 0 60
      vertex 19.5253 0 59.2853
      vertex 19.42 0 59.321
    endloop
  endfacet
  facet normal 0 1 0
    outer loop
      vertex 20.8044 0 60
      vertex 19.625 0 59.2361
      vertex 19.5253 0 59.2853
    endloop
  endfacet
  facet normal 0 1 0
    outer loop
      vertex 20.8044 0 60
      vertex 19.7174 0 59.1744
      vertex 19.625 0 59.2361
    endloop
  endfacet
  facet normal 0 1 0
    outer loop
      vertex 20.8044 0 60
      vertex 19.801 0 59.101
      vertex 19.7174 0 59.1744
    endloop
  endfacet
  facet normal 0 1 0
    outer loop
      vertex 20.8044 0 60
      vertex 19.8743 0 59.0174
      vertex 19.801 0 59.101
    endloop
  endfacet
  facet normal 0 1 0
    outer loop
      vertex 21 0 59.7575
      vertex 19.9361 0 58.925
      vertex 19.8743 0 59.0174
    endloop
  endfacet
  facet normal 0 1 0
    outer loop
      vertex 21 0 59.7575
      vertex 19.9853 0 58.8253
      vertex 19.9361 0 58.925
    endloop
  endfacet
  facet normal 0 1 0
    outer loop
      vertex 21 0 59.7575
      vertex 20.021 0 58.72
      vertex 19.9853 0 58.8253
    endloop
  endfacet
  facet normal 0 1 0
    outer loop
      vertex 21 0 59.7575
      vertex 20.0427 0 58.6109
      vertex 20.021 0 58.72
    endloop
  endfacet
  facet normal 0 1 0
    outer loop
      vertex 21 0 57.2425
      vertex 21 0 59.7575
      vertex 23 0 62
    endloop
  endfacet
  facet normal -0 1 0
    outer loop
      vertex 20.05 0 58.5
      vertex 21 0 59.7575
      vertex 21 0 57.2425
    endloop
  endfacet
  facet normal 0 1 0
    outer loop
      vertex 21 0 59.7575
      vertex 20.05 0 58.5
      vertex 20.0427 0 58.6109
    endloop
  endfacet
  facet normal 0 1 0
    outer loop
      vertex 20.05 0 58.5
      vertex 21 0 57.2425
      vertex 20.0427 0 58.3891
    endloop
  endfacet
  facet normal 0 1 0
    outer loop
      vertex 20.0427 0 58.3891
      vertex 21 0 57.2425
      vertex 20.021 0 58.28
    endloop
  endfacet
  facet normal 0 1 0
    outer loop
      vertex 20.021 0 58.28
      vertex 21 0 57.2425
      vertex 19.9853 0 58.1747
    endloop
  endfacet
  facet normal 0 1 0
    outer loop
      vertex 19.9853 0 58.1747
      vertex 21 0 57.2425
      vertex 19.9361 0 58.075
    endloop
  endfacet
  facet normal 0 1 -0
    outer loop
      vertex 20.3 0 56.5947
      vertex 19.625 0 57.7639
      vertex 20.5393 0 56.7546
    endloop
  endfacet
  facet normal 0 1 0
    outer loop
      vertex 19.625 0 57.7639
      vertex 20.3 0 56.5947
      vertex 19.5253 0 57.7147
    endloop
  endfacet
  facet normal 0 1 0
    outer loop
      vertex 19.7174 0 57.8256
      vertex 20.5393 0 56.7546
      vertex 19.625 0 57.7639
    endloop
  endfacet
  facet normal 0 1 -0
    outer loop
      vertex 20.5393 0 56.7546
      vertex 19.7174 0 57.8256
      vertex 20.7556 0 56.9444
    endloop
  endfacet
  facet normal 0 1 0
    outer loop
      vertex 19.801 0 57.899
      vertex 20.7556 0 56.9444
      vertex 19.7174 0 57.8256
    endloop
  endfacet
  facet normal 0 1 -0
    outer loop
      vertex 20.7556 0 56.9444
      vertex 19.801 0 57.899
      vertex 20.9454 0 57.1607
    endloop
  endfacet
  facet normal 0 1 0
    outer loop
      vertex 19.8743 0 57.9826
      vertex 20.9454 0 57.1607
      vertex 19.801 0 57.899
    endloop
  endfacet
  facet normal 0 1 -0
    outer loop
      vertex 20.9454 0 57.1607
      vertex 19.8743 0 57.9826
      vertex 21 0 57.2425
    endloop
  endfacet
  facet normal 0 1 0
    outer loop
      vertex 19.9361 0 58.075
      vertex 21 0 57.2425
      vertex 19.8743 0 57.9826
    endloop
  endfacet
  facet normal 0 1 0
    outer loop
      vertex 23 0 62
      vertex 21 0 4.75752
      vertex 21 0 57.2425
    endloop
  endfacet
  facet normal 0 1 -0
    outer loop
      vertex 18.775 0 4.23612
      vertex 18.1 0 5.40526
      vertex 18.8747 0 4.2853
    endloop
  endfacet
  facet normal 0 1 0
    outer loop
      vertex 19.4872 0 5.68118
      vertex 19.3109 0 4.34273
      vertex 19.2 0 4.35
    endloop
  endfacet
  facet normal 0 1 0
    outer loop
      vertex 19.7694 0 5.62504
      vertex 19.42 0 4.32104
      vertex 19.3109 0 4.34273
    endloop
  endfacet
  facet normal 0 1 0
    outer loop
      vertex 20.0419 0 5.53253
      vertex 19.5253 0 4.2853
      vertex 19.42 0 4.32104
    endloop
  endfacet
  facet normal 0 1 0
    outer loop
      vertex 20.3 0 5.40526
      vertex 19.625 0 4.23612
      vertex 19.5253 0 4.2853
    endloop
  endfacet
  facet normal 0 1 0
    outer loop
      vertex 20.5393 0 5.24538
      vertex 19.7174 0 4.17435
      vertex 19.625 0 4.23612
    endloop
  endfacet
  facet normal 0 1 0
    outer loop
      vertex 20.7556 0 5.05563
      vertex 19.801 0 4.10104
      vertex 19.7174 0 4.17435
    endloop
  endfacet
  facet normal 0 1 0
    outer loop
      vertex 20.9454 0 4.83927
      vertex 19.8743 0 4.01745
      vertex 19.801 0 4.10104
    endloop
  endfacet
  facet normal 0 1 0
    outer loop
      vertex 21 0 4.75752
      vertex 19.9361 0 3.925
      vertex 19.8743 0 4.01745
    endloop
  endfacet
  facet normal 0 1 0
    outer loop
      vertex 21 0 4.75752
      vertex 19.9853 0 3.82528
      vertex 19.9361 0 3.925
    endloop
  endfacet
  facet normal 0 1 0
    outer loop
      vertex 21 0 4.75752
      vertex 20.021 0 3.72
      vertex 19.9853 0 3.82528
    endloop
  endfacet
  facet normal 0 1 0
    outer loop
      vertex 21 0 4.75752
      vertex 20.0427 0 3.61095
      vertex 20.021 0 3.72
    endloop
  endfacet
  facet normal 0 1 0
    outer loop
      vertex 21 0 4.75752
      vertex 20.05 0 3.5
      vertex 20.0427 0 3.61095
    endloop
  endfacet
  facet normal 0 1 -0
    outer loop
      vertex 21 0 2.24247
      vertex 20.05 0 3.5
      vertex 21 0 4.75752
    endloop
  endfacet
  facet normal 0 1 0
    outer loop
      vertex 20.05 0 3.5
      vertex 21 0 2.24247
      vertex 20.0427 0 3.38905
    endloop
  endfacet
  facet normal 0 1 0
    outer loop
      vertex 20.0427 0 3.38905
      vertex 21 0 2.24247
      vertex 20.021 0 3.28
    endloop
  endfacet
  facet normal 0 1 0
    outer loop
      vertex 20.021 0 3.28
      vertex 21 0 2.24247
      vertex 19.9853 0 3.17472
    endloop
  endfacet
  facet normal 0 1 0
    outer loop
      vertex 19.5253 0 2.7147
      vertex 20.8044 0 2
      vertex 19.42 0 2.67896
    endloop
  endfacet
  facet normal 0 1 0
    outer loop
      vertex 19.42 0 2.67896
      vertex 20.8044 0 2
      vertex 19.3109 0 2.65727
    endloop
  endfacet
  facet normal 0 1 0
    outer loop
      vertex 19.625 0 2.76388
      vertex 20.8044 0 2
      vertex 19.5253 0 2.7147
    endloop
  endfacet
  facet normal 0 1 0
    outer loop
      vertex 19.7174 0 2.82565
      vertex 20.8044 0 2
      vertex 19.625 0 2.76388
    endloop
  endfacet
  facet normal 0 1 0
    outer loop
      vertex 19.801 0 2.89896
      vertex 20.8044 0 2
      vertex 19.7174 0 2.82565
    endloop
  endfacet
  facet normal 0 1 0
    outer loop
      vertex 19.8743 0 2.98255
      vertex 20.8044 0 2
      vertex 19.801 0 2.89896
    endloop
  endfacet
  facet normal 0 1 -0
    outer loop
      vertex 20.8044 0 2
      vertex 19.8743 0 2.98255
      vertex 20.9454 0 2.16072
    endloop
  endfacet
  facet normal 0 1 -0
    outer loop
      vertex 20.9454 0 2.16072
      vertex 19.8743 0 2.98255
      vertex 21 0 2.24247
    endloop
  endfacet
  facet normal 0 1 0
    outer loop
      vertex 19.9361 0 3.075
      vertex 21 0 2.24247
      vertex 19.8743 0 2.98255
    endloop
  endfacet
  facet normal 0 1 0
    outer loop
      vertex 19.9853 0 3.17472
      vertex 21 0 2.24247
      vertex 19.9361 0 3.075
    endloop
  endfacet
  facet normal 0 1 -0
    outer loop
      vertex 23 0 0
      vertex 21 0 4.75752
      vertex 23 0 62
    endloop
  endfacet
  facet normal 0 1 0
    outer loop
      vertex 21 0 4.75752
      vertex 23 0 0
      vertex 21 0 2.24247
    endloop
  endfacet
  facet normal 0 1 0
    outer loop
      vertex 23 0 0
      vertex 20.8044 0 2
      vertex 21 0 2
    endloop
  endfacet
  facet normal 0 1 0
    outer loop
      vertex 20.8044 0 2
      vertex 23 0 0
      vertex 17.5956 0 2
    endloop
  endfacet
  facet normal 0 1 0
    outer loop
      vertex 17.5956 0 2
      vertex 23 0 0
      vertex -17.5956 0 2
    endloop
  endfacet
  facet normal 0 1 0
    outer loop
      vertex -23 0 0
      vertex -17.5956 0 2
      vertex 23 0 0
    endloop
  endfacet
  facet normal 0 1 0
    outer loop
      vertex -17.5956 0 2
      vertex -23 0 0
      vertex -20.8044 0 2
    endloop
  endfacet
  facet normal 0 1 0
    outer loop
      vertex 21 0 2.24247
      vertex 23 0 0
      vertex 21 0 2
    endloop
  endfacet
  facet normal 0 1 0
    outer loop
      vertex 17.5956 0 60
      vertex 23 0 62
      vertex 20.8044 0 60
    endloop
  endfacet
  facet normal 0 1 0
    outer loop
      vertex 23 0 62
      vertex 17.5956 0 60
      vertex -23 0 62
    endloop
  endfacet
  facet normal 0 1 -0
    outer loop
      vertex -17.5956 0 60
      vertex -23 0 62
      vertex 17.5956 0 60
    endloop
  endfacet
  facet normal 0 1 -0
    outer loop
      vertex -20.8044 0 60
      vertex -23 0 62
      vertex -17.5956 0 60
    endloop
  endfacet
  facet normal 0 1 -0
    outer loop
      vertex -21 0 60
      vertex -23 0 62
      vertex -20.8044 0 60
    endloop
  endfacet
  facet normal 0 1 -0
    outer loop
      vertex -21 0 59.7575
      vertex -23 0 62
      vertex -21 0 60
    endloop
  endfacet
  facet normal 0 1 -0
    outer loop
      vertex -19.42 0 59.321
      vertex -20.8044 0 60
      vertex -19.3109 0 59.3427
    endloop
  endfacet
  facet normal 0 1 -0
    outer loop
      vertex -19.5253 0 59.2853
      vertex -20.8044 0 60
      vertex -19.42 0 59.321
    endloop
  endfacet
  facet normal 0 1 -0
    outer loop
      vertex -19.625 0 59.2361
      vertex -20.8044 0 60
      vertex -19.5253 0 59.2853
    endloop
  endfacet
  facet normal 0 1 -0
    outer loop
      vertex -19.7174 0 59.1744
      vertex -20.8044 0 60
      vertex -19.625 0 59.2361
    endloop
  endfacet
  facet normal 0 1 -0
    outer loop
      vertex -19.801 0 59.101
      vertex -20.8044 0 60
      vertex -19.7174 0 59.1744
    endloop
  endfacet
  facet normal 0 1 -0
    outer loop
      vertex -19.8743 0 59.0174
      vertex -20.8044 0 60
      vertex -19.801 0 59.101
    endloop
  endfacet
  facet normal 0 1 0
    outer loop
      vertex -20.8044 0 60
      vertex -19.8743 0 59.0174
      vertex -20.9454 0 59.8393
    endloop
  endfacet
  facet normal 0 1 0
    outer loop
      vertex -20.9454 0 59.8393
      vertex -19.8743 0 59.0174
      vertex -21 0 59.7575
    endloop
  endfacet
  facet normal 0 1 -0
    outer loop
      vertex -19.9361 0 58.925
      vertex -21 0 59.7575
      vertex -19.8743 0 59.0174
    endloop
  endfacet
  facet normal 0 1 -0
    outer loop
      vertex -19.9853 0 58.8253
      vertex -21 0 59.7575
      vertex -19.9361 0 58.925
    endloop
  endfacet
  facet normal 0 1 -0
    outer loop
      vertex -20.021 0 58.72
      vertex -21 0 59.7575
      vertex -19.9853 0 58.8253
    endloop
  endfacet
  facet normal 0 1 -0
    outer loop
      vertex -20.0427 0 58.6109
      vertex -21 0 59.7575
      vertex -20.021 0 58.72
    endloop
  endfacet
  facet normal 0 1 -0
    outer loop
      vertex -20.05 0 58.5
      vertex -21 0 59.7575
      vertex -20.0427 0 58.6109
    endloop
  endfacet
  facet normal 0 1 0
    outer loop
      vertex -21 0 59.7575
      vertex -20.05 0 58.5
      vertex -21 0 57.2425
    endloop
  endfacet
  facet normal 0 1 0
    outer loop
      vertex -21 0 57.2425
      vertex -20.05 0 58.5
      vertex -20.0427 0 58.3891
    endloop
  endfacet
  facet normal 0 1 0
    outer loop
      vertex -21 0 57.2425
      vertex -20.0427 0 58.3891
      vertex -20.021 0 58.28
    endloop
  endfacet
  facet normal 0 1 0
    outer loop
      vertex -21 0 57.2425
      vertex -20.021 0 58.28
      vertex -19.9853 0 58.1747
    endloop
  endfacet
  facet normal 0 1 0
    outer loop
      vertex -21 0 57.2425
      vertex -19.9853 0 58.1747
      vertex -19.9361 0 58.075
    endloop
  endfacet
  facet normal 0 1 0
    outer loop
      vertex -21 0 57.2425
      vertex -19.9361 0 58.075
      vertex -19.8743 0 57.9826
    endloop
  endfacet
  facet normal 0 1 0
    outer loop
      vertex -18.775 0 57.7639
      vertex -18.1 0 56.5947
      vertex -18.8747 0 57.7147
    endloop
  endfacet
  facet normal 0 1 0
    outer loop
      vertex -19.2 0 57.65
      vertex -21 0 57.2425
      vertex -19.3109 0 57.6573
    endloop
  endfacet
  facet normal 0 1 0
    outer loop
      vertex -21 0 57.2425
      vertex -19.42 0 57.679
      vertex -19.3109 0 57.6573
    endloop
  endfacet
  facet normal 0 1 0
    outer loop
      vertex -21 0 57.2425
      vertex -19.5253 0 57.7147
      vertex -19.42 0 57.679
    endloop
  endfacet
  facet normal 0 1 0
    outer loop
      vertex -21 0 57.2425
      vertex -19.625 0 57.7639
      vertex -19.5253 0 57.7147
    endloop
  endfacet
  facet normal 0 1 0
    outer loop
      vertex -21 0 57.2425
      vertex -19.7174 0 57.8256
      vertex -19.625 0 57.7639
    endloop
  endfacet
  facet normal 0 1 0
    outer loop
      vertex -21 0 57.2425
      vertex -19.801 0 57.899
      vertex -19.7174 0 57.8256
    endloop
  endfacet
  facet normal 0 1 0
    outer loop
      vertex -21 0 57.2425
      vertex -19.8743 0 57.9826
      vertex -19.801 0 57.899
    endloop
  endfacet
  facet normal 0 1 0
    outer loop
      vertex -21 0 59.7575
      vertex -21 0 57.2425
      vertex -23 0 62
    endloop
  endfacet
  facet normal 0 1 -0
    outer loop
      vertex -21 0 4.75752
      vertex -23 0 62
      vertex -21 0 57.2425
    endloop
  endfacet
  facet normal 0 1 -0
    outer loop
      vertex -19.625 0 4.23612
      vertex -20.3 0 5.40526
      vertex -19.5253 0 4.2853
    endloop
  endfacet
  facet normal 0 1 0
    outer loop
      vertex -20.3 0 5.40526
      vertex -19.625 0 4.23612
      vertex -20.5393 0 5.24538
    endloop
  endfacet
  facet normal 0 1 -0
    outer loop
      vertex -19.7174 0 4.17435
      vertex -20.5393 0 5.24538
      vertex -19.625 0 4.23612
    endloop
  endfacet
  facet normal 0 1 0
    outer loop
      vertex -20.5393 0 5.24538
      vertex -19.7174 0 4.17435
      vertex -20.7556 0 5.05563
    endloop
  endfacet
  facet normal 0 1 -0
    outer loop
      vertex -19.801 0 4.10104
      vertex -20.7556 0 5.05563
      vertex -19.7174 0 4.17435
    endloop
  endfacet
  facet normal 0 1 0
    outer loop
      vertex -20.7556 0 5.05563
      vertex -19.801 0 4.10104
      vertex -20.9454 0 4.83927
    endloop
  endfacet
  facet normal 0 1 -0
    outer loop
      vertex -19.8743 0 4.01745
      vertex -20.9454 0 4.83927
      vertex -19.801 0 4.10104
    endloop
  endfacet
  facet normal 0 1 0
    outer loop
      vertex -20.9454 0 4.83927
      vertex -19.8743 0 4.01745
      vertex -21 0 4.75752
    endloop
  endfacet
  facet normal 0 1 -0
    outer loop
      vertex -19.9361 0 3.925
      vertex -21 0 4.75752
      vertex -19.8743 0 4.01745
    endloop
  endfacet
  facet normal 0 1 -0
    outer loop
      vertex -19.9853 0 3.82528
      vertex -21 0 4.75752
      vertex -19.9361 0 3.925
    endloop
  endfacet
  facet normal 0 1 -0
    outer loop
      vertex -20.021 0 3.72
      vertex -21 0 4.75752
      vertex -19.9853 0 3.82528
    endloop
  endfacet
  facet normal 0 1 -0
    outer loop
      vertex -20.0427 0 3.61095
      vertex -21 0 4.75752
      vertex -20.021 0 3.72
    endloop
  endfacet
  facet normal 0 1 -0
    outer loop
      vertex -20.05 0 3.5
      vertex -21 0 4.75752
      vertex -20.0427 0 3.61095
    endloop
  endfacet
  facet normal 0 1 0
    outer loop
      vertex -21 0 2.24247
      vertex -20.05 0 3.5
      vertex -20.0427 0 3.38905
    endloop
  endfacet
  facet normal 0 1 0
    outer loop
      vertex -21 0 2.24247
      vertex -20.0427 0 3.38905
      vertex -20.021 0 3.28
    endloop
  endfacet
  facet normal 0 1 0
    outer loop
      vertex -21 0 2.24247
      vertex -20.021 0 3.28
      vertex -19.9853 0 3.17472
    endloop
  endfacet
  facet normal 0 1 0
    outer loop
      vertex -21 0 2.24247
      vertex -19.9853 0 3.17472
      vertex -19.9361 0 3.075
    endloop
  endfacet
  facet normal 0 1 0
    outer loop
      vertex -18.98 0 2.67896
      vertex -17.5956 0 2
      vertex -19.0891 0 2.65727
    endloop
  endfacet
  facet normal 0 1 0
    outer loop
      vertex -19.2 0 2.65
      vertex -21 0 2.24247
      vertex -19.3109 0 2.65727
    endloop
  endfacet
  facet normal 0 1 0
    outer loop
      vertex -21 0 2.24247
      vertex -19.42 0 2.67896
      vertex -19.3109 0 2.65727
    endloop
  endfacet
  facet normal 0 1 0
    outer loop
      vertex -21 0 2.24247
      vertex -19.5253 0 2.7147
      vertex -19.42 0 2.67896
    endloop
  endfacet
  facet normal 0 1 0
    outer loop
      vertex -21 0 2.24247
      vertex -19.625 0 2.76388
      vertex -19.5253 0 2.7147
    endloop
  endfacet
  facet normal 0 1 0
    outer loop
      vertex -21 0 2.24247
      vertex -19.7174 0 2.82565
      vertex -19.625 0 2.76388
    endloop
  endfacet
  facet normal 0 1 0
    outer loop
      vertex -21 0 2.24247
      vertex -19.801 0 2.89896
      vertex -19.7174 0 2.82565
    endloop
  endfacet
  facet normal 0 1 0
    outer loop
      vertex -21 0 2.24247
      vertex -19.8743 0 2.98255
      vertex -19.801 0 2.89896
    endloop
  endfacet
  facet normal 0 1 0
    outer loop
      vertex -21 0 2.24247
      vertex -19.9361 0 3.075
      vertex -19.8743 0 2.98255
    endloop
  endfacet
  facet normal 0 1 0
    outer loop
      vertex -20.05 0 3.5
      vertex -21 0 2.24247
      vertex -21 0 4.75752
    endloop
  endfacet
  facet normal 0 1 0
    outer loop
      vertex -23 0 0
      vertex -21 0 4.75752
      vertex -21 0 2.24247
    endloop
  endfacet
  facet normal 0 1 0
    outer loop
      vertex -23 0 0
      vertex -21 0 2.24247
      vertex -21 0 2
    endloop
  endfacet
  facet normal 0 1 0
    outer loop
      vertex -21 0 4.75752
      vertex -23 0 0
      vertex -23 0 62
    endloop
  endfacet
  facet normal 0 1 0
    outer loop
      vertex -20.8044 0 2
      vertex -23 0 0
      vertex -21 0 2
    endloop
  endfacet
  facet normal 0 1 0
    outer loop
      vertex -18.9128 0 5.68118
      vertex -19.0891 0 4.34273
      vertex -19.2 0 4.35
    endloop
  endfacet
  facet normal 0 1 0
    outer loop
      vertex -18.4639 0 3.925
      vertex -17.2947 0 4.6
      vertex -17.1675 0 4.3419
    endloop
  endfacet
  facet normal 0 1 0
    outer loop
      vertex -18.6306 0 5.62504
      vertex -18.98 0 4.32104
      vertex -19.0891 0 4.34273
    endloop
  endfacet
  facet normal 0 1 0
    outer loop
      vertex -18.3581 0 5.53253
      vertex -18.8747 0 4.2853
      vertex -18.98 0 4.32104
    endloop
  endfacet
  facet normal 0 1 0
    outer loop
      vertex -18.1 0 5.40526
      vertex -18.775 0 4.23612
      vertex -18.8747 0 4.2853
    endloop
  endfacet
  facet normal 0 1 0
    outer loop
      vertex -17.8607 0 5.24538
      vertex -18.6826 0 4.17435
      vertex -18.775 0 4.23612
    endloop
  endfacet
  facet normal 0 1 0
    outer loop
      vertex -17.6444 0 5.05563
      vertex -18.599 0 4.10104
      vertex -18.6826 0 4.17435
    endloop
  endfacet
  facet normal 0 1 0
    outer loop
      vertex -18.4147 0 3.82528
      vertex -17.1675 0 4.3419
      vertex -17.075 0 4.0694
    endloop
  endfacet
  facet normal 0 1 0
    outer loop
      vertex -17.4546 0 4.83927
      vertex -18.5257 0 4.01745
      vertex -18.599 0 4.10104
    endloop
  endfacet
  facet normal 0 1 0
    outer loop
      vertex -17.2947 0 4.6
      vertex -18.4639 0 3.925
      vertex -18.5257 0 4.01745
    endloop
  endfacet
  facet normal 0 1 0
    outer loop
      vertex -17.1675 0 4.3419
      vertex -18.4147 0 3.82528
      vertex -18.4639 0 3.925
    endloop
  endfacet
  facet normal 0 1 0
    outer loop
      vertex -18.379 0 3.72
      vertex -17.075 0 4.0694
      vertex -17.0188 0 3.78716
    endloop
  endfacet
  facet normal 0 1 0
    outer loop
      vertex -17.075 0 4.0694
      vertex -18.379 0 3.72
      vertex -18.4147 0 3.82528
    endloop
  endfacet
  facet normal 0 1 0
    outer loop
      vertex -17.0188 0 3.78716
      vertex -18.3573 0 3.61095
      vertex -18.379 0 3.72
    endloop
  endfacet
  facet normal 0 1 0
    outer loop
      vertex -17 0 3.5
      vertex -18.3573 0 3.61095
      vertex -17.0188 0 3.78716
    endloop
  endfacet
  facet normal 0 1 0
    outer loop
      vertex -17 0 3.5
      vertex -18.35 0 3.5
      vertex -18.3573 0 3.61095
    endloop
  endfacet
  facet normal 0 1 0
    outer loop
      vertex -17 0 3.5
      vertex -18.3573 0 3.38905
      vertex -18.35 0 3.5
    endloop
  endfacet
  facet normal 0 1 -0
    outer loop
      vertex -17.0188 0 3.21284
      vertex -18.3573 0 3.38905
      vertex -17 0 3.5
    endloop
  endfacet
  facet normal 0 1 0
    outer loop
      vertex -18.3573 0 3.38905
      vertex -17.0188 0 3.21284
      vertex -18.379 0 3.28
    endloop
  endfacet
  facet normal 0 1 -0
    outer loop
      vertex -17.075 0 2.9306
      vertex -18.379 0 3.28
      vertex -17.0188 0 3.21284
    endloop
  endfacet
  facet normal 0 1 0
    outer loop
      vertex -18.379 0 3.28
      vertex -17.075 0 2.9306
      vertex -18.4147 0 3.17472
    endloop
  endfacet
  facet normal 0 1 -0
    outer loop
      vertex -17.1675 0 2.6581
      vertex -18.4147 0 3.17472
      vertex -17.075 0 2.9306
    endloop
  endfacet
  facet normal 0 1 0
    outer loop
      vertex -18.4147 0 3.17472
      vertex -17.1675 0 2.6581
      vertex -18.4639 0 3.075
    endloop
  endfacet
  facet normal 0 1 -0
    outer loop
      vertex -17.2947 0 2.4
      vertex -18.4639 0 3.075
      vertex -17.1675 0 2.6581
    endloop
  endfacet
  facet normal 0 1 0
    outer loop
      vertex -18.4639 0 3.075
      vertex -17.2947 0 2.4
      vertex -18.5257 0 2.98255
    endloop
  endfacet
  facet normal 0 1 -0
    outer loop
      vertex -17.4546 0 2.16072
      vertex -18.5257 0 2.98255
      vertex -17.2947 0 2.4
    endloop
  endfacet
  facet normal 0 1 -0
    outer loop
      vertex -17.5956 0 2
      vertex -18.5257 0 2.98255
      vertex -17.4546 0 2.16072
    endloop
  endfacet
  facet normal 0 1 0
    outer loop
      vertex -18.5257 0 2.98255
      vertex -17.5956 0 2
      vertex -18.599 0 2.89896
    endloop
  endfacet
  facet normal 0 1 0
    outer loop
      vertex -18.599 0 2.89896
      vertex -17.5956 0 2
      vertex -18.6826 0 2.82565
    endloop
  endfacet
  facet normal 0 1 0
    outer loop
      vertex -18.6826 0 2.82565
      vertex -17.5956 0 2
      vertex -18.775 0 2.76388
    endloop
  endfacet
  facet normal 0 1 0
    outer loop
      vertex -18.775 0 2.76388
      vertex -17.5956 0 2
      vertex -18.8747 0 2.7147
    endloop
  endfacet
  facet normal 0 1 0
    outer loop
      vertex -18.8747 0 2.7147
      vertex -17.5956 0 2
      vertex -18.98 0 2.67896
    endloop
  endfacet
  facet normal 0 1 0
    outer loop
      vertex 18.1 0 5.40526
      vertex 18.775 0 4.23612
      vertex 17.8607 0 5.24538
    endloop
  endfacet
  facet normal 0 1 -0
    outer loop
      vertex 18.6826 0 4.17435
      vertex 17.8607 0 5.24538
      vertex 18.775 0 4.23612
    endloop
  endfacet
  facet normal 0 1 0
    outer loop
      vertex 17.8607 0 5.24538
      vertex 18.6826 0 4.17435
      vertex 17.6444 0 5.05563
    endloop
  endfacet
  facet normal 0 1 -0
    outer loop
      vertex 18.599 0 4.10104
      vertex 17.6444 0 5.05563
      vertex 18.6826 0 4.17435
    endloop
  endfacet
  facet normal 0 1 0
    outer loop
      vertex 17.6444 0 5.05563
      vertex 18.599 0 4.10104
      vertex 17.4546 0 4.83927
    endloop
  endfacet
  facet normal 0 1 -0
    outer loop
      vertex 18.5257 0 4.01745
      vertex 17.4546 0 4.83927
      vertex 18.599 0 4.10104
    endloop
  endfacet
  facet normal 0 1 0
    outer loop
      vertex 17.4546 0 4.83927
      vertex 18.5257 0 4.01745
      vertex 17.2947 0 4.6
    endloop
  endfacet
  facet normal 0 1 -0
    outer loop
      vertex 18.4639 0 3.925
      vertex 17.2947 0 4.6
      vertex 18.5257 0 4.01745
    endloop
  endfacet
  facet normal 0 1 0
    outer loop
      vertex 17.2947 0 4.6
      vertex 18.4639 0 3.925
      vertex 17.1675 0 4.3419
    endloop
  endfacet
  facet normal 0 1 -0
    outer loop
      vertex 18.4147 0 3.82528
      vertex 17.1675 0 4.3419
      vertex 18.4639 0 3.925
    endloop
  endfacet
  facet normal 0 1 0
    outer loop
      vertex 17.1675 0 4.3419
      vertex 18.4147 0 3.82528
      vertex 17.075 0 4.0694
    endloop
  endfacet
  facet normal 0 1 -0
    outer loop
      vertex 18.379 0 3.72
      vertex 17.075 0 4.0694
      vertex 18.4147 0 3.82528
    endloop
  endfacet
  facet normal 0 1 0
    outer loop
      vertex 17.075 0 4.0694
      vertex 18.379 0 3.72
      vertex 17.0188 0 3.78716
    endloop
  endfacet
  facet normal 0 1 -0
    outer loop
      vertex 18.3573 0 3.61095
      vertex 17.0188 0 3.78716
      vertex 18.379 0 3.72
    endloop
  endfacet
  facet normal 0 1 -0
    outer loop
      vertex 18.35 0 3.5
      vertex 17.0188 0 3.78716
      vertex 18.3573 0 3.61095
    endloop
  endfacet
  facet normal 0 1 0
    outer loop
      vertex 18.35 0 3.5
      vertex 17 0 3.5
      vertex 17.0188 0 3.78716
    endloop
  endfacet
  facet normal 0 1 0
    outer loop
      vertex 18.3573 0 3.38905
      vertex 17 0 3.5
      vertex 18.35 0 3.5
    endloop
  endfacet
  facet normal 0 1 0
    outer loop
      vertex 17.0188 0 3.21284
      vertex 18.3573 0 3.38905
      vertex 18.379 0 3.28
    endloop
  endfacet
  facet normal 0 1 0
    outer loop
      vertex 18.3573 0 3.38905
      vertex 17.0188 0 3.21284
      vertex 17 0 3.5
    endloop
  endfacet
  facet normal 0 1 0
    outer loop
      vertex 17.075 0 2.9306
      vertex 18.379 0 3.28
      vertex 18.4147 0 3.17472
    endloop
  endfacet
  facet normal 0 1 0
    outer loop
      vertex 17.1675 0 2.6581
      vertex 18.4147 0 3.17472
      vertex 18.4639 0 3.075
    endloop
  endfacet
  facet normal 0 1 0
    outer loop
      vertex 17.2947 0 2.4
      vertex 18.4639 0 3.075
      vertex 18.5257 0 2.98255
    endloop
  endfacet
  facet normal 0 1 0
    outer loop
      vertex 18.379 0 3.28
      vertex 17.075 0 2.9306
      vertex 17.0188 0 3.21284
    endloop
  endfacet
  facet normal 0 1 0
    outer loop
      vertex 17.2947 0 2.4
      vertex 18.5257 0 2.98255
      vertex 18.599 0 2.89896
    endloop
  endfacet
  facet normal 0 1 0
    outer loop
      vertex 17.2947 0 2.4
      vertex 18.599 0 2.89896
      vertex 18.6826 0 2.82565
    endloop
  endfacet
  facet normal 0 1 0
    outer loop
      vertex 17.2947 0 2.4
      vertex 18.6826 0 2.82565
      vertex 18.775 0 2.76388
    endloop
  endfacet
  facet normal 0 1 0
    outer loop
      vertex 17.2947 0 2.4
      vertex 18.775 0 2.76388
      vertex 18.8747 0 2.7147
    endloop
  endfacet
  facet normal 0 1 0
    outer loop
      vertex 17.2947 0 2.4
      vertex 18.8747 0 2.7147
      vertex 18.98 0 2.67896
    endloop
  endfacet
  facet normal 0 1 0
    outer loop
      vertex 18.4147 0 3.17472
      vertex 17.1675 0 2.6581
      vertex 17.075 0 2.9306
    endloop
  endfacet
  facet normal 0 1 0
    outer loop
      vertex 17.2947 0 2.4
      vertex 18.98 0 2.67896
      vertex 19.0891 0 2.65727
    endloop
  endfacet
  facet normal 0 1 0
    outer loop
      vertex 17.2947 0 2.4
      vertex 19.0891 0 2.65727
      vertex 19.2 0 2.65
    endloop
  endfacet
  facet normal 0 1 0
    outer loop
      vertex 18.4639 0 3.075
      vertex 17.2947 0 2.4
      vertex 17.1675 0 2.6581
    endloop
  endfacet
  facet normal 0 1 0
    outer loop
      vertex -17.5956 0 60
      vertex -19.0891 0 59.3427
      vertex -19.2 0 59.35
    endloop
  endfacet
  facet normal 0 1 0
    outer loop
      vertex -18.4639 0 58.925
      vertex -17.2947 0 59.6
      vertex -17.1675 0 59.3419
    endloop
  endfacet
  facet normal 0 1 0
    outer loop
      vertex -17.5956 0 60
      vertex -18.98 0 59.321
      vertex -19.0891 0 59.3427
    endloop
  endfacet
  facet normal 0 1 0
    outer loop
      vertex -17.5956 0 60
      vertex -18.8747 0 59.2853
      vertex -18.98 0 59.321
    endloop
  endfacet
  facet normal 0 1 0
    outer loop
      vertex -17.5956 0 60
      vertex -18.775 0 59.2361
      vertex -18.8747 0 59.2853
    endloop
  endfacet
  facet normal 0 1 0
    outer loop
      vertex -17.5956 0 60
      vertex -18.6826 0 59.1744
      vertex -18.775 0 59.2361
    endloop
  endfacet
  facet normal 0 1 0
    outer loop
      vertex -17.5956 0 60
      vertex -18.599 0 59.101
      vertex -18.6826 0 59.1744
    endloop
  endfacet
  facet normal 0 1 0
    outer loop
      vertex -18.4147 0 58.8253
      vertex -17.1675 0 59.3419
      vertex -17.075 0 59.0694
    endloop
  endfacet
  facet normal 0 1 0
    outer loop
      vertex -17.5956 0 60
      vertex -18.5257 0 59.0174
      vertex -18.599 0 59.101
    endloop
  endfacet
  facet normal 0 1 0
    outer loop
      vertex -17.2947 0 59.6
      vertex -18.4639 0 58.925
      vertex -18.5257 0 59.0174
    endloop
  endfacet
  facet normal 0 1 0
    outer loop
      vertex -17.1675 0 59.3419
      vertex -18.4147 0 58.8253
      vertex -18.4639 0 58.925
    endloop
  endfacet
  facet normal 0 1 0
    outer loop
      vertex -18.379 0 58.72
      vertex -17.075 0 59.0694
      vertex -17.0188 0 58.7872
    endloop
  endfacet
  facet normal 0 1 0
    outer loop
      vertex -17.075 0 59.0694
      vertex -18.379 0 58.72
      vertex -18.4147 0 58.8253
    endloop
  endfacet
  facet normal 0 1 0
    outer loop
      vertex -17.0188 0 58.7872
      vertex -18.3573 0 58.6109
      vertex -18.379 0 58.72
    endloop
  endfacet
  facet normal 0 1 0
    outer loop
      vertex -17 0 58.5
      vertex -18.3573 0 58.6109
      vertex -17.0188 0 58.7872
    endloop
  endfacet
  facet normal 0 1 0
    outer loop
      vertex -17 0 58.5
      vertex -18.35 0 58.5
      vertex -18.3573 0 58.6109
    endloop
  endfacet
  facet normal 0 1 0
    outer loop
      vertex -17 0 58.5
      vertex -18.3573 0 58.3891
      vertex -18.35 0 58.5
    endloop
  endfacet
  facet normal 0 1 -0
    outer loop
      vertex -17.0188 0 58.2128
      vertex -18.3573 0 58.3891
      vertex -17 0 58.5
    endloop
  endfacet
  facet normal 0 1 0
    outer loop
      vertex -18.3573 0 58.3891
      vertex -17.0188 0 58.2128
      vertex -18.379 0 58.28
    endloop
  endfacet
  facet normal 0 1 -0
    outer loop
      vertex -17.075 0 57.9306
      vertex -18.379 0 58.28
      vertex -17.0188 0 58.2128
    endloop
  endfacet
  facet normal 0 1 0
    outer loop
      vertex -18.379 0 58.28
      vertex -17.075 0 57.9306
      vertex -18.4147 0 58.1747
    endloop
  endfacet
  facet normal 0 1 -0
    outer loop
      vertex -17.1675 0 57.6581
      vertex -18.4147 0 58.1747
      vertex -17.075 0 57.9306
    endloop
  endfacet
  facet normal 0 1 0
    outer loop
      vertex -18.4147 0 58.1747
      vertex -17.1675 0 57.6581
      vertex -18.4639 0 58.075
    endloop
  endfacet
  facet normal 0 1 -0
    outer loop
      vertex -17.2947 0 57.4
      vertex -18.4639 0 58.075
      vertex -17.1675 0 57.6581
    endloop
  endfacet
  facet normal 0 1 0
    outer loop
      vertex -18.4639 0 58.075
      vertex -17.2947 0 57.4
      vertex -18.5257 0 57.9826
    endloop
  endfacet
  facet normal 0 1 -0
    outer loop
      vertex -17.4546 0 57.1607
      vertex -18.5257 0 57.9826
      vertex -17.2947 0 57.4
    endloop
  endfacet
  facet normal 0 1 0
    outer loop
      vertex -18.5257 0 57.9826
      vertex -17.4546 0 57.1607
      vertex -18.599 0 57.899
    endloop
  endfacet
  facet normal 0 1 -0
    outer loop
      vertex -17.6444 0 56.9444
      vertex -18.599 0 57.899
      vertex -17.4546 0 57.1607
    endloop
  endfacet
  facet normal 0 1 0
    outer loop
      vertex -18.599 0 57.899
      vertex -17.6444 0 56.9444
      vertex -18.6826 0 57.8256
    endloop
  endfacet
  facet normal 0 1 -0
    outer loop
      vertex -17.8607 0 56.7546
      vertex -18.6826 0 57.8256
      vertex -17.6444 0 56.9444
    endloop
  endfacet
  facet normal 0 1 0
    outer loop
      vertex -18.6826 0 57.8256
      vertex -17.8607 0 56.7546
      vertex -18.775 0 57.7639
    endloop
  endfacet
  facet normal 0 1 -0
    outer loop
      vertex -18.1 0 56.5947
      vertex -18.775 0 57.7639
      vertex -17.8607 0 56.7546
    endloop
  endfacet
  facet normal 0 1 -0
    outer loop
      vertex 18.8747 0 59.2853
      vertex 17.5956 0 60
      vertex 18.98 0 59.321
    endloop
  endfacet
  facet normal 0 1 -0
    outer loop
      vertex 18.775 0 59.2361
      vertex 17.5956 0 60
      vertex 18.8747 0 59.2853
    endloop
  endfacet
  facet normal 0 1 -0
    outer loop
      vertex 18.6826 0 59.1744
      vertex 17.5956 0 60
      vertex 18.775 0 59.2361
    endloop
  endfacet
  facet normal 0 1 -0
    outer loop
      vertex 18.599 0 59.101
      vertex 17.5956 0 60
      vertex 18.6826 0 59.1744
    endloop
  endfacet
  facet normal 0 1 -0
    outer loop
      vertex 18.5257 0 59.0174
      vertex 17.5956 0 60
      vertex 18.599 0 59.101
    endloop
  endfacet
  facet normal 0 1 0
    outer loop
      vertex 17.5956 0 60
      vertex 18.5257 0 59.0174
      vertex 17.4546 0 59.8393
    endloop
  endfacet
  facet normal 0 1 0
    outer loop
      vertex 17.4546 0 59.8393
      vertex 18.5257 0 59.0174
      vertex 17.2947 0 59.6
    endloop
  endfacet
  facet normal 0 1 -0
    outer loop
      vertex 18.4639 0 58.925
      vertex 17.2947 0 59.6
      vertex 18.5257 0 59.0174
    endloop
  endfacet
  facet normal 0 1 0
    outer loop
      vertex 17.2947 0 59.6
      vertex 18.4639 0 58.925
      vertex 17.1675 0 59.3419
    endloop
  endfacet
  facet normal 0 1 -0
    outer loop
      vertex 18.4147 0 58.8253
      vertex 17.1675 0 59.3419
      vertex 18.4639 0 58.925
    endloop
  endfacet
  facet normal 0 1 0
    outer loop
      vertex 17.1675 0 59.3419
      vertex 18.4147 0 58.8253
      vertex 17.075 0 59.0694
    endloop
  endfacet
  facet normal 0 1 -0
    outer loop
      vertex 18.379 0 58.72
      vertex 17.075 0 59.0694
      vertex 18.4147 0 58.8253
    endloop
  endfacet
  facet normal 0 1 0
    outer loop
      vertex 17.075 0 59.0694
      vertex 18.379 0 58.72
      vertex 17.0188 0 58.7872
    endloop
  endfacet
  facet normal 0 1 -0
    outer loop
      vertex 18.3573 0 58.6109
      vertex 17.0188 0 58.7872
      vertex 18.379 0 58.72
    endloop
  endfacet
  facet normal 0 1 -0
    outer loop
      vertex 18.35 0 58.5
      vertex 17.0188 0 58.7872
      vertex 18.3573 0 58.6109
    endloop
  endfacet
  facet normal 0 1 0
    outer loop
      vertex 18.35 0 58.5
      vertex 17 0 58.5
      vertex 17.0188 0 58.7872
    endloop
  endfacet
  facet normal 0 1 0
    outer loop
      vertex 18.3573 0 58.3891
      vertex 17 0 58.5
      vertex 18.35 0 58.5
    endloop
  endfacet
  facet normal 0 1 0
    outer loop
      vertex 17.0188 0 58.2128
      vertex 18.3573 0 58.3891
      vertex 18.379 0 58.28
    endloop
  endfacet
  facet normal 0 1 0
    outer loop
      vertex 18.3573 0 58.3891
      vertex 17.0188 0 58.2128
      vertex 17 0 58.5
    endloop
  endfacet
  facet normal 0 1 0
    outer loop
      vertex 17.075 0 57.9306
      vertex 18.379 0 58.28
      vertex 18.4147 0 58.1747
    endloop
  endfacet
  facet normal 0 1 0
    outer loop
      vertex 17.1675 0 57.6581
      vertex 18.4147 0 58.1747
      vertex 18.4639 0 58.075
    endloop
  endfacet
  facet normal 0 1 0
    outer loop
      vertex 17.2947 0 57.4
      vertex 18.4639 0 58.075
      vertex 18.5257 0 57.9826
    endloop
  endfacet
  facet normal 0 1 0
    outer loop
      vertex 18.379 0 58.28
      vertex 17.075 0 57.9306
      vertex 17.0188 0 58.2128
    endloop
  endfacet
  facet normal 0 1 0
    outer loop
      vertex 17.2947 0 57.4
      vertex 18.5257 0 57.9826
      vertex 18.599 0 57.899
    endloop
  endfacet
  facet normal 0 1 0
    outer loop
      vertex 17.2947 0 57.4
      vertex 18.599 0 57.899
      vertex 18.6826 0 57.8256
    endloop
  endfacet
  facet normal 0 1 0
    outer loop
      vertex 17.2947 0 57.4
      vertex 18.6826 0 57.8256
      vertex 18.775 0 57.7639
    endloop
  endfacet
  facet normal 0 1 0
    outer loop
      vertex 17.2947 0 57.4
      vertex 18.775 0 57.7639
      vertex 18.8747 0 57.7147
    endloop
  endfacet
  facet normal 0 1 0
    outer loop
      vertex 17.2947 0 57.4
      vertex 18.8747 0 57.7147
      vertex 18.98 0 57.679
    endloop
  endfacet
  facet normal 0 1 0
    outer loop
      vertex 18.4147 0 58.1747
      vertex 17.1675 0 57.6581
      vertex 17.075 0 57.9306
    endloop
  endfacet
  facet normal 0 1 0
    outer loop
      vertex 17.2947 0 57.4
      vertex 18.98 0 57.679
      vertex 19.0891 0 57.6573
    endloop
  endfacet
  facet normal 0 1 0
    outer loop
      vertex 17.2947 0 57.4
      vertex 19.0891 0 57.6573
      vertex 19.2 0 57.65
    endloop
  endfacet
  facet normal 0 1 0
    outer loop
      vertex 18.4639 0 58.075
      vertex 17.2947 0 57.4
      vertex 17.1675 0 57.6581
    endloop
  endfacet
  facet normal 0.896984 -0 0.442063
    outer loop
      vertex -17.2947 -9 4.6
      vertex -17.1675 0 4.3419
      vertex -17.2947 0 4.6
    endloop
  endfacet
  facet normal 0.896984 0 0.442063
    outer loop
      vertex -17.1675 0 4.3419
      vertex -17.2947 -9 4.6
      vertex -17.1675 -9 4.3419
    endloop
  endfacet
  facet normal 0.195113 0 0.980781
    outer loop
      vertex -18.9128 0 5.68118
      vertex -18.6306 -9 5.62504
      vertex -18.6306 0 5.62504
    endloop
  endfacet
  facet normal 0.195113 0 0.980781
    outer loop
      vertex -18.6306 -9 5.62504
      vertex -18.9128 0 5.68118
      vertex -18.9128 -9 5.68118
    endloop
  endfacet
  facet normal 0 -1 0
    outer loop
      vertex -19.4872 -9 5.68118
      vertex -18.9128 -9 5.68118
      vertex -19.2 -9 5.7
    endloop
  endfacet
  facet normal 0 -1 0
    outer loop
      vertex -19.7694 -9 5.62504
      vertex -18.9128 -9 5.68118
      vertex -19.4872 -9 5.68118
    endloop
  endfacet
  facet normal 0 -1 0
    outer loop
      vertex -19.7694 -9 5.62504
      vertex -18.6306 -9 5.62504
      vertex -18.9128 -9 5.68118
    endloop
  endfacet
  facet normal 0 -1 0
    outer loop
      vertex -20.0419 -9 5.53253
      vertex -18.6306 -9 5.62504
      vertex -19.7694 -9 5.62504
    endloop
  endfacet
  facet normal 0 -1 0
    outer loop
      vertex -20.0419 -9 5.53253
      vertex -18.3581 -9 5.53253
      vertex -18.6306 -9 5.62504
    endloop
  endfacet
  facet normal 0 -1 0
    outer loop
      vertex -20.3 -9 5.40526
      vertex -18.3581 -9 5.53253
      vertex -20.0419 -9 5.53253
    endloop
  endfacet
  facet normal 0 -1 0
    outer loop
      vertex -20.3 -9 5.40526
      vertex -18.1 -9 5.40526
      vertex -18.3581 -9 5.53253
    endloop
  endfacet
  facet normal 0 -1 0
    outer loop
      vertex -20.5393 -9 5.24538
      vertex -18.1 -9 5.40526
      vertex -20.3 -9 5.40526
    endloop
  endfacet
  facet normal 0 -1 0
    outer loop
      vertex -20.5393 -9 5.24538
      vertex -17.8607 -9 5.24538
      vertex -18.1 -9 5.40526
    endloop
  endfacet
  facet normal 0 -1 0
    outer loop
      vertex -21 -9 4.75752
      vertex -20.5393 -9 5.24538
      vertex -20.7556 -9 5.05563
    endloop
  endfacet
  facet normal 0 -1 -0
    outer loop
      vertex -20.5393 -9 5.24538
      vertex -21 -9 4.75752
      vertex -17.8607 -9 5.24538
    endloop
  endfacet
  facet normal 0 -1 0
    outer loop
      vertex -21 -9 4.75752
      vertex -20.7556 -9 5.05563
      vertex -20.9454 -9 4.83927
    endloop
  endfacet
  facet normal 0 -1 -0
    outer loop
      vertex -17.8607 -9 5.24538
      vertex -21 -9 4.75752
      vertex -17.6444 -9 5.05563
    endloop
  endfacet
  facet normal 0 -1 -0
    outer loop
      vertex -17.6444 -9 5.05563
      vertex -21 -9 4.75752
      vertex -17.4546 -9 4.83927
    endloop
  endfacet
  facet normal 0 -1 0
    outer loop
      vertex -21 -9 4.75752
      vertex -17.2947 -9 4.6
      vertex -17.4546 -9 4.83927
    endloop
  endfacet
  facet normal 0 -1 0
    outer loop
      vertex -21 -9 4.75752
      vertex -17.1675 -9 4.3419
      vertex -17.2947 -9 4.6
    endloop
  endfacet
  facet normal 0 -1 0
    outer loop
      vertex -21 -9 4.75752
      vertex -17.075 -9 4.0694
      vertex -17.1675 -9 4.3419
    endloop
  endfacet
  facet normal 0 -1 0
    outer loop
      vertex -21 -9 4.75752
      vertex -17.0188 -9 3.78716
      vertex -17.075 -9 4.0694
    endloop
  endfacet
  facet normal 0 -1 0
    outer loop
      vertex -21 -9 4.75752
      vertex -17 -9 3.5
      vertex -17.0188 -9 3.78716
    endloop
  endfacet
  facet normal 0 -1 0
    outer loop
      vertex -21 -9 4.75752
      vertex -17.0188 -9 3.21284
      vertex -17 -9 3.5
    endloop
  endfacet
  facet normal 0 -1 0
    outer loop
      vertex -21 -9 4.75752
      vertex -17.075 -9 2.9306
      vertex -17.0188 -9 3.21284
    endloop
  endfacet
  facet normal 0 -1 0
    outer loop
      vertex -21 -9 4.75752
      vertex -17.1675 -9 2.6581
      vertex -17.075 -9 2.9306
    endloop
  endfacet
  facet normal 0 -1 0
    outer loop
      vertex -21 -9 4.75752
      vertex -17.2947 -9 2.4
      vertex -17.1675 -9 2.6581
    endloop
  endfacet
  facet normal 0 -1 0
    outer loop
      vertex -21 -9 2.24247
      vertex -17.2947 -9 2.4
      vertex -21 -9 4.75752
    endloop
  endfacet
  facet normal 0 -1 0
    outer loop
      vertex -20.8044 -9 2
      vertex -21 -9 2.24247
      vertex -20.9454 -9 2.16072
    endloop
  endfacet
  facet normal 0 -1 0
    outer loop
      vertex -21 -9 2.24247
      vertex -20.8044 -9 2
      vertex -17.2947 -9 2.4
    endloop
  endfacet
  facet normal 0 -1 0
    outer loop
      vertex -17.5956 -9 2
      vertex -17.2947 -9 2.4
      vertex -20.8044 -9 2
    endloop
  endfacet
  facet normal 0 -1 0
    outer loop
      vertex -17.2947 -9 2.4
      vertex -17.5956 -9 2
      vertex -17.4546 -9 2.16072
    endloop
  endfacet
  facet normal -0.442258 0 0.896888
    outer loop
      vertex -20.3 0 5.40526
      vertex -20.0419 -9 5.53253
      vertex -20.0419 0 5.53253
    endloop
  endfacet
  facet normal -0.442258 0 0.896888
    outer loop
      vertex -20.0419 -9 5.53253
      vertex -20.3 0 5.40526
      vertex -20.3 -9 5.40526
    endloop
  endfacet
  facet normal -0.065389 0 0.99786
    outer loop
      vertex -19.4872 0 5.68118
      vertex -19.2 -9 5.7
      vertex -19.2 0 5.7
    endloop
  endfacet
  facet normal -0.065389 0 0.99786
    outer loop
      vertex -19.2 -9 5.7
      vertex -19.4872 0 5.68118
      vertex -19.4872 -9 5.68118
    endloop
  endfacet
  facet normal 0.83144 0 -0.555614
    outer loop
      vertex -17.2947 -9 2.4
      vertex -17.4546 0 2.16072
      vertex -17.2947 0 2.4
    endloop
  endfacet
  facet normal 0.83144 0 -0.555614
    outer loop
      vertex -17.4546 0 2.16072
      vertex -17.2947 -9 2.4
      vertex -17.4546 -9 2.16072
    endloop
  endfacet
  facet normal 0.896984 0 -0.442063
    outer loop
      vertex -17.1675 -9 2.6581
      vertex -17.2947 0 2.4
      vertex -17.1675 0 2.6581
    endloop
  endfacet
  facet normal 0.896984 0 -0.442063
    outer loop
      vertex -17.2947 0 2.4
      vertex -17.1675 -9 2.6581
      vertex -17.2947 -9 2.4
    endloop
  endfacet
  facet normal 0.980746 0 -0.195287
    outer loop
      vertex -17.0188 -9 3.21284
      vertex -17.075 0 2.9306
      vertex -17.0188 0 3.21284
    endloop
  endfacet
  facet normal 0.980746 0 -0.195287
    outer loop
      vertex -17.075 0 2.9306
      vertex -17.0188 -9 3.21284
      vertex -17.075 -9 2.9306
    endloop
  endfacet
  facet normal 0.997864 0 -0.0653289
    outer loop
      vertex -17 -9 3.5
      vertex -17.0188 0 3.21284
      vertex -17 0 3.5
    endloop
  endfacet
  facet normal 0.997864 0 -0.0653289
    outer loop
      vertex -17.0188 0 3.21284
      vertex -17 -9 3.5
      vertex -17.0188 -9 3.21284
    endloop
  endfacet
  facet normal -0.751718 0 -0.659484
    outer loop
      vertex -20.8044 -9 2
      vertex -20.9454 0 2.16072
      vertex -20.8044 0 2
    endloop
  endfacet
  facet normal -0.751718 -0 -0.659484
    outer loop
      vertex -20.9454 0 2.16072
      vertex -20.8044 -9 2
      vertex -20.9454 -9 2.16072
    endloop
  endfacet
  facet normal 0.83143 -0 0.55563
    outer loop
      vertex -17.4546 -9 4.83927
      vertex -17.2947 0 4.6
      vertex -17.4546 0 4.83927
    endloop
  endfacet
  facet normal 0.83143 0 0.55563
    outer loop
      vertex -17.2947 0 4.6
      vertex -17.4546 -9 4.83927
      vertex -17.2947 -9 4.6
    endloop
  endfacet
  facet normal 0.321467 0 0.946921
    outer loop
      vertex -18.6306 0 5.62504
      vertex -18.3581 -9 5.53253
      vertex -18.3581 0 5.53253
    endloop
  endfacet
  facet normal 0.321467 0 0.946921
    outer loop
      vertex -18.3581 -9 5.53253
      vertex -18.6306 0 5.62504
      vertex -18.6306 -9 5.62504
    endloop
  endfacet
  facet normal 0.659464 0 0.751736
    outer loop
      vertex -17.8607 0 5.24538
      vertex -17.6444 -9 5.05563
      vertex -17.6444 0 5.05563
    endloop
  endfacet
  facet normal 0.659464 0 0.751736
    outer loop
      vertex -17.6444 -9 5.05563
      vertex -17.8607 0 5.24538
      vertex -17.8607 -9 5.24538
    endloop
  endfacet
  facet normal 0.555534 0 0.831494
    outer loop
      vertex -18.1 0 5.40526
      vertex -17.8607 -9 5.24538
      vertex -17.8607 0 5.24538
    endloop
  endfacet
  facet normal 0.555534 0 0.831494
    outer loop
      vertex -17.8607 -9 5.24538
      vertex -18.1 0 5.40526
      vertex -18.1 -9 5.40526
    endloop
  endfacet
  facet normal -0.751741 0 0.659458
    outer loop
      vertex -20.9454 -9 4.83927
      vertex -20.7556 0 5.05563
      vertex -20.9454 0 4.83927
    endloop
  endfacet
  facet normal -0.751741 0 0.659458
    outer loop
      vertex -20.7556 0 5.05563
      vertex -20.9454 -9 4.83927
      vertex -20.7556 -9 5.05563
    endloop
  endfacet
  facet normal -0.555534 0 0.831494
    outer loop
      vertex -20.5393 0 5.24538
      vertex -20.3 -9 5.40526
      vertex -20.3 0 5.40526
    endloop
  endfacet
  facet normal -0.555534 0 0.831494
    outer loop
      vertex -20.3 -9 5.40526
      vertex -20.5393 0 5.24538
      vertex -20.5393 -9 5.24538
    endloop
  endfacet
  facet normal 0.751718 0 -0.659484
    outer loop
      vertex -17.4546 -9 2.16072
      vertex -17.5956 0 2
      vertex -17.4546 0 2.16072
    endloop
  endfacet
  facet normal 0.751718 0 -0.659484
    outer loop
      vertex -17.5956 0 2
      vertex -17.4546 -9 2.16072
      vertex -17.5956 -9 2
    endloop
  endfacet
  facet normal 0.946931 0 -0.321435
    outer loop
      vertex -17.075 -9 2.9306
      vertex -17.1675 0 2.6581
      vertex -17.075 0 2.9306
    endloop
  endfacet
  facet normal 0.946931 0 -0.321435
    outer loop
      vertex -17.1675 0 2.6581
      vertex -17.075 -9 2.9306
      vertex -17.1675 -9 2.6581
    endloop
  endfacet
  facet normal 0.321467 0 0.946921
    outer loop
      vertex 19.7694 0 5.62504
      vertex 20.0419 -9 5.53253
      vertex 20.0419 0 5.53253
    endloop
  endfacet
  facet normal 0.321467 0 0.946921
    outer loop
      vertex 20.0419 -9 5.53253
      vertex 19.7694 0 5.62504
      vertex 19.7694 -9 5.62504
    endloop
  endfacet
  facet normal -0.442258 0 0.896888
    outer loop
      vertex 18.1 0 5.40526
      vertex 18.3581 -9 5.53253
      vertex 18.3581 0 5.53253
    endloop
  endfacet
  facet normal -0.442258 0 0.896888
    outer loop
      vertex 18.3581 -9 5.53253
      vertex 18.1 0 5.40526
      vertex 18.1 -9 5.40526
    endloop
  endfacet
  facet normal -0.946931 0 0.321435
    outer loop
      vertex 17.075 -9 4.0694
      vertex 17.1675 0 4.3419
      vertex 17.075 0 4.0694
    endloop
  endfacet
  facet normal -0.946931 0 0.321435
    outer loop
      vertex 17.1675 0 4.3419
      vertex 17.075 -9 4.0694
      vertex 17.1675 -9 4.3419
    endloop
  endfacet
  facet normal 0.659464 0 0.751736
    outer loop
      vertex 20.5393 0 5.24538
      vertex 20.7556 -9 5.05563
      vertex 20.7556 0 5.05563
    endloop
  endfacet
  facet normal 0.659464 0 0.751736
    outer loop
      vertex 20.7556 -9 5.05563
      vertex 20.5393 0 5.24538
      vertex 20.5393 -9 5.24538
    endloop
  endfacet
  facet normal 0.831581 -0 0.555404
    outer loop
      vertex 20.9454 -9 4.83927
      vertex 21 0 4.75752
      vertex 20.9454 0 4.83927
    endloop
  endfacet
  facet normal 0.831581 0 0.555404
    outer loop
      vertex 21 0 4.75752
      vertex 20.9454 -9 4.83927
      vertex 21 -9 4.75752
    endloop
  endfacet
  facet normal -0.065389 0 0.99786
    outer loop
      vertex 18.9128 0 5.68118
      vertex 19.2 -9 5.7
      vertex 19.2 0 5.7
    endloop
  endfacet
  facet normal -0.065389 0 0.99786
    outer loop
      vertex 19.2 -9 5.7
      vertex 18.9128 0 5.68118
      vertex 18.9128 -9 5.68118
    endloop
  endfacet
  facet normal -0.997864 0 -0.0653289
    outer loop
      vertex 17.0188 -9 3.21284
      vertex 17 0 3.5
      vertex 17.0188 0 3.21284
    endloop
  endfacet
  facet normal -0.997864 -0 -0.0653289
    outer loop
      vertex 17 0 3.5
      vertex 17.0188 -9 3.21284
      vertex 17 -9 3.5
    endloop
  endfacet
  facet normal 0.751718 0 -0.659484
    outer loop
      vertex 20.9454 -9 2.16072
      vertex 20.8044 0 2
      vertex 20.9454 0 2.16072
    endloop
  endfacet
  facet normal 0.751718 0 -0.659484
    outer loop
      vertex 20.8044 0 2
      vertex 20.9454 -9 2.16072
      vertex 20.8044 -9 2
    endloop
  endfacet
  facet normal 0.751741 -0 0.659458
    outer loop
      vertex 20.7556 -9 5.05563
      vertex 20.9454 0 4.83927
      vertex 20.7556 0 5.05563
    endloop
  endfacet
  facet normal 0.751741 0 0.659458
    outer loop
      vertex 20.9454 0 4.83927
      vertex 20.7556 -9 5.05563
      vertex 20.9454 -9 4.83927
    endloop
  endfacet
  facet normal 0.195113 0 0.980781
    outer loop
      vertex 19.4872 0 5.68118
      vertex 19.7694 -9 5.62504
      vertex 19.7694 0 5.62504
    endloop
  endfacet
  facet normal 0.195113 0 0.980781
    outer loop
      vertex 19.7694 -9 5.62504
      vertex 19.4872 0 5.68118
      vertex 19.4872 -9 5.68118
    endloop
  endfacet
  facet normal 0.065389 0 0.99786
    outer loop
      vertex 19.2 0 5.7
      vertex 19.4872 -9 5.68118
      vertex 19.4872 0 5.68118
    endloop
  endfacet
  facet normal 0.065389 0 0.99786
    outer loop
      vertex 19.4872 -9 5.68118
      vertex 19.2 0 5.7
      vertex 19.2 -9 5.7
    endloop
  endfacet
  facet normal -0.980746 0 0.195287
    outer loop
      vertex 17.0188 -9 3.78716
      vertex 17.075 0 4.0694
      vertex 17.0188 0 3.78716
    endloop
  endfacet
  facet normal -0.980746 0 0.195287
    outer loop
      vertex 17.075 0 4.0694
      vertex 17.0188 -9 3.78716
      vertex 17.075 -9 4.0694
    endloop
  endfacet
  facet normal -0.83143 0 0.55563
    outer loop
      vertex 17.2947 -9 4.6
      vertex 17.4546 0 4.83927
      vertex 17.2947 0 4.6
    endloop
  endfacet
  facet normal -0.83143 0 0.55563
    outer loop
      vertex 17.4546 0 4.83927
      vertex 17.2947 -9 4.6
      vertex 17.4546 -9 4.83927
    endloop
  endfacet
  facet normal -0.751741 0 0.659458
    outer loop
      vertex 17.4546 -9 4.83927
      vertex 17.6444 0 5.05563
      vertex 17.4546 0 4.83927
    endloop
  endfacet
  facet normal -0.751741 0 0.659458
    outer loop
      vertex 17.6444 0 5.05563
      vertex 17.4546 -9 4.83927
      vertex 17.6444 -9 5.05563
    endloop
  endfacet
  facet normal 0.831581 0 -0.555404
    outer loop
      vertex 21 -9 2.24247
      vertex 20.9454 0 2.16072
      vertex 21 0 2.24247
    endloop
  endfacet
  facet normal 0.831581 0 -0.555404
    outer loop
      vertex 20.9454 0 2.16072
      vertex 21 -9 2.24247
      vertex 20.9454 -9 2.16072
    endloop
  endfacet
  facet normal -0.980746 0 -0.195287
    outer loop
      vertex 17.075 -9 2.9306
      vertex 17.0188 0 3.21284
      vertex 17.075 0 2.9306
    endloop
  endfacet
  facet normal -0.980746 -0 -0.195287
    outer loop
      vertex 17.0188 0 3.21284
      vertex 17.075 -9 2.9306
      vertex 17.0188 -9 3.21284
    endloop
  endfacet
  facet normal 0.555534 0 0.831494
    outer loop
      vertex 20.3 0 5.40526
      vertex 20.5393 -9 5.24538
      vertex 20.5393 0 5.24538
    endloop
  endfacet
  facet normal 0.555534 0 0.831494
    outer loop
      vertex 20.5393 -9 5.24538
      vertex 20.3 0 5.40526
      vertex 20.3 -9 5.40526
    endloop
  endfacet
  facet normal 0.442258 0 0.896888
    outer loop
      vertex 20.0419 0 5.53253
      vertex 20.3 -9 5.40526
      vertex 20.3 0 5.40526
    endloop
  endfacet
  facet normal 0.442258 0 0.896888
    outer loop
      vertex 20.3 -9 5.40526
      vertex 20.0419 0 5.53253
      vertex 20.0419 -9 5.53253
    endloop
  endfacet
  facet normal 0 -1 0
    outer loop
      vertex 18.9128 -9 5.68118
      vertex 19.4872 -9 5.68118
      vertex 19.2 -9 5.7
    endloop
  endfacet
  facet normal 0 -1 0
    outer loop
      vertex 18.6306 -9 5.62504
      vertex 19.4872 -9 5.68118
      vertex 18.9128 -9 5.68118
    endloop
  endfacet
  facet normal 0 -1 0
    outer loop
      vertex 18.6306 -9 5.62504
      vertex 19.7694 -9 5.62504
      vertex 19.4872 -9 5.68118
    endloop
  endfacet
  facet normal 0 -1 0
    outer loop
      vertex 18.3581 -9 5.53253
      vertex 19.7694 -9 5.62504
      vertex 18.6306 -9 5.62504
    endloop
  endfacet
  facet normal 0 -1 0
    outer loop
      vertex 18.3581 -9 5.53253
      vertex 20.0419 -9 5.53253
      vertex 19.7694 -9 5.62504
    endloop
  endfacet
  facet normal 0 -1 0
    outer loop
      vertex 18.1 -9 5.40526
      vertex 20.0419 -9 5.53253
      vertex 18.3581 -9 5.53253
    endloop
  endfacet
  facet normal 0 -1 0
    outer loop
      vertex 18.1 -9 5.40526
      vertex 20.3 -9 5.40526
      vertex 20.0419 -9 5.53253
    endloop
  endfacet
  facet normal 0 -1 0
    outer loop
      vertex 17.8607 -9 5.24538
      vertex 20.3 -9 5.40526
      vertex 18.1 -9 5.40526
    endloop
  endfacet
  facet normal 0 -1 0
    outer loop
      vertex 17.8607 -9 5.24538
      vertex 20.5393 -9 5.24538
      vertex 20.3 -9 5.40526
    endloop
  endfacet
  facet normal 0 -1 0
    outer loop
      vertex 17.6444 -9 5.05563
      vertex 20.5393 -9 5.24538
      vertex 17.8607 -9 5.24538
    endloop
  endfacet
  facet normal 0 -1 0
    outer loop
      vertex 21 -9 4.75752
      vertex 20.5393 -9 5.24538
      vertex 17.6444 -9 5.05563
    endloop
  endfacet
  facet normal 0 -1 0
    outer loop
      vertex 21 -9 4.75752
      vertex 17.6444 -9 5.05563
      vertex 17.4546 -9 4.83927
    endloop
  endfacet
  facet normal 0 -1 0
    outer loop
      vertex 20.5393 -9 5.24538
      vertex 21 -9 4.75752
      vertex 20.7556 -9 5.05563
    endloop
  endfacet
  facet normal 0 -1 0
    outer loop
      vertex 20.7556 -9 5.05563
      vertex 21 -9 4.75752
      vertex 20.9454 -9 4.83927
    endloop
  endfacet
  facet normal 0 -1 0
    outer loop
      vertex 17.2947 -9 4.6
      vertex 21 -9 4.75752
      vertex 17.4546 -9 4.83927
    endloop
  endfacet
  facet normal 0 -1 0
    outer loop
      vertex 17.1675 -9 4.3419
      vertex 21 -9 4.75752
      vertex 17.2947 -9 4.6
    endloop
  endfacet
  facet normal 0 -1 0
    outer loop
      vertex 17.075 -9 4.0694
      vertex 21 -9 4.75752
      vertex 17.1675 -9 4.3419
    endloop
  endfacet
  facet normal 0 -1 0
    outer loop
      vertex 17.0188 -9 3.78716
      vertex 21 -9 4.75752
      vertex 17.075 -9 4.0694
    endloop
  endfacet
  facet normal 0 -1 0
    outer loop
      vertex 17 -9 3.5
      vertex 21 -9 4.75752
      vertex 17.0188 -9 3.78716
    endloop
  endfacet
  facet normal 0 -1 0
    outer loop
      vertex 17.0188 -9 3.21284
      vertex 21 -9 4.75752
      vertex 17 -9 3.5
    endloop
  endfacet
  facet normal 0 -1 0
    outer loop
      vertex 17.075 -9 2.9306
      vertex 21 -9 4.75752
      vertex 17.0188 -9 3.21284
    endloop
  endfacet
  facet normal 0 -1 0
    outer loop
      vertex 17.1675 -9 2.6581
      vertex 21 -9 4.75752
      vertex 17.075 -9 2.9306
    endloop
  endfacet
  facet normal 0 -1 0
    outer loop
      vertex 17.2947 -9 2.4
      vertex 21 -9 4.75752
      vertex 17.1675 -9 2.6581
    endloop
  endfacet
  facet normal 0 -1 0
    outer loop
      vertex 17.2947 -9 2.4
      vertex 21 -9 2.24247
      vertex 21 -9 4.75752
    endloop
  endfacet
  facet normal 0 -1 0
    outer loop
      vertex 17.5956 -9 2
      vertex 17.2947 -9 2.4
      vertex 17.4546 -9 2.16072
    endloop
  endfacet
  facet normal 0 -1 0
    outer loop
      vertex 17.2947 -9 2.4
      vertex 17.5956 -9 2
      vertex 21 -9 2.24247
    endloop
  endfacet
  facet normal 0 -1 0
    outer loop
      vertex 20.8044 -9 2
      vertex 21 -9 2.24247
      vertex 17.5956 -9 2
    endloop
  endfacet
  facet normal 0 -1 0
    outer loop
      vertex 21 -9 2.24247
      vertex 20.8044 -9 2
      vertex 20.9454 -9 2.16072
    endloop
  endfacet
  facet normal -0.997864 0 0.0653289
    outer loop
      vertex 17 -9 3.5
      vertex 17.0188 0 3.78716
      vertex 17 0 3.5
    endloop
  endfacet
  facet normal -0.997864 0 0.0653289
    outer loop
      vertex 17.0188 0 3.78716
      vertex 17 -9 3.5
      vertex 17.0188 -9 3.78716
    endloop
  endfacet
  facet normal -0.896984 0 0.442063
    outer loop
      vertex 17.1675 -9 4.3419
      vertex 17.2947 0 4.6
      vertex 17.1675 0 4.3419
    endloop
  endfacet
  facet normal -0.896984 0 0.442063
    outer loop
      vertex 17.2947 0 4.6
      vertex 17.1675 -9 4.3419
      vertex 17.2947 -9 4.6
    endloop
  endfacet
  facet normal -0.195113 0 0.980781
    outer loop
      vertex 18.6306 0 5.62504
      vertex 18.9128 -9 5.68118
      vertex 18.9128 0 5.68118
    endloop
  endfacet
  facet normal -0.195113 0 0.980781
    outer loop
      vertex 18.9128 -9 5.68118
      vertex 18.6306 0 5.62504
      vertex 18.6306 -9 5.62504
    endloop
  endfacet
  facet normal -0.321467 0 0.946921
    outer loop
      vertex 18.3581 0 5.53253
      vertex 18.6306 -9 5.62504
      vertex 18.6306 0 5.62504
    endloop
  endfacet
  facet normal -0.321467 0 0.946921
    outer loop
      vertex 18.6306 -9 5.62504
      vertex 18.3581 0 5.53253
      vertex 18.3581 -9 5.53253
    endloop
  endfacet
  facet normal -0.555534 0 0.831494
    outer loop
      vertex 17.8607 0 5.24538
      vertex 18.1 -9 5.40526
      vertex 18.1 0 5.40526
    endloop
  endfacet
  facet normal -0.555534 0 0.831494
    outer loop
      vertex 18.1 -9 5.40526
      vertex 17.8607 0 5.24538
      vertex 17.8607 -9 5.24538
    endloop
  endfacet
  facet normal -0.659464 0 0.751736
    outer loop
      vertex 17.6444 0 5.05563
      vertex 17.8607 -9 5.24538
      vertex 17.8607 0 5.24538
    endloop
  endfacet
  facet normal -0.659464 0 0.751736
    outer loop
      vertex 17.8607 -9 5.24538
      vertex 17.6444 0 5.05563
      vertex 17.6444 -9 5.05563
    endloop
  endfacet
  facet normal -0.946931 0 -0.321435
    outer loop
      vertex 17.1675 -9 2.6581
      vertex 17.075 0 2.9306
      vertex 17.1675 0 2.6581
    endloop
  endfacet
  facet normal -0.946931 -0 -0.321435
    outer loop
      vertex 17.075 0 2.9306
      vertex 17.1675 -9 2.6581
      vertex 17.075 -9 2.9306
    endloop
  endfacet
  facet normal -0.896984 0 -0.442063
    outer loop
      vertex 17.2947 -9 2.4
      vertex 17.1675 0 2.6581
      vertex 17.2947 0 2.4
    endloop
  endfacet
  facet normal -0.896984 -0 -0.442063
    outer loop
      vertex 17.1675 0 2.6581
      vertex 17.2947 -9 2.4
      vertex 17.1675 -9 2.6581
    endloop
  endfacet
  facet normal -0.83144 0 -0.555614
    outer loop
      vertex 17.4546 -9 2.16072
      vertex 17.2947 0 2.4
      vertex 17.4546 0 2.16072
    endloop
  endfacet
  facet normal -0.83144 -0 -0.555614
    outer loop
      vertex 17.2947 0 2.4
      vertex 17.4546 -9 2.16072
      vertex 17.2947 -9 2.4
    endloop
  endfacet
  facet normal -0.751718 0 -0.659484
    outer loop
      vertex 17.5956 -9 2
      vertex 17.4546 0 2.16072
      vertex 17.5956 0 2
    endloop
  endfacet
  facet normal -0.751718 -0 -0.659484
    outer loop
      vertex 17.4546 0 2.16072
      vertex 17.5956 -9 2
      vertex 17.4546 -9 2.16072
    endloop
  endfacet
  facet normal 0.997864 -0 0.0653198
    outer loop
      vertex -17.0188 -9 58.7872
      vertex -17 0 58.5
      vertex -17.0188 0 58.7872
    endloop
  endfacet
  facet normal 0.997864 0 0.0653198
    outer loop
      vertex -17 0 58.5
      vertex -17.0188 -9 58.7872
      vertex -17 -9 58.5
    endloop
  endfacet
  facet normal 0.980741 0 -0.195314
    outer loop
      vertex -17.0188 -9 58.2128
      vertex -17.075 0 57.9306
      vertex -17.0188 0 58.2128
    endloop
  endfacet
  facet normal 0.980741 0 -0.195314
    outer loop
      vertex -17.075 0 57.9306
      vertex -17.0188 -9 58.2128
      vertex -17.075 -9 57.9306
    endloop
  endfacet
  facet normal 0.946931 -0 0.321435
    outer loop
      vertex -17.1675 -9 59.3419
      vertex -17.075 0 59.0694
      vertex -17.1675 0 59.3419
    endloop
  endfacet
  facet normal 0.946931 0 0.321435
    outer loop
      vertex -17.075 0 59.0694
      vertex -17.1675 -9 59.3419
      vertex -17.075 -9 59.0694
    endloop
  endfacet
  facet normal 0.0653198 0 -0.997864
    outer loop
      vertex -19.2 -9 56.3
      vertex -18.9128 0 56.3188
      vertex -18.9128 -9 56.3188
    endloop
  endfacet
  facet normal 0.0653198 0 -0.997864
    outer loop
      vertex -18.9128 0 56.3188
      vertex -19.2 -9 56.3
      vertex -19.2 0 56.3
    endloop
  endfacet
  facet normal 0.75165 0 -0.659562
    outer loop
      vertex -17.4546 -9 57.1607
      vertex -17.6444 0 56.9444
      vertex -17.4546 0 57.1607
    endloop
  endfacet
  facet normal 0.75165 0 -0.659562
    outer loop
      vertex -17.6444 0 56.9444
      vertex -17.4546 -9 57.1607
      vertex -17.6444 -9 56.9444
    endloop
  endfacet
  facet normal 0.659562 0 -0.75165
    outer loop
      vertex -17.8607 -9 56.7546
      vertex -17.6444 0 56.9444
      vertex -17.6444 -9 56.9444
    endloop
  endfacet
  facet normal 0.659562 0 -0.75165
    outer loop
      vertex -17.6444 0 56.9444
      vertex -17.8607 -9 56.7546
      vertex -17.8607 0 56.7546
    endloop
  endfacet
  facet normal -0.0653198 0 -0.997864
    outer loop
      vertex -19.4872 -9 56.3188
      vertex -19.2 0 56.3
      vertex -19.2 -9 56.3
    endloop
  endfacet
  facet normal -0.0653198 0 -0.997864
    outer loop
      vertex -19.2 0 56.3
      vertex -19.4872 -9 56.3188
      vertex -19.4872 0 56.3188
    endloop
  endfacet
  facet normal -0.442063 0 -0.896984
    outer loop
      vertex -20.3 -9 56.5947
      vertex -20.0419 0 56.4675
      vertex -20.0419 -9 56.4675
    endloop
  endfacet
  facet normal -0.442063 0 -0.896984
    outer loop
      vertex -20.0419 0 56.4675
      vertex -20.3 -9 56.5947
      vertex -20.3 0 56.5947
    endloop
  endfacet
  facet normal 0.980741 -0 0.195314
    outer loop
      vertex -17.075 -9 59.0694
      vertex -17.0188 0 58.7872
      vertex -17.075 0 59.0694
    endloop
  endfacet
  facet normal 0.980741 0 0.195314
    outer loop
      vertex -17.0188 0 58.7872
      vertex -17.075 -9 59.0694
      vertex -17.0188 -9 58.7872
    endloop
  endfacet
  facet normal 0.896984 -0 0.442063
    outer loop
      vertex -17.2947 -9 59.6
      vertex -17.1675 0 59.3419
      vertex -17.2947 0 59.6
    endloop
  endfacet
  facet normal 0.896984 0 0.442063
    outer loop
      vertex -17.1675 0 59.3419
      vertex -17.2947 -9 59.6
      vertex -17.1675 -9 59.3419
    endloop
  endfacet
  facet normal 0.751678 -0 0.659531
    outer loop
      vertex -17.5956 -9 60
      vertex -17.4546 0 59.8393
      vertex -17.5956 0 60
    endloop
  endfacet
  facet normal 0.751678 0 0.659531
    outer loop
      vertex -17.4546 0 59.8393
      vertex -17.5956 -9 60
      vertex -17.4546 -9 59.8393
    endloop
  endfacet
  facet normal 0.831462 -0 0.555582
    outer loop
      vertex -17.4546 -9 59.8393
      vertex -17.2947 0 59.6
      vertex -17.4546 0 59.8393
    endloop
  endfacet
  facet normal 0.831462 0 0.555582
    outer loop
      vertex -17.2947 0 59.6
      vertex -17.4546 -9 59.8393
      vertex -17.2947 -9 59.6
    endloop
  endfacet
  facet normal 0.946931 0 -0.321435
    outer loop
      vertex -17.075 -9 57.9306
      vertex -17.1675 0 57.6581
      vertex -17.075 0 57.9306
    endloop
  endfacet
  facet normal 0.946931 0 -0.321435
    outer loop
      vertex -17.1675 0 57.6581
      vertex -17.075 -9 57.9306
      vertex -17.1675 -9 57.6581
    endloop
  endfacet
  facet normal 0.195314 0 -0.980741
    outer loop
      vertex -18.9128 -9 56.3188
      vertex -18.6306 0 56.375
      vertex -18.6306 -9 56.375
    endloop
  endfacet
  facet normal 0.195314 0 -0.980741
    outer loop
      vertex -18.6306 0 56.375
      vertex -18.9128 -9 56.3188
      vertex -18.9128 0 56.3188
    endloop
  endfacet
  facet normal 0.442063 0 -0.896984
    outer loop
      vertex -18.3581 -9 56.4675
      vertex -18.1 0 56.5947
      vertex -18.1 -9 56.5947
    endloop
  endfacet
  facet normal 0.442063 0 -0.896984
    outer loop
      vertex -18.1 0 56.5947
      vertex -18.3581 -9 56.4675
      vertex -18.3581 0 56.4675
    endloop
  endfacet
  facet normal 0.555582 0 -0.831462
    outer loop
      vertex -18.1 -9 56.5947
      vertex -17.8607 0 56.7546
      vertex -17.8607 -9 56.7546
    endloop
  endfacet
  facet normal 0.555582 0 -0.831462
    outer loop
      vertex -17.8607 0 56.7546
      vertex -18.1 -9 56.5947
      vertex -18.1 0 56.5947
    endloop
  endfacet
  facet normal -0.321435 0 -0.946931
    outer loop
      vertex -20.0419 -9 56.4675
      vertex -19.7694 0 56.375
      vertex -19.7694 -9 56.375
    endloop
  endfacet
  facet normal -0.321435 0 -0.946931
    outer loop
      vertex -19.7694 0 56.375
      vertex -20.0419 -9 56.4675
      vertex -20.0419 0 56.4675
    endloop
  endfacet
  facet normal -0.195314 0 -0.980741
    outer loop
      vertex -19.7694 -9 56.375
      vertex -19.4872 0 56.3188
      vertex -19.4872 -9 56.3188
    endloop
  endfacet
  facet normal -0.195314 0 -0.980741
    outer loop
      vertex -19.4872 0 56.3188
      vertex -19.7694 -9 56.375
      vertex -19.7694 0 56.375
    endloop
  endfacet
  facet normal -0.831737 0 -0.555169
    outer loop
      vertex -20.9454 -9 57.1607
      vertex -21 0 57.2425
      vertex -20.9454 0 57.1607
    endloop
  endfacet
  facet normal -0.831737 -0 -0.555169
    outer loop
      vertex -21 0 57.2425
      vertex -20.9454 -9 57.1607
      vertex -21 -9 57.2425
    endloop
  endfacet
  facet normal -0.75165 0 -0.659562
    outer loop
      vertex -20.7556 -9 56.9444
      vertex -20.9454 0 57.1607
      vertex -20.7556 0 56.9444
    endloop
  endfacet
  facet normal -0.75165 -0 -0.659562
    outer loop
      vertex -20.9454 0 57.1607
      vertex -20.7556 -9 56.9444
      vertex -20.9454 -9 57.1607
    endloop
  endfacet
  facet normal 0 -1 0
    outer loop
      vertex -21 -9 59.7575
      vertex -20.8044 -9 60
      vertex -20.9454 -9 59.8393
    endloop
  endfacet
  facet normal 0 -1 -0
    outer loop
      vertex -20.8044 -9 60
      vertex -21 -9 59.7575
      vertex -17.5956 -9 60
    endloop
  endfacet
  facet normal 0 -1 0
    outer loop
      vertex -17.2947 -9 59.6
      vertex -17.5956 -9 60
      vertex -21 -9 59.7575
    endloop
  endfacet
  facet normal 0 -1 0
    outer loop
      vertex -17.5956 -9 60
      vertex -17.2947 -9 59.6
      vertex -17.4546 -9 59.8393
    endloop
  endfacet
  facet normal 0 -1 0
    outer loop
      vertex -21 -9 59.7575
      vertex -17.1675 -9 59.3419
      vertex -17.2947 -9 59.6
    endloop
  endfacet
  facet normal 0 -1 0
    outer loop
      vertex -21 -9 59.7575
      vertex -17.075 -9 59.0694
      vertex -17.1675 -9 59.3419
    endloop
  endfacet
  facet normal 0 -1 0
    outer loop
      vertex -21 -9 59.7575
      vertex -17.0188 -9 58.7872
      vertex -17.075 -9 59.0694
    endloop
  endfacet
  facet normal 0 -1 0
    outer loop
      vertex -21 -9 59.7575
      vertex -17 -9 58.5
      vertex -17.0188 -9 58.7872
    endloop
  endfacet
  facet normal 0 -1 0
    outer loop
      vertex -21 -9 59.7575
      vertex -17.0188 -9 58.2128
      vertex -17 -9 58.5
    endloop
  endfacet
  facet normal 0 -1 0
    outer loop
      vertex -21 -9 59.7575
      vertex -17.075 -9 57.9306
      vertex -17.0188 -9 58.2128
    endloop
  endfacet
  facet normal 0 -1 0
    outer loop
      vertex -21 -9 59.7575
      vertex -17.1675 -9 57.6581
      vertex -17.075 -9 57.9306
    endloop
  endfacet
  facet normal 0 -1 0
    outer loop
      vertex -21 -9 59.7575
      vertex -17.2947 -9 57.4
      vertex -17.1675 -9 57.6581
    endloop
  endfacet
  facet normal 0 -1 0
    outer loop
      vertex -21 -9 57.2425
      vertex -17.2947 -9 57.4
      vertex -21 -9 59.7575
    endloop
  endfacet
  facet normal 0 -1 0
    outer loop
      vertex -20.7556 -9 56.9444
      vertex -21 -9 57.2425
      vertex -20.9454 -9 57.1607
    endloop
  endfacet
  facet normal 0 -1 0
    outer loop
      vertex -21 -9 57.2425
      vertex -17.4546 -9 57.1607
      vertex -17.2947 -9 57.4
    endloop
  endfacet
  facet normal 0 -1 0
    outer loop
      vertex -20.5393 -9 56.7546
      vertex -21 -9 57.2425
      vertex -20.7556 -9 56.9444
    endloop
  endfacet
  facet normal 0 -1 0
    outer loop
      vertex -21 -9 57.2425
      vertex -17.6444 -9 56.9444
      vertex -17.4546 -9 57.1607
    endloop
  endfacet
  facet normal 0 -1 0
    outer loop
      vertex -21 -9 57.2425
      vertex -20.5393 -9 56.7546
      vertex -17.6444 -9 56.9444
    endloop
  endfacet
  facet normal 0 -1 0
    outer loop
      vertex -20.5393 -9 56.7546
      vertex -17.8607 -9 56.7546
      vertex -17.6444 -9 56.9444
    endloop
  endfacet
  facet normal 0 -1 0
    outer loop
      vertex -20.3 -9 56.5947
      vertex -17.8607 -9 56.7546
      vertex -20.5393 -9 56.7546
    endloop
  endfacet
  facet normal 0 -1 0
    outer loop
      vertex -20.3 -9 56.5947
      vertex -18.1 -9 56.5947
      vertex -17.8607 -9 56.7546
    endloop
  endfacet
  facet normal 0 -1 0
    outer loop
      vertex -20.0419 -9 56.4675
      vertex -18.1 -9 56.5947
      vertex -20.3 -9 56.5947
    endloop
  endfacet
  facet normal 0 -1 0
    outer loop
      vertex -20.0419 -9 56.4675
      vertex -18.3581 -9 56.4675
      vertex -18.1 -9 56.5947
    endloop
  endfacet
  facet normal 0 -1 0
    outer loop
      vertex -19.7694 -9 56.375
      vertex -18.3581 -9 56.4675
      vertex -20.0419 -9 56.4675
    endloop
  endfacet
  facet normal 0 -1 0
    outer loop
      vertex -19.7694 -9 56.375
      vertex -18.6306 -9 56.375
      vertex -18.3581 -9 56.4675
    endloop
  endfacet
  facet normal 0 -1 0
    outer loop
      vertex -19.4872 -9 56.3188
      vertex -18.6306 -9 56.375
      vertex -19.7694 -9 56.375
    endloop
  endfacet
  facet normal 0 -1 0
    outer loop
      vertex -19.4872 -9 56.3188
      vertex -18.9128 -9 56.3188
      vertex -18.6306 -9 56.375
    endloop
  endfacet
  facet normal -0 -1 0
    outer loop
      vertex -18.9128 -9 56.3188
      vertex -19.4872 -9 56.3188
      vertex -19.2 -9 56.3
    endloop
  endfacet
  facet normal -0.751678 0 0.659531
    outer loop
      vertex -20.9454 -9 59.8393
      vertex -20.8044 0 60
      vertex -20.9454 0 59.8393
    endloop
  endfacet
  facet normal -0.751678 0 0.659531
    outer loop
      vertex -20.8044 0 60
      vertex -20.9454 -9 59.8393
      vertex -20.8044 -9 60
    endloop
  endfacet
  facet normal -0.831737 0 0.555169
    outer loop
      vertex -21 -9 59.7575
      vertex -20.9454 0 59.8393
      vertex -21 0 59.7575
    endloop
  endfacet
  facet normal -0.831737 0 0.555169
    outer loop
      vertex -20.9454 0 59.8393
      vertex -21 -9 59.7575
      vertex -20.9454 -9 59.8393
    endloop
  endfacet
  facet normal 0.997864 0 -0.0653198
    outer loop
      vertex -17 -9 58.5
      vertex -17.0188 0 58.2128
      vertex -17 0 58.5
    endloop
  endfacet
  facet normal 0.997864 0 -0.0653198
    outer loop
      vertex -17.0188 0 58.2128
      vertex -17 -9 58.5
      vertex -17.0188 -9 58.2128
    endloop
  endfacet
  facet normal 0.896984 0 -0.442063
    outer loop
      vertex -17.1675 -9 57.6581
      vertex -17.2947 0 57.4
      vertex -17.1675 0 57.6581
    endloop
  endfacet
  facet normal 0.896984 0 -0.442063
    outer loop
      vertex -17.2947 0 57.4
      vertex -17.1675 -9 57.6581
      vertex -17.2947 -9 57.4
    endloop
  endfacet
  facet normal 0.831462 0 -0.555582
    outer loop
      vertex -17.2947 -9 57.4
      vertex -17.4546 0 57.1607
      vertex -17.2947 0 57.4
    endloop
  endfacet
  facet normal 0.831462 0 -0.555582
    outer loop
      vertex -17.4546 0 57.1607
      vertex -17.2947 -9 57.4
      vertex -17.4546 -9 57.1607
    endloop
  endfacet
  facet normal 0.321435 0 -0.946931
    outer loop
      vertex -18.6306 -9 56.375
      vertex -18.3581 0 56.4675
      vertex -18.3581 -9 56.4675
    endloop
  endfacet
  facet normal 0.321435 0 -0.946931
    outer loop
      vertex -18.3581 0 56.4675
      vertex -18.6306 -9 56.375
      vertex -18.6306 0 56.375
    endloop
  endfacet
  facet normal -0.659562 0 -0.75165
    outer loop
      vertex -20.7556 -9 56.9444
      vertex -20.5393 0 56.7546
      vertex -20.5393 -9 56.7546
    endloop
  endfacet
  facet normal -0.659562 0 -0.75165
    outer loop
      vertex -20.5393 0 56.7546
      vertex -20.7556 -9 56.9444
      vertex -20.7556 0 56.9444
    endloop
  endfacet
  facet normal -0.555582 0 -0.831462
    outer loop
      vertex -20.5393 -9 56.7546
      vertex -20.3 0 56.5947
      vertex -20.3 -9 56.5947
    endloop
  endfacet
  facet normal -0.555582 0 -0.831462
    outer loop
      vertex -20.3 0 56.5947
      vertex -20.5393 -9 56.7546
      vertex -20.5393 0 56.7546
    endloop
  endfacet
  facet normal -0.946931 0 0.321435
    outer loop
      vertex 17.075 -9 59.0694
      vertex 17.1675 0 59.3419
      vertex 17.075 0 59.0694
    endloop
  endfacet
  facet normal -0.946931 0 0.321435
    outer loop
      vertex 17.1675 0 59.3419
      vertex 17.075 -9 59.0694
      vertex 17.1675 -9 59.3419
    endloop
  endfacet
  facet normal 0.442063 0 -0.896984
    outer loop
      vertex 20.0419 -9 56.4675
      vertex 20.3 0 56.5947
      vertex 20.3 -9 56.5947
    endloop
  endfacet
  facet normal 0.442063 0 -0.896984
    outer loop
      vertex 20.3 0 56.5947
      vertex 20.0419 -9 56.4675
      vertex 20.0419 0 56.4675
    endloop
  endfacet
  facet normal 0.831737 -0 0.555169
    outer loop
      vertex 20.9454 -9 59.8393
      vertex 21 0 59.7575
      vertex 20.9454 0 59.8393
    endloop
  endfacet
  facet normal 0.831737 0 0.555169
    outer loop
      vertex 21 0 59.7575
      vertex 20.9454 -9 59.8393
      vertex 21 -9 59.7575
    endloop
  endfacet
  facet normal -0.997864 0 -0.0653198
    outer loop
      vertex 17.0188 -9 58.2128
      vertex 17 0 58.5
      vertex 17.0188 0 58.2128
    endloop
  endfacet
  facet normal -0.997864 -0 -0.0653198
    outer loop
      vertex 17 0 58.5
      vertex 17.0188 -9 58.2128
      vertex 17 -9 58.5
    endloop
  endfacet
  facet normal 0.75165 0 -0.659562
    outer loop
      vertex 20.9454 -9 57.1607
      vertex 20.7556 0 56.9444
      vertex 20.9454 0 57.1607
    endloop
  endfacet
  facet normal 0.75165 0 -0.659562
    outer loop
      vertex 20.7556 0 56.9444
      vertex 20.9454 -9 57.1607
      vertex 20.7556 -9 56.9444
    endloop
  endfacet
  facet normal 0.659562 0 -0.75165
    outer loop
      vertex 20.5393 -9 56.7546
      vertex 20.7556 0 56.9444
      vertex 20.7556 -9 56.9444
    endloop
  endfacet
  facet normal 0.659562 0 -0.75165
    outer loop
      vertex 20.7556 0 56.9444
      vertex 20.5393 -9 56.7546
      vertex 20.5393 0 56.7546
    endloop
  endfacet
  facet normal 0.751678 -0 0.659531
    outer loop
      vertex 20.8044 -9 60
      vertex 20.9454 0 59.8393
      vertex 20.8044 0 60
    endloop
  endfacet
  facet normal 0.751678 0 0.659531
    outer loop
      vertex 20.9454 0 59.8393
      vertex 20.8044 -9 60
      vertex 20.9454 -9 59.8393
    endloop
  endfacet
  facet normal -0.980741 0 0.195314
    outer loop
      vertex 17.0188 -9 58.7872
      vertex 17.075 0 59.0694
      vertex 17.0188 0 58.7872
    endloop
  endfacet
  facet normal -0.980741 0 0.195314
    outer loop
      vertex 17.075 0 59.0694
      vertex 17.0188 -9 58.7872
      vertex 17.075 -9 59.0694
    endloop
  endfacet
  facet normal -0.831462 0 0.555582
    outer loop
      vertex 17.2947 -9 59.6
      vertex 17.4546 0 59.8393
      vertex 17.2947 0 59.6
    endloop
  endfacet
  facet normal -0.831462 0 0.555582
    outer loop
      vertex 17.4546 0 59.8393
      vertex 17.2947 -9 59.6
      vertex 17.4546 -9 59.8393
    endloop
  endfacet
  facet normal -0.751678 0 0.659531
    outer loop
      vertex 17.4546 -9 59.8393
      vertex 17.5956 0 60
      vertex 17.4546 0 59.8393
    endloop
  endfacet
  facet normal -0.751678 0 0.659531
    outer loop
      vertex 17.5956 0 60
      vertex 17.4546 -9 59.8393
      vertex 17.5956 -9 60
    endloop
  endfacet
  facet normal -0.980741 0 -0.195314
    outer loop
      vertex 17.075 -9 57.9306
      vertex 17.0188 0 58.2128
      vertex 17.075 0 57.9306
    endloop
  endfacet
  facet normal -0.980741 -0 -0.195314
    outer loop
      vertex 17.0188 0 58.2128
      vertex 17.075 -9 57.9306
      vertex 17.0188 -9 58.2128
    endloop
  endfacet
  facet normal 0.0653198 0 -0.997864
    outer loop
      vertex 19.2 -9 56.3
      vertex 19.4872 0 56.3188
      vertex 19.4872 -9 56.3188
    endloop
  endfacet
  facet normal 0.0653198 0 -0.997864
    outer loop
      vertex 19.4872 0 56.3188
      vertex 19.2 -9 56.3
      vertex 19.2 0 56.3
    endloop
  endfacet
  facet normal 0.195314 0 -0.980741
    outer loop
      vertex 19.4872 -9 56.3188
      vertex 19.7694 0 56.375
      vertex 19.7694 -9 56.375
    endloop
  endfacet
  facet normal 0.195314 0 -0.980741
    outer loop
      vertex 19.7694 0 56.375
      vertex 19.4872 -9 56.3188
      vertex 19.4872 0 56.3188
    endloop
  endfacet
  facet normal 0 -1 0
    outer loop
      vertex 17.2947 -9 59.6
      vertex 17.5956 -9 60
      vertex 17.4546 -9 59.8393
    endloop
  endfacet
  facet normal 0 -1 0
    outer loop
      vertex 17.5956 -9 60
      vertex 21 -9 59.7575
      vertex 20.8044 -9 60
    endloop
  endfacet
  facet normal 0 -1 0
    outer loop
      vertex 20.8044 -9 60
      vertex 21 -9 59.7575
      vertex 20.9454 -9 59.8393
    endloop
  endfacet
  facet normal 0 -1 -0
    outer loop
      vertex 17.5956 -9 60
      vertex 17.2947 -9 59.6
      vertex 21 -9 59.7575
    endloop
  endfacet
  facet normal 0 -1 0
    outer loop
      vertex 17.1675 -9 59.3419
      vertex 21 -9 59.7575
      vertex 17.2947 -9 59.6
    endloop
  endfacet
  facet normal 0 -1 0
    outer loop
      vertex 17.075 -9 59.0694
      vertex 21 -9 59.7575
      vertex 17.1675 -9 59.3419
    endloop
  endfacet
  facet normal 0 -1 0
    outer loop
      vertex 17.0188 -9 58.7872
      vertex 21 -9 59.7575
      vertex 17.075 -9 59.0694
    endloop
  endfacet
  facet normal 0 -1 0
    outer loop
      vertex 17 -9 58.5
      vertex 21 -9 59.7575
      vertex 17.0188 -9 58.7872
    endloop
  endfacet
  facet normal 0 -1 0
    outer loop
      vertex 17.0188 -9 58.2128
      vertex 21 -9 59.7575
      vertex 17 -9 58.5
    endloop
  endfacet
  facet normal 0 -1 0
    outer loop
      vertex 17.075 -9 57.9306
      vertex 21 -9 59.7575
      vertex 17.0188 -9 58.2128
    endloop
  endfacet
  facet normal 0 -1 0
    outer loop
      vertex 17.1675 -9 57.6581
      vertex 21 -9 59.7575
      vertex 17.075 -9 57.9306
    endloop
  endfacet
  facet normal 0 -1 0
    outer loop
      vertex 17.2947 -9 57.4
      vertex 21 -9 59.7575
      vertex 17.1675 -9 57.6581
    endloop
  endfacet
  facet normal 0 -1 0
    outer loop
      vertex 17.2947 -9 57.4
      vertex 21 -9 57.2425
      vertex 21 -9 59.7575
    endloop
  endfacet
  facet normal 0 -1 0
    outer loop
      vertex 17.4546 -9 57.1607
      vertex 21 -9 57.2425
      vertex 17.2947 -9 57.4
    endloop
  endfacet
  facet normal 0 -1 0
    outer loop
      vertex 17.6444 -9 56.9444
      vertex 21 -9 57.2425
      vertex 17.4546 -9 57.1607
    endloop
  endfacet
  facet normal 0 -1 0
    outer loop
      vertex 17.8607 -9 56.7546
      vertex 21 -9 57.2425
      vertex 17.6444 -9 56.9444
    endloop
  endfacet
  facet normal 0 -1 0
    outer loop
      vertex 21 -9 57.2425
      vertex 20.7556 -9 56.9444
      vertex 20.9454 -9 57.1607
    endloop
  endfacet
  facet normal 0 -1 0
    outer loop
      vertex 20.5393 -9 56.7546
      vertex 21 -9 57.2425
      vertex 17.8607 -9 56.7546
    endloop
  endfacet
  facet normal 0 -1 0
    outer loop
      vertex 21 -9 57.2425
      vertex 20.5393 -9 56.7546
      vertex 20.7556 -9 56.9444
    endloop
  endfacet
  facet normal 0 -1 0
    outer loop
      vertex 18.1 -9 56.5947
      vertex 20.5393 -9 56.7546
      vertex 17.8607 -9 56.7546
    endloop
  endfacet
  facet normal 0 -1 0
    outer loop
      vertex 18.1 -9 56.5947
      vertex 20.3 -9 56.5947
      vertex 20.5393 -9 56.7546
    endloop
  endfacet
  facet normal 0 -1 0
    outer loop
      vertex 18.3581 -9 56.4675
      vertex 20.3 -9 56.5947
      vertex 18.1 -9 56.5947
    endloop
  endfacet
  facet normal 0 -1 0
    outer loop
      vertex 18.3581 -9 56.4675
      vertex 20.0419 -9 56.4675
      vertex 20.3 -9 56.5947
    endloop
  endfacet
  facet normal 0 -1 0
    outer loop
      vertex 18.6306 -9 56.375
      vertex 20.0419 -9 56.4675
      vertex 18.3581 -9 56.4675
    endloop
  endfacet
  facet normal 0 -1 0
    outer loop
      vertex 18.6306 -9 56.375
      vertex 19.7694 -9 56.375
      vertex 20.0419 -9 56.4675
    endloop
  endfacet
  facet normal 0 -1 0
    outer loop
      vertex 18.9128 -9 56.3188
      vertex 19.7694 -9 56.375
      vertex 18.6306 -9 56.375
    endloop
  endfacet
  facet normal 0 -1 0
    outer loop
      vertex 18.9128 -9 56.3188
      vertex 19.4872 -9 56.3188
      vertex 19.7694 -9 56.375
    endloop
  endfacet
  facet normal -0 -1 0
    outer loop
      vertex 19.4872 -9 56.3188
      vertex 18.9128 -9 56.3188
      vertex 19.2 -9 56.3
    endloop
  endfacet
  facet normal -0.997864 0 0.0653198
    outer loop
      vertex 17 -9 58.5
      vertex 17.0188 0 58.7872
      vertex 17 0 58.5
    endloop
  endfacet
  facet normal -0.997864 0 0.0653198
    outer loop
      vertex 17.0188 0 58.7872
      vertex 17 -9 58.5
      vertex 17.0188 -9 58.7872
    endloop
  endfacet
  facet normal -0.896984 0 0.442063
    outer loop
      vertex 17.1675 -9 59.3419
      vertex 17.2947 0 59.6
      vertex 17.1675 0 59.3419
    endloop
  endfacet
  facet normal -0.896984 0 0.442063
    outer loop
      vertex 17.2947 0 59.6
      vertex 17.1675 -9 59.3419
      vertex 17.2947 -9 59.6
    endloop
  endfacet
  facet normal 0.555582 0 -0.831462
    outer loop
      vertex 20.3 -9 56.5947
      vertex 20.5393 0 56.7546
      vertex 20.5393 -9 56.7546
    endloop
  endfacet
  facet normal 0.555582 0 -0.831462
    outer loop
      vertex 20.5393 0 56.7546
      vertex 20.3 -9 56.5947
      vertex 20.3 0 56.5947
    endloop
  endfacet
  facet normal -0.321435 0 -0.946931
    outer loop
      vertex 18.3581 -9 56.4675
      vertex 18.6306 0 56.375
      vertex 18.6306 -9 56.375
    endloop
  endfacet
  facet normal -0.321435 0 -0.946931
    outer loop
      vertex 18.6306 0 56.375
      vertex 18.3581 -9 56.4675
      vertex 18.3581 0 56.4675
    endloop
  endfacet
  facet normal -0.0653198 0 -0.997864
    outer loop
      vertex 18.9128 -9 56.3188
      vertex 19.2 0 56.3
      vertex 19.2 -9 56.3
    endloop
  endfacet
  facet normal -0.0653198 0 -0.997864
    outer loop
      vertex 19.2 0 56.3
      vertex 18.9128 -9 56.3188
      vertex 18.9128 0 56.3188
    endloop
  endfacet
  facet normal -0.946931 0 -0.321435
    outer loop
      vertex 17.1675 -9 57.6581
      vertex 17.075 0 57.9306
      vertex 17.1675 0 57.6581
    endloop
  endfacet
  facet normal -0.946931 -0 -0.321435
    outer loop
      vertex 17.075 0 57.9306
      vertex 17.1675 -9 57.6581
      vertex 17.075 -9 57.9306
    endloop
  endfacet
  facet normal -0.896984 0 -0.442063
    outer loop
      vertex 17.2947 -9 57.4
      vertex 17.1675 0 57.6581
      vertex 17.2947 0 57.4
    endloop
  endfacet
  facet normal -0.896984 -0 -0.442063
    outer loop
      vertex 17.1675 0 57.6581
      vertex 17.2947 -9 57.4
      vertex 17.1675 -9 57.6581
    endloop
  endfacet
  facet normal 0.321435 0 -0.946931
    outer loop
      vertex 19.7694 -9 56.375
      vertex 20.0419 0 56.4675
      vertex 20.0419 -9 56.4675
    endloop
  endfacet
  facet normal 0.321435 0 -0.946931
    outer loop
      vertex 20.0419 0 56.4675
      vertex 19.7694 -9 56.375
      vertex 19.7694 0 56.375
    endloop
  endfacet
  facet normal 0.831737 0 -0.555169
    outer loop
      vertex 21 -9 57.2425
      vertex 20.9454 0 57.1607
      vertex 21 0 57.2425
    endloop
  endfacet
  facet normal 0.831737 0 -0.555169
    outer loop
      vertex 20.9454 0 57.1607
      vertex 21 -9 57.2425
      vertex 20.9454 -9 57.1607
    endloop
  endfacet
  facet normal -0.195314 0 -0.980741
    outer loop
      vertex 18.6306 -9 56.375
      vertex 18.9128 0 56.3188
      vertex 18.9128 -9 56.3188
    endloop
  endfacet
  facet normal -0.195314 0 -0.980741
    outer loop
      vertex 18.9128 0 56.3188
      vertex 18.6306 -9 56.375
      vertex 18.6306 0 56.375
    endloop
  endfacet
  facet normal -0.442063 0 -0.896984
    outer loop
      vertex 18.1 -9 56.5947
      vertex 18.3581 0 56.4675
      vertex 18.3581 -9 56.4675
    endloop
  endfacet
  facet normal -0.442063 0 -0.896984
    outer loop
      vertex 18.3581 0 56.4675
      vertex 18.1 -9 56.5947
      vertex 18.1 0 56.5947
    endloop
  endfacet
  facet normal -0.831462 0 -0.555582
    outer loop
      vertex 17.4546 -9 57.1607
      vertex 17.2947 0 57.4
      vertex 17.4546 0 57.1607
    endloop
  endfacet
  facet normal -0.831462 -0 -0.555582
    outer loop
      vertex 17.2947 0 57.4
      vertex 17.4546 -9 57.1607
      vertex 17.2947 -9 57.4
    endloop
  endfacet
  facet normal -0.659562 0 -0.75165
    outer loop
      vertex 17.6444 -9 56.9444
      vertex 17.8607 0 56.7546
      vertex 17.8607 -9 56.7546
    endloop
  endfacet
  facet normal -0.659562 0 -0.75165
    outer loop
      vertex 17.8607 0 56.7546
      vertex 17.6444 -9 56.9444
      vertex 17.6444 0 56.9444
    endloop
  endfacet
  facet normal -0.555582 0 -0.831462
    outer loop
      vertex 17.8607 -9 56.7546
      vertex 18.1 0 56.5947
      vertex 18.1 -9 56.5947
    endloop
  endfacet
  facet normal -0.555582 0 -0.831462
    outer loop
      vertex 18.1 0 56.5947
      vertex 17.8607 -9 56.7546
      vertex 17.8607 0 56.7546
    endloop
  endfacet
  facet normal -0.75165 0 -0.659562
    outer loop
      vertex 17.6444 -9 56.9444
      vertex 17.4546 0 57.1607
      vertex 17.6444 0 56.9444
    endloop
  endfacet
  facet normal -0.75165 -0 -0.659562
    outer loop
      vertex 17.4546 0 57.1607
      vertex 17.6444 -9 56.9444
      vertex 17.4546 -9 57.1607
    endloop
  endfacet
  facet normal -1 0 0
    outer loop
      vertex -9.5 -3 2
      vertex -9.5 -9 18.9426
      vertex -9.5 -3 24
    endloop
  endfacet
  facet normal -1 0 0
    outer loop
      vertex -9.5 -11 2
      vertex -9.5 -9 18.9426
      vertex -9.5 -3 2
    endloop
  endfacet
  facet normal -1 -0 0
    outer loop
      vertex -9.5 -9 18.9426
      vertex -9.5 -11 2
      vertex -9.5 -11 18.9426
    endloop
  endfacet
  facet normal -1 -0 0
    outer loop
      vertex -9.5 -3 24
      vertex -9.5 -9 18.9426
      vertex -9.5 -9 24
    endloop
  endfacet
  facet normal -0 0 1
    outer loop
      vertex 6.3 -3 24
      vertex 9.5 -9 24
      vertex 9.5 -3 24
    endloop
  endfacet
  facet normal 0 0 1
    outer loop
      vertex 9.5 -9 24
      vertex 6.3 -3 24
      vertex 6.3 -9 24
    endloop
  endfacet
  facet normal -0 0 1
    outer loop
      vertex -9.5 -3 24
      vertex -6.3 -9 24
      vertex -6.3 -3 24
    endloop
  endfacet
  facet normal 0 0 1
    outer loop
      vertex -6.3 -9 24
      vertex -9.5 -3 24
      vertex -9.5 -9 24
    endloop
  endfacet
  facet normal 1 0 0
    outer loop
      vertex 9.5 -9 18.9426
      vertex 9.5 -3 24
      vertex 9.5 -9 24
    endloop
  endfacet
  facet normal 1 0 0
    outer loop
      vertex 9.5 -3 24
      vertex 9.5 -9 18.9426
      vertex 9.5 -3 2
    endloop
  endfacet
  facet normal 1 0 0
    outer loop
      vertex 9.5 -11 2
      vertex 9.5 -9 18.9426
      vertex 9.5 -11 18.9426
    endloop
  endfacet
  facet normal 1 0 0
    outer loop
      vertex 9.5 -9 18.9426
      vertex 9.5 -11 2
      vertex 9.5 -3 2
    endloop
  endfacet
  facet normal 0 -1 -0
    outer loop
      vertex -1.30526 -11 12.0856
      vertex -9.5 -11 2
      vertex 0 -11 12
    endloop
  endfacet
  facet normal 0 -1 -0
    outer loop
      vertex -2.58819 -11 12.3407
      vertex -9.5 -11 2
      vertex -1.30526 -11 12.0856
    endloop
  endfacet
  facet normal 0 -1 -0
    outer loop
      vertex -3.82683 -11 12.7612
      vertex -9.5 -11 2
      vertex -2.58819 -11 12.3407
    endloop
  endfacet
  facet normal 0 -1 -0
    outer loop
      vertex -5 -11 13.3397
      vertex -9.5 -11 2
      vertex -3.82683 -11 12.7612
    endloop
  endfacet
  facet normal 0 -1 -0
    outer loop
      vertex -6.08761 -11 14.0665
      vertex -9.5 -11 2
      vertex -5 -11 13.3397
    endloop
  endfacet
  facet normal 0 -1 -0
    outer loop
      vertex -7.07107 -11 14.9289
      vertex -9.5 -11 2
      vertex -6.08761 -11 14.0665
    endloop
  endfacet
  facet normal 0 -1 -0
    outer loop
      vertex -7.93353 -11 15.9124
      vertex -9.5 -11 2
      vertex -7.07107 -11 14.9289
    endloop
  endfacet
  facet normal 0 -1 -0
    outer loop
      vertex -8.66025 -11 17
      vertex -9.5 -11 2
      vertex -7.93353 -11 15.9124
    endloop
  endfacet
  facet normal 0 -1 -0
    outer loop
      vertex -9.2388 -11 18.1732
      vertex -9.5 -11 2
      vertex -8.66025 -11 17
    endloop
  endfacet
  facet normal 0 -1 0
    outer loop
      vertex -9.5 -11 2
      vertex -9.2388 -11 18.1732
      vertex -9.5 -11 18.9426
    endloop
  endfacet
  facet normal 0 -1 0
    outer loop
      vertex 9.5 -11 2
      vertex 0 -11 12
      vertex -9.5 -11 2
    endloop
  endfacet
  facet normal 0 -1 0
    outer loop
      vertex 0 -11 12
      vertex 9.5 -11 2
      vertex 1.30526 -11 12.0856
    endloop
  endfacet
  facet normal 0 -1 0
    outer loop
      vertex 1.30526 -11 12.0856
      vertex 9.5 -11 2
      vertex 2.58819 -11 12.3407
    endloop
  endfacet
  facet normal 0 -1 0
    outer loop
      vertex 2.58819 -11 12.3407
      vertex 9.5 -11 2
      vertex 3.82683 -11 12.7612
    endloop
  endfacet
  facet normal 0 -1 0
    outer loop
      vertex 3.82683 -11 12.7612
      vertex 9.5 -11 2
      vertex 5 -11 13.3397
    endloop
  endfacet
  facet normal 0 -1 0
    outer loop
      vertex 9.2388 -11 18.1732
      vertex 9.5 -11 2
      vertex 9.5 -11 18.9426
    endloop
  endfacet
  facet normal 0 -1 0
    outer loop
      vertex 8.66025 -11 17
      vertex 9.5 -11 2
      vertex 9.2388 -11 18.1732
    endloop
  endfacet
  facet normal 0 -1 0
    outer loop
      vertex 7.93353 -11 15.9124
      vertex 9.5 -11 2
      vertex 8.66025 -11 17
    endloop
  endfacet
  facet normal 0 -1 0
    outer loop
      vertex 7.07107 -11 14.9289
      vertex 9.5 -11 2
      vertex 7.93353 -11 15.9124
    endloop
  endfacet
  facet normal 0 -1 0
    outer loop
      vertex 6.08761 -11 14.0665
      vertex 9.5 -11 2
      vertex 7.07107 -11 14.9289
    endloop
  endfacet
  facet normal 0 -1 0
    outer loop
      vertex 5 -11 13.3397
      vertex 9.5 -11 2
      vertex 6.08761 -11 14.0665
    endloop
  endfacet
  facet normal 0 1 0
    outer loop
      vertex 9.5 -3 24
      vertex 6.3 -3 15.7
      vertex 6.3 -3 24
    endloop
  endfacet
  facet normal 0 1 0
    outer loop
      vertex 6.3 -3 15.7
      vertex 9.5 -3 2
      vertex -6.3 -3 15.7
    endloop
  endfacet
  facet normal 0 1 -0
    outer loop
      vertex 9.5 -3 2
      vertex 6.3 -3 15.7
      vertex 9.5 -3 24
    endloop
  endfacet
  facet normal 0 1 -0
    outer loop
      vertex -6.3 -3 15.7
      vertex -9.5 -3 24
      vertex -6.3 -3 24
    endloop
  endfacet
  facet normal 0 1 0
    outer loop
      vertex -6.3 -3 15.7
      vertex -9.5 -3 2
      vertex -9.5 -3 24
    endloop
  endfacet
  facet normal 0 1 0
    outer loop
      vertex -9.5 -3 2
      vertex -6.3 -3 15.7
      vertex 9.5 -3 2
    endloop
  endfacet
  facet normal 1 -0 0
    outer loop
      vertex -6.3 -9 24
      vertex -6.3 -3 15.7
      vertex -6.3 -3 24
    endloop
  endfacet
  facet normal 1 0 0
    outer loop
      vertex -6.3 -3 15.7
      vertex -6.3 -9 24
      vertex -6.3 -9 15.7
    endloop
  endfacet
  facet normal -1 0 0
    outer loop
      vertex 6.3 -9 15.7
      vertex 6.3 -3 24
      vertex 6.3 -3 15.7
    endloop
  endfacet
  facet normal -1 -0 0
    outer loop
      vertex 6.3 -3 24
      vertex 6.3 -9 15.7
      vertex 6.3 -9 24
    endloop
  endfacet
  facet normal -0 0 1
    outer loop
      vertex -6.3 -3 15.7
      vertex 6.3 -9 15.7
      vertex 6.3 -3 15.7
    endloop
  endfacet
  facet normal 0 0 1
    outer loop
      vertex 6.3 -9 15.7
      vertex -6.3 -3 15.7
      vertex -6.3 -9 15.7
    endloop
  endfacet
  facet normal -1 0 0
    outer loop
      vertex -17.5 -21 4.5
      vertex -17.5 -17.5 39.5
      vertex -17.5 -17.5 4.5
    endloop
  endfacet
  facet normal -1 -0 0
    outer loop
      vertex -17.5 -17.5 39.5
      vertex -17.5 -21 4.5
      vertex -17.5 -21 39.5
    endloop
  endfacet
  facet normal -0 0 1
    outer loop
      vertex -17.5 -17.5 39.5
      vertex 17.5 -21 39.5
      vertex 17.5 -17.5 39.5
    endloop
  endfacet
  facet normal 0 0 1
    outer loop
      vertex 17.5 -21 39.5
      vertex -17.5 -17.5 39.5
      vertex -17.5 -21 39.5
    endloop
  endfacet
  facet normal 1 -0 0
    outer loop
      vertex 17.5 -21 39.5
      vertex 17.5 -17.5 4.5
      vertex 17.5 -17.5 39.5
    endloop
  endfacet
  facet normal 1 0 0
    outer loop
      vertex 17.5 -17.5 4.5
      vertex 17.5 -21 39.5
      vertex 17.5 -21 4.5
    endloop
  endfacet
  facet normal 0 0 -1
    outer loop
      vertex -17.5 -21 4.5
      vertex 17.5 -17.5 4.5
      vertex 17.5 -21 4.5
    endloop
  endfacet
  facet normal -0 0 -1
    outer loop
      vertex 17.5 -17.5 4.5
      vertex -17.5 -21 4.5
      vertex -17.5 -17.5 4.5
    endloop
  endfacet
  facet normal 0 1 -0
    outer loop
      vertex -4.63905 -17.5 35.3427
      vertex -17.5 -17.5 39.5
      vertex 4.63905 -17.5 35.3427
    endloop
  endfacet
  facet normal 0 1 0
    outer loop
      vertex -17.5 -17.5 39.5
      vertex -4.63905 -17.5 35.3427
      vertex -4.75 -17.5 35.35
    endloop
  endfacet
  facet normal 0 1 -0
    outer loop
      vertex 4.53 -17.5 35.321
      vertex -4.63905 -17.5 35.3427
      vertex 4.63905 -17.5 35.3427
    endloop
  endfacet
  facet normal 0 1 0
    outer loop
      vertex 4.53 -17.5 35.321
      vertex -4.53 -17.5 35.321
      vertex -4.63905 -17.5 35.3427
    endloop
  endfacet
  facet normal 0 1 -0
    outer loop
      vertex 4.42472 -17.5 35.2853
      vertex -4.53 -17.5 35.321
      vertex 4.53 -17.5 35.321
    endloop
  endfacet
  facet normal 0 1 0
    outer loop
      vertex 4.42472 -17.5 35.2853
      vertex -4.42472 -17.5 35.2853
      vertex -4.53 -17.5 35.321
    endloop
  endfacet
  facet normal 0 1 -0
    outer loop
      vertex 4.325 -17.5 35.2361
      vertex -4.42472 -17.5 35.2853
      vertex 4.42472 -17.5 35.2853
    endloop
  endfacet
  facet normal 0 1 0
    outer loop
      vertex 4.325 -17.5 35.2361
      vertex -4.325 -17.5 35.2361
      vertex -4.42472 -17.5 35.2853
    endloop
  endfacet
  facet normal 0 1 -0
    outer loop
      vertex 4.23255 -17.5 35.1744
      vertex -4.325 -17.5 35.2361
      vertex 4.325 -17.5 35.2361
    endloop
  endfacet
  facet normal 0 1 0
    outer loop
      vertex 4.23255 -17.5 35.1744
      vertex -4.23255 -17.5 35.1744
      vertex -4.325 -17.5 35.2361
    endloop
  endfacet
  facet normal 0 1 -0
    outer loop
      vertex 4.14896 -17.5 35.101
      vertex -4.23255 -17.5 35.1744
      vertex 4.23255 -17.5 35.1744
    endloop
  endfacet
  facet normal 0 1 0
    outer loop
      vertex 4.14896 -17.5 35.101
      vertex -4.14896 -17.5 35.101
      vertex -4.23255 -17.5 35.1744
    endloop
  endfacet
  facet normal 0 1 -0
    outer loop
      vertex 4.07565 -17.5 35.0174
      vertex -4.14896 -17.5 35.101
      vertex 4.14896 -17.5 35.101
    endloop
  endfacet
  facet normal 0 1 0
    outer loop
      vertex 4.07565 -17.5 35.0174
      vertex -4.07565 -17.5 35.0174
      vertex -4.14896 -17.5 35.101
    endloop
  endfacet
  facet normal 0 1 -0
    outer loop
      vertex 4.01388 -17.5 34.925
      vertex -4.07565 -17.5 35.0174
      vertex 4.07565 -17.5 35.0174
    endloop
  endfacet
  facet normal 0 1 0
    outer loop
      vertex 4.01388 -17.5 34.925
      vertex -4.01388 -17.5 34.925
      vertex -4.07565 -17.5 35.0174
    endloop
  endfacet
  facet normal 0 1 -0
    outer loop
      vertex 3.9647 -17.5 34.8253
      vertex -4.01388 -17.5 34.925
      vertex 4.01388 -17.5 34.925
    endloop
  endfacet
  facet normal 0 1 0
    outer loop
      vertex 3.9647 -17.5 34.8253
      vertex -3.9647 -17.5 34.8253
      vertex -4.01388 -17.5 34.925
    endloop
  endfacet
  facet normal 0 1 0
    outer loop
      vertex 0 -17.5 32
      vertex 3.9647 -17.5 34.8253
      vertex 3.92896 -17.5 34.72
    endloop
  endfacet
  facet normal 0 1 0
    outer loop
      vertex 3.9647 -17.5 34.8253
      vertex 0 -17.5 32
      vertex -3.9647 -17.5 34.8253
    endloop
  endfacet
  facet normal 0 1 0
    outer loop
      vertex 0 -17.5 32
      vertex 3.92896 -17.5 34.72
      vertex 3.90727 -17.5 34.6109
    endloop
  endfacet
  facet normal 0 1 0
    outer loop
      vertex -3.9647 -17.5 34.8253
      vertex 0 -17.5 32
      vertex -3.92896 -17.5 34.72
    endloop
  endfacet
  facet normal 0 1 0
    outer loop
      vertex 1.30526 -17.5 31.9144
      vertex 3.90727 -17.5 34.6109
      vertex 3.9 -17.5 34.5
    endloop
  endfacet
  facet normal 0 1 0
    outer loop
      vertex -3.92896 -17.5 34.72
      vertex 0 -17.5 32
      vertex -3.90727 -17.5 34.6109
    endloop
  endfacet
  facet normal 0 1 0
    outer loop
      vertex 1.30526 -17.5 31.9144
      vertex 3.9 -17.5 34.5
      vertex 3.90727 -17.5 34.3891
    endloop
  endfacet
  facet normal 0 1 -0
    outer loop
      vertex -1.30526 -17.5 31.9144
      vertex -3.90727 -17.5 34.6109
      vertex 0 -17.5 32
    endloop
  endfacet
  facet normal 0 1 0
    outer loop
      vertex 1.30526 -17.5 31.9144
      vertex 3.90727 -17.5 34.3891
      vertex 3.92896 -17.5 34.28
    endloop
  endfacet
  facet normal 0 1 0
    outer loop
      vertex -3.90727 -17.5 34.6109
      vertex -1.30526 -17.5 31.9144
      vertex -3.9 -17.5 34.5
    endloop
  endfacet
  facet normal 0 1 0
    outer loop
      vertex 1.30526 -17.5 31.9144
      vertex 3.92896 -17.5 34.28
      vertex 3.9647 -17.5 34.1747
    endloop
  endfacet
  facet normal 0 1 0
    outer loop
      vertex -3.9 -17.5 34.5
      vertex -1.30526 -17.5 31.9144
      vertex -3.90727 -17.5 34.3891
    endloop
  endfacet
  facet normal 0 1 0
    outer loop
      vertex 2.58819 -17.5 31.6593
      vertex 3.9647 -17.5 34.1747
      vertex 4.01388 -17.5 34.075
    endloop
  endfacet
  facet normal 0 1 0
    outer loop
      vertex -3.90727 -17.5 34.3891
      vertex -1.30526 -17.5 31.9144
      vertex -3.92896 -17.5 34.28
    endloop
  endfacet
  facet normal 0 1 0
    outer loop
      vertex 2.58819 -17.5 31.6593
      vertex 4.01388 -17.5 34.075
      vertex 4.07565 -17.5 33.9826
    endloop
  endfacet
  facet normal 0 1 0
    outer loop
      vertex -3.92896 -17.5 34.28
      vertex -1.30526 -17.5 31.9144
      vertex -3.9647 -17.5 34.1747
    endloop
  endfacet
  facet normal 0 1 0
    outer loop
      vertex 2.58819 -17.5 31.6593
      vertex 4.07565 -17.5 33.9826
      vertex 4.14896 -17.5 33.899
    endloop
  endfacet
  facet normal 0 1 -0
    outer loop
      vertex -2.58819 -17.5 31.6593
      vertex -3.9647 -17.5 34.1747
      vertex -1.30526 -17.5 31.9144
    endloop
  endfacet
  facet normal 0 1 0
    outer loop
      vertex 2.58819 -17.5 31.6593
      vertex 4.14896 -17.5 33.899
      vertex 4.23255 -17.5 33.8256
    endloop
  endfacet
  facet normal 0 1 0
    outer loop
      vertex -3.9647 -17.5 34.1747
      vertex -2.58819 -17.5 31.6593
      vertex -4.01388 -17.5 34.075
    endloop
  endfacet
  facet normal 0 1 0
    outer loop
      vertex 2.58819 -17.5 31.6593
      vertex 4.23255 -17.5 33.8256
      vertex 4.325 -17.5 33.7639
    endloop
  endfacet
  facet normal 0 1 0
    outer loop
      vertex -4.01388 -17.5 34.075
      vertex -2.58819 -17.5 31.6593
      vertex -4.07565 -17.5 33.9826
    endloop
  endfacet
  facet normal 0 1 0
    outer loop
      vertex 3.82683 -17.5 31.2388
      vertex 4.325 -17.5 33.7639
      vertex 4.42472 -17.5 33.7147
    endloop
  endfacet
  facet normal 0 1 0
    outer loop
      vertex -4.07565 -17.5 33.9826
      vertex -2.58819 -17.5 31.6593
      vertex -4.14896 -17.5 33.899
    endloop
  endfacet
  facet normal 0 1 0
    outer loop
      vertex 3.82683 -17.5 31.2388
      vertex 4.42472 -17.5 33.7147
      vertex 4.53 -17.5 33.679
    endloop
  endfacet
  facet normal 0 1 0
    outer loop
      vertex -4.14896 -17.5 33.899
      vertex -2.58819 -17.5 31.6593
      vertex -4.23255 -17.5 33.8256
    endloop
  endfacet
  facet normal 0 1 0
    outer loop
      vertex 3.82683 -17.5 31.2388
      vertex 4.53 -17.5 33.679
      vertex 4.63905 -17.5 33.6573
    endloop
  endfacet
  facet normal 0 1 0
    outer loop
      vertex -4.23255 -17.5 33.8256
      vertex -2.58819 -17.5 31.6593
      vertex -4.325 -17.5 33.7639
    endloop
  endfacet
  facet normal 0 1 0
    outer loop
      vertex 3.82683 -17.5 31.2388
      vertex 4.63905 -17.5 33.6573
      vertex 4.75 -17.5 33.65
    endloop
  endfacet
  facet normal 0 1 -0
    outer loop
      vertex -3.82683 -17.5 31.2388
      vertex -4.325 -17.5 33.7639
      vertex -2.58819 -17.5 31.6593
    endloop
  endfacet
  facet normal 0 1 0
    outer loop
      vertex 4.63905 -17.5 35.3427
      vertex 17.5 -17.5 39.5
      vertex 4.75 -17.5 35.35
    endloop
  endfacet
  facet normal 0 1 0
    outer loop
      vertex 17.5 -17.5 39.5
      vertex 4.86095 -17.5 35.3427
      vertex 4.75 -17.5 35.35
    endloop
  endfacet
  facet normal 0 1 0
    outer loop
      vertex 17.5 -17.5 39.5
      vertex 4.97 -17.5 35.321
      vertex 4.86095 -17.5 35.3427
    endloop
  endfacet
  facet normal 0 1 0
    outer loop
      vertex 17.5 -17.5 39.5
      vertex 5.07528 -17.5 35.2853
      vertex 4.97 -17.5 35.321
    endloop
  endfacet
  facet normal 0 1 0
    outer loop
      vertex 17.5 -17.5 39.5
      vertex 5.175 -17.5 35.2361
      vertex 5.07528 -17.5 35.2853
    endloop
  endfacet
  facet normal 0 1 0
    outer loop
      vertex 17.5 -17.5 39.5
      vertex 5.26745 -17.5 35.1744
      vertex 5.175 -17.5 35.2361
    endloop
  endfacet
  facet normal 0 1 0
    outer loop
      vertex 17.5 -17.5 39.5
      vertex 5.35104 -17.5 35.101
      vertex 5.26745 -17.5 35.1744
    endloop
  endfacet
  facet normal 0 1 0
    outer loop
      vertex 17.5 -17.5 39.5
      vertex 5.42435 -17.5 35.0174
      vertex 5.35104 -17.5 35.101
    endloop
  endfacet
  facet normal 0 1 0
    outer loop
      vertex 17.5 -17.5 39.5
      vertex 5.48612 -17.5 34.925
      vertex 5.42435 -17.5 35.0174
    endloop
  endfacet
  facet normal 0 1 0
    outer loop
      vertex 17.5 -17.5 39.5
      vertex 5.5353 -17.5 34.8253
      vertex 5.48612 -17.5 34.925
    endloop
  endfacet
  facet normal 0 1 0
    outer loop
      vertex 17.5 -17.5 39.5
      vertex 5.57104 -17.5 34.72
      vertex 5.5353 -17.5 34.8253
    endloop
  endfacet
  facet normal 0 1 0
    outer loop
      vertex 17.5 -17.5 39.5
      vertex 5.59273 -17.5 34.6109
      vertex 5.57104 -17.5 34.72
    endloop
  endfacet
  facet normal 0 1 0
    outer loop
      vertex 17.5 -17.5 39.5
      vertex 5.6 -17.5 34.5
      vertex 5.59273 -17.5 34.6109
    endloop
  endfacet
  facet normal 0 1 -0
    outer loop
      vertex 12.5 -17.5 27.6
      vertex 5.6 -17.5 34.5
      vertex 17.5 -17.5 39.5
    endloop
  endfacet
  facet normal 0 1 0
    outer loop
      vertex 5.6 -17.5 34.5
      vertex 12.5 -17.5 27.6
      vertex 5.59273 -17.5 34.3891
    endloop
  endfacet
  facet normal 0 1 -0
    outer loop
      vertex 12.3891 -17.5 27.5927
      vertex 5.59273 -17.5 34.3891
      vertex 12.5 -17.5 27.6
    endloop
  endfacet
  facet normal 0 1 0
    outer loop
      vertex 5.59273 -17.5 34.3891
      vertex 12.3891 -17.5 27.5927
      vertex 5.57104 -17.5 34.28
    endloop
  endfacet
  facet normal 0 1 -0
    outer loop
      vertex 12.28 -17.5 27.571
      vertex 5.57104 -17.5 34.28
      vertex 12.3891 -17.5 27.5927
    endloop
  endfacet
  facet normal -0 1 -0
    outer loop
      vertex 7.07107 -17.5 29.0711
      vertex 5.57104 -17.5 34.28
      vertex 12.28 -17.5 27.571
    endloop
  endfacet
  facet normal 0 1 0
    outer loop
      vertex 5.57104 -17.5 34.28
      vertex 7.07107 -17.5 29.0711
      vertex 5.5353 -17.5 34.1747
    endloop
  endfacet
  facet normal -0 1 -0
    outer loop
      vertex 6.08761 -17.5 29.9335
      vertex 5.5353 -17.5 34.1747
      vertex 7.07107 -17.5 29.0711
    endloop
  endfacet
  facet normal 0 1 0
    outer loop
      vertex 5.5353 -17.5 34.1747
      vertex 6.08761 -17.5 29.9335
      vertex 5.48612 -17.5 34.075
    endloop
  endfacet
  facet normal 0 1 0
    outer loop
      vertex -4.325 -17.5 33.7639
      vertex -3.82683 -17.5 31.2388
      vertex -4.42472 -17.5 33.7147
    endloop
  endfacet
  facet normal 0 1 0
    outer loop
      vertex 3.82683 -17.5 31.2388
      vertex 4.75 -17.5 33.65
      vertex 4.86095 -17.5 33.6573
    endloop
  endfacet
  facet normal 0 1 0
    outer loop
      vertex 5 -17.5 30.6603
      vertex 4.86095 -17.5 33.6573
      vertex 4.97 -17.5 33.679
    endloop
  endfacet
  facet normal 0 1 0
    outer loop
      vertex 3.90727 -17.5 34.6109
      vertex 1.30526 -17.5 31.9144
      vertex 0 -17.5 32
    endloop
  endfacet
  facet normal 0 1 -0
    outer loop
      vertex 5 -17.5 30.6603
      vertex 4.97 -17.5 33.679
      vertex 5.07528 -17.5 33.7147
    endloop
  endfacet
  facet normal 0 1 0
    outer loop
      vertex 5.48612 -17.5 34.075
      vertex 6.08761 -17.5 29.9335
      vertex 5.42435 -17.5 33.9826
    endloop
  endfacet
  facet normal 0 1 0
    outer loop
      vertex 3.9647 -17.5 34.1747
      vertex 2.58819 -17.5 31.6593
      vertex 1.30526 -17.5 31.9144
    endloop
  endfacet
  facet normal 0 1 0
    outer loop
      vertex 4.325 -17.5 33.7639
      vertex 3.82683 -17.5 31.2388
      vertex 2.58819 -17.5 31.6593
    endloop
  endfacet
  facet normal 0 1 0
    outer loop
      vertex 4.86095 -17.5 33.6573
      vertex 5 -17.5 30.6603
      vertex 3.82683 -17.5 31.2388
    endloop
  endfacet
  facet normal 0 1 0
    outer loop
      vertex 5.175 -17.5 33.7639
      vertex 5 -17.5 30.6603
      vertex 5.07528 -17.5 33.7147
    endloop
  endfacet
  facet normal 0 1 0
    outer loop
      vertex 5.26745 -17.5 33.8256
      vertex 5 -17.5 30.6603
      vertex 5.175 -17.5 33.7639
    endloop
  endfacet
  facet normal -0 1 0
    outer loop
      vertex 5 -17.5 30.6603
      vertex 5.26745 -17.5 33.8256
      vertex 6.08761 -17.5 29.9335
    endloop
  endfacet
  facet normal 0 1 0
    outer loop
      vertex 5.35104 -17.5 33.899
      vertex 6.08761 -17.5 29.9335
      vertex 5.26745 -17.5 33.8256
    endloop
  endfacet
  facet normal 0 1 0
    outer loop
      vertex 17.5 -17.5 39.5
      vertex 12.6109 -17.5 27.5927
      vertex 12.5 -17.5 27.6
    endloop
  endfacet
  facet normal 0 1 0
    outer loop
      vertex 17.5 -17.5 39.5
      vertex 12.72 -17.5 27.571
      vertex 12.6109 -17.5 27.5927
    endloop
  endfacet
  facet normal 0 1 0
    outer loop
      vertex 17.5 -17.5 39.5
      vertex 12.8253 -17.5 27.5353
      vertex 12.72 -17.5 27.571
    endloop
  endfacet
  facet normal 0 1 0
    outer loop
      vertex 17.5 -17.5 39.5
      vertex 12.925 -17.5 27.4861
      vertex 12.8253 -17.5 27.5353
    endloop
  endfacet
  facet normal 0 1 0
    outer loop
      vertex 17.5 -17.5 39.5
      vertex 13.0174 -17.5 27.4244
      vertex 12.925 -17.5 27.4861
    endloop
  endfacet
  facet normal 0 1 0
    outer loop
      vertex 17.5 -17.5 39.5
      vertex 13.101 -17.5 27.351
      vertex 13.0174 -17.5 27.4244
    endloop
  endfacet
  facet normal 0 1 0
    outer loop
      vertex 17.5 -17.5 39.5
      vertex 13.1743 -17.5 27.2674
      vertex 13.101 -17.5 27.351
    endloop
  endfacet
  facet normal 0 1 0
    outer loop
      vertex 17.5 -17.5 39.5
      vertex 13.2361 -17.5 27.175
      vertex 13.1743 -17.5 27.2674
    endloop
  endfacet
  facet normal 0 1 0
    outer loop
      vertex 17.5 -17.5 39.5
      vertex 13.2853 -17.5 27.0753
      vertex 13.2361 -17.5 27.175
    endloop
  endfacet
  facet normal 0 1 0
    outer loop
      vertex 17.5 -17.5 39.5
      vertex 13.321 -17.5 26.97
      vertex 13.2853 -17.5 27.0753
    endloop
  endfacet
  facet normal 0 1 0
    outer loop
      vertex 17.5 -17.5 39.5
      vertex 13.3427 -17.5 26.8609
      vertex 13.321 -17.5 26.97
    endloop
  endfacet
  facet normal 0 1 0
    outer loop
      vertex 17.5 -17.5 39.5
      vertex 13.35 -17.5 26.75
      vertex 13.3427 -17.5 26.8609
    endloop
  endfacet
  facet normal 0 1 0
    outer loop
      vertex 17.5 -17.5 39.5
      vertex 13.3427 -17.5 26.6391
      vertex 13.35 -17.5 26.75
    endloop
  endfacet
  facet normal 0 1 0
    outer loop
      vertex 13.3427 -17.5 17.3609
      vertex 13.3427 -17.5 26.6391
      vertex 17.5 -17.5 39.5
    endloop
  endfacet
  facet normal 0 1 0
    outer loop
      vertex 11.7639 -17.5 26.325
      vertex 9.65926 -17.5 24.5882
      vertex 9.2388 -17.5 25.8268
    endloop
  endfacet
  facet normal 0 1 0
    outer loop
      vertex 9.91445 -17.5 23.3053
      vertex 12.5 -17.5 25.9
      vertex 12.6109 -17.5 25.9073
    endloop
  endfacet
  facet normal 0 1 0
    outer loop
      vertex 10 -17.5 22
      vertex 12.6109 -17.5 25.9073
      vertex 12.72 -17.5 25.929
    endloop
  endfacet
  facet normal 0 1 0
    outer loop
      vertex 10 -17.5 22
      vertex 12.72 -17.5 25.929
      vertex 12.8253 -17.5 25.9647
    endloop
  endfacet
  facet normal 0 1 0
    outer loop
      vertex 12.3891 -17.5 25.9073
      vertex 9.91445 -17.5 23.3053
      vertex 9.65926 -17.5 24.5882
    endloop
  endfacet
  facet normal 0 1 0
    outer loop
      vertex 12.8253 -17.5 18.0353
      vertex 12.8253 -17.5 25.9647
      vertex 12.925 -17.5 26.0139
    endloop
  endfacet
  facet normal 0 1 0
    outer loop
      vertex 12.925 -17.5 17.9861
      vertex 12.925 -17.5 26.0139
      vertex 13.0174 -17.5 26.0756
    endloop
  endfacet
  facet normal 0 1 0
    outer loop
      vertex 13.0174 -17.5 17.9244
      vertex 13.0174 -17.5 26.0756
      vertex 13.101 -17.5 26.149
    endloop
  endfacet
  facet normal 0 1 0
    outer loop
      vertex 12.6109 -17.5 25.9073
      vertex 10 -17.5 22
      vertex 9.91445 -17.5 23.3053
    endloop
  endfacet
  facet normal 0 1 0
    outer loop
      vertex 13.101 -17.5 17.851
      vertex 13.101 -17.5 26.149
      vertex 13.1743 -17.5 26.2326
    endloop
  endfacet
  facet normal 0 1 0
    outer loop
      vertex 12.8253 -17.5 25.9647
      vertex 12.8253 -17.5 18.0353
      vertex 10 -17.5 22
    endloop
  endfacet
  facet normal 0 1 0
    outer loop
      vertex 13.1743 -17.5 17.7674
      vertex 13.1743 -17.5 26.2326
      vertex 13.2361 -17.5 26.325
    endloop
  endfacet
  facet normal -0 1 -0
    outer loop
      vertex 12.6109 -17.5 18.0927
      vertex 10 -17.5 22
      vertex 12.72 -17.5 18.071
    endloop
  endfacet
  facet normal 0 1 -0
    outer loop
      vertex 12.3891 -17.5 18.0927
      vertex 9.91445 -17.5 20.6947
      vertex 12.5 -17.5 18.1
    endloop
  endfacet
  facet normal 0 1 0
    outer loop
      vertex 13.2361 -17.5 17.675
      vertex 13.2361 -17.5 26.325
      vertex 13.2853 -17.5 26.4247
    endloop
  endfacet
  facet normal 0 1 -0
    outer loop
      vertex 12.28 -17.5 18.071
      vertex 9.91445 -17.5 20.6947
      vertex 12.3891 -17.5 18.0927
    endloop
  endfacet
  facet normal 0 1 0
    outer loop
      vertex 13.2853 -17.5 17.5753
      vertex 13.2853 -17.5 26.4247
      vertex 13.321 -17.5 26.53
    endloop
  endfacet
  facet normal 0 1 0
    outer loop
      vertex 13.3427 -17.5 26.6391
      vertex 13.3427 -17.5 17.3609
      vertex 13.321 -17.5 26.53
    endloop
  endfacet
  facet normal 0 1 0
    outer loop
      vertex 9.91445 -17.5 20.6947
      vertex 12.6109 -17.5 18.0927
      vertex 12.5 -17.5 18.1
    endloop
  endfacet
  facet normal 0 1 0
    outer loop
      vertex 10 -17.5 22
      vertex 12.6109 -17.5 18.0927
      vertex 9.91445 -17.5 20.6947
    endloop
  endfacet
  facet normal 0 1 0
    outer loop
      vertex 10 -17.5 22
      vertex 12.8253 -17.5 18.0353
      vertex 12.72 -17.5 18.071
    endloop
  endfacet
  facet normal 0 1 0
    outer loop
      vertex 12.925 -17.5 26.0139
      vertex 12.925 -17.5 17.9861
      vertex 12.8253 -17.5 18.0353
    endloop
  endfacet
  facet normal 0 1 0
    outer loop
      vertex 13.0174 -17.5 26.0756
      vertex 13.0174 -17.5 17.9244
      vertex 12.925 -17.5 17.9861
    endloop
  endfacet
  facet normal 0 1 0
    outer loop
      vertex 13.101 -17.5 26.149
      vertex 13.101 -17.5 17.851
      vertex 13.0174 -17.5 17.9244
    endloop
  endfacet
  facet normal 0 1 0
    outer loop
      vertex 13.1743 -17.5 26.2326
      vertex 13.1743 -17.5 17.7674
      vertex 13.101 -17.5 17.851
    endloop
  endfacet
  facet normal 0 1 0
    outer loop
      vertex 13.2361 -17.5 26.325
      vertex 13.2361 -17.5 17.675
      vertex 13.1743 -17.5 17.7674
    endloop
  endfacet
  facet normal 0 1 0
    outer loop
      vertex 13.2853 -17.5 26.4247
      vertex 13.2853 -17.5 17.5753
      vertex 13.2361 -17.5 17.675
    endloop
  endfacet
  facet normal 0 1 0
    outer loop
      vertex 13.321 -17.5 26.53
      vertex 13.321 -17.5 17.47
      vertex 13.2853 -17.5 17.5753
    endloop
  endfacet
  facet normal 0 1 0
    outer loop
      vertex 13.321 -17.5 26.53
      vertex 13.3427 -17.5 17.3609
      vertex 13.321 -17.5 17.47
    endloop
  endfacet
  facet normal 0 1 -0
    outer loop
      vertex 17.5 -17.5 4.5
      vertex 13.3427 -17.5 17.3609
      vertex 17.5 -17.5 39.5
    endloop
  endfacet
  facet normal 0 1 0
    outer loop
      vertex 13.3427 -17.5 17.3609
      vertex 17.5 -17.5 4.5
      vertex 13.35 -17.5 17.25
    endloop
  endfacet
  facet normal 0 1 0
    outer loop
      vertex 17.5 -17.5 4.5
      vertex 12.5 -17.5 16.4
      vertex 12.6109 -17.5 16.4073
    endloop
  endfacet
  facet normal 0 1 0
    outer loop
      vertex 12.5 -17.5 16.4
      vertex 7.07107 -17.5 14.9289
      vertex 7.93353 -17.5 15.9124
    endloop
  endfacet
  facet normal 0 1 0
    outer loop
      vertex 17.5 -17.5 4.5
      vertex 12.6109 -17.5 16.4073
      vertex 12.72 -17.5 16.429
    endloop
  endfacet
  facet normal 0 1 0
    outer loop
      vertex 12.5 -17.5 16.4
      vertex 17.5 -17.5 4.5
      vertex 7.07107 -17.5 14.9289
    endloop
  endfacet
  facet normal 0 1 0
    outer loop
      vertex 17.5 -17.5 4.5
      vertex 12.72 -17.5 16.429
      vertex 12.8253 -17.5 16.4647
    endloop
  endfacet
  facet normal 0 1 0
    outer loop
      vertex 7.07107 -17.5 14.9289
      vertex 17.5 -17.5 4.5
      vertex 6.08761 -17.5 14.0665
    endloop
  endfacet
  facet normal 0 1 0
    outer loop
      vertex 6.08761 -17.5 14.0665
      vertex 17.5 -17.5 4.5
      vertex 5 -17.5 13.3397
    endloop
  endfacet
  facet normal 0 1 0
    outer loop
      vertex 1.30526 -17.5 12.0856
      vertex 17.5 -17.5 4.5
      vertex 0 -17.5 12
    endloop
  endfacet
  facet normal 0 1 0
    outer loop
      vertex 2.58819 -17.5 12.3407
      vertex 17.5 -17.5 4.5
      vertex 1.30526 -17.5 12.0856
    endloop
  endfacet
  facet normal 0 1 0
    outer loop
      vertex 3.82683 -17.5 12.7612
      vertex 17.5 -17.5 4.5
      vertex 2.58819 -17.5 12.3407
    endloop
  endfacet
  facet normal 0 1 0
    outer loop
      vertex 5 -17.5 13.3397
      vertex 17.5 -17.5 4.5
      vertex 3.82683 -17.5 12.7612
    endloop
  endfacet
  facet normal 0 1 0
    outer loop
      vertex 12.925 -17.5 16.5139
      vertex 17.5 -17.5 4.5
      vertex 12.8253 -17.5 16.4647
    endloop
  endfacet
  facet normal 0 1 0
    outer loop
      vertex 13.0174 -17.5 16.5756
      vertex 17.5 -17.5 4.5
      vertex 12.925 -17.5 16.5139
    endloop
  endfacet
  facet normal 0 1 0
    outer loop
      vertex 13.101 -17.5 16.649
      vertex 17.5 -17.5 4.5
      vertex 13.0174 -17.5 16.5756
    endloop
  endfacet
  facet normal 0 1 0
    outer loop
      vertex 13.1743 -17.5 16.7326
      vertex 17.5 -17.5 4.5
      vertex 13.101 -17.5 16.649
    endloop
  endfacet
  facet normal 0 1 0
    outer loop
      vertex 13.2361 -17.5 16.825
      vertex 17.5 -17.5 4.5
      vertex 13.1743 -17.5 16.7326
    endloop
  endfacet
  facet normal 0 1 0
    outer loop
      vertex 13.2853 -17.5 16.9247
      vertex 17.5 -17.5 4.5
      vertex 13.2361 -17.5 16.825
    endloop
  endfacet
  facet normal 0 1 0
    outer loop
      vertex 13.321 -17.5 17.03
      vertex 17.5 -17.5 4.5
      vertex 13.2853 -17.5 16.9247
    endloop
  endfacet
  facet normal 0 1 0
    outer loop
      vertex 13.3427 -17.5 17.1391
      vertex 17.5 -17.5 4.5
      vertex 13.321 -17.5 17.03
    endloop
  endfacet
  facet normal 0 1 0
    outer loop
      vertex 13.35 -17.5 17.25
      vertex 17.5 -17.5 4.5
      vertex 13.3427 -17.5 17.1391
    endloop
  endfacet
  facet normal 0 1 0
    outer loop
      vertex 17.5 -17.5 39.5
      vertex 4.63905 -17.5 35.3427
      vertex -17.5 -17.5 39.5
    endloop
  endfacet
  facet normal 0 1 -0
    outer loop
      vertex -4.86095 -17.5 35.3427
      vertex -17.5 -17.5 39.5
      vertex -4.75 -17.5 35.35
    endloop
  endfacet
  facet normal 0 1 -0
    outer loop
      vertex -4.97 -17.5 35.321
      vertex -17.5 -17.5 39.5
      vertex -4.86095 -17.5 35.3427
    endloop
  endfacet
  facet normal 0 1 -0
    outer loop
      vertex -5.07528 -17.5 35.2853
      vertex -17.5 -17.5 39.5
      vertex -4.97 -17.5 35.321
    endloop
  endfacet
  facet normal 0 1 -0
    outer loop
      vertex -5.175 -17.5 35.2361
      vertex -17.5 -17.5 39.5
      vertex -5.07528 -17.5 35.2853
    endloop
  endfacet
  facet normal 0 1 -0
    outer loop
      vertex -5.26745 -17.5 35.1744
      vertex -17.5 -17.5 39.5
      vertex -5.175 -17.5 35.2361
    endloop
  endfacet
  facet normal 0 1 -0
    outer loop
      vertex -5.35104 -17.5 35.101
      vertex -17.5 -17.5 39.5
      vertex -5.26745 -17.5 35.1744
    endloop
  endfacet
  facet normal 0 1 -0
    outer loop
      vertex -5.42435 -17.5 35.0174
      vertex -17.5 -17.5 39.5
      vertex -5.35104 -17.5 35.101
    endloop
  endfacet
  facet normal 0 1 -0
    outer loop
      vertex -5.48612 -17.5 34.925
      vertex -17.5 -17.5 39.5
      vertex -5.42435 -17.5 35.0174
    endloop
  endfacet
  facet normal 0 1 -0
    outer loop
      vertex -5.5353 -17.5 34.8253
      vertex -17.5 -17.5 39.5
      vertex -5.48612 -17.5 34.925
    endloop
  endfacet
  facet normal 0 1 -0
    outer loop
      vertex -5.57104 -17.5 34.72
      vertex -17.5 -17.5 39.5
      vertex -5.5353 -17.5 34.8253
    endloop
  endfacet
  facet normal 0 1 -0
    outer loop
      vertex -5.59273 -17.5 34.6109
      vertex -17.5 -17.5 39.5
      vertex -5.57104 -17.5 34.72
    endloop
  endfacet
  facet normal 0 1 -0
    outer loop
      vertex -5.6 -17.5 34.5
      vertex -17.5 -17.5 39.5
      vertex -5.59273 -17.5 34.6109
    endloop
  endfacet
  facet normal 0 1 0
    outer loop
      vertex -5.59273 -17.5 34.3891
      vertex -17.5 -17.5 39.5
      vertex -5.6 -17.5 34.5
    endloop
  endfacet
  facet normal 0 1 0
    outer loop
      vertex -7.07107 -17.5 29.0711
      vertex -5.59273 -17.5 34.3891
      vertex -5.57104 -17.5 34.28
    endloop
  endfacet
  facet normal 0 1 0
    outer loop
      vertex -7.07107 -17.5 29.0711
      vertex -5.57104 -17.5 34.28
      vertex -5.5353 -17.5 34.1747
    endloop
  endfacet
  facet normal 0 1 0
    outer loop
      vertex -6.08761 -17.5 29.9335
      vertex -5.5353 -17.5 34.1747
      vertex -5.48612 -17.5 34.075
    endloop
  endfacet
  facet normal 0 1 0
    outer loop
      vertex -6.08761 -17.5 29.9335
      vertex -5.48612 -17.5 34.075
      vertex -5.42435 -17.5 33.9826
    endloop
  endfacet
  facet normal 0 1 0
    outer loop
      vertex -6.08761 -17.5 29.9335
      vertex -5.42435 -17.5 33.9826
      vertex -5.35104 -17.5 33.899
    endloop
  endfacet
  facet normal 0 1 0
    outer loop
      vertex -6.08761 -17.5 29.9335
      vertex -5.35104 -17.5 33.899
      vertex -5.26745 -17.5 33.8256
    endloop
  endfacet
  facet normal 0 1 0
    outer loop
      vertex -5 -17.5 30.6603
      vertex -5.26745 -17.5 33.8256
      vertex -5.175 -17.5 33.7639
    endloop
  endfacet
  facet normal 0 1 0
    outer loop
      vertex -5 -17.5 30.6603
      vertex -5.175 -17.5 33.7639
      vertex -5.07528 -17.5 33.7147
    endloop
  endfacet
  facet normal 0 1 0
    outer loop
      vertex -4.42472 -17.5 33.7147
      vertex -3.82683 -17.5 31.2388
      vertex -4.53 -17.5 33.679
    endloop
  endfacet
  facet normal 0 1 0
    outer loop
      vertex -4.53 -17.5 33.679
      vertex -3.82683 -17.5 31.2388
      vertex -4.63905 -17.5 33.6573
    endloop
  endfacet
  facet normal 0 1 0
    outer loop
      vertex -4.63905 -17.5 33.6573
      vertex -3.82683 -17.5 31.2388
      vertex -4.75 -17.5 33.65
    endloop
  endfacet
  facet normal 0 1 0
    outer loop
      vertex -4.75 -17.5 33.65
      vertex -3.82683 -17.5 31.2388
      vertex -4.86095 -17.5 33.6573
    endloop
  endfacet
  facet normal 0 1 0
    outer loop
      vertex -5 -17.5 30.6603
      vertex -4.86095 -17.5 33.6573
      vertex -3.82683 -17.5 31.2388
    endloop
  endfacet
  facet normal 0 1 0
    outer loop
      vertex -4.86095 -17.5 33.6573
      vertex -5 -17.5 30.6603
      vertex -4.97 -17.5 33.679
    endloop
  endfacet
  facet normal 0 1 0
    outer loop
      vertex -4.97 -17.5 33.679
      vertex -5 -17.5 30.6603
      vertex -5.07528 -17.5 33.7147
    endloop
  endfacet
  facet normal 0 1 0
    outer loop
      vertex -5.26745 -17.5 33.8256
      vertex -5 -17.5 30.6603
      vertex -6.08761 -17.5 29.9335
    endloop
  endfacet
  facet normal 0 1 0
    outer loop
      vertex -5.5353 -17.5 34.1747
      vertex -6.08761 -17.5 29.9335
      vertex -7.07107 -17.5 29.0711
    endloop
  endfacet
  facet normal 0 1 0
    outer loop
      vertex -5.59273 -17.5 34.3891
      vertex -7.07107 -17.5 29.0711
      vertex -17.5 -17.5 39.5
    endloop
  endfacet
  facet normal 0 1 -0
    outer loop
      vertex -7.93353 -17.5 28.0876
      vertex -17.5 -17.5 39.5
      vertex -7.07107 -17.5 29.0711
    endloop
  endfacet
  facet normal 0 1 -0
    outer loop
      vertex -8.66025 -17.5 27
      vertex -17.5 -17.5 39.5
      vertex -7.93353 -17.5 28.0876
    endloop
  endfacet
  facet normal 0 1 -0
    outer loop
      vertex -9.2388 -17.5 25.8268
      vertex -17.5 -17.5 39.5
      vertex -8.66025 -17.5 27
    endloop
  endfacet
  facet normal 0 1 -0
    outer loop
      vertex -9.65926 -17.5 24.5882
      vertex -17.5 -17.5 39.5
      vertex -9.2388 -17.5 25.8268
    endloop
  endfacet
  facet normal 0 1 -0
    outer loop
      vertex -9.91445 -17.5 23.3053
      vertex -17.5 -17.5 39.5
      vertex -9.65926 -17.5 24.5882
    endloop
  endfacet
  facet normal 0 1 -0
    outer loop
      vertex -10 -17.5 22
      vertex -17.5 -17.5 39.5
      vertex -9.91445 -17.5 23.3053
    endloop
  endfacet
  facet normal 0 1 0
    outer loop
      vertex -17.5 -17.5 4.5
      vertex -10 -17.5 22
      vertex -9.91445 -17.5 20.6947
    endloop
  endfacet
  facet normal 0 1 0
    outer loop
      vertex -17.5 -17.5 4.5
      vertex -9.91445 -17.5 20.6947
      vertex -9.65926 -17.5 19.4118
    endloop
  endfacet
  facet normal 0 1 0
    outer loop
      vertex -17.5 -17.5 4.5
      vertex -9.65926 -17.5 19.4118
      vertex -9.2388 -17.5 18.1732
    endloop
  endfacet
  facet normal 0 1 0
    outer loop
      vertex -17.5 -17.5 4.5
      vertex 0 -17.5 12
      vertex 17.5 -17.5 4.5
    endloop
  endfacet
  facet normal 0 1 0
    outer loop
      vertex 0 -17.5 12
      vertex -17.5 -17.5 4.5
      vertex -1.30526 -17.5 12.0856
    endloop
  endfacet
  facet normal 0 1 0
    outer loop
      vertex -1.30526 -17.5 12.0856
      vertex -17.5 -17.5 4.5
      vertex -2.58819 -17.5 12.3407
    endloop
  endfacet
  facet normal 0 1 0
    outer loop
      vertex -10 -17.5 22
      vertex -17.5 -17.5 4.5
      vertex -17.5 -17.5 39.5
    endloop
  endfacet
  facet normal 0 1 0
    outer loop
      vertex -8.66025 -17.5 17
      vertex -17.5 -17.5 4.5
      vertex -9.2388 -17.5 18.1732
    endloop
  endfacet
  facet normal 0 1 0
    outer loop
      vertex -7.93353 -17.5 15.9124
      vertex -17.5 -17.5 4.5
      vertex -8.66025 -17.5 17
    endloop
  endfacet
  facet normal 0 1 0
    outer loop
      vertex -7.07107 -17.5 14.9289
      vertex -17.5 -17.5 4.5
      vertex -7.93353 -17.5 15.9124
    endloop
  endfacet
  facet normal 0 1 0
    outer loop
      vertex -6.08761 -17.5 14.0665
      vertex -17.5 -17.5 4.5
      vertex -7.07107 -17.5 14.9289
    endloop
  endfacet
  facet normal 0 1 0
    outer loop
      vertex -5 -17.5 13.3397
      vertex -17.5 -17.5 4.5
      vertex -6.08761 -17.5 14.0665
    endloop
  endfacet
  facet normal 0 1 0
    outer loop
      vertex -3.82683 -17.5 12.7612
      vertex -17.5 -17.5 4.5
      vertex -5 -17.5 13.3397
    endloop
  endfacet
  facet normal 0 1 0
    outer loop
      vertex -2.58819 -17.5 12.3407
      vertex -17.5 -17.5 4.5
      vertex -3.82683 -17.5 12.7612
    endloop
  endfacet
  facet normal 0 1 0
    outer loop
      vertex 5.42435 -17.5 33.9826
      vertex 6.08761 -17.5 29.9335
      vertex 5.35104 -17.5 33.899
    endloop
  endfacet
  facet normal 0 1 -0
    outer loop
      vertex 12.1747 -17.5 27.5353
      vertex 7.07107 -17.5 29.0711
      vertex 12.28 -17.5 27.571
    endloop
  endfacet
  facet normal 0 1 0
    outer loop
      vertex 7.07107 -17.5 29.0711
      vertex 12.1747 -17.5 27.5353
      vertex 7.93353 -17.5 28.0876
    endloop
  endfacet
  facet normal 0 1 -0
    outer loop
      vertex 12.075 -17.5 27.4861
      vertex 7.93353 -17.5 28.0876
      vertex 12.1747 -17.5 27.5353
    endloop
  endfacet
  facet normal 0 1 -0
    outer loop
      vertex 11.9826 -17.5 27.4244
      vertex 7.93353 -17.5 28.0876
      vertex 12.075 -17.5 27.4861
    endloop
  endfacet
  facet normal 0 1 -0
    outer loop
      vertex 11.899 -17.5 27.351
      vertex 7.93353 -17.5 28.0876
      vertex 11.9826 -17.5 27.4244
    endloop
  endfacet
  facet normal 0 1 -0
    outer loop
      vertex 11.8256 -17.5 27.2674
      vertex 7.93353 -17.5 28.0876
      vertex 11.899 -17.5 27.351
    endloop
  endfacet
  facet normal 0 1 0
    outer loop
      vertex 8.66025 -17.5 27
      vertex 11.8256 -17.5 27.2674
      vertex 11.7639 -17.5 27.175
    endloop
  endfacet
  facet normal 0 1 0
    outer loop
      vertex 8.66025 -17.5 27
      vertex 11.7639 -17.5 27.175
      vertex 11.7147 -17.5 27.0753
    endloop
  endfacet
  facet normal 0 1 0
    outer loop
      vertex 11.8256 -17.5 27.2674
      vertex 8.66025 -17.5 27
      vertex 7.93353 -17.5 28.0876
    endloop
  endfacet
  facet normal 0 1 -0
    outer loop
      vertex 11.679 -17.5 26.97
      vertex 8.66025 -17.5 27
      vertex 11.7147 -17.5 27.0753
    endloop
  endfacet
  facet normal 0 1 -0
    outer loop
      vertex 11.6573 -17.5 26.8609
      vertex 8.66025 -17.5 27
      vertex 11.679 -17.5 26.97
    endloop
  endfacet
  facet normal 0 1 0
    outer loop
      vertex 9.2388 -17.5 25.8268
      vertex 11.6573 -17.5 26.8609
      vertex 11.65 -17.5 26.75
    endloop
  endfacet
  facet normal 0 1 0
    outer loop
      vertex 9.2388 -17.5 25.8268
      vertex 11.65 -17.5 26.75
      vertex 11.6573 -17.5 26.6391
    endloop
  endfacet
  facet normal 0 1 0
    outer loop
      vertex 9.2388 -17.5 25.8268
      vertex 11.6573 -17.5 26.6391
      vertex 11.679 -17.5 26.53
    endloop
  endfacet
  facet normal 0 1 0
    outer loop
      vertex 9.2388 -17.5 25.8268
      vertex 11.679 -17.5 26.53
      vertex 11.7147 -17.5 26.4247
    endloop
  endfacet
  facet normal 0 1 0
    outer loop
      vertex 9.2388 -17.5 25.8268
      vertex 11.7147 -17.5 26.4247
      vertex 11.7639 -17.5 26.325
    endloop
  endfacet
  facet normal 0 1 0
    outer loop
      vertex 9.65926 -17.5 24.5882
      vertex 11.7639 -17.5 26.325
      vertex 11.8256 -17.5 26.2326
    endloop
  endfacet
  facet normal 0 1 0
    outer loop
      vertex 9.65926 -17.5 24.5882
      vertex 11.8256 -17.5 26.2326
      vertex 11.899 -17.5 26.149
    endloop
  endfacet
  facet normal 0 1 0
    outer loop
      vertex 9.65926 -17.5 24.5882
      vertex 11.899 -17.5 26.149
      vertex 11.9826 -17.5 26.0756
    endloop
  endfacet
  facet normal 0 1 0
    outer loop
      vertex 9.65926 -17.5 24.5882
      vertex 11.9826 -17.5 26.0756
      vertex 12.075 -17.5 26.0139
    endloop
  endfacet
  facet normal 0 1 0
    outer loop
      vertex 9.65926 -17.5 24.5882
      vertex 12.075 -17.5 26.0139
      vertex 12.1747 -17.5 25.9647
    endloop
  endfacet
  facet normal 0 1 0
    outer loop
      vertex 9.65926 -17.5 24.5882
      vertex 12.1747 -17.5 25.9647
      vertex 12.28 -17.5 25.929
    endloop
  endfacet
  facet normal 0 1 0
    outer loop
      vertex 11.6573 -17.5 26.8609
      vertex 9.2388 -17.5 25.8268
      vertex 8.66025 -17.5 27
    endloop
  endfacet
  facet normal 0 1 0
    outer loop
      vertex 9.65926 -17.5 24.5882
      vertex 12.28 -17.5 25.929
      vertex 12.3891 -17.5 25.9073
    endloop
  endfacet
  facet normal 0 1 0
    outer loop
      vertex 9.91445 -17.5 23.3053
      vertex 12.3891 -17.5 25.9073
      vertex 12.5 -17.5 25.9
    endloop
  endfacet
  facet normal 0 1 -0
    outer loop
      vertex 12.1747 -17.5 18.0353
      vertex 9.91445 -17.5 20.6947
      vertex 12.28 -17.5 18.071
    endloop
  endfacet
  facet normal 0 1 0
    outer loop
      vertex 9.91445 -17.5 20.6947
      vertex 12.1747 -17.5 18.0353
      vertex 9.65926 -17.5 19.4118
    endloop
  endfacet
  facet normal 0 1 -0
    outer loop
      vertex 12.075 -17.5 17.9861
      vertex 9.65926 -17.5 19.4118
      vertex 12.1747 -17.5 18.0353
    endloop
  endfacet
  facet normal 0 1 -0
    outer loop
      vertex 11.9826 -17.5 17.9244
      vertex 9.65926 -17.5 19.4118
      vertex 12.075 -17.5 17.9861
    endloop
  endfacet
  facet normal 0 1 -0
    outer loop
      vertex 11.899 -17.5 17.851
      vertex 9.65926 -17.5 19.4118
      vertex 11.9826 -17.5 17.9244
    endloop
  endfacet
  facet normal 0 1 -0
    outer loop
      vertex 11.8256 -17.5 17.7674
      vertex 9.65926 -17.5 19.4118
      vertex 11.899 -17.5 17.851
    endloop
  endfacet
  facet normal 0 1 -0
    outer loop
      vertex 11.7639 -17.5 17.675
      vertex 9.65926 -17.5 19.4118
      vertex 11.8256 -17.5 17.7674
    endloop
  endfacet
  facet normal 0 1 0
    outer loop
      vertex 9.65926 -17.5 19.4118
      vertex 11.7639 -17.5 17.675
      vertex 9.2388 -17.5 18.1732
    endloop
  endfacet
  facet normal 0 1 -0
    outer loop
      vertex 11.7147 -17.5 17.5753
      vertex 9.2388 -17.5 18.1732
      vertex 11.7639 -17.5 17.675
    endloop
  endfacet
  facet normal 0 1 -0
    outer loop
      vertex 11.679 -17.5 17.47
      vertex 9.2388 -17.5 18.1732
      vertex 11.7147 -17.5 17.5753
    endloop
  endfacet
  facet normal 0 1 -0
    outer loop
      vertex 11.6573 -17.5 17.3609
      vertex 9.2388 -17.5 18.1732
      vertex 11.679 -17.5 17.47
    endloop
  endfacet
  facet normal 0 1 -0
    outer loop
      vertex 11.65 -17.5 17.25
      vertex 9.2388 -17.5 18.1732
      vertex 11.6573 -17.5 17.3609
    endloop
  endfacet
  facet normal 0 1 0
    outer loop
      vertex 11.6573 -17.5 17.1391
      vertex 9.2388 -17.5 18.1732
      vertex 11.65 -17.5 17.25
    endloop
  endfacet
  facet normal 0 1 0
    outer loop
      vertex 8.66025 -17.5 17
      vertex 11.6573 -17.5 17.1391
      vertex 11.679 -17.5 17.03
    endloop
  endfacet
  facet normal 0 1 0
    outer loop
      vertex 11.6573 -17.5 17.1391
      vertex 8.66025 -17.5 17
      vertex 9.2388 -17.5 18.1732
    endloop
  endfacet
  facet normal 0 1 0
    outer loop
      vertex 11.7147 -17.5 16.9247
      vertex 8.66025 -17.5 17
      vertex 11.679 -17.5 17.03
    endloop
  endfacet
  facet normal 0 1 0
    outer loop
      vertex 11.7639 -17.5 16.825
      vertex 8.66025 -17.5 17
      vertex 11.7147 -17.5 16.9247
    endloop
  endfacet
  facet normal 0 1 0
    outer loop
      vertex 11.8256 -17.5 16.7326
      vertex 8.66025 -17.5 17
      vertex 11.7639 -17.5 16.825
    endloop
  endfacet
  facet normal 0 1 0
    outer loop
      vertex 7.93353 -17.5 15.9124
      vertex 11.8256 -17.5 16.7326
      vertex 11.899 -17.5 16.649
    endloop
  endfacet
  facet normal 0 1 0
    outer loop
      vertex 7.93353 -17.5 15.9124
      vertex 11.899 -17.5 16.649
      vertex 11.9826 -17.5 16.5756
    endloop
  endfacet
  facet normal 0 1 0
    outer loop
      vertex 7.93353 -17.5 15.9124
      vertex 11.9826 -17.5 16.5756
      vertex 12.075 -17.5 16.5139
    endloop
  endfacet
  facet normal 0 1 0
    outer loop
      vertex 7.93353 -17.5 15.9124
      vertex 12.075 -17.5 16.5139
      vertex 12.1747 -17.5 16.4647
    endloop
  endfacet
  facet normal 0 1 0
    outer loop
      vertex 7.93353 -17.5 15.9124
      vertex 12.1747 -17.5 16.4647
      vertex 12.28 -17.5 16.429
    endloop
  endfacet
  facet normal 0 1 0
    outer loop
      vertex 7.93353 -17.5 15.9124
      vertex 12.28 -17.5 16.429
      vertex 12.3891 -17.5 16.4073
    endloop
  endfacet
  facet normal 0 1 0
    outer loop
      vertex 11.8256 -17.5 16.7326
      vertex 7.93353 -17.5 15.9124
      vertex 8.66025 -17.5 17
    endloop
  endfacet
  facet normal 0 1 0
    outer loop
      vertex 7.93353 -17.5 15.9124
      vertex 12.3891 -17.5 16.4073
      vertex 12.5 -17.5 16.4
    endloop
  endfacet
  facet normal -0.997841 -0.0656829 0
    outer loop
      vertex 15.85 -15 0
      vertex 15.8427 -14.8891 11
      vertex 15.8427 -14.8891 0
    endloop
  endfacet
  facet normal -0.997841 -0.0656829 0
    outer loop
      vertex 15.8427 -14.8891 11
      vertex 15.85 -15 0
      vertex 15.85 -15 11
    endloop
  endfacet
  facet normal 0.997841 -0.0656829 0
    outer loop
      vertex 14.15 -15 11
      vertex 14.1573 -14.8891 0
      vertex 14.1573 -14.8891 11
    endloop
  endfacet
  facet normal 0.997841 -0.0656829 0
    outer loop
      vertex 14.1573 -14.8891 0
      vertex 14.15 -15 11
      vertex 14.15 -15 0
    endloop
  endfacet
  facet normal 0.0656829 -0.997841 0
    outer loop
      vertex 14.8891 -14.1573 0
      vertex 15 -14.15 11
      vertex 14.8891 -14.1573 11
    endloop
  endfacet
  facet normal 0.0656829 -0.997841 0
    outer loop
      vertex 15 -14.15 11
      vertex 14.8891 -14.1573 0
      vertex 15 -14.15 0
    endloop
  endfacet
  facet normal -0.659776 -0.751462 0
    outer loop
      vertex 15.5174 -14.3256 0
      vertex 15.601 -14.399 11
      vertex 15.5174 -14.3256 11
    endloop
  endfacet
  facet normal -0.659776 -0.751462 -0
    outer loop
      vertex 15.601 -14.399 11
      vertex 15.5174 -14.3256 0
      vertex 15.601 -14.399 0
    endloop
  endfacet
  facet normal 0.751462 -0.659776 0
    outer loop
      vertex 14.3256 -14.4826 11
      vertex 14.399 -14.399 0
      vertex 14.399 -14.399 11
    endloop
  endfacet
  facet normal 0.751462 -0.659776 0
    outer loop
      vertex 14.399 -14.399 0
      vertex 14.3256 -14.4826 11
      vertex 14.3256 -14.4826 0
    endloop
  endfacet
  facet normal 0.44253 -0.896754 0
    outer loop
      vertex 14.575 -14.2639 0
      vertex 14.6747 -14.2147 11
      vertex 14.575 -14.2639 11
    endloop
  endfacet
  facet normal 0.44253 -0.896754 0
    outer loop
      vertex 14.6747 -14.2147 11
      vertex 14.575 -14.2639 0
      vertex 14.6747 -14.2147 0
    endloop
  endfacet
  facet normal -0.896754 -0.44253 0
    outer loop
      vertex 15.7853 -14.6747 0
      vertex 15.7361 -14.575 11
      vertex 15.7361 -14.575 0
    endloop
  endfacet
  facet normal -0.896754 -0.44253 0
    outer loop
      vertex 15.7361 -14.575 11
      vertex 15.7853 -14.6747 0
      vertex 15.7853 -14.6747 11
    endloop
  endfacet
  facet normal -0.831219 -0.555945 0
    outer loop
      vertex 15.7361 -14.575 0
      vertex 15.6743 -14.4826 11
      vertex 15.6743 -14.4826 0
    endloop
  endfacet
  facet normal -0.831219 -0.555945 0
    outer loop
      vertex 15.6743 -14.4826 11
      vertex 15.7361 -14.575 0
      vertex 15.7361 -14.575 11
    endloop
  endfacet
  facet normal -0.32108 -0.947052 0
    outer loop
      vertex 15.22 -14.179 0
      vertex 15.3253 -14.2147 11
      vertex 15.22 -14.179 11
    endloop
  endfacet
  facet normal -0.32108 -0.947052 -0
    outer loop
      vertex 15.3253 -14.2147 11
      vertex 15.22 -14.179 0
      vertex 15.3253 -14.2147 0
    endloop
  endfacet
  facet normal -0.195079 -0.980788 0
    outer loop
      vertex 15.1109 -14.1573 0
      vertex 15.22 -14.179 11
      vertex 15.1109 -14.1573 11
    endloop
  endfacet
  facet normal -0.195079 -0.980788 -0
    outer loop
      vertex 15.22 -14.179 11
      vertex 15.1109 -14.1573 0
      vertex 15.22 -14.179 0
    endloop
  endfacet
  facet normal -0.555323 -0.831635 0
    outer loop
      vertex 15.425 -14.2639 0
      vertex 15.5174 -14.3256 11
      vertex 15.425 -14.2639 11
    endloop
  endfacet
  facet normal -0.555323 -0.831635 -0
    outer loop
      vertex 15.5174 -14.3256 11
      vertex 15.425 -14.2639 0
      vertex 15.5174 -14.3256 0
    endloop
  endfacet
  facet normal 0.896754 -0.44253 0
    outer loop
      vertex 14.2147 -14.6747 11
      vertex 14.2639 -14.575 0
      vertex 14.2639 -14.575 11
    endloop
  endfacet
  facet normal 0.896754 -0.44253 0
    outer loop
      vertex 14.2639 -14.575 0
      vertex 14.2147 -14.6747 11
      vertex 14.2147 -14.6747 0
    endloop
  endfacet
  facet normal 0.831635 -0.555323 0
    outer loop
      vertex 14.2639 -14.575 11
      vertex 14.3256 -14.4826 0
      vertex 14.3256 -14.4826 11
    endloop
  endfacet
  facet normal 0.831635 -0.555323 0
    outer loop
      vertex 14.3256 -14.4826 0
      vertex 14.2639 -14.575 11
      vertex 14.2639 -14.575 0
    endloop
  endfacet
  facet normal 0.980788 -0.195079 0
    outer loop
      vertex 14.1573 -14.8891 11
      vertex 14.179 -14.78 0
      vertex 14.179 -14.78 11
    endloop
  endfacet
  facet normal 0.980788 -0.195079 0
    outer loop
      vertex 14.179 -14.78 0
      vertex 14.1573 -14.8891 11
      vertex 14.1573 -14.8891 0
    endloop
  endfacet
  facet normal 0.555323 -0.831635 0
    outer loop
      vertex 14.4826 -14.3256 0
      vertex 14.575 -14.2639 11
      vertex 14.4826 -14.3256 11
    endloop
  endfacet
  facet normal 0.555323 -0.831635 0
    outer loop
      vertex 14.575 -14.2639 11
      vertex 14.4826 -14.3256 0
      vertex 14.575 -14.2639 0
    endloop
  endfacet
  facet normal 0.195079 -0.980788 0
    outer loop
      vertex 14.78 -14.179 0
      vertex 14.8891 -14.1573 11
      vertex 14.78 -14.179 11
    endloop
  endfacet
  facet normal 0.195079 -0.980788 0
    outer loop
      vertex 14.8891 -14.1573 11
      vertex 14.78 -14.179 0
      vertex 14.8891 -14.1573 0
    endloop
  endfacet
  facet normal -0.831219 0.555945 0
    outer loop
      vertex 15.6743 -15.5174 0
      vertex 15.7361 -15.425 11
      vertex 15.7361 -15.425 0
    endloop
  endfacet
  facet normal -0.831219 0.555945 0
    outer loop
      vertex 15.7361 -15.425 11
      vertex 15.6743 -15.5174 0
      vertex 15.6743 -15.5174 11
    endloop
  endfacet
  facet normal 0.195079 0.980788 -0
    outer loop
      vertex 14.8891 -15.8427 0
      vertex 14.78 -15.821 11
      vertex 14.8891 -15.8427 11
    endloop
  endfacet
  facet normal 0.195079 0.980788 0
    outer loop
      vertex 14.78 -15.821 11
      vertex 14.8891 -15.8427 0
      vertex 14.78 -15.821 0
    endloop
  endfacet
  facet normal -0.195079 0.980788 0
    outer loop
      vertex 15.22 -15.821 0
      vertex 15.1109 -15.8427 11
      vertex 15.22 -15.821 11
    endloop
  endfacet
  facet normal -0.195079 0.980788 0
    outer loop
      vertex 15.1109 -15.8427 11
      vertex 15.22 -15.821 0
      vertex 15.1109 -15.8427 0
    endloop
  endfacet
  facet normal -0.947052 -0.32108 0
    outer loop
      vertex 15.821 -14.78 0
      vertex 15.7853 -14.6747 11
      vertex 15.7853 -14.6747 0
    endloop
  endfacet
  facet normal -0.947052 -0.32108 0
    outer loop
      vertex 15.7853 -14.6747 11
      vertex 15.821 -14.78 0
      vertex 15.821 -14.78 11
    endloop
  endfacet
  facet normal -0.980788 -0.195079 0
    outer loop
      vertex 15.8427 -14.8891 0
      vertex 15.821 -14.78 11
      vertex 15.821 -14.78 0
    endloop
  endfacet
  facet normal -0.980788 -0.195079 0
    outer loop
      vertex 15.821 -14.78 11
      vertex 15.8427 -14.8891 0
      vertex 15.8427 -14.8891 11
    endloop
  endfacet
  facet normal -0.751908 -0.659268 0
    outer loop
      vertex 15.6743 -14.4826 0
      vertex 15.601 -14.399 11
      vertex 15.601 -14.399 0
    endloop
  endfacet
  facet normal -0.751908 -0.659268 0
    outer loop
      vertex 15.601 -14.399 11
      vertex 15.6743 -14.4826 0
      vertex 15.6743 -14.4826 11
    endloop
  endfacet
  facet normal -0.0656829 -0.997841 0
    outer loop
      vertex 15 -14.15 0
      vertex 15.1109 -14.1573 11
      vertex 15 -14.15 11
    endloop
  endfacet
  facet normal -0.0656829 -0.997841 -0
    outer loop
      vertex 15.1109 -14.1573 11
      vertex 15 -14.15 0
      vertex 15.1109 -14.1573 0
    endloop
  endfacet
  facet normal -0.44253 -0.896754 0
    outer loop
      vertex 15.3253 -14.2147 0
      vertex 15.425 -14.2639 11
      vertex 15.3253 -14.2147 11
    endloop
  endfacet
  facet normal -0.44253 -0.896754 -0
    outer loop
      vertex 15.425 -14.2639 11
      vertex 15.3253 -14.2147 0
      vertex 15.425 -14.2639 0
    endloop
  endfacet
  facet normal 0 0 -1
    outer loop
      vertex 15.8427 -15.1109 11
      vertex 15.8427 -14.8891 11
      vertex 15.85 -15 11
    endloop
  endfacet
  facet normal 0 0 -1
    outer loop
      vertex 15.821 -15.22 11
      vertex 15.8427 -14.8891 11
      vertex 15.8427 -15.1109 11
    endloop
  endfacet
  facet normal 0 0 -1
    outer loop
      vertex 15.821 -15.22 11
      vertex 15.821 -14.78 11
      vertex 15.8427 -14.8891 11
    endloop
  endfacet
  facet normal 0 0 -1
    outer loop
      vertex 15.7853 -15.3253 11
      vertex 15.821 -14.78 11
      vertex 15.821 -15.22 11
    endloop
  endfacet
  facet normal 0 0 -1
    outer loop
      vertex 15.7853 -15.3253 11
      vertex 15.7853 -14.6747 11
      vertex 15.821 -14.78 11
    endloop
  endfacet
  facet normal 0 0 -1
    outer loop
      vertex 15.7361 -15.425 11
      vertex 15.7853 -14.6747 11
      vertex 15.7853 -15.3253 11
    endloop
  endfacet
  facet normal 0 0 -1
    outer loop
      vertex 15.7361 -15.425 11
      vertex 15.7361 -14.575 11
      vertex 15.7853 -14.6747 11
    endloop
  endfacet
  facet normal 0 0 -1
    outer loop
      vertex 15.6743 -15.5174 11
      vertex 15.7361 -14.575 11
      vertex 15.7361 -15.425 11
    endloop
  endfacet
  facet normal 0 0 -1
    outer loop
      vertex 15.6743 -15.5174 11
      vertex 15.6743 -14.4826 11
      vertex 15.7361 -14.575 11
    endloop
  endfacet
  facet normal 0 0 -1
    outer loop
      vertex 15.601 -15.601 11
      vertex 15.6743 -14.4826 11
      vertex 15.6743 -15.5174 11
    endloop
  endfacet
  facet normal 0 0 -1
    outer loop
      vertex 15.601 -15.601 11
      vertex 15.601 -14.399 11
      vertex 15.6743 -14.4826 11
    endloop
  endfacet
  facet normal 0 0 -1
    outer loop
      vertex 15.5174 -15.6743 11
      vertex 15.601 -14.399 11
      vertex 15.601 -15.601 11
    endloop
  endfacet
  facet normal 0 0 -1
    outer loop
      vertex 15.5174 -15.6743 11
      vertex 15.5174 -14.3256 11
      vertex 15.601 -14.399 11
    endloop
  endfacet
  facet normal 0 0 -1
    outer loop
      vertex 15.425 -15.7361 11
      vertex 15.5174 -14.3256 11
      vertex 15.5174 -15.6743 11
    endloop
  endfacet
  facet normal 0 0 -1
    outer loop
      vertex 15.425 -15.7361 11
      vertex 15.425 -14.2639 11
      vertex 15.5174 -14.3256 11
    endloop
  endfacet
  facet normal 0 0 -1
    outer loop
      vertex 15.3253 -15.7853 11
      vertex 15.425 -14.2639 11
      vertex 15.425 -15.7361 11
    endloop
  endfacet
  facet normal 0 0 -1
    outer loop
      vertex 15.3253 -15.7853 11
      vertex 15.3253 -14.2147 11
      vertex 15.425 -14.2639 11
    endloop
  endfacet
  facet normal 0 0 -1
    outer loop
      vertex 15.22 -15.821 11
      vertex 15.3253 -14.2147 11
      vertex 15.3253 -15.7853 11
    endloop
  endfacet
  facet normal 0 0 -1
    outer loop
      vertex 15.22 -15.821 11
      vertex 15.22 -14.179 11
      vertex 15.3253 -14.2147 11
    endloop
  endfacet
  facet normal 0 0 -1
    outer loop
      vertex 15.1109 -15.8427 11
      vertex 15.22 -14.179 11
      vertex 15.22 -15.821 11
    endloop
  endfacet
  facet normal 0 0 -1
    outer loop
      vertex 15.1109 -15.8427 11
      vertex 15.1109 -14.1573 11
      vertex 15.22 -14.179 11
    endloop
  endfacet
  facet normal 0 0 -1
    outer loop
      vertex 15 -15.85 11
      vertex 15.1109 -14.1573 11
      vertex 15.1109 -15.8427 11
    endloop
  endfacet
  facet normal 0 0 -1
    outer loop
      vertex 15 -15.85 11
      vertex 15 -14.15 11
      vertex 15.1109 -14.1573 11
    endloop
  endfacet
  facet normal 0 0 -1
    outer loop
      vertex 14.8891 -15.8427 11
      vertex 15 -14.15 11
      vertex 15 -15.85 11
    endloop
  endfacet
  facet normal 0 0 -1
    outer loop
      vertex 14.8891 -15.8427 11
      vertex 14.8891 -14.1573 11
      vertex 15 -14.15 11
    endloop
  endfacet
  facet normal 0 0 -1
    outer loop
      vertex 14.78 -15.821 11
      vertex 14.8891 -14.1573 11
      vertex 14.8891 -15.8427 11
    endloop
  endfacet
  facet normal 0 0 -1
    outer loop
      vertex 14.78 -15.821 11
      vertex 14.78 -14.179 11
      vertex 14.8891 -14.1573 11
    endloop
  endfacet
  facet normal 0 0 -1
    outer loop
      vertex 14.6747 -15.7853 11
      vertex 14.78 -14.179 11
      vertex 14.78 -15.821 11
    endloop
  endfacet
  facet normal 0 0 -1
    outer loop
      vertex 14.6747 -15.7853 11
      vertex 14.6747 -14.2147 11
      vertex 14.78 -14.179 11
    endloop
  endfacet
  facet normal 0 0 -1
    outer loop
      vertex 14.575 -15.7361 11
      vertex 14.6747 -14.2147 11
      vertex 14.6747 -15.7853 11
    endloop
  endfacet
  facet normal 0 0 -1
    outer loop
      vertex 14.575 -15.7361 11
      vertex 14.575 -14.2639 11
      vertex 14.6747 -14.2147 11
    endloop
  endfacet
  facet normal 0 0 -1
    outer loop
      vertex 14.4826 -15.6743 11
      vertex 14.575 -14.2639 11
      vertex 14.575 -15.7361 11
    endloop
  endfacet
  facet normal 0 0 -1
    outer loop
      vertex 14.4826 -15.6743 11
      vertex 14.4826 -14.3256 11
      vertex 14.575 -14.2639 11
    endloop
  endfacet
  facet normal 0 0 -1
    outer loop
      vertex 14.399 -15.601 11
      vertex 14.4826 -14.3256 11
      vertex 14.4826 -15.6743 11
    endloop
  endfacet
  facet normal 0 0 -1
    outer loop
      vertex 14.399 -15.601 11
      vertex 14.399 -14.399 11
      vertex 14.4826 -14.3256 11
    endloop
  endfacet
  facet normal 0 0 -1
    outer loop
      vertex 14.3256 -15.5174 11
      vertex 14.399 -14.399 11
      vertex 14.399 -15.601 11
    endloop
  endfacet
  facet normal 0 0 -1
    outer loop
      vertex 14.3256 -15.5174 11
      vertex 14.3256 -14.4826 11
      vertex 14.399 -14.399 11
    endloop
  endfacet
  facet normal 0 0 -1
    outer loop
      vertex 14.2639 -15.425 11
      vertex 14.3256 -14.4826 11
      vertex 14.3256 -15.5174 11
    endloop
  endfacet
  facet normal 0 0 -1
    outer loop
      vertex 14.2639 -15.425 11
      vertex 14.2639 -14.575 11
      vertex 14.3256 -14.4826 11
    endloop
  endfacet
  facet normal 0 0 -1
    outer loop
      vertex 14.2147 -15.3253 11
      vertex 14.2639 -14.575 11
      vertex 14.2639 -15.425 11
    endloop
  endfacet
  facet normal 0 0 -1
    outer loop
      vertex 14.2147 -15.3253 11
      vertex 14.2147 -14.6747 11
      vertex 14.2639 -14.575 11
    endloop
  endfacet
  facet normal 0 0 -1
    outer loop
      vertex 14.179 -15.22 11
      vertex 14.2147 -14.6747 11
      vertex 14.2147 -15.3253 11
    endloop
  endfacet
  facet normal 0 0 -1
    outer loop
      vertex 14.179 -15.22 11
      vertex 14.179 -14.78 11
      vertex 14.2147 -14.6747 11
    endloop
  endfacet
  facet normal 0 0 -1
    outer loop
      vertex 14.1573 -15.1109 11
      vertex 14.179 -14.78 11
      vertex 14.179 -15.22 11
    endloop
  endfacet
  facet normal 0 0 -1
    outer loop
      vertex 14.1573 -15.1109 11
      vertex 14.1573 -14.8891 11
      vertex 14.179 -14.78 11
    endloop
  endfacet
  facet normal 0 -0 -1
    outer loop
      vertex 14.1573 -14.8891 11
      vertex 14.1573 -15.1109 11
      vertex 14.15 -15 11
    endloop
  endfacet
  facet normal 0.32108 -0.947052 0
    outer loop
      vertex 14.6747 -14.2147 0
      vertex 14.78 -14.179 11
      vertex 14.6747 -14.2147 11
    endloop
  endfacet
  facet normal 0.32108 -0.947052 0
    outer loop
      vertex 14.78 -14.179 11
      vertex 14.6747 -14.2147 0
      vertex 14.78 -14.179 0
    endloop
  endfacet
  facet normal -0.555945 0.831219 0
    outer loop
      vertex 15.5174 -15.6743 0
      vertex 15.425 -15.7361 11
      vertex 15.5174 -15.6743 11
    endloop
  endfacet
  facet normal -0.555945 0.831219 0
    outer loop
      vertex 15.425 -15.7361 11
      vertex 15.5174 -15.6743 0
      vertex 15.425 -15.7361 0
    endloop
  endfacet
  facet normal -0.947052 0.32108 0
    outer loop
      vertex 15.7853 -15.3253 0
      vertex 15.821 -15.22 11
      vertex 15.821 -15.22 0
    endloop
  endfacet
  facet normal -0.947052 0.32108 0
    outer loop
      vertex 15.821 -15.22 11
      vertex 15.7853 -15.3253 0
      vertex 15.7853 -15.3253 11
    endloop
  endfacet
  facet normal -0.896754 0.44253 0
    outer loop
      vertex 15.7361 -15.425 0
      vertex 15.7853 -15.3253 11
      vertex 15.7853 -15.3253 0
    endloop
  endfacet
  facet normal -0.896754 0.44253 0
    outer loop
      vertex 15.7853 -15.3253 11
      vertex 15.7361 -15.425 0
      vertex 15.7361 -15.425 11
    endloop
  endfacet
  facet normal -0.980788 0.195079 0
    outer loop
      vertex 15.821 -15.22 0
      vertex 15.8427 -15.1109 11
      vertex 15.8427 -15.1109 0
    endloop
  endfacet
  facet normal -0.980788 0.195079 0
    outer loop
      vertex 15.8427 -15.1109 11
      vertex 15.821 -15.22 0
      vertex 15.821 -15.22 11
    endloop
  endfacet
  facet normal 0.0656829 0.997841 -0
    outer loop
      vertex 15 -15.85 0
      vertex 14.8891 -15.8427 11
      vertex 15 -15.85 11
    endloop
  endfacet
  facet normal 0.0656829 0.997841 0
    outer loop
      vertex 14.8891 -15.8427 11
      vertex 15 -15.85 0
      vertex 14.8891 -15.8427 0
    endloop
  endfacet
  facet normal 0.997841 0.0656829 0
    outer loop
      vertex 14.1573 -15.1109 11
      vertex 14.15 -15 0
      vertex 14.15 -15 11
    endloop
  endfacet
  facet normal 0.997841 0.0656829 0
    outer loop
      vertex 14.15 -15 0
      vertex 14.1573 -15.1109 11
      vertex 14.1573 -15.1109 0
    endloop
  endfacet
  facet normal 0.947052 0.32108 0
    outer loop
      vertex 14.2147 -15.3253 11
      vertex 14.179 -15.22 0
      vertex 14.179 -15.22 11
    endloop
  endfacet
  facet normal 0.947052 0.32108 0
    outer loop
      vertex 14.179 -15.22 0
      vertex 14.2147 -15.3253 11
      vertex 14.2147 -15.3253 0
    endloop
  endfacet
  facet normal -0.44253 0.896754 0
    outer loop
      vertex 15.425 -15.7361 0
      vertex 15.3253 -15.7853 11
      vertex 15.425 -15.7361 11
    endloop
  endfacet
  facet normal -0.44253 0.896754 0
    outer loop
      vertex 15.3253 -15.7853 11
      vertex 15.425 -15.7361 0
      vertex 15.3253 -15.7853 0
    endloop
  endfacet
  facet normal -0.32108 0.947052 0
    outer loop
      vertex 15.3253 -15.7853 0
      vertex 15.22 -15.821 11
      vertex 15.3253 -15.7853 11
    endloop
  endfacet
  facet normal -0.32108 0.947052 0
    outer loop
      vertex 15.22 -15.821 11
      vertex 15.3253 -15.7853 0
      vertex 15.22 -15.821 0
    endloop
  endfacet
  facet normal 0.947052 -0.32108 0
    outer loop
      vertex 14.179 -14.78 11
      vertex 14.2147 -14.6747 0
      vertex 14.2147 -14.6747 11
    endloop
  endfacet
  facet normal 0.947052 -0.32108 0
    outer loop
      vertex 14.2147 -14.6747 0
      vertex 14.179 -14.78 11
      vertex 14.179 -14.78 0
    endloop
  endfacet
  facet normal 0.659776 -0.751462 0
    outer loop
      vertex 14.399 -14.399 0
      vertex 14.4826 -14.3256 11
      vertex 14.399 -14.399 11
    endloop
  endfacet
  facet normal 0.659776 -0.751462 0
    outer loop
      vertex 14.4826 -14.3256 11
      vertex 14.399 -14.399 0
      vertex 14.4826 -14.3256 0
    endloop
  endfacet
  facet normal -0.997841 0.0656829 0
    outer loop
      vertex 15.8427 -15.1109 0
      vertex 15.85 -15 11
      vertex 15.85 -15 0
    endloop
  endfacet
  facet normal -0.997841 0.0656829 0
    outer loop
      vertex 15.85 -15 11
      vertex 15.8427 -15.1109 0
      vertex 15.8427 -15.1109 11
    endloop
  endfacet
  facet normal 0.32108 0.947052 -0
    outer loop
      vertex 14.78 -15.821 0
      vertex 14.6747 -15.7853 11
      vertex 14.78 -15.821 11
    endloop
  endfacet
  facet normal 0.32108 0.947052 0
    outer loop
      vertex 14.6747 -15.7853 11
      vertex 14.78 -15.821 0
      vertex 14.6747 -15.7853 0
    endloop
  endfacet
  facet normal 0.751462 0.659776 0
    outer loop
      vertex 14.399 -15.601 11
      vertex 14.3256 -15.5174 0
      vertex 14.3256 -15.5174 11
    endloop
  endfacet
  facet normal 0.751462 0.659776 0
    outer loop
      vertex 14.3256 -15.5174 0
      vertex 14.399 -15.601 11
      vertex 14.399 -15.601 0
    endloop
  endfacet
  facet normal 0.980788 0.195079 0
    outer loop
      vertex 14.179 -15.22 11
      vertex 14.1573 -15.1109 0
      vertex 14.1573 -15.1109 11
    endloop
  endfacet
  facet normal 0.980788 0.195079 0
    outer loop
      vertex 14.1573 -15.1109 0
      vertex 14.179 -15.22 11
      vertex 14.179 -15.22 0
    endloop
  endfacet
  facet normal -0.659268 0.751908 0
    outer loop
      vertex 15.601 -15.601 0
      vertex 15.5174 -15.6743 11
      vertex 15.601 -15.601 11
    endloop
  endfacet
  facet normal -0.659268 0.751908 0
    outer loop
      vertex 15.5174 -15.6743 11
      vertex 15.601 -15.601 0
      vertex 15.5174 -15.6743 0
    endloop
  endfacet
  facet normal -0.751908 0.659268 0
    outer loop
      vertex 15.601 -15.601 0
      vertex 15.6743 -15.5174 11
      vertex 15.6743 -15.5174 0
    endloop
  endfacet
  facet normal -0.751908 0.659268 0
    outer loop
      vertex 15.6743 -15.5174 11
      vertex 15.601 -15.601 0
      vertex 15.601 -15.601 11
    endloop
  endfacet
  facet normal -0.0656829 0.997841 0
    outer loop
      vertex 15.1109 -15.8427 0
      vertex 15 -15.85 11
      vertex 15.1109 -15.8427 11
    endloop
  endfacet
  facet normal -0.0656829 0.997841 0
    outer loop
      vertex 15 -15.85 11
      vertex 15.1109 -15.8427 0
      vertex 15 -15.85 0
    endloop
  endfacet
  facet normal 0.555945 0.831219 -0
    outer loop
      vertex 14.575 -15.7361 0
      vertex 14.4826 -15.6743 11
      vertex 14.575 -15.7361 11
    endloop
  endfacet
  facet normal 0.555945 0.831219 0
    outer loop
      vertex 14.4826 -15.6743 11
      vertex 14.575 -15.7361 0
      vertex 14.4826 -15.6743 0
    endloop
  endfacet
  facet normal 0.659268 0.751908 -0
    outer loop
      vertex 14.4826 -15.6743 0
      vertex 14.399 -15.601 11
      vertex 14.4826 -15.6743 11
    endloop
  endfacet
  facet normal 0.659268 0.751908 0
    outer loop
      vertex 14.399 -15.601 11
      vertex 14.4826 -15.6743 0
      vertex 14.399 -15.601 0
    endloop
  endfacet
  facet normal 0.896754 0.44253 0
    outer loop
      vertex 14.2639 -15.425 11
      vertex 14.2147 -15.3253 0
      vertex 14.2147 -15.3253 11
    endloop
  endfacet
  facet normal 0.896754 0.44253 0
    outer loop
      vertex 14.2147 -15.3253 0
      vertex 14.2639 -15.425 11
      vertex 14.2639 -15.425 0
    endloop
  endfacet
  facet normal 0.44253 0.896754 -0
    outer loop
      vertex 14.6747 -15.7853 0
      vertex 14.575 -15.7361 11
      vertex 14.6747 -15.7853 11
    endloop
  endfacet
  facet normal 0.44253 0.896754 0
    outer loop
      vertex 14.575 -15.7361 11
      vertex 14.6747 -15.7853 0
      vertex 14.575 -15.7361 0
    endloop
  endfacet
  facet normal 0.831635 0.555323 0
    outer loop
      vertex 14.3256 -15.5174 11
      vertex 14.2639 -15.425 0
      vertex 14.2639 -15.425 11
    endloop
  endfacet
  facet normal 0.831635 0.555323 0
    outer loop
      vertex 14.2639 -15.425 0
      vertex 14.3256 -15.5174 11
      vertex 14.3256 -15.5174 0
    endloop
  endfacet
  facet normal -0.997841 -0.0656829 0
    outer loop
      vertex -14.15 -15 0
      vertex -14.1573 -14.8891 11
      vertex -14.1573 -14.8891 0
    endloop
  endfacet
  facet normal -0.997841 -0.0656829 0
    outer loop
      vertex -14.1573 -14.8891 11
      vertex -14.15 -15 0
      vertex -14.15 -15 11
    endloop
  endfacet
  facet normal 0.997841 -0.0656829 0
    outer loop
      vertex -15.85 -15 11
      vertex -15.8427 -14.8891 0
      vertex -15.8427 -14.8891 11
    endloop
  endfacet
  facet normal 0.997841 -0.0656829 0
    outer loop
      vertex -15.8427 -14.8891 0
      vertex -15.85 -15 11
      vertex -15.85 -15 0
    endloop
  endfacet
  facet normal 0.0656829 -0.997841 0
    outer loop
      vertex -15.1109 -14.1573 0
      vertex -15 -14.15 11
      vertex -15.1109 -14.1573 11
    endloop
  endfacet
  facet normal 0.0656829 -0.997841 0
    outer loop
      vertex -15 -14.15 11
      vertex -15.1109 -14.1573 0
      vertex -15 -14.15 0
    endloop
  endfacet
  facet normal -0.659776 -0.751462 0
    outer loop
      vertex -14.4826 -14.3256 0
      vertex -14.399 -14.399 11
      vertex -14.4826 -14.3256 11
    endloop
  endfacet
  facet normal -0.659776 -0.751462 -0
    outer loop
      vertex -14.399 -14.399 11
      vertex -14.4826 -14.3256 0
      vertex -14.399 -14.399 0
    endloop
  endfacet
  facet normal 0.751908 -0.659268 0
    outer loop
      vertex -15.6743 -14.4826 11
      vertex -15.601 -14.399 0
      vertex -15.601 -14.399 11
    endloop
  endfacet
  facet normal 0.751908 -0.659268 0
    outer loop
      vertex -15.601 -14.399 0
      vertex -15.6743 -14.4826 11
      vertex -15.6743 -14.4826 0
    endloop
  endfacet
  facet normal 0.44253 -0.896754 0
    outer loop
      vertex -15.425 -14.2639 0
      vertex -15.3253 -14.2147 11
      vertex -15.425 -14.2639 11
    endloop
  endfacet
  facet normal 0.44253 -0.896754 0
    outer loop
      vertex -15.3253 -14.2147 11
      vertex -15.425 -14.2639 0
      vertex -15.3253 -14.2147 0
    endloop
  endfacet
  facet normal -0.896754 -0.44253 0
    outer loop
      vertex -14.2147 -14.6747 0
      vertex -14.2639 -14.575 11
      vertex -14.2639 -14.575 0
    endloop
  endfacet
  facet normal -0.896754 -0.44253 0
    outer loop
      vertex -14.2639 -14.575 11
      vertex -14.2147 -14.6747 0
      vertex -14.2147 -14.6747 11
    endloop
  endfacet
  facet normal -0.831635 -0.555323 0
    outer loop
      vertex -14.2639 -14.575 0
      vertex -14.3256 -14.4826 11
      vertex -14.3256 -14.4826 0
    endloop
  endfacet
  facet normal -0.831635 -0.555323 0
    outer loop
      vertex -14.3256 -14.4826 11
      vertex -14.2639 -14.575 0
      vertex -14.2639 -14.575 11
    endloop
  endfacet
  facet normal -0.32108 -0.947052 0
    outer loop
      vertex -14.78 -14.179 0
      vertex -14.6747 -14.2147 11
      vertex -14.78 -14.179 11
    endloop
  endfacet
  facet normal -0.32108 -0.947052 -0
    outer loop
      vertex -14.6747 -14.2147 11
      vertex -14.78 -14.179 0
      vertex -14.6747 -14.2147 0
    endloop
  endfacet
  facet normal -0.195079 -0.980788 0
    outer loop
      vertex -14.8891 -14.1573 0
      vertex -14.78 -14.179 11
      vertex -14.8891 -14.1573 11
    endloop
  endfacet
  facet normal -0.195079 -0.980788 -0
    outer loop
      vertex -14.78 -14.179 11
      vertex -14.8891 -14.1573 0
      vertex -14.78 -14.179 0
    endloop
  endfacet
  facet normal -0.555323 -0.831635 0
    outer loop
      vertex -14.575 -14.2639 0
      vertex -14.4826 -14.3256 11
      vertex -14.575 -14.2639 11
    endloop
  endfacet
  facet normal -0.555323 -0.831635 -0
    outer loop
      vertex -14.4826 -14.3256 11
      vertex -14.575 -14.2639 0
      vertex -14.4826 -14.3256 0
    endloop
  endfacet
  facet normal 0.896754 -0.44253 0
    outer loop
      vertex -15.7853 -14.6747 11
      vertex -15.7361 -14.575 0
      vertex -15.7361 -14.575 11
    endloop
  endfacet
  facet normal 0.896754 -0.44253 0
    outer loop
      vertex -15.7361 -14.575 0
      vertex -15.7853 -14.6747 11
      vertex -15.7853 -14.6747 0
    endloop
  endfacet
  facet normal 0.831219 -0.555945 0
    outer loop
      vertex -15.7361 -14.575 11
      vertex -15.6743 -14.4826 0
      vertex -15.6743 -14.4826 11
    endloop
  endfacet
  facet normal 0.831219 -0.555945 0
    outer loop
      vertex -15.6743 -14.4826 0
      vertex -15.7361 -14.575 11
      vertex -15.7361 -14.575 0
    endloop
  endfacet
  facet normal 0.980788 -0.195079 0
    outer loop
      vertex -15.8427 -14.8891 11
      vertex -15.821 -14.78 0
      vertex -15.821 -14.78 11
    endloop
  endfacet
  facet normal 0.980788 -0.195079 0
    outer loop
      vertex -15.821 -14.78 0
      vertex -15.8427 -14.8891 11
      vertex -15.8427 -14.8891 0
    endloop
  endfacet
  facet normal 0.555323 -0.831635 0
    outer loop
      vertex -15.5174 -14.3256 0
      vertex -15.425 -14.2639 11
      vertex -15.5174 -14.3256 11
    endloop
  endfacet
  facet normal 0.555323 -0.831635 0
    outer loop
      vertex -15.425 -14.2639 11
      vertex -15.5174 -14.3256 0
      vertex -15.425 -14.2639 0
    endloop
  endfacet
  facet normal 0.195079 -0.980788 0
    outer loop
      vertex -15.22 -14.179 0
      vertex -15.1109 -14.1573 11
      vertex -15.22 -14.179 11
    endloop
  endfacet
  facet normal 0.195079 -0.980788 0
    outer loop
      vertex -15.1109 -14.1573 11
      vertex -15.22 -14.179 0
      vertex -15.1109 -14.1573 0
    endloop
  endfacet
  facet normal -0.831635 0.555323 0
    outer loop
      vertex -14.3256 -15.5174 0
      vertex -14.2639 -15.425 11
      vertex -14.2639 -15.425 0
    endloop
  endfacet
  facet normal -0.831635 0.555323 0
    outer loop
      vertex -14.2639 -15.425 11
      vertex -14.3256 -15.5174 0
      vertex -14.3256 -15.5174 11
    endloop
  endfacet
  facet normal 0.195079 0.980788 -0
    outer loop
      vertex -15.1109 -15.8427 0
      vertex -15.22 -15.821 11
      vertex -15.1109 -15.8427 11
    endloop
  endfacet
  facet normal 0.195079 0.980788 0
    outer loop
      vertex -15.22 -15.821 11
      vertex -15.1109 -15.8427 0
      vertex -15.22 -15.821 0
    endloop
  endfacet
  facet normal -0.195079 0.980788 0
    outer loop
      vertex -14.78 -15.821 0
      vertex -14.8891 -15.8427 11
      vertex -14.78 -15.821 11
    endloop
  endfacet
  facet normal -0.195079 0.980788 0
    outer loop
      vertex -14.8891 -15.8427 11
      vertex -14.78 -15.821 0
      vertex -14.8891 -15.8427 0
    endloop
  endfacet
  facet normal -0.947052 -0.32108 0
    outer loop
      vertex -14.179 -14.78 0
      vertex -14.2147 -14.6747 11
      vertex -14.2147 -14.6747 0
    endloop
  endfacet
  facet normal -0.947052 -0.32108 0
    outer loop
      vertex -14.2147 -14.6747 11
      vertex -14.179 -14.78 0
      vertex -14.179 -14.78 11
    endloop
  endfacet
  facet normal -0.980788 -0.195079 0
    outer loop
      vertex -14.1573 -14.8891 0
      vertex -14.179 -14.78 11
      vertex -14.179 -14.78 0
    endloop
  endfacet
  facet normal -0.980788 -0.195079 0
    outer loop
      vertex -14.179 -14.78 11
      vertex -14.1573 -14.8891 0
      vertex -14.1573 -14.8891 11
    endloop
  endfacet
  facet normal -0.751462 -0.659776 0
    outer loop
      vertex -14.3256 -14.4826 0
      vertex -14.399 -14.399 11
      vertex -14.399 -14.399 0
    endloop
  endfacet
  facet normal -0.751462 -0.659776 0
    outer loop
      vertex -14.399 -14.399 11
      vertex -14.3256 -14.4826 0
      vertex -14.3256 -14.4826 11
    endloop
  endfacet
  facet normal -0.0656829 -0.997841 0
    outer loop
      vertex -15 -14.15 0
      vertex -14.8891 -14.1573 11
      vertex -15 -14.15 11
    endloop
  endfacet
  facet normal -0.0656829 -0.997841 -0
    outer loop
      vertex -14.8891 -14.1573 11
      vertex -15 -14.15 0
      vertex -14.8891 -14.1573 0
    endloop
  endfacet
  facet normal -0.44253 -0.896754 0
    outer loop
      vertex -14.6747 -14.2147 0
      vertex -14.575 -14.2639 11
      vertex -14.6747 -14.2147 11
    endloop
  endfacet
  facet normal -0.44253 -0.896754 -0
    outer loop
      vertex -14.575 -14.2639 11
      vertex -14.6747 -14.2147 0
      vertex -14.575 -14.2639 0
    endloop
  endfacet
  facet normal 0 0 -1
    outer loop
      vertex -14.1573 -15.1109 11
      vertex -14.1573 -14.8891 11
      vertex -14.15 -15 11
    endloop
  endfacet
  facet normal 0 0 -1
    outer loop
      vertex -14.179 -15.22 11
      vertex -14.1573 -14.8891 11
      vertex -14.1573 -15.1109 11
    endloop
  endfacet
  facet normal 0 0 -1
    outer loop
      vertex -14.179 -15.22 11
      vertex -14.179 -14.78 11
      vertex -14.1573 -14.8891 11
    endloop
  endfacet
  facet normal 0 0 -1
    outer loop
      vertex -14.2147 -15.3253 11
      vertex -14.179 -14.78 11
      vertex -14.179 -15.22 11
    endloop
  endfacet
  facet normal 0 0 -1
    outer loop
      vertex -14.2147 -15.3253 11
      vertex -14.2147 -14.6747 11
      vertex -14.179 -14.78 11
    endloop
  endfacet
  facet normal 0 0 -1
    outer loop
      vertex -14.2639 -15.425 11
      vertex -14.2147 -14.6747 11
      vertex -14.2147 -15.3253 11
    endloop
  endfacet
  facet normal 0 0 -1
    outer loop
      vertex -14.2639 -15.425 11
      vertex -14.2639 -14.575 11
      vertex -14.2147 -14.6747 11
    endloop
  endfacet
  facet normal 0 0 -1
    outer loop
      vertex -14.3256 -15.5174 11
      vertex -14.2639 -14.575 11
      vertex -14.2639 -15.425 11
    endloop
  endfacet
  facet normal 0 0 -1
    outer loop
      vertex -14.3256 -15.5174 11
      vertex -14.3256 -14.4826 11
      vertex -14.2639 -14.575 11
    endloop
  endfacet
  facet normal 0 0 -1
    outer loop
      vertex -14.399 -15.601 11
      vertex -14.3256 -14.4826 11
      vertex -14.3256 -15.5174 11
    endloop
  endfacet
  facet normal 0 0 -1
    outer loop
      vertex -14.399 -15.601 11
      vertex -14.399 -14.399 11
      vertex -14.3256 -14.4826 11
    endloop
  endfacet
  facet normal 0 0 -1
    outer loop
      vertex -14.4826 -15.6743 11
      vertex -14.399 -14.399 11
      vertex -14.399 -15.601 11
    endloop
  endfacet
  facet normal 0 0 -1
    outer loop
      vertex -14.4826 -15.6743 11
      vertex -14.4826 -14.3256 11
      vertex -14.399 -14.399 11
    endloop
  endfacet
  facet normal 0 0 -1
    outer loop
      vertex -14.575 -15.7361 11
      vertex -14.4826 -14.3256 11
      vertex -14.4826 -15.6743 11
    endloop
  endfacet
  facet normal 0 0 -1
    outer loop
      vertex -14.575 -15.7361 11
      vertex -14.575 -14.2639 11
      vertex -14.4826 -14.3256 11
    endloop
  endfacet
  facet normal 0 0 -1
    outer loop
      vertex -14.6747 -15.7853 11
      vertex -14.575 -14.2639 11
      vertex -14.575 -15.7361 11
    endloop
  endfacet
  facet normal 0 0 -1
    outer loop
      vertex -14.6747 -15.7853 11
      vertex -14.6747 -14.2147 11
      vertex -14.575 -14.2639 11
    endloop
  endfacet
  facet normal 0 0 -1
    outer loop
      vertex -14.78 -15.821 11
      vertex -14.6747 -14.2147 11
      vertex -14.6747 -15.7853 11
    endloop
  endfacet
  facet normal 0 0 -1
    outer loop
      vertex -14.78 -15.821 11
      vertex -14.78 -14.179 11
      vertex -14.6747 -14.2147 11
    endloop
  endfacet
  facet normal 0 0 -1
    outer loop
      vertex -14.8891 -15.8427 11
      vertex -14.78 -14.179 11
      vertex -14.78 -15.821 11
    endloop
  endfacet
  facet normal 0 0 -1
    outer loop
      vertex -14.8891 -15.8427 11
      vertex -14.8891 -14.1573 11
      vertex -14.78 -14.179 11
    endloop
  endfacet
  facet normal 0 0 -1
    outer loop
      vertex -15 -15.85 11
      vertex -14.8891 -14.1573 11
      vertex -14.8891 -15.8427 11
    endloop
  endfacet
  facet normal 0 0 -1
    outer loop
      vertex -15 -15.85 11
      vertex -15 -14.15 11
      vertex -14.8891 -14.1573 11
    endloop
  endfacet
  facet normal 0 0 -1
    outer loop
      vertex -15.1109 -15.8427 11
      vertex -15 -14.15 11
      vertex -15 -15.85 11
    endloop
  endfacet
  facet normal 0 0 -1
    outer loop
      vertex -15.1109 -15.8427 11
      vertex -15.1109 -14.1573 11
      vertex -15 -14.15 11
    endloop
  endfacet
  facet normal 0 0 -1
    outer loop
      vertex -15.22 -15.821 11
      vertex -15.1109 -14.1573 11
      vertex -15.1109 -15.8427 11
    endloop
  endfacet
  facet normal 0 0 -1
    outer loop
      vertex -15.22 -15.821 11
      vertex -15.22 -14.179 11
      vertex -15.1109 -14.1573 11
    endloop
  endfacet
  facet normal 0 0 -1
    outer loop
      vertex -15.3253 -15.7853 11
      vertex -15.22 -14.179 11
      vertex -15.22 -15.821 11
    endloop
  endfacet
  facet normal 0 0 -1
    outer loop
      vertex -15.3253 -15.7853 11
      vertex -15.3253 -14.2147 11
      vertex -15.22 -14.179 11
    endloop
  endfacet
  facet normal 0 0 -1
    outer loop
      vertex -15.425 -15.7361 11
      vertex -15.3253 -14.2147 11
      vertex -15.3253 -15.7853 11
    endloop
  endfacet
  facet normal 0 0 -1
    outer loop
      vertex -15.425 -15.7361 11
      vertex -15.425 -14.2639 11
      vertex -15.3253 -14.2147 11
    endloop
  endfacet
  facet normal 0 0 -1
    outer loop
      vertex -15.5174 -15.6743 11
      vertex -15.425 -14.2639 11
      vertex -15.425 -15.7361 11
    endloop
  endfacet
  facet normal 0 0 -1
    outer loop
      vertex -15.5174 -15.6743 11
      vertex -15.5174 -14.3256 11
      vertex -15.425 -14.2639 11
    endloop
  endfacet
  facet normal 0 0 -1
    outer loop
      vertex -15.601 -15.601 11
      vertex -15.5174 -14.3256 11
      vertex -15.5174 -15.6743 11
    endloop
  endfacet
  facet normal 0 0 -1
    outer loop
      vertex -15.601 -15.601 11
      vertex -15.601 -14.399 11
      vertex -15.5174 -14.3256 11
    endloop
  endfacet
  facet normal 0 0 -1
    outer loop
      vertex -15.6743 -15.5174 11
      vertex -15.601 -14.399 11
      vertex -15.601 -15.601 11
    endloop
  endfacet
  facet normal 0 0 -1
    outer loop
      vertex -15.6743 -15.5174 11
      vertex -15.6743 -14.4826 11
      vertex -15.601 -14.399 11
    endloop
  endfacet
  facet normal 0 0 -1
    outer loop
      vertex -15.7361 -15.425 11
      vertex -15.6743 -14.4826 11
      vertex -15.6743 -15.5174 11
    endloop
  endfacet
  facet normal 0 0 -1
    outer loop
      vertex -15.7361 -15.425 11
      vertex -15.7361 -14.575 11
      vertex -15.6743 -14.4826 11
    endloop
  endfacet
  facet normal 0 0 -1
    outer loop
      vertex -15.7853 -15.3253 11
      vertex -15.7361 -14.575 11
      vertex -15.7361 -15.425 11
    endloop
  endfacet
  facet normal 0 0 -1
    outer loop
      vertex -15.7853 -15.3253 11
      vertex -15.7853 -14.6747 11
      vertex -15.7361 -14.575 11
    endloop
  endfacet
  facet normal 0 0 -1
    outer loop
      vertex -15.821 -15.22 11
      vertex -15.7853 -14.6747 11
      vertex -15.7853 -15.3253 11
    endloop
  endfacet
  facet normal 0 0 -1
    outer loop
      vertex -15.821 -15.22 11
      vertex -15.821 -14.78 11
      vertex -15.7853 -14.6747 11
    endloop
  endfacet
  facet normal 0 0 -1
    outer loop
      vertex -15.8427 -15.1109 11
      vertex -15.821 -14.78 11
      vertex -15.821 -15.22 11
    endloop
  endfacet
  facet normal 0 0 -1
    outer loop
      vertex -15.8427 -15.1109 11
      vertex -15.8427 -14.8891 11
      vertex -15.821 -14.78 11
    endloop
  endfacet
  facet normal 0 -0 -1
    outer loop
      vertex -15.8427 -14.8891 11
      vertex -15.8427 -15.1109 11
      vertex -15.85 -15 11
    endloop
  endfacet
  facet normal 0.32108 -0.947052 0
    outer loop
      vertex -15.3253 -14.2147 0
      vertex -15.22 -14.179 11
      vertex -15.3253 -14.2147 11
    endloop
  endfacet
  facet normal 0.32108 -0.947052 0
    outer loop
      vertex -15.22 -14.179 11
      vertex -15.3253 -14.2147 0
      vertex -15.22 -14.179 0
    endloop
  endfacet
  facet normal -0.555945 0.831219 0
    outer loop
      vertex -14.4826 -15.6743 0
      vertex -14.575 -15.7361 11
      vertex -14.4826 -15.6743 11
    endloop
  endfacet
  facet normal -0.555945 0.831219 0
    outer loop
      vertex -14.575 -15.7361 11
      vertex -14.4826 -15.6743 0
      vertex -14.575 -15.7361 0
    endloop
  endfacet
  facet normal -0.947052 0.32108 0
    outer loop
      vertex -14.2147 -15.3253 0
      vertex -14.179 -15.22 11
      vertex -14.179 -15.22 0
    endloop
  endfacet
  facet normal -0.947052 0.32108 0
    outer loop
      vertex -14.179 -15.22 11
      vertex -14.2147 -15.3253 0
      vertex -14.2147 -15.3253 11
    endloop
  endfacet
  facet normal -0.896754 0.44253 0
    outer loop
      vertex -14.2639 -15.425 0
      vertex -14.2147 -15.3253 11
      vertex -14.2147 -15.3253 0
    endloop
  endfacet
  facet normal -0.896754 0.44253 0
    outer loop
      vertex -14.2147 -15.3253 11
      vertex -14.2639 -15.425 0
      vertex -14.2639 -15.425 11
    endloop
  endfacet
  facet normal -0.980788 0.195079 0
    outer loop
      vertex -14.179 -15.22 0
      vertex -14.1573 -15.1109 11
      vertex -14.1573 -15.1109 0
    endloop
  endfacet
  facet normal -0.980788 0.195079 0
    outer loop
      vertex -14.1573 -15.1109 11
      vertex -14.179 -15.22 0
      vertex -14.179 -15.22 11
    endloop
  endfacet
  facet normal 0.0656829 0.997841 -0
    outer loop
      vertex -15 -15.85 0
      vertex -15.1109 -15.8427 11
      vertex -15 -15.85 11
    endloop
  endfacet
  facet normal 0.0656829 0.997841 0
    outer loop
      vertex -15.1109 -15.8427 11
      vertex -15 -15.85 0
      vertex -15.1109 -15.8427 0
    endloop
  endfacet
  facet normal 0.997841 0.0656829 0
    outer loop
      vertex -15.8427 -15.1109 11
      vertex -15.85 -15 0
      vertex -15.85 -15 11
    endloop
  endfacet
  facet normal 0.997841 0.0656829 0
    outer loop
      vertex -15.85 -15 0
      vertex -15.8427 -15.1109 11
      vertex -15.8427 -15.1109 0
    endloop
  endfacet
  facet normal 0.947052 0.32108 0
    outer loop
      vertex -15.7853 -15.3253 11
      vertex -15.821 -15.22 0
      vertex -15.821 -15.22 11
    endloop
  endfacet
  facet normal 0.947052 0.32108 0
    outer loop
      vertex -15.821 -15.22 0
      vertex -15.7853 -15.3253 11
      vertex -15.7853 -15.3253 0
    endloop
  endfacet
  facet normal -0.44253 0.896754 0
    outer loop
      vertex -14.575 -15.7361 0
      vertex -14.6747 -15.7853 11
      vertex -14.575 -15.7361 11
    endloop
  endfacet
  facet normal -0.44253 0.896754 0
    outer loop
      vertex -14.6747 -15.7853 11
      vertex -14.575 -15.7361 0
      vertex -14.6747 -15.7853 0
    endloop
  endfacet
  facet normal -0.32108 0.947052 0
    outer loop
      vertex -14.6747 -15.7853 0
      vertex -14.78 -15.821 11
      vertex -14.6747 -15.7853 11
    endloop
  endfacet
  facet normal -0.32108 0.947052 0
    outer loop
      vertex -14.78 -15.821 11
      vertex -14.6747 -15.7853 0
      vertex -14.78 -15.821 0
    endloop
  endfacet
  facet normal 0.947052 -0.32108 0
    outer loop
      vertex -15.821 -14.78 11
      vertex -15.7853 -14.6747 0
      vertex -15.7853 -14.6747 11
    endloop
  endfacet
  facet normal 0.947052 -0.32108 0
    outer loop
      vertex -15.7853 -14.6747 0
      vertex -15.821 -14.78 11
      vertex -15.821 -14.78 0
    endloop
  endfacet
  facet normal 0.659776 -0.751462 0
    outer loop
      vertex -15.601 -14.399 0
      vertex -15.5174 -14.3256 11
      vertex -15.601 -14.399 11
    endloop
  endfacet
  facet normal 0.659776 -0.751462 0
    outer loop
      vertex -15.5174 -14.3256 11
      vertex -15.601 -14.399 0
      vertex -15.5174 -14.3256 0
    endloop
  endfacet
  facet normal -0.997841 0.0656829 0
    outer loop
      vertex -14.1573 -15.1109 0
      vertex -14.15 -15 11
      vertex -14.15 -15 0
    endloop
  endfacet
  facet normal -0.997841 0.0656829 0
    outer loop
      vertex -14.15 -15 11
      vertex -14.1573 -15.1109 0
      vertex -14.1573 -15.1109 11
    endloop
  endfacet
  facet normal 0.32108 0.947052 -0
    outer loop
      vertex -15.22 -15.821 0
      vertex -15.3253 -15.7853 11
      vertex -15.22 -15.821 11
    endloop
  endfacet
  facet normal 0.32108 0.947052 0
    outer loop
      vertex -15.3253 -15.7853 11
      vertex -15.22 -15.821 0
      vertex -15.3253 -15.7853 0
    endloop
  endfacet
  facet normal 0.751908 0.659268 0
    outer loop
      vertex -15.601 -15.601 11
      vertex -15.6743 -15.5174 0
      vertex -15.6743 -15.5174 11
    endloop
  endfacet
  facet normal 0.751908 0.659268 0
    outer loop
      vertex -15.6743 -15.5174 0
      vertex -15.601 -15.601 11
      vertex -15.601 -15.601 0
    endloop
  endfacet
  facet normal 0.980788 0.195079 0
    outer loop
      vertex -15.821 -15.22 11
      vertex -15.8427 -15.1109 0
      vertex -15.8427 -15.1109 11
    endloop
  endfacet
  facet normal 0.980788 0.195079 0
    outer loop
      vertex -15.8427 -15.1109 0
      vertex -15.821 -15.22 11
      vertex -15.821 -15.22 0
    endloop
  endfacet
  facet normal -0.659268 0.751908 0
    outer loop
      vertex -14.399 -15.601 0
      vertex -14.4826 -15.6743 11
      vertex -14.399 -15.601 11
    endloop
  endfacet
  facet normal -0.659268 0.751908 0
    outer loop
      vertex -14.4826 -15.6743 11
      vertex -14.399 -15.601 0
      vertex -14.4826 -15.6743 0
    endloop
  endfacet
  facet normal -0.0656829 0.997841 0
    outer loop
      vertex -14.8891 -15.8427 0
      vertex -15 -15.85 11
      vertex -14.8891 -15.8427 11
    endloop
  endfacet
  facet normal -0.0656829 0.997841 0
    outer loop
      vertex -15 -15.85 11
      vertex -14.8891 -15.8427 0
      vertex -15 -15.85 0
    endloop
  endfacet
  facet normal 0.555945 0.831219 -0
    outer loop
      vertex -15.425 -15.7361 0
      vertex -15.5174 -15.6743 11
      vertex -15.425 -15.7361 11
    endloop
  endfacet
  facet normal 0.555945 0.831219 0
    outer loop
      vertex -15.5174 -15.6743 11
      vertex -15.425 -15.7361 0
      vertex -15.5174 -15.6743 0
    endloop
  endfacet
  facet normal 0.659268 0.751908 -0
    outer loop
      vertex -15.5174 -15.6743 0
      vertex -15.601 -15.601 11
      vertex -15.5174 -15.6743 11
    endloop
  endfacet
  facet normal 0.659268 0.751908 0
    outer loop
      vertex -15.601 -15.601 11
      vertex -15.5174 -15.6743 0
      vertex -15.601 -15.601 0
    endloop
  endfacet
  facet normal 0.831219 0.555945 0
    outer loop
      vertex -15.6743 -15.5174 11
      vertex -15.7361 -15.425 0
      vertex -15.7361 -15.425 11
    endloop
  endfacet
  facet normal 0.831219 0.555945 0
    outer loop
      vertex -15.7361 -15.425 0
      vertex -15.6743 -15.5174 11
      vertex -15.6743 -15.5174 0
    endloop
  endfacet
  facet normal 0.896754 0.44253 0
    outer loop
      vertex -15.7361 -15.425 11
      vertex -15.7853 -15.3253 0
      vertex -15.7853 -15.3253 11
    endloop
  endfacet
  facet normal 0.896754 0.44253 0
    outer loop
      vertex -15.7853 -15.3253 0
      vertex -15.7361 -15.425 11
      vertex -15.7361 -15.425 0
    endloop
  endfacet
  facet normal -0.751462 0.659776 0
    outer loop
      vertex -14.399 -15.601 0
      vertex -14.3256 -15.5174 11
      vertex -14.3256 -15.5174 0
    endloop
  endfacet
  facet normal -0.751462 0.659776 0
    outer loop
      vertex -14.3256 -15.5174 11
      vertex -14.399 -15.601 0
      vertex -14.399 -15.601 11
    endloop
  endfacet
  facet normal 0.44253 0.896754 -0
    outer loop
      vertex -15.3253 -15.7853 0
      vertex -15.425 -15.7361 11
      vertex -15.3253 -15.7853 11
    endloop
  endfacet
  facet normal 0.44253 0.896754 0
    outer loop
      vertex -15.425 -15.7361 11
      vertex -15.3253 -15.7853 0
      vertex -15.425 -15.7361 0
    endloop
  endfacet
  facet normal -0.997842 0 -0.0656534
    outer loop
      vertex -18.35 -8.5 3.5
      vertex -18.3573 0 3.61095
      vertex -18.35 0 3.5
    endloop
  endfacet
  facet normal -0.997842 -0 -0.0656534
    outer loop
      vertex -18.3573 0 3.61095
      vertex -18.35 -8.5 3.5
      vertex -18.3573 -8.5 3.61095
    endloop
  endfacet
  facet normal -0.98077 0 -0.195165
    outer loop
      vertex -18.3573 -8.5 3.61095
      vertex -18.379 0 3.72
      vertex -18.3573 0 3.61095
    endloop
  endfacet
  facet normal -0.98077 -0 -0.195165
    outer loop
      vertex -18.379 0 3.72
      vertex -18.3573 -8.5 3.61095
      vertex -18.379 -8.5 3.72
    endloop
  endfacet
  facet normal 0.0654141 0 -0.997858
    outer loop
      vertex -19.3109 -8.5 4.34273
      vertex -19.2 0 4.35
      vertex -19.2 -8.5 4.35
    endloop
  endfacet
  facet normal 0.0654141 0 -0.997858
    outer loop
      vertex -19.2 0 4.35
      vertex -19.3109 -8.5 4.34273
      vertex -19.3109 0 4.34273
    endloop
  endfacet
  facet normal -0.659319 0 -0.751863
    outer loop
      vertex -18.6826 -8.5 4.17435
      vertex -18.599 0 4.10104
      vertex -18.599 -8.5 4.10104
    endloop
  endfacet
  facet normal -0.659319 0 -0.751863
    outer loop
      vertex -18.599 0 4.10104
      vertex -18.6826 -8.5 4.17435
      vertex -18.6826 0 4.17435
    endloop
  endfacet
  facet normal 0.751869 0 -0.659313
    outer loop
      vertex -19.801 -8.5 4.10104
      vertex -19.8743 0 4.01745
      vertex -19.801 0 4.10104
    endloop
  endfacet
  facet normal 0.751869 0 -0.659313
    outer loop
      vertex -19.8743 0 4.01745
      vertex -19.801 -8.5 4.10104
      vertex -19.8743 -8.5 4.01745
    endloop
  endfacet
  facet normal 0.442386 0 -0.896825
    outer loop
      vertex -19.625 -8.5 4.23612
      vertex -19.5253 0 4.2853
      vertex -19.5253 -8.5 4.2853
    endloop
  endfacet
  facet normal 0.442386 0 -0.896825
    outer loop
      vertex -19.5253 0 4.2853
      vertex -19.625 -8.5 4.23612
      vertex -19.625 0 4.23612
    endloop
  endfacet
  facet normal -0.194992 0 0.980805
    outer loop
      vertex -19.0891 0 2.65727
      vertex -18.98 -8.5 2.67896
      vertex -18.98 0 2.67896
    endloop
  endfacet
  facet normal -0.194992 0 0.980805
    outer loop
      vertex -18.98 -8.5 2.67896
      vertex -19.0891 0 2.65727
      vertex -19.0891 -8.5 2.65727
    endloop
  endfacet
  facet normal -0.896789 0 -0.442459
    outer loop
      vertex -18.4147 -8.5 3.82528
      vertex -18.4639 0 3.925
      vertex -18.4147 0 3.82528
    endloop
  endfacet
  facet normal -0.896789 -0 -0.442459
    outer loop
      vertex -18.4639 0 3.925
      vertex -18.4147 -8.5 3.82528
      vertex -18.4639 -8.5 3.925
    endloop
  endfacet
  facet normal -0.321403 0 -0.946943
    outer loop
      vertex -18.98 -8.5 4.32104
      vertex -18.8747 0 4.2853
      vertex -18.8747 -8.5 4.2853
    endloop
  endfacet
  facet normal -0.321403 0 -0.946943
    outer loop
      vertex -18.8747 0 4.2853
      vertex -18.98 -8.5 4.32104
      vertex -18.98 0 4.32104
    endloop
  endfacet
  facet normal -0.442386 0 -0.896825
    outer loop
      vertex -18.8747 -8.5 4.2853
      vertex -18.775 0 4.23612
      vertex -18.775 -8.5 4.23612
    endloop
  endfacet
  facet normal -0.442386 0 -0.896825
    outer loop
      vertex -18.775 0 4.23612
      vertex -18.8747 -8.5 4.2853
      vertex -18.8747 0 4.2853
    endloop
  endfacet
  facet normal 0.947033 0 -0.321135
    outer loop
      vertex -19.9853 -8.5 3.82528
      vertex -20.021 0 3.72
      vertex -19.9853 0 3.82528
    endloop
  endfacet
  facet normal 0.947033 0 -0.321135
    outer loop
      vertex -20.021 0 3.72
      vertex -19.9853 -8.5 3.82528
      vertex -20.021 -8.5 3.72
    endloop
  endfacet
  facet normal 0.831358 0 -0.555737
    outer loop
      vertex -19.8743 -8.5 4.01745
      vertex -19.9361 0 3.925
      vertex -19.8743 0 4.01745
    endloop
  endfacet
  facet normal 0.831358 0 -0.555737
    outer loop
      vertex -19.9361 0 3.925
      vertex -19.8743 -8.5 4.01745
      vertex -19.9361 -8.5 3.925
    endloop
  endfacet
  facet normal 0.321403 0 -0.946943
    outer loop
      vertex -19.5253 -8.5 4.2853
      vertex -19.42 0 4.32104
      vertex -19.42 -8.5 4.32104
    endloop
  endfacet
  facet normal 0.321403 0 -0.946943
    outer loop
      vertex -19.42 0 4.32104
      vertex -19.5253 -8.5 4.2853
      vertex -19.5253 0 4.2853
    endloop
  endfacet
  facet normal -0.98077 0 0.195165
    outer loop
      vertex -18.379 -8.5 3.28
      vertex -18.3573 0 3.38905
      vertex -18.379 0 3.28
    endloop
  endfacet
  facet normal -0.98077 0 0.195165
    outer loop
      vertex -18.3573 0 3.38905
      vertex -18.379 -8.5 3.28
      vertex -18.3573 -8.5 3.38905
    endloop
  endfacet
  facet normal 0.555759 0 0.831344
    outer loop
      vertex -19.7174 0 2.82565
      vertex -19.625 -8.5 2.76388
      vertex -19.625 0 2.76388
    endloop
  endfacet
  facet normal 0.555759 0 0.831344
    outer loop
      vertex -19.625 -8.5 2.76388
      vertex -19.7174 0 2.82565
      vertex -19.7174 -8.5 2.82565
    endloop
  endfacet
  facet normal -0.947033 0 -0.321135
    outer loop
      vertex -18.379 -8.5 3.72
      vertex -18.4147 0 3.82528
      vertex -18.379 0 3.72
    endloop
  endfacet
  facet normal -0.947033 -0 -0.321135
    outer loop
      vertex -18.4147 0 3.82528
      vertex -18.379 -8.5 3.72
      vertex -18.4147 -8.5 3.82528
    endloop
  endfacet
  facet normal -0.831358 0 -0.555737
    outer loop
      vertex -18.4639 -8.5 3.925
      vertex -18.5257 0 4.01745
      vertex -18.4639 0 3.925
    endloop
  endfacet
  facet normal -0.831358 -0 -0.555737
    outer loop
      vertex -18.5257 0 4.01745
      vertex -18.4639 -8.5 3.925
      vertex -18.5257 -8.5 4.01745
    endloop
  endfacet
  facet normal -0.194992 0 -0.980805
    outer loop
      vertex -19.0891 -8.5 4.34273
      vertex -18.98 0 4.32104
      vertex -18.98 -8.5 4.32104
    endloop
  endfacet
  facet normal -0.194992 0 -0.980805
    outer loop
      vertex -18.98 0 4.32104
      vertex -19.0891 -8.5 4.34273
      vertex -19.0891 0 4.34273
    endloop
  endfacet
  facet normal -0.555759 0 -0.831344
    outer loop
      vertex -18.775 -8.5 4.23612
      vertex -18.6826 0 4.17435
      vertex -18.6826 -8.5 4.17435
    endloop
  endfacet
  facet normal -0.555759 0 -0.831344
    outer loop
      vertex -18.6826 0 4.17435
      vertex -18.775 -8.5 4.23612
      vertex -18.775 0 4.23612
    endloop
  endfacet
  facet normal 0.98077 0 -0.195165
    outer loop
      vertex -20.021 -8.5 3.72
      vertex -20.0427 0 3.61095
      vertex -20.021 0 3.72
    endloop
  endfacet
  facet normal 0.98077 0 -0.195165
    outer loop
      vertex -20.0427 0 3.61095
      vertex -20.021 -8.5 3.72
      vertex -20.0427 -8.5 3.61095
    endloop
  endfacet
  facet normal 0.896789 0 -0.442459
    outer loop
      vertex -19.9361 -8.5 3.925
      vertex -19.9853 0 3.82528
      vertex -19.9361 0 3.925
    endloop
  endfacet
  facet normal 0.896789 0 -0.442459
    outer loop
      vertex -19.9853 0 3.82528
      vertex -19.9361 -8.5 3.925
      vertex -19.9853 -8.5 3.82528
    endloop
  endfacet
  facet normal 0 1 0
    outer loop
      vertex -19.0891 -8.5 4.34273
      vertex -19.3109 -8.5 4.34273
      vertex -19.2 -8.5 4.35
    endloop
  endfacet
  facet normal 0 1 0
    outer loop
      vertex -18.98 -8.5 4.32104
      vertex -19.3109 -8.5 4.34273
      vertex -19.0891 -8.5 4.34273
    endloop
  endfacet
  facet normal 0 1 0
    outer loop
      vertex -18.98 -8.5 4.32104
      vertex -19.42 -8.5 4.32104
      vertex -19.3109 -8.5 4.34273
    endloop
  endfacet
  facet normal 0 1 0
    outer loop
      vertex -18.8747 -8.5 4.2853
      vertex -19.42 -8.5 4.32104
      vertex -18.98 -8.5 4.32104
    endloop
  endfacet
  facet normal 0 1 0
    outer loop
      vertex -18.8747 -8.5 4.2853
      vertex -19.5253 -8.5 4.2853
      vertex -19.42 -8.5 4.32104
    endloop
  endfacet
  facet normal 0 1 0
    outer loop
      vertex -18.775 -8.5 4.23612
      vertex -19.5253 -8.5 4.2853
      vertex -18.8747 -8.5 4.2853
    endloop
  endfacet
  facet normal 0 1 0
    outer loop
      vertex -18.775 -8.5 4.23612
      vertex -19.625 -8.5 4.23612
      vertex -19.5253 -8.5 4.2853
    endloop
  endfacet
  facet normal 0 1 0
    outer loop
      vertex -18.6826 -8.5 4.17435
      vertex -19.625 -8.5 4.23612
      vertex -18.775 -8.5 4.23612
    endloop
  endfacet
  facet normal 0 1 0
    outer loop
      vertex -18.6826 -8.5 4.17435
      vertex -19.7174 -8.5 4.17435
      vertex -19.625 -8.5 4.23612
    endloop
  endfacet
  facet normal 0 1 0
    outer loop
      vertex -18.599 -8.5 4.10104
      vertex -19.7174 -8.5 4.17435
      vertex -18.6826 -8.5 4.17435
    endloop
  endfacet
  facet normal 0 1 0
    outer loop
      vertex -18.599 -8.5 4.10104
      vertex -19.801 -8.5 4.10104
      vertex -19.7174 -8.5 4.17435
    endloop
  endfacet
  facet normal 0 1 0
    outer loop
      vertex -18.5257 -8.5 4.01745
      vertex -19.801 -8.5 4.10104
      vertex -18.599 -8.5 4.10104
    endloop
  endfacet
  facet normal 0 1 0
    outer loop
      vertex -18.5257 -8.5 4.01745
      vertex -19.8743 -8.5 4.01745
      vertex -19.801 -8.5 4.10104
    endloop
  endfacet
  facet normal 0 1 0
    outer loop
      vertex -18.4639 -8.5 3.925
      vertex -19.8743 -8.5 4.01745
      vertex -18.5257 -8.5 4.01745
    endloop
  endfacet
  facet normal 0 1 0
    outer loop
      vertex -18.4639 -8.5 3.925
      vertex -19.9361 -8.5 3.925
      vertex -19.8743 -8.5 4.01745
    endloop
  endfacet
  facet normal 0 1 0
    outer loop
      vertex -18.4147 -8.5 3.82528
      vertex -19.9361 -8.5 3.925
      vertex -18.4639 -8.5 3.925
    endloop
  endfacet
  facet normal 0 1 0
    outer loop
      vertex -18.4147 -8.5 3.82528
      vertex -19.9853 -8.5 3.82528
      vertex -19.9361 -8.5 3.925
    endloop
  endfacet
  facet normal 0 1 0
    outer loop
      vertex -18.379 -8.5 3.72
      vertex -19.9853 -8.5 3.82528
      vertex -18.4147 -8.5 3.82528
    endloop
  endfacet
  facet normal 0 1 0
    outer loop
      vertex -18.379 -8.5 3.72
      vertex -20.021 -8.5 3.72
      vertex -19.9853 -8.5 3.82528
    endloop
  endfacet
  facet normal 0 1 0
    outer loop
      vertex -18.3573 -8.5 3.61095
      vertex -20.021 -8.5 3.72
      vertex -18.379 -8.5 3.72
    endloop
  endfacet
  facet normal 0 1 0
    outer loop
      vertex -18.3573 -8.5 3.61095
      vertex -20.0427 -8.5 3.61095
      vertex -20.021 -8.5 3.72
    endloop
  endfacet
  facet normal 0 1 0
    outer loop
      vertex -18.35 -8.5 3.5
      vertex -20.0427 -8.5 3.61095
      vertex -18.3573 -8.5 3.61095
    endloop
  endfacet
  facet normal 0 1 0
    outer loop
      vertex -18.35 -8.5 3.5
      vertex -20.05 -8.5 3.5
      vertex -20.0427 -8.5 3.61095
    endloop
  endfacet
  facet normal 0 1 -0
    outer loop
      vertex -18.3573 -8.5 3.38905
      vertex -20.05 -8.5 3.5
      vertex -18.35 -8.5 3.5
    endloop
  endfacet
  facet normal 0 1 0
    outer loop
      vertex -18.3573 -8.5 3.38905
      vertex -20.0427 -8.5 3.38905
      vertex -20.05 -8.5 3.5
    endloop
  endfacet
  facet normal 0 1 -0
    outer loop
      vertex -18.379 -8.5 3.28
      vertex -20.0427 -8.5 3.38905
      vertex -18.3573 -8.5 3.38905
    endloop
  endfacet
  facet normal 0 1 0
    outer loop
      vertex -18.379 -8.5 3.28
      vertex -20.021 -8.5 3.28
      vertex -20.0427 -8.5 3.38905
    endloop
  endfacet
  facet normal 0 1 -0
    outer loop
      vertex -18.4147 -8.5 3.17472
      vertex -20.021 -8.5 3.28
      vertex -18.379 -8.5 3.28
    endloop
  endfacet
  facet normal 0 1 0
    outer loop
      vertex -18.4147 -8.5 3.17472
      vertex -19.9853 -8.5 3.17472
      vertex -20.021 -8.5 3.28
    endloop
  endfacet
  facet normal 0 1 -0
    outer loop
      vertex -18.4639 -8.5 3.075
      vertex -19.9853 -8.5 3.17472
      vertex -18.4147 -8.5 3.17472
    endloop
  endfacet
  facet normal 0 1 0
    outer loop
      vertex -18.4639 -8.5 3.075
      vertex -19.9361 -8.5 3.075
      vertex -19.9853 -8.5 3.17472
    endloop
  endfacet
  facet normal 0 1 -0
    outer loop
      vertex -18.5257 -8.5 2.98255
      vertex -19.9361 -8.5 3.075
      vertex -18.4639 -8.5 3.075
    endloop
  endfacet
  facet normal 0 1 0
    outer loop
      vertex -18.5257 -8.5 2.98255
      vertex -19.8743 -8.5 2.98255
      vertex -19.9361 -8.5 3.075
    endloop
  endfacet
  facet normal 0 1 -0
    outer loop
      vertex -18.599 -8.5 2.89896
      vertex -19.8743 -8.5 2.98255
      vertex -18.5257 -8.5 2.98255
    endloop
  endfacet
  facet normal 0 1 0
    outer loop
      vertex -18.599 -8.5 2.89896
      vertex -19.801 -8.5 2.89896
      vertex -19.8743 -8.5 2.98255
    endloop
  endfacet
  facet normal 0 1 -0
    outer loop
      vertex -18.6826 -8.5 2.82565
      vertex -19.801 -8.5 2.89896
      vertex -18.599 -8.5 2.89896
    endloop
  endfacet
  facet normal 0 1 0
    outer loop
      vertex -18.6826 -8.5 2.82565
      vertex -19.7174 -8.5 2.82565
      vertex -19.801 -8.5 2.89896
    endloop
  endfacet
  facet normal 0 1 -0
    outer loop
      vertex -18.775 -8.5 2.76388
      vertex -19.7174 -8.5 2.82565
      vertex -18.6826 -8.5 2.82565
    endloop
  endfacet
  facet normal 0 1 0
    outer loop
      vertex -18.775 -8.5 2.76388
      vertex -19.625 -8.5 2.76388
      vertex -19.7174 -8.5 2.82565
    endloop
  endfacet
  facet normal 0 1 -0
    outer loop
      vertex -18.8747 -8.5 2.7147
      vertex -19.625 -8.5 2.76388
      vertex -18.775 -8.5 2.76388
    endloop
  endfacet
  facet normal 0 1 0
    outer loop
      vertex -18.8747 -8.5 2.7147
      vertex -19.5253 -8.5 2.7147
      vertex -19.625 -8.5 2.76388
    endloop
  endfacet
  facet normal 0 1 -0
    outer loop
      vertex -18.98 -8.5 2.67896
      vertex -19.5253 -8.5 2.7147
      vertex -18.8747 -8.5 2.7147
    endloop
  endfacet
  facet normal 0 1 0
    outer loop
      vertex -18.98 -8.5 2.67896
      vertex -19.42 -8.5 2.67896
      vertex -19.5253 -8.5 2.7147
    endloop
  endfacet
  facet normal 0 1 -0
    outer loop
      vertex -19.0891 -8.5 2.65727
      vertex -19.42 -8.5 2.67896
      vertex -18.98 -8.5 2.67896
    endloop
  endfacet
  facet normal 0 1 0
    outer loop
      vertex -19.0891 -8.5 2.65727
      vertex -19.3109 -8.5 2.65727
      vertex -19.42 -8.5 2.67896
    endloop
  endfacet
  facet normal -0 1 0
    outer loop
      vertex -19.3109 -8.5 2.65727
      vertex -19.0891 -8.5 2.65727
      vertex -19.2 -8.5 2.65
    endloop
  endfacet
  facet normal 0.555759 0 -0.831344
    outer loop
      vertex -19.7174 -8.5 4.17435
      vertex -19.625 0 4.23612
      vertex -19.625 -8.5 4.23612
    endloop
  endfacet
  facet normal 0.555759 0 -0.831344
    outer loop
      vertex -19.625 0 4.23612
      vertex -19.7174 -8.5 4.17435
      vertex -19.7174 0 4.17435
    endloop
  endfacet
  facet normal 0.659319 0 -0.751863
    outer loop
      vertex -19.801 -8.5 4.10104
      vertex -19.7174 0 4.17435
      vertex -19.7174 -8.5 4.17435
    endloop
  endfacet
  facet normal 0.659319 0 -0.751863
    outer loop
      vertex -19.7174 0 4.17435
      vertex -19.801 -8.5 4.10104
      vertex -19.801 0 4.10104
    endloop
  endfacet
  facet normal 0.194992 0 -0.980805
    outer loop
      vertex -19.42 -8.5 4.32104
      vertex -19.3109 0 4.34273
      vertex -19.3109 -8.5 4.34273
    endloop
  endfacet
  facet normal 0.194992 0 -0.980805
    outer loop
      vertex -19.3109 0 4.34273
      vertex -19.42 -8.5 4.32104
      vertex -19.42 0 4.32104
    endloop
  endfacet
  facet normal -0.997842 0 0.0656534
    outer loop
      vertex -18.3573 -8.5 3.38905
      vertex -18.35 0 3.5
      vertex -18.3573 0 3.38905
    endloop
  endfacet
  facet normal -0.997842 0 0.0656534
    outer loop
      vertex -18.35 0 3.5
      vertex -18.3573 -8.5 3.38905
      vertex -18.35 -8.5 3.5
    endloop
  endfacet
  facet normal -0.442386 0 0.896825
    outer loop
      vertex -18.8747 0 2.7147
      vertex -18.775 -8.5 2.76388
      vertex -18.775 0 2.76388
    endloop
  endfacet
  facet normal -0.442386 0 0.896825
    outer loop
      vertex -18.775 -8.5 2.76388
      vertex -18.8747 0 2.7147
      vertex -18.8747 -8.5 2.7147
    endloop
  endfacet
  facet normal -0.555759 0 0.831344
    outer loop
      vertex -18.775 0 2.76388
      vertex -18.6826 -8.5 2.82565
      vertex -18.6826 0 2.82565
    endloop
  endfacet
  facet normal -0.555759 0 0.831344
    outer loop
      vertex -18.6826 -8.5 2.82565
      vertex -18.775 0 2.76388
      vertex -18.775 -8.5 2.76388
    endloop
  endfacet
  facet normal -0.831358 0 0.555737
    outer loop
      vertex -18.5257 -8.5 2.98255
      vertex -18.4639 0 3.075
      vertex -18.5257 0 2.98255
    endloop
  endfacet
  facet normal -0.831358 0 0.555737
    outer loop
      vertex -18.4639 0 3.075
      vertex -18.5257 -8.5 2.98255
      vertex -18.4639 -8.5 3.075
    endloop
  endfacet
  facet normal 0.194992 0 0.980805
    outer loop
      vertex -19.42 0 2.67896
      vertex -19.3109 -8.5 2.65727
      vertex -19.3109 0 2.65727
    endloop
  endfacet
  facet normal 0.194992 0 0.980805
    outer loop
      vertex -19.3109 -8.5 2.65727
      vertex -19.42 0 2.67896
      vertex -19.42 -8.5 2.67896
    endloop
  endfacet
  facet normal 0.831358 -0 0.555737
    outer loop
      vertex -19.9361 -8.5 3.075
      vertex -19.8743 0 2.98255
      vertex -19.9361 0 3.075
    endloop
  endfacet
  facet normal 0.831358 0 0.555737
    outer loop
      vertex -19.8743 0 2.98255
      vertex -19.9361 -8.5 3.075
      vertex -19.8743 -8.5 2.98255
    endloop
  endfacet
  facet normal 0.659319 0 0.751863
    outer loop
      vertex -19.801 0 2.89896
      vertex -19.7174 -8.5 2.82565
      vertex -19.7174 0 2.82565
    endloop
  endfacet
  facet normal 0.659319 0 0.751863
    outer loop
      vertex -19.7174 -8.5 2.82565
      vertex -19.801 0 2.89896
      vertex -19.801 -8.5 2.89896
    endloop
  endfacet
  facet normal 0.896789 -0 0.442459
    outer loop
      vertex -19.9853 -8.5 3.17472
      vertex -19.9361 0 3.075
      vertex -19.9853 0 3.17472
    endloop
  endfacet
  facet normal 0.896789 0 0.442459
    outer loop
      vertex -19.9361 0 3.075
      vertex -19.9853 -8.5 3.17472
      vertex -19.9361 -8.5 3.075
    endloop
  endfacet
  facet normal 0.98077 -0 0.195165
    outer loop
      vertex -20.0427 -8.5 3.38905
      vertex -20.021 0 3.28
      vertex -20.0427 0 3.38905
    endloop
  endfacet
  facet normal 0.98077 0 0.195165
    outer loop
      vertex -20.021 0 3.28
      vertex -20.0427 -8.5 3.38905
      vertex -20.021 -8.5 3.28
    endloop
  endfacet
  facet normal -0.751869 0 -0.659313
    outer loop
      vertex -18.5257 -8.5 4.01745
      vertex -18.599 0 4.10104
      vertex -18.5257 0 4.01745
    endloop
  endfacet
  facet normal -0.751869 -0 -0.659313
    outer loop
      vertex -18.599 0 4.10104
      vertex -18.5257 -8.5 4.01745
      vertex -18.599 -8.5 4.10104
    endloop
  endfacet
  facet normal -0.0654141 0 -0.997858
    outer loop
      vertex -19.2 -8.5 4.35
      vertex -19.0891 0 4.34273
      vertex -19.0891 -8.5 4.34273
    endloop
  endfacet
  facet normal -0.0654141 0 -0.997858
    outer loop
      vertex -19.0891 0 4.34273
      vertex -19.2 -8.5 4.35
      vertex -19.2 0 4.35
    endloop
  endfacet
  facet normal 0.997842 0 -0.0656534
    outer loop
      vertex -20.0427 -8.5 3.61095
      vertex -20.05 0 3.5
      vertex -20.0427 0 3.61095
    endloop
  endfacet
  facet normal 0.997842 0 -0.0656534
    outer loop
      vertex -20.05 0 3.5
      vertex -20.0427 -8.5 3.61095
      vertex -20.05 -8.5 3.5
    endloop
  endfacet
  facet normal 0.997842 -0 0.0656534
    outer loop
      vertex -20.05 -8.5 3.5
      vertex -20.0427 0 3.38905
      vertex -20.05 0 3.5
    endloop
  endfacet
  facet normal 0.997842 0 0.0656534
    outer loop
      vertex -20.0427 0 3.38905
      vertex -20.05 -8.5 3.5
      vertex -20.0427 -8.5 3.38905
    endloop
  endfacet
  facet normal -0.321403 0 0.946943
    outer loop
      vertex -18.98 0 2.67896
      vertex -18.8747 -8.5 2.7147
      vertex -18.8747 0 2.7147
    endloop
  endfacet
  facet normal -0.321403 0 0.946943
    outer loop
      vertex -18.8747 -8.5 2.7147
      vertex -18.98 0 2.67896
      vertex -18.98 -8.5 2.67896
    endloop
  endfacet
  facet normal -0.659319 0 0.751863
    outer loop
      vertex -18.6826 0 2.82565
      vertex -18.599 -8.5 2.89896
      vertex -18.599 0 2.89896
    endloop
  endfacet
  facet normal -0.659319 0 0.751863
    outer loop
      vertex -18.599 -8.5 2.89896
      vertex -18.6826 0 2.82565
      vertex -18.6826 -8.5 2.82565
    endloop
  endfacet
  facet normal -0.751869 0 0.659313
    outer loop
      vertex -18.599 -8.5 2.89896
      vertex -18.5257 0 2.98255
      vertex -18.599 0 2.89896
    endloop
  endfacet
  facet normal -0.751869 0 0.659313
    outer loop
      vertex -18.5257 0 2.98255
      vertex -18.599 -8.5 2.89896
      vertex -18.5257 -8.5 2.98255
    endloop
  endfacet
  facet normal 0.442386 0 0.896825
    outer loop
      vertex -19.625 0 2.76388
      vertex -19.5253 -8.5 2.7147
      vertex -19.5253 0 2.7147
    endloop
  endfacet
  facet normal 0.442386 0 0.896825
    outer loop
      vertex -19.5253 -8.5 2.7147
      vertex -19.625 0 2.76388
      vertex -19.625 -8.5 2.76388
    endloop
  endfacet
  facet normal 0.321403 0 0.946943
    outer loop
      vertex -19.5253 0 2.7147
      vertex -19.42 -8.5 2.67896
      vertex -19.42 0 2.67896
    endloop
  endfacet
  facet normal 0.321403 0 0.946943
    outer loop
      vertex -19.42 -8.5 2.67896
      vertex -19.5253 0 2.7147
      vertex -19.5253 -8.5 2.7147
    endloop
  endfacet
  facet normal 0.0654141 0 0.997858
    outer loop
      vertex -19.3109 0 2.65727
      vertex -19.2 -8.5 2.65
      vertex -19.2 0 2.65
    endloop
  endfacet
  facet normal 0.0654141 0 0.997858
    outer loop
      vertex -19.2 -8.5 2.65
      vertex -19.3109 0 2.65727
      vertex -19.3109 -8.5 2.65727
    endloop
  endfacet
  facet normal -0.0654141 0 0.997858
    outer loop
      vertex -19.2 0 2.65
      vertex -19.0891 -8.5 2.65727
      vertex -19.0891 0 2.65727
    endloop
  endfacet
  facet normal -0.0654141 0 0.997858
    outer loop
      vertex -19.0891 -8.5 2.65727
      vertex -19.2 0 2.65
      vertex -19.2 -8.5 2.65
    endloop
  endfacet
  facet normal 0.751869 -0 0.659313
    outer loop
      vertex -19.8743 -8.5 2.98255
      vertex -19.801 0 2.89896
      vertex -19.8743 0 2.98255
    endloop
  endfacet
  facet normal 0.751869 0 0.659313
    outer loop
      vertex -19.801 0 2.89896
      vertex -19.8743 -8.5 2.98255
      vertex -19.801 -8.5 2.89896
    endloop
  endfacet
  facet normal 0.947033 -0 0.321135
    outer loop
      vertex -20.021 -8.5 3.28
      vertex -19.9853 0 3.17472
      vertex -20.021 0 3.28
    endloop
  endfacet
  facet normal 0.947033 0 0.321135
    outer loop
      vertex -19.9853 0 3.17472
      vertex -20.021 -8.5 3.28
      vertex -19.9853 -8.5 3.17472
    endloop
  endfacet
  facet normal -0.947033 0 0.321135
    outer loop
      vertex -18.4147 -8.5 3.17472
      vertex -18.379 0 3.28
      vertex -18.4147 0 3.17472
    endloop
  endfacet
  facet normal -0.947033 0 0.321135
    outer loop
      vertex -18.379 0 3.28
      vertex -18.4147 -8.5 3.17472
      vertex -18.379 -8.5 3.28
    endloop
  endfacet
  facet normal -0.896789 0 0.442459
    outer loop
      vertex -18.4639 -8.5 3.075
      vertex -18.4147 0 3.17472
      vertex -18.4639 0 3.075
    endloop
  endfacet
  facet normal -0.896789 0 0.442459
    outer loop
      vertex -18.4147 0 3.17472
      vertex -18.4639 -8.5 3.075
      vertex -18.4147 -8.5 3.17472
    endloop
  endfacet
  facet normal -0.997842 0 -0.0656534
    outer loop
      vertex 20.05 -8.5 3.5
      vertex 20.0427 0 3.61095
      vertex 20.05 0 3.5
    endloop
  endfacet
  facet normal -0.997842 -0 -0.0656534
    outer loop
      vertex 20.0427 0 3.61095
      vertex 20.05 -8.5 3.5
      vertex 20.0427 -8.5 3.61095
    endloop
  endfacet
  facet normal -0.98077 0 -0.195165
    outer loop
      vertex 20.0427 -8.5 3.61095
      vertex 20.021 0 3.72
      vertex 20.0427 0 3.61095
    endloop
  endfacet
  facet normal -0.98077 -0 -0.195165
    outer loop
      vertex 20.021 0 3.72
      vertex 20.0427 -8.5 3.61095
      vertex 20.021 -8.5 3.72
    endloop
  endfacet
  facet normal 0.0654141 0 -0.997858
    outer loop
      vertex 19.0891 -8.5 4.34273
      vertex 19.2 0 4.35
      vertex 19.2 -8.5 4.35
    endloop
  endfacet
  facet normal 0.0654141 0 -0.997858
    outer loop
      vertex 19.2 0 4.35
      vertex 19.0891 -8.5 4.34273
      vertex 19.0891 0 4.34273
    endloop
  endfacet
  facet normal -0.659319 0 -0.751863
    outer loop
      vertex 19.7174 -8.5 4.17435
      vertex 19.801 0 4.10104
      vertex 19.801 -8.5 4.10104
    endloop
  endfacet
  facet normal -0.659319 0 -0.751863
    outer loop
      vertex 19.801 0 4.10104
      vertex 19.7174 -8.5 4.17435
      vertex 19.7174 0 4.17435
    endloop
  endfacet
  facet normal 0.751869 0 -0.659313
    outer loop
      vertex 18.599 -8.5 4.10104
      vertex 18.5257 0 4.01745
      vertex 18.599 0 4.10104
    endloop
  endfacet
  facet normal 0.751869 0 -0.659313
    outer loop
      vertex 18.5257 0 4.01745
      vertex 18.599 -8.5 4.10104
      vertex 18.5257 -8.5 4.01745
    endloop
  endfacet
  facet normal 0.442386 0 -0.896825
    outer loop
      vertex 18.775 -8.5 4.23612
      vertex 18.8747 0 4.2853
      vertex 18.8747 -8.5 4.2853
    endloop
  endfacet
  facet normal 0.442386 0 -0.896825
    outer loop
      vertex 18.8747 0 4.2853
      vertex 18.775 -8.5 4.23612
      vertex 18.775 0 4.23612
    endloop
  endfacet
  facet normal -0.194992 0 0.980805
    outer loop
      vertex 19.3109 0 2.65727
      vertex 19.42 -8.5 2.67896
      vertex 19.42 0 2.67896
    endloop
  endfacet
  facet normal -0.194992 0 0.980805
    outer loop
      vertex 19.42 -8.5 2.67896
      vertex 19.3109 0 2.65727
      vertex 19.3109 -8.5 2.65727
    endloop
  endfacet
  facet normal -0.896789 0 0.442459
    outer loop
      vertex 19.9361 -8.5 3.075
      vertex 19.9853 0 3.17472
      vertex 19.9361 0 3.075
    endloop
  endfacet
  facet normal -0.896789 0 0.442459
    outer loop
      vertex 19.9853 0 3.17472
      vertex 19.9361 -8.5 3.075
      vertex 19.9853 -8.5 3.17472
    endloop
  endfacet
  facet normal -0.896789 0 -0.442459
    outer loop
      vertex 19.9853 -8.5 3.82528
      vertex 19.9361 0 3.925
      vertex 19.9853 0 3.82528
    endloop
  endfacet
  facet normal -0.896789 -0 -0.442459
    outer loop
      vertex 19.9361 0 3.925
      vertex 19.9853 -8.5 3.82528
      vertex 19.9361 -8.5 3.925
    endloop
  endfacet
  facet normal -0.321403 0 -0.946943
    outer loop
      vertex 19.42 -8.5 4.32104
      vertex 19.5253 0 4.2853
      vertex 19.5253 -8.5 4.2853
    endloop
  endfacet
  facet normal -0.321403 0 -0.946943
    outer loop
      vertex 19.5253 0 4.2853
      vertex 19.42 -8.5 4.32104
      vertex 19.42 0 4.32104
    endloop
  endfacet
  facet normal 0.947033 0 -0.321135
    outer loop
      vertex 18.4147 -8.5 3.82528
      vertex 18.379 0 3.72
      vertex 18.4147 0 3.82528
    endloop
  endfacet
  facet normal 0.947033 0 -0.321135
    outer loop
      vertex 18.379 0 3.72
      vertex 18.4147 -8.5 3.82528
      vertex 18.379 -8.5 3.72
    endloop
  endfacet
  facet normal 0.896789 0 -0.442459
    outer loop
      vertex 18.4639 -8.5 3.925
      vertex 18.4147 0 3.82528
      vertex 18.4639 0 3.925
    endloop
  endfacet
  facet normal 0.896789 0 -0.442459
    outer loop
      vertex 18.4147 0 3.82528
      vertex 18.4639 -8.5 3.925
      vertex 18.4147 -8.5 3.82528
    endloop
  endfacet
  facet normal 0.321403 0 -0.946943
    outer loop
      vertex 18.8747 -8.5 4.2853
      vertex 18.98 0 4.32104
      vertex 18.98 -8.5 4.32104
    endloop
  endfacet
  facet normal 0.321403 0 -0.946943
    outer loop
      vertex 18.98 0 4.32104
      vertex 18.8747 -8.5 4.2853
      vertex 18.8747 0 4.2853
    endloop
  endfacet
  facet normal 0.751869 -0 0.659313
    outer loop
      vertex 18.5257 -8.5 2.98255
      vertex 18.599 0 2.89896
      vertex 18.5257 0 2.98255
    endloop
  endfacet
  facet normal 0.751869 0 0.659313
    outer loop
      vertex 18.599 0 2.89896
      vertex 18.5257 -8.5 2.98255
      vertex 18.599 -8.5 2.89896
    endloop
  endfacet
  facet normal -0.947033 0 -0.321135
    outer loop
      vertex 20.021 -8.5 3.72
      vertex 19.9853 0 3.82528
      vertex 20.021 0 3.72
    endloop
  endfacet
  facet normal -0.947033 -0 -0.321135
    outer loop
      vertex 19.9853 0 3.82528
      vertex 20.021 -8.5 3.72
      vertex 19.9853 -8.5 3.82528
    endloop
  endfacet
  facet normal -0.194992 0 -0.980805
    outer loop
      vertex 19.3109 -8.5 4.34273
      vertex 19.42 0 4.32104
      vertex 19.42 -8.5 4.32104
    endloop
  endfacet
  facet normal -0.194992 0 -0.980805
    outer loop
      vertex 19.42 0 4.32104
      vertex 19.3109 -8.5 4.34273
      vertex 19.3109 0 4.34273
    endloop
  endfacet
  facet normal -0.555759 0 -0.831344
    outer loop
      vertex 19.625 -8.5 4.23612
      vertex 19.7174 0 4.17435
      vertex 19.7174 -8.5 4.17435
    endloop
  endfacet
  facet normal -0.555759 0 -0.831344
    outer loop
      vertex 19.7174 0 4.17435
      vertex 19.625 -8.5 4.23612
      vertex 19.625 0 4.23612
    endloop
  endfacet
  facet normal 0.98077 0 -0.195165
    outer loop
      vertex 18.379 -8.5 3.72
      vertex 18.3573 0 3.61095
      vertex 18.379 0 3.72
    endloop
  endfacet
  facet normal 0.98077 0 -0.195165
    outer loop
      vertex 18.3573 0 3.61095
      vertex 18.379 -8.5 3.72
      vertex 18.3573 -8.5 3.61095
    endloop
  endfacet
  facet normal 0 1 0
    outer loop
      vertex 19.3109 -8.5 4.34273
      vertex 19.0891 -8.5 4.34273
      vertex 19.2 -8.5 4.35
    endloop
  endfacet
  facet normal 0 1 0
    outer loop
      vertex 19.42 -8.5 4.32104
      vertex 19.0891 -8.5 4.34273
      vertex 19.3109 -8.5 4.34273
    endloop
  endfacet
  facet normal 0 1 0
    outer loop
      vertex 19.42 -8.5 4.32104
      vertex 18.98 -8.5 4.32104
      vertex 19.0891 -8.5 4.34273
    endloop
  endfacet
  facet normal 0 1 0
    outer loop
      vertex 19.5253 -8.5 4.2853
      vertex 18.98 -8.5 4.32104
      vertex 19.42 -8.5 4.32104
    endloop
  endfacet
  facet normal 0 1 0
    outer loop
      vertex 19.5253 -8.5 4.2853
      vertex 18.8747 -8.5 4.2853
      vertex 18.98 -8.5 4.32104
    endloop
  endfacet
  facet normal 0 1 0
    outer loop
      vertex 19.625 -8.5 4.23612
      vertex 18.8747 -8.5 4.2853
      vertex 19.5253 -8.5 4.2853
    endloop
  endfacet
  facet normal 0 1 0
    outer loop
      vertex 19.625 -8.5 4.23612
      vertex 18.775 -8.5 4.23612
      vertex 18.8747 -8.5 4.2853
    endloop
  endfacet
  facet normal 0 1 0
    outer loop
      vertex 19.7174 -8.5 4.17435
      vertex 18.775 -8.5 4.23612
      vertex 19.625 -8.5 4.23612
    endloop
  endfacet
  facet normal 0 1 0
    outer loop
      vertex 19.7174 -8.5 4.17435
      vertex 18.6826 -8.5 4.17435
      vertex 18.775 -8.5 4.23612
    endloop
  endfacet
  facet normal 0 1 0
    outer loop
      vertex 19.801 -8.5 4.10104
      vertex 18.6826 -8.5 4.17435
      vertex 19.7174 -8.5 4.17435
    endloop
  endfacet
  facet normal 0 1 0
    outer loop
      vertex 19.801 -8.5 4.10104
      vertex 18.599 -8.5 4.10104
      vertex 18.6826 -8.5 4.17435
    endloop
  endfacet
  facet normal 0 1 0
    outer loop
      vertex 19.8743 -8.5 4.01745
      vertex 18.599 -8.5 4.10104
      vertex 19.801 -8.5 4.10104
    endloop
  endfacet
  facet normal 0 1 0
    outer loop
      vertex 19.8743 -8.5 4.01745
      vertex 18.5257 -8.5 4.01745
      vertex 18.599 -8.5 4.10104
    endloop
  endfacet
  facet normal 0 1 0
    outer loop
      vertex 19.9361 -8.5 3.925
      vertex 18.5257 -8.5 4.01745
      vertex 19.8743 -8.5 4.01745
    endloop
  endfacet
  facet normal 0 1 0
    outer loop
      vertex 19.9361 -8.5 3.925
      vertex 18.4639 -8.5 3.925
      vertex 18.5257 -8.5 4.01745
    endloop
  endfacet
  facet normal 0 1 0
    outer loop
      vertex 19.9853 -8.5 3.82528
      vertex 18.4639 -8.5 3.925
      vertex 19.9361 -8.5 3.925
    endloop
  endfacet
  facet normal 0 1 0
    outer loop
      vertex 19.9853 -8.5 3.82528
      vertex 18.4147 -8.5 3.82528
      vertex 18.4639 -8.5 3.925
    endloop
  endfacet
  facet normal 0 1 0
    outer loop
      vertex 20.021 -8.5 3.72
      vertex 18.4147 -8.5 3.82528
      vertex 19.9853 -8.5 3.82528
    endloop
  endfacet
  facet normal 0 1 0
    outer loop
      vertex 20.021 -8.5 3.72
      vertex 18.379 -8.5 3.72
      vertex 18.4147 -8.5 3.82528
    endloop
  endfacet
  facet normal 0 1 0
    outer loop
      vertex 20.0427 -8.5 3.61095
      vertex 18.379 -8.5 3.72
      vertex 20.021 -8.5 3.72
    endloop
  endfacet
  facet normal 0 1 0
    outer loop
      vertex 20.0427 -8.5 3.61095
      vertex 18.3573 -8.5 3.61095
      vertex 18.379 -8.5 3.72
    endloop
  endfacet
  facet normal 0 1 0
    outer loop
      vertex 20.05 -8.5 3.5
      vertex 18.3573 -8.5 3.61095
      vertex 20.0427 -8.5 3.61095
    endloop
  endfacet
  facet normal 0 1 0
    outer loop
      vertex 20.05 -8.5 3.5
      vertex 18.35 -8.5 3.5
      vertex 18.3573 -8.5 3.61095
    endloop
  endfacet
  facet normal 0 1 -0
    outer loop
      vertex 20.0427 -8.5 3.38905
      vertex 18.35 -8.5 3.5
      vertex 20.05 -8.5 3.5
    endloop
  endfacet
  facet normal 0 1 0
    outer loop
      vertex 20.0427 -8.5 3.38905
      vertex 18.3573 -8.5 3.38905
      vertex 18.35 -8.5 3.5
    endloop
  endfacet
  facet normal 0 1 -0
    outer loop
      vertex 20.021 -8.5 3.28
      vertex 18.3573 -8.5 3.38905
      vertex 20.0427 -8.5 3.38905
    endloop
  endfacet
  facet normal 0 1 0
    outer loop
      vertex 20.021 -8.5 3.28
      vertex 18.379 -8.5 3.28
      vertex 18.3573 -8.5 3.38905
    endloop
  endfacet
  facet normal 0 1 -0
    outer loop
      vertex 19.9853 -8.5 3.17472
      vertex 18.379 -8.5 3.28
      vertex 20.021 -8.5 3.28
    endloop
  endfacet
  facet normal 0 1 0
    outer loop
      vertex 19.9853 -8.5 3.17472
      vertex 18.4147 -8.5 3.17472
      vertex 18.379 -8.5 3.28
    endloop
  endfacet
  facet normal 0 1 -0
    outer loop
      vertex 19.9361 -8.5 3.075
      vertex 18.4147 -8.5 3.17472
      vertex 19.9853 -8.5 3.17472
    endloop
  endfacet
  facet normal 0 1 0
    outer loop
      vertex 19.9361 -8.5 3.075
      vertex 18.4639 -8.5 3.075
      vertex 18.4147 -8.5 3.17472
    endloop
  endfacet
  facet normal 0 1 -0
    outer loop
      vertex 19.8743 -8.5 2.98255
      vertex 18.4639 -8.5 3.075
      vertex 19.9361 -8.5 3.075
    endloop
  endfacet
  facet normal 0 1 0
    outer loop
      vertex 19.8743 -8.5 2.98255
      vertex 18.5257 -8.5 2.98255
      vertex 18.4639 -8.5 3.075
    endloop
  endfacet
  facet normal 0 1 -0
    outer loop
      vertex 19.801 -8.5 2.89896
      vertex 18.5257 -8.5 2.98255
      vertex 19.8743 -8.5 2.98255
    endloop
  endfacet
  facet normal 0 1 0
    outer loop
      vertex 19.801 -8.5 2.89896
      vertex 18.599 -8.5 2.89896
      vertex 18.5257 -8.5 2.98255
    endloop
  endfacet
  facet normal 0 1 -0
    outer loop
      vertex 19.7174 -8.5 2.82565
      vertex 18.599 -8.5 2.89896
      vertex 19.801 -8.5 2.89896
    endloop
  endfacet
  facet normal 0 1 0
    outer loop
      vertex 19.7174 -8.5 2.82565
      vertex 18.6826 -8.5 2.82565
      vertex 18.599 -8.5 2.89896
    endloop
  endfacet
  facet normal 0 1 -0
    outer loop
      vertex 19.625 -8.5 2.76388
      vertex 18.6826 -8.5 2.82565
      vertex 19.7174 -8.5 2.82565
    endloop
  endfacet
  facet normal 0 1 0
    outer loop
      vertex 19.625 -8.5 2.76388
      vertex 18.775 -8.5 2.76388
      vertex 18.6826 -8.5 2.82565
    endloop
  endfacet
  facet normal 0 1 -0
    outer loop
      vertex 19.5253 -8.5 2.7147
      vertex 18.775 -8.5 2.76388
      vertex 19.625 -8.5 2.76388
    endloop
  endfacet
  facet normal 0 1 0
    outer loop
      vertex 19.5253 -8.5 2.7147
      vertex 18.8747 -8.5 2.7147
      vertex 18.775 -8.5 2.76388
    endloop
  endfacet
  facet normal 0 1 -0
    outer loop
      vertex 19.42 -8.5 2.67896
      vertex 18.8747 -8.5 2.7147
      vertex 19.5253 -8.5 2.7147
    endloop
  endfacet
  facet normal 0 1 0
    outer loop
      vertex 19.42 -8.5 2.67896
      vertex 18.98 -8.5 2.67896
      vertex 18.8747 -8.5 2.7147
    endloop
  endfacet
  facet normal 0 1 -0
    outer loop
      vertex 19.3109 -8.5 2.65727
      vertex 18.98 -8.5 2.67896
      vertex 19.42 -8.5 2.67896
    endloop
  endfacet
  facet normal 0 1 0
    outer loop
      vertex 19.3109 -8.5 2.65727
      vertex 19.0891 -8.5 2.65727
      vertex 18.98 -8.5 2.67896
    endloop
  endfacet
  facet normal -0 1 0
    outer loop
      vertex 19.0891 -8.5 2.65727
      vertex 19.3109 -8.5 2.65727
      vertex 19.2 -8.5 2.65
    endloop
  endfacet
  facet normal 0.555759 0 -0.831344
    outer loop
      vertex 18.6826 -8.5 4.17435
      vertex 18.775 0 4.23612
      vertex 18.775 -8.5 4.23612
    endloop
  endfacet
  facet normal 0.555759 0 -0.831344
    outer loop
      vertex 18.775 0 4.23612
      vertex 18.6826 -8.5 4.17435
      vertex 18.6826 0 4.17435
    endloop
  endfacet
  facet normal 0.194992 0 -0.980805
    outer loop
      vertex 18.98 -8.5 4.32104
      vertex 19.0891 0 4.34273
      vertex 19.0891 -8.5 4.34273
    endloop
  endfacet
  facet normal 0.194992 0 -0.980805
    outer loop
      vertex 19.0891 0 4.34273
      vertex 18.98 -8.5 4.32104
      vertex 18.98 0 4.32104
    endloop
  endfacet
  facet normal -0.997842 0 0.0656534
    outer loop
      vertex 20.0427 -8.5 3.38905
      vertex 20.05 0 3.5
      vertex 20.0427 0 3.38905
    endloop
  endfacet
  facet normal -0.997842 0 0.0656534
    outer loop
      vertex 20.05 0 3.5
      vertex 20.0427 -8.5 3.38905
      vertex 20.05 -8.5 3.5
    endloop
  endfacet
  facet normal -0.442386 0 0.896825
    outer loop
      vertex 19.5253 0 2.7147
      vertex 19.625 -8.5 2.76388
      vertex 19.625 0 2.76388
    endloop
  endfacet
  facet normal -0.442386 0 0.896825
    outer loop
      vertex 19.625 -8.5 2.76388
      vertex 19.5253 0 2.7147
      vertex 19.5253 -8.5 2.7147
    endloop
  endfacet
  facet normal -0.751869 0 0.659313
    outer loop
      vertex 19.801 -8.5 2.89896
      vertex 19.8743 0 2.98255
      vertex 19.801 0 2.89896
    endloop
  endfacet
  facet normal -0.751869 0 0.659313
    outer loop
      vertex 19.8743 0 2.98255
      vertex 19.801 -8.5 2.89896
      vertex 19.8743 -8.5 2.98255
    endloop
  endfacet
  facet normal -0.831358 0 0.555737
    outer loop
      vertex 19.8743 -8.5 2.98255
      vertex 19.9361 0 3.075
      vertex 19.8743 0 2.98255
    endloop
  endfacet
  facet normal -0.831358 0 0.555737
    outer loop
      vertex 19.9361 0 3.075
      vertex 19.8743 -8.5 2.98255
      vertex 19.9361 -8.5 3.075
    endloop
  endfacet
  facet normal 0.194992 0 0.980805
    outer loop
      vertex 18.98 0 2.67896
      vertex 19.0891 -8.5 2.65727
      vertex 19.0891 0 2.65727
    endloop
  endfacet
  facet normal 0.194992 0 0.980805
    outer loop
      vertex 19.0891 -8.5 2.65727
      vertex 18.98 0 2.67896
      vertex 18.98 -8.5 2.67896
    endloop
  endfacet
  facet normal 0.442386 0 0.896825
    outer loop
      vertex 18.775 0 2.76388
      vertex 18.8747 -8.5 2.7147
      vertex 18.8747 0 2.7147
    endloop
  endfacet
  facet normal 0.442386 0 0.896825
    outer loop
      vertex 18.8747 -8.5 2.7147
      vertex 18.775 0 2.76388
      vertex 18.775 -8.5 2.76388
    endloop
  endfacet
  facet normal 0.555759 0 0.831344
    outer loop
      vertex 18.6826 0 2.82565
      vertex 18.775 -8.5 2.76388
      vertex 18.775 0 2.76388
    endloop
  endfacet
  facet normal 0.555759 0 0.831344
    outer loop
      vertex 18.775 -8.5 2.76388
      vertex 18.6826 0 2.82565
      vertex 18.6826 -8.5 2.82565
    endloop
  endfacet
  facet normal 0.321403 0 0.946943
    outer loop
      vertex 18.8747 0 2.7147
      vertex 18.98 -8.5 2.67896
      vertex 18.98 0 2.67896
    endloop
  endfacet
  facet normal 0.321403 0 0.946943
    outer loop
      vertex 18.98 -8.5 2.67896
      vertex 18.8747 0 2.7147
      vertex 18.8747 -8.5 2.7147
    endloop
  endfacet
  facet normal 0.659319 0 0.751863
    outer loop
      vertex 18.599 0 2.89896
      vertex 18.6826 -8.5 2.82565
      vertex 18.6826 0 2.82565
    endloop
  endfacet
  facet normal 0.659319 0 0.751863
    outer loop
      vertex 18.6826 -8.5 2.82565
      vertex 18.599 0 2.89896
      vertex 18.599 -8.5 2.89896
    endloop
  endfacet
  facet normal 0.831358 -0 0.555737
    outer loop
      vertex 18.4639 -8.5 3.075
      vertex 18.5257 0 2.98255
      vertex 18.4639 0 3.075
    endloop
  endfacet
  facet normal 0.831358 0 0.555737
    outer loop
      vertex 18.5257 0 2.98255
      vertex 18.4639 -8.5 3.075
      vertex 18.5257 -8.5 2.98255
    endloop
  endfacet
  facet normal 0.896789 -0 0.442459
    outer loop
      vertex 18.4147 -8.5 3.17472
      vertex 18.4639 0 3.075
      vertex 18.4147 0 3.17472
    endloop
  endfacet
  facet normal 0.896789 0 0.442459
    outer loop
      vertex 18.4639 0 3.075
      vertex 18.4147 -8.5 3.17472
      vertex 18.4639 -8.5 3.075
    endloop
  endfacet
  facet normal 0.98077 -0 0.195165
    outer loop
      vertex 18.3573 -8.5 3.38905
      vertex 18.379 0 3.28
      vertex 18.3573 0 3.38905
    endloop
  endfacet
  facet normal 0.98077 0 0.195165
    outer loop
      vertex 18.379 0 3.28
      vertex 18.3573 -8.5 3.38905
      vertex 18.379 -8.5 3.28
    endloop
  endfacet
  facet normal -0.831358 0 -0.555737
    outer loop
      vertex 19.9361 -8.5 3.925
      vertex 19.8743 0 4.01745
      vertex 19.9361 0 3.925
    endloop
  endfacet
  facet normal -0.831358 -0 -0.555737
    outer loop
      vertex 19.8743 0 4.01745
      vertex 19.9361 -8.5 3.925
      vertex 19.8743 -8.5 4.01745
    endloop
  endfacet
  facet normal -0.751869 0 -0.659313
    outer loop
      vertex 19.8743 -8.5 4.01745
      vertex 19.801 0 4.10104
      vertex 19.8743 0 4.01745
    endloop
  endfacet
  facet normal -0.751869 -0 -0.659313
    outer loop
      vertex 19.801 0 4.10104
      vertex 19.8743 -8.5 4.01745
      vertex 19.801 -8.5 4.10104
    endloop
  endfacet
  facet normal -0.0654141 0 -0.997858
    outer loop
      vertex 19.2 -8.5 4.35
      vertex 19.3109 0 4.34273
      vertex 19.3109 -8.5 4.34273
    endloop
  endfacet
  facet normal -0.0654141 0 -0.997858
    outer loop
      vertex 19.3109 0 4.34273
      vertex 19.2 -8.5 4.35
      vertex 19.2 0 4.35
    endloop
  endfacet
  facet normal -0.442386 0 -0.896825
    outer loop
      vertex 19.5253 -8.5 4.2853
      vertex 19.625 0 4.23612
      vertex 19.625 -8.5 4.23612
    endloop
  endfacet
  facet normal -0.442386 0 -0.896825
    outer loop
      vertex 19.625 0 4.23612
      vertex 19.5253 -8.5 4.2853
      vertex 19.5253 0 4.2853
    endloop
  endfacet
  facet normal 0.831358 0 -0.555737
    outer loop
      vertex 18.5257 -8.5 4.01745
      vertex 18.4639 0 3.925
      vertex 18.5257 0 4.01745
    endloop
  endfacet
  facet normal 0.831358 0 -0.555737
    outer loop
      vertex 18.4639 0 3.925
      vertex 18.5257 -8.5 4.01745
      vertex 18.4639 -8.5 3.925
    endloop
  endfacet
  facet normal 0.997842 0 -0.0656534
    outer loop
      vertex 18.3573 -8.5 3.61095
      vertex 18.35 0 3.5
      vertex 18.3573 0 3.61095
    endloop
  endfacet
  facet normal 0.997842 0 -0.0656534
    outer loop
      vertex 18.35 0 3.5
      vertex 18.3573 -8.5 3.61095
      vertex 18.35 -8.5 3.5
    endloop
  endfacet
  facet normal 0.997842 -0 0.0656534
    outer loop
      vertex 18.35 -8.5 3.5
      vertex 18.3573 0 3.38905
      vertex 18.35 0 3.5
    endloop
  endfacet
  facet normal 0.997842 0 0.0656534
    outer loop
      vertex 18.3573 0 3.38905
      vertex 18.35 -8.5 3.5
      vertex 18.3573 -8.5 3.38905
    endloop
  endfacet
  facet normal 0.659319 0 -0.751863
    outer loop
      vertex 18.599 -8.5 4.10104
      vertex 18.6826 0 4.17435
      vertex 18.6826 -8.5 4.17435
    endloop
  endfacet
  facet normal 0.659319 0 -0.751863
    outer loop
      vertex 18.6826 0 4.17435
      vertex 18.599 -8.5 4.10104
      vertex 18.599 0 4.10104
    endloop
  endfacet
  facet normal -0.321403 0 0.946943
    outer loop
      vertex 19.42 0 2.67896
      vertex 19.5253 -8.5 2.7147
      vertex 19.5253 0 2.7147
    endloop
  endfacet
  facet normal -0.321403 0 0.946943
    outer loop
      vertex 19.5253 -8.5 2.7147
      vertex 19.42 0 2.67896
      vertex 19.42 -8.5 2.67896
    endloop
  endfacet
  facet normal -0.555759 0 0.831344
    outer loop
      vertex 19.625 0 2.76388
      vertex 19.7174 -8.5 2.82565
      vertex 19.7174 0 2.82565
    endloop
  endfacet
  facet normal -0.555759 0 0.831344
    outer loop
      vertex 19.7174 -8.5 2.82565
      vertex 19.625 0 2.76388
      vertex 19.625 -8.5 2.76388
    endloop
  endfacet
  facet normal -0.659319 0 0.751863
    outer loop
      vertex 19.7174 0 2.82565
      vertex 19.801 -8.5 2.89896
      vertex 19.801 0 2.89896
    endloop
  endfacet
  facet normal -0.659319 0 0.751863
    outer loop
      vertex 19.801 -8.5 2.89896
      vertex 19.7174 0 2.82565
      vertex 19.7174 -8.5 2.82565
    endloop
  endfacet
  facet normal 0.0654141 0 0.997858
    outer loop
      vertex 19.0891 0 2.65727
      vertex 19.2 -8.5 2.65
      vertex 19.2 0 2.65
    endloop
  endfacet
  facet normal 0.0654141 0 0.997858
    outer loop
      vertex 19.2 -8.5 2.65
      vertex 19.0891 0 2.65727
      vertex 19.0891 -8.5 2.65727
    endloop
  endfacet
  facet normal -0.0654141 0 0.997858
    outer loop
      vertex 19.2 0 2.65
      vertex 19.3109 -8.5 2.65727
      vertex 19.3109 0 2.65727
    endloop
  endfacet
  facet normal -0.0654141 0 0.997858
    outer loop
      vertex 19.3109 -8.5 2.65727
      vertex 19.2 0 2.65
      vertex 19.2 -8.5 2.65
    endloop
  endfacet
  facet normal 0.947033 -0 0.321135
    outer loop
      vertex 18.379 -8.5 3.28
      vertex 18.4147 0 3.17472
      vertex 18.379 0 3.28
    endloop
  endfacet
  facet normal 0.947033 0 0.321135
    outer loop
      vertex 18.4147 0 3.17472
      vertex 18.379 -8.5 3.28
      vertex 18.4147 -8.5 3.17472
    endloop
  endfacet
  facet normal -0.947033 0 0.321135
    outer loop
      vertex 19.9853 -8.5 3.17472
      vertex 20.021 0 3.28
      vertex 19.9853 0 3.17472
    endloop
  endfacet
  facet normal -0.947033 0 0.321135
    outer loop
      vertex 20.021 0 3.28
      vertex 19.9853 -8.5 3.17472
      vertex 20.021 -8.5 3.28
    endloop
  endfacet
  facet normal -0.98077 0 0.195165
    outer loop
      vertex 20.021 -8.5 3.28
      vertex 20.0427 0 3.38905
      vertex 20.021 0 3.28
    endloop
  endfacet
  facet normal -0.98077 0 0.195165
    outer loop
      vertex 20.0427 0 3.38905
      vertex 20.021 -8.5 3.28
      vertex 20.0427 -8.5 3.38905
    endloop
  endfacet
  facet normal -0.997841 0 -0.0656829
    outer loop
      vertex -18.35 -8.5 58.5
      vertex -18.3573 0 58.6109
      vertex -18.35 0 58.5
    endloop
  endfacet
  facet normal -0.997841 -0 -0.0656829
    outer loop
      vertex -18.3573 0 58.6109
      vertex -18.35 -8.5 58.5
      vertex -18.3573 -8.5 58.6109
    endloop
  endfacet
  facet normal -0.980788 0 -0.195079
    outer loop
      vertex -18.3573 -8.5 58.6109
      vertex -18.379 0 58.72
      vertex -18.3573 0 58.6109
    endloop
  endfacet
  facet normal -0.980788 -0 -0.195079
    outer loop
      vertex -18.379 0 58.72
      vertex -18.3573 -8.5 58.6109
      vertex -18.379 -8.5 58.72
    endloop
  endfacet
  facet normal 0.0656829 0 -0.997841
    outer loop
      vertex -19.3109 -8.5 59.3427
      vertex -19.2 0 59.35
      vertex -19.2 -8.5 59.35
    endloop
  endfacet
  facet normal 0.0656829 0 -0.997841
    outer loop
      vertex -19.2 0 59.35
      vertex -19.3109 -8.5 59.3427
      vertex -19.3109 0 59.3427
    endloop
  endfacet
  facet normal -0.659776 0 -0.751462
    outer loop
      vertex -18.6826 -8.5 59.1744
      vertex -18.599 0 59.101
      vertex -18.599 -8.5 59.101
    endloop
  endfacet
  facet normal -0.659776 0 -0.751462
    outer loop
      vertex -18.599 0 59.101
      vertex -18.6826 -8.5 59.1744
      vertex -18.6826 0 59.1744
    endloop
  endfacet
  facet normal 0.751908 0 -0.659268
    outer loop
      vertex -19.801 -8.5 59.101
      vertex -19.8743 0 59.0174
      vertex -19.801 0 59.101
    endloop
  endfacet
  facet normal 0.751908 0 -0.659268
    outer loop
      vertex -19.8743 0 59.0174
      vertex -19.801 -8.5 59.101
      vertex -19.8743 -8.5 59.0174
    endloop
  endfacet
  facet normal 0.44253 0 -0.896754
    outer loop
      vertex -19.625 -8.5 59.2361
      vertex -19.5253 0 59.2853
      vertex -19.5253 -8.5 59.2853
    endloop
  endfacet
  facet normal 0.44253 0 -0.896754
    outer loop
      vertex -19.5253 0 59.2853
      vertex -19.625 -8.5 59.2361
      vertex -19.625 0 59.2361
    endloop
  endfacet
  facet normal -0.195079 0 0.980788
    outer loop
      vertex -19.0891 0 57.6573
      vertex -18.98 -8.5 57.679
      vertex -18.98 0 57.679
    endloop
  endfacet
  facet normal -0.195079 0 0.980788
    outer loop
      vertex -18.98 -8.5 57.679
      vertex -19.0891 0 57.6573
      vertex -19.0891 -8.5 57.6573
    endloop
  endfacet
  facet normal -0.896754 0 0.44253
    outer loop
      vertex -18.4639 -8.5 58.075
      vertex -18.4147 0 58.1747
      vertex -18.4639 0 58.075
    endloop
  endfacet
  facet normal -0.896754 0 0.44253
    outer loop
      vertex -18.4147 0 58.1747
      vertex -18.4639 -8.5 58.075
      vertex -18.4147 -8.5 58.1747
    endloop
  endfacet
  facet normal -0.896754 0 -0.44253
    outer loop
      vertex -18.4147 -8.5 58.8253
      vertex -18.4639 0 58.925
      vertex -18.4147 0 58.8253
    endloop
  endfacet
  facet normal -0.896754 -0 -0.44253
    outer loop
      vertex -18.4639 0 58.925
      vertex -18.4147 -8.5 58.8253
      vertex -18.4639 -8.5 58.925
    endloop
  endfacet
  facet normal -0.32108 0 -0.947052
    outer loop
      vertex -18.98 -8.5 59.321
      vertex -18.8747 0 59.2853
      vertex -18.8747 -8.5 59.2853
    endloop
  endfacet
  facet normal -0.32108 0 -0.947052
    outer loop
      vertex -18.8747 0 59.2853
      vertex -18.98 -8.5 59.321
      vertex -18.98 0 59.321
    endloop
  endfacet
  facet normal 0.947052 0 -0.32108
    outer loop
      vertex -19.9853 -8.5 58.8253
      vertex -20.021 0 58.72
      vertex -19.9853 0 58.8253
    endloop
  endfacet
  facet normal 0.947052 0 -0.32108
    outer loop
      vertex -20.021 0 58.72
      vertex -19.9853 -8.5 58.8253
      vertex -20.021 -8.5 58.72
    endloop
  endfacet
  facet normal 0.896754 0 -0.44253
    outer loop
      vertex -19.9361 -8.5 58.925
      vertex -19.9853 0 58.8253
      vertex -19.9361 0 58.925
    endloop
  endfacet
  facet normal 0.896754 0 -0.44253
    outer loop
      vertex -19.9853 0 58.8253
      vertex -19.9361 -8.5 58.925
      vertex -19.9853 -8.5 58.8253
    endloop
  endfacet
  facet normal 0.659776 0 -0.751462
    outer loop
      vertex -19.801 -8.5 59.101
      vertex -19.7174 0 59.1744
      vertex -19.7174 -8.5 59.1744
    endloop
  endfacet
  facet normal 0.659776 0 -0.751462
    outer loop
      vertex -19.7174 0 59.1744
      vertex -19.801 -8.5 59.101
      vertex -19.801 0 59.101
    endloop
  endfacet
  facet normal 0.32108 0 -0.947052
    outer loop
      vertex -19.5253 -8.5 59.2853
      vertex -19.42 0 59.321
      vertex -19.42 -8.5 59.321
    endloop
  endfacet
  facet normal 0.32108 0 -0.947052
    outer loop
      vertex -19.42 0 59.321
      vertex -19.5253 -8.5 59.2853
      vertex -19.5253 0 59.2853
    endloop
  endfacet
  facet normal -0.751908 0 0.659268
    outer loop
      vertex -18.599 -8.5 57.899
      vertex -18.5257 0 57.9826
      vertex -18.599 0 57.899
    endloop
  endfacet
  facet normal -0.751908 0 0.659268
    outer loop
      vertex -18.5257 0 57.9826
      vertex -18.599 -8.5 57.899
      vertex -18.5257 -8.5 57.9826
    endloop
  endfacet
  facet normal 0.659776 0 0.751462
    outer loop
      vertex -19.801 0 57.899
      vertex -19.7174 -8.5 57.8256
      vertex -19.7174 0 57.8256
    endloop
  endfacet
  facet normal 0.659776 0 0.751462
    outer loop
      vertex -19.7174 -8.5 57.8256
      vertex -19.801 0 57.899
      vertex -19.801 -8.5 57.899
    endloop
  endfacet
  facet normal -0.947052 0 -0.32108
    outer loop
      vertex -18.379 -8.5 58.72
      vertex -18.4147 0 58.8253
      vertex -18.379 0 58.72
    endloop
  endfacet
  facet normal -0.947052 -0 -0.32108
    outer loop
      vertex -18.4147 0 58.8253
      vertex -18.379 -8.5 58.72
      vertex -18.4147 -8.5 58.8253
    endloop
  endfacet
  facet normal -0.831219 0 -0.555945
    outer loop
      vertex -18.4639 -8.5 58.925
      vertex -18.5257 0 59.0174
      vertex -18.4639 0 58.925
    endloop
  endfacet
  facet normal -0.831219 -0 -0.555945
    outer loop
      vertex -18.5257 0 59.0174
      vertex -18.4639 -8.5 58.925
      vertex -18.5257 -8.5 59.0174
    endloop
  endfacet
  facet normal -0.195079 0 -0.980788
    outer loop
      vertex -19.0891 -8.5 59.3427
      vertex -18.98 0 59.321
      vertex -18.98 -8.5 59.321
    endloop
  endfacet
  facet normal -0.195079 0 -0.980788
    outer loop
      vertex -18.98 0 59.321
      vertex -19.0891 -8.5 59.3427
      vertex -19.0891 0 59.3427
    endloop
  endfacet
  facet normal 0.980788 0 -0.195079
    outer loop
      vertex -20.021 -8.5 58.72
      vertex -20.0427 0 58.6109
      vertex -20.021 0 58.72
    endloop
  endfacet
  facet normal 0.980788 0 -0.195079
    outer loop
      vertex -20.0427 0 58.6109
      vertex -20.021 -8.5 58.72
      vertex -20.0427 -8.5 58.6109
    endloop
  endfacet
  facet normal 0 1 0
    outer loop
      vertex -19.0891 -8.5 59.3427
      vertex -19.3109 -8.5 59.3427
      vertex -19.2 -8.5 59.35
    endloop
  endfacet
  facet normal 0 1 0
    outer loop
      vertex -18.98 -8.5 59.321
      vertex -19.3109 -8.5 59.3427
      vertex -19.0891 -8.5 59.3427
    endloop
  endfacet
  facet normal 0 1 0
    outer loop
      vertex -18.98 -8.5 59.321
      vertex -19.42 -8.5 59.321
      vertex -19.3109 -8.5 59.3427
    endloop
  endfacet
  facet normal 0 1 0
    outer loop
      vertex -18.8747 -8.5 59.2853
      vertex -19.42 -8.5 59.321
      vertex -18.98 -8.5 59.321
    endloop
  endfacet
  facet normal 0 1 0
    outer loop
      vertex -18.8747 -8.5 59.2853
      vertex -19.5253 -8.5 59.2853
      vertex -19.42 -8.5 59.321
    endloop
  endfacet
  facet normal 0 1 0
    outer loop
      vertex -18.775 -8.5 59.2361
      vertex -19.5253 -8.5 59.2853
      vertex -18.8747 -8.5 59.2853
    endloop
  endfacet
  facet normal 0 1 0
    outer loop
      vertex -18.775 -8.5 59.2361
      vertex -19.625 -8.5 59.2361
      vertex -19.5253 -8.5 59.2853
    endloop
  endfacet
  facet normal 0 1 0
    outer loop
      vertex -18.6826 -8.5 59.1744
      vertex -19.625 -8.5 59.2361
      vertex -18.775 -8.5 59.2361
    endloop
  endfacet
  facet normal 0 1 0
    outer loop
      vertex -18.6826 -8.5 59.1744
      vertex -19.7174 -8.5 59.1744
      vertex -19.625 -8.5 59.2361
    endloop
  endfacet
  facet normal 0 1 0
    outer loop
      vertex -18.599 -8.5 59.101
      vertex -19.7174 -8.5 59.1744
      vertex -18.6826 -8.5 59.1744
    endloop
  endfacet
  facet normal 0 1 0
    outer loop
      vertex -18.599 -8.5 59.101
      vertex -19.801 -8.5 59.101
      vertex -19.7174 -8.5 59.1744
    endloop
  endfacet
  facet normal 0 1 0
    outer loop
      vertex -18.5257 -8.5 59.0174
      vertex -19.801 -8.5 59.101
      vertex -18.599 -8.5 59.101
    endloop
  endfacet
  facet normal 0 1 0
    outer loop
      vertex -18.5257 -8.5 59.0174
      vertex -19.8743 -8.5 59.0174
      vertex -19.801 -8.5 59.101
    endloop
  endfacet
  facet normal 0 1 0
    outer loop
      vertex -18.4639 -8.5 58.925
      vertex -19.8743 -8.5 59.0174
      vertex -18.5257 -8.5 59.0174
    endloop
  endfacet
  facet normal 0 1 0
    outer loop
      vertex -18.4639 -8.5 58.925
      vertex -19.9361 -8.5 58.925
      vertex -19.8743 -8.5 59.0174
    endloop
  endfacet
  facet normal 0 1 0
    outer loop
      vertex -18.4147 -8.5 58.8253
      vertex -19.9361 -8.5 58.925
      vertex -18.4639 -8.5 58.925
    endloop
  endfacet
  facet normal 0 1 0
    outer loop
      vertex -18.4147 -8.5 58.8253
      vertex -19.9853 -8.5 58.8253
      vertex -19.9361 -8.5 58.925
    endloop
  endfacet
  facet normal 0 1 0
    outer loop
      vertex -18.379 -8.5 58.72
      vertex -19.9853 -8.5 58.8253
      vertex -18.4147 -8.5 58.8253
    endloop
  endfacet
  facet normal 0 1 0
    outer loop
      vertex -18.379 -8.5 58.72
      vertex -20.021 -8.5 58.72
      vertex -19.9853 -8.5 58.8253
    endloop
  endfacet
  facet normal 0 1 0
    outer loop
      vertex -18.3573 -8.5 58.6109
      vertex -20.021 -8.5 58.72
      vertex -18.379 -8.5 58.72
    endloop
  endfacet
  facet normal 0 1 0
    outer loop
      vertex -18.3573 -8.5 58.6109
      vertex -20.0427 -8.5 58.6109
      vertex -20.021 -8.5 58.72
    endloop
  endfacet
  facet normal 0 1 0
    outer loop
      vertex -18.35 -8.5 58.5
      vertex -20.0427 -8.5 58.6109
      vertex -18.3573 -8.5 58.6109
    endloop
  endfacet
  facet normal 0 1 0
    outer loop
      vertex -18.35 -8.5 58.5
      vertex -20.05 -8.5 58.5
      vertex -20.0427 -8.5 58.6109
    endloop
  endfacet
  facet normal 0 1 -0
    outer loop
      vertex -18.3573 -8.5 58.3891
      vertex -20.05 -8.5 58.5
      vertex -18.35 -8.5 58.5
    endloop
  endfacet
  facet normal 0 1 0
    outer loop
      vertex -18.3573 -8.5 58.3891
      vertex -20.0427 -8.5 58.3891
      vertex -20.05 -8.5 58.5
    endloop
  endfacet
  facet normal 0 1 -0
    outer loop
      vertex -18.379 -8.5 58.28
      vertex -20.0427 -8.5 58.3891
      vertex -18.3573 -8.5 58.3891
    endloop
  endfacet
  facet normal 0 1 0
    outer loop
      vertex -18.379 -8.5 58.28
      vertex -20.021 -8.5 58.28
      vertex -20.0427 -8.5 58.3891
    endloop
  endfacet
  facet normal 0 1 -0
    outer loop
      vertex -18.4147 -8.5 58.1747
      vertex -20.021 -8.5 58.28
      vertex -18.379 -8.5 58.28
    endloop
  endfacet
  facet normal 0 1 0
    outer loop
      vertex -18.4147 -8.5 58.1747
      vertex -19.9853 -8.5 58.1747
      vertex -20.021 -8.5 58.28
    endloop
  endfacet
  facet normal 0 1 -0
    outer loop
      vertex -18.4639 -8.5 58.075
      vertex -19.9853 -8.5 58.1747
      vertex -18.4147 -8.5 58.1747
    endloop
  endfacet
  facet normal 0 1 0
    outer loop
      vertex -18.4639 -8.5 58.075
      vertex -19.9361 -8.5 58.075
      vertex -19.9853 -8.5 58.1747
    endloop
  endfacet
  facet normal 0 1 -0
    outer loop
      vertex -18.5257 -8.5 57.9826
      vertex -19.9361 -8.5 58.075
      vertex -18.4639 -8.5 58.075
    endloop
  endfacet
  facet normal 0 1 0
    outer loop
      vertex -18.5257 -8.5 57.9826
      vertex -19.8743 -8.5 57.9826
      vertex -19.9361 -8.5 58.075
    endloop
  endfacet
  facet normal 0 1 -0
    outer loop
      vertex -18.599 -8.5 57.899
      vertex -19.8743 -8.5 57.9826
      vertex -18.5257 -8.5 57.9826
    endloop
  endfacet
  facet normal 0 1 0
    outer loop
      vertex -18.599 -8.5 57.899
      vertex -19.801 -8.5 57.899
      vertex -19.8743 -8.5 57.9826
    endloop
  endfacet
  facet normal 0 1 -0
    outer loop
      vertex -18.6826 -8.5 57.8256
      vertex -19.801 -8.5 57.899
      vertex -18.599 -8.5 57.899
    endloop
  endfacet
  facet normal 0 1 0
    outer loop
      vertex -18.6826 -8.5 57.8256
      vertex -19.7174 -8.5 57.8256
      vertex -19.801 -8.5 57.899
    endloop
  endfacet
  facet normal 0 1 -0
    outer loop
      vertex -18.775 -8.5 57.7639
      vertex -19.7174 -8.5 57.8256
      vertex -18.6826 -8.5 57.8256
    endloop
  endfacet
  facet normal 0 1 0
    outer loop
      vertex -18.775 -8.5 57.7639
      vertex -19.625 -8.5 57.7639
      vertex -19.7174 -8.5 57.8256
    endloop
  endfacet
  facet normal 0 1 -0
    outer loop
      vertex -18.8747 -8.5 57.7147
      vertex -19.625 -8.5 57.7639
      vertex -18.775 -8.5 57.7639
    endloop
  endfacet
  facet normal 0 1 0
    outer loop
      vertex -18.8747 -8.5 57.7147
      vertex -19.5253 -8.5 57.7147
      vertex -19.625 -8.5 57.7639
    endloop
  endfacet
  facet normal 0 1 -0
    outer loop
      vertex -18.98 -8.5 57.679
      vertex -19.5253 -8.5 57.7147
      vertex -18.8747 -8.5 57.7147
    endloop
  endfacet
  facet normal 0 1 0
    outer loop
      vertex -18.98 -8.5 57.679
      vertex -19.42 -8.5 57.679
      vertex -19.5253 -8.5 57.7147
    endloop
  endfacet
  facet normal 0 1 -0
    outer loop
      vertex -19.0891 -8.5 57.6573
      vertex -19.42 -8.5 57.679
      vertex -18.98 -8.5 57.679
    endloop
  endfacet
  facet normal 0 1 0
    outer loop
      vertex -19.0891 -8.5 57.6573
      vertex -19.3109 -8.5 57.6573
      vertex -19.42 -8.5 57.679
    endloop
  endfacet
  facet normal -0 1 0
    outer loop
      vertex -19.3109 -8.5 57.6573
      vertex -19.0891 -8.5 57.6573
      vertex -19.2 -8.5 57.65
    endloop
  endfacet
  facet normal 0.195079 0 -0.980788
    outer loop
      vertex -19.42 -8.5 59.321
      vertex -19.3109 0 59.3427
      vertex -19.3109 -8.5 59.3427
    endloop
  endfacet
  facet normal 0.195079 0 -0.980788
    outer loop
      vertex -19.3109 0 59.3427
      vertex -19.42 -8.5 59.321
      vertex -19.42 0 59.321
    endloop
  endfacet
  facet normal -0.997841 0 0.0656829
    outer loop
      vertex -18.3573 -8.5 58.3891
      vertex -18.35 0 58.5
      vertex -18.3573 0 58.3891
    endloop
  endfacet
  facet normal -0.997841 0 0.0656829
    outer loop
      vertex -18.35 0 58.5
      vertex -18.3573 -8.5 58.3891
      vertex -18.35 -8.5 58.5
    endloop
  endfacet
  facet normal -0.44253 0 0.896754
    outer loop
      vertex -18.8747 0 57.7147
      vertex -18.775 -8.5 57.7639
      vertex -18.775 0 57.7639
    endloop
  endfacet
  facet normal -0.44253 0 0.896754
    outer loop
      vertex -18.775 -8.5 57.7639
      vertex -18.8747 0 57.7147
      vertex -18.8747 -8.5 57.7147
    endloop
  endfacet
  facet normal -0.555323 0 0.831635
    outer loop
      vertex -18.775 0 57.7639
      vertex -18.6826 -8.5 57.8256
      vertex -18.6826 0 57.8256
    endloop
  endfacet
  facet normal -0.555323 0 0.831635
    outer loop
      vertex -18.6826 -8.5 57.8256
      vertex -18.775 0 57.7639
      vertex -18.775 -8.5 57.7639
    endloop
  endfacet
  facet normal 0.195079 0 0.980788
    outer loop
      vertex -19.42 0 57.679
      vertex -19.3109 -8.5 57.6573
      vertex -19.3109 0 57.6573
    endloop
  endfacet
  facet normal 0.195079 0 0.980788
    outer loop
      vertex -19.3109 -8.5 57.6573
      vertex -19.42 0 57.679
      vertex -19.42 -8.5 57.679
    endloop
  endfacet
  facet normal 0.555323 0 0.831635
    outer loop
      vertex -19.7174 0 57.8256
      vertex -19.625 -8.5 57.7639
      vertex -19.625 0 57.7639
    endloop
  endfacet
  facet normal 0.555323 0 0.831635
    outer loop
      vertex -19.625 -8.5 57.7639
      vertex -19.7174 0 57.8256
      vertex -19.7174 -8.5 57.8256
    endloop
  endfacet
  facet normal 0.831219 -0 0.555945
    outer loop
      vertex -19.9361 -8.5 58.075
      vertex -19.8743 0 57.9826
      vertex -19.9361 0 58.075
    endloop
  endfacet
  facet normal 0.831219 0 0.555945
    outer loop
      vertex -19.8743 0 57.9826
      vertex -19.9361 -8.5 58.075
      vertex -19.8743 -8.5 57.9826
    endloop
  endfacet
  facet normal 0.896754 -0 0.44253
    outer loop
      vertex -19.9853 -8.5 58.1747
      vertex -19.9361 0 58.075
      vertex -19.9853 0 58.1747
    endloop
  endfacet
  facet normal 0.896754 0 0.44253
    outer loop
      vertex -19.9361 0 58.075
      vertex -19.9853 -8.5 58.1747
      vertex -19.9361 -8.5 58.075
    endloop
  endfacet
  facet normal 0.980788 -0 0.195079
    outer loop
      vertex -20.0427 -8.5 58.3891
      vertex -20.021 0 58.28
      vertex -20.0427 0 58.3891
    endloop
  endfacet
  facet normal 0.980788 0 0.195079
    outer loop
      vertex -20.021 0 58.28
      vertex -20.0427 -8.5 58.3891
      vertex -20.021 -8.5 58.28
    endloop
  endfacet
  facet normal -0.751908 0 -0.659268
    outer loop
      vertex -18.5257 -8.5 59.0174
      vertex -18.599 0 59.101
      vertex -18.5257 0 59.0174
    endloop
  endfacet
  facet normal -0.751908 -0 -0.659268
    outer loop
      vertex -18.599 0 59.101
      vertex -18.5257 -8.5 59.0174
      vertex -18.599 -8.5 59.101
    endloop
  endfacet
  facet normal -0.0656829 0 -0.997841
    outer loop
      vertex -19.2 -8.5 59.35
      vertex -19.0891 0 59.3427
      vertex -19.0891 -8.5 59.3427
    endloop
  endfacet
  facet normal -0.0656829 0 -0.997841
    outer loop
      vertex -19.0891 0 59.3427
      vertex -19.2 -8.5 59.35
      vertex -19.2 0 59.35
    endloop
  endfacet
  facet normal -0.555323 0 -0.831635
    outer loop
      vertex -18.775 -8.5 59.2361
      vertex -18.6826 0 59.1744
      vertex -18.6826 -8.5 59.1744
    endloop
  endfacet
  facet normal -0.555323 0 -0.831635
    outer loop
      vertex -18.6826 0 59.1744
      vertex -18.775 -8.5 59.2361
      vertex -18.775 0 59.2361
    endloop
  endfacet
  facet normal -0.44253 0 -0.896754
    outer loop
      vertex -18.8747 -8.5 59.2853
      vertex -18.775 0 59.2361
      vertex -18.775 -8.5 59.2361
    endloop
  endfacet
  facet normal -0.44253 0 -0.896754
    outer loop
      vertex -18.775 0 59.2361
      vertex -18.8747 -8.5 59.2853
      vertex -18.8747 0 59.2853
    endloop
  endfacet
  facet normal 0.831219 0 -0.555945
    outer loop
      vertex -19.8743 -8.5 59.0174
      vertex -19.9361 0 58.925
      vertex -19.8743 0 59.0174
    endloop
  endfacet
  facet normal 0.831219 0 -0.555945
    outer loop
      vertex -19.9361 0 58.925
      vertex -19.8743 -8.5 59.0174
      vertex -19.9361 -8.5 58.925
    endloop
  endfacet
  facet normal 0.997841 0 -0.0656829
    outer loop
      vertex -20.0427 -8.5 58.6109
      vertex -20.05 0 58.5
      vertex -20.0427 0 58.6109
    endloop
  endfacet
  facet normal 0.997841 0 -0.0656829
    outer loop
      vertex -20.05 0 58.5
      vertex -20.0427 -8.5 58.6109
      vertex -20.05 -8.5 58.5
    endloop
  endfacet
  facet normal 0.997841 -0 0.0656829
    outer loop
      vertex -20.05 -8.5 58.5
      vertex -20.0427 0 58.3891
      vertex -20.05 0 58.5
    endloop
  endfacet
  facet normal 0.997841 0 0.0656829
    outer loop
      vertex -20.0427 0 58.3891
      vertex -20.05 -8.5 58.5
      vertex -20.0427 -8.5 58.3891
    endloop
  endfacet
  facet normal 0.555323 0 -0.831635
    outer loop
      vertex -19.7174 -8.5 59.1744
      vertex -19.625 0 59.2361
      vertex -19.625 -8.5 59.2361
    endloop
  endfacet
  facet normal 0.555323 0 -0.831635
    outer loop
      vertex -19.625 0 59.2361
      vertex -19.7174 -8.5 59.1744
      vertex -19.7174 0 59.1744
    endloop
  endfacet
  facet normal -0.32108 0 0.947052
    outer loop
      vertex -18.98 0 57.679
      vertex -18.8747 -8.5 57.7147
      vertex -18.8747 0 57.7147
    endloop
  endfacet
  facet normal -0.32108 0 0.947052
    outer loop
      vertex -18.8747 -8.5 57.7147
      vertex -18.98 0 57.679
      vertex -18.98 -8.5 57.679
    endloop
  endfacet
  facet normal -0.659776 0 0.751462
    outer loop
      vertex -18.6826 0 57.8256
      vertex -18.599 -8.5 57.899
      vertex -18.599 0 57.899
    endloop
  endfacet
  facet normal -0.659776 0 0.751462
    outer loop
      vertex -18.599 -8.5 57.899
      vertex -18.6826 0 57.8256
      vertex -18.6826 -8.5 57.8256
    endloop
  endfacet
  facet normal 0.44253 0 0.896754
    outer loop
      vertex -19.625 0 57.7639
      vertex -19.5253 -8.5 57.7147
      vertex -19.5253 0 57.7147
    endloop
  endfacet
  facet normal 0.44253 0 0.896754
    outer loop
      vertex -19.5253 -8.5 57.7147
      vertex -19.625 0 57.7639
      vertex -19.625 -8.5 57.7639
    endloop
  endfacet
  facet normal 0.32108 0 0.947052
    outer loop
      vertex -19.5253 0 57.7147
      vertex -19.42 -8.5 57.679
      vertex -19.42 0 57.679
    endloop
  endfacet
  facet normal 0.32108 0 0.947052
    outer loop
      vertex -19.42 -8.5 57.679
      vertex -19.5253 0 57.7147
      vertex -19.5253 -8.5 57.7147
    endloop
  endfacet
  facet normal 0.0656829 0 0.997841
    outer loop
      vertex -19.3109 0 57.6573
      vertex -19.2 -8.5 57.65
      vertex -19.2 0 57.65
    endloop
  endfacet
  facet normal 0.0656829 0 0.997841
    outer loop
      vertex -19.2 -8.5 57.65
      vertex -19.3109 0 57.6573
      vertex -19.3109 -8.5 57.6573
    endloop
  endfacet
  facet normal -0.0656829 0 0.997841
    outer loop
      vertex -19.2 0 57.65
      vertex -19.0891 -8.5 57.6573
      vertex -19.0891 0 57.6573
    endloop
  endfacet
  facet normal -0.0656829 0 0.997841
    outer loop
      vertex -19.0891 -8.5 57.6573
      vertex -19.2 0 57.65
      vertex -19.2 -8.5 57.65
    endloop
  endfacet
  facet normal 0.751908 -0 0.659268
    outer loop
      vertex -19.8743 -8.5 57.9826
      vertex -19.801 0 57.899
      vertex -19.8743 0 57.9826
    endloop
  endfacet
  facet normal 0.751908 0 0.659268
    outer loop
      vertex -19.801 0 57.899
      vertex -19.8743 -8.5 57.9826
      vertex -19.801 -8.5 57.899
    endloop
  endfacet
  facet normal 0.947052 -0 0.32108
    outer loop
      vertex -20.021 -8.5 58.28
      vertex -19.9853 0 58.1747
      vertex -20.021 0 58.28
    endloop
  endfacet
  facet normal 0.947052 0 0.32108
    outer loop
      vertex -19.9853 0 58.1747
      vertex -20.021 -8.5 58.28
      vertex -19.9853 -8.5 58.1747
    endloop
  endfacet
  facet normal -0.831219 0 0.555945
    outer loop
      vertex -18.5257 -8.5 57.9826
      vertex -18.4639 0 58.075
      vertex -18.5257 0 57.9826
    endloop
  endfacet
  facet normal -0.831219 0 0.555945
    outer loop
      vertex -18.4639 0 58.075
      vertex -18.5257 -8.5 57.9826
      vertex -18.4639 -8.5 58.075
    endloop
  endfacet
  facet normal -0.947052 0 0.32108
    outer loop
      vertex -18.4147 -8.5 58.1747
      vertex -18.379 0 58.28
      vertex -18.4147 0 58.1747
    endloop
  endfacet
  facet normal -0.947052 0 0.32108
    outer loop
      vertex -18.379 0 58.28
      vertex -18.4147 -8.5 58.1747
      vertex -18.379 -8.5 58.28
    endloop
  endfacet
  facet normal -0.980788 0 0.195079
    outer loop
      vertex -18.379 -8.5 58.28
      vertex -18.3573 0 58.3891
      vertex -18.379 0 58.28
    endloop
  endfacet
  facet normal -0.980788 0 0.195079
    outer loop
      vertex -18.3573 0 58.3891
      vertex -18.379 -8.5 58.28
      vertex -18.3573 -8.5 58.3891
    endloop
  endfacet
  facet normal -0.997841 0 -0.0656829
    outer loop
      vertex 20.05 -8.5 58.5
      vertex 20.0427 0 58.6109
      vertex 20.05 0 58.5
    endloop
  endfacet
  facet normal -0.997841 -0 -0.0656829
    outer loop
      vertex 20.0427 0 58.6109
      vertex 20.05 -8.5 58.5
      vertex 20.0427 -8.5 58.6109
    endloop
  endfacet
  facet normal -0.980788 0 -0.195079
    outer loop
      vertex 20.0427 -8.5 58.6109
      vertex 20.021 0 58.72
      vertex 20.0427 0 58.6109
    endloop
  endfacet
  facet normal -0.980788 -0 -0.195079
    outer loop
      vertex 20.021 0 58.72
      vertex 20.0427 -8.5 58.6109
      vertex 20.021 -8.5 58.72
    endloop
  endfacet
  facet normal 0.0656829 0 -0.997841
    outer loop
      vertex 19.0891 -8.5 59.3427
      vertex 19.2 0 59.35
      vertex 19.2 -8.5 59.35
    endloop
  endfacet
  facet normal 0.0656829 0 -0.997841
    outer loop
      vertex 19.2 0 59.35
      vertex 19.0891 -8.5 59.3427
      vertex 19.0891 0 59.3427
    endloop
  endfacet
  facet normal -0.659776 0 -0.751462
    outer loop
      vertex 19.7174 -8.5 59.1744
      vertex 19.801 0 59.101
      vertex 19.801 -8.5 59.101
    endloop
  endfacet
  facet normal -0.659776 0 -0.751462
    outer loop
      vertex 19.801 0 59.101
      vertex 19.7174 -8.5 59.1744
      vertex 19.7174 0 59.1744
    endloop
  endfacet
  facet normal 0.751908 0 -0.659268
    outer loop
      vertex 18.599 -8.5 59.101
      vertex 18.5257 0 59.0174
      vertex 18.599 0 59.101
    endloop
  endfacet
  facet normal 0.751908 0 -0.659268
    outer loop
      vertex 18.5257 0 59.0174
      vertex 18.599 -8.5 59.101
      vertex 18.5257 -8.5 59.0174
    endloop
  endfacet
  facet normal 0.44253 0 -0.896754
    outer loop
      vertex 18.775 -8.5 59.2361
      vertex 18.8747 0 59.2853
      vertex 18.8747 -8.5 59.2853
    endloop
  endfacet
  facet normal 0.44253 0 -0.896754
    outer loop
      vertex 18.8747 0 59.2853
      vertex 18.775 -8.5 59.2361
      vertex 18.775 0 59.2361
    endloop
  endfacet
  facet normal -0.195079 0 0.980788
    outer loop
      vertex 19.3109 0 57.6573
      vertex 19.42 -8.5 57.679
      vertex 19.42 0 57.679
    endloop
  endfacet
  facet normal -0.195079 0 0.980788
    outer loop
      vertex 19.42 -8.5 57.679
      vertex 19.3109 0 57.6573
      vertex 19.3109 -8.5 57.6573
    endloop
  endfacet
  facet normal -0.896754 0 0.44253
    outer loop
      vertex 19.9361 -8.5 58.075
      vertex 19.9853 0 58.1747
      vertex 19.9361 0 58.075
    endloop
  endfacet
  facet normal -0.896754 0 0.44253
    outer loop
      vertex 19.9853 0 58.1747
      vertex 19.9361 -8.5 58.075
      vertex 19.9853 -8.5 58.1747
    endloop
  endfacet
  facet normal -0.896754 0 -0.44253
    outer loop
      vertex 19.9853 -8.5 58.8253
      vertex 19.9361 0 58.925
      vertex 19.9853 0 58.8253
    endloop
  endfacet
  facet normal -0.896754 -0 -0.44253
    outer loop
      vertex 19.9361 0 58.925
      vertex 19.9853 -8.5 58.8253
      vertex 19.9361 -8.5 58.925
    endloop
  endfacet
  facet normal -0.32108 0 -0.947052
    outer loop
      vertex 19.42 -8.5 59.321
      vertex 19.5253 0 59.2853
      vertex 19.5253 -8.5 59.2853
    endloop
  endfacet
  facet normal -0.32108 0 -0.947052
    outer loop
      vertex 19.5253 0 59.2853
      vertex 19.42 -8.5 59.321
      vertex 19.42 0 59.321
    endloop
  endfacet
  facet normal 0.947052 0 -0.32108
    outer loop
      vertex 18.4147 -8.5 58.8253
      vertex 18.379 0 58.72
      vertex 18.4147 0 58.8253
    endloop
  endfacet
  facet normal 0.947052 0 -0.32108
    outer loop
      vertex 18.379 0 58.72
      vertex 18.4147 -8.5 58.8253
      vertex 18.379 -8.5 58.72
    endloop
  endfacet
  facet normal 0.896754 0 -0.44253
    outer loop
      vertex 18.4639 -8.5 58.925
      vertex 18.4147 0 58.8253
      vertex 18.4639 0 58.925
    endloop
  endfacet
  facet normal 0.896754 0 -0.44253
    outer loop
      vertex 18.4147 0 58.8253
      vertex 18.4639 -8.5 58.925
      vertex 18.4147 -8.5 58.8253
    endloop
  endfacet
  facet normal 0.32108 0 -0.947052
    outer loop
      vertex 18.8747 -8.5 59.2853
      vertex 18.98 0 59.321
      vertex 18.98 -8.5 59.321
    endloop
  endfacet
  facet normal 0.32108 0 -0.947052
    outer loop
      vertex 18.98 0 59.321
      vertex 18.8747 -8.5 59.2853
      vertex 18.8747 0 59.2853
    endloop
  endfacet
  facet normal 0.831219 -0 0.555945
    outer loop
      vertex 18.4639 -8.5 58.075
      vertex 18.5257 0 57.9826
      vertex 18.4639 0 58.075
    endloop
  endfacet
  facet normal 0.831219 0 0.555945
    outer loop
      vertex 18.5257 0 57.9826
      vertex 18.4639 -8.5 58.075
      vertex 18.5257 -8.5 57.9826
    endloop
  endfacet
  facet normal -0.947052 0 -0.32108
    outer loop
      vertex 20.021 -8.5 58.72
      vertex 19.9853 0 58.8253
      vertex 20.021 0 58.72
    endloop
  endfacet
  facet normal -0.947052 -0 -0.32108
    outer loop
      vertex 19.9853 0 58.8253
      vertex 20.021 -8.5 58.72
      vertex 19.9853 -8.5 58.8253
    endloop
  endfacet
  facet normal -0.751908 0 -0.659268
    outer loop
      vertex 19.8743 -8.5 59.0174
      vertex 19.801 0 59.101
      vertex 19.8743 0 59.0174
    endloop
  endfacet
  facet normal -0.751908 -0 -0.659268
    outer loop
      vertex 19.801 0 59.101
      vertex 19.8743 -8.5 59.0174
      vertex 19.801 -8.5 59.101
    endloop
  endfacet
  facet normal -0.195079 0 -0.980788
    outer loop
      vertex 19.3109 -8.5 59.3427
      vertex 19.42 0 59.321
      vertex 19.42 -8.5 59.321
    endloop
  endfacet
  facet normal -0.195079 0 -0.980788
    outer loop
      vertex 19.42 0 59.321
      vertex 19.3109 -8.5 59.3427
      vertex 19.3109 0 59.3427
    endloop
  endfacet
  facet normal -0.555323 0 -0.831635
    outer loop
      vertex 19.625 -8.5 59.2361
      vertex 19.7174 0 59.1744
      vertex 19.7174 -8.5 59.1744
    endloop
  endfacet
  facet normal -0.555323 0 -0.831635
    outer loop
      vertex 19.7174 0 59.1744
      vertex 19.625 -8.5 59.2361
      vertex 19.625 0 59.2361
    endloop
  endfacet
  facet normal 0.980788 0 -0.195079
    outer loop
      vertex 18.379 -8.5 58.72
      vertex 18.3573 0 58.6109
      vertex 18.379 0 58.72
    endloop
  endfacet
  facet normal 0.980788 0 -0.195079
    outer loop
      vertex 18.3573 0 58.6109
      vertex 18.379 -8.5 58.72
      vertex 18.3573 -8.5 58.6109
    endloop
  endfacet
  facet normal 0 1 0
    outer loop
      vertex 19.3109 -8.5 59.3427
      vertex 19.0891 -8.5 59.3427
      vertex 19.2 -8.5 59.35
    endloop
  endfacet
  facet normal 0 1 0
    outer loop
      vertex 19.42 -8.5 59.321
      vertex 19.0891 -8.5 59.3427
      vertex 19.3109 -8.5 59.3427
    endloop
  endfacet
  facet normal 0 1 0
    outer loop
      vertex 19.42 -8.5 59.321
      vertex 18.98 -8.5 59.321
      vertex 19.0891 -8.5 59.3427
    endloop
  endfacet
  facet normal 0 1 0
    outer loop
      vertex 19.5253 -8.5 59.2853
      vertex 18.98 -8.5 59.321
      vertex 19.42 -8.5 59.321
    endloop
  endfacet
  facet normal 0 1 0
    outer loop
      vertex 19.5253 -8.5 59.2853
      vertex 18.8747 -8.5 59.2853
      vertex 18.98 -8.5 59.321
    endloop
  endfacet
  facet normal 0 1 0
    outer loop
      vertex 19.625 -8.5 59.2361
      vertex 18.8747 -8.5 59.2853
      vertex 19.5253 -8.5 59.2853
    endloop
  endfacet
  facet normal 0 1 0
    outer loop
      vertex 19.625 -8.5 59.2361
      vertex 18.775 -8.5 59.2361
      vertex 18.8747 -8.5 59.2853
    endloop
  endfacet
  facet normal 0 1 0
    outer loop
      vertex 19.7174 -8.5 59.1744
      vertex 18.775 -8.5 59.2361
      vertex 19.625 -8.5 59.2361
    endloop
  endfacet
  facet normal 0 1 0
    outer loop
      vertex 19.7174 -8.5 59.1744
      vertex 18.6826 -8.5 59.1744
      vertex 18.775 -8.5 59.2361
    endloop
  endfacet
  facet normal 0 1 0
    outer loop
      vertex 19.801 -8.5 59.101
      vertex 18.6826 -8.5 59.1744
      vertex 19.7174 -8.5 59.1744
    endloop
  endfacet
  facet normal 0 1 0
    outer loop
      vertex 19.801 -8.5 59.101
      vertex 18.599 -8.5 59.101
      vertex 18.6826 -8.5 59.1744
    endloop
  endfacet
  facet normal 0 1 0
    outer loop
      vertex 19.8743 -8.5 59.0174
      vertex 18.599 -8.5 59.101
      vertex 19.801 -8.5 59.101
    endloop
  endfacet
  facet normal 0 1 0
    outer loop
      vertex 19.8743 -8.5 59.0174
      vertex 18.5257 -8.5 59.0174
      vertex 18.599 -8.5 59.101
    endloop
  endfacet
  facet normal 0 1 0
    outer loop
      vertex 19.9361 -8.5 58.925
      vertex 18.5257 -8.5 59.0174
      vertex 19.8743 -8.5 59.0174
    endloop
  endfacet
  facet normal 0 1 0
    outer loop
      vertex 19.9361 -8.5 58.925
      vertex 18.4639 -8.5 58.925
      vertex 18.5257 -8.5 59.0174
    endloop
  endfacet
  facet normal 0 1 0
    outer loop
      vertex 19.9853 -8.5 58.8253
      vertex 18.4639 -8.5 58.925
      vertex 19.9361 -8.5 58.925
    endloop
  endfacet
  facet normal 0 1 0
    outer loop
      vertex 19.9853 -8.5 58.8253
      vertex 18.4147 -8.5 58.8253
      vertex 18.4639 -8.5 58.925
    endloop
  endfacet
  facet normal 0 1 0
    outer loop
      vertex 20.021 -8.5 58.72
      vertex 18.4147 -8.5 58.8253
      vertex 19.9853 -8.5 58.8253
    endloop
  endfacet
  facet normal 0 1 0
    outer loop
      vertex 20.021 -8.5 58.72
      vertex 18.379 -8.5 58.72
      vertex 18.4147 -8.5 58.8253
    endloop
  endfacet
  facet normal 0 1 0
    outer loop
      vertex 20.0427 -8.5 58.6109
      vertex 18.379 -8.5 58.72
      vertex 20.021 -8.5 58.72
    endloop
  endfacet
  facet normal 0 1 0
    outer loop
      vertex 20.0427 -8.5 58.6109
      vertex 18.3573 -8.5 58.6109
      vertex 18.379 -8.5 58.72
    endloop
  endfacet
  facet normal 0 1 0
    outer loop
      vertex 20.05 -8.5 58.5
      vertex 18.3573 -8.5 58.6109
      vertex 20.0427 -8.5 58.6109
    endloop
  endfacet
  facet normal 0 1 0
    outer loop
      vertex 20.05 -8.5 58.5
      vertex 18.35 -8.5 58.5
      vertex 18.3573 -8.5 58.6109
    endloop
  endfacet
  facet normal 0 1 -0
    outer loop
      vertex 20.0427 -8.5 58.3891
      vertex 18.35 -8.5 58.5
      vertex 20.05 -8.5 58.5
    endloop
  endfacet
  facet normal 0 1 0
    outer loop
      vertex 20.0427 -8.5 58.3891
      vertex 18.3573 -8.5 58.3891
      vertex 18.35 -8.5 58.5
    endloop
  endfacet
  facet normal 0 1 -0
    outer loop
      vertex 20.021 -8.5 58.28
      vertex 18.3573 -8.5 58.3891
      vertex 20.0427 -8.5 58.3891
    endloop
  endfacet
  facet normal 0 1 0
    outer loop
      vertex 20.021 -8.5 58.28
      vertex 18.379 -8.5 58.28
      vertex 18.3573 -8.5 58.3891
    endloop
  endfacet
  facet normal 0 1 -0
    outer loop
      vertex 19.9853 -8.5 58.1747
      vertex 18.379 -8.5 58.28
      vertex 20.021 -8.5 58.28
    endloop
  endfacet
  facet normal 0 1 0
    outer loop
      vertex 19.9853 -8.5 58.1747
      vertex 18.4147 -8.5 58.1747
      vertex 18.379 -8.5 58.28
    endloop
  endfacet
  facet normal 0 1 -0
    outer loop
      vertex 19.9361 -8.5 58.075
      vertex 18.4147 -8.5 58.1747
      vertex 19.9853 -8.5 58.1747
    endloop
  endfacet
  facet normal 0 1 0
    outer loop
      vertex 19.9361 -8.5 58.075
      vertex 18.4639 -8.5 58.075
      vertex 18.4147 -8.5 58.1747
    endloop
  endfacet
  facet normal 0 1 -0
    outer loop
      vertex 19.8743 -8.5 57.9826
      vertex 18.4639 -8.5 58.075
      vertex 19.9361 -8.5 58.075
    endloop
  endfacet
  facet normal 0 1 0
    outer loop
      vertex 19.8743 -8.5 57.9826
      vertex 18.5257 -8.5 57.9826
      vertex 18.4639 -8.5 58.075
    endloop
  endfacet
  facet normal 0 1 -0
    outer loop
      vertex 19.801 -8.5 57.899
      vertex 18.5257 -8.5 57.9826
      vertex 19.8743 -8.5 57.9826
    endloop
  endfacet
  facet normal 0 1 0
    outer loop
      vertex 19.801 -8.5 57.899
      vertex 18.599 -8.5 57.899
      vertex 18.5257 -8.5 57.9826
    endloop
  endfacet
  facet normal 0 1 -0
    outer loop
      vertex 19.7174 -8.5 57.8256
      vertex 18.599 -8.5 57.899
      vertex 19.801 -8.5 57.899
    endloop
  endfacet
  facet normal 0 1 0
    outer loop
      vertex 19.7174 -8.5 57.8256
      vertex 18.6826 -8.5 57.8256
      vertex 18.599 -8.5 57.899
    endloop
  endfacet
  facet normal 0 1 -0
    outer loop
      vertex 19.625 -8.5 57.7639
      vertex 18.6826 -8.5 57.8256
      vertex 19.7174 -8.5 57.8256
    endloop
  endfacet
  facet normal 0 1 0
    outer loop
      vertex 19.625 -8.5 57.7639
      vertex 18.775 -8.5 57.7639
      vertex 18.6826 -8.5 57.8256
    endloop
  endfacet
  facet normal 0 1 -0
    outer loop
      vertex 19.5253 -8.5 57.7147
      vertex 18.775 -8.5 57.7639
      vertex 19.625 -8.5 57.7639
    endloop
  endfacet
  facet normal 0 1 0
    outer loop
      vertex 19.5253 -8.5 57.7147
      vertex 18.8747 -8.5 57.7147
      vertex 18.775 -8.5 57.7639
    endloop
  endfacet
  facet normal 0 1 -0
    outer loop
      vertex 19.42 -8.5 57.679
      vertex 18.8747 -8.5 57.7147
      vertex 19.5253 -8.5 57.7147
    endloop
  endfacet
  facet normal 0 1 0
    outer loop
      vertex 19.42 -8.5 57.679
      vertex 18.98 -8.5 57.679
      vertex 18.8747 -8.5 57.7147
    endloop
  endfacet
  facet normal 0 1 -0
    outer loop
      vertex 19.3109 -8.5 57.6573
      vertex 18.98 -8.5 57.679
      vertex 19.42 -8.5 57.679
    endloop
  endfacet
  facet normal 0 1 0
    outer loop
      vertex 19.3109 -8.5 57.6573
      vertex 19.0891 -8.5 57.6573
      vertex 18.98 -8.5 57.679
    endloop
  endfacet
  facet normal -0 1 0
    outer loop
      vertex 19.0891 -8.5 57.6573
      vertex 19.3109 -8.5 57.6573
      vertex 19.2 -8.5 57.65
    endloop
  endfacet
  facet normal 0.555323 0 -0.831635
    outer loop
      vertex 18.6826 -8.5 59.1744
      vertex 18.775 0 59.2361
      vertex 18.775 -8.5 59.2361
    endloop
  endfacet
  facet normal 0.555323 0 -0.831635
    outer loop
      vertex 18.775 0 59.2361
      vertex 18.6826 -8.5 59.1744
      vertex 18.6826 0 59.1744
    endloop
  endfacet
  facet normal 0.195079 0 -0.980788
    outer loop
      vertex 18.98 -8.5 59.321
      vertex 19.0891 0 59.3427
      vertex 19.0891 -8.5 59.3427
    endloop
  endfacet
  facet normal 0.195079 0 -0.980788
    outer loop
      vertex 19.0891 0 59.3427
      vertex 18.98 -8.5 59.321
      vertex 18.98 0 59.321
    endloop
  endfacet
  facet normal -0.997841 0 0.0656829
    outer loop
      vertex 20.0427 -8.5 58.3891
      vertex 20.05 0 58.5
      vertex 20.0427 0 58.3891
    endloop
  endfacet
  facet normal -0.997841 0 0.0656829
    outer loop
      vertex 20.05 0 58.5
      vertex 20.0427 -8.5 58.3891
      vertex 20.05 -8.5 58.5
    endloop
  endfacet
  facet normal -0.44253 0 0.896754
    outer loop
      vertex 19.5253 0 57.7147
      vertex 19.625 -8.5 57.7639
      vertex 19.625 0 57.7639
    endloop
  endfacet
  facet normal -0.44253 0 0.896754
    outer loop
      vertex 19.625 -8.5 57.7639
      vertex 19.5253 0 57.7147
      vertex 19.5253 -8.5 57.7147
    endloop
  endfacet
  facet normal -0.751908 0 0.659268
    outer loop
      vertex 19.801 -8.5 57.899
      vertex 19.8743 0 57.9826
      vertex 19.801 0 57.899
    endloop
  endfacet
  facet normal -0.751908 0 0.659268
    outer loop
      vertex 19.8743 0 57.9826
      vertex 19.801 -8.5 57.899
      vertex 19.8743 -8.5 57.9826
    endloop
  endfacet
  facet normal 0.195079 0 0.980788
    outer loop
      vertex 18.98 0 57.679
      vertex 19.0891 -8.5 57.6573
      vertex 19.0891 0 57.6573
    endloop
  endfacet
  facet normal 0.195079 0 0.980788
    outer loop
      vertex 19.0891 -8.5 57.6573
      vertex 18.98 0 57.679
      vertex 18.98 -8.5 57.679
    endloop
  endfacet
  facet normal 0.44253 0 0.896754
    outer loop
      vertex 18.775 0 57.7639
      vertex 18.8747 -8.5 57.7147
      vertex 18.8747 0 57.7147
    endloop
  endfacet
  facet normal 0.44253 0 0.896754
    outer loop
      vertex 18.8747 -8.5 57.7147
      vertex 18.775 0 57.7639
      vertex 18.775 -8.5 57.7639
    endloop
  endfacet
  facet normal 0.32108 0 0.947052
    outer loop
      vertex 18.8747 0 57.7147
      vertex 18.98 -8.5 57.679
      vertex 18.98 0 57.679
    endloop
  endfacet
  facet normal 0.32108 0 0.947052
    outer loop
      vertex 18.98 -8.5 57.679
      vertex 18.8747 0 57.7147
      vertex 18.8747 -8.5 57.7147
    endloop
  endfacet
  facet normal 0.659776 0 0.751462
    outer loop
      vertex 18.599 0 57.899
      vertex 18.6826 -8.5 57.8256
      vertex 18.6826 0 57.8256
    endloop
  endfacet
  facet normal 0.659776 0 0.751462
    outer loop
      vertex 18.6826 -8.5 57.8256
      vertex 18.599 0 57.899
      vertex 18.599 -8.5 57.899
    endloop
  endfacet
  facet normal 0.896754 -0 0.44253
    outer loop
      vertex 18.4147 -8.5 58.1747
      vertex 18.4639 0 58.075
      vertex 18.4147 0 58.1747
    endloop
  endfacet
  facet normal 0.896754 0 0.44253
    outer loop
      vertex 18.4639 0 58.075
      vertex 18.4147 -8.5 58.1747
      vertex 18.4639 -8.5 58.075
    endloop
  endfacet
  facet normal 0.980788 -0 0.195079
    outer loop
      vertex 18.3573 -8.5 58.3891
      vertex 18.379 0 58.28
      vertex 18.3573 0 58.3891
    endloop
  endfacet
  facet normal 0.980788 0 0.195079
    outer loop
      vertex 18.379 0 58.28
      vertex 18.3573 -8.5 58.3891
      vertex 18.379 -8.5 58.28
    endloop
  endfacet
  facet normal -0.831219 0 -0.555945
    outer loop
      vertex 19.9361 -8.5 58.925
      vertex 19.8743 0 59.0174
      vertex 19.9361 0 58.925
    endloop
  endfacet
  facet normal -0.831219 -0 -0.555945
    outer loop
      vertex 19.8743 0 59.0174
      vertex 19.9361 -8.5 58.925
      vertex 19.8743 -8.5 59.0174
    endloop
  endfacet
  facet normal -0.0656829 0 -0.997841
    outer loop
      vertex 19.2 -8.5 59.35
      vertex 19.3109 0 59.3427
      vertex 19.3109 -8.5 59.3427
    endloop
  endfacet
  facet normal -0.0656829 0 -0.997841
    outer loop
      vertex 19.3109 0 59.3427
      vertex 19.2 -8.5 59.35
      vertex 19.2 0 59.35
    endloop
  endfacet
  facet normal -0.44253 0 -0.896754
    outer loop
      vertex 19.5253 -8.5 59.2853
      vertex 19.625 0 59.2361
      vertex 19.625 -8.5 59.2361
    endloop
  endfacet
  facet normal -0.44253 0 -0.896754
    outer loop
      vertex 19.625 0 59.2361
      vertex 19.5253 -8.5 59.2853
      vertex 19.5253 0 59.2853
    endloop
  endfacet
  facet normal 0.831219 0 -0.555945
    outer loop
      vertex 18.5257 -8.5 59.0174
      vertex 18.4639 0 58.925
      vertex 18.5257 0 59.0174
    endloop
  endfacet
  facet normal 0.831219 0 -0.555945
    outer loop
      vertex 18.4639 0 58.925
      vertex 18.5257 -8.5 59.0174
      vertex 18.4639 -8.5 58.925
    endloop
  endfacet
  facet normal 0.997841 0 -0.0656829
    outer loop
      vertex 18.3573 -8.5 58.6109
      vertex 18.35 0 58.5
      vertex 18.3573 0 58.6109
    endloop
  endfacet
  facet normal 0.997841 0 -0.0656829
    outer loop
      vertex 18.35 0 58.5
      vertex 18.3573 -8.5 58.6109
      vertex 18.35 -8.5 58.5
    endloop
  endfacet
  facet normal 0.997841 -0 0.0656829
    outer loop
      vertex 18.35 -8.5 58.5
      vertex 18.3573 0 58.3891
      vertex 18.35 0 58.5
    endloop
  endfacet
  facet normal 0.997841 0 0.0656829
    outer loop
      vertex 18.3573 0 58.3891
      vertex 18.35 -8.5 58.5
      vertex 18.3573 -8.5 58.3891
    endloop
  endfacet
  facet normal 0.659776 0 -0.751462
    outer loop
      vertex 18.599 -8.5 59.101
      vertex 18.6826 0 59.1744
      vertex 18.6826 -8.5 59.1744
    endloop
  endfacet
  facet normal 0.659776 0 -0.751462
    outer loop
      vertex 18.6826 0 59.1744
      vertex 18.599 -8.5 59.101
      vertex 18.599 0 59.101
    endloop
  endfacet
  facet normal -0.32108 0 0.947052
    outer loop
      vertex 19.42 0 57.679
      vertex 19.5253 -8.5 57.7147
      vertex 19.5253 0 57.7147
    endloop
  endfacet
  facet normal -0.32108 0 0.947052
    outer loop
      vertex 19.5253 -8.5 57.7147
      vertex 19.42 0 57.679
      vertex 19.42 -8.5 57.679
    endloop
  endfacet
  facet normal -0.555323 0 0.831635
    outer loop
      vertex 19.625 0 57.7639
      vertex 19.7174 -8.5 57.8256
      vertex 19.7174 0 57.8256
    endloop
  endfacet
  facet normal -0.555323 0 0.831635
    outer loop
      vertex 19.7174 -8.5 57.8256
      vertex 19.625 0 57.7639
      vertex 19.625 -8.5 57.7639
    endloop
  endfacet
  facet normal -0.659776 0 0.751462
    outer loop
      vertex 19.7174 0 57.8256
      vertex 19.801 -8.5 57.899
      vertex 19.801 0 57.899
    endloop
  endfacet
  facet normal -0.659776 0 0.751462
    outer loop
      vertex 19.801 -8.5 57.899
      vertex 19.7174 0 57.8256
      vertex 19.7174 -8.5 57.8256
    endloop
  endfacet
  facet normal 0.555323 0 0.831635
    outer loop
      vertex 18.6826 0 57.8256
      vertex 18.775 -8.5 57.7639
      vertex 18.775 0 57.7639
    endloop
  endfacet
  facet normal 0.555323 0 0.831635
    outer loop
      vertex 18.775 -8.5 57.7639
      vertex 18.6826 0 57.8256
      vertex 18.6826 -8.5 57.8256
    endloop
  endfacet
  facet normal 0.0656829 0 0.997841
    outer loop
      vertex 19.0891 0 57.6573
      vertex 19.2 -8.5 57.65
      vertex 19.2 0 57.65
    endloop
  endfacet
  facet normal 0.0656829 0 0.997841
    outer loop
      vertex 19.2 -8.5 57.65
      vertex 19.0891 0 57.6573
      vertex 19.0891 -8.5 57.6573
    endloop
  endfacet
  facet normal -0.0656829 0 0.997841
    outer loop
      vertex 19.2 0 57.65
      vertex 19.3109 -8.5 57.6573
      vertex 19.3109 0 57.6573
    endloop
  endfacet
  facet normal -0.0656829 0 0.997841
    outer loop
      vertex 19.3109 -8.5 57.6573
      vertex 19.2 0 57.65
      vertex 19.2 -8.5 57.65
    endloop
  endfacet
  facet normal 0.751908 -0 0.659268
    outer loop
      vertex 18.5257 -8.5 57.9826
      vertex 18.599 0 57.899
      vertex 18.5257 0 57.9826
    endloop
  endfacet
  facet normal 0.751908 0 0.659268
    outer loop
      vertex 18.599 0 57.899
      vertex 18.5257 -8.5 57.9826
      vertex 18.599 -8.5 57.899
    endloop
  endfacet
  facet normal 0.947052 -0 0.32108
    outer loop
      vertex 18.379 -8.5 58.28
      vertex 18.4147 0 58.1747
      vertex 18.379 0 58.28
    endloop
  endfacet
  facet normal 0.947052 0 0.32108
    outer loop
      vertex 18.4147 0 58.1747
      vertex 18.379 -8.5 58.28
      vertex 18.4147 -8.5 58.1747
    endloop
  endfacet
  facet normal -0.831219 0 0.555945
    outer loop
      vertex 19.8743 -8.5 57.9826
      vertex 19.9361 0 58.075
      vertex 19.8743 0 57.9826
    endloop
  endfacet
  facet normal -0.831219 0 0.555945
    outer loop
      vertex 19.9361 0 58.075
      vertex 19.8743 -8.5 57.9826
      vertex 19.9361 -8.5 58.075
    endloop
  endfacet
  facet normal -0.947052 0 0.32108
    outer loop
      vertex 19.9853 -8.5 58.1747
      vertex 20.021 0 58.28
      vertex 19.9853 0 58.1747
    endloop
  endfacet
  facet normal -0.947052 0 0.32108
    outer loop
      vertex 20.021 0 58.28
      vertex 19.9853 -8.5 58.1747
      vertex 20.021 -8.5 58.28
    endloop
  endfacet
  facet normal -0.980788 0 0.195079
    outer loop
      vertex 20.021 -8.5 58.28
      vertex 20.0427 0 58.3891
      vertex 20.021 0 58.28
    endloop
  endfacet
  facet normal -0.980788 0 0.195079
    outer loop
      vertex 20.0427 0 58.3891
      vertex 20.021 -8.5 58.28
      vertex 20.0427 -8.5 58.3891
    endloop
  endfacet
  facet normal -0.997841 0 -0.0656829
    outer loop
      vertex 13.35 -23 17.25
      vertex 13.3427 -17.5 17.3609
      vertex 13.35 -17.5 17.25
    endloop
  endfacet
  facet normal -0.997841 -0 -0.0656829
    outer loop
      vertex 13.3427 -17.5 17.3609
      vertex 13.35 -23 17.25
      vertex 13.3427 -23 17.3609
    endloop
  endfacet
  facet normal -0.980788 0 -0.195079
    outer loop
      vertex 13.3427 -23 17.3609
      vertex 13.321 -17.5 17.47
      vertex 13.3427 -17.5 17.3609
    endloop
  endfacet
  facet normal -0.980788 -0 -0.195079
    outer loop
      vertex 13.321 -17.5 17.47
      vertex 13.3427 -23 17.3609
      vertex 13.321 -23 17.47
    endloop
  endfacet
  facet normal 0.0656829 0 -0.997841
    outer loop
      vertex 12.3891 -23 18.0927
      vertex 12.5 -17.5 18.1
      vertex 12.5 -23 18.1
    endloop
  endfacet
  facet normal 0.0656829 0 -0.997841
    outer loop
      vertex 12.5 -17.5 18.1
      vertex 12.3891 -23 18.0927
      vertex 12.3891 -17.5 18.0927
    endloop
  endfacet
  facet normal -0.659776 0 -0.751462
    outer loop
      vertex 13.0174 -23 17.9244
      vertex 13.101 -17.5 17.851
      vertex 13.101 -23 17.851
    endloop
  endfacet
  facet normal -0.659776 0 -0.751462
    outer loop
      vertex 13.101 -17.5 17.851
      vertex 13.0174 -23 17.9244
      vertex 13.0174 -17.5 17.9244
    endloop
  endfacet
  facet normal 0.44253 0 -0.896754
    outer loop
      vertex 12.075 -23 17.9861
      vertex 12.1747 -17.5 18.0353
      vertex 12.1747 -23 18.0353
    endloop
  endfacet
  facet normal 0.44253 0 -0.896754
    outer loop
      vertex 12.1747 -17.5 18.0353
      vertex 12.075 -23 17.9861
      vertex 12.075 -17.5 17.9861
    endloop
  endfacet
  facet normal -0.195079 0 0.980788
    outer loop
      vertex 12.6109 -17.5 16.4073
      vertex 12.72 -23 16.429
      vertex 12.72 -17.5 16.429
    endloop
  endfacet
  facet normal -0.195079 0 0.980788
    outer loop
      vertex 12.72 -23 16.429
      vertex 12.6109 -17.5 16.4073
      vertex 12.6109 -23 16.4073
    endloop
  endfacet
  facet normal -0.896754 0 -0.44253
    outer loop
      vertex 13.2853 -23 17.5753
      vertex 13.2361 -17.5 17.675
      vertex 13.2853 -17.5 17.5753
    endloop
  endfacet
  facet normal -0.896754 -0 -0.44253
    outer loop
      vertex 13.2361 -17.5 17.675
      vertex 13.2853 -23 17.5753
      vertex 13.2361 -23 17.675
    endloop
  endfacet
  facet normal -0.32108 0 -0.947052
    outer loop
      vertex 12.72 -23 18.071
      vertex 12.8253 -17.5 18.0353
      vertex 12.8253 -23 18.0353
    endloop
  endfacet
  facet normal -0.32108 0 -0.947052
    outer loop
      vertex 12.8253 -17.5 18.0353
      vertex 12.72 -23 18.071
      vertex 12.72 -17.5 18.071
    endloop
  endfacet
  facet normal -0.44253 0 -0.896754
    outer loop
      vertex 12.8253 -23 18.0353
      vertex 12.925 -17.5 17.9861
      vertex 12.925 -23 17.9861
    endloop
  endfacet
  facet normal -0.44253 0 -0.896754
    outer loop
      vertex 12.925 -17.5 17.9861
      vertex 12.8253 -23 18.0353
      vertex 12.8253 -17.5 18.0353
    endloop
  endfacet
  facet normal 0.947052 0 -0.32108
    outer loop
      vertex 11.7147 -23 17.5753
      vertex 11.679 -17.5 17.47
      vertex 11.7147 -17.5 17.5753
    endloop
  endfacet
  facet normal 0.947052 0 -0.32108
    outer loop
      vertex 11.679 -17.5 17.47
      vertex 11.7147 -23 17.5753
      vertex 11.679 -23 17.47
    endloop
  endfacet
  facet normal 0.831635 0 -0.555323
    outer loop
      vertex 11.8256 -23 17.7674
      vertex 11.7639 -17.5 17.675
      vertex 11.8256 -17.5 17.7674
    endloop
  endfacet
  facet normal 0.831635 0 -0.555323
    outer loop
      vertex 11.7639 -17.5 17.675
      vertex 11.8256 -23 17.7674
      vertex 11.7639 -23 17.675
    endloop
  endfacet
  facet normal 0.32108 0 -0.947052
    outer loop
      vertex 12.1747 -23 18.0353
      vertex 12.28 -17.5 18.071
      vertex 12.28 -23 18.071
    endloop
  endfacet
  facet normal 0.32108 0 -0.947052
    outer loop
      vertex 12.28 -17.5 18.071
      vertex 12.1747 -23 18.0353
      vertex 12.1747 -17.5 18.0353
    endloop
  endfacet
  facet normal -0.980788 0 0.195079
    outer loop
      vertex 13.321 -23 17.03
      vertex 13.3427 -17.5 17.1391
      vertex 13.321 -17.5 17.03
    endloop
  endfacet
  facet normal -0.980788 0 0.195079
    outer loop
      vertex 13.3427 -17.5 17.1391
      vertex 13.321 -23 17.03
      vertex 13.3427 -23 17.1391
    endloop
  endfacet
  facet normal 0.555323 0 0.831635
    outer loop
      vertex 11.9826 -17.5 16.5756
      vertex 12.075 -23 16.5139
      vertex 12.075 -17.5 16.5139
    endloop
  endfacet
  facet normal 0.555323 0 0.831635
    outer loop
      vertex 12.075 -23 16.5139
      vertex 11.9826 -17.5 16.5756
      vertex 11.9826 -23 16.5756
    endloop
  endfacet
  facet normal -0.947052 0 -0.32108
    outer loop
      vertex 13.321 -23 17.47
      vertex 13.2853 -17.5 17.5753
      vertex 13.321 -17.5 17.47
    endloop
  endfacet
  facet normal -0.947052 -0 -0.32108
    outer loop
      vertex 13.2853 -17.5 17.5753
      vertex 13.321 -23 17.47
      vertex 13.2853 -23 17.5753
    endloop
  endfacet
  facet normal -0.831219 0 -0.555945
    outer loop
      vertex 13.2361 -23 17.675
      vertex 13.1743 -17.5 17.7674
      vertex 13.2361 -17.5 17.675
    endloop
  endfacet
  facet normal -0.831219 -0 -0.555945
    outer loop
      vertex 13.1743 -17.5 17.7674
      vertex 13.2361 -23 17.675
      vertex 13.1743 -23 17.7674
    endloop
  endfacet
  facet normal -0.195079 0 -0.980788
    outer loop
      vertex 12.6109 -23 18.0927
      vertex 12.72 -17.5 18.071
      vertex 12.72 -23 18.071
    endloop
  endfacet
  facet normal -0.195079 0 -0.980788
    outer loop
      vertex 12.72 -17.5 18.071
      vertex 12.6109 -23 18.0927
      vertex 12.6109 -17.5 18.0927
    endloop
  endfacet
  facet normal -0.555323 0 -0.831635
    outer loop
      vertex 12.925 -23 17.9861
      vertex 13.0174 -17.5 17.9244
      vertex 13.0174 -23 17.9244
    endloop
  endfacet
  facet normal -0.555323 0 -0.831635
    outer loop
      vertex 13.0174 -17.5 17.9244
      vertex 12.925 -23 17.9861
      vertex 12.925 -17.5 17.9861
    endloop
  endfacet
  facet normal 0.980788 0 -0.195079
    outer loop
      vertex 11.679 -23 17.47
      vertex 11.6573 -17.5 17.3609
      vertex 11.679 -17.5 17.47
    endloop
  endfacet
  facet normal 0.980788 0 -0.195079
    outer loop
      vertex 11.6573 -17.5 17.3609
      vertex 11.679 -23 17.47
      vertex 11.6573 -23 17.3609
    endloop
  endfacet
  facet normal 0.896754 0 -0.44253
    outer loop
      vertex 11.7639 -23 17.675
      vertex 11.7147 -17.5 17.5753
      vertex 11.7639 -17.5 17.675
    endloop
  endfacet
  facet normal 0.896754 0 -0.44253
    outer loop
      vertex 11.7147 -17.5 17.5753
      vertex 11.7639 -23 17.675
      vertex 11.7147 -23 17.5753
    endloop
  endfacet
  facet normal 0.555323 0 -0.831635
    outer loop
      vertex 11.9826 -23 17.9244
      vertex 12.075 -17.5 17.9861
      vertex 12.075 -23 17.9861
    endloop
  endfacet
  facet normal 0.555323 0 -0.831635
    outer loop
      vertex 12.075 -17.5 17.9861
      vertex 11.9826 -23 17.9244
      vertex 11.9826 -17.5 17.9244
    endloop
  endfacet
  facet normal 0.195079 0 -0.980788
    outer loop
      vertex 12.28 -23 18.071
      vertex 12.3891 -17.5 18.0927
      vertex 12.3891 -23 18.0927
    endloop
  endfacet
  facet normal 0.195079 0 -0.980788
    outer loop
      vertex 12.3891 -17.5 18.0927
      vertex 12.28 -23 18.071
      vertex 12.28 -17.5 18.071
    endloop
  endfacet
  facet normal -0.997841 0 0.0656829
    outer loop
      vertex 13.3427 -23 17.1391
      vertex 13.35 -17.5 17.25
      vertex 13.3427 -17.5 17.1391
    endloop
  endfacet
  facet normal -0.997841 0 0.0656829
    outer loop
      vertex 13.35 -17.5 17.25
      vertex 13.3427 -23 17.1391
      vertex 13.35 -23 17.25
    endloop
  endfacet
  facet normal -0.44253 0 0.896754
    outer loop
      vertex 12.8253 -17.5 16.4647
      vertex 12.925 -23 16.5139
      vertex 12.925 -17.5 16.5139
    endloop
  endfacet
  facet normal -0.44253 0 0.896754
    outer loop
      vertex 12.925 -23 16.5139
      vertex 12.8253 -17.5 16.4647
      vertex 12.8253 -23 16.4647
    endloop
  endfacet
  facet normal -0.555323 0 0.831635
    outer loop
      vertex 12.925 -17.5 16.5139
      vertex 13.0174 -23 16.5756
      vertex 13.0174 -17.5 16.5756
    endloop
  endfacet
  facet normal -0.555323 0 0.831635
    outer loop
      vertex 13.0174 -23 16.5756
      vertex 12.925 -17.5 16.5139
      vertex 12.925 -23 16.5139
    endloop
  endfacet
  facet normal -0.831219 0 0.555945
    outer loop
      vertex 13.1743 -23 16.7326
      vertex 13.2361 -17.5 16.825
      vertex 13.1743 -17.5 16.7326
    endloop
  endfacet
  facet normal -0.831219 0 0.555945
    outer loop
      vertex 13.2361 -17.5 16.825
      vertex 13.1743 -23 16.7326
      vertex 13.2361 -23 16.825
    endloop
  endfacet
  facet normal 0.195079 0 0.980788
    outer loop
      vertex 12.28 -17.5 16.429
      vertex 12.3891 -23 16.4073
      vertex 12.3891 -17.5 16.4073
    endloop
  endfacet
  facet normal 0.195079 0 0.980788
    outer loop
      vertex 12.3891 -23 16.4073
      vertex 12.28 -17.5 16.429
      vertex 12.28 -23 16.429
    endloop
  endfacet
  facet normal 0.32108 0 0.947052
    outer loop
      vertex 12.1747 -17.5 16.4647
      vertex 12.28 -23 16.429
      vertex 12.28 -17.5 16.429
    endloop
  endfacet
  facet normal 0.32108 0 0.947052
    outer loop
      vertex 12.28 -23 16.429
      vertex 12.1747 -17.5 16.4647
      vertex 12.1747 -23 16.4647
    endloop
  endfacet
  facet normal 0.831635 -0 0.555323
    outer loop
      vertex 11.7639 -23 16.825
      vertex 11.8256 -17.5 16.7326
      vertex 11.7639 -17.5 16.825
    endloop
  endfacet
  facet normal 0.831635 0 0.555323
    outer loop
      vertex 11.8256 -17.5 16.7326
      vertex 11.7639 -23 16.825
      vertex 11.8256 -23 16.7326
    endloop
  endfacet
  facet normal 0.896754 -0 0.44253
    outer loop
      vertex 11.7147 -23 16.9247
      vertex 11.7639 -17.5 16.825
      vertex 11.7147 -17.5 16.9247
    endloop
  endfacet
  facet normal 0.896754 0 0.44253
    outer loop
      vertex 11.7639 -17.5 16.825
      vertex 11.7147 -23 16.9247
      vertex 11.7639 -23 16.825
    endloop
  endfacet
  facet normal 0.980788 -0 0.195079
    outer loop
      vertex 11.6573 -23 17.1391
      vertex 11.679 -17.5 17.03
      vertex 11.6573 -17.5 17.1391
    endloop
  endfacet
  facet normal 0.980788 0 0.195079
    outer loop
      vertex 11.679 -17.5 17.03
      vertex 11.6573 -23 17.1391
      vertex 11.679 -23 17.03
    endloop
  endfacet
  facet normal -0.751908 0 -0.659268
    outer loop
      vertex 13.1743 -23 17.7674
      vertex 13.101 -17.5 17.851
      vertex 13.1743 -17.5 17.7674
    endloop
  endfacet
  facet normal -0.751908 -0 -0.659268
    outer loop
      vertex 13.101 -17.5 17.851
      vertex 13.1743 -23 17.7674
      vertex 13.101 -23 17.851
    endloop
  endfacet
  facet normal -0.0656829 0 -0.997841
    outer loop
      vertex 12.5 -23 18.1
      vertex 12.6109 -17.5 18.0927
      vertex 12.6109 -23 18.0927
    endloop
  endfacet
  facet normal -0.0656829 0 -0.997841
    outer loop
      vertex 12.6109 -17.5 18.0927
      vertex 12.5 -23 18.1
      vertex 12.5 -17.5 18.1
    endloop
  endfacet
  facet normal 0.997841 0 -0.0656829
    outer loop
      vertex 11.6573 -23 17.3609
      vertex 11.65 -17.5 17.25
      vertex 11.6573 -17.5 17.3609
    endloop
  endfacet
  facet normal 0.997841 0 -0.0656829
    outer loop
      vertex 11.65 -17.5 17.25
      vertex 11.6573 -23 17.3609
      vertex 11.65 -23 17.25
    endloop
  endfacet
  facet normal 0.997841 -0 0.0656829
    outer loop
      vertex 11.65 -23 17.25
      vertex 11.6573 -17.5 17.1391
      vertex 11.65 -17.5 17.25
    endloop
  endfacet
  facet normal 0.997841 0 0.0656829
    outer loop
      vertex 11.6573 -17.5 17.1391
      vertex 11.65 -23 17.25
      vertex 11.6573 -23 17.1391
    endloop
  endfacet
  facet normal 0.659776 0 -0.751462
    outer loop
      vertex 11.899 -23 17.851
      vertex 11.9826 -17.5 17.9244
      vertex 11.9826 -23 17.9244
    endloop
  endfacet
  facet normal 0.659776 0 -0.751462
    outer loop
      vertex 11.9826 -17.5 17.9244
      vertex 11.899 -23 17.851
      vertex 11.899 -17.5 17.851
    endloop
  endfacet
  facet normal 0.751462 0 -0.659776
    outer loop
      vertex 11.899 -23 17.851
      vertex 11.8256 -17.5 17.7674
      vertex 11.899 -17.5 17.851
    endloop
  endfacet
  facet normal 0.751462 0 -0.659776
    outer loop
      vertex 11.8256 -17.5 17.7674
      vertex 11.899 -23 17.851
      vertex 11.8256 -23 17.7674
    endloop
  endfacet
  facet normal -0.32108 0 0.947052
    outer loop
      vertex 12.72 -17.5 16.429
      vertex 12.8253 -23 16.4647
      vertex 12.8253 -17.5 16.4647
    endloop
  endfacet
  facet normal -0.32108 0 0.947052
    outer loop
      vertex 12.8253 -23 16.4647
      vertex 12.72 -17.5 16.429
      vertex 12.72 -23 16.429
    endloop
  endfacet
  facet normal -0.659776 0 0.751462
    outer loop
      vertex 13.0174 -17.5 16.5756
      vertex 13.101 -23 16.649
      vertex 13.101 -17.5 16.649
    endloop
  endfacet
  facet normal -0.659776 0 0.751462
    outer loop
      vertex 13.101 -23 16.649
      vertex 13.0174 -17.5 16.5756
      vertex 13.0174 -23 16.5756
    endloop
  endfacet
  facet normal -0.751908 0 0.659268
    outer loop
      vertex 13.101 -23 16.649
      vertex 13.1743 -17.5 16.7326
      vertex 13.101 -17.5 16.649
    endloop
  endfacet
  facet normal -0.751908 0 0.659268
    outer loop
      vertex 13.1743 -17.5 16.7326
      vertex 13.101 -23 16.649
      vertex 13.1743 -23 16.7326
    endloop
  endfacet
  facet normal 0.44253 0 0.896754
    outer loop
      vertex 12.075 -17.5 16.5139
      vertex 12.1747 -23 16.4647
      vertex 12.1747 -17.5 16.4647
    endloop
  endfacet
  facet normal 0.44253 0 0.896754
    outer loop
      vertex 12.1747 -23 16.4647
      vertex 12.075 -17.5 16.5139
      vertex 12.075 -23 16.5139
    endloop
  endfacet
  facet normal 0.0656829 0 0.997841
    outer loop
      vertex 12.3891 -17.5 16.4073
      vertex 12.5 -23 16.4
      vertex 12.5 -17.5 16.4
    endloop
  endfacet
  facet normal 0.0656829 0 0.997841
    outer loop
      vertex 12.5 -23 16.4
      vertex 12.3891 -17.5 16.4073
      vertex 12.3891 -23 16.4073
    endloop
  endfacet
  facet normal -0.0656829 0 0.997841
    outer loop
      vertex 12.5 -17.5 16.4
      vertex 12.6109 -23 16.4073
      vertex 12.6109 -17.5 16.4073
    endloop
  endfacet
  facet normal -0.0656829 0 0.997841
    outer loop
      vertex 12.6109 -23 16.4073
      vertex 12.5 -17.5 16.4
      vertex 12.5 -23 16.4
    endloop
  endfacet
  facet normal 0.751462 -0 0.659776
    outer loop
      vertex 11.8256 -23 16.7326
      vertex 11.899 -17.5 16.649
      vertex 11.8256 -17.5 16.7326
    endloop
  endfacet
  facet normal 0.751462 0 0.659776
    outer loop
      vertex 11.899 -17.5 16.649
      vertex 11.8256 -23 16.7326
      vertex 11.899 -23 16.649
    endloop
  endfacet
  facet normal 0.659776 0 0.751462
    outer loop
      vertex 11.899 -17.5 16.649
      vertex 11.9826 -23 16.5756
      vertex 11.9826 -17.5 16.5756
    endloop
  endfacet
  facet normal 0.659776 0 0.751462
    outer loop
      vertex 11.9826 -23 16.5756
      vertex 11.899 -17.5 16.649
      vertex 11.899 -23 16.649
    endloop
  endfacet
  facet normal 0.947052 -0 0.32108
    outer loop
      vertex 11.679 -23 17.03
      vertex 11.7147 -17.5 16.9247
      vertex 11.679 -17.5 17.03
    endloop
  endfacet
  facet normal 0.947052 0 0.32108
    outer loop
      vertex 11.7147 -17.5 16.9247
      vertex 11.679 -23 17.03
      vertex 11.7147 -23 16.9247
    endloop
  endfacet
  facet normal -0.947052 0 0.32108
    outer loop
      vertex 13.2853 -23 16.9247
      vertex 13.321 -17.5 17.03
      vertex 13.2853 -17.5 16.9247
    endloop
  endfacet
  facet normal -0.947052 0 0.32108
    outer loop
      vertex 13.321 -17.5 17.03
      vertex 13.2853 -23 16.9247
      vertex 13.321 -23 17.03
    endloop
  endfacet
  facet normal -0.896754 0 0.44253
    outer loop
      vertex 13.2361 -23 16.825
      vertex 13.2853 -17.5 16.9247
      vertex 13.2361 -17.5 16.825
    endloop
  endfacet
  facet normal -0.896754 0 0.44253
    outer loop
      vertex 13.2853 -17.5 16.9247
      vertex 13.2361 -23 16.825
      vertex 13.2853 -23 16.9247
    endloop
  endfacet
  facet normal -0.997841 0 -0.0656829
    outer loop
      vertex 13.35 -23 26.75
      vertex 13.3427 -17.5 26.8609
      vertex 13.35 -17.5 26.75
    endloop
  endfacet
  facet normal -0.997841 -0 -0.0656829
    outer loop
      vertex 13.3427 -17.5 26.8609
      vertex 13.35 -23 26.75
      vertex 13.3427 -23 26.8609
    endloop
  endfacet
  facet normal -0.980788 0 0.195079
    outer loop
      vertex 13.321 -23 26.53
      vertex 13.3427 -17.5 26.6391
      vertex 13.321 -17.5 26.53
    endloop
  endfacet
  facet normal -0.980788 0 0.195079
    outer loop
      vertex 13.3427 -17.5 26.6391
      vertex 13.321 -23 26.53
      vertex 13.3427 -23 26.6391
    endloop
  endfacet
  facet normal -0.555323 0 -0.831635
    outer loop
      vertex 12.925 -23 27.4861
      vertex 13.0174 -17.5 27.4244
      vertex 13.0174 -23 27.4244
    endloop
  endfacet
  facet normal -0.555323 0 -0.831635
    outer loop
      vertex 13.0174 -17.5 27.4244
      vertex 12.925 -23 27.4861
      vertex 12.925 -17.5 27.4861
    endloop
  endfacet
  facet normal 0.44253 0 -0.896754
    outer loop
      vertex 12.075 -23 27.4861
      vertex 12.1747 -17.5 27.5353
      vertex 12.1747 -23 27.5353
    endloop
  endfacet
  facet normal 0.44253 0 -0.896754
    outer loop
      vertex 12.1747 -17.5 27.5353
      vertex 12.075 -23 27.4861
      vertex 12.075 -17.5 27.4861
    endloop
  endfacet
  facet normal 0.947052 0 -0.32108
    outer loop
      vertex 11.7147 -23 27.0753
      vertex 11.679 -17.5 26.97
      vertex 11.7147 -17.5 27.0753
    endloop
  endfacet
  facet normal 0.947052 0 -0.32108
    outer loop
      vertex 11.679 -17.5 26.97
      vertex 11.7147 -23 27.0753
      vertex 11.679 -23 26.97
    endloop
  endfacet
  facet normal -0.555323 0 0.831635
    outer loop
      vertex 12.925 -17.5 26.0139
      vertex 13.0174 -23 26.0756
      vertex 13.0174 -17.5 26.0756
    endloop
  endfacet
  facet normal -0.555323 0 0.831635
    outer loop
      vertex 13.0174 -23 26.0756
      vertex 12.925 -17.5 26.0139
      vertex 12.925 -23 26.0139
    endloop
  endfacet
  facet normal -0.997841 0 0.0656829
    outer loop
      vertex 13.3427 -23 26.6391
      vertex 13.35 -17.5 26.75
      vertex 13.3427 -17.5 26.6391
    endloop
  endfacet
  facet normal -0.997841 0 0.0656829
    outer loop
      vertex 13.35 -17.5 26.75
      vertex 13.3427 -23 26.6391
      vertex 13.35 -23 26.75
    endloop
  endfacet
  facet normal -0.896754 0 -0.44253
    outer loop
      vertex 13.2853 -23 27.0753
      vertex 13.2361 -17.5 27.175
      vertex 13.2853 -17.5 27.0753
    endloop
  endfacet
  facet normal -0.896754 -0 -0.44253
    outer loop
      vertex 13.2361 -17.5 27.175
      vertex 13.2853 -23 27.0753
      vertex 13.2361 -23 27.175
    endloop
  endfacet
  facet normal -0.32108 0 -0.947052
    outer loop
      vertex 12.72 -23 27.571
      vertex 12.8253 -17.5 27.5353
      vertex 12.8253 -23 27.5353
    endloop
  endfacet
  facet normal -0.32108 0 -0.947052
    outer loop
      vertex 12.8253 -17.5 27.5353
      vertex 12.72 -23 27.571
      vertex 12.72 -17.5 27.571
    endloop
  endfacet
  facet normal -0.831219 0 0.555945
    outer loop
      vertex 13.1743 -23 26.2326
      vertex 13.2361 -17.5 26.325
      vertex 13.1743 -17.5 26.2326
    endloop
  endfacet
  facet normal -0.831219 0 0.555945
    outer loop
      vertex 13.2361 -17.5 26.325
      vertex 13.1743 -23 26.2326
      vertex 13.2361 -23 26.325
    endloop
  endfacet
  facet normal -0.44253 0 0.896754
    outer loop
      vertex 12.8253 -17.5 25.9647
      vertex 12.925 -23 26.0139
      vertex 12.925 -17.5 26.0139
    endloop
  endfacet
  facet normal -0.44253 0 0.896754
    outer loop
      vertex 12.925 -23 26.0139
      vertex 12.8253 -17.5 25.9647
      vertex 12.8253 -23 25.9647
    endloop
  endfacet
  facet normal 0.0656829 0 0.997841
    outer loop
      vertex 12.3891 -17.5 25.9073
      vertex 12.5 -23 25.9
      vertex 12.5 -17.5 25.9
    endloop
  endfacet
  facet normal 0.0656829 0 0.997841
    outer loop
      vertex 12.5 -23 25.9
      vertex 12.3891 -17.5 25.9073
      vertex 12.3891 -23 25.9073
    endloop
  endfacet
  facet normal -0.947052 0 -0.32108
    outer loop
      vertex 13.321 -23 26.97
      vertex 13.2853 -17.5 27.0753
      vertex 13.321 -17.5 26.97
    endloop
  endfacet
  facet normal -0.947052 -0 -0.32108
    outer loop
      vertex 13.2853 -17.5 27.0753
      vertex 13.321 -23 26.97
      vertex 13.2853 -23 27.0753
    endloop
  endfacet
  facet normal -0.831219 0 -0.555945
    outer loop
      vertex 13.2361 -23 27.175
      vertex 13.1743 -17.5 27.2674
      vertex 13.2361 -17.5 27.175
    endloop
  endfacet
  facet normal -0.831219 -0 -0.555945
    outer loop
      vertex 13.1743 -17.5 27.2674
      vertex 13.2361 -23 27.175
      vertex 13.1743 -23 27.2674
    endloop
  endfacet
  facet normal -0.659776 0 -0.751462
    outer loop
      vertex 13.0174 -23 27.4244
      vertex 13.101 -17.5 27.351
      vertex 13.101 -23 27.351
    endloop
  endfacet
  facet normal -0.659776 0 -0.751462
    outer loop
      vertex 13.101 -17.5 27.351
      vertex 13.0174 -23 27.4244
      vertex 13.0174 -17.5 27.4244
    endloop
  endfacet
  facet normal -0.44253 0 -0.896754
    outer loop
      vertex 12.8253 -23 27.5353
      vertex 12.925 -17.5 27.4861
      vertex 12.925 -23 27.4861
    endloop
  endfacet
  facet normal -0.44253 0 -0.896754
    outer loop
      vertex 12.925 -17.5 27.4861
      vertex 12.8253 -23 27.5353
      vertex 12.8253 -17.5 27.5353
    endloop
  endfacet
  facet normal 0.0656829 0 -0.997841
    outer loop
      vertex 12.3891 -23 27.5927
      vertex 12.5 -17.5 27.6
      vertex 12.5 -23 27.6
    endloop
  endfacet
  facet normal 0.0656829 0 -0.997841
    outer loop
      vertex 12.5 -17.5 27.6
      vertex 12.3891 -23 27.5927
      vertex 12.3891 -17.5 27.5927
    endloop
  endfacet
  facet normal -0.195079 0 -0.980788
    outer loop
      vertex 12.6109 -23 27.5927
      vertex 12.72 -17.5 27.571
      vertex 12.72 -23 27.571
    endloop
  endfacet
  facet normal -0.195079 0 -0.980788
    outer loop
      vertex 12.72 -17.5 27.571
      vertex 12.6109 -23 27.5927
      vertex 12.6109 -17.5 27.5927
    endloop
  endfacet
  facet normal 0.997841 -0 0.0656829
    outer loop
      vertex 11.65 -23 26.75
      vertex 11.6573 -17.5 26.6391
      vertex 11.65 -17.5 26.75
    endloop
  endfacet
  facet normal 0.997841 0 0.0656829
    outer loop
      vertex 11.6573 -17.5 26.6391
      vertex 11.65 -23 26.75
      vertex 11.6573 -23 26.6391
    endloop
  endfacet
  facet normal 0.980788 0 -0.195079
    outer loop
      vertex 11.679 -23 26.97
      vertex 11.6573 -17.5 26.8609
      vertex 11.679 -17.5 26.97
    endloop
  endfacet
  facet normal 0.980788 0 -0.195079
    outer loop
      vertex 11.6573 -17.5 26.8609
      vertex 11.679 -23 26.97
      vertex 11.6573 -23 26.8609
    endloop
  endfacet
  facet normal 0.896754 0 -0.44253
    outer loop
      vertex 11.7639 -23 27.175
      vertex 11.7147 -17.5 27.0753
      vertex 11.7639 -17.5 27.175
    endloop
  endfacet
  facet normal 0.896754 0 -0.44253
    outer loop
      vertex 11.7147 -17.5 27.0753
      vertex 11.7639 -23 27.175
      vertex 11.7147 -23 27.0753
    endloop
  endfacet
  facet normal 0.831635 0 -0.555323
    outer loop
      vertex 11.8256 -23 27.2674
      vertex 11.7639 -17.5 27.175
      vertex 11.8256 -17.5 27.2674
    endloop
  endfacet
  facet normal 0.831635 0 -0.555323
    outer loop
      vertex 11.7639 -17.5 27.175
      vertex 11.8256 -23 27.2674
      vertex 11.7639 -23 27.175
    endloop
  endfacet
  facet normal 0.555323 0 -0.831635
    outer loop
      vertex 11.9826 -23 27.4244
      vertex 12.075 -17.5 27.4861
      vertex 12.075 -23 27.4861
    endloop
  endfacet
  facet normal 0.555323 0 -0.831635
    outer loop
      vertex 12.075 -17.5 27.4861
      vertex 11.9826 -23 27.4244
      vertex 11.9826 -17.5 27.4244
    endloop
  endfacet
  facet normal -0.195079 0 0.980788
    outer loop
      vertex 12.6109 -17.5 25.9073
      vertex 12.72 -23 25.929
      vertex 12.72 -17.5 25.929
    endloop
  endfacet
  facet normal -0.195079 0 0.980788
    outer loop
      vertex 12.72 -23 25.929
      vertex 12.6109 -17.5 25.9073
      vertex 12.6109 -23 25.9073
    endloop
  endfacet
  facet normal -0.947052 0 0.32108
    outer loop
      vertex 13.2853 -23 26.4247
      vertex 13.321 -17.5 26.53
      vertex 13.2853 -17.5 26.4247
    endloop
  endfacet
  facet normal -0.947052 0 0.32108
    outer loop
      vertex 13.321 -17.5 26.53
      vertex 13.2853 -23 26.4247
      vertex 13.321 -23 26.53
    endloop
  endfacet
  facet normal -0.32108 0 0.947052
    outer loop
      vertex 12.72 -17.5 25.929
      vertex 12.8253 -23 25.9647
      vertex 12.8253 -17.5 25.9647
    endloop
  endfacet
  facet normal -0.32108 0 0.947052
    outer loop
      vertex 12.8253 -23 25.9647
      vertex 12.72 -17.5 25.929
      vertex 12.72 -23 25.929
    endloop
  endfacet
  facet normal -0.0656829 0 0.997841
    outer loop
      vertex 12.5 -17.5 25.9
      vertex 12.6109 -23 25.9073
      vertex 12.6109 -17.5 25.9073
    endloop
  endfacet
  facet normal -0.0656829 0 0.997841
    outer loop
      vertex 12.6109 -23 25.9073
      vertex 12.5 -17.5 25.9
      vertex 12.5 -23 25.9
    endloop
  endfacet
  facet normal 0.195079 0 0.980788
    outer loop
      vertex 12.28 -17.5 25.929
      vertex 12.3891 -23 25.9073
      vertex 12.3891 -17.5 25.9073
    endloop
  endfacet
  facet normal 0.195079 0 0.980788
    outer loop
      vertex 12.3891 -23 25.9073
      vertex 12.28 -17.5 25.929
      vertex 12.28 -23 25.929
    endloop
  endfacet
  facet normal 0.32108 0 0.947052
    outer loop
      vertex 12.1747 -17.5 25.9647
      vertex 12.28 -23 25.929
      vertex 12.28 -17.5 25.929
    endloop
  endfacet
  facet normal 0.32108 0 0.947052
    outer loop
      vertex 12.28 -23 25.929
      vertex 12.1747 -17.5 25.9647
      vertex 12.1747 -23 25.9647
    endloop
  endfacet
  facet normal 0.555323 0 0.831635
    outer loop
      vertex 11.9826 -17.5 26.0756
      vertex 12.075 -23 26.0139
      vertex 12.075 -17.5 26.0139
    endloop
  endfacet
  facet normal 0.555323 0 0.831635
    outer loop
      vertex 12.075 -23 26.0139
      vertex 11.9826 -17.5 26.0756
      vertex 11.9826 -23 26.0756
    endloop
  endfacet
  facet normal 0.896754 -0 0.44253
    outer loop
      vertex 11.7147 -23 26.4247
      vertex 11.7639 -17.5 26.325
      vertex 11.7147 -17.5 26.4247
    endloop
  endfacet
  facet normal 0.896754 0 0.44253
    outer loop
      vertex 11.7639 -17.5 26.325
      vertex 11.7147 -23 26.4247
      vertex 11.7639 -23 26.325
    endloop
  endfacet
  facet normal 0.831635 -0 0.555323
    outer loop
      vertex 11.7639 -23 26.325
      vertex 11.8256 -17.5 26.2326
      vertex 11.7639 -17.5 26.325
    endloop
  endfacet
  facet normal 0.831635 0 0.555323
    outer loop
      vertex 11.8256 -17.5 26.2326
      vertex 11.7639 -23 26.325
      vertex 11.8256 -23 26.2326
    endloop
  endfacet
  facet normal -0.980788 0 -0.195079
    outer loop
      vertex 13.3427 -23 26.8609
      vertex 13.321 -17.5 26.97
      vertex 13.3427 -17.5 26.8609
    endloop
  endfacet
  facet normal -0.980788 -0 -0.195079
    outer loop
      vertex 13.321 -17.5 26.97
      vertex 13.3427 -23 26.8609
      vertex 13.321 -23 26.97
    endloop
  endfacet
  facet normal -0.751908 0 -0.659268
    outer loop
      vertex 13.1743 -23 27.2674
      vertex 13.101 -17.5 27.351
      vertex 13.1743 -17.5 27.2674
    endloop
  endfacet
  facet normal -0.751908 -0 -0.659268
    outer loop
      vertex 13.101 -17.5 27.351
      vertex 13.1743 -23 27.2674
      vertex 13.101 -23 27.351
    endloop
  endfacet
  facet normal -0.0656829 0 -0.997841
    outer loop
      vertex 12.5 -23 27.6
      vertex 12.6109 -17.5 27.5927
      vertex 12.6109 -23 27.5927
    endloop
  endfacet
  facet normal -0.0656829 0 -0.997841
    outer loop
      vertex 12.6109 -17.5 27.5927
      vertex 12.5 -23 27.6
      vertex 12.5 -17.5 27.6
    endloop
  endfacet
  facet normal 0.997841 0 -0.0656829
    outer loop
      vertex 11.6573 -23 26.8609
      vertex 11.65 -17.5 26.75
      vertex 11.6573 -17.5 26.8609
    endloop
  endfacet
  facet normal 0.997841 0 -0.0656829
    outer loop
      vertex 11.65 -17.5 26.75
      vertex 11.6573 -23 26.8609
      vertex 11.65 -23 26.75
    endloop
  endfacet
  facet normal 0.195079 0 -0.980788
    outer loop
      vertex 12.28 -23 27.571
      vertex 12.3891 -17.5 27.5927
      vertex 12.3891 -23 27.5927
    endloop
  endfacet
  facet normal 0.195079 0 -0.980788
    outer loop
      vertex 12.3891 -17.5 27.5927
      vertex 12.28 -23 27.571
      vertex 12.28 -17.5 27.571
    endloop
  endfacet
  facet normal 0.32108 0 -0.947052
    outer loop
      vertex 12.1747 -23 27.5353
      vertex 12.28 -17.5 27.571
      vertex 12.28 -23 27.571
    endloop
  endfacet
  facet normal 0.32108 0 -0.947052
    outer loop
      vertex 12.28 -17.5 27.571
      vertex 12.1747 -23 27.5353
      vertex 12.1747 -17.5 27.5353
    endloop
  endfacet
  facet normal 0.659776 0 -0.751462
    outer loop
      vertex 11.899 -23 27.351
      vertex 11.9826 -17.5 27.4244
      vertex 11.9826 -23 27.4244
    endloop
  endfacet
  facet normal 0.659776 0 -0.751462
    outer loop
      vertex 11.9826 -17.5 27.4244
      vertex 11.899 -23 27.351
      vertex 11.899 -17.5 27.351
    endloop
  endfacet
  facet normal 0.751462 0 -0.659776
    outer loop
      vertex 11.899 -23 27.351
      vertex 11.8256 -17.5 27.2674
      vertex 11.899 -17.5 27.351
    endloop
  endfacet
  facet normal 0.751462 0 -0.659776
    outer loop
      vertex 11.8256 -17.5 27.2674
      vertex 11.899 -23 27.351
      vertex 11.8256 -23 27.2674
    endloop
  endfacet
  facet normal -0.896754 0 0.44253
    outer loop
      vertex 13.2361 -23 26.325
      vertex 13.2853 -17.5 26.4247
      vertex 13.2361 -17.5 26.325
    endloop
  endfacet
  facet normal -0.896754 0 0.44253
    outer loop
      vertex 13.2853 -17.5 26.4247
      vertex 13.2361 -23 26.325
      vertex 13.2853 -23 26.4247
    endloop
  endfacet
  facet normal -0.659776 0 0.751462
    outer loop
      vertex 13.0174 -17.5 26.0756
      vertex 13.101 -23 26.149
      vertex 13.101 -17.5 26.149
    endloop
  endfacet
  facet normal -0.659776 0 0.751462
    outer loop
      vertex 13.101 -23 26.149
      vertex 13.0174 -17.5 26.0756
      vertex 13.0174 -23 26.0756
    endloop
  endfacet
  facet normal -0.751908 0 0.659268
    outer loop
      vertex 13.101 -23 26.149
      vertex 13.1743 -17.5 26.2326
      vertex 13.101 -17.5 26.149
    endloop
  endfacet
  facet normal -0.751908 0 0.659268
    outer loop
      vertex 13.1743 -17.5 26.2326
      vertex 13.101 -23 26.149
      vertex 13.1743 -23 26.2326
    endloop
  endfacet
  facet normal 0.44253 0 0.896754
    outer loop
      vertex 12.075 -17.5 26.0139
      vertex 12.1747 -23 25.9647
      vertex 12.1747 -17.5 25.9647
    endloop
  endfacet
  facet normal 0.44253 0 0.896754
    outer loop
      vertex 12.1747 -23 25.9647
      vertex 12.075 -17.5 26.0139
      vertex 12.075 -23 26.0139
    endloop
  endfacet
  facet normal 0.980788 -0 0.195079
    outer loop
      vertex 11.6573 -23 26.6391
      vertex 11.679 -17.5 26.53
      vertex 11.6573 -17.5 26.6391
    endloop
  endfacet
  facet normal 0.980788 0 0.195079
    outer loop
      vertex 11.679 -17.5 26.53
      vertex 11.6573 -23 26.6391
      vertex 11.679 -23 26.53
    endloop
  endfacet
  facet normal 0.947052 -0 0.32108
    outer loop
      vertex 11.679 -23 26.53
      vertex 11.7147 -17.5 26.4247
      vertex 11.679 -17.5 26.53
    endloop
  endfacet
  facet normal 0.947052 0 0.32108
    outer loop
      vertex 11.7147 -17.5 26.4247
      vertex 11.679 -23 26.53
      vertex 11.7147 -23 26.4247
    endloop
  endfacet
  facet normal 0.751462 -0 0.659776
    outer loop
      vertex 11.8256 -23 26.2326
      vertex 11.899 -17.5 26.149
      vertex 11.8256 -17.5 26.2326
    endloop
  endfacet
  facet normal 0.751462 0 0.659776
    outer loop
      vertex 11.899 -17.5 26.149
      vertex 11.8256 -23 26.2326
      vertex 11.899 -23 26.149
    endloop
  endfacet
  facet normal 0.659776 0 0.751462
    outer loop
      vertex 11.899 -17.5 26.149
      vertex 11.9826 -23 26.0756
      vertex 11.9826 -17.5 26.0756
    endloop
  endfacet
  facet normal 0.659776 0 0.751462
    outer loop
      vertex 11.9826 -23 26.0756
      vertex 11.899 -17.5 26.149
      vertex 11.899 -23 26.149
    endloop
  endfacet
  facet normal -0.997858 0 -0.0654141
    outer loop
      vertex -3.9 -23 34.5
      vertex -3.90727 -17.5 34.6109
      vertex -3.9 -17.5 34.5
    endloop
  endfacet
  facet normal -0.997858 -0 -0.0654141
    outer loop
      vertex -3.90727 -17.5 34.6109
      vertex -3.9 -23 34.5
      vertex -3.90727 -23 34.6109
    endloop
  endfacet
  facet normal 0.195165 0 0.98077
    outer loop
      vertex -4.97 -17.5 33.679
      vertex -4.86095 -23 33.6573
      vertex -4.86095 -17.5 33.6573
    endloop
  endfacet
  facet normal 0.195165 0 0.98077
    outer loop
      vertex -4.86095 -23 33.6573
      vertex -4.97 -17.5 33.679
      vertex -4.97 -23 33.679
    endloop
  endfacet
  facet normal -0.555115 0 -0.831773
    outer loop
      vertex -4.325 -23 35.2361
      vertex -4.23255 -17.5 35.1744
      vertex -4.23255 -23 35.1744
    endloop
  endfacet
  facet normal -0.555115 0 -0.831773
    outer loop
      vertex -4.23255 -17.5 35.1744
      vertex -4.325 -23 35.2361
      vertex -4.325 -17.5 35.2361
    endloop
  endfacet
  facet normal 0.442459 0 -0.896789
    outer loop
      vertex -5.175 -23 35.2361
      vertex -5.07528 -17.5 35.2853
      vertex -5.07528 -23 35.2853
    endloop
  endfacet
  facet normal 0.442459 0 -0.896789
    outer loop
      vertex -5.07528 -17.5 35.2853
      vertex -5.175 -23 35.2361
      vertex -5.175 -17.5 35.2361
    endloop
  endfacet
  facet normal 0.946943 0 -0.321403
    outer loop
      vertex -5.5353 -23 34.8253
      vertex -5.57104 -17.5 34.72
      vertex -5.5353 -17.5 34.8253
    endloop
  endfacet
  facet normal 0.946943 0 -0.321403
    outer loop
      vertex -5.57104 -17.5 34.72
      vertex -5.5353 -23 34.8253
      vertex -5.57104 -23 34.72
    endloop
  endfacet
  facet normal -0.997858 0 0.0654141
    outer loop
      vertex -3.90727 -23 34.3891
      vertex -3.9 -17.5 34.5
      vertex -3.90727 -17.5 34.3891
    endloop
  endfacet
  facet normal -0.997858 0 0.0654141
    outer loop
      vertex -3.9 -17.5 34.5
      vertex -3.90727 -23 34.3891
      vertex -3.9 -23 34.5
    endloop
  endfacet
  facet normal -0.896825 0 -0.442386
    outer loop
      vertex -3.9647 -23 34.8253
      vertex -4.01388 -17.5 34.925
      vertex -3.9647 -17.5 34.8253
    endloop
  endfacet
  facet normal -0.896825 -0 -0.442386
    outer loop
      vertex -4.01388 -17.5 34.925
      vertex -3.9647 -23 34.8253
      vertex -4.01388 -23 34.925
    endloop
  endfacet
  facet normal -0.321135 0 -0.947033
    outer loop
      vertex -4.53 -23 35.321
      vertex -4.42472 -17.5 35.2853
      vertex -4.42472 -23 35.2853
    endloop
  endfacet
  facet normal -0.321135 0 -0.947033
    outer loop
      vertex -4.42472 -17.5 35.2853
      vertex -4.53 -23 35.321
      vertex -4.53 -17.5 35.321
    endloop
  endfacet
  facet normal 0.321135 0 -0.947033
    outer loop
      vertex -5.07528 -23 35.2853
      vertex -4.97 -17.5 35.321
      vertex -4.97 -23 35.321
    endloop
  endfacet
  facet normal 0.321135 0 -0.947033
    outer loop
      vertex -4.97 -17.5 35.321
      vertex -5.07528 -23 35.2853
      vertex -5.07528 -17.5 35.2853
    endloop
  endfacet
  facet normal -0.831344 0 0.555759
    outer loop
      vertex -4.07565 -23 33.9826
      vertex -4.01388 -17.5 34.075
      vertex -4.07565 -17.5 33.9826
    endloop
  endfacet
  facet normal -0.831344 0 0.555759
    outer loop
      vertex -4.01388 -17.5 34.075
      vertex -4.07565 -23 33.9826
      vertex -4.01388 -23 34.075
    endloop
  endfacet
  facet normal -0.442459 0 0.896789
    outer loop
      vertex -4.42472 -17.5 33.7147
      vertex -4.325 -23 33.7639
      vertex -4.325 -17.5 33.7639
    endloop
  endfacet
  facet normal -0.442459 0 0.896789
    outer loop
      vertex -4.325 -23 33.7639
      vertex -4.42472 -17.5 33.7147
      vertex -4.42472 -23 33.7147
    endloop
  endfacet
  facet normal -0.555115 0 0.831773
    outer loop
      vertex -4.325 -17.5 33.7639
      vertex -4.23255 -23 33.8256
      vertex -4.23255 -17.5 33.8256
    endloop
  endfacet
  facet normal -0.555115 0 0.831773
    outer loop
      vertex -4.23255 -23 33.8256
      vertex -4.325 -17.5 33.7639
      vertex -4.325 -23 33.7639
    endloop
  endfacet
  facet normal -0.946943 0 -0.321403
    outer loop
      vertex -3.92896 -23 34.72
      vertex -3.9647 -17.5 34.8253
      vertex -3.92896 -17.5 34.72
    endloop
  endfacet
  facet normal -0.946943 -0 -0.321403
    outer loop
      vertex -3.9647 -17.5 34.8253
      vertex -3.92896 -23 34.72
      vertex -3.9647 -23 34.8253
    endloop
  endfacet
  facet normal -0.831344 0 -0.555759
    outer loop
      vertex -4.01388 -23 34.925
      vertex -4.07565 -17.5 35.0174
      vertex -4.01388 -17.5 34.925
    endloop
  endfacet
  facet normal -0.831344 -0 -0.555759
    outer loop
      vertex -4.07565 -17.5 35.0174
      vertex -4.01388 -23 34.925
      vertex -4.07565 -23 35.0174
    endloop
  endfacet
  facet normal -0.659821 0 -0.751423
    outer loop
      vertex -4.23255 -23 35.1744
      vertex -4.14896 -17.5 35.101
      vertex -4.14896 -23 35.101
    endloop
  endfacet
  facet normal -0.659821 0 -0.751423
    outer loop
      vertex -4.14896 -17.5 35.101
      vertex -4.23255 -23 35.1744
      vertex -4.23255 -17.5 35.1744
    endloop
  endfacet
  facet normal -0.442459 0 -0.896789
    outer loop
      vertex -4.42472 -23 35.2853
      vertex -4.325 -17.5 35.2361
      vertex -4.325 -23 35.2361
    endloop
  endfacet
  facet normal -0.442459 0 -0.896789
    outer loop
      vertex -4.325 -17.5 35.2361
      vertex -4.42472 -23 35.2853
      vertex -4.42472 -17.5 35.2853
    endloop
  endfacet
  facet normal 0.0656534 0 -0.997842
    outer loop
      vertex -4.86095 -23 35.3427
      vertex -4.75 -17.5 35.35
      vertex -4.75 -23 35.35
    endloop
  endfacet
  facet normal 0.0656534 0 -0.997842
    outer loop
      vertex -4.75 -17.5 35.35
      vertex -4.86095 -23 35.3427
      vertex -4.86095 -17.5 35.3427
    endloop
  endfacet
  facet normal -0.195165 0 -0.98077
    outer loop
      vertex -4.63905 -23 35.3427
      vertex -4.53 -17.5 35.321
      vertex -4.53 -23 35.321
    endloop
  endfacet
  facet normal -0.195165 0 -0.98077
    outer loop
      vertex -4.53 -17.5 35.321
      vertex -4.63905 -23 35.3427
      vertex -4.63905 -17.5 35.3427
    endloop
  endfacet
  facet normal 0.997858 -0 0.0654141
    outer loop
      vertex -5.6 -23 34.5
      vertex -5.59273 -17.5 34.3891
      vertex -5.6 -17.5 34.5
    endloop
  endfacet
  facet normal 0.997858 0 0.0654141
    outer loop
      vertex -5.59273 -17.5 34.3891
      vertex -5.6 -23 34.5
      vertex -5.59273 -23 34.3891
    endloop
  endfacet
  facet normal 0.980805 0 -0.194992
    outer loop
      vertex -5.57104 -23 34.72
      vertex -5.59273 -17.5 34.6109
      vertex -5.57104 -17.5 34.72
    endloop
  endfacet
  facet normal 0.980805 0 -0.194992
    outer loop
      vertex -5.59273 -17.5 34.6109
      vertex -5.57104 -23 34.72
      vertex -5.59273 -23 34.6109
    endloop
  endfacet
  facet normal 0.896825 0 -0.442386
    outer loop
      vertex -5.48612 -23 34.925
      vertex -5.5353 -17.5 34.8253
      vertex -5.48612 -17.5 34.925
    endloop
  endfacet
  facet normal 0.896825 0 -0.442386
    outer loop
      vertex -5.5353 -17.5 34.8253
      vertex -5.48612 -23 34.925
      vertex -5.5353 -23 34.8253
    endloop
  endfacet
  facet normal 0.831344 0 -0.555759
    outer loop
      vertex -5.42435 -23 35.0174
      vertex -5.48612 -17.5 34.925
      vertex -5.42435 -17.5 35.0174
    endloop
  endfacet
  facet normal 0.831344 0 -0.555759
    outer loop
      vertex -5.48612 -17.5 34.925
      vertex -5.42435 -23 35.0174
      vertex -5.48612 -23 34.925
    endloop
  endfacet
  facet normal 0.555115 0 -0.831773
    outer loop
      vertex -5.26745 -23 35.1744
      vertex -5.175 -17.5 35.2361
      vertex -5.175 -23 35.2361
    endloop
  endfacet
  facet normal 0.555115 0 -0.831773
    outer loop
      vertex -5.175 -17.5 35.2361
      vertex -5.26745 -23 35.1744
      vertex -5.26745 -17.5 35.1744
    endloop
  endfacet
  facet normal 0.751863 0 -0.659319
    outer loop
      vertex -5.35104 -23 35.101
      vertex -5.42435 -17.5 35.0174
      vertex -5.35104 -17.5 35.101
    endloop
  endfacet
  facet normal 0.751863 0 -0.659319
    outer loop
      vertex -5.42435 -17.5 35.0174
      vertex -5.35104 -23 35.101
      vertex -5.42435 -23 35.0174
    endloop
  endfacet
  facet normal -0.946943 0 0.321403
    outer loop
      vertex -3.9647 -23 34.1747
      vertex -3.92896 -17.5 34.28
      vertex -3.9647 -17.5 34.1747
    endloop
  endfacet
  facet normal -0.946943 0 0.321403
    outer loop
      vertex -3.92896 -17.5 34.28
      vertex -3.9647 -23 34.1747
      vertex -3.92896 -23 34.28
    endloop
  endfacet
  facet normal -0.896825 0 0.442386
    outer loop
      vertex -4.01388 -23 34.075
      vertex -3.9647 -17.5 34.1747
      vertex -4.01388 -17.5 34.075
    endloop
  endfacet
  facet normal -0.896825 0 0.442386
    outer loop
      vertex -3.9647 -17.5 34.1747
      vertex -4.01388 -23 34.075
      vertex -3.9647 -23 34.1747
    endloop
  endfacet
  facet normal -0.321135 0 0.947033
    outer loop
      vertex -4.53 -17.5 33.679
      vertex -4.42472 -23 33.7147
      vertex -4.42472 -17.5 33.7147
    endloop
  endfacet
  facet normal -0.321135 0 0.947033
    outer loop
      vertex -4.42472 -23 33.7147
      vertex -4.53 -17.5 33.679
      vertex -4.53 -23 33.679
    endloop
  endfacet
  facet normal -0.0656534 0 0.997842
    outer loop
      vertex -4.75 -17.5 33.65
      vertex -4.63905 -23 33.6573
      vertex -4.63905 -17.5 33.6573
    endloop
  endfacet
  facet normal -0.0656534 0 0.997842
    outer loop
      vertex -4.63905 -23 33.6573
      vertex -4.75 -17.5 33.65
      vertex -4.75 -23 33.65
    endloop
  endfacet
  facet normal 0.321135 0 0.947033
    outer loop
      vertex -5.07528 -17.5 33.7147
      vertex -4.97 -23 33.679
      vertex -4.97 -17.5 33.679
    endloop
  endfacet
  facet normal 0.321135 0 0.947033
    outer loop
      vertex -4.97 -23 33.679
      vertex -5.07528 -17.5 33.7147
      vertex -5.07528 -23 33.7147
    endloop
  endfacet
  facet normal 0.555115 0 0.831773
    outer loop
      vertex -5.26745 -17.5 33.8256
      vertex -5.175 -23 33.7639
      vertex -5.175 -17.5 33.7639
    endloop
  endfacet
  facet normal 0.555115 0 0.831773
    outer loop
      vertex -5.175 -23 33.7639
      vertex -5.26745 -17.5 33.8256
      vertex -5.26745 -23 33.8256
    endloop
  endfacet
  facet normal 0.896825 -0 0.442386
    outer loop
      vertex -5.5353 -23 34.1747
      vertex -5.48612 -17.5 34.075
      vertex -5.5353 -17.5 34.1747
    endloop
  endfacet
  facet normal 0.896825 0 0.442386
    outer loop
      vertex -5.48612 -17.5 34.075
      vertex -5.5353 -23 34.1747
      vertex -5.48612 -23 34.075
    endloop
  endfacet
  facet normal 0.831344 -0 0.555759
    outer loop
      vertex -5.48612 -23 34.075
      vertex -5.42435 -17.5 33.9826
      vertex -5.48612 -17.5 34.075
    endloop
  endfacet
  facet normal 0.831344 0 0.555759
    outer loop
      vertex -5.42435 -17.5 33.9826
      vertex -5.48612 -23 34.075
      vertex -5.42435 -23 33.9826
    endloop
  endfacet
  facet normal -0.980805 0 -0.194992
    outer loop
      vertex -3.90727 -23 34.6109
      vertex -3.92896 -17.5 34.72
      vertex -3.90727 -17.5 34.6109
    endloop
  endfacet
  facet normal -0.980805 -0 -0.194992
    outer loop
      vertex -3.92896 -17.5 34.72
      vertex -3.90727 -23 34.6109
      vertex -3.92896 -23 34.72
    endloop
  endfacet
  facet normal -0.751863 0 -0.659319
    outer loop
      vertex -4.07565 -23 35.0174
      vertex -4.14896 -17.5 35.101
      vertex -4.07565 -17.5 35.0174
    endloop
  endfacet
  facet normal -0.751863 -0 -0.659319
    outer loop
      vertex -4.14896 -17.5 35.101
      vertex -4.07565 -23 35.0174
      vertex -4.14896 -23 35.101
    endloop
  endfacet
  facet normal -0.0656534 0 -0.997842
    outer loop
      vertex -4.75 -23 35.35
      vertex -4.63905 -17.5 35.3427
      vertex -4.63905 -23 35.3427
    endloop
  endfacet
  facet normal -0.0656534 0 -0.997842
    outer loop
      vertex -4.63905 -17.5 35.3427
      vertex -4.75 -23 35.35
      vertex -4.75 -17.5 35.35
    endloop
  endfacet
  facet normal 0 1 0
    outer loop
      vertex -4.63905 -23 35.3427
      vertex -4.86095 -23 35.3427
      vertex -4.75 -23 35.35
    endloop
  endfacet
  facet normal 0 1 0
    outer loop
      vertex -4.53 -23 35.321
      vertex -4.86095 -23 35.3427
      vertex -4.63905 -23 35.3427
    endloop
  endfacet
  facet normal 0 1 0
    outer loop
      vertex -4.53 -23 35.321
      vertex -4.97 -23 35.321
      vertex -4.86095 -23 35.3427
    endloop
  endfacet
  facet normal 0 1 0
    outer loop
      vertex -4.42472 -23 35.2853
      vertex -4.97 -23 35.321
      vertex -4.53 -23 35.321
    endloop
  endfacet
  facet normal 0 1 0
    outer loop
      vertex -4.42472 -23 35.2853
      vertex -5.07528 -23 35.2853
      vertex -4.97 -23 35.321
    endloop
  endfacet
  facet normal 0 1 0
    outer loop
      vertex -4.325 -23 35.2361
      vertex -5.07528 -23 35.2853
      vertex -4.42472 -23 35.2853
    endloop
  endfacet
  facet normal 0 1 0
    outer loop
      vertex -4.325 -23 35.2361
      vertex -5.175 -23 35.2361
      vertex -5.07528 -23 35.2853
    endloop
  endfacet
  facet normal 0 1 0
    outer loop
      vertex -4.23255 -23 35.1744
      vertex -5.175 -23 35.2361
      vertex -4.325 -23 35.2361
    endloop
  endfacet
  facet normal 0 1 0
    outer loop
      vertex -4.23255 -23 35.1744
      vertex -5.26745 -23 35.1744
      vertex -5.175 -23 35.2361
    endloop
  endfacet
  facet normal 0 1 0
    outer loop
      vertex -4.14896 -23 35.101
      vertex -5.26745 -23 35.1744
      vertex -4.23255 -23 35.1744
    endloop
  endfacet
  facet normal 0 1 0
    outer loop
      vertex -4.14896 -23 35.101
      vertex -5.35104 -23 35.101
      vertex -5.26745 -23 35.1744
    endloop
  endfacet
  facet normal 0 1 0
    outer loop
      vertex -4.07565 -23 35.0174
      vertex -5.35104 -23 35.101
      vertex -4.14896 -23 35.101
    endloop
  endfacet
  facet normal 0 1 0
    outer loop
      vertex -4.07565 -23 35.0174
      vertex -5.42435 -23 35.0174
      vertex -5.35104 -23 35.101
    endloop
  endfacet
  facet normal 0 1 0
    outer loop
      vertex -4.01388 -23 34.925
      vertex -5.42435 -23 35.0174
      vertex -4.07565 -23 35.0174
    endloop
  endfacet
  facet normal 0 1 0
    outer loop
      vertex -4.01388 -23 34.925
      vertex -5.48612 -23 34.925
      vertex -5.42435 -23 35.0174
    endloop
  endfacet
  facet normal 0 1 0
    outer loop
      vertex -3.9647 -23 34.8253
      vertex -5.48612 -23 34.925
      vertex -4.01388 -23 34.925
    endloop
  endfacet
  facet normal 0 1 0
    outer loop
      vertex -3.9647 -23 34.8253
      vertex -5.5353 -23 34.8253
      vertex -5.48612 -23 34.925
    endloop
  endfacet
  facet normal 0 1 0
    outer loop
      vertex -3.92896 -23 34.72
      vertex -5.5353 -23 34.8253
      vertex -3.9647 -23 34.8253
    endloop
  endfacet
  facet normal 0 1 0
    outer loop
      vertex -3.92896 -23 34.72
      vertex -5.57104 -23 34.72
      vertex -5.5353 -23 34.8253
    endloop
  endfacet
  facet normal 0 1 0
    outer loop
      vertex -3.90727 -23 34.6109
      vertex -5.57104 -23 34.72
      vertex -3.92896 -23 34.72
    endloop
  endfacet
  facet normal 0 1 0
    outer loop
      vertex -3.90727 -23 34.6109
      vertex -5.59273 -23 34.6109
      vertex -5.57104 -23 34.72
    endloop
  endfacet
  facet normal 0 1 0
    outer loop
      vertex -3.9 -23 34.5
      vertex -5.59273 -23 34.6109
      vertex -3.90727 -23 34.6109
    endloop
  endfacet
  facet normal 0 1 0
    outer loop
      vertex -3.9 -23 34.5
      vertex -5.6 -23 34.5
      vertex -5.59273 -23 34.6109
    endloop
  endfacet
  facet normal 0 1 -0
    outer loop
      vertex -3.90727 -23 34.3891
      vertex -5.6 -23 34.5
      vertex -3.9 -23 34.5
    endloop
  endfacet
  facet normal 0 1 0
    outer loop
      vertex -3.90727 -23 34.3891
      vertex -5.59273 -23 34.3891
      vertex -5.6 -23 34.5
    endloop
  endfacet
  facet normal 0 1 -0
    outer loop
      vertex -3.92896 -23 34.28
      vertex -5.59273 -23 34.3891
      vertex -3.90727 -23 34.3891
    endloop
  endfacet
  facet normal 0 1 0
    outer loop
      vertex -3.92896 -23 34.28
      vertex -5.57104 -23 34.28
      vertex -5.59273 -23 34.3891
    endloop
  endfacet
  facet normal 0 1 -0
    outer loop
      vertex -3.9647 -23 34.1747
      vertex -5.57104 -23 34.28
      vertex -3.92896 -23 34.28
    endloop
  endfacet
  facet normal 0 1 0
    outer loop
      vertex -3.9647 -23 34.1747
      vertex -5.5353 -23 34.1747
      vertex -5.57104 -23 34.28
    endloop
  endfacet
  facet normal 0 1 -0
    outer loop
      vertex -4.01388 -23 34.075
      vertex -5.5353 -23 34.1747
      vertex -3.9647 -23 34.1747
    endloop
  endfacet
  facet normal 0 1 0
    outer loop
      vertex -4.01388 -23 34.075
      vertex -5.48612 -23 34.075
      vertex -5.5353 -23 34.1747
    endloop
  endfacet
  facet normal 0 1 -0
    outer loop
      vertex -4.07565 -23 33.9826
      vertex -5.48612 -23 34.075
      vertex -4.01388 -23 34.075
    endloop
  endfacet
  facet normal 0 1 0
    outer loop
      vertex -4.07565 -23 33.9826
      vertex -5.42435 -23 33.9826
      vertex -5.48612 -23 34.075
    endloop
  endfacet
  facet normal 0 1 -0
    outer loop
      vertex -4.14896 -23 33.899
      vertex -5.42435 -23 33.9826
      vertex -4.07565 -23 33.9826
    endloop
  endfacet
  facet normal 0 1 0
    outer loop
      vertex -4.14896 -23 33.899
      vertex -5.35104 -23 33.899
      vertex -5.42435 -23 33.9826
    endloop
  endfacet
  facet normal 0 1 -0
    outer loop
      vertex -4.23255 -23 33.8256
      vertex -5.35104 -23 33.899
      vertex -4.14896 -23 33.899
    endloop
  endfacet
  facet normal 0 1 0
    outer loop
      vertex -4.23255 -23 33.8256
      vertex -5.26745 -23 33.8256
      vertex -5.35104 -23 33.899
    endloop
  endfacet
  facet normal 0 1 -0
    outer loop
      vertex -4.325 -23 33.7639
      vertex -5.26745 -23 33.8256
      vertex -4.23255 -23 33.8256
    endloop
  endfacet
  facet normal 0 1 0
    outer loop
      vertex -4.325 -23 33.7639
      vertex -5.175 -23 33.7639
      vertex -5.26745 -23 33.8256
    endloop
  endfacet
  facet normal 0 1 -0
    outer loop
      vertex -4.42472 -23 33.7147
      vertex -5.175 -23 33.7639
      vertex -4.325 -23 33.7639
    endloop
  endfacet
  facet normal 0 1 0
    outer loop
      vertex -4.42472 -23 33.7147
      vertex -5.07528 -23 33.7147
      vertex -5.175 -23 33.7639
    endloop
  endfacet
  facet normal 0 1 -0
    outer loop
      vertex -4.53 -23 33.679
      vertex -5.07528 -23 33.7147
      vertex -4.42472 -23 33.7147
    endloop
  endfacet
  facet normal 0 1 0
    outer loop
      vertex -4.53 -23 33.679
      vertex -4.97 -23 33.679
      vertex -5.07528 -23 33.7147
    endloop
  endfacet
  facet normal 0 1 -0
    outer loop
      vertex -4.63905 -23 33.6573
      vertex -4.97 -23 33.679
      vertex -4.53 -23 33.679
    endloop
  endfacet
  facet normal 0 1 0
    outer loop
      vertex -4.63905 -23 33.6573
      vertex -4.86095 -23 33.6573
      vertex -4.97 -23 33.679
    endloop
  endfacet
  facet normal -0 1 0
    outer loop
      vertex -4.86095 -23 33.6573
      vertex -4.63905 -23 33.6573
      vertex -4.75 -23 33.65
    endloop
  endfacet
  facet normal 0.997858 0 -0.0654141
    outer loop
      vertex -5.59273 -23 34.6109
      vertex -5.6 -17.5 34.5
      vertex -5.59273 -17.5 34.6109
    endloop
  endfacet
  facet normal 0.997858 0 -0.0654141
    outer loop
      vertex -5.6 -17.5 34.5
      vertex -5.59273 -23 34.6109
      vertex -5.6 -23 34.5
    endloop
  endfacet
  facet normal 0.195165 0 -0.98077
    outer loop
      vertex -4.97 -23 35.321
      vertex -4.86095 -17.5 35.3427
      vertex -4.86095 -23 35.3427
    endloop
  endfacet
  facet normal 0.195165 0 -0.98077
    outer loop
      vertex -4.86095 -17.5 35.3427
      vertex -4.97 -23 35.321
      vertex -4.97 -17.5 35.321
    endloop
  endfacet
  facet normal 0.659821 0 -0.751423
    outer loop
      vertex -5.35104 -23 35.101
      vertex -5.26745 -17.5 35.1744
      vertex -5.26745 -23 35.1744
    endloop
  endfacet
  facet normal 0.659821 0 -0.751423
    outer loop
      vertex -5.26745 -17.5 35.1744
      vertex -5.35104 -23 35.101
      vertex -5.35104 -17.5 35.101
    endloop
  endfacet
  facet normal -0.980805 0 0.194992
    outer loop
      vertex -3.92896 -23 34.28
      vertex -3.90727 -17.5 34.3891
      vertex -3.92896 -17.5 34.28
    endloop
  endfacet
  facet normal -0.980805 0 0.194992
    outer loop
      vertex -3.90727 -17.5 34.3891
      vertex -3.92896 -23 34.28
      vertex -3.90727 -23 34.3891
    endloop
  endfacet
  facet normal -0.195165 0 0.98077
    outer loop
      vertex -4.63905 -17.5 33.6573
      vertex -4.53 -23 33.679
      vertex -4.53 -17.5 33.679
    endloop
  endfacet
  facet normal -0.195165 0 0.98077
    outer loop
      vertex -4.53 -23 33.679
      vertex -4.63905 -17.5 33.6573
      vertex -4.63905 -23 33.6573
    endloop
  endfacet
  facet normal -0.659821 0 0.751423
    outer loop
      vertex -4.23255 -17.5 33.8256
      vertex -4.14896 -23 33.899
      vertex -4.14896 -17.5 33.899
    endloop
  endfacet
  facet normal -0.659821 0 0.751423
    outer loop
      vertex -4.14896 -23 33.899
      vertex -4.23255 -17.5 33.8256
      vertex -4.23255 -23 33.8256
    endloop
  endfacet
  facet normal -0.751863 0 0.659319
    outer loop
      vertex -4.14896 -23 33.899
      vertex -4.07565 -17.5 33.9826
      vertex -4.14896 -17.5 33.899
    endloop
  endfacet
  facet normal -0.751863 0 0.659319
    outer loop
      vertex -4.07565 -17.5 33.9826
      vertex -4.14896 -23 33.899
      vertex -4.07565 -23 33.9826
    endloop
  endfacet
  facet normal 0.0656534 0 0.997842
    outer loop
      vertex -4.86095 -17.5 33.6573
      vertex -4.75 -23 33.65
      vertex -4.75 -17.5 33.65
    endloop
  endfacet
  facet normal 0.0656534 0 0.997842
    outer loop
      vertex -4.75 -23 33.65
      vertex -4.86095 -17.5 33.6573
      vertex -4.86095 -23 33.6573
    endloop
  endfacet
  facet normal 0.442459 0 0.896789
    outer loop
      vertex -5.175 -17.5 33.7639
      vertex -5.07528 -23 33.7147
      vertex -5.07528 -17.5 33.7147
    endloop
  endfacet
  facet normal 0.442459 0 0.896789
    outer loop
      vertex -5.07528 -23 33.7147
      vertex -5.175 -17.5 33.7639
      vertex -5.175 -23 33.7639
    endloop
  endfacet
  facet normal 0.980805 -0 0.194992
    outer loop
      vertex -5.59273 -23 34.3891
      vertex -5.57104 -17.5 34.28
      vertex -5.59273 -17.5 34.3891
    endloop
  endfacet
  facet normal 0.980805 0 0.194992
    outer loop
      vertex -5.57104 -17.5 34.28
      vertex -5.59273 -23 34.3891
      vertex -5.57104 -23 34.28
    endloop
  endfacet
  facet normal 0.946943 -0 0.321403
    outer loop
      vertex -5.57104 -23 34.28
      vertex -5.5353 -17.5 34.1747
      vertex -5.57104 -17.5 34.28
    endloop
  endfacet
  facet normal 0.946943 0 0.321403
    outer loop
      vertex -5.5353 -17.5 34.1747
      vertex -5.57104 -23 34.28
      vertex -5.5353 -23 34.1747
    endloop
  endfacet
  facet normal 0.751863 -0 0.659319
    outer loop
      vertex -5.42435 -23 33.9826
      vertex -5.35104 -17.5 33.899
      vertex -5.42435 -17.5 33.9826
    endloop
  endfacet
  facet normal 0.751863 0 0.659319
    outer loop
      vertex -5.35104 -17.5 33.899
      vertex -5.42435 -23 33.9826
      vertex -5.35104 -23 33.899
    endloop
  endfacet
  facet normal 0.659821 0 0.751423
    outer loop
      vertex -5.35104 -17.5 33.899
      vertex -5.26745 -23 33.8256
      vertex -5.26745 -17.5 33.8256
    endloop
  endfacet
  facet normal 0.659821 0 0.751423
    outer loop
      vertex -5.26745 -23 33.8256
      vertex -5.35104 -17.5 33.899
      vertex -5.35104 -23 33.899
    endloop
  endfacet
  facet normal -0.997858 0 -0.0654141
    outer loop
      vertex 5.6 -23 34.5
      vertex 5.59273 -17.5 34.6109
      vertex 5.6 -17.5 34.5
    endloop
  endfacet
  facet normal -0.997858 -0 -0.0654141
    outer loop
      vertex 5.59273 -17.5 34.6109
      vertex 5.6 -23 34.5
      vertex 5.59273 -23 34.6109
    endloop
  endfacet
  facet normal -0.555115 0 -0.831773
    outer loop
      vertex 5.175 -23 35.2361
      vertex 5.26745 -17.5 35.1744
      vertex 5.26745 -23 35.1744
    endloop
  endfacet
  facet normal -0.555115 0 -0.831773
    outer loop
      vertex 5.26745 -17.5 35.1744
      vertex 5.175 -23 35.2361
      vertex 5.175 -17.5 35.2361
    endloop
  endfacet
  facet normal 0.442459 0 -0.896789
    outer loop
      vertex 4.325 -23 35.2361
      vertex 4.42472 -17.5 35.2853
      vertex 4.42472 -23 35.2853
    endloop
  endfacet
  facet normal 0.442459 0 -0.896789
    outer loop
      vertex 4.42472 -17.5 35.2853
      vertex 4.325 -23 35.2361
      vertex 4.325 -17.5 35.2361
    endloop
  endfacet
  facet normal 0.946943 0 -0.321403
    outer loop
      vertex 3.9647 -23 34.8253
      vertex 3.92896 -17.5 34.72
      vertex 3.9647 -17.5 34.8253
    endloop
  endfacet
  facet normal 0.946943 0 -0.321403
    outer loop
      vertex 3.92896 -17.5 34.72
      vertex 3.9647 -23 34.8253
      vertex 3.92896 -23 34.72
    endloop
  endfacet
  facet normal -0.555115 0 0.831773
    outer loop
      vertex 5.175 -17.5 33.7639
      vertex 5.26745 -23 33.8256
      vertex 5.26745 -17.5 33.8256
    endloop
  endfacet
  facet normal -0.555115 0 0.831773
    outer loop
      vertex 5.26745 -23 33.8256
      vertex 5.175 -17.5 33.7639
      vertex 5.175 -23 33.7639
    endloop
  endfacet
  facet normal -0.997858 0 0.0654141
    outer loop
      vertex 5.59273 -23 34.3891
      vertex 5.6 -17.5 34.5
      vertex 5.59273 -17.5 34.3891
    endloop
  endfacet
  facet normal -0.997858 0 0.0654141
    outer loop
      vertex 5.6 -17.5 34.5
      vertex 5.59273 -23 34.3891
      vertex 5.6 -23 34.5
    endloop
  endfacet
  facet normal -0.896825 0 -0.442386
    outer loop
      vertex 5.5353 -23 34.8253
      vertex 5.48612 -17.5 34.925
      vertex 5.5353 -17.5 34.8253
    endloop
  endfacet
  facet normal -0.896825 -0 -0.442386
    outer loop
      vertex 5.48612 -17.5 34.925
      vertex 5.5353 -23 34.8253
      vertex 5.48612 -23 34.925
    endloop
  endfacet
  facet normal -0.321135 0 -0.947033
    outer loop
      vertex 4.97 -23 35.321
      vertex 5.07528 -17.5 35.2853
      vertex 5.07528 -23 35.2853
    endloop
  endfacet
  facet normal -0.321135 0 -0.947033
    outer loop
      vertex 5.07528 -17.5 35.2853
      vertex 4.97 -23 35.321
      vertex 4.97 -17.5 35.321
    endloop
  endfacet
  facet normal 0.321135 0 -0.947033
    outer loop
      vertex 4.42472 -23 35.2853
      vertex 4.53 -17.5 35.321
      vertex 4.53 -23 35.321
    endloop
  endfacet
  facet normal 0.321135 0 -0.947033
    outer loop
      vertex 4.53 -17.5 35.321
      vertex 4.42472 -23 35.2853
      vertex 4.42472 -17.5 35.2853
    endloop
  endfacet
  facet normal -0.831344 0 0.555759
    outer loop
      vertex 5.42435 -23 33.9826
      vertex 5.48612 -17.5 34.075
      vertex 5.42435 -17.5 33.9826
    endloop
  endfacet
  facet normal -0.831344 0 0.555759
    outer loop
      vertex 5.48612 -17.5 34.075
      vertex 5.42435 -23 33.9826
      vertex 5.48612 -23 34.075
    endloop
  endfacet
  facet normal -0.442459 0 0.896789
    outer loop
      vertex 5.07528 -17.5 33.7147
      vertex 5.175 -23 33.7639
      vertex 5.175 -17.5 33.7639
    endloop
  endfacet
  facet normal -0.442459 0 0.896789
    outer loop
      vertex 5.175 -23 33.7639
      vertex 5.07528 -17.5 33.7147
      vertex 5.07528 -23 33.7147
    endloop
  endfacet
  facet normal -0.946943 0 -0.321403
    outer loop
      vertex 5.57104 -23 34.72
      vertex 5.5353 -17.5 34.8253
      vertex 5.57104 -17.5 34.72
    endloop
  endfacet
  facet normal -0.946943 -0 -0.321403
    outer loop
      vertex 5.5353 -17.5 34.8253
      vertex 5.57104 -23 34.72
      vertex 5.5353 -23 34.8253
    endloop
  endfacet
  facet normal -0.831344 0 -0.555759
    outer loop
      vertex 5.48612 -23 34.925
      vertex 5.42435 -17.5 35.0174
      vertex 5.48612 -17.5 34.925
    endloop
  endfacet
  facet normal -0.831344 -0 -0.555759
    outer loop
      vertex 5.42435 -17.5 35.0174
      vertex 5.48612 -23 34.925
      vertex 5.42435 -23 35.0174
    endloop
  endfacet
  facet normal -0.659821 0 -0.751423
    outer loop
      vertex 5.26745 -23 35.1744
      vertex 5.35104 -17.5 35.101
      vertex 5.35104 -23 35.101
    endloop
  endfacet
  facet normal -0.659821 0 -0.751423
    outer loop
      vertex 5.35104 -17.5 35.101
      vertex 5.26745 -23 35.1744
      vertex 5.26745 -17.5 35.1744
    endloop
  endfacet
  facet normal -0.442459 0 -0.896789
    outer loop
      vertex 5.07528 -23 35.2853
      vertex 5.175 -17.5 35.2361
      vertex 5.175 -23 35.2361
    endloop
  endfacet
  facet normal -0.442459 0 -0.896789
    outer loop
      vertex 5.175 -17.5 35.2361
      vertex 5.07528 -23 35.2853
      vertex 5.07528 -17.5 35.2853
    endloop
  endfacet
  facet normal 0.0656534 0 -0.997842
    outer loop
      vertex 4.63905 -23 35.3427
      vertex 4.75 -17.5 35.35
      vertex 4.75 -23 35.35
    endloop
  endfacet
  facet normal 0.0656534 0 -0.997842
    outer loop
      vertex 4.75 -17.5 35.35
      vertex 4.63905 -23 35.3427
      vertex 4.63905 -17.5 35.3427
    endloop
  endfacet
  facet normal -0.195165 0 -0.98077
    outer loop
      vertex 4.86095 -23 35.3427
      vertex 4.97 -17.5 35.321
      vertex 4.97 -23 35.321
    endloop
  endfacet
  facet normal -0.195165 0 -0.98077
    outer loop
      vertex 4.97 -17.5 35.321
      vertex 4.86095 -23 35.3427
      vertex 4.86095 -17.5 35.3427
    endloop
  endfacet
  facet normal 0.997858 -0 0.0654141
    outer loop
      vertex 3.9 -23 34.5
      vertex 3.90727 -17.5 34.3891
      vertex 3.9 -17.5 34.5
    endloop
  endfacet
  facet normal 0.997858 0 0.0654141
    outer loop
      vertex 3.90727 -17.5 34.3891
      vertex 3.9 -23 34.5
      vertex 3.90727 -23 34.3891
    endloop
  endfacet
  facet normal 0.980805 0 -0.194992
    outer loop
      vertex 3.92896 -23 34.72
      vertex 3.90727 -17.5 34.6109
      vertex 3.92896 -17.5 34.72
    endloop
  endfacet
  facet normal 0.980805 0 -0.194992
    outer loop
      vertex 3.90727 -17.5 34.6109
      vertex 3.92896 -23 34.72
      vertex 3.90727 -23 34.6109
    endloop
  endfacet
  facet normal 0.896825 0 -0.442386
    outer loop
      vertex 4.01388 -23 34.925
      vertex 3.9647 -17.5 34.8253
      vertex 4.01388 -17.5 34.925
    endloop
  endfacet
  facet normal 0.896825 0 -0.442386
    outer loop
      vertex 3.9647 -17.5 34.8253
      vertex 4.01388 -23 34.925
      vertex 3.9647 -23 34.8253
    endloop
  endfacet
  facet normal 0.831344 0 -0.555759
    outer loop
      vertex 4.07565 -23 35.0174
      vertex 4.01388 -17.5 34.925
      vertex 4.07565 -17.5 35.0174
    endloop
  endfacet
  facet normal 0.831344 0 -0.555759
    outer loop
      vertex 4.01388 -17.5 34.925
      vertex 4.07565 -23 35.0174
      vertex 4.01388 -23 34.925
    endloop
  endfacet
  facet normal 0.555115 0 -0.831773
    outer loop
      vertex 4.23255 -23 35.1744
      vertex 4.325 -17.5 35.2361
      vertex 4.325 -23 35.2361
    endloop
  endfacet
  facet normal 0.555115 0 -0.831773
    outer loop
      vertex 4.325 -17.5 35.2361
      vertex 4.23255 -23 35.1744
      vertex 4.23255 -17.5 35.1744
    endloop
  endfacet
  facet normal 0.751863 0 -0.659319
    outer loop
      vertex 4.14896 -23 35.101
      vertex 4.07565 -17.5 35.0174
      vertex 4.14896 -17.5 35.101
    endloop
  endfacet
  facet normal 0.751863 0 -0.659319
    outer loop
      vertex 4.07565 -17.5 35.0174
      vertex 4.14896 -23 35.101
      vertex 4.07565 -23 35.0174
    endloop
  endfacet
  facet normal -0.946943 0 0.321403
    outer loop
      vertex 5.5353 -23 34.1747
      vertex 5.57104 -17.5 34.28
      vertex 5.5353 -17.5 34.1747
    endloop
  endfacet
  facet normal -0.946943 0 0.321403
    outer loop
      vertex 5.57104 -17.5 34.28
      vertex 5.5353 -23 34.1747
      vertex 5.57104 -23 34.28
    endloop
  endfacet
  facet normal -0.896825 0 0.442386
    outer loop
      vertex 5.48612 -23 34.075
      vertex 5.5353 -17.5 34.1747
      vertex 5.48612 -17.5 34.075
    endloop
  endfacet
  facet normal -0.896825 0 0.442386
    outer loop
      vertex 5.5353 -17.5 34.1747
      vertex 5.48612 -23 34.075
      vertex 5.5353 -23 34.1747
    endloop
  endfacet
  facet normal -0.321135 0 0.947033
    outer loop
      vertex 4.97 -17.5 33.679
      vertex 5.07528 -23 33.7147
      vertex 5.07528 -17.5 33.7147
    endloop
  endfacet
  facet normal -0.321135 0 0.947033
    outer loop
      vertex 5.07528 -23 33.7147
      vertex 4.97 -17.5 33.679
      vertex 4.97 -23 33.679
    endloop
  endfacet
  facet normal -0.0656534 0 0.997842
    outer loop
      vertex 4.75 -17.5 33.65
      vertex 4.86095 -23 33.6573
      vertex 4.86095 -17.5 33.6573
    endloop
  endfacet
  facet normal -0.0656534 0 0.997842
    outer loop
      vertex 4.86095 -23 33.6573
      vertex 4.75 -17.5 33.65
      vertex 4.75 -23 33.65
    endloop
  endfacet
  facet normal 0.195165 0 0.98077
    outer loop
      vertex 4.53 -17.5 33.679
      vertex 4.63905 -23 33.6573
      vertex 4.63905 -17.5 33.6573
    endloop
  endfacet
  facet normal 0.195165 0 0.98077
    outer loop
      vertex 4.63905 -23 33.6573
      vertex 4.53 -17.5 33.679
      vertex 4.53 -23 33.679
    endloop
  endfacet
  facet normal 0.321135 0 0.947033
    outer loop
      vertex 4.42472 -17.5 33.7147
      vertex 4.53 -23 33.679
      vertex 4.53 -17.5 33.679
    endloop
  endfacet
  facet normal 0.321135 0 0.947033
    outer loop
      vertex 4.53 -23 33.679
      vertex 4.42472 -17.5 33.7147
      vertex 4.42472 -23 33.7147
    endloop
  endfacet
  facet normal 0.555115 0 0.831773
    outer loop
      vertex 4.23255 -17.5 33.8256
      vertex 4.325 -23 33.7639
      vertex 4.325 -17.5 33.7639
    endloop
  endfacet
  facet normal 0.555115 0 0.831773
    outer loop
      vertex 4.325 -23 33.7639
      vertex 4.23255 -17.5 33.8256
      vertex 4.23255 -23 33.8256
    endloop
  endfacet
  facet normal 0.896825 -0 0.442386
    outer loop
      vertex 3.9647 -23 34.1747
      vertex 4.01388 -17.5 34.075
      vertex 3.9647 -17.5 34.1747
    endloop
  endfacet
  facet normal 0.896825 0 0.442386
    outer loop
      vertex 4.01388 -17.5 34.075
      vertex 3.9647 -23 34.1747
      vertex 4.01388 -23 34.075
    endloop
  endfacet
  facet normal 0.831344 -0 0.555759
    outer loop
      vertex 4.01388 -23 34.075
      vertex 4.07565 -17.5 33.9826
      vertex 4.01388 -17.5 34.075
    endloop
  endfacet
  facet normal 0.831344 0 0.555759
    outer loop
      vertex 4.07565 -17.5 33.9826
      vertex 4.01388 -23 34.075
      vertex 4.07565 -23 33.9826
    endloop
  endfacet
  facet normal -0.980805 0 -0.194992
    outer loop
      vertex 5.59273 -23 34.6109
      vertex 5.57104 -17.5 34.72
      vertex 5.59273 -17.5 34.6109
    endloop
  endfacet
  facet normal -0.980805 -0 -0.194992
    outer loop
      vertex 5.57104 -17.5 34.72
      vertex 5.59273 -23 34.6109
      vertex 5.57104 -23 34.72
    endloop
  endfacet
  facet normal -0.751863 0 -0.659319
    outer loop
      vertex 5.42435 -23 35.0174
      vertex 5.35104 -17.5 35.101
      vertex 5.42435 -17.5 35.0174
    endloop
  endfacet
  facet normal -0.751863 -0 -0.659319
    outer loop
      vertex 5.35104 -17.5 35.101
      vertex 5.42435 -23 35.0174
      vertex 5.35104 -23 35.101
    endloop
  endfacet
  facet normal -0.0656534 0 -0.997842
    outer loop
      vertex 4.75 -23 35.35
      vertex 4.86095 -17.5 35.3427
      vertex 4.86095 -23 35.3427
    endloop
  endfacet
  facet normal -0.0656534 0 -0.997842
    outer loop
      vertex 4.86095 -17.5 35.3427
      vertex 4.75 -23 35.35
      vertex 4.75 -17.5 35.35
    endloop
  endfacet
  facet normal 0.997858 0 -0.0654141
    outer loop
      vertex 3.90727 -23 34.6109
      vertex 3.9 -17.5 34.5
      vertex 3.90727 -17.5 34.6109
    endloop
  endfacet
  facet normal 0.997858 0 -0.0654141
    outer loop
      vertex 3.9 -17.5 34.5
      vertex 3.90727 -23 34.6109
      vertex 3.9 -23 34.5
    endloop
  endfacet
  facet normal 0.195165 0 -0.98077
    outer loop
      vertex 4.53 -23 35.321
      vertex 4.63905 -17.5 35.3427
      vertex 4.63905 -23 35.3427
    endloop
  endfacet
  facet normal 0.195165 0 -0.98077
    outer loop
      vertex 4.63905 -17.5 35.3427
      vertex 4.53 -23 35.321
      vertex 4.53 -17.5 35.321
    endloop
  endfacet
  facet normal 0.659821 0 -0.751423
    outer loop
      vertex 4.14896 -23 35.101
      vertex 4.23255 -17.5 35.1744
      vertex 4.23255 -23 35.1744
    endloop
  endfacet
  facet normal 0.659821 0 -0.751423
    outer loop
      vertex 4.23255 -17.5 35.1744
      vertex 4.14896 -23 35.101
      vertex 4.14896 -17.5 35.101
    endloop
  endfacet
  facet normal -0.980805 0 0.194992
    outer loop
      vertex 5.57104 -23 34.28
      vertex 5.59273 -17.5 34.3891
      vertex 5.57104 -17.5 34.28
    endloop
  endfacet
  facet normal -0.980805 0 0.194992
    outer loop
      vertex 5.59273 -17.5 34.3891
      vertex 5.57104 -23 34.28
      vertex 5.59273 -23 34.3891
    endloop
  endfacet
  facet normal -0.195165 0 0.98077
    outer loop
      vertex 4.86095 -17.5 33.6573
      vertex 4.97 -23 33.679
      vertex 4.97 -17.5 33.679
    endloop
  endfacet
  facet normal -0.195165 0 0.98077
    outer loop
      vertex 4.97 -23 33.679
      vertex 4.86095 -17.5 33.6573
      vertex 4.86095 -23 33.6573
    endloop
  endfacet
  facet normal -0.659821 0 0.751423
    outer loop
      vertex 5.26745 -17.5 33.8256
      vertex 5.35104 -23 33.899
      vertex 5.35104 -17.5 33.899
    endloop
  endfacet
  facet normal -0.659821 0 0.751423
    outer loop
      vertex 5.35104 -23 33.899
      vertex 5.26745 -17.5 33.8256
      vertex 5.26745 -23 33.8256
    endloop
  endfacet
  facet normal -0.751863 0 0.659319
    outer loop
      vertex 5.35104 -23 33.899
      vertex 5.42435 -17.5 33.9826
      vertex 5.35104 -17.5 33.899
    endloop
  endfacet
  facet normal -0.751863 0 0.659319
    outer loop
      vertex 5.42435 -17.5 33.9826
      vertex 5.35104 -23 33.899
      vertex 5.42435 -23 33.9826
    endloop
  endfacet
  facet normal 0.0656534 0 0.997842
    outer loop
      vertex 4.63905 -17.5 33.6573
      vertex 4.75 -23 33.65
      vertex 4.75 -17.5 33.65
    endloop
  endfacet
  facet normal 0.0656534 0 0.997842
    outer loop
      vertex 4.75 -23 33.65
      vertex 4.63905 -17.5 33.6573
      vertex 4.63905 -23 33.6573
    endloop
  endfacet
  facet normal 0.442459 0 0.896789
    outer loop
      vertex 4.325 -17.5 33.7639
      vertex 4.42472 -23 33.7147
      vertex 4.42472 -17.5 33.7147
    endloop
  endfacet
  facet normal 0.442459 0 0.896789
    outer loop
      vertex 4.42472 -23 33.7147
      vertex 4.325 -17.5 33.7639
      vertex 4.325 -23 33.7639
    endloop
  endfacet
  facet normal 0.980805 -0 0.194992
    outer loop
      vertex 3.90727 -23 34.3891
      vertex 3.92896 -17.5 34.28
      vertex 3.90727 -17.5 34.3891
    endloop
  endfacet
  facet normal 0.980805 0 0.194992
    outer loop
      vertex 3.92896 -17.5 34.28
      vertex 3.90727 -23 34.3891
      vertex 3.92896 -23 34.28
    endloop
  endfacet
  facet normal 0.946943 -0 0.321403
    outer loop
      vertex 3.92896 -23 34.28
      vertex 3.9647 -17.5 34.1747
      vertex 3.92896 -17.5 34.28
    endloop
  endfacet
  facet normal 0.946943 0 0.321403
    outer loop
      vertex 3.9647 -17.5 34.1747
      vertex 3.92896 -23 34.28
      vertex 3.9647 -23 34.1747
    endloop
  endfacet
  facet normal 0.751863 -0 0.659319
    outer loop
      vertex 4.07565 -23 33.9826
      vertex 4.14896 -17.5 33.899
      vertex 4.07565 -17.5 33.9826
    endloop
  endfacet
  facet normal 0.751863 0 0.659319
    outer loop
      vertex 4.14896 -17.5 33.899
      vertex 4.07565 -23 33.9826
      vertex 4.14896 -23 33.899
    endloop
  endfacet
  facet normal 0.659821 0 0.751423
    outer loop
      vertex 4.14896 -17.5 33.899
      vertex 4.23255 -23 33.8256
      vertex 4.23255 -17.5 33.8256
    endloop
  endfacet
  facet normal 0.659821 0 0.751423
    outer loop
      vertex 4.23255 -23 33.8256
      vertex 4.14896 -17.5 33.899
      vertex 4.14896 -23 33.899
    endloop
  endfacet
  facet normal -0.555614 0 0.831441
    outer loop
      vertex 5 -9 13.3397
      vertex 6.08761 -11 14.0665
      vertex 6.08761 -9 14.0665
    endloop
  endfacet
  facet normal -0.555614 0 0.831441
    outer loop
      vertex 6.08761 -11 14.0665
      vertex 5 -9 13.3397
      vertex 5 -11 13.3397
    endloop
  endfacet
  facet normal -0.555614 0 0.831441
    outer loop
      vertex 5 -17.5 13.3397
      vertex 6.08761 -23 14.0665
      vertex 6.08761 -17.5 14.0665
    endloop
  endfacet
  facet normal -0.555614 0 0.831441
    outer loop
      vertex 6.08761 -23 14.0665
      vertex 5 -17.5 13.3397
      vertex 5 -23 13.3397
    endloop
  endfacet
  facet normal 0.321466 0 -0.946921
    outer loop
      vertex -3.82683 -23 31.2388
      vertex -2.58819 -17.5 31.6593
      vertex -2.58819 -23 31.6593
    endloop
  endfacet
  facet normal 0.321466 0 -0.946921
    outer loop
      vertex -2.58819 -17.5 31.6593
      vertex -3.82683 -23 31.2388
      vertex -3.82683 -17.5 31.2388
    endloop
  endfacet
  facet normal 0.321466 0 0.946921
    outer loop
      vertex -3.82683 -17.5 12.7612
      vertex -2.58819 -23 12.3407
      vertex -2.58819 -17.5 12.3407
    endloop
  endfacet
  facet normal 0.321466 0 0.946921
    outer loop
      vertex -2.58819 -23 12.3407
      vertex -3.82683 -17.5 12.7612
      vertex -3.82683 -23 12.7612
    endloop
  endfacet
  facet normal 0.321466 0 0.946921
    outer loop
      vertex -3.82683 -9 12.7612
      vertex -2.58819 -11 12.3407
      vertex -2.58819 -9 12.3407
    endloop
  endfacet
  facet normal 0.321466 0 0.946921
    outer loop
      vertex -2.58819 -11 12.3407
      vertex -3.82683 -9 12.7612
      vertex -3.82683 -11 12.7612
    endloop
  endfacet
  facet normal 0.896875 -0 0.442284
    outer loop
      vertex -9.2388 -23 18.1732
      vertex -8.66025 -17.5 17
      vertex -9.2388 -17.5 18.1732
    endloop
  endfacet
  facet normal 0.896875 0 0.442284
    outer loop
      vertex -8.66025 -17.5 17
      vertex -9.2388 -23 18.1732
      vertex -8.66025 -23 17
    endloop
  endfacet
  facet normal 0.896875 -0 0.442284
    outer loop
      vertex -9.2388 -11 18.1732
      vertex -8.66025 -9 17
      vertex -9.2388 -9 18.1732
    endloop
  endfacet
  facet normal 0.896875 0 0.442284
    outer loop
      vertex -8.66025 -9 17
      vertex -9.2388 -11 18.1732
      vertex -8.66025 -11 17
    endloop
  endfacet
  facet normal -0.896875 0 0.442284
    outer loop
      vertex 8.66025 -23 17
      vertex 9.2388 -17.5 18.1732
      vertex 8.66025 -17.5 17
    endloop
  endfacet
  facet normal -0.896875 0 0.442284
    outer loop
      vertex 9.2388 -17.5 18.1732
      vertex 8.66025 -23 17
      vertex 9.2388 -23 18.1732
    endloop
  endfacet
  facet normal -0.896875 0 0.442284
    outer loop
      vertex 8.66025 -11 17
      vertex 9.2388 -9 18.1732
      vertex 8.66025 -9 17
    endloop
  endfacet
  facet normal -0.896875 0 0.442284
    outer loop
      vertex 9.2388 -9 18.1732
      vertex 8.66025 -11 17
      vertex 9.2388 -11 18.1732
    endloop
  endfacet
  facet normal -0.831466 0 0.555575
    outer loop
      vertex 7.93353 -23 15.9124
      vertex 8.66025 -17.5 17
      vertex 7.93353 -17.5 15.9124
    endloop
  endfacet
  facet normal -0.831466 0 0.555575
    outer loop
      vertex 8.66025 -17.5 17
      vertex 7.93353 -23 15.9124
      vertex 8.66025 -23 17
    endloop
  endfacet
  facet normal -0.831466 0 0.555575
    outer loop
      vertex 7.93353 -11 15.9124
      vertex 8.66025 -9 17
      vertex 7.93353 -9 15.9124
    endloop
  endfacet
  facet normal -0.831466 0 0.555575
    outer loop
      vertex 8.66025 -9 17
      vertex 7.93353 -11 15.9124
      vertex 8.66025 -11 17
    endloop
  endfacet
  facet normal -0.659315 0 0.751867
    outer loop
      vertex 6.08761 -9 14.0665
      vertex 7.07107 -11 14.9289
      vertex 7.07107 -9 14.9289
    endloop
  endfacet
  facet normal -0.659315 0 0.751867
    outer loop
      vertex 7.07107 -11 14.9289
      vertex 6.08761 -9 14.0665
      vertex 6.08761 -11 14.0665
    endloop
  endfacet
  facet normal -0.659315 0 0.751867
    outer loop
      vertex 6.08761 -17.5 14.0665
      vertex 7.07107 -23 14.9289
      vertex 7.07107 -17.5 14.9289
    endloop
  endfacet
  facet normal -0.659315 0 0.751867
    outer loop
      vertex 7.07107 -23 14.9289
      vertex 6.08761 -17.5 14.0665
      vertex 6.08761 -23 14.0665
    endloop
  endfacet
  facet normal -0.321466 0 0.946921
    outer loop
      vertex 2.58819 -17.5 12.3407
      vertex 3.82683 -23 12.7612
      vertex 3.82683 -17.5 12.7612
    endloop
  endfacet
  facet normal -0.321466 0 0.946921
    outer loop
      vertex 3.82683 -23 12.7612
      vertex 2.58819 -17.5 12.3407
      vertex 2.58819 -23 12.3407
    endloop
  endfacet
  facet normal -0.321466 0 0.946921
    outer loop
      vertex 2.58819 -9 12.3407
      vertex 3.82683 -11 12.7612
      vertex 3.82683 -9 12.7612
    endloop
  endfacet
  facet normal -0.321466 0 0.946921
    outer loop
      vertex 3.82683 -11 12.7612
      vertex 2.58819 -9 12.3407
      vertex 2.58819 -11 12.3407
    endloop
  endfacet
  facet normal 0.0654402 0 0.997856
    outer loop
      vertex -1.30526 -17.5 12.0856
      vertex 0 -23 12
      vertex 0 -17.5 12
    endloop
  endfacet
  facet normal 0.0654402 0 0.997856
    outer loop
      vertex 0 -23 12
      vertex -1.30526 -17.5 12.0856
      vertex -1.30526 -23 12.0856
    endloop
  endfacet
  facet normal 0.0654402 0 0.997856
    outer loop
      vertex -1.30526 -9 12.0856
      vertex 0 -11 12
      vertex 0 -9 12
    endloop
  endfacet
  facet normal 0.0654402 0 0.997856
    outer loop
      vertex 0 -11 12
      vertex -1.30526 -9 12.0856
      vertex -1.30526 -11 12.0856
    endloop
  endfacet
  facet normal 0.980785 -0 0.195094
    outer loop
      vertex -9.91445 -23 20.6947
      vertex -9.65926 -17.5 19.4118
      vertex -9.91445 -17.5 20.6947
    endloop
  endfacet
  facet normal 0.980785 0 0.195094
    outer loop
      vertex -9.65926 -17.5 19.4118
      vertex -9.91445 -23 20.6947
      vertex -9.65926 -23 19.4118
    endloop
  endfacet
  facet normal 0.751857 -0 0.659326
    outer loop
      vertex -7.93353 -11 15.9124
      vertex -7.07107 -9 14.9289
      vertex -7.93353 -9 15.9124
    endloop
  endfacet
  facet normal 0.751857 0 0.659326
    outer loop
      vertex -7.07107 -9 14.9289
      vertex -7.93353 -11 15.9124
      vertex -7.07107 -11 14.9289
    endloop
  endfacet
  facet normal 0.751857 -0 0.659326
    outer loop
      vertex -7.93353 -23 15.9124
      vertex -7.07107 -17.5 14.9289
      vertex -7.93353 -17.5 15.9124
    endloop
  endfacet
  facet normal 0.751857 0 0.659326
    outer loop
      vertex -7.07107 -17.5 14.9289
      vertex -7.93353 -23 15.9124
      vertex -7.07107 -23 14.9289
    endloop
  endfacet
  facet normal 0.442262 0 0.896886
    outer loop
      vertex -5 -17.5 13.3397
      vertex -3.82683 -23 12.7612
      vertex -3.82683 -17.5 12.7612
    endloop
  endfacet
  facet normal 0.442262 0 0.896886
    outer loop
      vertex -3.82683 -23 12.7612
      vertex -5 -17.5 13.3397
      vertex -5 -23 13.3397
    endloop
  endfacet
  facet normal 0.442262 0 0.896886
    outer loop
      vertex -5 -9 13.3397
      vertex -3.82683 -11 12.7612
      vertex -3.82683 -9 12.7612
    endloop
  endfacet
  facet normal 0.442262 0 0.896886
    outer loop
      vertex -3.82683 -11 12.7612
      vertex -5 -9 13.3397
      vertex -5 -11 13.3397
    endloop
  endfacet
  facet normal 0.195024 0 0.980799
    outer loop
      vertex -2.58819 -17.5 12.3407
      vertex -1.30526 -23 12.0856
      vertex -1.30526 -17.5 12.0856
    endloop
  endfacet
  facet normal 0.195024 0 0.980799
    outer loop
      vertex -1.30526 -23 12.0856
      vertex -2.58819 -17.5 12.3407
      vertex -2.58819 -23 12.3407
    endloop
  endfacet
  facet normal 0.195024 0 0.980799
    outer loop
      vertex -2.58819 -9 12.3407
      vertex -1.30526 -11 12.0856
      vertex -1.30526 -9 12.0856
    endloop
  endfacet
  facet normal 0.195024 0 0.980799
    outer loop
      vertex -1.30526 -11 12.0856
      vertex -2.58819 -9 12.3407
      vertex -2.58819 -11 12.3407
    endloop
  endfacet
  facet normal -0.997859 0 -0.0654002
    outer loop
      vertex 10 -23 22
      vertex 9.91445 -17.5 23.3053
      vertex 10 -17.5 22
    endloop
  endfacet
  facet normal -0.997859 -0 -0.0654002
    outer loop
      vertex 9.91445 -17.5 23.3053
      vertex 10 -23 22
      vertex 9.91445 -23 23.3053
    endloop
  endfacet
  facet normal -0.321466 0 -0.946921
    outer loop
      vertex 2.58819 -23 31.6593
      vertex 3.82683 -17.5 31.2388
      vertex 3.82683 -23 31.2388
    endloop
  endfacet
  facet normal -0.321466 0 -0.946921
    outer loop
      vertex 3.82683 -17.5 31.2388
      vertex 2.58819 -23 31.6593
      vertex 2.58819 -17.5 31.6593
    endloop
  endfacet
  facet normal -0.442262 0 -0.896886
    outer loop
      vertex 3.82683 -23 31.2388
      vertex 5 -17.5 30.6603
      vertex 5 -23 30.6603
    endloop
  endfacet
  facet normal -0.442262 0 -0.896886
    outer loop
      vertex 5 -17.5 30.6603
      vertex 3.82683 -23 31.2388
      vertex 3.82683 -17.5 31.2388
    endloop
  endfacet
  facet normal -0.751857 0 -0.659326
    outer loop
      vertex 7.93353 -23 28.0876
      vertex 7.07107 -17.5 29.0711
      vertex 7.93353 -17.5 28.0876
    endloop
  endfacet
  facet normal -0.751857 -0 -0.659326
    outer loop
      vertex 7.07107 -17.5 29.0711
      vertex 7.93353 -23 28.0876
      vertex 7.07107 -23 29.0711
    endloop
  endfacet
  facet normal 0.195024 0 -0.980799
    outer loop
      vertex -2.58819 -23 31.6593
      vertex -1.30526 -17.5 31.9144
      vertex -1.30526 -23 31.9144
    endloop
  endfacet
  facet normal 0.195024 0 -0.980799
    outer loop
      vertex -1.30526 -17.5 31.9144
      vertex -2.58819 -23 31.6593
      vertex -2.58819 -17.5 31.6593
    endloop
  endfacet
  facet normal 0.659315 0 -0.751867
    outer loop
      vertex -7.07107 -23 29.0711
      vertex -6.08761 -17.5 29.9335
      vertex -6.08761 -23 29.9335
    endloop
  endfacet
  facet normal 0.659315 0 -0.751867
    outer loop
      vertex -6.08761 -17.5 29.9335
      vertex -7.07107 -23 29.0711
      vertex -7.07107 -17.5 29.0711
    endloop
  endfacet
  facet normal 0.896875 0 -0.442284
    outer loop
      vertex -8.66025 -23 27
      vertex -9.2388 -17.5 25.8268
      vertex -8.66025 -17.5 27
    endloop
  endfacet
  facet normal 0.896875 0 -0.442284
    outer loop
      vertex -9.2388 -17.5 25.8268
      vertex -8.66025 -23 27
      vertex -9.2388 -23 25.8268
    endloop
  endfacet
  facet normal -0.980785 0 0.195094
    outer loop
      vertex 9.65926 -23 19.4118
      vertex 9.91445 -17.5 20.6947
      vertex 9.65926 -17.5 19.4118
    endloop
  endfacet
  facet normal -0.980785 0 0.195094
    outer loop
      vertex 9.91445 -17.5 20.6947
      vertex 9.65926 -23 19.4118
      vertex 9.91445 -23 20.6947
    endloop
  endfacet
  facet normal -0.946927 0 0.321448
    outer loop
      vertex 9.2388 -23 18.1732
      vertex 9.65926 -17.5 19.4118
      vertex 9.2388 -17.5 18.1732
    endloop
  endfacet
  facet normal -0.946927 0 0.321448
    outer loop
      vertex 9.65926 -17.5 19.4118
      vertex 9.2388 -23 18.1732
      vertex 9.65926 -23 19.4118
    endloop
  endfacet
  facet normal -0.946921 0 0.321466
    outer loop
      vertex 9.2388 -11 18.1732
      vertex 9.5 -9 18.9426
      vertex 9.2388 -9 18.1732
    endloop
  endfacet
  facet normal -0.946921 0 0.321466
    outer loop
      vertex 9.5 -9 18.9426
      vertex 9.2388 -11 18.1732
      vertex 9.5 -11 18.9426
    endloop
  endfacet
  facet normal -0.751857 0 0.659326
    outer loop
      vertex 7.07107 -23 14.9289
      vertex 7.93353 -17.5 15.9124
      vertex 7.07107 -17.5 14.9289
    endloop
  endfacet
  facet normal -0.751857 0 0.659326
    outer loop
      vertex 7.93353 -17.5 15.9124
      vertex 7.07107 -23 14.9289
      vertex 7.93353 -23 15.9124
    endloop
  endfacet
  facet normal -0.751857 0 0.659326
    outer loop
      vertex 7.07107 -11 14.9289
      vertex 7.93353 -9 15.9124
      vertex 7.07107 -9 14.9289
    endloop
  endfacet
  facet normal -0.751857 0 0.659326
    outer loop
      vertex 7.93353 -9 15.9124
      vertex 7.07107 -11 14.9289
      vertex 7.93353 -11 15.9124
    endloop
  endfacet
  facet normal -0.442262 0 0.896886
    outer loop
      vertex 3.82683 -17.5 12.7612
      vertex 5 -23 13.3397
      vertex 5 -17.5 13.3397
    endloop
  endfacet
  facet normal -0.442262 0 0.896886
    outer loop
      vertex 5 -23 13.3397
      vertex 3.82683 -17.5 12.7612
      vertex 3.82683 -23 12.7612
    endloop
  endfacet
  facet normal -0.442262 0 0.896886
    outer loop
      vertex 3.82683 -9 12.7612
      vertex 5 -11 13.3397
      vertex 5 -9 13.3397
    endloop
  endfacet
  facet normal -0.442262 0 0.896886
    outer loop
      vertex 5 -11 13.3397
      vertex 3.82683 -9 12.7612
      vertex 3.82683 -11 12.7612
    endloop
  endfacet
  facet normal -0.195024 0 0.980799
    outer loop
      vertex 1.30526 -17.5 12.0856
      vertex 2.58819 -23 12.3407
      vertex 2.58819 -17.5 12.3407
    endloop
  endfacet
  facet normal -0.195024 0 0.980799
    outer loop
      vertex 2.58819 -23 12.3407
      vertex 1.30526 -17.5 12.0856
      vertex 1.30526 -23 12.0856
    endloop
  endfacet
  facet normal -0.195024 0 0.980799
    outer loop
      vertex 1.30526 -9 12.0856
      vertex 2.58819 -11 12.3407
      vertex 2.58819 -9 12.3407
    endloop
  endfacet
  facet normal -0.195024 0 0.980799
    outer loop
      vertex 2.58819 -11 12.3407
      vertex 1.30526 -9 12.0856
      vertex 1.30526 -11 12.0856
    endloop
  endfacet
  facet normal -0.0654402 0 0.997856
    outer loop
      vertex 0 -17.5 12
      vertex 1.30526 -23 12.0856
      vertex 1.30526 -17.5 12.0856
    endloop
  endfacet
  facet normal -0.0654402 0 0.997856
    outer loop
      vertex 1.30526 -23 12.0856
      vertex 0 -17.5 12
      vertex 0 -23 12
    endloop
  endfacet
  facet normal -0.0654402 0 0.997856
    outer loop
      vertex 0 -9 12
      vertex 1.30526 -11 12.0856
      vertex 1.30526 -9 12.0856
    endloop
  endfacet
  facet normal -0.0654402 0 0.997856
    outer loop
      vertex 1.30526 -11 12.0856
      vertex 0 -9 12
      vertex 0 -11 12
    endloop
  endfacet
  facet normal 0.997859 -0 0.0654002
    outer loop
      vertex -10 -23 22
      vertex -9.91445 -17.5 20.6947
      vertex -10 -17.5 22
    endloop
  endfacet
  facet normal 0.997859 0 0.0654002
    outer loop
      vertex -9.91445 -17.5 20.6947
      vertex -10 -23 22
      vertex -9.91445 -23 20.6947
    endloop
  endfacet
  facet normal 0 -1 0
    outer loop
      vertex -9.5 -9 18.9426
      vertex -6.3 -9 24
      vertex -9.5 -9 24
    endloop
  endfacet
  facet normal 0 -1 0
    outer loop
      vertex -9.2388 -9 18.1732
      vertex -6.3 -9 24
      vertex -9.5 -9 18.9426
    endloop
  endfacet
  facet normal 0 -1 0
    outer loop
      vertex -6.3 -9 15.7
      vertex -9.2388 -9 18.1732
      vertex -8.66025 -9 17
    endloop
  endfacet
  facet normal 0 -1 0
    outer loop
      vertex -6.3 -9 15.7
      vertex -8.66025 -9 17
      vertex -7.93353 -9 15.9124
    endloop
  endfacet
  facet normal 0 -1 0
    outer loop
      vertex -9.2388 -9 18.1732
      vertex -6.3 -9 15.7
      vertex -6.3 -9 24
    endloop
  endfacet
  facet normal 0 -1 0
    outer loop
      vertex -6.08761 -9 14.0665
      vertex -6.3 -9 15.7
      vertex -7.07107 -9 14.9289
    endloop
  endfacet
  facet normal 0 -1 0
    outer loop
      vertex -7.07107 -9 14.9289
      vertex -6.3 -9 15.7
      vertex -7.93353 -9 15.9124
    endloop
  endfacet
  facet normal 0 -1 0
    outer loop
      vertex 6.3 -9 24
      vertex 9.5 -9 18.9426
      vertex 9.5 -9 24
    endloop
  endfacet
  facet normal 0 -1 0
    outer loop
      vertex 6.3 -9 24
      vertex 9.2388 -9 18.1732
      vertex 9.5 -9 18.9426
    endloop
  endfacet
  facet normal 0 -1 0
    outer loop
      vertex 6.3 -9 15.7
      vertex 9.2388 -9 18.1732
      vertex 6.3 -9 24
    endloop
  endfacet
  facet normal 0 -1 0
    outer loop
      vertex 9.2388 -9 18.1732
      vertex 6.3 -9 15.7
      vertex 8.66025 -9 17
    endloop
  endfacet
  facet normal 0 -1 0
    outer loop
      vertex 8.66025 -9 17
      vertex 6.3 -9 15.7
      vertex 7.93353 -9 15.9124
    endloop
  endfacet
  facet normal 0 -1 0
    outer loop
      vertex 6.3 -9 15.7
      vertex 7.07107 -9 14.9289
      vertex 7.93353 -9 15.9124
    endloop
  endfacet
  facet normal 0 -1 0
    outer loop
      vertex -5 -9 13.3397
      vertex -6.3 -9 15.7
      vertex -6.08761 -9 14.0665
    endloop
  endfacet
  facet normal 0 -1 0
    outer loop
      vertex -3.82683 -9 12.7612
      vertex -6.3 -9 15.7
      vertex -5 -9 13.3397
    endloop
  endfacet
  facet normal 0 -1 -0
    outer loop
      vertex 6.3 -9 15.7
      vertex 6.08761 -9 14.0665
      vertex 7.07107 -9 14.9289
    endloop
  endfacet
  facet normal 0 -1 0
    outer loop
      vertex -2.58819 -9 12.3407
      vertex -6.3 -9 15.7
      vertex -3.82683 -9 12.7612
    endloop
  endfacet
  facet normal 0 -1 0
    outer loop
      vertex 6.3 -9 15.7
      vertex 5 -9 13.3397
      vertex 6.08761 -9 14.0665
    endloop
  endfacet
  facet normal 0 -1 0
    outer loop
      vertex -1.30526 -9 12.0856
      vertex -6.3 -9 15.7
      vertex -2.58819 -9 12.3407
    endloop
  endfacet
  facet normal 0 -1 0
    outer loop
      vertex 6.3 -9 15.7
      vertex 3.82683 -9 12.7612
      vertex 5 -9 13.3397
    endloop
  endfacet
  facet normal 0 -1 0
    outer loop
      vertex 0 -9 12
      vertex -6.3 -9 15.7
      vertex -1.30526 -9 12.0856
    endloop
  endfacet
  facet normal 0 -1 0
    outer loop
      vertex 6.3 -9 15.7
      vertex 2.58819 -9 12.3407
      vertex 3.82683 -9 12.7612
    endloop
  endfacet
  facet normal 0 -1 0
    outer loop
      vertex -6.3 -9 15.7
      vertex 0 -9 12
      vertex 6.3 -9 15.7
    endloop
  endfacet
  facet normal 0 -1 0
    outer loop
      vertex 6.3 -9 15.7
      vertex 1.30526 -9 12.0856
      vertex 2.58819 -9 12.3407
    endloop
  endfacet
  facet normal 0 -1 0
    outer loop
      vertex 6.3 -9 15.7
      vertex 0 -9 12
      vertex 1.30526 -9 12.0856
    endloop
  endfacet
  facet normal 0.946927 -0 0.321448
    outer loop
      vertex -9.65926 -23 19.4118
      vertex -9.2388 -17.5 18.1732
      vertex -9.65926 -17.5 19.4118
    endloop
  endfacet
  facet normal 0.946927 0 0.321448
    outer loop
      vertex -9.2388 -17.5 18.1732
      vertex -9.65926 -23 19.4118
      vertex -9.2388 -23 18.1732
    endloop
  endfacet
  facet normal 0.946921 -0 0.321466
    outer loop
      vertex -9.5 -11 18.9426
      vertex -9.2388 -9 18.1732
      vertex -9.5 -9 18.9426
    endloop
  endfacet
  facet normal 0.946921 0 0.321466
    outer loop
      vertex -9.2388 -9 18.1732
      vertex -9.5 -11 18.9426
      vertex -9.2388 -11 18.1732
    endloop
  endfacet
  facet normal 0.831466 -0 0.555575
    outer loop
      vertex -8.66025 -23 17
      vertex -7.93353 -17.5 15.9124
      vertex -8.66025 -17.5 17
    endloop
  endfacet
  facet normal 0.831466 0 0.555575
    outer loop
      vertex -7.93353 -17.5 15.9124
      vertex -8.66025 -23 17
      vertex -7.93353 -23 15.9124
    endloop
  endfacet
  facet normal 0.831466 -0 0.555575
    outer loop
      vertex -8.66025 -11 17
      vertex -7.93353 -9 15.9124
      vertex -8.66025 -9 17
    endloop
  endfacet
  facet normal 0.831466 0 0.555575
    outer loop
      vertex -7.93353 -9 15.9124
      vertex -8.66025 -11 17
      vertex -7.93353 -11 15.9124
    endloop
  endfacet
  facet normal 0.555614 0 0.831441
    outer loop
      vertex -6.08761 -17.5 14.0665
      vertex -5 -23 13.3397
      vertex -5 -17.5 13.3397
    endloop
  endfacet
  facet normal 0.555614 0 0.831441
    outer loop
      vertex -5 -23 13.3397
      vertex -6.08761 -17.5 14.0665
      vertex -6.08761 -23 14.0665
    endloop
  endfacet
  facet normal 0.555614 0 0.831441
    outer loop
      vertex -6.08761 -9 14.0665
      vertex -5 -11 13.3397
      vertex -5 -9 13.3397
    endloop
  endfacet
  facet normal 0.555614 0 0.831441
    outer loop
      vertex -5 -11 13.3397
      vertex -6.08761 -9 14.0665
      vertex -6.08761 -11 14.0665
    endloop
  endfacet
  facet normal 0.659315 0 0.751867
    outer loop
      vertex -7.07107 -9 14.9289
      vertex -6.08761 -11 14.0665
      vertex -6.08761 -9 14.0665
    endloop
  endfacet
  facet normal 0.659315 0 0.751867
    outer loop
      vertex -6.08761 -11 14.0665
      vertex -7.07107 -9 14.9289
      vertex -7.07107 -11 14.9289
    endloop
  endfacet
  facet normal 0.659315 0 0.751867
    outer loop
      vertex -7.07107 -17.5 14.9289
      vertex -6.08761 -23 14.0665
      vertex -6.08761 -17.5 14.0665
    endloop
  endfacet
  facet normal 0.659315 0 0.751867
    outer loop
      vertex -6.08761 -23 14.0665
      vertex -7.07107 -17.5 14.9289
      vertex -7.07107 -23 14.9289
    endloop
  endfacet
  facet normal -0.997859 0 0.0654002
    outer loop
      vertex 9.91445 -23 20.6947
      vertex 10 -17.5 22
      vertex 9.91445 -17.5 20.6947
    endloop
  endfacet
  facet normal -0.997859 0 0.0654002
    outer loop
      vertex 10 -17.5 22
      vertex 9.91445 -23 20.6947
      vertex 10 -23 22
    endloop
  endfacet
  facet normal -0.0654402 0 -0.997856
    outer loop
      vertex 0 -23 32
      vertex 1.30526 -17.5 31.9144
      vertex 1.30526 -23 31.9144
    endloop
  endfacet
  facet normal -0.0654402 0 -0.997856
    outer loop
      vertex 1.30526 -17.5 31.9144
      vertex 0 -23 32
      vertex 0 -17.5 32
    endloop
  endfacet
  facet normal -0.555614 0 -0.831441
    outer loop
      vertex 5 -23 30.6603
      vertex 6.08761 -17.5 29.9335
      vertex 6.08761 -23 29.9335
    endloop
  endfacet
  facet normal -0.555614 0 -0.831441
    outer loop
      vertex 6.08761 -17.5 29.9335
      vertex 5 -23 30.6603
      vertex 5 -17.5 30.6603
    endloop
  endfacet
  facet normal -0.896875 0 -0.442284
    outer loop
      vertex 9.2388 -23 25.8268
      vertex 8.66025 -17.5 27
      vertex 9.2388 -17.5 25.8268
    endloop
  endfacet
  facet normal -0.896875 -0 -0.442284
    outer loop
      vertex 8.66025 -17.5 27
      vertex 9.2388 -23 25.8268
      vertex 8.66025 -23 27
    endloop
  endfacet
  facet normal 0.0654402 0 -0.997856
    outer loop
      vertex -1.30526 -23 31.9144
      vertex 0 -17.5 32
      vertex 0 -23 32
    endloop
  endfacet
  facet normal 0.0654402 0 -0.997856
    outer loop
      vertex 0 -17.5 32
      vertex -1.30526 -23 31.9144
      vertex -1.30526 -17.5 31.9144
    endloop
  endfacet
  facet normal 0.442262 0 -0.896886
    outer loop
      vertex -5 -23 30.6603
      vertex -3.82683 -17.5 31.2388
      vertex -3.82683 -23 31.2388
    endloop
  endfacet
  facet normal 0.442262 0 -0.896886
    outer loop
      vertex -3.82683 -17.5 31.2388
      vertex -5 -23 30.6603
      vertex -5 -17.5 30.6603
    endloop
  endfacet
  facet normal 0.946927 0 -0.321448
    outer loop
      vertex -9.2388 -23 25.8268
      vertex -9.65926 -17.5 24.5882
      vertex -9.2388 -17.5 25.8268
    endloop
  endfacet
  facet normal 0.946927 0 -0.321448
    outer loop
      vertex -9.65926 -17.5 24.5882
      vertex -9.2388 -23 25.8268
      vertex -9.65926 -23 24.5882
    endloop
  endfacet
  facet normal 0.997859 0 -0.0654002
    outer loop
      vertex -9.91445 -23 23.3053
      vertex -10 -17.5 22
      vertex -9.91445 -17.5 23.3053
    endloop
  endfacet
  facet normal 0.997859 0 -0.0654002
    outer loop
      vertex -10 -17.5 22
      vertex -9.91445 -23 23.3053
      vertex -10 -23 22
    endloop
  endfacet
  facet normal 0.831466 0 -0.555575
    outer loop
      vertex -7.93353 -23 28.0876
      vertex -8.66025 -17.5 27
      vertex -7.93353 -17.5 28.0876
    endloop
  endfacet
  facet normal 0.831466 0 -0.555575
    outer loop
      vertex -8.66025 -17.5 27
      vertex -7.93353 -23 28.0876
      vertex -8.66025 -23 27
    endloop
  endfacet
  facet normal 0.751857 0 -0.659326
    outer loop
      vertex -7.07107 -23 29.0711
      vertex -7.93353 -17.5 28.0876
      vertex -7.07107 -17.5 29.0711
    endloop
  endfacet
  facet normal 0.751857 0 -0.659326
    outer loop
      vertex -7.93353 -17.5 28.0876
      vertex -7.07107 -23 29.0711
      vertex -7.93353 -23 28.0876
    endloop
  endfacet
  facet normal -0.980785 0 -0.195094
    outer loop
      vertex 9.91445 -23 23.3053
      vertex 9.65926 -17.5 24.5882
      vertex 9.91445 -17.5 23.3053
    endloop
  endfacet
  facet normal -0.980785 -0 -0.195094
    outer loop
      vertex 9.65926 -17.5 24.5882
      vertex 9.91445 -23 23.3053
      vertex 9.65926 -23 24.5882
    endloop
  endfacet
  facet normal -0.946927 0 -0.321448
    outer loop
      vertex 9.65926 -23 24.5882
      vertex 9.2388 -17.5 25.8268
      vertex 9.65926 -17.5 24.5882
    endloop
  endfacet
  facet normal -0.946927 -0 -0.321448
    outer loop
      vertex 9.2388 -17.5 25.8268
      vertex 9.65926 -23 24.5882
      vertex 9.2388 -23 25.8268
    endloop
  endfacet
  facet normal -0.195082 0 -0.980787
    outer loop
      vertex 1.824 -23 31.8113
      vertex 2.58819 -17.5 31.6593
      vertex 2.58819 -23 31.6593
    endloop
  endfacet
  facet normal -0.194938 -0 -0.980816
    outer loop
      vertex 1.30526 -17.5 31.9144
      vertex 1.824 -23 31.8113
      vertex 1.30526 -23 31.9144
    endloop
  endfacet
  facet normal -0.195024 -8.40824e-06 -0.980799
    outer loop
      vertex 1.824 -23 31.8113
      vertex 1.30526 -17.5 31.9144
      vertex 2.58819 -17.5 31.6593
    endloop
  endfacet
  facet normal -0.659315 0 -0.751867
    outer loop
      vertex 6.08761 -23 29.9335
      vertex 7.07107 -17.5 29.0711
      vertex 7.07107 -23 29.0711
    endloop
  endfacet
  facet normal -0.659315 0 -0.751867
    outer loop
      vertex 7.07107 -17.5 29.0711
      vertex 6.08761 -23 29.9335
      vertex 6.08761 -17.5 29.9335
    endloop
  endfacet
  facet normal -0.831466 0 -0.555575
    outer loop
      vertex 8.66025 -23 27
      vertex 7.93353 -17.5 28.0876
      vertex 8.66025 -17.5 27
    endloop
  endfacet
  facet normal -0.831466 -0 -0.555575
    outer loop
      vertex 7.93353 -17.5 28.0876
      vertex 8.66025 -23 27
      vertex 7.93353 -23 28.0876
    endloop
  endfacet
  facet normal 0.556075 0 -0.831132
    outer loop
      vertex -5.07249 -23 30.6118
      vertex -5 -17.5 30.6603
      vertex -5 -23 30.6603
    endloop
  endfacet
  facet normal 0.555581 0 -0.831463
    outer loop
      vertex -6.08761 -17.5 29.9335
      vertex -5.07249 -23 30.6118
      vertex -6.08761 -23 29.9335
    endloop
  endfacet
  facet normal 0.555614 8.80567e-06 -0.831441
    outer loop
      vertex -5.07249 -23 30.6118
      vertex -6.08761 -17.5 29.9335
      vertex -5 -17.5 30.6603
    endloop
  endfacet
  facet normal 0.980785 0 -0.195094
    outer loop
      vertex -9.65926 -23 24.5882
      vertex -9.91445 -17.5 23.3053
      vertex -9.65926 -17.5 24.5882
    endloop
  endfacet
  facet normal 0.980785 0 -0.195094
    outer loop
      vertex -9.91445 -17.5 23.3053
      vertex -9.65926 -23 24.5882
      vertex -9.91445 -23 23.3053
    endloop
  endfacet
endsolid OpenSCAD_Model
