solid OpenSCAD_Model
  facet normal 0.065402 0.997859 -0
    outer loop
      vertex 1.04421 7.93156 0
      vertex 0 8 11
      vertex 1.04421 7.93156 11
    endloop
  endfacet
  facet normal 0.065402 0.997859 0
    outer loop
      vertex 0 8 11
      vertex 1.04421 7.93156 0
      vertex 0 8 0
    endloop
  endfacet
  facet normal -0.321438 0.946931 0
    outer loop
      vertex -2.07055 7.72741 0
      vertex -3.06147 7.39104 11
      vertex -2.07055 7.72741 11
    endloop
  endfacet
  facet normal -0.321438 0.946931 0
    outer loop
      vertex -3.06147 7.39104 11
      vertex -2.07055 7.72741 0
      vertex -3.06147 7.39104 0
    endloop
  endfacet
  facet normal 0.442293 0.89687 -0
    outer loop
      vertex 3.85441 7 0
      vertex 3.06147 7.39104 11
      vertex 3.85441 7 11
    endloop
  endfacet
  facet normal 0.442293 0.89687 0
    outer loop
      vertex 3.06147 7.39104 11
      vertex 3.85441 7 0
      vertex 3.06147 7.39104 0
    endloop
  endfacet
  facet normal 0.321438 0.946931 -0
    outer loop
      vertex 3.06147 7.39104 0
      vertex 2.07055 7.72741 11
      vertex 3.06147 7.39104 11
    endloop
  endfacet
  facet normal 0.321438 0.946931 0
    outer loop
      vertex 2.07055 7.72741 11
      vertex 3.06147 7.39104 0
      vertex 2.07055 7.72741 0
    endloop
  endfacet
  facet normal -0.442293 0.89687 0
    outer loop
      vertex -3.06147 7.39104 0
      vertex -3.85441 7 11
      vertex -3.06147 7.39104 11
    endloop
  endfacet
  facet normal -0.442293 0.89687 0
    outer loop
      vertex -3.85441 7 11
      vertex -3.06147 7.39104 0
      vertex -3.85441 7 0
    endloop
  endfacet
  facet normal -0.195089 0.980786 0
    outer loop
      vertex -1.04421 7.93156 0
      vertex -2.07055 7.72741 11
      vertex -1.04421 7.93156 11
    endloop
  endfacet
  facet normal -0.195089 0.980786 0
    outer loop
      vertex -2.07055 7.72741 11
      vertex -1.04421 7.93156 0
      vertex -2.07055 7.72741 0
    endloop
  endfacet
  facet normal -0.321438 -0.946931 0
    outer loop
      vertex -3.06147 -7.39104 0
      vertex -2.07055 -7.72741 11
      vertex -3.06147 -7.39104 11
    endloop
  endfacet
  facet normal -0.321438 -0.946931 -0
    outer loop
      vertex -2.07055 -7.72741 11
      vertex -3.06147 -7.39104 0
      vertex -2.07055 -7.72741 0
    endloop
  endfacet
  facet normal 0 0 -1
    outer loop
      vertex 20 -7 0
      vertex 7.2 0 0
      vertex 20 7 0
    endloop
  endfacet
  facet normal 0 0 -1
    outer loop
      vertex 20 -7 0
      vertex 7.18973 -0.156631 0
      vertex 7.2 0 0
    endloop
  endfacet
  facet normal 0 0 -1
    outer loop
      vertex 20 -7 0
      vertex 7.15911 -0.310582 0
      vertex 7.18973 -0.156631 0
    endloop
  endfacet
  facet normal 0 0 -1
    outer loop
      vertex 20 -7 0
      vertex 7.10865 -0.45922 0
      vertex 7.15911 -0.310582 0
    endloop
  endfacet
  facet normal 0 0 -1
    outer loop
      vertex 20 -7 0
      vertex 7.03923 -0.599999 0
      vertex 7.10865 -0.45922 0
    endloop
  endfacet
  facet normal 0 0 -1
    outer loop
      vertex 20 -7 0
      vertex 6.95202 -0.730514 0
      vertex 7.03923 -0.599999 0
    endloop
  endfacet
  facet normal 0 0 -1
    outer loop
      vertex 20 -7 0
      vertex 6.84853 -0.848528 0
      vertex 6.95202 -0.730514 0
    endloop
  endfacet
  facet normal 0 0 -1
    outer loop
      vertex 20 -7 0
      vertex 6.73051 -0.952024 0
      vertex 6.84853 -0.848528 0
    endloop
  endfacet
  facet normal 0 0 -1
    outer loop
      vertex 3.85441 -7 0
      vertex 6.73051 -0.952024 0
      vertex 20 -7 0
    endloop
  endfacet
  facet normal 0 0 -1
    outer loop
      vertex 6.73051 -0.952024 0
      vertex 3.85441 -7 0
      vertex 6.6 -1.03923 0
    endloop
  endfacet
  facet normal 0 0 -1
    outer loop
      vertex 6.6 -1.03923 0
      vertex 3.85441 -7 0
      vertex 6.45922 -1.10865 0
    endloop
  endfacet
  facet normal 0 0 -1
    outer loop
      vertex 6.45922 -1.10865 0
      vertex 3.85441 -7 0
      vertex 6.31058 -1.15911 0
    endloop
  endfacet
  facet normal 0 0 -1
    outer loop
      vertex 6.31058 -1.15911 0
      vertex 3.85441 -7 0
      vertex 6.15663 -1.18973 0
    endloop
  endfacet
  facet normal 0 0 -1
    outer loop
      vertex 6.15663 -1.18973 0
      vertex 3.85441 -7 0
      vertex 6 -1.2 0
    endloop
  endfacet
  facet normal -0 0 -1
    outer loop
      vertex 6 -1.2 0
      vertex 3.85441 -7 0
      vertex 5.84337 -1.18973 0
    endloop
  endfacet
  facet normal -0 0 -1
    outer loop
      vertex 5.84337 -1.18973 0
      vertex 3.85441 -7 0
      vertex 5.68942 -1.15911 0
    endloop
  endfacet
  facet normal -0 0 -1
    outer loop
      vertex 4.96077 -0.599999 0
      vertex 1.04421 -7.93156 0
      vertex 4.89134 -0.45922 0
    endloop
  endfacet
  facet normal 0 0 -1
    outer loop
      vertex 1.04421 -7.93156 0
      vertex 4.96077 -0.599999 0
      vertex 2.07055 -7.72741 0
    endloop
  endfacet
  facet normal 0 0 -1
    outer loop
      vertex 2.07055 -7.72741 0
      vertex 4.96077 -0.599999 0
      vertex 3.06147 -7.39104 0
    endloop
  endfacet
  facet normal -0 0 -1
    outer loop
      vertex 5.04798 -0.730514 0
      vertex 3.06147 -7.39104 0
      vertex 4.96077 -0.599999 0
    endloop
  endfacet
  facet normal 0 0 -1
    outer loop
      vertex 3.06147 -7.39104 0
      vertex 5.04798 -0.730514 0
      vertex 3.85441 -7 0
    endloop
  endfacet
  facet normal -0 0 -1
    outer loop
      vertex 5.15147 -0.848528 0
      vertex 3.85441 -7 0
      vertex 5.04798 -0.730514 0
    endloop
  endfacet
  facet normal -0 0 -1
    outer loop
      vertex 5.26949 -0.952024 0
      vertex 3.85441 -7 0
      vertex 5.15147 -0.848528 0
    endloop
  endfacet
  facet normal -0 0 -1
    outer loop
      vertex 5.4 -1.03923 0
      vertex 3.85441 -7 0
      vertex 5.26949 -0.952024 0
    endloop
  endfacet
  facet normal -0 0 -1
    outer loop
      vertex 5.54078 -1.10865 0
      vertex 3.85441 -7 0
      vertex 5.4 -1.03923 0
    endloop
  endfacet
  facet normal -0 0 -1
    outer loop
      vertex 5.68942 -1.15911 0
      vertex 3.85441 -7 0
      vertex 5.54078 -1.10865 0
    endloop
  endfacet
  facet normal 0 0 -1
    outer loop
      vertex 7.18973 0.156631 0
      vertex 20 7 0
      vertex 7.2 0 0
    endloop
  endfacet
  facet normal 0 0 -1
    outer loop
      vertex 7.15911 0.310582 0
      vertex 20 7 0
      vertex 7.18973 0.156631 0
    endloop
  endfacet
  facet normal 0 0 -1
    outer loop
      vertex 7.10865 0.45922 0
      vertex 20 7 0
      vertex 7.15911 0.310582 0
    endloop
  endfacet
  facet normal 0 0 -1
    outer loop
      vertex 7.03923 0.599999 0
      vertex 20 7 0
      vertex 7.10865 0.45922 0
    endloop
  endfacet
  facet normal 0 0 -1
    outer loop
      vertex 6.95202 0.730514 0
      vertex 20 7 0
      vertex 7.03923 0.599999 0
    endloop
  endfacet
  facet normal 0 0 -1
    outer loop
      vertex 6.84853 0.848528 0
      vertex 20 7 0
      vertex 6.95202 0.730514 0
    endloop
  endfacet
  facet normal 0 0 -1
    outer loop
      vertex 6.73051 0.952024 0
      vertex 20 7 0
      vertex 6.84853 0.848528 0
    endloop
  endfacet
  facet normal 0 0 -1
    outer loop
      vertex 3.85441 7 0
      vertex 6.73051 0.952024 0
      vertex 6.6 1.03923 0
    endloop
  endfacet
  facet normal 0 0 -1
    outer loop
      vertex 3.85441 7 0
      vertex 6.6 1.03923 0
      vertex 6.45922 1.10865 0
    endloop
  endfacet
  facet normal 0 0 -1
    outer loop
      vertex 3.85441 7 0
      vertex 6.45922 1.10865 0
      vertex 6.31058 1.15911 0
    endloop
  endfacet
  facet normal 0 0 -1
    outer loop
      vertex 3.85441 7 0
      vertex 6.31058 1.15911 0
      vertex 6.15663 1.18973 0
    endloop
  endfacet
  facet normal 0 0 -1
    outer loop
      vertex 3.85441 7 0
      vertex 6.15663 1.18973 0
      vertex 6 1.2 0
    endloop
  endfacet
  facet normal 0 0 -1
    outer loop
      vertex 3.85441 7 0
      vertex 6 1.2 0
      vertex 5.84337 1.18973 0
    endloop
  endfacet
  facet normal 0 0 -1
    outer loop
      vertex 3.85441 7 0
      vertex 5.84337 1.18973 0
      vertex 5.68942 1.15911 0
    endloop
  endfacet
  facet normal 0 0 -1
    outer loop
      vertex 3.85441 7 0
      vertex 5.68942 1.15911 0
      vertex 5.54078 1.10865 0
    endloop
  endfacet
  facet normal 0 0 -1
    outer loop
      vertex 0 -8 0
      vertex 4.89134 -0.45922 0
      vertex 1.04421 -7.93156 0
    endloop
  endfacet
  facet normal 0 0 -1
    outer loop
      vertex 6.73051 0.952024 0
      vertex 3.85441 7 0
      vertex 20 7 0
    endloop
  endfacet
  facet normal 0 0 -1
    outer loop
      vertex 5.4 1.03923 0
      vertex 3.85441 7 0
      vertex 5.54078 1.10865 0
    endloop
  endfacet
  facet normal 0 0 -1
    outer loop
      vertex 5.26949 0.952024 0
      vertex 3.85441 7 0
      vertex 5.4 1.03923 0
    endloop
  endfacet
  facet normal 0 0 -1
    outer loop
      vertex 5.15147 0.848528 0
      vertex 3.85441 7 0
      vertex 5.26949 0.952024 0
    endloop
  endfacet
  facet normal 0 0 -1
    outer loop
      vertex 5.04798 0.730514 0
      vertex 3.85441 7 0
      vertex 5.15147 0.848528 0
    endloop
  endfacet
  facet normal 0 0 -1
    outer loop
      vertex 3.06147 7.39104 0
      vertex 5.04798 0.730514 0
      vertex 4.96077 0.599999 0
    endloop
  endfacet
  facet normal 0 0 -1
    outer loop
      vertex 1.04421 7.93156 0
      vertex 4.96077 0.599999 0
      vertex 4.89134 0.45922 0
    endloop
  endfacet
  facet normal 0 0 -1
    outer loop
      vertex -2.07055 7.72741 0
      vertex 4.89134 0.45922 0
      vertex 4.84089 0.310582 0
    endloop
  endfacet
  facet normal 0 0 -1
    outer loop
      vertex -3.85441 7 0
      vertex 4.84089 0.310582 0
      vertex 4.81027 0.156631 0
    endloop
  endfacet
  facet normal 0 0 -1
    outer loop
      vertex -1.04421 -7.93156 0
      vertex 4.89134 -0.45922 0
      vertex 0 -8 0
    endloop
  endfacet
  facet normal 0 0 -1
    outer loop
      vertex -2.07055 -7.72741 0
      vertex 4.89134 -0.45922 0
      vertex -1.04421 -7.93156 0
    endloop
  endfacet
  facet normal -0 0 -1
    outer loop
      vertex 4.89134 -0.45922 0
      vertex -2.07055 -7.72741 0
      vertex 4.84089 -0.310582 0
    endloop
  endfacet
  facet normal 0 0 -1
    outer loop
      vertex 4.96077 0.599999 0
      vertex 2.07055 7.72741 0
      vertex 3.06147 7.39104 0
    endloop
  endfacet
  facet normal 0 0 -1
    outer loop
      vertex 5.04798 0.730514 0
      vertex 3.06147 7.39104 0
      vertex 3.85441 7 0
    endloop
  endfacet
  facet normal 0 0 -1
    outer loop
      vertex -3.06147 -7.39104 0
      vertex 4.84089 -0.310582 0
      vertex -2.07055 -7.72741 0
    endloop
  endfacet
  facet normal 0 0 -1
    outer loop
      vertex 4.96077 0.599999 0
      vertex 1.04421 7.93156 0
      vertex 2.07055 7.72741 0
    endloop
  endfacet
  facet normal 0 0 -1
    outer loop
      vertex -3.85441 -7 0
      vertex 4.84089 -0.310582 0
      vertex -3.06147 -7.39104 0
    endloop
  endfacet
  facet normal 0 0 -1
    outer loop
      vertex 4.89134 0.45922 0
      vertex 0 8 0
      vertex 1.04421 7.93156 0
    endloop
  endfacet
  facet normal -0 0 -1
    outer loop
      vertex 4.84089 -0.310582 0
      vertex -3.85441 -7 0
      vertex 4.81027 -0.156631 0
    endloop
  endfacet
  facet normal 0 0 -1
    outer loop
      vertex 4.89134 0.45922 0
      vertex -1.04421 7.93156 0
      vertex 0 8 0
    endloop
  endfacet
  facet normal -0 0 -1
    outer loop
      vertex 4.81027 -0.156631 0
      vertex -3.85441 -7 0
      vertex 4.8 0 0
    endloop
  endfacet
  facet normal 0 0 -1
    outer loop
      vertex 4.89134 0.45922 0
      vertex -2.07055 7.72741 0
      vertex -1.04421 7.93156 0
    endloop
  endfacet
  facet normal 0 0 -1
    outer loop
      vertex -3.85441 7 0
      vertex 4.8 0 0
      vertex -3.85441 -7 0
    endloop
  endfacet
  facet normal 0 0 -1
    outer loop
      vertex 4.8 0 0
      vertex -3.85441 7 0
      vertex 4.81027 0.156631 0
    endloop
  endfacet
  facet normal 0 0 -1
    outer loop
      vertex 4.84089 0.310582 0
      vertex -3.85441 7 0
      vertex -3.06147 7.39104 0
    endloop
  endfacet
  facet normal 0 0 -1
    outer loop
      vertex 4.84089 0.310582 0
      vertex -3.06147 7.39104 0
      vertex -2.07055 7.72741 0
    endloop
  endfacet
  facet normal 0 0 -1
    outer loop
      vertex -16 -7 0
      vertex -3.85441 7 0
      vertex -3.85441 -7 0
    endloop
  endfacet
  facet normal -0 0 -1
    outer loop
      vertex -3.85441 7 0
      vertex -16 -7 0
      vertex -16 7 0
    endloop
  endfacet
  facet normal 0.195089 0.980786 -0
    outer loop
      vertex 2.07055 7.72741 0
      vertex 1.04421 7.93156 11
      vertex 2.07055 7.72741 11
    endloop
  endfacet
  facet normal 0.195089 0.980786 0
    outer loop
      vertex 1.04421 7.93156 11
      vertex 2.07055 7.72741 0
      vertex 1.04421 7.93156 0
    endloop
  endfacet
  facet normal -0.065402 0.997859 0
    outer loop
      vertex 0 8 0
      vertex -1.04421 7.93156 11
      vertex 0 8 11
    endloop
  endfacet
  facet normal -0.065402 0.997859 0
    outer loop
      vertex -1.04421 7.93156 11
      vertex 0 8 0
      vertex -1.04421 7.93156 0
    endloop
  endfacet
  facet normal 0.065402 -0.997859 0
    outer loop
      vertex 0 -8 0
      vertex 1.04421 -7.93156 11
      vertex 0 -8 11
    endloop
  endfacet
  facet normal 0.065402 -0.997859 0
    outer loop
      vertex 1.04421 -7.93156 11
      vertex 0 -8 0
      vertex 1.04421 -7.93156 0
    endloop
  endfacet
  facet normal 0.321438 -0.946931 0
    outer loop
      vertex 2.07055 -7.72741 0
      vertex 3.06147 -7.39104 11
      vertex 2.07055 -7.72741 11
    endloop
  endfacet
  facet normal 0.321438 -0.946931 0
    outer loop
      vertex 3.06147 -7.39104 11
      vertex 2.07055 -7.72741 0
      vertex 3.06147 -7.39104 0
    endloop
  endfacet
  facet normal 0.442293 -0.89687 0
    outer loop
      vertex 3.06147 -7.39104 0
      vertex 3.85441 -7 11
      vertex 3.06147 -7.39104 11
    endloop
  endfacet
  facet normal 0.442293 -0.89687 0
    outer loop
      vertex 3.85441 -7 11
      vertex 3.06147 -7.39104 0
      vertex 3.85441 -7 0
    endloop
  endfacet
  facet normal -0.442293 -0.89687 0
    outer loop
      vertex -3.85441 -7 0
      vertex -3.06147 -7.39104 11
      vertex -3.85441 -7 11
    endloop
  endfacet
  facet normal -0.442293 -0.89687 -0
    outer loop
      vertex -3.06147 -7.39104 11
      vertex -3.85441 -7 0
      vertex -3.06147 -7.39104 0
    endloop
  endfacet
  facet normal -0.195089 -0.980786 0
    outer loop
      vertex -2.07055 -7.72741 0
      vertex -1.04421 -7.93156 11
      vertex -2.07055 -7.72741 11
    endloop
  endfacet
  facet normal -0.195089 -0.980786 -0
    outer loop
      vertex -1.04421 -7.93156 11
      vertex -2.07055 -7.72741 0
      vertex -1.04421 -7.93156 0
    endloop
  endfacet
  facet normal 0.195089 -0.980786 0
    outer loop
      vertex 1.04421 -7.93156 0
      vertex 2.07055 -7.72741 11
      vertex 1.04421 -7.93156 11
    endloop
  endfacet
  facet normal 0.195089 -0.980786 0
    outer loop
      vertex 2.07055 -7.72741 11
      vertex 1.04421 -7.93156 0
      vertex 2.07055 -7.72741 0
    endloop
  endfacet
  facet normal -0.065402 -0.997859 0
    outer loop
      vertex -1.04421 -7.93156 0
      vertex 0 -8 11
      vertex -1.04421 -7.93156 11
    endloop
  endfacet
  facet normal -0.065402 -0.997859 -0
    outer loop
      vertex 0 -8 11
      vertex -1.04421 -7.93156 0
      vertex 0 -8 0
    endloop
  endfacet
  facet normal 0 0 1
    outer loop
      vertex 5.15147 -0.848528 11
      vertex 3.46455 -1.43506 11
      vertex 5.26949 -0.952024 11
    endloop
  endfacet
  facet normal 0 0 1
    outer loop
      vertex 5.26949 -0.952024 11
      vertex 3.46455 -1.43506 11
      vertex 5.4 -1.03923 11
    endloop
  endfacet
  facet normal 0 0 1
    outer loop
      vertex 3.24759 -1.875 11
      vertex 5.4 -1.03923 11
      vertex 3.46455 -1.43506 11
    endloop
  endfacet
  facet normal 0 0 1
    outer loop
      vertex 2.97507 -2.28286 11
      vertex 5.4 -1.03923 11
      vertex 3.24759 -1.875 11
    endloop
  endfacet
  facet normal 0 0 1
    outer loop
      vertex 5.4 -1.03923 11
      vertex 2.97507 -2.28286 11
      vertex 3.85441 -7 11
    endloop
  endfacet
  facet normal -0 0 1
    outer loop
      vertex 2.65165 -2.65165 11
      vertex 3.85441 -7 11
      vertex 2.97507 -2.28286 11
    endloop
  endfacet
  facet normal -0 0 1
    outer loop
      vertex 2.28286 -2.97507 11
      vertex 3.85441 -7 11
      vertex 2.65165 -2.65165 11
    endloop
  endfacet
  facet normal -0 0 1
    outer loop
      vertex 1.875 -3.24759 11
      vertex 3.85441 -7 11
      vertex 2.28286 -2.97507 11
    endloop
  endfacet
  facet normal -0 0 1
    outer loop
      vertex 1.43506 -3.46455 11
      vertex 3.85441 -7 11
      vertex 1.875 -3.24759 11
    endloop
  endfacet
  facet normal 0 0 1
    outer loop
      vertex 3.85441 -7 11
      vertex 1.43506 -3.46455 11
      vertex 3.06147 -7.39104 11
    endloop
  endfacet
  facet normal 0 0 1
    outer loop
      vertex 3.06147 -7.39104 11
      vertex 1.43506 -3.46455 11
      vertex 2.07055 -7.72741 11
    endloop
  endfacet
  facet normal -0 0 1
    outer loop
      vertex 0.970571 -3.62222 11
      vertex 2.07055 -7.72741 11
      vertex 1.43506 -3.46455 11
    endloop
  endfacet
  facet normal 0 0 1
    outer loop
      vertex 2.07055 -7.72741 11
      vertex 0.970571 -3.62222 11
      vertex 1.04421 -7.93156 11
    endloop
  endfacet
  facet normal -0 0 1
    outer loop
      vertex 0.489472 -3.71792 11
      vertex 1.04421 -7.93156 11
      vertex 0.970571 -3.62222 11
    endloop
  endfacet
  facet normal -0 0 1
    outer loop
      vertex 0 -3.75 11
      vertex 1.04421 -7.93156 11
      vertex 0.489472 -3.71792 11
    endloop
  endfacet
  facet normal 0 0 1
    outer loop
      vertex 0 -3.75 11
      vertex 0 -8 11
      vertex 1.04421 -7.93156 11
    endloop
  endfacet
  facet normal 0 0 1
    outer loop
      vertex -0.489472 -3.71792 11
      vertex 0 -8 11
      vertex 0 -3.75 11
    endloop
  endfacet
  facet normal 0 0 1
    outer loop
      vertex -1.04421 -7.93156 11
      vertex -0.489472 -3.71792 11
      vertex -0.970571 -3.62222 11
    endloop
  endfacet
  facet normal 0 0 1
    outer loop
      vertex -0.489472 -3.71792 11
      vertex -1.04421 -7.93156 11
      vertex 0 -8 11
    endloop
  endfacet
  facet normal 0 0 1
    outer loop
      vertex -2.07055 -7.72741 11
      vertex -0.970571 -3.62222 11
      vertex -1.43506 -3.46455 11
    endloop
  endfacet
  facet normal 0 0 1
    outer loop
      vertex -3.85441 -7 11
      vertex -1.43506 -3.46455 11
      vertex -1.875 -3.24759 11
    endloop
  endfacet
  facet normal 0 0 1
    outer loop
      vertex -0.970571 -3.62222 11
      vertex -2.07055 -7.72741 11
      vertex -1.04421 -7.93156 11
    endloop
  endfacet
  facet normal 0 0 1
    outer loop
      vertex -3.85441 -7 11
      vertex -1.875 -3.24759 11
      vertex -2.28286 -2.97507 11
    endloop
  endfacet
  facet normal 0 0 1
    outer loop
      vertex -3.85441 -7 11
      vertex -2.28286 -2.97507 11
      vertex -2.65165 -2.65165 11
    endloop
  endfacet
  facet normal 0 0 1
    outer loop
      vertex -3.85441 -7 11
      vertex -2.65165 -2.65165 11
      vertex -2.97507 -2.28286 11
    endloop
  endfacet
  facet normal 0 0 1
    outer loop
      vertex -1.43506 -3.46455 11
      vertex -3.06147 -7.39104 11
      vertex -2.07055 -7.72741 11
    endloop
  endfacet
  facet normal 0 0 1
    outer loop
      vertex -3.85441 -7 11
      vertex -2.97507 -2.28286 11
      vertex -3.24759 -1.875 11
    endloop
  endfacet
  facet normal 0 0 1
    outer loop
      vertex -3.85441 -7 11
      vertex -3.24759 -1.875 11
      vertex -3.46455 -1.43506 11
    endloop
  endfacet
  facet normal 0 0 1
    outer loop
      vertex -16 -7 11
      vertex -3.46455 -1.43506 11
      vertex -3.62222 -0.970571 11
    endloop
  endfacet
  facet normal 0 0 1
    outer loop
      vertex -16 -7 11
      vertex -3.62222 -0.970571 11
      vertex -3.71792 -0.489472 11
    endloop
  endfacet
  facet normal 0 0 1
    outer loop
      vertex -1.43506 -3.46455 11
      vertex -3.85441 -7 11
      vertex -3.06147 -7.39104 11
    endloop
  endfacet
  facet normal 0 0 1
    outer loop
      vertex -16 -7 11
      vertex -3.71792 -0.489472 11
      vertex -3.75 0 11
    endloop
  endfacet
  facet normal 0 0 1
    outer loop
      vertex -3.71792 0.489472 11
      vertex -16 7 11
      vertex -3.75 0 11
    endloop
  endfacet
  facet normal 0 0 1
    outer loop
      vertex -16 -7 11
      vertex -3.75 0 11
      vertex -16 7 11
    endloop
  endfacet
  facet normal 0 0 1
    outer loop
      vertex -3.46455 -1.43506 11
      vertex -16 -7 11
      vertex -3.85441 -7 11
    endloop
  endfacet
  facet normal 0 0 1
    outer loop
      vertex 20 7 11
      vertex 7.2 0 11
      vertex 20 -7 11
    endloop
  endfacet
  facet normal 0 0 1
    outer loop
      vertex 20 7 11
      vertex 7.18973 0.156631 11
      vertex 7.2 0 11
    endloop
  endfacet
  facet normal 0 0 1
    outer loop
      vertex 20 7 11
      vertex 7.15911 0.310582 11
      vertex 7.18973 0.156631 11
    endloop
  endfacet
  facet normal 0 0 1
    outer loop
      vertex 20 7 11
      vertex 7.10865 0.45922 11
      vertex 7.15911 0.310582 11
    endloop
  endfacet
  facet normal 0 0 1
    outer loop
      vertex 20 7 11
      vertex 7.03923 0.599999 11
      vertex 7.10865 0.45922 11
    endloop
  endfacet
  facet normal 0 0 1
    outer loop
      vertex 20 7 11
      vertex 6.95202 0.730514 11
      vertex 7.03923 0.599999 11
    endloop
  endfacet
  facet normal 0 0 1
    outer loop
      vertex 20 7 11
      vertex 6.84853 0.848528 11
      vertex 6.95202 0.730514 11
    endloop
  endfacet
  facet normal 0 0 1
    outer loop
      vertex 20 7 11
      vertex 6.73051 0.952024 11
      vertex 6.84853 0.848528 11
    endloop
  endfacet
  facet normal -0 0 1
    outer loop
      vertex 3.85441 7 11
      vertex 6.73051 0.952024 11
      vertex 20 7 11
    endloop
  endfacet
  facet normal 0 0 1
    outer loop
      vertex 6.73051 0.952024 11
      vertex 3.85441 7 11
      vertex 6.6 1.03923 11
    endloop
  endfacet
  facet normal 0 0 1
    outer loop
      vertex 6.6 1.03923 11
      vertex 3.85441 7 11
      vertex 6.45922 1.10865 11
    endloop
  endfacet
  facet normal 0 0 1
    outer loop
      vertex 6.45922 1.10865 11
      vertex 3.85441 7 11
      vertex 6.31058 1.15911 11
    endloop
  endfacet
  facet normal 0 0 1
    outer loop
      vertex 6.31058 1.15911 11
      vertex 3.85441 7 11
      vertex 6.15663 1.18973 11
    endloop
  endfacet
  facet normal 0 0 1
    outer loop
      vertex 6.15663 1.18973 11
      vertex 3.85441 7 11
      vertex 6 1.2 11
    endloop
  endfacet
  facet normal 0 0 1
    outer loop
      vertex 6 1.2 11
      vertex 3.85441 7 11
      vertex 5.84337 1.18973 11
    endloop
  endfacet
  facet normal -0 0 1
    outer loop
      vertex 2.97507 2.28286 11
      vertex 5.84337 1.18973 11
      vertex 3.85441 7 11
    endloop
  endfacet
  facet normal 0 -0 1
    outer loop
      vertex 3.71792 0.489472 11
      vertex 4.96077 0.599999 11
      vertex 3.62222 0.970571 11
    endloop
  endfacet
  facet normal 0 0 1
    outer loop
      vertex 5.04798 0.730514 11
      vertex 3.62222 0.970571 11
      vertex 4.96077 0.599999 11
    endloop
  endfacet
  facet normal 0 0 1
    outer loop
      vertex 5.15147 0.848528 11
      vertex 3.62222 0.970571 11
      vertex 5.04798 0.730514 11
    endloop
  endfacet
  facet normal -0 -0 1
    outer loop
      vertex 3.62222 0.970571 11
      vertex 5.15147 0.848528 11
      vertex 3.46455 1.43506 11
    endloop
  endfacet
  facet normal 0 0 1
    outer loop
      vertex 5.26949 0.952024 11
      vertex 3.46455 1.43506 11
      vertex 5.15147 0.848528 11
    endloop
  endfacet
  facet normal 0 0 1
    outer loop
      vertex 5.4 1.03923 11
      vertex 3.46455 1.43506 11
      vertex 5.26949 0.952024 11
    endloop
  endfacet
  facet normal -0 -0 1
    outer loop
      vertex 3.46455 1.43506 11
      vertex 5.4 1.03923 11
      vertex 3.24759 1.875 11
    endloop
  endfacet
  facet normal 0 0 1
    outer loop
      vertex 5.54078 1.10865 11
      vertex 3.24759 1.875 11
      vertex 5.4 1.03923 11
    endloop
  endfacet
  facet normal 0 0 1
    outer loop
      vertex 5.68942 1.15911 11
      vertex 3.24759 1.875 11
      vertex 5.54078 1.10865 11
    endloop
  endfacet
  facet normal 0 0 1
    outer loop
      vertex 5.84337 1.18973 11
      vertex 2.97507 2.28286 11
      vertex 5.68942 1.15911 11
    endloop
  endfacet
  facet normal -0 0 1
    outer loop
      vertex 7.18973 -0.156631 11
      vertex 20 -7 11
      vertex 7.2 0 11
    endloop
  endfacet
  facet normal -0 0 1
    outer loop
      vertex 7.15911 -0.310582 11
      vertex 20 -7 11
      vertex 7.18973 -0.156631 11
    endloop
  endfacet
  facet normal -0 0 1
    outer loop
      vertex 7.10865 -0.45922 11
      vertex 20 -7 11
      vertex 7.15911 -0.310582 11
    endloop
  endfacet
  facet normal -0 0 1
    outer loop
      vertex 7.03923 -0.599999 11
      vertex 20 -7 11
      vertex 7.10865 -0.45922 11
    endloop
  endfacet
  facet normal -0 0 1
    outer loop
      vertex 6.95202 -0.730514 11
      vertex 20 -7 11
      vertex 7.03923 -0.599999 11
    endloop
  endfacet
  facet normal -0 0 1
    outer loop
      vertex 6.84853 -0.848528 11
      vertex 20 -7 11
      vertex 6.95202 -0.730514 11
    endloop
  endfacet
  facet normal -0 0 1
    outer loop
      vertex 6.73051 -0.952024 11
      vertex 20 -7 11
      vertex 6.84853 -0.848528 11
    endloop
  endfacet
  facet normal 0 0 1
    outer loop
      vertex 3.85441 -7 11
      vertex 6.73051 -0.952024 11
      vertex 6.6 -1.03923 11
    endloop
  endfacet
  facet normal 0 0 1
    outer loop
      vertex 3.85441 -7 11
      vertex 6.6 -1.03923 11
      vertex 6.45922 -1.10865 11
    endloop
  endfacet
  facet normal 0 0 1
    outer loop
      vertex 3.85441 -7 11
      vertex 6.45922 -1.10865 11
      vertex 6.31058 -1.15911 11
    endloop
  endfacet
  facet normal 0 0 1
    outer loop
      vertex 3.85441 -7 11
      vertex 6.31058 -1.15911 11
      vertex 6.15663 -1.18973 11
    endloop
  endfacet
  facet normal 0 0 1
    outer loop
      vertex 3.85441 -7 11
      vertex 6.15663 -1.18973 11
      vertex 6 -1.2 11
    endloop
  endfacet
  facet normal 0 0 1
    outer loop
      vertex 3.85441 -7 11
      vertex 6 -1.2 11
      vertex 5.84337 -1.18973 11
    endloop
  endfacet
  facet normal 0 0 1
    outer loop
      vertex 3.85441 -7 11
      vertex 5.84337 -1.18973 11
      vertex 5.68942 -1.15911 11
    endloop
  endfacet
  facet normal 0 0 1
    outer loop
      vertex 3.85441 -7 11
      vertex 5.68942 -1.15911 11
      vertex 5.54078 -1.10865 11
    endloop
  endfacet
  facet normal 0 0 1
    outer loop
      vertex 4.96077 0.599999 11
      vertex 3.71792 0.489472 11
      vertex 4.89134 0.45922 11
    endloop
  endfacet
  facet normal 0 0 1
    outer loop
      vertex 6.73051 -0.952024 11
      vertex 3.85441 -7 11
      vertex 20 -7 11
    endloop
  endfacet
  facet normal 0 0 1
    outer loop
      vertex 5.4 -1.03923 11
      vertex 3.85441 -7 11
      vertex 5.54078 -1.10865 11
    endloop
  endfacet
  facet normal 0 0 1
    outer loop
      vertex 3.46455 -1.43506 11
      vertex 5.15147 -0.848528 11
      vertex 3.62222 -0.970571 11
    endloop
  endfacet
  facet normal 0 0 1
    outer loop
      vertex 5.04798 -0.730514 11
      vertex 3.62222 -0.970571 11
      vertex 5.15147 -0.848528 11
    endloop
  endfacet
  facet normal 0 0 1
    outer loop
      vertex 3.62222 -0.970571 11
      vertex 4.96077 -0.599999 11
      vertex 3.71792 -0.489472 11
    endloop
  endfacet
  facet normal 0 0 1
    outer loop
      vertex 4.89134 -0.45922 11
      vertex 3.71792 -0.489472 11
      vertex 4.96077 -0.599999 11
    endloop
  endfacet
  facet normal 0 0 1
    outer loop
      vertex 4.84089 -0.310582 11
      vertex 3.71792 -0.489472 11
      vertex 4.89134 -0.45922 11
    endloop
  endfacet
  facet normal 0 0 1
    outer loop
      vertex 4.81027 -0.156631 11
      vertex 3.71792 -0.489472 11
      vertex 4.84089 -0.310582 11
    endloop
  endfacet
  facet normal 0 0 1
    outer loop
      vertex 3.71792 -0.489472 11
      vertex 4.81027 -0.156631 11
      vertex 3.75 0 11
    endloop
  endfacet
  facet normal 0 0 1
    outer loop
      vertex 4.84089 0.310582 11
      vertex 3.71792 0.489472 11
      vertex 4.81027 0.156631 11
    endloop
  endfacet
  facet normal 0 0 1
    outer loop
      vertex 4.96077 -0.599999 11
      vertex 3.62222 -0.970571 11
      vertex 5.04798 -0.730514 11
    endloop
  endfacet
  facet normal 0 0 1
    outer loop
      vertex 4.8 0 11
      vertex 3.75 0 11
      vertex 4.81027 -0.156631 11
    endloop
  endfacet
  facet normal 0 0 1
    outer loop
      vertex 4.81027 0.156631 11
      vertex 3.75 0 11
      vertex 4.8 0 11
    endloop
  endfacet
  facet normal 0 -0 1
    outer loop
      vertex 3.75 0 11
      vertex 4.81027 0.156631 11
      vertex 3.71792 0.489472 11
    endloop
  endfacet
  facet normal 0 0 1
    outer loop
      vertex 4.89134 0.45922 11
      vertex 3.71792 0.489472 11
      vertex 4.84089 0.310582 11
    endloop
  endfacet
  facet normal 0 0 1
    outer loop
      vertex 1.43506 3.46455 11
      vertex 3.85441 7 11
      vertex 3.06147 7.39104 11
    endloop
  endfacet
  facet normal 0 0 1
    outer loop
      vertex 5.68942 1.15911 11
      vertex 2.97507 2.28286 11
      vertex 3.24759 1.875 11
    endloop
  endfacet
  facet normal 0 0 1
    outer loop
      vertex 3.85441 7 11
      vertex 2.65165 2.65165 11
      vertex 2.97507 2.28286 11
    endloop
  endfacet
  facet normal 0 0 1
    outer loop
      vertex 3.85441 7 11
      vertex 2.28286 2.97507 11
      vertex 2.65165 2.65165 11
    endloop
  endfacet
  facet normal 0 0 1
    outer loop
      vertex 1.43506 3.46455 11
      vertex 3.06147 7.39104 11
      vertex 2.07055 7.72741 11
    endloop
  endfacet
  facet normal 0 0 1
    outer loop
      vertex 3.85441 7 11
      vertex 1.875 3.24759 11
      vertex 2.28286 2.97507 11
    endloop
  endfacet
  facet normal 0 0 1
    outer loop
      vertex 3.85441 7 11
      vertex 1.43506 3.46455 11
      vertex 1.875 3.24759 11
    endloop
  endfacet
  facet normal 0 0 1
    outer loop
      vertex 0.970571 3.62222 11
      vertex 2.07055 7.72741 11
      vertex 1.04421 7.93156 11
    endloop
  endfacet
  facet normal 0 0 1
    outer loop
      vertex 2.07055 7.72741 11
      vertex 0.970571 3.62222 11
      vertex 1.43506 3.46455 11
    endloop
  endfacet
  facet normal 0 0 1
    outer loop
      vertex 1.04421 7.93156 11
      vertex 0.489472 3.71792 11
      vertex 0.970571 3.62222 11
    endloop
  endfacet
  facet normal 0 0 1
    outer loop
      vertex 0 8 11
      vertex 0.489472 3.71792 11
      vertex 1.04421 7.93156 11
    endloop
  endfacet
  facet normal 0 0 1
    outer loop
      vertex 0 8 11
      vertex 0 3.75 11
      vertex 0.489472 3.71792 11
    endloop
  endfacet
  facet normal 0 0 1
    outer loop
      vertex 0 8 11
      vertex -0.489472 3.71792 11
      vertex 0 3.75 11
    endloop
  endfacet
  facet normal -0 0 1
    outer loop
      vertex -1.04421 7.93156 11
      vertex -0.489472 3.71792 11
      vertex 0 8 11
    endloop
  endfacet
  facet normal 0 0 1
    outer loop
      vertex -0.489472 3.71792 11
      vertex -1.04421 7.93156 11
      vertex -0.970571 3.62222 11
    endloop
  endfacet
  facet normal -0 0 1
    outer loop
      vertex -2.07055 7.72741 11
      vertex -0.970571 3.62222 11
      vertex -1.04421 7.93156 11
    endloop
  endfacet
  facet normal 0 0 1
    outer loop
      vertex -0.970571 3.62222 11
      vertex -2.07055 7.72741 11
      vertex -1.43506 3.46455 11
    endloop
  endfacet
  facet normal -0 0 1
    outer loop
      vertex -3.06147 7.39104 11
      vertex -1.43506 3.46455 11
      vertex -2.07055 7.72741 11
    endloop
  endfacet
  facet normal -0 0 1
    outer loop
      vertex -3.85441 7 11
      vertex -1.43506 3.46455 11
      vertex -3.06147 7.39104 11
    endloop
  endfacet
  facet normal 0 0 1
    outer loop
      vertex -1.43506 3.46455 11
      vertex -3.85441 7 11
      vertex -1.875 3.24759 11
    endloop
  endfacet
  facet normal 0 0 1
    outer loop
      vertex -1.875 3.24759 11
      vertex -3.85441 7 11
      vertex -2.28286 2.97507 11
    endloop
  endfacet
  facet normal 0 0 1
    outer loop
      vertex -2.28286 2.97507 11
      vertex -3.85441 7 11
      vertex -2.65165 2.65165 11
    endloop
  endfacet
  facet normal 0 0 1
    outer loop
      vertex -2.65165 2.65165 11
      vertex -3.85441 7 11
      vertex -2.97507 2.28286 11
    endloop
  endfacet
  facet normal 0 0 1
    outer loop
      vertex -2.97507 2.28286 11
      vertex -3.85441 7 11
      vertex -3.24759 1.875 11
    endloop
  endfacet
  facet normal 0 0 1
    outer loop
      vertex -3.24759 1.875 11
      vertex -3.85441 7 11
      vertex -3.46455 1.43506 11
    endloop
  endfacet
  facet normal -0 0 1
    outer loop
      vertex -16 7 11
      vertex -3.46455 1.43506 11
      vertex -3.85441 7 11
    endloop
  endfacet
  facet normal 0 0 1
    outer loop
      vertex -3.62222 0.970571 11
      vertex -16 7 11
      vertex -3.71792 0.489472 11
    endloop
  endfacet
  facet normal 0 0 1
    outer loop
      vertex -3.46455 1.43506 11
      vertex -16 7 11
      vertex -3.62222 0.970571 11
    endloop
  endfacet
  facet normal -1 0 0
    outer loop
      vertex -16 7 0
      vertex -16 5 2
      vertex -16 7 11
    endloop
  endfacet
  facet normal -1 0 0
    outer loop
      vertex -16 7 0
      vertex -16 -5 2
      vertex -16 5 2
    endloop
  endfacet
  facet normal -1 -0 0
    outer loop
      vertex -16 -5 2
      vertex -16 -7 0
      vertex -16 -5 9
    endloop
  endfacet
  facet normal -1 0 0
    outer loop
      vertex -16 -7 0
      vertex -16 -5 2
      vertex -16 7 0
    endloop
  endfacet
  facet normal -1 0 0
    outer loop
      vertex -16 5 9
      vertex -16 7 11
      vertex -16 5 2
    endloop
  endfacet
  facet normal -1 0 0
    outer loop
      vertex -16 -5 9
      vertex -16 7 11
      vertex -16 5 9
    endloop
  endfacet
  facet normal -1 0 0
    outer loop
      vertex -16 -5 9
      vertex -16 -7 11
      vertex -16 7 11
    endloop
  endfacet
  facet normal -1 0 0
    outer loop
      vertex -16 -7 11
      vertex -16 -5 9
      vertex -16 -7 0
    endloop
  endfacet
  facet normal 1 0 0
    outer loop
      vertex 20 7 11
      vertex 20 4.25 8.25
      vertex 20 7 0
    endloop
  endfacet
  facet normal 1 0 0
    outer loop
      vertex 20 7 11
      vertex 20 -4.25 8.25
      vertex 20 4.25 8.25
    endloop
  endfacet
  facet normal 1 0 0
    outer loop
      vertex 20 -4.25 8.25
      vertex 20 -7 11
      vertex 20 -4.25 2.75
    endloop
  endfacet
  facet normal 1 -0 0
    outer loop
      vertex 20 -7 11
      vertex 20 -4.25 8.25
      vertex 20 7 11
    endloop
  endfacet
  facet normal 1 -0 0
    outer loop
      vertex 20 4.25 2.75
      vertex 20 7 0
      vertex 20 4.25 8.25
    endloop
  endfacet
  facet normal 1 -0 0
    outer loop
      vertex 20 -4.25 2.75
      vertex 20 7 0
      vertex 20 4.25 2.75
    endloop
  endfacet
  facet normal 1 0 0
    outer loop
      vertex 20 -4.25 2.75
      vertex 20 -7 0
      vertex 20 7 0
    endloop
  endfacet
  facet normal 1 0 0
    outer loop
      vertex 20 -7 0
      vertex 20 -4.25 2.75
      vertex 20 -7 11
    endloop
  endfacet
  facet normal 0 -1 0
    outer loop
      vertex 3.85441 -7 0
      vertex 20 -7 11
      vertex 3.85441 -7 11
    endloop
  endfacet
  facet normal 0 -1 -0
    outer loop
      vertex 20 -7 11
      vertex 3.85441 -7 0
      vertex 20 -7 0
    endloop
  endfacet
  facet normal 0 -1 0
    outer loop
      vertex -16 -7 0
      vertex -3.85441 -7 11
      vertex -16 -7 11
    endloop
  endfacet
  facet normal 0 -1 -0
    outer loop
      vertex -3.85441 -7 11
      vertex -16 -7 0
      vertex -3.85441 -7 0
    endloop
  endfacet
  facet normal 0 1 -0
    outer loop
      vertex 20 7 0
      vertex 3.85441 7 11
      vertex 20 7 11
    endloop
  endfacet
  facet normal 0 1 0
    outer loop
      vertex 3.85441 7 11
      vertex 20 7 0
      vertex 3.85441 7 0
    endloop
  endfacet
  facet normal 0 1 -0
    outer loop
      vertex -3.85441 7 0
      vertex -16 7 11
      vertex -3.85441 7 11
    endloop
  endfacet
  facet normal 0 1 0
    outer loop
      vertex -16 7 11
      vertex -3.85441 7 0
      vertex -16 7 0
    endloop
  endfacet
  facet normal 0.997859 0.0653997 0
    outer loop
      vertex 3.75 0 23.5
      vertex 3.71792 0.489472 11
      vertex 3.71792 0.489472 23.5
    endloop
  endfacet
  facet normal 0.997859 0.0653997 0
    outer loop
      vertex 3.71792 0.489472 11
      vertex 3.75 0 23.5
      vertex 3.75 0 11
    endloop
  endfacet
  facet normal -0.997859 0.0653997 0
    outer loop
      vertex -3.75 0 11
      vertex -3.71792 0.489472 18.2
      vertex -3.71792 0.489472 11
    endloop
  endfacet
  facet normal -0.997859 0.0653997 0
    outer loop
      vertex -3.71792 0.489472 18.2
      vertex -3.75 0 11
      vertex -3.75 0 18.2
    endloop
  endfacet
  facet normal 0.0653997 0.997859 -0
    outer loop
      vertex 0.489472 3.71792 11
      vertex 0 3.75 23.5
      vertex 0.489472 3.71792 23.5
    endloop
  endfacet
  facet normal 0.0653997 0.997859 0
    outer loop
      vertex 0 3.75 23.5
      vertex 0.489472 3.71792 11
      vertex 0 3.75 11
    endloop
  endfacet
  facet normal -0.0653997 -0.997859 0
    outer loop
      vertex -0.489472 -3.71792 11
      vertex 0 -3.75 23.5
      vertex -0.489472 -3.71792 23.5
    endloop
  endfacet
  facet normal -0.0653997 -0.997859 -0
    outer loop
      vertex 0 -3.75 23.5
      vertex -0.489472 -3.71792 11
      vertex 0 -3.75 11
    endloop
  endfacet
  facet normal -0.75184 -0.659346 0
    outer loop
      vertex -2.65165 -2.65165 11
      vertex -2.97507 -2.28286 23.5
      vertex -2.97507 -2.28286 11
    endloop
  endfacet
  facet normal -0.75184 -0.659346 0
    outer loop
      vertex -2.97507 -2.28286 23.5
      vertex -2.65165 -2.65165 11
      vertex -2.65165 -2.65165 23.5
    endloop
  endfacet
  facet normal 0.75184 0.659346 0
    outer loop
      vertex 2.97507 2.28286 23.5
      vertex 2.65165 2.65165 11
      vertex 2.65165 2.65165 23.5
    endloop
  endfacet
  facet normal 0.75184 0.659346 0
    outer loop
      vertex 2.65165 2.65165 11
      vertex 2.97507 2.28286 23.5
      vertex 2.97507 2.28286 11
    endloop
  endfacet
  facet normal -0.659346 0.75184 0
    outer loop
      vertex -2.28286 2.97507 11
      vertex -2.65165 2.65165 23.5
      vertex -2.28286 2.97507 23.5
    endloop
  endfacet
  facet normal -0.659346 0.75184 0
    outer loop
      vertex -2.65165 2.65165 23.5
      vertex -2.28286 2.97507 11
      vertex -2.65165 2.65165 11
    endloop
  endfacet
  facet normal -0.321434 0.946932 0
    outer loop
      vertex -0.970571 3.62222 11
      vertex -1.43506 3.46455 23.5
      vertex -0.970571 3.62222 23.5
    endloop
  endfacet
  facet normal -0.321434 0.946932 0
    outer loop
      vertex -1.43506 3.46455 23.5
      vertex -0.970571 3.62222 11
      vertex -1.43506 3.46455 11
    endloop
  endfacet
  facet normal 0.946932 0.321434 0
    outer loop
      vertex 3.62222 0.970571 23.5
      vertex 3.46455 1.43506 11
      vertex 3.46455 1.43506 23.5
    endloop
  endfacet
  facet normal 0.946932 0.321434 0
    outer loop
      vertex 3.46455 1.43506 11
      vertex 3.62222 0.970571 23.5
      vertex 3.62222 0.970571 11
    endloop
  endfacet
  facet normal 0.980784 0.195097 0
    outer loop
      vertex 3.71792 0.489472 23.5
      vertex 3.62222 0.970571 11
      vertex 3.62222 0.970571 23.5
    endloop
  endfacet
  facet normal 0.980784 0.195097 0
    outer loop
      vertex 3.62222 0.970571 11
      vertex 3.71792 0.489472 23.5
      vertex 3.71792 0.489472 11
    endloop
  endfacet
  facet normal 0.896868 0.442298 0
    outer loop
      vertex 3.46455 1.43506 23.5
      vertex 3.24759 1.875 11
      vertex 3.24759 1.875 23.5
    endloop
  endfacet
  facet normal 0.896868 0.442298 0
    outer loop
      vertex 3.24759 1.875 11
      vertex 3.46455 1.43506 23.5
      vertex 3.46455 1.43506 11
    endloop
  endfacet
  facet normal 0.442298 0.896868 -0
    outer loop
      vertex 1.875 3.24759 11
      vertex 1.43506 3.46455 23.5
      vertex 1.875 3.24759 23.5
    endloop
  endfacet
  facet normal 0.442298 0.896868 0
    outer loop
      vertex 1.43506 3.46455 23.5
      vertex 1.875 3.24759 11
      vertex 1.43506 3.46455 11
    endloop
  endfacet
  facet normal 0.321434 0.946932 -0
    outer loop
      vertex 1.43506 3.46455 11
      vertex 0.970571 3.62222 23.5
      vertex 1.43506 3.46455 23.5
    endloop
  endfacet
  facet normal 0.321434 0.946932 0
    outer loop
      vertex 0.970571 3.62222 23.5
      vertex 1.43506 3.46455 11
      vertex 0.970571 3.62222 11
    endloop
  endfacet
  facet normal 0.555566 0.831473 -0
    outer loop
      vertex 2.28286 2.97507 11
      vertex 1.875 3.24759 23.5
      vertex 2.28286 2.97507 23.5
    endloop
  endfacet
  facet normal 0.555566 0.831473 0
    outer loop
      vertex 1.875 3.24759 23.5
      vertex 2.28286 2.97507 11
      vertex 1.875 3.24759 11
    endloop
  endfacet
  facet normal -0.896868 0.442298 0
    outer loop
      vertex -3.46455 1.43506 11
      vertex -3.24759 1.875 18.2
      vertex -3.24759 1.875 11
    endloop
  endfacet
  facet normal -0.896868 0.442298 0
    outer loop
      vertex -3.24759 1.875 18.2
      vertex -3.46455 1.43506 11
      vertex -3.46455 1.43506 18.2
    endloop
  endfacet
  facet normal -0.946932 0.321434 0
    outer loop
      vertex -3.62222 0.970571 11
      vertex -3.46455 1.43506 18.2
      vertex -3.46455 1.43506 11
    endloop
  endfacet
  facet normal -0.946932 0.321434 0
    outer loop
      vertex -3.46455 1.43506 18.2
      vertex -3.62222 0.970571 11
      vertex -3.62222 0.970571 18.2
    endloop
  endfacet
  facet normal -0.442298 0.896868 0
    outer loop
      vertex -1.43506 3.46455 11
      vertex -1.875 3.24759 23.5
      vertex -1.43506 3.46455 23.5
    endloop
  endfacet
  facet normal -0.442298 0.896868 0
    outer loop
      vertex -1.875 3.24759 23.5
      vertex -1.43506 3.46455 11
      vertex -1.875 3.24759 11
    endloop
  endfacet
  facet normal -0.195097 0.980784 0
    outer loop
      vertex -0.489472 3.71792 11
      vertex -0.970571 3.62222 23.5
      vertex -0.489472 3.71792 23.5
    endloop
  endfacet
  facet normal -0.195097 0.980784 0
    outer loop
      vertex -0.970571 3.62222 23.5
      vertex -0.489472 3.71792 11
      vertex -0.970571 3.62222 11
    endloop
  endfacet
  facet normal 0.442298 -0.896868 0
    outer loop
      vertex 1.43506 -3.46455 11
      vertex 1.875 -3.24759 23.5
      vertex 1.43506 -3.46455 23.5
    endloop
  endfacet
  facet normal 0.442298 -0.896868 0
    outer loop
      vertex 1.875 -3.24759 23.5
      vertex 1.43506 -3.46455 11
      vertex 1.875 -3.24759 11
    endloop
  endfacet
  facet normal -0.321434 -0.946932 0
    outer loop
      vertex -1.43506 -3.46455 11
      vertex -0.970571 -3.62222 23.5
      vertex -1.43506 -3.46455 23.5
    endloop
  endfacet
  facet normal -0.321434 -0.946932 -0
    outer loop
      vertex -0.970571 -3.62222 23.5
      vertex -1.43506 -3.46455 11
      vertex -0.970571 -3.62222 11
    endloop
  endfacet
  facet normal -0.896868 -0.442298 0
    outer loop
      vertex -3.24759 -1.875 11
      vertex -3.46455 -1.43506 18.2
      vertex -3.46455 -1.43506 11
    endloop
  endfacet
  facet normal -0.896868 -0.442298 0
    outer loop
      vertex -3.46455 -1.43506 18.2
      vertex -3.24759 -1.875 11
      vertex -3.24759 -1.875 18.2
    endloop
  endfacet
  facet normal 0.831473 0.555566 0
    outer loop
      vertex 3.24759 1.875 23.5
      vertex 2.97507 2.28286 11
      vertex 2.97507 2.28286 23.5
    endloop
  endfacet
  facet normal 0.831473 0.555566 0
    outer loop
      vertex 2.97507 2.28286 11
      vertex 3.24759 1.875 23.5
      vertex 3.24759 1.875 11
    endloop
  endfacet
  facet normal 0.195097 0.980784 -0
    outer loop
      vertex 0.970571 3.62222 11
      vertex 0.489472 3.71792 23.5
      vertex 0.970571 3.62222 23.5
    endloop
  endfacet
  facet normal 0.195097 0.980784 0
    outer loop
      vertex 0.489472 3.71792 23.5
      vertex 0.970571 3.62222 11
      vertex 0.489472 3.71792 11
    endloop
  endfacet
  facet normal 0.659346 0.75184 -0
    outer loop
      vertex 2.65165 2.65165 11
      vertex 2.28286 2.97507 23.5
      vertex 2.65165 2.65165 23.5
    endloop
  endfacet
  facet normal 0.659346 0.75184 0
    outer loop
      vertex 2.28286 2.97507 23.5
      vertex 2.65165 2.65165 11
      vertex 2.28286 2.97507 11
    endloop
  endfacet
  facet normal -0.831467 0.555574 0
    outer loop
      vertex -2.97507 2.28286 11
      vertex -3 2.24555 18.2
      vertex -2.97507 2.28286 23.5
    endloop
  endfacet
  facet normal -0.831473 0.555566 -6.47263e-08
    outer loop
      vertex -3.24759 1.875 11
      vertex -3 2.24555 18.2
      vertex -2.97507 2.28286 11
    endloop
  endfacet
  facet normal -0.831473 0.555565 0
    outer loop
      vertex -3 2.24555 18.2
      vertex -3.24759 1.875 11
      vertex -3.24759 1.875 18.2
    endloop
  endfacet
  facet normal -0.831467 0.555574 0
    outer loop
      vertex -2.97507 2.28286 23.5
      vertex -3 2.24555 18.2
      vertex -3 2.24555 23.5
    endloop
  endfacet
  facet normal -0.75184 0.659346 0
    outer loop
      vertex -2.97507 2.28286 11
      vertex -2.65165 2.65165 23.5
      vertex -2.65165 2.65165 11
    endloop
  endfacet
  facet normal -0.75184 0.659346 0
    outer loop
      vertex -2.65165 2.65165 23.5
      vertex -2.97507 2.28286 11
      vertex -2.97507 2.28286 23.5
    endloop
  endfacet
  facet normal -0.980784 0.195097 0
    outer loop
      vertex -3.71792 0.489472 11
      vertex -3.62222 0.970571 18.2
      vertex -3.62222 0.970571 11
    endloop
  endfacet
  facet normal -0.980784 0.195097 0
    outer loop
      vertex -3.62222 0.970571 18.2
      vertex -3.71792 0.489472 11
      vertex -3.71792 0.489472 18.2
    endloop
  endfacet
  facet normal 0 0 1
    outer loop
      vertex 2.3 0 23.5
      vertex 3.75 0 23.5
      vertex 3.71792 0.489472 23.5
    endloop
  endfacet
  facet normal 0 0 1
    outer loop
      vertex 2.28032 0.30021 23.5
      vertex 3.71792 0.489472 23.5
      vertex 3.62222 0.970571 23.5
    endloop
  endfacet
  facet normal 0 0 1
    outer loop
      vertex 3.75 0 23.5
      vertex 2.3 0 23.5
      vertex 3.71792 -0.489472 23.5
    endloop
  endfacet
  facet normal 0 0 1
    outer loop
      vertex 2.22163 0.595284 23.5
      vertex 3.62222 0.970571 23.5
      vertex 3.46455 1.43506 23.5
    endloop
  endfacet
  facet normal -0 0 1
    outer loop
      vertex 2.28032 -0.30021 23.5
      vertex 3.71792 -0.489472 23.5
      vertex 2.3 0 23.5
    endloop
  endfacet
  facet normal 0 0 1
    outer loop
      vertex 2.12492 0.880172 23.5
      vertex 3.46455 1.43506 23.5
      vertex 3.24759 1.875 23.5
    endloop
  endfacet
  facet normal 0 0 1
    outer loop
      vertex 3.71792 -0.489472 23.5
      vertex 2.28032 -0.30021 23.5
      vertex 3.62222 -0.970571 23.5
    endloop
  endfacet
  facet normal 0 0 1
    outer loop
      vertex 1.99186 1.15 23.5
      vertex 3.24759 1.875 23.5
      vertex 2.97507 2.28286 23.5
    endloop
  endfacet
  facet normal -0 0 1
    outer loop
      vertex 2.22163 -0.595284 23.5
      vertex 3.62222 -0.970571 23.5
      vertex 2.28032 -0.30021 23.5
    endloop
  endfacet
  facet normal 0 0 1
    outer loop
      vertex 1.82471 1.40015 23.5
      vertex 2.97507 2.28286 23.5
      vertex 2.65165 2.65165 23.5
    endloop
  endfacet
  facet normal 0 0 1
    outer loop
      vertex 3.62222 -0.970571 23.5
      vertex 2.22163 -0.595284 23.5
      vertex 3.46455 -1.43506 23.5
    endloop
  endfacet
  facet normal -0 0 1
    outer loop
      vertex 2.12492 -0.880172 23.5
      vertex 3.46455 -1.43506 23.5
      vertex 2.22163 -0.595284 23.5
    endloop
  endfacet
  facet normal 0 0 1
    outer loop
      vertex 1.62634 1.62634 23.5
      vertex 2.65165 2.65165 23.5
      vertex 2.28286 2.97507 23.5
    endloop
  endfacet
  facet normal 0 0 1
    outer loop
      vertex 3.71792 0.489472 23.5
      vertex 2.28032 0.30021 23.5
      vertex 2.3 0 23.5
    endloop
  endfacet
  facet normal 0 0 1
    outer loop
      vertex 3.62222 0.970571 23.5
      vertex 2.22163 0.595284 23.5
      vertex 2.28032 0.30021 23.5
    endloop
  endfacet
  facet normal 0 0 1
    outer loop
      vertex 3.46455 1.43506 23.5
      vertex 2.12492 0.880172 23.5
      vertex 2.22163 0.595284 23.5
    endloop
  endfacet
  facet normal 0 0 1
    outer loop
      vertex 3.24759 1.875 23.5
      vertex 1.99186 1.15 23.5
      vertex 2.12492 0.880172 23.5
    endloop
  endfacet
  facet normal 0 0 1
    outer loop
      vertex 1.40015 1.82471 23.5
      vertex 2.28286 2.97507 23.5
      vertex 1.875 3.24759 23.5
    endloop
  endfacet
  facet normal 0 0 1
    outer loop
      vertex 2.97507 2.28286 23.5
      vertex 1.82471 1.40015 23.5
      vertex 1.99186 1.15 23.5
    endloop
  endfacet
  facet normal 0 0 1
    outer loop
      vertex 2.65165 2.65165 23.5
      vertex 1.62634 1.62634 23.5
      vertex 1.82471 1.40015 23.5
    endloop
  endfacet
  facet normal 0 0 1
    outer loop
      vertex 1.15 1.99186 23.5
      vertex 1.875 3.24759 23.5
      vertex 1.43506 3.46455 23.5
    endloop
  endfacet
  facet normal 0 0 1
    outer loop
      vertex 2.28286 2.97507 23.5
      vertex 1.40015 1.82471 23.5
      vertex 1.62634 1.62634 23.5
    endloop
  endfacet
  facet normal 0 0 1
    outer loop
      vertex 1.875 3.24759 23.5
      vertex 1.15 1.99186 23.5
      vertex 1.40015 1.82471 23.5
    endloop
  endfacet
  facet normal 0 0 1
    outer loop
      vertex 0.880172 2.12492 23.5
      vertex 1.43506 3.46455 23.5
      vertex 0.970571 3.62222 23.5
    endloop
  endfacet
  facet normal 0 0 1
    outer loop
      vertex 1.43506 3.46455 23.5
      vertex 0.880172 2.12492 23.5
      vertex 1.15 1.99186 23.5
    endloop
  endfacet
  facet normal 0 0 1
    outer loop
      vertex 0.970571 3.62222 23.5
      vertex 0.595284 2.22163 23.5
      vertex 0.880172 2.12492 23.5
    endloop
  endfacet
  facet normal 0 0 1
    outer loop
      vertex 0.489472 3.71792 23.5
      vertex 0.595284 2.22163 23.5
      vertex 0.970571 3.62222 23.5
    endloop
  endfacet
  facet normal 0 0 1
    outer loop
      vertex 0.489472 3.71792 23.5
      vertex 0.30021 2.28032 23.5
      vertex 0.595284 2.22163 23.5
    endloop
  endfacet
  facet normal 0 0 1
    outer loop
      vertex 0 3.75 23.5
      vertex 0.30021 2.28032 23.5
      vertex 0.489472 3.71792 23.5
    endloop
  endfacet
  facet normal 0 0 1
    outer loop
      vertex 0 3.75 23.5
      vertex 0 2.3 23.5
      vertex 0.30021 2.28032 23.5
    endloop
  endfacet
  facet normal 0 0 1
    outer loop
      vertex 0 3.75 23.5
      vertex -0.30021 2.28032 23.5
      vertex 0 2.3 23.5
    endloop
  endfacet
  facet normal -0 0 1
    outer loop
      vertex -0.489472 3.71792 23.5
      vertex -0.30021 2.28032 23.5
      vertex 0 3.75 23.5
    endloop
  endfacet
  facet normal 0 0 1
    outer loop
      vertex -0.489472 3.71792 23.5
      vertex -0.595284 2.22163 23.5
      vertex -0.30021 2.28032 23.5
    endloop
  endfacet
  facet normal -0 0 1
    outer loop
      vertex -0.970571 3.62222 23.5
      vertex -0.595284 2.22163 23.5
      vertex -0.489472 3.71792 23.5
    endloop
  endfacet
  facet normal 0 0 1
    outer loop
      vertex -0.595284 2.22163 23.5
      vertex -0.970571 3.62222 23.5
      vertex -0.880172 2.12492 23.5
    endloop
  endfacet
  facet normal -0 0 1
    outer loop
      vertex -1.43506 3.46455 23.5
      vertex -0.880172 2.12492 23.5
      vertex -0.970571 3.62222 23.5
    endloop
  endfacet
  facet normal 0 0 1
    outer loop
      vertex -0.880172 2.12492 23.5
      vertex -1.43506 3.46455 23.5
      vertex -1.15 1.99186 23.5
    endloop
  endfacet
  facet normal -0 0 1
    outer loop
      vertex -1.875 3.24759 23.5
      vertex -1.15 1.99186 23.5
      vertex -1.43506 3.46455 23.5
    endloop
  endfacet
  facet normal 0 0 1
    outer loop
      vertex -1.15 1.99186 23.5
      vertex -1.875 3.24759 23.5
      vertex -1.40015 1.82471 23.5
    endloop
  endfacet
  facet normal -0 0 1
    outer loop
      vertex -2.28286 2.97507 23.5
      vertex -1.40015 1.82471 23.5
      vertex -1.875 3.24759 23.5
    endloop
  endfacet
  facet normal 0 0 1
    outer loop
      vertex -1.40015 1.82471 23.5
      vertex -2.28286 2.97507 23.5
      vertex -1.62634 1.62634 23.5
    endloop
  endfacet
  facet normal -0 0 1
    outer loop
      vertex -2.65165 2.65165 23.5
      vertex -1.62634 1.62634 23.5
      vertex -2.28286 2.97507 23.5
    endloop
  endfacet
  facet normal 0 0 1
    outer loop
      vertex -1.62634 1.62634 23.5
      vertex -2.65165 2.65165 23.5
      vertex -1.82471 1.40015 23.5
    endloop
  endfacet
  facet normal -0 0 1
    outer loop
      vertex -2.97507 2.28286 23.5
      vertex -1.82471 1.40015 23.5
      vertex -2.65165 2.65165 23.5
    endloop
  endfacet
  facet normal -0 0 1
    outer loop
      vertex -3 2.24555 23.5
      vertex -1.82471 1.40015 23.5
      vertex -2.97507 2.28286 23.5
    endloop
  endfacet
  facet normal 0 0 1
    outer loop
      vertex -1.82471 1.40015 23.5
      vertex -3 2.24555 23.5
      vertex -1.99186 1.15 23.5
    endloop
  endfacet
  facet normal 0 0 1
    outer loop
      vertex -1.99186 1.15 23.5
      vertex -3 2.24555 23.5
      vertex -2.12492 0.880172 23.5
    endloop
  endfacet
  facet normal 0 0 1
    outer loop
      vertex -2.12492 0.880172 23.5
      vertex -3 2.24555 23.5
      vertex -2.22163 0.595284 23.5
    endloop
  endfacet
  facet normal 0 0 1
    outer loop
      vertex 3.46455 -1.43506 23.5
      vertex 2.12492 -0.880172 23.5
      vertex 3.24759 -1.875 23.5
    endloop
  endfacet
  facet normal -0 0 1
    outer loop
      vertex 1.99186 -1.15 23.5
      vertex 3.24759 -1.875 23.5
      vertex 2.12492 -0.880172 23.5
    endloop
  endfacet
  facet normal 0 0 1
    outer loop
      vertex 3.24759 -1.875 23.5
      vertex 1.99186 -1.15 23.5
      vertex 2.97507 -2.28286 23.5
    endloop
  endfacet
  facet normal -0 0 1
    outer loop
      vertex 1.82471 -1.40015 23.5
      vertex 2.97507 -2.28286 23.5
      vertex 1.99186 -1.15 23.5
    endloop
  endfacet
  facet normal 0 0 1
    outer loop
      vertex 2.97507 -2.28286 23.5
      vertex 1.82471 -1.40015 23.5
      vertex 2.65165 -2.65165 23.5
    endloop
  endfacet
  facet normal -0 0 1
    outer loop
      vertex 1.62634 -1.62634 23.5
      vertex 2.65165 -2.65165 23.5
      vertex 1.82471 -1.40015 23.5
    endloop
  endfacet
  facet normal 0 0 1
    outer loop
      vertex 2.65165 -2.65165 23.5
      vertex 1.62634 -1.62634 23.5
      vertex 2.28286 -2.97507 23.5
    endloop
  endfacet
  facet normal -0 0 1
    outer loop
      vertex 1.40015 -1.82471 23.5
      vertex 2.28286 -2.97507 23.5
      vertex 1.62634 -1.62634 23.5
    endloop
  endfacet
  facet normal 0 0 1
    outer loop
      vertex 2.28286 -2.97507 23.5
      vertex 1.40015 -1.82471 23.5
      vertex 1.875 -3.24759 23.5
    endloop
  endfacet
  facet normal -0 0 1
    outer loop
      vertex 1.15 -1.99186 23.5
      vertex 1.875 -3.24759 23.5
      vertex 1.40015 -1.82471 23.5
    endloop
  endfacet
  facet normal 0 0 1
    outer loop
      vertex 1.875 -3.24759 23.5
      vertex 1.15 -1.99186 23.5
      vertex 1.43506 -3.46455 23.5
    endloop
  endfacet
  facet normal -0 0 1
    outer loop
      vertex 0.880172 -2.12492 23.5
      vertex 1.43506 -3.46455 23.5
      vertex 1.15 -1.99186 23.5
    endloop
  endfacet
  facet normal 0 0 1
    outer loop
      vertex 1.43506 -3.46455 23.5
      vertex 0.880172 -2.12492 23.5
      vertex 0.970571 -3.62222 23.5
    endloop
  endfacet
  facet normal -0 0 1
    outer loop
      vertex 0.595284 -2.22163 23.5
      vertex 0.970571 -3.62222 23.5
      vertex 0.880172 -2.12492 23.5
    endloop
  endfacet
  facet normal 0 0 1
    outer loop
      vertex 0.595284 -2.22163 23.5
      vertex 0.489472 -3.71792 23.5
      vertex 0.970571 -3.62222 23.5
    endloop
  endfacet
  facet normal -0 0 1
    outer loop
      vertex 0.30021 -2.28032 23.5
      vertex 0.489472 -3.71792 23.5
      vertex 0.595284 -2.22163 23.5
    endloop
  endfacet
  facet normal -0 0 1
    outer loop
      vertex 0 -2.3 23.5
      vertex 0.489472 -3.71792 23.5
      vertex 0.30021 -2.28032 23.5
    endloop
  endfacet
  facet normal 0 0 1
    outer loop
      vertex 0 -2.3 23.5
      vertex 0 -3.75 23.5
      vertex 0.489472 -3.71792 23.5
    endloop
  endfacet
  facet normal 0 0 1
    outer loop
      vertex -0.30021 -2.28032 23.5
      vertex 0 -3.75 23.5
      vertex 0 -2.3 23.5
    endloop
  endfacet
  facet normal 0 0 1
    outer loop
      vertex -0.30021 -2.28032 23.5
      vertex -0.489472 -3.71792 23.5
      vertex 0 -3.75 23.5
    endloop
  endfacet
  facet normal 0 0 1
    outer loop
      vertex -0.595284 -2.22163 23.5
      vertex -0.489472 -3.71792 23.5
      vertex -0.30021 -2.28032 23.5
    endloop
  endfacet
  facet normal 0 0 1
    outer loop
      vertex -0.970571 -3.62222 23.5
      vertex -0.595284 -2.22163 23.5
      vertex -0.880172 -2.12492 23.5
    endloop
  endfacet
  facet normal 0 0 1
    outer loop
      vertex -0.595284 -2.22163 23.5
      vertex -0.970571 -3.62222 23.5
      vertex -0.489472 -3.71792 23.5
    endloop
  endfacet
  facet normal 0 0 1
    outer loop
      vertex -1.43506 -3.46455 23.5
      vertex -0.880172 -2.12492 23.5
      vertex -1.15 -1.99186 23.5
    endloop
  endfacet
  facet normal 0 0 1
    outer loop
      vertex -1.875 -3.24759 23.5
      vertex -1.15 -1.99186 23.5
      vertex -1.40015 -1.82471 23.5
    endloop
  endfacet
  facet normal 0 0 1
    outer loop
      vertex -0.880172 -2.12492 23.5
      vertex -1.43506 -3.46455 23.5
      vertex -0.970571 -3.62222 23.5
    endloop
  endfacet
  facet normal 0 0 1
    outer loop
      vertex -2.28286 -2.97507 23.5
      vertex -1.40015 -1.82471 23.5
      vertex -1.62634 -1.62634 23.5
    endloop
  endfacet
  facet normal 0 0 1
    outer loop
      vertex -2.65165 -2.65165 23.5
      vertex -1.62634 -1.62634 23.5
      vertex -1.82471 -1.40015 23.5
    endloop
  endfacet
  facet normal 0 0 1
    outer loop
      vertex -1.15 -1.99186 23.5
      vertex -1.875 -3.24759 23.5
      vertex -1.43506 -3.46455 23.5
    endloop
  endfacet
  facet normal 0 0 1
    outer loop
      vertex -3 -2.24555 23.5
      vertex -1.82471 -1.40015 23.5
      vertex -1.99186 -1.15 23.5
    endloop
  endfacet
  facet normal 0 0 1
    outer loop
      vertex -3 -2.24555 23.5
      vertex -1.99186 -1.15 23.5
      vertex -2.12492 -0.880172 23.5
    endloop
  endfacet
  facet normal 0 0 1
    outer loop
      vertex -3 -2.24555 23.5
      vertex -2.12492 -0.880172 23.5
      vertex -2.22163 -0.595284 23.5
    endloop
  endfacet
  facet normal 0 0 1
    outer loop
      vertex -3 -2.24555 23.5
      vertex -2.22163 -0.595284 23.5
      vertex -2.28032 -0.30021 23.5
    endloop
  endfacet
  facet normal 0 0 1
    outer loop
      vertex -1.40015 -1.82471 23.5
      vertex -2.28286 -2.97507 23.5
      vertex -1.875 -3.24759 23.5
    endloop
  endfacet
  facet normal 0 0 1
    outer loop
      vertex -3 -2.24555 23.5
      vertex -2.28032 -0.30021 23.5
      vertex -2.3 0 23.5
    endloop
  endfacet
  facet normal 0 0 1
    outer loop
      vertex -2.22163 0.595284 23.5
      vertex -3 2.24555 23.5
      vertex -2.28032 0.30021 23.5
    endloop
  endfacet
  facet normal 0 0 1
    outer loop
      vertex -1.62634 -1.62634 23.5
      vertex -2.65165 -2.65165 23.5
      vertex -2.28286 -2.97507 23.5
    endloop
  endfacet
  facet normal 0 0 1
    outer loop
      vertex -2.28032 0.30021 23.5
      vertex -3 2.24555 23.5
      vertex -2.3 0 23.5
    endloop
  endfacet
  facet normal 0 0 1
    outer loop
      vertex -3 -2.24555 23.5
      vertex -2.3 0 23.5
      vertex -3 2.24555 23.5
    endloop
  endfacet
  facet normal 0 0 1
    outer loop
      vertex -1.82471 -1.40015 23.5
      vertex -3 -2.24555 23.5
      vertex -2.97507 -2.28286 23.5
    endloop
  endfacet
  facet normal 0 0 1
    outer loop
      vertex -1.82471 -1.40015 23.5
      vertex -2.97507 -2.28286 23.5
      vertex -2.65165 -2.65165 23.5
    endloop
  endfacet
  facet normal -0.555566 0.831473 0
    outer loop
      vertex -1.875 3.24759 11
      vertex -2.28286 2.97507 23.5
      vertex -1.875 3.24759 23.5
    endloop
  endfacet
  facet normal -0.555566 0.831473 0
    outer loop
      vertex -2.28286 2.97507 23.5
      vertex -1.875 3.24759 11
      vertex -2.28286 2.97507 11
    endloop
  endfacet
  facet normal -0.0653997 0.997859 0
    outer loop
      vertex 0 3.75 11
      vertex -0.489472 3.71792 23.5
      vertex 0 3.75 23.5
    endloop
  endfacet
  facet normal -0.0653997 0.997859 0
    outer loop
      vertex -0.489472 3.71792 23.5
      vertex 0 3.75 11
      vertex -0.489472 3.71792 11
    endloop
  endfacet
  facet normal 0.0653997 -0.997859 0
    outer loop
      vertex 0 -3.75 11
      vertex 0.489472 -3.71792 23.5
      vertex 0 -3.75 23.5
    endloop
  endfacet
  facet normal 0.0653997 -0.997859 0
    outer loop
      vertex 0.489472 -3.71792 23.5
      vertex 0 -3.75 11
      vertex 0.489472 -3.71792 11
    endloop
  endfacet
  facet normal 0.321434 -0.946932 0
    outer loop
      vertex 0.970571 -3.62222 11
      vertex 1.43506 -3.46455 23.5
      vertex 0.970571 -3.62222 23.5
    endloop
  endfacet
  facet normal 0.321434 -0.946932 0
    outer loop
      vertex 1.43506 -3.46455 23.5
      vertex 0.970571 -3.62222 11
      vertex 1.43506 -3.46455 11
    endloop
  endfacet
  facet normal 0.555566 -0.831473 0
    outer loop
      vertex 1.875 -3.24759 11
      vertex 2.28286 -2.97507 23.5
      vertex 1.875 -3.24759 23.5
    endloop
  endfacet
  facet normal 0.555566 -0.831473 0
    outer loop
      vertex 2.28286 -2.97507 23.5
      vertex 1.875 -3.24759 11
      vertex 2.28286 -2.97507 11
    endloop
  endfacet
  facet normal 0.75184 -0.659346 0
    outer loop
      vertex 2.65165 -2.65165 23.5
      vertex 2.97507 -2.28286 11
      vertex 2.97507 -2.28286 23.5
    endloop
  endfacet
  facet normal 0.75184 -0.659346 0
    outer loop
      vertex 2.97507 -2.28286 11
      vertex 2.65165 -2.65165 23.5
      vertex 2.65165 -2.65165 11
    endloop
  endfacet
  facet normal 0.896868 -0.442298 0
    outer loop
      vertex 3.24759 -1.875 23.5
      vertex 3.46455 -1.43506 11
      vertex 3.46455 -1.43506 23.5
    endloop
  endfacet
  facet normal 0.896868 -0.442298 0
    outer loop
      vertex 3.46455 -1.43506 11
      vertex 3.24759 -1.875 23.5
      vertex 3.24759 -1.875 11
    endloop
  endfacet
  facet normal -0.659346 -0.75184 0
    outer loop
      vertex -2.65165 -2.65165 11
      vertex -2.28286 -2.97507 23.5
      vertex -2.65165 -2.65165 23.5
    endloop
  endfacet
  facet normal -0.659346 -0.75184 -0
    outer loop
      vertex -2.28286 -2.97507 23.5
      vertex -2.65165 -2.65165 11
      vertex -2.28286 -2.97507 11
    endloop
  endfacet
  facet normal -0.442298 -0.896868 0
    outer loop
      vertex -1.875 -3.24759 11
      vertex -1.43506 -3.46455 23.5
      vertex -1.875 -3.24759 23.5
    endloop
  endfacet
  facet normal -0.442298 -0.896868 -0
    outer loop
      vertex -1.43506 -3.46455 23.5
      vertex -1.875 -3.24759 11
      vertex -1.43506 -3.46455 11
    endloop
  endfacet
  facet normal -0.195097 -0.980784 0
    outer loop
      vertex -0.970571 -3.62222 11
      vertex -0.489472 -3.71792 23.5
      vertex -0.970571 -3.62222 23.5
    endloop
  endfacet
  facet normal -0.195097 -0.980784 -0
    outer loop
      vertex -0.489472 -3.71792 23.5
      vertex -0.970571 -3.62222 11
      vertex -0.489472 -3.71792 11
    endloop
  endfacet
  facet normal -0.831473 -0.555565 0
    outer loop
      vertex -3.24759 -1.875 11
      vertex -3 -2.24555 18.2
      vertex -3.24759 -1.875 18.2
    endloop
  endfacet
  facet normal -0.831473 -0.555566 -6.47263e-08
    outer loop
      vertex -2.97507 -2.28286 11
      vertex -3 -2.24555 18.2
      vertex -3.24759 -1.875 11
    endloop
  endfacet
  facet normal -0.831467 -0.555574 -0
    outer loop
      vertex -2.97507 -2.28286 23.5
      vertex -3 -2.24555 18.2
      vertex -2.97507 -2.28286 11
    endloop
  endfacet
  facet normal -0.831467 -0.555574 0
    outer loop
      vertex -3 -2.24555 18.2
      vertex -2.97507 -2.28286 23.5
      vertex -3 -2.24555 23.5
    endloop
  endfacet
  facet normal -0.946932 -0.321434 0
    outer loop
      vertex -3.46455 -1.43506 11
      vertex -3.62222 -0.970571 18.2
      vertex -3.62222 -0.970571 11
    endloop
  endfacet
  facet normal -0.946932 -0.321434 0
    outer loop
      vertex -3.62222 -0.970571 18.2
      vertex -3.46455 -1.43506 11
      vertex -3.46455 -1.43506 18.2
    endloop
  endfacet
  facet normal -0.997859 -0.0653997 0
    outer loop
      vertex -3.71792 -0.489472 11
      vertex -3.75 0 18.2
      vertex -3.75 0 11
    endloop
  endfacet
  facet normal -0.997859 -0.0653997 0
    outer loop
      vertex -3.75 0 18.2
      vertex -3.71792 -0.489472 11
      vertex -3.71792 -0.489472 18.2
    endloop
  endfacet
  facet normal 0.195097 -0.980784 0
    outer loop
      vertex 0.489472 -3.71792 11
      vertex 0.970571 -3.62222 23.5
      vertex 0.489472 -3.71792 23.5
    endloop
  endfacet
  facet normal 0.195097 -0.980784 0
    outer loop
      vertex 0.970571 -3.62222 23.5
      vertex 0.489472 -3.71792 11
      vertex 0.970571 -3.62222 11
    endloop
  endfacet
  facet normal 0.659346 -0.75184 0
    outer loop
      vertex 2.28286 -2.97507 11
      vertex 2.65165 -2.65165 23.5
      vertex 2.28286 -2.97507 23.5
    endloop
  endfacet
  facet normal 0.659346 -0.75184 0
    outer loop
      vertex 2.65165 -2.65165 23.5
      vertex 2.28286 -2.97507 11
      vertex 2.65165 -2.65165 11
    endloop
  endfacet
  facet normal 0.831473 -0.555566 0
    outer loop
      vertex 2.97507 -2.28286 23.5
      vertex 3.24759 -1.875 11
      vertex 3.24759 -1.875 23.5
    endloop
  endfacet
  facet normal 0.831473 -0.555566 0
    outer loop
      vertex 3.24759 -1.875 11
      vertex 2.97507 -2.28286 23.5
      vertex 2.97507 -2.28286 11
    endloop
  endfacet
  facet normal 0.980784 -0.195097 0
    outer loop
      vertex 3.62222 -0.970571 23.5
      vertex 3.71792 -0.489472 11
      vertex 3.71792 -0.489472 23.5
    endloop
  endfacet
  facet normal 0.980784 -0.195097 0
    outer loop
      vertex 3.71792 -0.489472 11
      vertex 3.62222 -0.970571 23.5
      vertex 3.62222 -0.970571 11
    endloop
  endfacet
  facet normal 0.946932 -0.321434 0
    outer loop
      vertex 3.46455 -1.43506 23.5
      vertex 3.62222 -0.970571 11
      vertex 3.62222 -0.970571 23.5
    endloop
  endfacet
  facet normal 0.946932 -0.321434 0
    outer loop
      vertex 3.62222 -0.970571 11
      vertex 3.46455 -1.43506 23.5
      vertex 3.46455 -1.43506 11
    endloop
  endfacet
  facet normal 0.997859 -0.0653997 0
    outer loop
      vertex 3.71792 -0.489472 23.5
      vertex 3.75 0 11
      vertex 3.75 0 23.5
    endloop
  endfacet
  facet normal 0.997859 -0.0653997 0
    outer loop
      vertex 3.75 0 11
      vertex 3.71792 -0.489472 23.5
      vertex 3.71792 -0.489472 11
    endloop
  endfacet
  facet normal -0.555566 -0.831473 0
    outer loop
      vertex -2.28286 -2.97507 11
      vertex -1.875 -3.24759 23.5
      vertex -2.28286 -2.97507 23.5
    endloop
  endfacet
  facet normal -0.555566 -0.831473 -0
    outer loop
      vertex -1.875 -3.24759 23.5
      vertex -2.28286 -2.97507 11
      vertex -1.875 -3.24759 11
    endloop
  endfacet
  facet normal -0.980784 -0.195097 0
    outer loop
      vertex -3.62222 -0.970571 11
      vertex -3.71792 -0.489472 18.2
      vertex -3.71792 -0.489472 11
    endloop
  endfacet
  facet normal -0.980784 -0.195097 0
    outer loop
      vertex -3.71792 -0.489472 18.2
      vertex -3.62222 -0.970571 11
      vertex -3.62222 -0.970571 18.2
    endloop
  endfacet
  facet normal -0.997858 -0.065422 0
    outer loop
      vertex 1.65 0 13.5
      vertex 1.63588 0.215367 22.5
      vertex 1.63588 0.215367 13.5
    endloop
  endfacet
  facet normal -0.997858 -0.065422 0
    outer loop
      vertex 1.63588 0.215367 22.5
      vertex 1.65 0 13.5
      vertex 1.65 0 22.5
    endloop
  endfacet
  facet normal 0.997858 -0.065422 0
    outer loop
      vertex -1.65 0 22.5
      vertex -1.63588 0.215367 13.5
      vertex -1.63588 0.215367 22.5
    endloop
  endfacet
  facet normal 0.997858 -0.065422 0
    outer loop
      vertex -1.63588 0.215367 13.5
      vertex -1.65 0 22.5
      vertex -1.65 0 13.5
    endloop
  endfacet
  facet normal 0.065422 0.997858 -0
    outer loop
      vertex 0 -1.65 13.5
      vertex -0.215367 -1.63588 22.5
      vertex 0 -1.65 22.5
    endloop
  endfacet
  facet normal 0.065422 0.997858 0
    outer loop
      vertex -0.215367 -1.63588 22.5
      vertex 0 -1.65 13.5
      vertex -0.215367 -1.63588 13.5
    endloop
  endfacet
  facet normal 0.751856 0.659328 0
    outer loop
      vertex -1.16673 -1.16673 22.5
      vertex -1.30903 -1.00446 13.5
      vertex -1.30903 -1.00446 22.5
    endloop
  endfacet
  facet normal 0.751856 0.659328 0
    outer loop
      vertex -1.30903 -1.00446 13.5
      vertex -1.16673 -1.16673 22.5
      vertex -1.16673 -1.16673 13.5
    endloop
  endfacet
  facet normal -0.751825 -0.659362 0
    outer loop
      vertex 1.30903 1.00446 13.5
      vertex 1.22524 1.1 22.5
      vertex 1.22524 1.1 13.5
    endloop
  endfacet
  facet normal -0.751825 -0.659362 0
    outer loop
      vertex 1.22524 1.1 22.5
      vertex 1.30903 1.00446 13.5
      vertex 1.30903 1.00446 22.5
    endloop
  endfacet
  facet normal 0.946925 0.321455 0
    outer loop
      vertex -1.5244 -0.631427 22.5
      vertex -1.59378 -0.427051 13.5
      vertex -1.59378 -0.427051 22.5
    endloop
  endfacet
  facet normal 0.946925 0.321455 0
    outer loop
      vertex -1.59378 -0.427051 13.5
      vertex -1.5244 -0.631427 22.5
      vertex -1.5244 -0.631427 13.5
    endloop
  endfacet
  facet normal 0 0 1
    outer loop
      vertex 1.63588 0.215367 13.5
      vertex 1.63588 -0.215367 13.5
      vertex 1.65 0 13.5
    endloop
  endfacet
  facet normal 0 0 1
    outer loop
      vertex 1.59378 0.427051 13.5
      vertex 1.63588 -0.215367 13.5
      vertex 1.63588 0.215367 13.5
    endloop
  endfacet
  facet normal 0 0 1
    outer loop
      vertex 1.59378 0.427051 13.5
      vertex 1.59378 -0.427051 13.5
      vertex 1.63588 -0.215367 13.5
    endloop
  endfacet
  facet normal 0 0 1
    outer loop
      vertex 1.5244 0.631427 13.5
      vertex 1.59378 -0.427051 13.5
      vertex 1.59378 0.427051 13.5
    endloop
  endfacet
  facet normal 0 0 1
    outer loop
      vertex 1.5244 0.631427 13.5
      vertex 1.5244 -0.631427 13.5
      vertex 1.59378 -0.427051 13.5
    endloop
  endfacet
  facet normal 0 0 1
    outer loop
      vertex 1.42894 0.825 13.5
      vertex 1.5244 -0.631427 13.5
      vertex 1.5244 0.631427 13.5
    endloop
  endfacet
  facet normal 0 0 1
    outer loop
      vertex 1.42894 0.825 13.5
      vertex 1.42894 -0.825 13.5
      vertex 1.5244 -0.631427 13.5
    endloop
  endfacet
  facet normal 0 0 1
    outer loop
      vertex 1.22524 1.1 13.5
      vertex 1.42894 0.825 13.5
      vertex 1.30903 1.00446 13.5
    endloop
  endfacet
  facet normal 0 0 1
    outer loop
      vertex 1.42894 0.825 13.5
      vertex 1.22524 1.1 13.5
      vertex 1.42894 -0.825 13.5
    endloop
  endfacet
  facet normal 0 0 1
    outer loop
      vertex 1.42894 -0.825 13.5
      vertex 1.22524 1.1 13.5
      vertex 1.30903 -1.00446 13.5
    endloop
  endfacet
  facet normal 0 0 1
    outer loop
      vertex 1.22524 1.1 13.5
      vertex 1.16673 -1.16673 13.5
      vertex 1.30903 -1.00446 13.5
    endloop
  endfacet
  facet normal 0 0 1
    outer loop
      vertex 1.22524 1.1 13.5
      vertex 1.00446 -1.30903 13.5
      vertex 1.16673 -1.16673 13.5
    endloop
  endfacet
  facet normal 0 0 1
    outer loop
      vertex 1.22524 1.1 13.5
      vertex 0.825 -1.42894 13.5
      vertex 1.00446 -1.30903 13.5
    endloop
  endfacet
  facet normal 0 0 1
    outer loop
      vertex 1.22524 1.1 13.5
      vertex 0.631427 -1.5244 13.5
      vertex 0.825 -1.42894 13.5
    endloop
  endfacet
  facet normal 0 0 1
    outer loop
      vertex 1.22524 1.1 13.5
      vertex 0.427051 -1.59378 13.5
      vertex 0.631427 -1.5244 13.5
    endloop
  endfacet
  facet normal 0 0 1
    outer loop
      vertex 1.22524 1.1 13.5
      vertex 0.215367 -1.63588 13.5
      vertex 0.427051 -1.59378 13.5
    endloop
  endfacet
  facet normal 0 0 1
    outer loop
      vertex 1.22524 1.1 13.5
      vertex 0 -1.65 13.5
      vertex 0.215367 -1.63588 13.5
    endloop
  endfacet
  facet normal 0 0 1
    outer loop
      vertex 1.22524 1.1 13.5
      vertex -0.215367 -1.63588 13.5
      vertex 0 -1.65 13.5
    endloop
  endfacet
  facet normal 0 0 1
    outer loop
      vertex 1.22524 1.1 13.5
      vertex -0.427051 -1.59378 13.5
      vertex -0.215367 -1.63588 13.5
    endloop
  endfacet
  facet normal 0 0 1
    outer loop
      vertex 1.22524 1.1 13.5
      vertex -0.631427 -1.5244 13.5
      vertex -0.427051 -1.59378 13.5
    endloop
  endfacet
  facet normal 0 0 1
    outer loop
      vertex 1.22524 1.1 13.5
      vertex -0.825 -1.42894 13.5
      vertex -0.631427 -1.5244 13.5
    endloop
  endfacet
  facet normal 0 0 1
    outer loop
      vertex 1.22524 1.1 13.5
      vertex -1.00446 -1.30903 13.5
      vertex -0.825 -1.42894 13.5
    endloop
  endfacet
  facet normal 0 0 1
    outer loop
      vertex 1.22524 1.1 13.5
      vertex -1.16673 -1.16673 13.5
      vertex -1.00446 -1.30903 13.5
    endloop
  endfacet
  facet normal -0 0 1
    outer loop
      vertex -1.22524 1.1 13.5
      vertex -1.16673 -1.16673 13.5
      vertex 1.22524 1.1 13.5
    endloop
  endfacet
  facet normal 0 0 1
    outer loop
      vertex -1.42894 0.825 13.5
      vertex -1.22524 1.1 13.5
      vertex -1.30903 1.00446 13.5
    endloop
  endfacet
  facet normal 0 0 1
    outer loop
      vertex -1.22524 1.1 13.5
      vertex -1.30903 -1.00446 13.5
      vertex -1.16673 -1.16673 13.5
    endloop
  endfacet
  facet normal 0 0 1
    outer loop
      vertex -1.22524 1.1 13.5
      vertex -1.42894 0.825 13.5
      vertex -1.30903 -1.00446 13.5
    endloop
  endfacet
  facet normal 0 0 1
    outer loop
      vertex -1.42894 0.825 13.5
      vertex -1.42894 -0.825 13.5
      vertex -1.30903 -1.00446 13.5
    endloop
  endfacet
  facet normal -0 0 1
    outer loop
      vertex -1.5244 0.631427 13.5
      vertex -1.42894 -0.825 13.5
      vertex -1.42894 0.825 13.5
    endloop
  endfacet
  facet normal 0 0 1
    outer loop
      vertex -1.5244 0.631427 13.5
      vertex -1.5244 -0.631427 13.5
      vertex -1.42894 -0.825 13.5
    endloop
  endfacet
  facet normal -0 0 1
    outer loop
      vertex -1.59378 0.427051 13.5
      vertex -1.5244 -0.631427 13.5
      vertex -1.5244 0.631427 13.5
    endloop
  endfacet
  facet normal 0 0 1
    outer loop
      vertex -1.59378 0.427051 13.5
      vertex -1.59378 -0.427051 13.5
      vertex -1.5244 -0.631427 13.5
    endloop
  endfacet
  facet normal -0 0 1
    outer loop
      vertex -1.63588 0.215367 13.5
      vertex -1.59378 -0.427051 13.5
      vertex -1.59378 0.427051 13.5
    endloop
  endfacet
  facet normal 0 0 1
    outer loop
      vertex -1.63588 0.215367 13.5
      vertex -1.63588 -0.215367 13.5
      vertex -1.59378 -0.427051 13.5
    endloop
  endfacet
  facet normal 0 -0 1
    outer loop
      vertex -1.63588 -0.215367 13.5
      vertex -1.63588 0.215367 13.5
      vertex -1.65 0 13.5
    endloop
  endfacet
  facet normal -0.896872 -0.44229 0
    outer loop
      vertex 1.5244 0.631427 13.5
      vertex 1.42894 0.825 22.5
      vertex 1.42894 0.825 13.5
    endloop
  endfacet
  facet normal -0.896872 -0.44229 0
    outer loop
      vertex 1.42894 0.825 22.5
      vertex 1.5244 0.631427 13.5
      vertex 1.5244 0.631427 22.5
    endloop
  endfacet
  facet normal -0.831472 -0.555566 0
    outer loop
      vertex 1.42894 0.825 13.5
      vertex 1.30903 1.00446 22.5
      vertex 1.30903 1.00446 13.5
    endloop
  endfacet
  facet normal -0.831472 -0.555566 0
    outer loop
      vertex 1.30903 1.00446 22.5
      vertex 1.42894 0.825 13.5
      vertex 1.42894 0.825 22.5
    endloop
  endfacet
  facet normal 0.896872 -0.44229 0
    outer loop
      vertex -1.5244 0.631427 22.5
      vertex -1.42894 0.825 13.5
      vertex -1.42894 0.825 22.5
    endloop
  endfacet
  facet normal 0.896872 -0.44229 0
    outer loop
      vertex -1.42894 0.825 13.5
      vertex -1.5244 0.631427 22.5
      vertex -1.5244 0.631427 13.5
    endloop
  endfacet
  facet normal -0.321455 0.946925 0
    outer loop
      vertex 0.631427 -1.5244 13.5
      vertex 0.427051 -1.59378 22.5
      vertex 0.631427 -1.5244 22.5
    endloop
  endfacet
  facet normal -0.321455 0.946925 0
    outer loop
      vertex 0.427051 -1.59378 22.5
      vertex 0.631427 -1.5244 13.5
      vertex 0.427051 -1.59378 13.5
    endloop
  endfacet
  facet normal -0.065422 0.997858 0
    outer loop
      vertex 0.215367 -1.63588 13.5
      vertex 0 -1.65 22.5
      vertex 0.215367 -1.63588 22.5
    endloop
  endfacet
  facet normal -0.065422 0.997858 0
    outer loop
      vertex 0 -1.65 22.5
      vertex 0.215367 -1.63588 13.5
      vertex 0 -1.65 13.5
    endloop
  endfacet
  facet normal -0.44229 0.896872 0
    outer loop
      vertex 0.825 -1.42894 13.5
      vertex 0.631427 -1.5244 22.5
      vertex 0.825 -1.42894 22.5
    endloop
  endfacet
  facet normal -0.44229 0.896872 0
    outer loop
      vertex 0.631427 -1.5244 22.5
      vertex 0.825 -1.42894 13.5
      vertex 0.631427 -1.5244 13.5
    endloop
  endfacet
  facet normal 0.896872 0.44229 0
    outer loop
      vertex -1.42894 -0.825 22.5
      vertex -1.5244 -0.631427 13.5
      vertex -1.5244 -0.631427 22.5
    endloop
  endfacet
  facet normal 0.896872 0.44229 0
    outer loop
      vertex -1.5244 -0.631427 13.5
      vertex -1.42894 -0.825 22.5
      vertex -1.42894 -0.825 13.5
    endloop
  endfacet
  facet normal 0.997858 0.065422 0
    outer loop
      vertex -1.63588 -0.215367 22.5
      vertex -1.65 0 13.5
      vertex -1.65 0 22.5
    endloop
  endfacet
  facet normal 0.997858 0.065422 0
    outer loop
      vertex -1.65 0 13.5
      vertex -1.63588 -0.215367 22.5
      vertex -1.63588 -0.215367 13.5
    endloop
  endfacet
  facet normal -0.946925 -0.321455 0
    outer loop
      vertex 1.59378 0.427051 13.5
      vertex 1.5244 0.631427 22.5
      vertex 1.5244 0.631427 13.5
    endloop
  endfacet
  facet normal -0.946925 -0.321455 0
    outer loop
      vertex 1.5244 0.631427 22.5
      vertex 1.59378 0.427051 13.5
      vertex 1.59378 0.427051 22.5
    endloop
  endfacet
  facet normal -0.980791 -0.195061 0
    outer loop
      vertex 1.63588 0.215367 13.5
      vertex 1.59378 0.427051 22.5
      vertex 1.59378 0.427051 13.5
    endloop
  endfacet
  facet normal -0.980791 -0.195061 0
    outer loop
      vertex 1.59378 0.427051 22.5
      vertex 1.63588 0.215367 13.5
      vertex 1.63588 0.215367 22.5
    endloop
  endfacet
  facet normal 0.831472 -0.555566 0
    outer loop
      vertex -1.42894 0.825 22.5
      vertex -1.30903 1.00446 13.5
      vertex -1.30903 1.00446 22.5
    endloop
  endfacet
  facet normal 0.831472 -0.555566 0
    outer loop
      vertex -1.30903 1.00446 13.5
      vertex -1.42894 0.825 22.5
      vertex -1.42894 0.825 13.5
    endloop
  endfacet
  facet normal 0.751825 -0.659362 0
    outer loop
      vertex -1.30903 1.00446 22.5
      vertex -1.22524 1.1 13.5
      vertex -1.22524 1.1 22.5
    endloop
  endfacet
  facet normal 0.751825 -0.659362 0
    outer loop
      vertex -1.22524 1.1 13.5
      vertex -1.30903 1.00446 22.5
      vertex -1.30903 1.00446 13.5
    endloop
  endfacet
  facet normal 0.946925 -0.321455 0
    outer loop
      vertex -1.59378 0.427051 22.5
      vertex -1.5244 0.631427 13.5
      vertex -1.5244 0.631427 22.5
    endloop
  endfacet
  facet normal 0.946925 -0.321455 0
    outer loop
      vertex -1.5244 0.631427 13.5
      vertex -1.59378 0.427051 22.5
      vertex -1.59378 0.427051 13.5
    endloop
  endfacet
  facet normal 0.980791 -0.195061 0
    outer loop
      vertex -1.63588 0.215367 22.5
      vertex -1.59378 0.427051 13.5
      vertex -1.59378 0.427051 22.5
    endloop
  endfacet
  facet normal 0.980791 -0.195061 0
    outer loop
      vertex -1.59378 0.427051 13.5
      vertex -1.63588 0.215367 22.5
      vertex -1.63588 0.215367 13.5
    endloop
  endfacet
  facet normal -0.997858 0.065422 0
    outer loop
      vertex 1.63588 -0.215367 13.5
      vertex 1.65 0 22.5
      vertex 1.65 0 13.5
    endloop
  endfacet
  facet normal -0.997858 0.065422 0
    outer loop
      vertex 1.65 0 22.5
      vertex 1.63588 -0.215367 13.5
      vertex 1.63588 -0.215367 22.5
    endloop
  endfacet
  facet normal -0.195061 0.980791 0
    outer loop
      vertex 0.427051 -1.59378 13.5
      vertex 0.215367 -1.63588 22.5
      vertex 0.427051 -1.59378 22.5
    endloop
  endfacet
  facet normal -0.195061 0.980791 0
    outer loop
      vertex 0.215367 -1.63588 22.5
      vertex 0.427051 -1.59378 13.5
      vertex 0.215367 -1.63588 13.5
    endloop
  endfacet
  facet normal -0.555566 0.831472 0
    outer loop
      vertex 1.00446 -1.30903 13.5
      vertex 0.825 -1.42894 22.5
      vertex 1.00446 -1.30903 22.5
    endloop
  endfacet
  facet normal -0.555566 0.831472 0
    outer loop
      vertex 0.825 -1.42894 22.5
      vertex 1.00446 -1.30903 13.5
      vertex 0.825 -1.42894 13.5
    endloop
  endfacet
  facet normal -0.751856 0.659328 0
    outer loop
      vertex 1.16673 -1.16673 13.5
      vertex 1.30903 -1.00446 22.5
      vertex 1.30903 -1.00446 13.5
    endloop
  endfacet
  facet normal -0.751856 0.659328 0
    outer loop
      vertex 1.30903 -1.00446 22.5
      vertex 1.16673 -1.16673 13.5
      vertex 1.16673 -1.16673 22.5
    endloop
  endfacet
  facet normal -0.896872 0.44229 0
    outer loop
      vertex 1.42894 -0.825 13.5
      vertex 1.5244 -0.631427 22.5
      vertex 1.5244 -0.631427 13.5
    endloop
  endfacet
  facet normal -0.896872 0.44229 0
    outer loop
      vertex 1.5244 -0.631427 22.5
      vertex 1.42894 -0.825 13.5
      vertex 1.42894 -0.825 22.5
    endloop
  endfacet
  facet normal 0.659328 0.751856 -0
    outer loop
      vertex -1.00446 -1.30903 13.5
      vertex -1.16673 -1.16673 22.5
      vertex -1.00446 -1.30903 22.5
    endloop
  endfacet
  facet normal 0.659328 0.751856 0
    outer loop
      vertex -1.16673 -1.16673 22.5
      vertex -1.00446 -1.30903 13.5
      vertex -1.16673 -1.16673 13.5
    endloop
  endfacet
  facet normal 0.44229 0.896872 -0
    outer loop
      vertex -0.631427 -1.5244 13.5
      vertex -0.825 -1.42894 22.5
      vertex -0.631427 -1.5244 22.5
    endloop
  endfacet
  facet normal 0.44229 0.896872 0
    outer loop
      vertex -0.825 -1.42894 22.5
      vertex -0.631427 -1.5244 13.5
      vertex -0.825 -1.42894 13.5
    endloop
  endfacet
  facet normal 0.321455 0.946925 -0
    outer loop
      vertex -0.427051 -1.59378 13.5
      vertex -0.631427 -1.5244 22.5
      vertex -0.427051 -1.59378 22.5
    endloop
  endfacet
  facet normal 0.321455 0.946925 0
    outer loop
      vertex -0.631427 -1.5244 22.5
      vertex -0.427051 -1.59378 13.5
      vertex -0.631427 -1.5244 13.5
    endloop
  endfacet
  facet normal 0.831472 0.555566 0
    outer loop
      vertex -1.30903 -1.00446 22.5
      vertex -1.42894 -0.825 13.5
      vertex -1.42894 -0.825 22.5
    endloop
  endfacet
  facet normal 0.831472 0.555566 0
    outer loop
      vertex -1.42894 -0.825 13.5
      vertex -1.30903 -1.00446 22.5
      vertex -1.30903 -1.00446 13.5
    endloop
  endfacet
  facet normal 0.980791 0.195061 0
    outer loop
      vertex -1.59378 -0.427051 22.5
      vertex -1.63588 -0.215367 13.5
      vertex -1.63588 -0.215367 22.5
    endloop
  endfacet
  facet normal 0.980791 0.195061 0
    outer loop
      vertex -1.63588 -0.215367 13.5
      vertex -1.59378 -0.427051 22.5
      vertex -1.59378 -0.427051 13.5
    endloop
  endfacet
  facet normal -0.659328 0.751856 0
    outer loop
      vertex 1.16673 -1.16673 13.5
      vertex 1.00446 -1.30903 22.5
      vertex 1.16673 -1.16673 22.5
    endloop
  endfacet
  facet normal -0.659328 0.751856 0
    outer loop
      vertex 1.00446 -1.30903 22.5
      vertex 1.16673 -1.16673 13.5
      vertex 1.00446 -1.30903 13.5
    endloop
  endfacet
  facet normal -0.831472 0.555566 0
    outer loop
      vertex 1.30903 -1.00446 13.5
      vertex 1.42894 -0.825 22.5
      vertex 1.42894 -0.825 13.5
    endloop
  endfacet
  facet normal -0.831472 0.555566 0
    outer loop
      vertex 1.42894 -0.825 22.5
      vertex 1.30903 -1.00446 13.5
      vertex 1.30903 -1.00446 22.5
    endloop
  endfacet
  facet normal -0.980791 0.195061 0
    outer loop
      vertex 1.59378 -0.427051 13.5
      vertex 1.63588 -0.215367 22.5
      vertex 1.63588 -0.215367 13.5
    endloop
  endfacet
  facet normal -0.980791 0.195061 0
    outer loop
      vertex 1.63588 -0.215367 22.5
      vertex 1.59378 -0.427051 13.5
      vertex 1.59378 -0.427051 22.5
    endloop
  endfacet
  facet normal -0.946925 0.321455 0
    outer loop
      vertex 1.5244 -0.631427 13.5
      vertex 1.59378 -0.427051 22.5
      vertex 1.59378 -0.427051 13.5
    endloop
  endfacet
  facet normal -0.946925 0.321455 0
    outer loop
      vertex 1.59378 -0.427051 22.5
      vertex 1.5244 -0.631427 13.5
      vertex 1.5244 -0.631427 22.5
    endloop
  endfacet
  facet normal 0.555566 0.831472 -0
    outer loop
      vertex -0.825 -1.42894 13.5
      vertex -1.00446 -1.30903 22.5
      vertex -0.825 -1.42894 22.5
    endloop
  endfacet
  facet normal 0.555566 0.831472 0
    outer loop
      vertex -1.00446 -1.30903 22.5
      vertex -0.825 -1.42894 13.5
      vertex -1.00446 -1.30903 13.5
    endloop
  endfacet
  facet normal 0.195061 0.980791 -0
    outer loop
      vertex -0.215367 -1.63588 13.5
      vertex -0.427051 -1.59378 22.5
      vertex -0.215367 -1.63588 22.5
    endloop
  endfacet
  facet normal 0.195061 0.980791 0
    outer loop
      vertex -0.427051 -1.59378 22.5
      vertex -0.215367 -1.63588 13.5
      vertex -0.427051 -1.59378 13.5
    endloop
  endfacet
  facet normal 0 -1 0
    outer loop
      vertex -1.22524 1.1 13.5
      vertex 1.22524 1.1 22.5
      vertex -1.22524 1.1 22.5
    endloop
  endfacet
  facet normal 0 -1 -0
    outer loop
      vertex 1.22524 1.1 22.5
      vertex -1.22524 1.1 13.5
      vertex 1.22524 1.1 13.5
    endloop
  endfacet
  facet normal -1 0 0
    outer loop
      vertex -3 -2.24555 18.2
      vertex -3 2.24555 23.5
      vertex -3 2.24555 18.2
    endloop
  endfacet
  facet normal -1 -0 0
    outer loop
      vertex -3 2.24555 23.5
      vertex -3 -2.24555 18.2
      vertex -3 -2.24555 23.5
    endloop
  endfacet
  facet normal -0 0 1
    outer loop
      vertex -3.24759 1.875 18.2
      vertex -3 -2.24555 18.2
      vertex -3 2.24555 18.2
    endloop
  endfacet
  facet normal 0 0 1
    outer loop
      vertex -3.24759 1.875 18.2
      vertex -3.24759 -1.875 18.2
      vertex -3 -2.24555 18.2
    endloop
  endfacet
  facet normal -0 0 1
    outer loop
      vertex -3.46455 1.43506 18.2
      vertex -3.24759 -1.875 18.2
      vertex -3.24759 1.875 18.2
    endloop
  endfacet
  facet normal 0 0 1
    outer loop
      vertex -3.46455 1.43506 18.2
      vertex -3.46455 -1.43506 18.2
      vertex -3.24759 -1.875 18.2
    endloop
  endfacet
  facet normal -0 0 1
    outer loop
      vertex -3.62222 0.970571 18.2
      vertex -3.46455 -1.43506 18.2
      vertex -3.46455 1.43506 18.2
    endloop
  endfacet
  facet normal 0 0 1
    outer loop
      vertex -3.62222 0.970571 18.2
      vertex -3.62222 -0.970571 18.2
      vertex -3.46455 -1.43506 18.2
    endloop
  endfacet
  facet normal -0 0 1
    outer loop
      vertex -3.71792 0.489472 18.2
      vertex -3.62222 -0.970571 18.2
      vertex -3.62222 0.970571 18.2
    endloop
  endfacet
  facet normal 0 0 1
    outer loop
      vertex -3.71792 0.489472 18.2
      vertex -3.71792 -0.489472 18.2
      vertex -3.62222 -0.970571 18.2
    endloop
  endfacet
  facet normal 0 -0 1
    outer loop
      vertex -3.71792 -0.489472 18.2
      vertex -3.71792 0.489472 18.2
      vertex -3.75 0 18.2
    endloop
  endfacet
  facet normal -0.896879 -0.442277 0
    outer loop
      vertex 2.12492 0.880172 22.5
      vertex 1.99186 1.15 23.5
      vertex 1.99186 1.15 22.5
    endloop
  endfacet
  facet normal -0.896879 -0.442277 0
    outer loop
      vertex 1.99186 1.15 23.5
      vertex 2.12492 0.880172 22.5
      vertex 2.12492 0.880172 23.5
    endloop
  endfacet
  facet normal -0.831462 -0.555582 0
    outer loop
      vertex 1.99186 1.15 22.5
      vertex 1.82471 1.40015 23.5
      vertex 1.82471 1.40015 22.5
    endloop
  endfacet
  facet normal -0.831462 -0.555582 0
    outer loop
      vertex 1.82471 1.40015 23.5
      vertex 1.99186 1.15 22.5
      vertex 1.99186 1.15 23.5
    endloop
  endfacet
  facet normal -0.195078 -0.980788 0
    outer loop
      vertex 0.30021 2.28032 22.5
      vertex 0.595284 2.22163 23.5
      vertex 0.30021 2.28032 23.5
    endloop
  endfacet
  facet normal -0.195078 -0.980788 -0
    outer loop
      vertex 0.595284 2.22163 23.5
      vertex 0.30021 2.28032 22.5
      vertex 0.595284 2.22163 22.5
    endloop
  endfacet
  facet normal -0.32145 -0.946927 0
    outer loop
      vertex 0.595284 2.22163 22.5
      vertex 0.880172 2.12492 23.5
      vertex 0.595284 2.22163 23.5
    endloop
  endfacet
  facet normal -0.32145 -0.946927 -0
    outer loop
      vertex 0.880172 2.12492 23.5
      vertex 0.595284 2.22163 22.5
      vertex 0.880172 2.12492 22.5
    endloop
  endfacet
  facet normal 0.442277 -0.896879 0
    outer loop
      vertex -1.15 1.99186 22.5
      vertex -0.880172 2.12492 23.5
      vertex -1.15 1.99186 23.5
    endloop
  endfacet
  facet normal 0.442277 -0.896879 0
    outer loop
      vertex -0.880172 2.12492 23.5
      vertex -1.15 1.99186 22.5
      vertex -0.880172 2.12492 22.5
    endloop
  endfacet
  facet normal 0.896879 -0.442277 0
    outer loop
      vertex -2.12492 0.880172 23.5
      vertex -1.99186 1.15 22.5
      vertex -1.99186 1.15 23.5
    endloop
  endfacet
  facet normal 0.896879 -0.442277 0
    outer loop
      vertex -1.99186 1.15 22.5
      vertex -2.12492 0.880172 23.5
      vertex -2.12492 0.880172 22.5
    endloop
  endfacet
  facet normal -0.980788 0.195078 0
    outer loop
      vertex 2.22163 -0.595284 22.5
      vertex 2.28032 -0.30021 23.5
      vertex 2.28032 -0.30021 22.5
    endloop
  endfacet
  facet normal -0.980788 0.195078 0
    outer loop
      vertex 2.28032 -0.30021 23.5
      vertex 2.22163 -0.595284 22.5
      vertex 2.22163 -0.595284 23.5
    endloop
  endfacet
  facet normal -0.0654137 -0.997858 0
    outer loop
      vertex 0 2.3 22.5
      vertex 0.30021 2.28032 23.5
      vertex 0 2.3 23.5
    endloop
  endfacet
  facet normal -0.0654137 -0.997858 -0
    outer loop
      vertex 0.30021 2.28032 23.5
      vertex 0 2.3 22.5
      vertex 0.30021 2.28032 22.5
    endloop
  endfacet
  facet normal -0.442277 -0.896879 0
    outer loop
      vertex 0.880172 2.12492 22.5
      vertex 1.15 1.99186 23.5
      vertex 0.880172 2.12492 23.5
    endloop
  endfacet
  facet normal -0.442277 -0.896879 -0
    outer loop
      vertex 1.15 1.99186 23.5
      vertex 0.880172 2.12492 22.5
      vertex 1.15 1.99186 22.5
    endloop
  endfacet
  facet normal 0.997858 -0.0654137 0
    outer loop
      vertex -2.3 0 23.5
      vertex -2.28032 0.30021 22.5
      vertex -2.28032 0.30021 23.5
    endloop
  endfacet
  facet normal 0.997858 -0.0654137 0
    outer loop
      vertex -2.28032 0.30021 22.5
      vertex -2.3 0 23.5
      vertex -2.3 0 22.5
    endloop
  endfacet
  facet normal 0.831462 -0.555582 0
    outer loop
      vertex -1.99186 1.15 23.5
      vertex -1.82471 1.40015 22.5
      vertex -1.82471 1.40015 23.5
    endloop
  endfacet
  facet normal 0.831462 -0.555582 0
    outer loop
      vertex -1.82471 1.40015 22.5
      vertex -1.99186 1.15 23.5
      vertex -1.99186 1.15 22.5
    endloop
  endfacet
  facet normal 0.555582 -0.831462 0
    outer loop
      vertex -1.40015 1.82471 22.5
      vertex -1.15 1.99186 23.5
      vertex -1.40015 1.82471 23.5
    endloop
  endfacet
  facet normal 0.555582 -0.831462 0
    outer loop
      vertex -1.15 1.99186 23.5
      vertex -1.40015 1.82471 22.5
      vertex -1.15 1.99186 22.5
    endloop
  endfacet
  facet normal 0.32145 -0.946927 0
    outer loop
      vertex -0.880172 2.12492 22.5
      vertex -0.595284 2.22163 23.5
      vertex -0.880172 2.12492 23.5
    endloop
  endfacet
  facet normal 0.32145 -0.946927 0
    outer loop
      vertex -0.595284 2.22163 23.5
      vertex -0.880172 2.12492 22.5
      vertex -0.595284 2.22163 22.5
    endloop
  endfacet
  facet normal -0.997858 0.0654137 0
    outer loop
      vertex 2.28032 -0.30021 22.5
      vertex 2.3 0 23.5
      vertex 2.3 0 22.5
    endloop
  endfacet
  facet normal -0.997858 0.0654137 0
    outer loop
      vertex 2.3 0 23.5
      vertex 2.28032 -0.30021 22.5
      vertex 2.28032 -0.30021 23.5
    endloop
  endfacet
  facet normal -0.946927 0.32145 0
    outer loop
      vertex 2.12492 -0.880172 22.5
      vertex 2.22163 -0.595284 23.5
      vertex 2.22163 -0.595284 22.5
    endloop
  endfacet
  facet normal -0.946927 0.32145 0
    outer loop
      vertex 2.22163 -0.595284 23.5
      vertex 2.12492 -0.880172 22.5
      vertex 2.12492 -0.880172 23.5
    endloop
  endfacet
  facet normal -0.555582 0.831462 0
    outer loop
      vertex 1.40015 -1.82471 22.5
      vertex 1.15 -1.99186 23.5
      vertex 1.40015 -1.82471 23.5
    endloop
  endfacet
  facet normal -0.555582 0.831462 0
    outer loop
      vertex 1.15 -1.99186 23.5
      vertex 1.40015 -1.82471 22.5
      vertex 1.15 -1.99186 22.5
    endloop
  endfacet
  facet normal -0.946927 -0.32145 0
    outer loop
      vertex 2.22163 0.595284 22.5
      vertex 2.12492 0.880172 23.5
      vertex 2.12492 0.880172 22.5
    endloop
  endfacet
  facet normal -0.946927 -0.32145 0
    outer loop
      vertex 2.12492 0.880172 23.5
      vertex 2.22163 0.595284 22.5
      vertex 2.22163 0.595284 23.5
    endloop
  endfacet
  facet normal -0.659358 -0.751829 0
    outer loop
      vertex 1.40015 1.82471 22.5
      vertex 1.62634 1.62634 23.5
      vertex 1.40015 1.82471 23.5
    endloop
  endfacet
  facet normal -0.659358 -0.751829 -0
    outer loop
      vertex 1.62634 1.62634 23.5
      vertex 1.40015 1.82471 22.5
      vertex 1.62634 1.62634 22.5
    endloop
  endfacet
  facet normal -0.751829 -0.659358 0
    outer loop
      vertex 1.82471 1.40015 22.5
      vertex 1.62634 1.62634 23.5
      vertex 1.62634 1.62634 22.5
    endloop
  endfacet
  facet normal -0.751829 -0.659358 0
    outer loop
      vertex 1.62634 1.62634 23.5
      vertex 1.82471 1.40015 22.5
      vertex 1.82471 1.40015 23.5
    endloop
  endfacet
  facet normal 0.0654137 -0.997858 0
    outer loop
      vertex -0.30021 2.28032 22.5
      vertex 0 2.3 23.5
      vertex -0.30021 2.28032 23.5
    endloop
  endfacet
  facet normal 0.0654137 -0.997858 0
    outer loop
      vertex 0 2.3 23.5
      vertex -0.30021 2.28032 22.5
      vertex 0 2.3 22.5
    endloop
  endfacet
  facet normal -0.555582 -0.831462 0
    outer loop
      vertex 1.15 1.99186 22.5
      vertex 1.40015 1.82471 23.5
      vertex 1.15 1.99186 23.5
    endloop
  endfacet
  facet normal -0.555582 -0.831462 -0
    outer loop
      vertex 1.40015 1.82471 23.5
      vertex 1.15 1.99186 22.5
      vertex 1.40015 1.82471 22.5
    endloop
  endfacet
  facet normal 0.946927 -0.32145 0
    outer loop
      vertex -2.22163 0.595284 23.5
      vertex -2.12492 0.880172 22.5
      vertex -2.12492 0.880172 23.5
    endloop
  endfacet
  facet normal 0.946927 -0.32145 0
    outer loop
      vertex -2.12492 0.880172 22.5
      vertex -2.22163 0.595284 23.5
      vertex -2.22163 0.595284 22.5
    endloop
  endfacet
  facet normal 0.980788 -0.195078 0
    outer loop
      vertex -2.28032 0.30021 23.5
      vertex -2.22163 0.595284 22.5
      vertex -2.22163 0.595284 23.5
    endloop
  endfacet
  facet normal 0.980788 -0.195078 0
    outer loop
      vertex -2.22163 0.595284 22.5
      vertex -2.28032 0.30021 23.5
      vertex -2.28032 0.30021 22.5
    endloop
  endfacet
  facet normal 0.195078 -0.980788 0
    outer loop
      vertex -0.595284 2.22163 22.5
      vertex -0.30021 2.28032 23.5
      vertex -0.595284 2.22163 23.5
    endloop
  endfacet
  facet normal 0.195078 -0.980788 0
    outer loop
      vertex -0.30021 2.28032 23.5
      vertex -0.595284 2.22163 22.5
      vertex -0.30021 2.28032 22.5
    endloop
  endfacet
  facet normal 0.659358 -0.751829 0
    outer loop
      vertex -1.62634 1.62634 22.5
      vertex -1.40015 1.82471 23.5
      vertex -1.62634 1.62634 23.5
    endloop
  endfacet
  facet normal 0.659358 -0.751829 0
    outer loop
      vertex -1.40015 1.82471 23.5
      vertex -1.62634 1.62634 22.5
      vertex -1.40015 1.82471 22.5
    endloop
  endfacet
  facet normal 0.751829 -0.659358 0
    outer loop
      vertex -1.82471 1.40015 23.5
      vertex -1.62634 1.62634 22.5
      vertex -1.62634 1.62634 23.5
    endloop
  endfacet
  facet normal 0.751829 -0.659358 0
    outer loop
      vertex -1.62634 1.62634 22.5
      vertex -1.82471 1.40015 23.5
      vertex -1.82471 1.40015 22.5
    endloop
  endfacet
  facet normal -0.997858 -0.0654137 0
    outer loop
      vertex 2.3 0 22.5
      vertex 2.28032 0.30021 23.5
      vertex 2.28032 0.30021 22.5
    endloop
  endfacet
  facet normal -0.997858 -0.0654137 0
    outer loop
      vertex 2.28032 0.30021 23.5
      vertex 2.3 0 22.5
      vertex 2.3 0 23.5
    endloop
  endfacet
  facet normal -0.831462 0.555582 0
    outer loop
      vertex 1.82471 -1.40015 22.5
      vertex 1.99186 -1.15 23.5
      vertex 1.99186 -1.15 22.5
    endloop
  endfacet
  facet normal -0.831462 0.555582 0
    outer loop
      vertex 1.99186 -1.15 23.5
      vertex 1.82471 -1.40015 22.5
      vertex 1.82471 -1.40015 23.5
    endloop
  endfacet
  facet normal -0.0654137 0.997858 0
    outer loop
      vertex 0.30021 -2.28032 22.5
      vertex 0 -2.3 23.5
      vertex 0.30021 -2.28032 23.5
    endloop
  endfacet
  facet normal -0.0654137 0.997858 0
    outer loop
      vertex 0 -2.3 23.5
      vertex 0.30021 -2.28032 22.5
      vertex 0 -2.3 22.5
    endloop
  endfacet
  facet normal 0 0 1
    outer loop
      vertex 1.65 0 22.5
      vertex 2.3 0 22.5
      vertex 2.28032 0.30021 22.5
    endloop
  endfacet
  facet normal 0 0 1
    outer loop
      vertex 1.63588 0.215367 22.5
      vertex 2.28032 0.30021 22.5
      vertex 2.22163 0.595284 22.5
    endloop
  endfacet
  facet normal 0 0 1
    outer loop
      vertex 2.3 0 22.5
      vertex 1.65 0 22.5
      vertex 2.28032 -0.30021 22.5
    endloop
  endfacet
  facet normal 0 0 1
    outer loop
      vertex 1.59378 0.427051 22.5
      vertex 2.22163 0.595284 22.5
      vertex 2.12492 0.880172 22.5
    endloop
  endfacet
  facet normal -0 0 1
    outer loop
      vertex 1.63588 -0.215367 22.5
      vertex 2.28032 -0.30021 22.5
      vertex 1.65 0 22.5
    endloop
  endfacet
  facet normal 0 0 1
    outer loop
      vertex 1.5244 0.631427 22.5
      vertex 2.12492 0.880172 22.5
      vertex 1.99186 1.15 22.5
    endloop
  endfacet
  facet normal 0 0 1
    outer loop
      vertex 2.28032 -0.30021 22.5
      vertex 1.63588 -0.215367 22.5
      vertex 2.22163 -0.595284 22.5
    endloop
  endfacet
  facet normal 0 0 1
    outer loop
      vertex 1.42894 0.825 22.5
      vertex 1.99186 1.15 22.5
      vertex 1.82471 1.40015 22.5
    endloop
  endfacet
  facet normal -0 0 1
    outer loop
      vertex 1.59378 -0.427051 22.5
      vertex 2.22163 -0.595284 22.5
      vertex 1.63588 -0.215367 22.5
    endloop
  endfacet
  facet normal 0 0 1
    outer loop
      vertex 2.22163 -0.595284 22.5
      vertex 1.59378 -0.427051 22.5
      vertex 2.12492 -0.880172 22.5
    endloop
  endfacet
  facet normal 0 0 1
    outer loop
      vertex 2.28032 0.30021 22.5
      vertex 1.63588 0.215367 22.5
      vertex 1.65 0 22.5
    endloop
  endfacet
  facet normal 0 0 1
    outer loop
      vertex 1.22524 1.1 22.5
      vertex 1.82471 1.40015 22.5
      vertex 1.62634 1.62634 22.5
    endloop
  endfacet
  facet normal 0 0 1
    outer loop
      vertex 2.22163 0.595284 22.5
      vertex 1.59378 0.427051 22.5
      vertex 1.63588 0.215367 22.5
    endloop
  endfacet
  facet normal 0 0 1
    outer loop
      vertex 2.12492 0.880172 22.5
      vertex 1.5244 0.631427 22.5
      vertex 1.59378 0.427051 22.5
    endloop
  endfacet
  facet normal 0 0 1
    outer loop
      vertex 1.99186 1.15 22.5
      vertex 1.42894 0.825 22.5
      vertex 1.5244 0.631427 22.5
    endloop
  endfacet
  facet normal 0 0 1
    outer loop
      vertex 1.22524 1.1 22.5
      vertex 1.62634 1.62634 22.5
      vertex 1.40015 1.82471 22.5
    endloop
  endfacet
  facet normal 0 0 1
    outer loop
      vertex 1.82471 1.40015 22.5
      vertex 1.30903 1.00446 22.5
      vertex 1.42894 0.825 22.5
    endloop
  endfacet
  facet normal 0 0 1
    outer loop
      vertex 1.82471 1.40015 22.5
      vertex 1.22524 1.1 22.5
      vertex 1.30903 1.00446 22.5
    endloop
  endfacet
  facet normal 0 0 1
    outer loop
      vertex 1.15 1.99186 22.5
      vertex 1.22524 1.1 22.5
      vertex 1.40015 1.82471 22.5
    endloop
  endfacet
  facet normal 0 0 1
    outer loop
      vertex 0.880172 2.12492 22.5
      vertex 1.22524 1.1 22.5
      vertex 1.15 1.99186 22.5
    endloop
  endfacet
  facet normal 0 0 1
    outer loop
      vertex 0.595284 2.22163 22.5
      vertex 1.22524 1.1 22.5
      vertex 0.880172 2.12492 22.5
    endloop
  endfacet
  facet normal 0 0 1
    outer loop
      vertex 0.30021 2.28032 22.5
      vertex 1.22524 1.1 22.5
      vertex 0.595284 2.22163 22.5
    endloop
  endfacet
  facet normal 0 0 1
    outer loop
      vertex 0 2.3 22.5
      vertex 1.22524 1.1 22.5
      vertex 0.30021 2.28032 22.5
    endloop
  endfacet
  facet normal 0 0 1
    outer loop
      vertex -1.22524 1.1 22.5
      vertex 0 2.3 22.5
      vertex -0.30021 2.28032 22.5
    endloop
  endfacet
  facet normal 0 0 1
    outer loop
      vertex -1.22524 1.1 22.5
      vertex -0.30021 2.28032 22.5
      vertex -0.595284 2.22163 22.5
    endloop
  endfacet
  facet normal 0 0 1
    outer loop
      vertex -1.22524 1.1 22.5
      vertex -0.595284 2.22163 22.5
      vertex -0.880172 2.12492 22.5
    endloop
  endfacet
  facet normal 0 0 1
    outer loop
      vertex -1.22524 1.1 22.5
      vertex -0.880172 2.12492 22.5
      vertex -1.15 1.99186 22.5
    endloop
  endfacet
  facet normal 0 0 1
    outer loop
      vertex 0 2.3 22.5
      vertex -1.22524 1.1 22.5
      vertex 1.22524 1.1 22.5
    endloop
  endfacet
  facet normal -0 0 1
    outer loop
      vertex -1.40015 1.82471 22.5
      vertex -1.22524 1.1 22.5
      vertex -1.15 1.99186 22.5
    endloop
  endfacet
  facet normal -0 0 1
    outer loop
      vertex -1.62634 1.62634 22.5
      vertex -1.22524 1.1 22.5
      vertex -1.40015 1.82471 22.5
    endloop
  endfacet
  facet normal -0 0 1
    outer loop
      vertex -1.82471 1.40015 22.5
      vertex -1.22524 1.1 22.5
      vertex -1.62634 1.62634 22.5
    endloop
  endfacet
  facet normal 0 0 1
    outer loop
      vertex -1.22524 1.1 22.5
      vertex -1.82471 1.40015 22.5
      vertex -1.30903 1.00446 22.5
    endloop
  endfacet
  facet normal 0 0 1
    outer loop
      vertex -1.30903 1.00446 22.5
      vertex -1.82471 1.40015 22.5
      vertex -1.42894 0.825 22.5
    endloop
  endfacet
  facet normal -0 0 1
    outer loop
      vertex -1.99186 1.15 22.5
      vertex -1.42894 0.825 22.5
      vertex -1.82471 1.40015 22.5
    endloop
  endfacet
  facet normal 0 0 1
    outer loop
      vertex -1.42894 0.825 22.5
      vertex -1.99186 1.15 22.5
      vertex -1.5244 0.631427 22.5
    endloop
  endfacet
  facet normal -0 0 1
    outer loop
      vertex -2.12492 0.880172 22.5
      vertex -1.5244 0.631427 22.5
      vertex -1.99186 1.15 22.5
    endloop
  endfacet
  facet normal 0 0 1
    outer loop
      vertex -1.5244 0.631427 22.5
      vertex -2.12492 0.880172 22.5
      vertex -1.59378 0.427051 22.5
    endloop
  endfacet
  facet normal -0 0 1
    outer loop
      vertex 1.5244 -0.631427 22.5
      vertex 2.12492 -0.880172 22.5
      vertex 1.59378 -0.427051 22.5
    endloop
  endfacet
  facet normal 0 0 1
    outer loop
      vertex 2.12492 -0.880172 22.5
      vertex 1.5244 -0.631427 22.5
      vertex 1.99186 -1.15 22.5
    endloop
  endfacet
  facet normal -0 0 1
    outer loop
      vertex 1.42894 -0.825 22.5
      vertex 1.99186 -1.15 22.5
      vertex 1.5244 -0.631427 22.5
    endloop
  endfacet
  facet normal 0 0 1
    outer loop
      vertex 1.99186 -1.15 22.5
      vertex 1.42894 -0.825 22.5
      vertex 1.82471 -1.40015 22.5
    endloop
  endfacet
  facet normal -0 0 1
    outer loop
      vertex 1.30903 -1.00446 22.5
      vertex 1.82471 -1.40015 22.5
      vertex 1.42894 -0.825 22.5
    endloop
  endfacet
  facet normal 0 0 1
    outer loop
      vertex 1.82471 -1.40015 22.5
      vertex 1.30903 -1.00446 22.5
      vertex 1.62634 -1.62634 22.5
    endloop
  endfacet
  facet normal -0 0 1
    outer loop
      vertex 1.16673 -1.16673 22.5
      vertex 1.62634 -1.62634 22.5
      vertex 1.30903 -1.00446 22.5
    endloop
  endfacet
  facet normal 0 0 1
    outer loop
      vertex 1.62634 -1.62634 22.5
      vertex 1.16673 -1.16673 22.5
      vertex 1.40015 -1.82471 22.5
    endloop
  endfacet
  facet normal -0 0 1
    outer loop
      vertex 1.00446 -1.30903 22.5
      vertex 1.40015 -1.82471 22.5
      vertex 1.16673 -1.16673 22.5
    endloop
  endfacet
  facet normal 0 0 1
    outer loop
      vertex 1.40015 -1.82471 22.5
      vertex 1.00446 -1.30903 22.5
      vertex 1.15 -1.99186 22.5
    endloop
  endfacet
  facet normal -0 0 1
    outer loop
      vertex 0.825 -1.42894 22.5
      vertex 1.15 -1.99186 22.5
      vertex 1.00446 -1.30903 22.5
    endloop
  endfacet
  facet normal 0 0 1
    outer loop
      vertex 1.15 -1.99186 22.5
      vertex 0.825 -1.42894 22.5
      vertex 0.880172 -2.12492 22.5
    endloop
  endfacet
  facet normal -0 0 1
    outer loop
      vertex 0.631427 -1.5244 22.5
      vertex 0.880172 -2.12492 22.5
      vertex 0.825 -1.42894 22.5
    endloop
  endfacet
  facet normal 0 0 1
    outer loop
      vertex 0.631427 -1.5244 22.5
      vertex 0.595284 -2.22163 22.5
      vertex 0.880172 -2.12492 22.5
    endloop
  endfacet
  facet normal -0 0 1
    outer loop
      vertex 0.427051 -1.59378 22.5
      vertex 0.595284 -2.22163 22.5
      vertex 0.631427 -1.5244 22.5
    endloop
  endfacet
  facet normal 0 0 1
    outer loop
      vertex 0.427051 -1.59378 22.5
      vertex 0.30021 -2.28032 22.5
      vertex 0.595284 -2.22163 22.5
    endloop
  endfacet
  facet normal -0 0 1
    outer loop
      vertex 0.215367 -1.63588 22.5
      vertex 0.30021 -2.28032 22.5
      vertex 0.427051 -1.59378 22.5
    endloop
  endfacet
  facet normal -0 0 1
    outer loop
      vertex 0 -1.65 22.5
      vertex 0.30021 -2.28032 22.5
      vertex 0.215367 -1.63588 22.5
    endloop
  endfacet
  facet normal 0 0 1
    outer loop
      vertex 0 -1.65 22.5
      vertex 0 -2.3 22.5
      vertex 0.30021 -2.28032 22.5
    endloop
  endfacet
  facet normal 0 0 1
    outer loop
      vertex -0.215367 -1.63588 22.5
      vertex 0 -2.3 22.5
      vertex 0 -1.65 22.5
    endloop
  endfacet
  facet normal 0 0 1
    outer loop
      vertex -0.215367 -1.63588 22.5
      vertex -0.30021 -2.28032 22.5
      vertex 0 -2.3 22.5
    endloop
  endfacet
  facet normal 0 0 1
    outer loop
      vertex -0.427051 -1.59378 22.5
      vertex -0.30021 -2.28032 22.5
      vertex -0.215367 -1.63588 22.5
    endloop
  endfacet
  facet normal 0 0 1
    outer loop
      vertex -0.427051 -1.59378 22.5
      vertex -0.595284 -2.22163 22.5
      vertex -0.30021 -2.28032 22.5
    endloop
  endfacet
  facet normal 0 0 1
    outer loop
      vertex -0.631427 -1.5244 22.5
      vertex -0.595284 -2.22163 22.5
      vertex -0.427051 -1.59378 22.5
    endloop
  endfacet
  facet normal 0 0 1
    outer loop
      vertex -0.880172 -2.12492 22.5
      vertex -0.631427 -1.5244 22.5
      vertex -0.825 -1.42894 22.5
    endloop
  endfacet
  facet normal 0 0 1
    outer loop
      vertex -0.631427 -1.5244 22.5
      vertex -0.880172 -2.12492 22.5
      vertex -0.595284 -2.22163 22.5
    endloop
  endfacet
  facet normal 0 0 1
    outer loop
      vertex -1.15 -1.99186 22.5
      vertex -0.825 -1.42894 22.5
      vertex -1.00446 -1.30903 22.5
    endloop
  endfacet
  facet normal 0 0 1
    outer loop
      vertex -0.825 -1.42894 22.5
      vertex -1.15 -1.99186 22.5
      vertex -0.880172 -2.12492 22.5
    endloop
  endfacet
  facet normal 0 0 1
    outer loop
      vertex -1.40015 -1.82471 22.5
      vertex -1.00446 -1.30903 22.5
      vertex -1.16673 -1.16673 22.5
    endloop
  endfacet
  facet normal 0 0 1
    outer loop
      vertex -1.62634 -1.62634 22.5
      vertex -1.16673 -1.16673 22.5
      vertex -1.30903 -1.00446 22.5
    endloop
  endfacet
  facet normal 0 0 1
    outer loop
      vertex -1.00446 -1.30903 22.5
      vertex -1.40015 -1.82471 22.5
      vertex -1.15 -1.99186 22.5
    endloop
  endfacet
  facet normal 0 0 1
    outer loop
      vertex -1.82471 -1.40015 22.5
      vertex -1.30903 -1.00446 22.5
      vertex -1.42894 -0.825 22.5
    endloop
  endfacet
  facet normal 0 0 1
    outer loop
      vertex -1.99186 -1.15 22.5
      vertex -1.42894 -0.825 22.5
      vertex -1.5244 -0.631427 22.5
    endloop
  endfacet
  facet normal 0 0 1
    outer loop
      vertex -2.12492 -0.880172 22.5
      vertex -1.5244 -0.631427 22.5
      vertex -1.59378 -0.427051 22.5
    endloop
  endfacet
  facet normal 0 0 1
    outer loop
      vertex -1.16673 -1.16673 22.5
      vertex -1.62634 -1.62634 22.5
      vertex -1.40015 -1.82471 22.5
    endloop
  endfacet
  facet normal 0 0 1
    outer loop
      vertex -2.22163 -0.595284 22.5
      vertex -1.59378 -0.427051 22.5
      vertex -1.63588 -0.215367 22.5
    endloop
  endfacet
  facet normal 0 0 1
    outer loop
      vertex -2.28032 -0.30021 22.5
      vertex -1.63588 -0.215367 22.5
      vertex -1.65 0 22.5
    endloop
  endfacet
  facet normal -0 0 1
    outer loop
      vertex -2.22163 0.595284 22.5
      vertex -1.59378 0.427051 22.5
      vertex -2.12492 0.880172 22.5
    endloop
  endfacet
  facet normal 0 0 1
    outer loop
      vertex -1.30903 -1.00446 22.5
      vertex -1.82471 -1.40015 22.5
      vertex -1.62634 -1.62634 22.5
    endloop
  endfacet
  facet normal 0 0 1
    outer loop
      vertex -1.59378 0.427051 22.5
      vertex -2.22163 0.595284 22.5
      vertex -1.63588 0.215367 22.5
    endloop
  endfacet
  facet normal 0 0 1
    outer loop
      vertex -1.42894 -0.825 22.5
      vertex -1.99186 -1.15 22.5
      vertex -1.82471 -1.40015 22.5
    endloop
  endfacet
  facet normal -0 0 1
    outer loop
      vertex -2.28032 0.30021 22.5
      vertex -1.63588 0.215367 22.5
      vertex -2.22163 0.595284 22.5
    endloop
  endfacet
  facet normal 0 0 1
    outer loop
      vertex -1.5244 -0.631427 22.5
      vertex -2.12492 -0.880172 22.5
      vertex -1.99186 -1.15 22.5
    endloop
  endfacet
  facet normal 0 0 1
    outer loop
      vertex -1.63588 0.215367 22.5
      vertex -2.28032 0.30021 22.5
      vertex -1.65 0 22.5
    endloop
  endfacet
  facet normal 0 0 1
    outer loop
      vertex -1.59378 -0.427051 22.5
      vertex -2.22163 -0.595284 22.5
      vertex -2.12492 -0.880172 22.5
    endloop
  endfacet
  facet normal 0 0 1
    outer loop
      vertex -2.3 0 22.5
      vertex -1.65 0 22.5
      vertex -2.28032 0.30021 22.5
    endloop
  endfacet
  facet normal 0 0 1
    outer loop
      vertex -1.63588 -0.215367 22.5
      vertex -2.28032 -0.30021 22.5
      vertex -2.22163 -0.595284 22.5
    endloop
  endfacet
  facet normal 0 0 1
    outer loop
      vertex -1.65 0 22.5
      vertex -2.3 0 22.5
      vertex -2.28032 -0.30021 22.5
    endloop
  endfacet
  facet normal 0.896879 0.442277 0
    outer loop
      vertex -1.99186 -1.15 23.5
      vertex -2.12492 -0.880172 22.5
      vertex -2.12492 -0.880172 23.5
    endloop
  endfacet
  facet normal 0.896879 0.442277 0
    outer loop
      vertex -2.12492 -0.880172 22.5
      vertex -1.99186 -1.15 23.5
      vertex -1.99186 -1.15 22.5
    endloop
  endfacet
  facet normal -0.195078 0.980788 0
    outer loop
      vertex 0.595284 -2.22163 22.5
      vertex 0.30021 -2.28032 23.5
      vertex 0.595284 -2.22163 23.5
    endloop
  endfacet
  facet normal -0.195078 0.980788 0
    outer loop
      vertex 0.30021 -2.28032 23.5
      vertex 0.595284 -2.22163 22.5
      vertex 0.30021 -2.28032 22.5
    endloop
  endfacet
  facet normal -0.980788 -0.195078 0
    outer loop
      vertex 2.28032 0.30021 22.5
      vertex 2.22163 0.595284 23.5
      vertex 2.22163 0.595284 22.5
    endloop
  endfacet
  facet normal -0.980788 -0.195078 0
    outer loop
      vertex 2.22163 0.595284 23.5
      vertex 2.28032 0.30021 22.5
      vertex 2.28032 0.30021 23.5
    endloop
  endfacet
  facet normal 0.195078 0.980788 -0
    outer loop
      vertex -0.30021 -2.28032 22.5
      vertex -0.595284 -2.22163 23.5
      vertex -0.30021 -2.28032 23.5
    endloop
  endfacet
  facet normal 0.195078 0.980788 0
    outer loop
      vertex -0.595284 -2.22163 23.5
      vertex -0.30021 -2.28032 22.5
      vertex -0.595284 -2.22163 22.5
    endloop
  endfacet
  facet normal 0.946927 0.32145 0
    outer loop
      vertex -2.12492 -0.880172 23.5
      vertex -2.22163 -0.595284 22.5
      vertex -2.22163 -0.595284 23.5
    endloop
  endfacet
  facet normal 0.946927 0.32145 0
    outer loop
      vertex -2.22163 -0.595284 22.5
      vertex -2.12492 -0.880172 23.5
      vertex -2.12492 -0.880172 22.5
    endloop
  endfacet
  facet normal 0.980788 0.195078 0
    outer loop
      vertex -2.22163 -0.595284 23.5
      vertex -2.28032 -0.30021 22.5
      vertex -2.28032 -0.30021 23.5
    endloop
  endfacet
  facet normal 0.980788 0.195078 0
    outer loop
      vertex -2.28032 -0.30021 22.5
      vertex -2.22163 -0.595284 23.5
      vertex -2.22163 -0.595284 22.5
    endloop
  endfacet
  facet normal 0.997858 0.0654137 0
    outer loop
      vertex -2.28032 -0.30021 23.5
      vertex -2.3 0 22.5
      vertex -2.3 0 23.5
    endloop
  endfacet
  facet normal 0.997858 0.0654137 0
    outer loop
      vertex -2.3 0 22.5
      vertex -2.28032 -0.30021 23.5
      vertex -2.28032 -0.30021 22.5
    endloop
  endfacet
  facet normal -0.442277 0.896879 0
    outer loop
      vertex 1.15 -1.99186 22.5
      vertex 0.880172 -2.12492 23.5
      vertex 1.15 -1.99186 23.5
    endloop
  endfacet
  facet normal -0.442277 0.896879 0
    outer loop
      vertex 0.880172 -2.12492 23.5
      vertex 1.15 -1.99186 22.5
      vertex 0.880172 -2.12492 22.5
    endloop
  endfacet
  facet normal -0.32145 0.946927 0
    outer loop
      vertex 0.880172 -2.12492 22.5
      vertex 0.595284 -2.22163 23.5
      vertex 0.880172 -2.12492 23.5
    endloop
  endfacet
  facet normal -0.32145 0.946927 0
    outer loop
      vertex 0.595284 -2.22163 23.5
      vertex 0.880172 -2.12492 22.5
      vertex 0.595284 -2.22163 22.5
    endloop
  endfacet
  facet normal -0.659358 0.751829 0
    outer loop
      vertex 1.62634 -1.62634 22.5
      vertex 1.40015 -1.82471 23.5
      vertex 1.62634 -1.62634 23.5
    endloop
  endfacet
  facet normal -0.659358 0.751829 0
    outer loop
      vertex 1.40015 -1.82471 23.5
      vertex 1.62634 -1.62634 22.5
      vertex 1.40015 -1.82471 22.5
    endloop
  endfacet
  facet normal -0.896879 0.442277 0
    outer loop
      vertex 1.99186 -1.15 22.5
      vertex 2.12492 -0.880172 23.5
      vertex 2.12492 -0.880172 22.5
    endloop
  endfacet
  facet normal -0.896879 0.442277 0
    outer loop
      vertex 2.12492 -0.880172 23.5
      vertex 1.99186 -1.15 22.5
      vertex 1.99186 -1.15 23.5
    endloop
  endfacet
  facet normal 0.32145 0.946927 -0
    outer loop
      vertex -0.595284 -2.22163 22.5
      vertex -0.880172 -2.12492 23.5
      vertex -0.595284 -2.22163 23.5
    endloop
  endfacet
  facet normal 0.32145 0.946927 0
    outer loop
      vertex -0.880172 -2.12492 23.5
      vertex -0.595284 -2.22163 22.5
      vertex -0.880172 -2.12492 22.5
    endloop
  endfacet
  facet normal 0.0654137 0.997858 -0
    outer loop
      vertex 0 -2.3 22.5
      vertex -0.30021 -2.28032 23.5
      vertex 0 -2.3 23.5
    endloop
  endfacet
  facet normal 0.0654137 0.997858 0
    outer loop
      vertex -0.30021 -2.28032 23.5
      vertex 0 -2.3 22.5
      vertex -0.30021 -2.28032 22.5
    endloop
  endfacet
  facet normal 0.751829 0.659358 0
    outer loop
      vertex -1.62634 -1.62634 23.5
      vertex -1.82471 -1.40015 22.5
      vertex -1.82471 -1.40015 23.5
    endloop
  endfacet
  facet normal 0.751829 0.659358 0
    outer loop
      vertex -1.82471 -1.40015 22.5
      vertex -1.62634 -1.62634 23.5
      vertex -1.62634 -1.62634 22.5
    endloop
  endfacet
  facet normal 0.659358 0.751829 -0
    outer loop
      vertex -1.40015 -1.82471 22.5
      vertex -1.62634 -1.62634 23.5
      vertex -1.40015 -1.82471 23.5
    endloop
  endfacet
  facet normal 0.659358 0.751829 0
    outer loop
      vertex -1.62634 -1.62634 23.5
      vertex -1.40015 -1.82471 22.5
      vertex -1.62634 -1.62634 22.5
    endloop
  endfacet
  facet normal -0.751829 0.659358 0
    outer loop
      vertex 1.62634 -1.62634 22.5
      vertex 1.82471 -1.40015 23.5
      vertex 1.82471 -1.40015 22.5
    endloop
  endfacet
  facet normal -0.751829 0.659358 0
    outer loop
      vertex 1.82471 -1.40015 23.5
      vertex 1.62634 -1.62634 22.5
      vertex 1.62634 -1.62634 23.5
    endloop
  endfacet
  facet normal 0.555582 0.831462 -0
    outer loop
      vertex -1.15 -1.99186 22.5
      vertex -1.40015 -1.82471 23.5
      vertex -1.15 -1.99186 23.5
    endloop
  endfacet
  facet normal 0.555582 0.831462 0
    outer loop
      vertex -1.40015 -1.82471 23.5
      vertex -1.15 -1.99186 22.5
      vertex -1.40015 -1.82471 22.5
    endloop
  endfacet
  facet normal 0.831462 0.555582 0
    outer loop
      vertex -1.82471 -1.40015 23.5
      vertex -1.99186 -1.15 22.5
      vertex -1.99186 -1.15 23.5
    endloop
  endfacet
  facet normal 0.831462 0.555582 0
    outer loop
      vertex -1.99186 -1.15 22.5
      vertex -1.82471 -1.40015 23.5
      vertex -1.82471 -1.40015 22.5
    endloop
  endfacet
  facet normal 0.442277 0.896879 -0
    outer loop
      vertex -0.880172 -2.12492 22.5
      vertex -1.15 -1.99186 23.5
      vertex -0.880172 -2.12492 23.5
    endloop
  endfacet
  facet normal 0.442277 0.896879 0
    outer loop
      vertex -1.15 -1.99186 23.5
      vertex -0.880172 -2.12492 22.5
      vertex -1.15 -1.99186 22.5
    endloop
  endfacet
  facet normal 1 -0 0
    outer loop
      vertex 0 -4.25 8.25
      vertex 0 4.25 2.75
      vertex 0 4.25 8.25
    endloop
  endfacet
  facet normal 1 0 0
    outer loop
      vertex 0 4.25 2.75
      vertex 0 -4.25 8.25
      vertex 0 -4.25 2.75
    endloop
  endfacet
  facet normal 0 0 -1
    outer loop
      vertex 20 -4.25 8.25
      vertex 7.2 0 8.25
      vertex 20 4.25 8.25
    endloop
  endfacet
  facet normal 0 0 -1
    outer loop
      vertex 20 -4.25 8.25
      vertex 7.18973 -0.156631 8.25
      vertex 7.2 0 8.25
    endloop
  endfacet
  facet normal 0 0 -1
    outer loop
      vertex 20 -4.25 8.25
      vertex 7.15911 -0.310582 8.25
      vertex 7.18973 -0.156631 8.25
    endloop
  endfacet
  facet normal 0 0 -1
    outer loop
      vertex 20 -4.25 8.25
      vertex 7.10865 -0.45922 8.25
      vertex 7.15911 -0.310582 8.25
    endloop
  endfacet
  facet normal 0 0 -1
    outer loop
      vertex 20 -4.25 8.25
      vertex 7.03923 -0.599999 8.25
      vertex 7.10865 -0.45922 8.25
    endloop
  endfacet
  facet normal 0 0 -1
    outer loop
      vertex 20 -4.25 8.25
      vertex 6.95202 -0.730514 8.25
      vertex 7.03923 -0.599999 8.25
    endloop
  endfacet
  facet normal 0 0 -1
    outer loop
      vertex 20 -4.25 8.25
      vertex 6.84853 -0.848528 8.25
      vertex 6.95202 -0.730514 8.25
    endloop
  endfacet
  facet normal 0 0 -1
    outer loop
      vertex 20 -4.25 8.25
      vertex 6.73051 -0.952024 8.25
      vertex 6.84853 -0.848528 8.25
    endloop
  endfacet
  facet normal 0 0 -1
    outer loop
      vertex 20 -4.25 8.25
      vertex 6.6 -1.03923 8.25
      vertex 6.73051 -0.952024 8.25
    endloop
  endfacet
  facet normal 0 0 -1
    outer loop
      vertex 20 -4.25 8.25
      vertex 6.45922 -1.10865 8.25
      vertex 6.6 -1.03923 8.25
    endloop
  endfacet
  facet normal 0 0 -1
    outer loop
      vertex 20 -4.25 8.25
      vertex 6.31058 -1.15911 8.25
      vertex 6.45922 -1.10865 8.25
    endloop
  endfacet
  facet normal 0 0 -1
    outer loop
      vertex 0 -4.25 8.25
      vertex 6.31058 -1.15911 8.25
      vertex 20 -4.25 8.25
    endloop
  endfacet
  facet normal 0 0 -1
    outer loop
      vertex 6.31058 -1.15911 8.25
      vertex 0 -4.25 8.25
      vertex 6.15663 -1.18973 8.25
    endloop
  endfacet
  facet normal 0 0 -1
    outer loop
      vertex 6.15663 -1.18973 8.25
      vertex 0 -4.25 8.25
      vertex 6 -1.2 8.25
    endloop
  endfacet
  facet normal -0 0 -1
    outer loop
      vertex 6 -1.2 8.25
      vertex 0 -4.25 8.25
      vertex 5.84337 -1.18973 8.25
    endloop
  endfacet
  facet normal -0 0 -1
    outer loop
      vertex 4.81027 -0.156631 8.25
      vertex 0 -4.25 8.25
      vertex 4.8 0 8.25
    endloop
  endfacet
  facet normal -0 0 -1
    outer loop
      vertex 4.84089 -0.310582 8.25
      vertex 0 -4.25 8.25
      vertex 4.81027 -0.156631 8.25
    endloop
  endfacet
  facet normal -0 0 -1
    outer loop
      vertex 4.89134 -0.45922 8.25
      vertex 0 -4.25 8.25
      vertex 4.84089 -0.310582 8.25
    endloop
  endfacet
  facet normal -0 0 -1
    outer loop
      vertex 4.96077 -0.599999 8.25
      vertex 0 -4.25 8.25
      vertex 4.89134 -0.45922 8.25
    endloop
  endfacet
  facet normal -0 0 -1
    outer loop
      vertex 5.04798 -0.730514 8.25
      vertex 0 -4.25 8.25
      vertex 4.96077 -0.599999 8.25
    endloop
  endfacet
  facet normal -0 0 -1
    outer loop
      vertex 5.15147 -0.848528 8.25
      vertex 0 -4.25 8.25
      vertex 5.04798 -0.730514 8.25
    endloop
  endfacet
  facet normal -0 0 -1
    outer loop
      vertex 5.26949 -0.952024 8.25
      vertex 0 -4.25 8.25
      vertex 5.15147 -0.848528 8.25
    endloop
  endfacet
  facet normal -0 0 -1
    outer loop
      vertex 5.4 -1.03923 8.25
      vertex 0 -4.25 8.25
      vertex 5.26949 -0.952024 8.25
    endloop
  endfacet
  facet normal -0 0 -1
    outer loop
      vertex 5.54078 -1.10865 8.25
      vertex 0 -4.25 8.25
      vertex 5.4 -1.03923 8.25
    endloop
  endfacet
  facet normal -0 0 -1
    outer loop
      vertex 5.68942 -1.15911 8.25
      vertex 0 -4.25 8.25
      vertex 5.54078 -1.10865 8.25
    endloop
  endfacet
  facet normal -0 0 -1
    outer loop
      vertex 5.84337 -1.18973 8.25
      vertex 0 -4.25 8.25
      vertex 5.68942 -1.15911 8.25
    endloop
  endfacet
  facet normal 0 0 -1
    outer loop
      vertex 7.18973 0.156631 8.25
      vertex 20 4.25 8.25
      vertex 7.2 0 8.25
    endloop
  endfacet
  facet normal 0 0 -1
    outer loop
      vertex 7.15911 0.310582 8.25
      vertex 20 4.25 8.25
      vertex 7.18973 0.156631 8.25
    endloop
  endfacet
  facet normal 0 0 -1
    outer loop
      vertex 7.10865 0.45922 8.25
      vertex 20 4.25 8.25
      vertex 7.15911 0.310582 8.25
    endloop
  endfacet
  facet normal 0 0 -1
    outer loop
      vertex 7.03923 0.599999 8.25
      vertex 20 4.25 8.25
      vertex 7.10865 0.45922 8.25
    endloop
  endfacet
  facet normal 0 0 -1
    outer loop
      vertex 6.95202 0.730514 8.25
      vertex 20 4.25 8.25
      vertex 7.03923 0.599999 8.25
    endloop
  endfacet
  facet normal 0 0 -1
    outer loop
      vertex 6.84853 0.848528 8.25
      vertex 20 4.25 8.25
      vertex 6.95202 0.730514 8.25
    endloop
  endfacet
  facet normal 0 0 -1
    outer loop
      vertex 6.73051 0.952024 8.25
      vertex 20 4.25 8.25
      vertex 6.84853 0.848528 8.25
    endloop
  endfacet
  facet normal 0 0 -1
    outer loop
      vertex 6.6 1.03923 8.25
      vertex 20 4.25 8.25
      vertex 6.73051 0.952024 8.25
    endloop
  endfacet
  facet normal 0 0 -1
    outer loop
      vertex 6.45922 1.10865 8.25
      vertex 20 4.25 8.25
      vertex 6.6 1.03923 8.25
    endloop
  endfacet
  facet normal 0 0 -1
    outer loop
      vertex 6.31058 1.15911 8.25
      vertex 20 4.25 8.25
      vertex 6.45922 1.10865 8.25
    endloop
  endfacet
  facet normal 0 0 -1
    outer loop
      vertex 0 4.25 8.25
      vertex 6.31058 1.15911 8.25
      vertex 6.15663 1.18973 8.25
    endloop
  endfacet
  facet normal 0 0 -1
    outer loop
      vertex 0 4.25 8.25
      vertex 6.15663 1.18973 8.25
      vertex 6 1.2 8.25
    endloop
  endfacet
  facet normal 0 0 -1
    outer loop
      vertex 0 4.25 8.25
      vertex 6 1.2 8.25
      vertex 5.84337 1.18973 8.25
    endloop
  endfacet
  facet normal 0 0 -1
    outer loop
      vertex 0 4.25 8.25
      vertex 5.84337 1.18973 8.25
      vertex 5.68942 1.15911 8.25
    endloop
  endfacet
  facet normal 0 0 -1
    outer loop
      vertex 0 4.25 8.25
      vertex 4.8 0 8.25
      vertex 0 -4.25 8.25
    endloop
  endfacet
  facet normal 0 0 -1
    outer loop
      vertex 4.8 0 8.25
      vertex 0 4.25 8.25
      vertex 4.81027 0.156631 8.25
    endloop
  endfacet
  facet normal 0 0 -1
    outer loop
      vertex 4.81027 0.156631 8.25
      vertex 0 4.25 8.25
      vertex 4.84089 0.310582 8.25
    endloop
  endfacet
  facet normal 0 0 -1
    outer loop
      vertex 4.84089 0.310582 8.25
      vertex 0 4.25 8.25
      vertex 4.89134 0.45922 8.25
    endloop
  endfacet
  facet normal 0 0 -1
    outer loop
      vertex 4.89134 0.45922 8.25
      vertex 0 4.25 8.25
      vertex 4.96077 0.599999 8.25
    endloop
  endfacet
  facet normal 0 0 -1
    outer loop
      vertex 4.96077 0.599999 8.25
      vertex 0 4.25 8.25
      vertex 5.04798 0.730514 8.25
    endloop
  endfacet
  facet normal 0 0 -1
    outer loop
      vertex 6.31058 1.15911 8.25
      vertex 0 4.25 8.25
      vertex 20 4.25 8.25
    endloop
  endfacet
  facet normal 0 0 -1
    outer loop
      vertex 5.54078 1.10865 8.25
      vertex 0 4.25 8.25
      vertex 5.68942 1.15911 8.25
    endloop
  endfacet
  facet normal 0 0 -1
    outer loop
      vertex 5.4 1.03923 8.25
      vertex 0 4.25 8.25
      vertex 5.54078 1.10865 8.25
    endloop
  endfacet
  facet normal 0 0 -1
    outer loop
      vertex 5.26949 0.952024 8.25
      vertex 0 4.25 8.25
      vertex 5.4 1.03923 8.25
    endloop
  endfacet
  facet normal 0 0 -1
    outer loop
      vertex 5.15147 0.848528 8.25
      vertex 0 4.25 8.25
      vertex 5.26949 0.952024 8.25
    endloop
  endfacet
  facet normal 0 0 -1
    outer loop
      vertex 5.04798 0.730514 8.25
      vertex 0 4.25 8.25
      vertex 5.15147 0.848528 8.25
    endloop
  endfacet
  facet normal 0 -1 0
    outer loop
      vertex 0 4.25 2.75
      vertex 20 4.25 8.25
      vertex 0 4.25 8.25
    endloop
  endfacet
  facet normal 0 -1 -0
    outer loop
      vertex 20 4.25 8.25
      vertex 0 4.25 2.75
      vertex 20 4.25 2.75
    endloop
  endfacet
  facet normal 0 0 1
    outer loop
      vertex 20 4.25 2.75
      vertex 7.2 0 2.75
      vertex 20 -4.25 2.75
    endloop
  endfacet
  facet normal 0 0 1
    outer loop
      vertex 20 4.25 2.75
      vertex 7.18973 0.156631 2.75
      vertex 7.2 0 2.75
    endloop
  endfacet
  facet normal 0 0 1
    outer loop
      vertex 20 4.25 2.75
      vertex 7.15911 0.310582 2.75
      vertex 7.18973 0.156631 2.75
    endloop
  endfacet
  facet normal 0 0 1
    outer loop
      vertex 20 4.25 2.75
      vertex 7.10865 0.45922 2.75
      vertex 7.15911 0.310582 2.75
    endloop
  endfacet
  facet normal 0 0 1
    outer loop
      vertex 20 4.25 2.75
      vertex 7.03923 0.599999 2.75
      vertex 7.10865 0.45922 2.75
    endloop
  endfacet
  facet normal 0 0 1
    outer loop
      vertex 20 4.25 2.75
      vertex 6.95202 0.730514 2.75
      vertex 7.03923 0.599999 2.75
    endloop
  endfacet
  facet normal 0 0 1
    outer loop
      vertex 20 4.25 2.75
      vertex 6.84853 0.848528 2.75
      vertex 6.95202 0.730514 2.75
    endloop
  endfacet
  facet normal 0 0 1
    outer loop
      vertex 20 4.25 2.75
      vertex 6.73051 0.952024 2.75
      vertex 6.84853 0.848528 2.75
    endloop
  endfacet
  facet normal 0 0 1
    outer loop
      vertex 20 4.25 2.75
      vertex 6.6 1.03923 2.75
      vertex 6.73051 0.952024 2.75
    endloop
  endfacet
  facet normal 0 0 1
    outer loop
      vertex 20 4.25 2.75
      vertex 6.45922 1.10865 2.75
      vertex 6.6 1.03923 2.75
    endloop
  endfacet
  facet normal 0 0 1
    outer loop
      vertex 20 4.25 2.75
      vertex 6.31058 1.15911 2.75
      vertex 6.45922 1.10865 2.75
    endloop
  endfacet
  facet normal -0 0 1
    outer loop
      vertex 0 4.25 2.75
      vertex 6.31058 1.15911 2.75
      vertex 20 4.25 2.75
    endloop
  endfacet
  facet normal 0 0 1
    outer loop
      vertex 6.31058 1.15911 2.75
      vertex 0 4.25 2.75
      vertex 6.15663 1.18973 2.75
    endloop
  endfacet
  facet normal 0 0 1
    outer loop
      vertex 6.15663 1.18973 2.75
      vertex 0 4.25 2.75
      vertex 6 1.2 2.75
    endloop
  endfacet
  facet normal 0 0 1
    outer loop
      vertex 6 1.2 2.75
      vertex 0 4.25 2.75
      vertex 5.84337 1.18973 2.75
    endloop
  endfacet
  facet normal 0 0 1
    outer loop
      vertex 4.81027 0.156631 2.75
      vertex 0 4.25 2.75
      vertex 4.8 0 2.75
    endloop
  endfacet
  facet normal 0 0 1
    outer loop
      vertex 4.84089 0.310582 2.75
      vertex 0 4.25 2.75
      vertex 4.81027 0.156631 2.75
    endloop
  endfacet
  facet normal 0 0 1
    outer loop
      vertex 4.89134 0.45922 2.75
      vertex 0 4.25 2.75
      vertex 4.84089 0.310582 2.75
    endloop
  endfacet
  facet normal 0 0 1
    outer loop
      vertex 4.96077 0.599999 2.75
      vertex 0 4.25 2.75
      vertex 4.89134 0.45922 2.75
    endloop
  endfacet
  facet normal 0 0 1
    outer loop
      vertex 5.04798 0.730514 2.75
      vertex 0 4.25 2.75
      vertex 4.96077 0.599999 2.75
    endloop
  endfacet
  facet normal 0 0 1
    outer loop
      vertex 5.15147 0.848528 2.75
      vertex 0 4.25 2.75
      vertex 5.04798 0.730514 2.75
    endloop
  endfacet
  facet normal 0 0 1
    outer loop
      vertex 5.26949 0.952024 2.75
      vertex 0 4.25 2.75
      vertex 5.15147 0.848528 2.75
    endloop
  endfacet
  facet normal 0 0 1
    outer loop
      vertex 5.4 1.03923 2.75
      vertex 0 4.25 2.75
      vertex 5.26949 0.952024 2.75
    endloop
  endfacet
  facet normal 0 0 1
    outer loop
      vertex 5.54078 1.10865 2.75
      vertex 0 4.25 2.75
      vertex 5.4 1.03923 2.75
    endloop
  endfacet
  facet normal 0 0 1
    outer loop
      vertex 5.68942 1.15911 2.75
      vertex 0 4.25 2.75
      vertex 5.54078 1.10865 2.75
    endloop
  endfacet
  facet normal 0 0 1
    outer loop
      vertex 5.84337 1.18973 2.75
      vertex 0 4.25 2.75
      vertex 5.68942 1.15911 2.75
    endloop
  endfacet
  facet normal -0 0 1
    outer loop
      vertex 7.18973 -0.156631 2.75
      vertex 20 -4.25 2.75
      vertex 7.2 0 2.75
    endloop
  endfacet
  facet normal -0 0 1
    outer loop
      vertex 7.15911 -0.310582 2.75
      vertex 20 -4.25 2.75
      vertex 7.18973 -0.156631 2.75
    endloop
  endfacet
  facet normal -0 0 1
    outer loop
      vertex 7.10865 -0.45922 2.75
      vertex 20 -4.25 2.75
      vertex 7.15911 -0.310582 2.75
    endloop
  endfacet
  facet normal -0 0 1
    outer loop
      vertex 7.03923 -0.599999 2.75
      vertex 20 -4.25 2.75
      vertex 7.10865 -0.45922 2.75
    endloop
  endfacet
  facet normal -0 0 1
    outer loop
      vertex 6.95202 -0.730514 2.75
      vertex 20 -4.25 2.75
      vertex 7.03923 -0.599999 2.75
    endloop
  endfacet
  facet normal -0 0 1
    outer loop
      vertex 6.84853 -0.848528 2.75
      vertex 20 -4.25 2.75
      vertex 6.95202 -0.730514 2.75
    endloop
  endfacet
  facet normal -0 0 1
    outer loop
      vertex 6.73051 -0.952024 2.75
      vertex 20 -4.25 2.75
      vertex 6.84853 -0.848528 2.75
    endloop
  endfacet
  facet normal -0 0 1
    outer loop
      vertex 6.6 -1.03923 2.75
      vertex 20 -4.25 2.75
      vertex 6.73051 -0.952024 2.75
    endloop
  endfacet
  facet normal -0 0 1
    outer loop
      vertex 6.45922 -1.10865 2.75
      vertex 20 -4.25 2.75
      vertex 6.6 -1.03923 2.75
    endloop
  endfacet
  facet normal -0 0 1
    outer loop
      vertex 6.31058 -1.15911 2.75
      vertex 20 -4.25 2.75
      vertex 6.45922 -1.10865 2.75
    endloop
  endfacet
  facet normal 0 0 1
    outer loop
      vertex 0 -4.25 2.75
      vertex 6.31058 -1.15911 2.75
      vertex 6.15663 -1.18973 2.75
    endloop
  endfacet
  facet normal 0 0 1
    outer loop
      vertex 0 -4.25 2.75
      vertex 6.15663 -1.18973 2.75
      vertex 6 -1.2 2.75
    endloop
  endfacet
  facet normal 0 0 1
    outer loop
      vertex 0 -4.25 2.75
      vertex 6 -1.2 2.75
      vertex 5.84337 -1.18973 2.75
    endloop
  endfacet
  facet normal 0 0 1
    outer loop
      vertex 0 -4.25 2.75
      vertex 5.84337 -1.18973 2.75
      vertex 5.68942 -1.15911 2.75
    endloop
  endfacet
  facet normal 0 0 1
    outer loop
      vertex 0 -4.25 2.75
      vertex 4.8 0 2.75
      vertex 0 4.25 2.75
    endloop
  endfacet
  facet normal 0 0 1
    outer loop
      vertex 4.8 0 2.75
      vertex 0 -4.25 2.75
      vertex 4.81027 -0.156631 2.75
    endloop
  endfacet
  facet normal 0 0 1
    outer loop
      vertex 4.81027 -0.156631 2.75
      vertex 0 -4.25 2.75
      vertex 4.84089 -0.310582 2.75
    endloop
  endfacet
  facet normal 0 0 1
    outer loop
      vertex 4.84089 -0.310582 2.75
      vertex 0 -4.25 2.75
      vertex 4.89134 -0.45922 2.75
    endloop
  endfacet
  facet normal 0 0 1
    outer loop
      vertex 4.89134 -0.45922 2.75
      vertex 0 -4.25 2.75
      vertex 4.96077 -0.599999 2.75
    endloop
  endfacet
  facet normal 0 0 1
    outer loop
      vertex 4.96077 -0.599999 2.75
      vertex 0 -4.25 2.75
      vertex 5.04798 -0.730514 2.75
    endloop
  endfacet
  facet normal 0 0 1
    outer loop
      vertex 6.31058 -1.15911 2.75
      vertex 0 -4.25 2.75
      vertex 20 -4.25 2.75
    endloop
  endfacet
  facet normal 0 0 1
    outer loop
      vertex 5.54078 -1.10865 2.75
      vertex 0 -4.25 2.75
      vertex 5.68942 -1.15911 2.75
    endloop
  endfacet
  facet normal 0 0 1
    outer loop
      vertex 5.4 -1.03923 2.75
      vertex 0 -4.25 2.75
      vertex 5.54078 -1.10865 2.75
    endloop
  endfacet
  facet normal 0 0 1
    outer loop
      vertex 5.26949 -0.952024 2.75
      vertex 0 -4.25 2.75
      vertex 5.4 -1.03923 2.75
    endloop
  endfacet
  facet normal 0 0 1
    outer loop
      vertex 5.15147 -0.848528 2.75
      vertex 0 -4.25 2.75
      vertex 5.26949 -0.952024 2.75
    endloop
  endfacet
  facet normal 0 0 1
    outer loop
      vertex 5.04798 -0.730514 2.75
      vertex 0 -4.25 2.75
      vertex 5.15147 -0.848528 2.75
    endloop
  endfacet
  facet normal 0 1 -0
    outer loop
      vertex 20 -4.25 2.75
      vertex 0 -4.25 8.25
      vertex 20 -4.25 8.25
    endloop
  endfacet
  facet normal 0 1 0
    outer loop
      vertex 0 -4.25 8.25
      vertex 20 -4.25 2.75
      vertex 0 -4.25 2.75
    endloop
  endfacet
  facet normal -0.659329 -0.751855 0
    outer loop
      vertex 6.73051 0.952024 0
      vertex 6.84853 0.848528 2.75
      vertex 6.73051 0.952024 2.75
    endloop
  endfacet
  facet normal -0.659329 -0.751855 -0
    outer loop
      vertex 6.84853 0.848528 2.75
      vertex 6.73051 0.952024 0
      vertex 6.84853 0.848528 0
    endloop
  endfacet
  facet normal -0.659329 -0.751855 0
    outer loop
      vertex 6.73051 0.952024 8.25
      vertex 6.84853 0.848528 11
      vertex 6.73051 0.952024 11
    endloop
  endfacet
  facet normal -0.659329 -0.751855 -0
    outer loop
      vertex 6.84853 0.848528 11
      vertex 6.73051 0.952024 8.25
      vertex 6.84853 0.848528 8.25
    endloop
  endfacet
  facet normal 0.32146 -0.946923 0
    outer loop
      vertex 5.54078 1.10865 0
      vertex 5.68942 1.15911 2.75
      vertex 5.54078 1.10865 2.75
    endloop
  endfacet
  facet normal 0.32146 -0.946923 0
    outer loop
      vertex 5.68942 1.15911 2.75
      vertex 5.54078 1.10865 0
      vertex 5.68942 1.15911 0
    endloop
  endfacet
  facet normal 0.32146 -0.946923 0
    outer loop
      vertex 5.54078 1.10865 8.25
      vertex 5.68942 1.15911 11
      vertex 5.54078 1.10865 11
    endloop
  endfacet
  facet normal 0.32146 -0.946923 0
    outer loop
      vertex 5.68942 1.15911 11
      vertex 5.54078 1.10865 8.25
      vertex 5.68942 1.15911 8.25
    endloop
  endfacet
  facet normal 0.896859 -0.442317 0
    outer loop
      vertex 4.89134 0.45922 2.75
      vertex 4.96077 0.599999 0
      vertex 4.96077 0.599999 2.75
    endloop
  endfacet
  facet normal 0.896859 -0.442317 0
    outer loop
      vertex 4.96077 0.599999 0
      vertex 4.89134 0.45922 2.75
      vertex 4.89134 0.45922 0
    endloop
  endfacet
  facet normal 0.896859 -0.442317 0
    outer loop
      vertex 4.89134 0.45922 11
      vertex 4.96077 0.599999 8.25
      vertex 4.96077 0.599999 11
    endloop
  endfacet
  facet normal 0.896859 -0.442317 0
    outer loop
      vertex 4.96077 0.599999 8.25
      vertex 4.89134 0.45922 11
      vertex 4.89134 0.45922 8.25
    endloop
  endfacet
  facet normal -0.896884 -0.442266 0
    outer loop
      vertex 7.10865 0.45922 0
      vertex 7.03923 0.599999 2.75
      vertex 7.03923 0.599999 0
    endloop
  endfacet
  facet normal -0.896884 -0.442266 0
    outer loop
      vertex 7.03923 0.599999 2.75
      vertex 7.10865 0.45922 0
      vertex 7.10865 0.45922 2.75
    endloop
  endfacet
  facet normal -0.896884 -0.442266 0
    outer loop
      vertex 7.10865 0.45922 8.25
      vertex 7.03923 0.599999 11
      vertex 7.03923 0.599999 8.25
    endloop
  endfacet
  facet normal -0.896884 -0.442266 0
    outer loop
      vertex 7.03923 0.599999 11
      vertex 7.10865 0.45922 8.25
      vertex 7.10865 0.45922 11
    endloop
  endfacet
  facet normal -0.831462 -0.555582 0
    outer loop
      vertex 7.03923 0.599999 0
      vertex 6.95202 0.730514 2.75
      vertex 6.95202 0.730514 0
    endloop
  endfacet
  facet normal -0.831462 -0.555582 0
    outer loop
      vertex 6.95202 0.730514 2.75
      vertex 7.03923 0.599999 0
      vertex 7.03923 0.599999 2.75
    endloop
  endfacet
  facet normal -0.831462 -0.555582 0
    outer loop
      vertex 7.03923 0.599999 8.25
      vertex 6.95202 0.730514 11
      vertex 6.95202 0.730514 8.25
    endloop
  endfacet
  facet normal -0.831462 -0.555582 0
    outer loop
      vertex 6.95202 0.730514 11
      vertex 7.03923 0.599999 8.25
      vertex 7.03923 0.599999 11
    endloop
  endfacet
  facet normal -0.751857 -0.659326 0
    outer loop
      vertex 6.95202 0.730514 0
      vertex 6.84853 0.848528 2.75
      vertex 6.84853 0.848528 0
    endloop
  endfacet
  facet normal -0.751857 -0.659326 0
    outer loop
      vertex 6.84853 0.848528 2.75
      vertex 6.95202 0.730514 0
      vertex 6.95202 0.730514 2.75
    endloop
  endfacet
  facet normal -0.751857 -0.659326 0
    outer loop
      vertex 6.95202 0.730514 8.25
      vertex 6.84853 0.848528 11
      vertex 6.84853 0.848528 8.25
    endloop
  endfacet
  facet normal -0.751857 -0.659326 0
    outer loop
      vertex 6.84853 0.848528 11
      vertex 6.95202 0.730514 8.25
      vertex 6.95202 0.730514 11
    endloop
  endfacet
  facet normal -0.442263 -0.896885 0
    outer loop
      vertex 6.45922 1.10865 0
      vertex 6.6 1.03923 2.75
      vertex 6.45922 1.10865 2.75
    endloop
  endfacet
  facet normal -0.442263 -0.896885 -0
    outer loop
      vertex 6.6 1.03923 2.75
      vertex 6.45922 1.10865 0
      vertex 6.6 1.03923 0
    endloop
  endfacet
  facet normal -0.442263 -0.896885 0
    outer loop
      vertex 6.45922 1.10865 8.25
      vertex 6.6 1.03923 11
      vertex 6.45922 1.10865 11
    endloop
  endfacet
  facet normal -0.442263 -0.896885 -0
    outer loop
      vertex 6.6 1.03923 11
      vertex 6.45922 1.10865 8.25
      vertex 6.6 1.03923 8.25
    endloop
  endfacet
  facet normal -0.065428 -0.997857 0
    outer loop
      vertex 6 1.2 0
      vertex 6.15663 1.18973 2.75
      vertex 6 1.2 2.75
    endloop
  endfacet
  facet normal -0.065428 -0.997857 -0
    outer loop
      vertex 6.15663 1.18973 2.75
      vertex 6 1.2 0
      vertex 6.15663 1.18973 0
    endloop
  endfacet
  facet normal -0.065428 -0.997857 0
    outer loop
      vertex 6 1.2 8.25
      vertex 6.15663 1.18973 11
      vertex 6 1.2 11
    endloop
  endfacet
  facet normal -0.065428 -0.997857 -0
    outer loop
      vertex 6.15663 1.18973 11
      vertex 6 1.2 8.25
      vertex 6.15663 1.18973 8.25
    endloop
  endfacet
  facet normal 0.997857 -0.0654276 0
    outer loop
      vertex 4.8 0 2.75
      vertex 4.81027 0.156631 0
      vertex 4.81027 0.156631 2.75
    endloop
  endfacet
  facet normal 0.997857 -0.0654276 0
    outer loop
      vertex 4.81027 0.156631 0
      vertex 4.8 0 2.75
      vertex 4.8 0 0
    endloop
  endfacet
  facet normal 0.997857 -0.0654276 0
    outer loop
      vertex 4.8 0 11
      vertex 4.81027 0.156631 8.25
      vertex 4.81027 0.156631 11
    endloop
  endfacet
  facet normal 0.997857 -0.0654276 0
    outer loop
      vertex 4.81027 0.156631 8.25
      vertex 4.8 0 11
      vertex 4.8 0 8.25
    endloop
  endfacet
  facet normal 0.751857 -0.659326 0
    outer loop
      vertex 5.04798 0.730514 2.75
      vertex 5.15147 0.848528 0
      vertex 5.15147 0.848528 2.75
    endloop
  endfacet
  facet normal 0.751857 -0.659326 0
    outer loop
      vertex 5.15147 0.848528 0
      vertex 5.04798 0.730514 2.75
      vertex 5.04798 0.730514 0
    endloop
  endfacet
  facet normal 0.751857 -0.659326 0
    outer loop
      vertex 5.04798 0.730514 11
      vertex 5.15147 0.848528 8.25
      vertex 5.15147 0.848528 11
    endloop
  endfacet
  facet normal 0.751857 -0.659326 0
    outer loop
      vertex 5.15147 0.848528 8.25
      vertex 5.04798 0.730514 11
      vertex 5.04798 0.730514 8.25
    endloop
  endfacet
  facet normal 0.442263 -0.896885 0
    outer loop
      vertex 5.4 1.03923 0
      vertex 5.54078 1.10865 2.75
      vertex 5.4 1.03923 2.75
    endloop
  endfacet
  facet normal 0.442263 -0.896885 0
    outer loop
      vertex 5.54078 1.10865 2.75
      vertex 5.4 1.03923 0
      vertex 5.54078 1.10865 0
    endloop
  endfacet
  facet normal 0.442263 -0.896885 0
    outer loop
      vertex 5.4 1.03923 8.25
      vertex 5.54078 1.10865 11
      vertex 5.4 1.03923 11
    endloop
  endfacet
  facet normal 0.442263 -0.896885 0
    outer loop
      vertex 5.54078 1.10865 11
      vertex 5.4 1.03923 8.25
      vertex 5.54078 1.10865 8.25
    endloop
  endfacet
  facet normal 0.065428 -0.997857 0
    outer loop
      vertex 5.84337 1.18973 0
      vertex 6 1.2 2.75
      vertex 5.84337 1.18973 2.75
    endloop
  endfacet
  facet normal 0.065428 -0.997857 0
    outer loop
      vertex 6 1.2 2.75
      vertex 5.84337 1.18973 0
      vertex 6 1.2 0
    endloop
  endfacet
  facet normal 0.065428 -0.997857 0
    outer loop
      vertex 5.84337 1.18973 8.25
      vertex 6 1.2 11
      vertex 5.84337 1.18973 11
    endloop
  endfacet
  facet normal 0.065428 -0.997857 0
    outer loop
      vertex 6 1.2 11
      vertex 5.84337 1.18973 8.25
      vertex 6 1.2 8.25
    endloop
  endfacet
  facet normal -0.997857 0.0654276 0
    outer loop
      vertex 7.18973 -0.156631 0
      vertex 7.2 0 2.75
      vertex 7.2 0 0
    endloop
  endfacet
  facet normal -0.997857 0.0654276 0
    outer loop
      vertex 7.2 0 2.75
      vertex 7.18973 -0.156631 0
      vertex 7.18973 -0.156631 2.75
    endloop
  endfacet
  facet normal -0.997857 0.0654276 0
    outer loop
      vertex 7.18973 -0.156631 8.25
      vertex 7.2 0 11
      vertex 7.2 0 8.25
    endloop
  endfacet
  facet normal -0.997857 0.0654276 0
    outer loop
      vertex 7.2 0 11
      vertex 7.18973 -0.156631 8.25
      vertex 7.18973 -0.156631 11
    endloop
  endfacet
  facet normal -0.065428 0.997857 0
    outer loop
      vertex 6.15663 -1.18973 0
      vertex 6 -1.2 2.75
      vertex 6.15663 -1.18973 2.75
    endloop
  endfacet
  facet normal -0.065428 0.997857 0
    outer loop
      vertex 6 -1.2 2.75
      vertex 6.15663 -1.18973 0
      vertex 6 -1.2 0
    endloop
  endfacet
  facet normal -0.065428 0.997857 0
    outer loop
      vertex 6.15663 -1.18973 8.25
      vertex 6 -1.2 11
      vertex 6.15663 -1.18973 11
    endloop
  endfacet
  facet normal -0.065428 0.997857 0
    outer loop
      vertex 6 -1.2 11
      vertex 6.15663 -1.18973 8.25
      vertex 6 -1.2 8.25
    endloop
  endfacet
  facet normal -0.442263 0.896885 0
    outer loop
      vertex 6.6 -1.03923 0
      vertex 6.45922 -1.10865 2.75
      vertex 6.6 -1.03923 2.75
    endloop
  endfacet
  facet normal -0.442263 0.896885 0
    outer loop
      vertex 6.45922 -1.10865 2.75
      vertex 6.6 -1.03923 0
      vertex 6.45922 -1.10865 0
    endloop
  endfacet
  facet normal -0.442263 0.896885 0
    outer loop
      vertex 6.6 -1.03923 8.25
      vertex 6.45922 -1.10865 11
      vertex 6.6 -1.03923 11
    endloop
  endfacet
  facet normal -0.442263 0.896885 0
    outer loop
      vertex 6.45922 -1.10865 11
      vertex 6.6 -1.03923 8.25
      vertex 6.45922 -1.10865 8.25
    endloop
  endfacet
  facet normal -0.751857 0.659326 0
    outer loop
      vertex 6.84853 -0.848528 0
      vertex 6.95202 -0.730514 2.75
      vertex 6.95202 -0.730514 0
    endloop
  endfacet
  facet normal -0.751857 0.659326 0
    outer loop
      vertex 6.95202 -0.730514 2.75
      vertex 6.84853 -0.848528 0
      vertex 6.84853 -0.848528 2.75
    endloop
  endfacet
  facet normal -0.751857 0.659326 0
    outer loop
      vertex 6.84853 -0.848528 8.25
      vertex 6.95202 -0.730514 11
      vertex 6.95202 -0.730514 8.25
    endloop
  endfacet
  facet normal -0.751857 0.659326 0
    outer loop
      vertex 6.95202 -0.730514 11
      vertex 6.84853 -0.848528 8.25
      vertex 6.84853 -0.848528 11
    endloop
  endfacet
  facet normal 0.065428 0.997857 -0
    outer loop
      vertex 6 -1.2 0
      vertex 5.84337 -1.18973 2.75
      vertex 6 -1.2 2.75
    endloop
  endfacet
  facet normal 0.065428 0.997857 0
    outer loop
      vertex 5.84337 -1.18973 2.75
      vertex 6 -1.2 0
      vertex 5.84337 -1.18973 0
    endloop
  endfacet
  facet normal 0.065428 0.997857 -0
    outer loop
      vertex 6 -1.2 8.25
      vertex 5.84337 -1.18973 11
      vertex 6 -1.2 11
    endloop
  endfacet
  facet normal 0.065428 0.997857 0
    outer loop
      vertex 5.84337 -1.18973 11
      vertex 6 -1.2 8.25
      vertex 5.84337 -1.18973 8.25
    endloop
  endfacet
  facet normal 0.659329 0.751855 -0
    outer loop
      vertex 5.26949 -0.952024 0
      vertex 5.15147 -0.848528 2.75
      vertex 5.26949 -0.952024 2.75
    endloop
  endfacet
  facet normal 0.659329 0.751855 0
    outer loop
      vertex 5.15147 -0.848528 2.75
      vertex 5.26949 -0.952024 0
      vertex 5.15147 -0.848528 0
    endloop
  endfacet
  facet normal 0.659329 0.751855 -0
    outer loop
      vertex 5.26949 -0.952024 8.25
      vertex 5.15147 -0.848528 11
      vertex 5.26949 -0.952024 11
    endloop
  endfacet
  facet normal 0.659329 0.751855 0
    outer loop
      vertex 5.15147 -0.848528 11
      vertex 5.26949 -0.952024 8.25
      vertex 5.15147 -0.848528 8.25
    endloop
  endfacet
  facet normal 0.896859 0.442317 0
    outer loop
      vertex 4.96077 -0.599999 2.75
      vertex 4.89134 -0.45922 0
      vertex 4.89134 -0.45922 2.75
    endloop
  endfacet
  facet normal 0.896859 0.442317 0
    outer loop
      vertex 4.89134 -0.45922 0
      vertex 4.96077 -0.599999 2.75
      vertex 4.96077 -0.599999 0
    endloop
  endfacet
  facet normal 0.896859 0.442317 0
    outer loop
      vertex 4.96077 -0.599999 11
      vertex 4.89134 -0.45922 8.25
      vertex 4.89134 -0.45922 11
    endloop
  endfacet
  facet normal 0.896859 0.442317 0
    outer loop
      vertex 4.89134 -0.45922 8.25
      vertex 4.96077 -0.599999 11
      vertex 4.96077 -0.599999 8.25
    endloop
  endfacet
  facet normal 0.997857 0.0654276 0
    outer loop
      vertex 4.81027 -0.156631 2.75
      vertex 4.8 0 0
      vertex 4.8 0 2.75
    endloop
  endfacet
  facet normal 0.997857 0.0654276 0
    outer loop
      vertex 4.8 0 0
      vertex 4.81027 -0.156631 2.75
      vertex 4.81027 -0.156631 0
    endloop
  endfacet
  facet normal 0.997857 0.0654276 0
    outer loop
      vertex 4.81027 -0.156631 11
      vertex 4.8 0 8.25
      vertex 4.8 0 11
    endloop
  endfacet
  facet normal 0.997857 0.0654276 0
    outer loop
      vertex 4.8 0 8.25
      vertex 4.81027 -0.156631 11
      vertex 4.81027 -0.156631 8.25
    endloop
  endfacet
  facet normal -0.980789 -0.195073 0
    outer loop
      vertex 7.18973 0.156631 0
      vertex 7.15911 0.310582 2.75
      vertex 7.15911 0.310582 0
    endloop
  endfacet
  facet normal -0.980789 -0.195073 0
    outer loop
      vertex 7.15911 0.310582 2.75
      vertex 7.18973 0.156631 0
      vertex 7.18973 0.156631 2.75
    endloop
  endfacet
  facet normal -0.980789 -0.195073 0
    outer loop
      vertex 7.18973 0.156631 8.25
      vertex 7.15911 0.310582 11
      vertex 7.15911 0.310582 8.25
    endloop
  endfacet
  facet normal -0.980789 -0.195073 0
    outer loop
      vertex 7.15911 0.310582 11
      vertex 7.18973 0.156631 8.25
      vertex 7.18973 0.156631 11
    endloop
  endfacet
  facet normal -0.946922 -0.321463 0
    outer loop
      vertex 7.15911 0.310582 0
      vertex 7.10865 0.45922 2.75
      vertex 7.10865 0.45922 0
    endloop
  endfacet
  facet normal -0.946922 -0.321463 0
    outer loop
      vertex 7.10865 0.45922 2.75
      vertex 7.15911 0.310582 0
      vertex 7.15911 0.310582 2.75
    endloop
  endfacet
  facet normal -0.946922 -0.321463 0
    outer loop
      vertex 7.15911 0.310582 8.25
      vertex 7.10865 0.45922 11
      vertex 7.10865 0.45922 8.25
    endloop
  endfacet
  facet normal -0.946922 -0.321463 0
    outer loop
      vertex 7.10865 0.45922 11
      vertex 7.15911 0.310582 8.25
      vertex 7.15911 0.310582 11
    endloop
  endfacet
  facet normal -0.555579 -0.831464 0
    outer loop
      vertex 6.6 1.03923 0
      vertex 6.73051 0.952024 2.75
      vertex 6.6 1.03923 2.75
    endloop
  endfacet
  facet normal -0.555579 -0.831464 -0
    outer loop
      vertex 6.73051 0.952024 2.75
      vertex 6.6 1.03923 0
      vertex 6.73051 0.952024 0
    endloop
  endfacet
  facet normal -0.555579 -0.831464 0
    outer loop
      vertex 6.6 1.03923 8.25
      vertex 6.73051 0.952024 11
      vertex 6.6 1.03923 11
    endloop
  endfacet
  facet normal -0.555579 -0.831464 -0
    outer loop
      vertex 6.73051 0.952024 11
      vertex 6.6 1.03923 8.25
      vertex 6.73051 0.952024 8.25
    endloop
  endfacet
  facet normal -0.32146 -0.946923 0
    outer loop
      vertex 6.31058 1.15911 0
      vertex 6.45922 1.10865 2.75
      vertex 6.31058 1.15911 2.75
    endloop
  endfacet
  facet normal -0.32146 -0.946923 -0
    outer loop
      vertex 6.45922 1.10865 2.75
      vertex 6.31058 1.15911 0
      vertex 6.45922 1.10865 0
    endloop
  endfacet
  facet normal -0.32146 -0.946923 0
    outer loop
      vertex 6.31058 1.15911 8.25
      vertex 6.45922 1.10865 11
      vertex 6.31058 1.15911 11
    endloop
  endfacet
  facet normal -0.32146 -0.946923 -0
    outer loop
      vertex 6.45922 1.10865 11
      vertex 6.31058 1.15911 8.25
      vertex 6.45922 1.10865 8.25
    endloop
  endfacet
  facet normal -0.195075 -0.980788 0
    outer loop
      vertex 6.15663 1.18973 0
      vertex 6.31058 1.15911 2.75
      vertex 6.15663 1.18973 2.75
    endloop
  endfacet
  facet normal -0.195075 -0.980788 -0
    outer loop
      vertex 6.31058 1.15911 2.75
      vertex 6.15663 1.18973 0
      vertex 6.31058 1.15911 0
    endloop
  endfacet
  facet normal -0.195075 -0.980788 0
    outer loop
      vertex 6.15663 1.18973 8.25
      vertex 6.31058 1.15911 11
      vertex 6.15663 1.18973 11
    endloop
  endfacet
  facet normal -0.195075 -0.980788 -0
    outer loop
      vertex 6.31058 1.15911 11
      vertex 6.15663 1.18973 8.25
      vertex 6.31058 1.15911 8.25
    endloop
  endfacet
  facet normal 0.946941 -0.321406 0
    outer loop
      vertex 4.84089 0.310582 2.75
      vertex 4.89134 0.45922 0
      vertex 4.89134 0.45922 2.75
    endloop
  endfacet
  facet normal 0.946941 -0.321406 0
    outer loop
      vertex 4.89134 0.45922 0
      vertex 4.84089 0.310582 2.75
      vertex 4.84089 0.310582 0
    endloop
  endfacet
  facet normal 0.946941 -0.321406 0
    outer loop
      vertex 4.84089 0.310582 11
      vertex 4.89134 0.45922 8.25
      vertex 4.89134 0.45922 11
    endloop
  endfacet
  facet normal 0.946941 -0.321406 0
    outer loop
      vertex 4.89134 0.45922 8.25
      vertex 4.84089 0.310582 11
      vertex 4.84089 0.310582 8.25
    endloop
  endfacet
  facet normal 0.980789 -0.195073 0
    outer loop
      vertex 4.81027 0.156631 2.75
      vertex 4.84089 0.310582 0
      vertex 4.84089 0.310582 2.75
    endloop
  endfacet
  facet normal 0.980789 -0.195073 0
    outer loop
      vertex 4.84089 0.310582 0
      vertex 4.81027 0.156631 2.75
      vertex 4.81027 0.156631 0
    endloop
  endfacet
  facet normal 0.980789 -0.195073 0
    outer loop
      vertex 4.81027 0.156631 11
      vertex 4.84089 0.310582 8.25
      vertex 4.84089 0.310582 11
    endloop
  endfacet
  facet normal 0.980789 -0.195073 0
    outer loop
      vertex 4.84089 0.310582 8.25
      vertex 4.81027 0.156631 11
      vertex 4.81027 0.156631 8.25
    endloop
  endfacet
  facet normal 0.831462 -0.555582 0
    outer loop
      vertex 4.96077 0.599999 2.75
      vertex 5.04798 0.730514 0
      vertex 5.04798 0.730514 2.75
    endloop
  endfacet
  facet normal 0.831462 -0.555582 0
    outer loop
      vertex 5.04798 0.730514 0
      vertex 4.96077 0.599999 2.75
      vertex 4.96077 0.599999 0
    endloop
  endfacet
  facet normal 0.831462 -0.555582 0
    outer loop
      vertex 4.96077 0.599999 11
      vertex 5.04798 0.730514 8.25
      vertex 5.04798 0.730514 11
    endloop
  endfacet
  facet normal 0.831462 -0.555582 0
    outer loop
      vertex 5.04798 0.730514 8.25
      vertex 4.96077 0.599999 11
      vertex 4.96077 0.599999 8.25
    endloop
  endfacet
  facet normal 0.195075 -0.980788 0
    outer loop
      vertex 5.68942 1.15911 0
      vertex 5.84337 1.18973 2.75
      vertex 5.68942 1.15911 2.75
    endloop
  endfacet
  facet normal 0.195075 -0.980788 0
    outer loop
      vertex 5.84337 1.18973 2.75
      vertex 5.68942 1.15911 0
      vertex 5.84337 1.18973 0
    endloop
  endfacet
  facet normal 0.195075 -0.980788 0
    outer loop
      vertex 5.68942 1.15911 8.25
      vertex 5.84337 1.18973 11
      vertex 5.68942 1.15911 11
    endloop
  endfacet
  facet normal 0.195075 -0.980788 0
    outer loop
      vertex 5.84337 1.18973 11
      vertex 5.68942 1.15911 8.25
      vertex 5.84337 1.18973 8.25
    endloop
  endfacet
  facet normal 0.555579 -0.831464 0
    outer loop
      vertex 5.26949 0.952024 0
      vertex 5.4 1.03923 2.75
      vertex 5.26949 0.952024 2.75
    endloop
  endfacet
  facet normal 0.555579 -0.831464 0
    outer loop
      vertex 5.4 1.03923 2.75
      vertex 5.26949 0.952024 0
      vertex 5.4 1.03923 0
    endloop
  endfacet
  facet normal 0.555579 -0.831464 0
    outer loop
      vertex 5.26949 0.952024 8.25
      vertex 5.4 1.03923 11
      vertex 5.26949 0.952024 11
    endloop
  endfacet
  facet normal 0.555579 -0.831464 0
    outer loop
      vertex 5.4 1.03923 11
      vertex 5.26949 0.952024 8.25
      vertex 5.4 1.03923 8.25
    endloop
  endfacet
  facet normal 0.659329 -0.751855 0
    outer loop
      vertex 5.15147 0.848528 0
      vertex 5.26949 0.952024 2.75
      vertex 5.15147 0.848528 2.75
    endloop
  endfacet
  facet normal 0.659329 -0.751855 0
    outer loop
      vertex 5.26949 0.952024 2.75
      vertex 5.15147 0.848528 0
      vertex 5.26949 0.952024 0
    endloop
  endfacet
  facet normal 0.659329 -0.751855 0
    outer loop
      vertex 5.15147 0.848528 8.25
      vertex 5.26949 0.952024 11
      vertex 5.15147 0.848528 11
    endloop
  endfacet
  facet normal 0.659329 -0.751855 0
    outer loop
      vertex 5.26949 0.952024 11
      vertex 5.15147 0.848528 8.25
      vertex 5.26949 0.952024 8.25
    endloop
  endfacet
  facet normal -0.997857 -0.0654276 0
    outer loop
      vertex 7.2 0 0
      vertex 7.18973 0.156631 2.75
      vertex 7.18973 0.156631 0
    endloop
  endfacet
  facet normal -0.997857 -0.0654276 0
    outer loop
      vertex 7.18973 0.156631 2.75
      vertex 7.2 0 0
      vertex 7.2 0 2.75
    endloop
  endfacet
  facet normal -0.997857 -0.0654276 0
    outer loop
      vertex 7.2 0 8.25
      vertex 7.18973 0.156631 11
      vertex 7.18973 0.156631 8.25
    endloop
  endfacet
  facet normal -0.997857 -0.0654276 0
    outer loop
      vertex 7.18973 0.156631 11
      vertex 7.2 0 8.25
      vertex 7.2 0 11
    endloop
  endfacet
  facet normal -0.946922 0.321463 0
    outer loop
      vertex 7.10865 -0.45922 0
      vertex 7.15911 -0.310582 2.75
      vertex 7.15911 -0.310582 0
    endloop
  endfacet
  facet normal -0.946922 0.321463 0
    outer loop
      vertex 7.15911 -0.310582 2.75
      vertex 7.10865 -0.45922 0
      vertex 7.10865 -0.45922 2.75
    endloop
  endfacet
  facet normal -0.946922 0.321463 0
    outer loop
      vertex 7.10865 -0.45922 8.25
      vertex 7.15911 -0.310582 11
      vertex 7.15911 -0.310582 8.25
    endloop
  endfacet
  facet normal -0.946922 0.321463 0
    outer loop
      vertex 7.15911 -0.310582 11
      vertex 7.10865 -0.45922 8.25
      vertex 7.10865 -0.45922 11
    endloop
  endfacet
  facet normal -0.195075 0.980788 0
    outer loop
      vertex 6.31058 -1.15911 0
      vertex 6.15663 -1.18973 2.75
      vertex 6.31058 -1.15911 2.75
    endloop
  endfacet
  facet normal -0.195075 0.980788 0
    outer loop
      vertex 6.15663 -1.18973 2.75
      vertex 6.31058 -1.15911 0
      vertex 6.15663 -1.18973 0
    endloop
  endfacet
  facet normal -0.195075 0.980788 0
    outer loop
      vertex 6.31058 -1.15911 8.25
      vertex 6.15663 -1.18973 11
      vertex 6.31058 -1.15911 11
    endloop
  endfacet
  facet normal -0.195075 0.980788 0
    outer loop
      vertex 6.15663 -1.18973 11
      vertex 6.31058 -1.15911 8.25
      vertex 6.15663 -1.18973 8.25
    endloop
  endfacet
  facet normal -0.555579 0.831464 0
    outer loop
      vertex 6.73051 -0.952024 0
      vertex 6.6 -1.03923 2.75
      vertex 6.73051 -0.952024 2.75
    endloop
  endfacet
  facet normal -0.555579 0.831464 0
    outer loop
      vertex 6.6 -1.03923 2.75
      vertex 6.73051 -0.952024 0
      vertex 6.6 -1.03923 0
    endloop
  endfacet
  facet normal -0.555579 0.831464 0
    outer loop
      vertex 6.73051 -0.952024 8.25
      vertex 6.6 -1.03923 11
      vertex 6.73051 -0.952024 11
    endloop
  endfacet
  facet normal -0.555579 0.831464 0
    outer loop
      vertex 6.6 -1.03923 11
      vertex 6.73051 -0.952024 8.25
      vertex 6.6 -1.03923 8.25
    endloop
  endfacet
  facet normal -0.896884 0.442266 0
    outer loop
      vertex 7.03923 -0.599999 0
      vertex 7.10865 -0.45922 2.75
      vertex 7.10865 -0.45922 0
    endloop
  endfacet
  facet normal -0.896884 0.442266 0
    outer loop
      vertex 7.10865 -0.45922 2.75
      vertex 7.03923 -0.599999 0
      vertex 7.03923 -0.599999 2.75
    endloop
  endfacet
  facet normal -0.896884 0.442266 0
    outer loop
      vertex 7.03923 -0.599999 8.25
      vertex 7.10865 -0.45922 11
      vertex 7.10865 -0.45922 8.25
    endloop
  endfacet
  facet normal -0.896884 0.442266 0
    outer loop
      vertex 7.10865 -0.45922 11
      vertex 7.03923 -0.599999 8.25
      vertex 7.03923 -0.599999 11
    endloop
  endfacet
  facet normal 0.32146 0.946923 -0
    outer loop
      vertex 5.68942 -1.15911 0
      vertex 5.54078 -1.10865 2.75
      vertex 5.68942 -1.15911 2.75
    endloop
  endfacet
  facet normal 0.32146 0.946923 0
    outer loop
      vertex 5.54078 -1.10865 2.75
      vertex 5.68942 -1.15911 0
      vertex 5.54078 -1.10865 0
    endloop
  endfacet
  facet normal 0.32146 0.946923 -0
    outer loop
      vertex 5.68942 -1.15911 8.25
      vertex 5.54078 -1.10865 11
      vertex 5.68942 -1.15911 11
    endloop
  endfacet
  facet normal 0.32146 0.946923 0
    outer loop
      vertex 5.54078 -1.10865 11
      vertex 5.68942 -1.15911 8.25
      vertex 5.54078 -1.10865 8.25
    endloop
  endfacet
  facet normal 0.442263 0.896885 -0
    outer loop
      vertex 5.54078 -1.10865 0
      vertex 5.4 -1.03923 2.75
      vertex 5.54078 -1.10865 2.75
    endloop
  endfacet
  facet normal 0.442263 0.896885 0
    outer loop
      vertex 5.4 -1.03923 2.75
      vertex 5.54078 -1.10865 0
      vertex 5.4 -1.03923 0
    endloop
  endfacet
  facet normal 0.442263 0.896885 -0
    outer loop
      vertex 5.54078 -1.10865 8.25
      vertex 5.4 -1.03923 11
      vertex 5.54078 -1.10865 11
    endloop
  endfacet
  facet normal 0.442263 0.896885 0
    outer loop
      vertex 5.4 -1.03923 11
      vertex 5.54078 -1.10865 8.25
      vertex 5.4 -1.03923 8.25
    endloop
  endfacet
  facet normal 0.980789 0.195073 0
    outer loop
      vertex 4.84089 -0.310582 2.75
      vertex 4.81027 -0.156631 0
      vertex 4.81027 -0.156631 2.75
    endloop
  endfacet
  facet normal 0.980789 0.195073 0
    outer loop
      vertex 4.81027 -0.156631 0
      vertex 4.84089 -0.310582 2.75
      vertex 4.84089 -0.310582 0
    endloop
  endfacet
  facet normal 0.980789 0.195073 0
    outer loop
      vertex 4.84089 -0.310582 11
      vertex 4.81027 -0.156631 8.25
      vertex 4.81027 -0.156631 11
    endloop
  endfacet
  facet normal 0.980789 0.195073 0
    outer loop
      vertex 4.81027 -0.156631 8.25
      vertex 4.84089 -0.310582 11
      vertex 4.84089 -0.310582 8.25
    endloop
  endfacet
  facet normal 0.831462 0.555582 0
    outer loop
      vertex 5.04798 -0.730514 2.75
      vertex 4.96077 -0.599999 0
      vertex 4.96077 -0.599999 2.75
    endloop
  endfacet
  facet normal 0.831462 0.555582 0
    outer loop
      vertex 4.96077 -0.599999 0
      vertex 5.04798 -0.730514 2.75
      vertex 5.04798 -0.730514 0
    endloop
  endfacet
  facet normal 0.831462 0.555582 0
    outer loop
      vertex 5.04798 -0.730514 11
      vertex 4.96077 -0.599999 8.25
      vertex 4.96077 -0.599999 11
    endloop
  endfacet
  facet normal 0.831462 0.555582 0
    outer loop
      vertex 4.96077 -0.599999 8.25
      vertex 5.04798 -0.730514 11
      vertex 5.04798 -0.730514 8.25
    endloop
  endfacet
  facet normal -0.980789 0.195073 0
    outer loop
      vertex 7.15911 -0.310582 0
      vertex 7.18973 -0.156631 2.75
      vertex 7.18973 -0.156631 0
    endloop
  endfacet
  facet normal -0.980789 0.195073 0
    outer loop
      vertex 7.18973 -0.156631 2.75
      vertex 7.15911 -0.310582 0
      vertex 7.15911 -0.310582 2.75
    endloop
  endfacet
  facet normal -0.980789 0.195073 0
    outer loop
      vertex 7.15911 -0.310582 8.25
      vertex 7.18973 -0.156631 11
      vertex 7.18973 -0.156631 8.25
    endloop
  endfacet
  facet normal -0.980789 0.195073 0
    outer loop
      vertex 7.18973 -0.156631 11
      vertex 7.15911 -0.310582 8.25
      vertex 7.15911 -0.310582 11
    endloop
  endfacet
  facet normal -0.32146 0.946923 0
    outer loop
      vertex 6.45922 -1.10865 0
      vertex 6.31058 -1.15911 2.75
      vertex 6.45922 -1.10865 2.75
    endloop
  endfacet
  facet normal -0.32146 0.946923 0
    outer loop
      vertex 6.31058 -1.15911 2.75
      vertex 6.45922 -1.10865 0
      vertex 6.31058 -1.15911 0
    endloop
  endfacet
  facet normal -0.32146 0.946923 0
    outer loop
      vertex 6.45922 -1.10865 8.25
      vertex 6.31058 -1.15911 11
      vertex 6.45922 -1.10865 11
    endloop
  endfacet
  facet normal -0.32146 0.946923 0
    outer loop
      vertex 6.31058 -1.15911 11
      vertex 6.45922 -1.10865 8.25
      vertex 6.31058 -1.15911 8.25
    endloop
  endfacet
  facet normal -0.659329 0.751855 0
    outer loop
      vertex 6.84853 -0.848528 0
      vertex 6.73051 -0.952024 2.75
      vertex 6.84853 -0.848528 2.75
    endloop
  endfacet
  facet normal -0.659329 0.751855 0
    outer loop
      vertex 6.73051 -0.952024 2.75
      vertex 6.84853 -0.848528 0
      vertex 6.73051 -0.952024 0
    endloop
  endfacet
  facet normal -0.659329 0.751855 0
    outer loop
      vertex 6.84853 -0.848528 8.25
      vertex 6.73051 -0.952024 11
      vertex 6.84853 -0.848528 11
    endloop
  endfacet
  facet normal -0.659329 0.751855 0
    outer loop
      vertex 6.73051 -0.952024 11
      vertex 6.84853 -0.848528 8.25
      vertex 6.73051 -0.952024 8.25
    endloop
  endfacet
  facet normal -0.831462 0.555582 0
    outer loop
      vertex 6.95202 -0.730514 0
      vertex 7.03923 -0.599999 2.75
      vertex 7.03923 -0.599999 0
    endloop
  endfacet
  facet normal -0.831462 0.555582 0
    outer loop
      vertex 7.03923 -0.599999 2.75
      vertex 6.95202 -0.730514 0
      vertex 6.95202 -0.730514 2.75
    endloop
  endfacet
  facet normal -0.831462 0.555582 0
    outer loop
      vertex 6.95202 -0.730514 8.25
      vertex 7.03923 -0.599999 11
      vertex 7.03923 -0.599999 8.25
    endloop
  endfacet
  facet normal -0.831462 0.555582 0
    outer loop
      vertex 7.03923 -0.599999 11
      vertex 6.95202 -0.730514 8.25
      vertex 6.95202 -0.730514 11
    endloop
  endfacet
  facet normal 0.195075 0.980788 -0
    outer loop
      vertex 5.84337 -1.18973 0
      vertex 5.68942 -1.15911 2.75
      vertex 5.84337 -1.18973 2.75
    endloop
  endfacet
  facet normal 0.195075 0.980788 0
    outer loop
      vertex 5.68942 -1.15911 2.75
      vertex 5.84337 -1.18973 0
      vertex 5.68942 -1.15911 0
    endloop
  endfacet
  facet normal 0.195075 0.980788 -0
    outer loop
      vertex 5.84337 -1.18973 8.25
      vertex 5.68942 -1.15911 11
      vertex 5.84337 -1.18973 11
    endloop
  endfacet
  facet normal 0.195075 0.980788 0
    outer loop
      vertex 5.68942 -1.15911 11
      vertex 5.84337 -1.18973 8.25
      vertex 5.68942 -1.15911 8.25
    endloop
  endfacet
  facet normal 0.555579 0.831464 -0
    outer loop
      vertex 5.4 -1.03923 0
      vertex 5.26949 -0.952024 2.75
      vertex 5.4 -1.03923 2.75
    endloop
  endfacet
  facet normal 0.555579 0.831464 0
    outer loop
      vertex 5.26949 -0.952024 2.75
      vertex 5.4 -1.03923 0
      vertex 5.26949 -0.952024 0
    endloop
  endfacet
  facet normal 0.555579 0.831464 -0
    outer loop
      vertex 5.4 -1.03923 8.25
      vertex 5.26949 -0.952024 11
      vertex 5.4 -1.03923 11
    endloop
  endfacet
  facet normal 0.555579 0.831464 0
    outer loop
      vertex 5.26949 -0.952024 11
      vertex 5.4 -1.03923 8.25
      vertex 5.26949 -0.952024 8.25
    endloop
  endfacet
  facet normal 0.946941 0.321406 0
    outer loop
      vertex 4.89134 -0.45922 2.75
      vertex 4.84089 -0.310582 0
      vertex 4.84089 -0.310582 2.75
    endloop
  endfacet
  facet normal 0.946941 0.321406 0
    outer loop
      vertex 4.84089 -0.310582 0
      vertex 4.89134 -0.45922 2.75
      vertex 4.89134 -0.45922 0
    endloop
  endfacet
  facet normal 0.946941 0.321406 0
    outer loop
      vertex 4.89134 -0.45922 11
      vertex 4.84089 -0.310582 8.25
      vertex 4.84089 -0.310582 11
    endloop
  endfacet
  facet normal 0.946941 0.321406 0
    outer loop
      vertex 4.84089 -0.310582 8.25
      vertex 4.89134 -0.45922 11
      vertex 4.89134 -0.45922 8.25
    endloop
  endfacet
  facet normal 0.751857 0.659326 0
    outer loop
      vertex 5.15147 -0.848528 2.75
      vertex 5.04798 -0.730514 0
      vertex 5.04798 -0.730514 2.75
    endloop
  endfacet
  facet normal 0.751857 0.659326 0
    outer loop
      vertex 5.04798 -0.730514 0
      vertex 5.15147 -0.848528 2.75
      vertex 5.15147 -0.848528 0
    endloop
  endfacet
  facet normal 0.751857 0.659326 0
    outer loop
      vertex 5.15147 -0.848528 11
      vertex 5.04798 -0.730514 8.25
      vertex 5.04798 -0.730514 11
    endloop
  endfacet
  facet normal 0.751857 0.659326 0
    outer loop
      vertex 5.04798 -0.730514 8.25
      vertex 5.15147 -0.848528 11
      vertex 5.15147 -0.848528 8.25
    endloop
  endfacet
  facet normal 0 0 -1
    outer loop
      vertex -16 -5 9
      vertex -7 5 9
      vertex -7 -5 9
    endloop
  endfacet
  facet normal -0 0 -1
    outer loop
      vertex -7 5 9
      vertex -16 -5 9
      vertex -16 5 9
    endloop
  endfacet
  facet normal -1 0 0
    outer loop
      vertex -7 -5 2
      vertex -7 5 9
      vertex -7 5 2
    endloop
  endfacet
  facet normal -1 -0 0
    outer loop
      vertex -7 5 9
      vertex -7 -5 2
      vertex -7 -5 9
    endloop
  endfacet
  facet normal 0 -1 0
    outer loop
      vertex -16 5 2
      vertex -7 5 9
      vertex -16 5 9
    endloop
  endfacet
  facet normal 0 -1 -0
    outer loop
      vertex -7 5 9
      vertex -16 5 2
      vertex -7 5 2
    endloop
  endfacet
  facet normal -0 0 1
    outer loop
      vertex -16 5 2
      vertex -7 -5 2
      vertex -7 5 2
    endloop
  endfacet
  facet normal 0 0 1
    outer loop
      vertex -7 -5 2
      vertex -16 5 2
      vertex -16 -5 2
    endloop
  endfacet
  facet normal 0 1 -0
    outer loop
      vertex -7 -5 2
      vertex -16 -5 9
      vertex -7 -5 9
    endloop
  endfacet
  facet normal 0 1 0
    outer loop
      vertex -16 -5 9
      vertex -7 -5 2
      vertex -16 -5 2
    endloop
  endfacet
endsolid OpenSCAD_Model
