solid OpenSCAD_Model
  facet normal 0.831518 0.555498 0
    outer loop
      vertex -11.0204 13.375 0
      vertex -11.4382 14.0004 -2
      vertex -11.4382 14.0004 0
    endloop
  endfacet
  facet normal 0.831518 0.555498 0
    outer loop
      vertex -11.4382 14.0004 -2
      vertex -11.0204 13.375 0
      vertex -11.0204 13.375 -2
    endloop
  endfacet
  facet normal 0.442314 0.89686 -0
    outer loop
      vertex -13.125 15.4796 -2
      vertex -13.7996 15.8123 0
      vertex -13.125 15.4796 0
    endloop
  endfacet
  facet normal 0.442314 0.89686 0
    outer loop
      vertex -13.7996 15.8123 0
      vertex -13.125 15.4796 -2
      vertex -13.7996 15.8123 -2
    endloop
  endfacet
  facet normal -0.321488 0.946914 0
    outer loop
      vertex -17.4882 16.0541 -2
      vertex -18.2004 15.8123 0
      vertex -17.4882 16.0541 0
    endloop
  endfacet
  facet normal -0.321488 0.946914 0
    outer loop
      vertex -18.2004 15.8123 0
      vertex -17.4882 16.0541 -2
      vertex -18.2004 15.8123 -2
    endloop
  endfacet
  facet normal -0.89686 0.442314 0
    outer loop
      vertex -21.3123 12.7004 -2
      vertex -20.9796 13.375 0
      vertex -20.9796 13.375 -2
    endloop
  endfacet
  facet normal -0.89686 0.442314 0
    outer loop
      vertex -20.9796 13.375 0
      vertex -21.3123 12.7004 -2
      vertex -21.3123 12.7004 0
    endloop
  endfacet
  facet normal 0.997858 -0.0654133 0
    outer loop
      vertex -10.2992 9.74947 0
      vertex -10.25 10.5 -2
      vertex -10.25 10.5 0
    endloop
  endfacet
  facet normal 0.997858 -0.0654133 0
    outer loop
      vertex -10.25 10.5 -2
      vertex -10.2992 9.74947 0
      vertex -10.2992 9.74947 -2
    endloop
  endfacet
  facet normal 0.75186 0.659323 0
    outer loop
      vertex -11.4382 14.0004 0
      vertex -11.9341 14.5659 -2
      vertex -11.9341 14.5659 0
    endloop
  endfacet
  facet normal 0.75186 0.659323 0
    outer loop
      vertex -11.9341 14.5659 -2
      vertex -11.4382 14.0004 0
      vertex -11.4382 14.0004 -2
    endloop
  endfacet
  facet normal 0.555498 0.831518 -0
    outer loop
      vertex -12.4996 15.0618 -2
      vertex -13.125 15.4796 0
      vertex -12.4996 15.0618 0
    endloop
  endfacet
  facet normal 0.555498 0.831518 0
    outer loop
      vertex -13.125 15.4796 0
      vertex -12.4996 15.0618 -2
      vertex -13.125 15.4796 -2
    endloop
  endfacet
  facet normal -0.75186 0.659323 0
    outer loop
      vertex -20.5618 14.0004 -2
      vertex -20.0659 14.5659 0
      vertex -20.0659 14.5659 -2
    endloop
  endfacet
  facet normal -0.75186 0.659323 0
    outer loop
      vertex -20.0659 14.5659 0
      vertex -20.5618 14.0004 -2
      vertex -20.5618 14.0004 0
    endloop
  endfacet
  facet normal -0.442314 0.89686 0
    outer loop
      vertex -18.2004 15.8123 -2
      vertex -18.875 15.4796 0
      vertex -18.2004 15.8123 0
    endloop
  endfacet
  facet normal -0.442314 0.89686 0
    outer loop
      vertex -18.875 15.4796 0
      vertex -18.2004 15.8123 -2
      vertex -18.875 15.4796 -2
    endloop
  endfacet
  facet normal -0.195042 0.980795 0
    outer loop
      vertex -16.7505 16.2008 -2
      vertex -17.4882 16.0541 0
      vertex -16.7505 16.2008 0
    endloop
  endfacet
  facet normal -0.195042 0.980795 0
    outer loop
      vertex -17.4882 16.0541 0
      vertex -16.7505 16.2008 -2
      vertex -17.4882 16.0541 -2
    endloop
  endfacet
  facet normal 0.555562 -0.831475 0
    outer loop
      vertex -13.125 5.52035 -2
      vertex -12.4996 5.93822 0
      vertex -13.125 5.52035 0
    endloop
  endfacet
  facet normal 0.555562 -0.831475 0
    outer loop
      vertex -12.4996 5.93822 0
      vertex -13.125 5.52035 -2
      vertex -12.4996 5.93822 -2
    endloop
  endfacet
  facet normal -0.659338 -0.751847 0
    outer loop
      vertex -20.0659 6.43414 -2
      vertex -19.5004 5.93822 0
      vertex -20.0659 6.43414 0
    endloop
  endfacet
  facet normal -0.659338 -0.751847 -0
    outer loop
      vertex -19.5004 5.93822 0
      vertex -20.0659 6.43414 -2
      vertex -19.5004 5.93822 -2
    endloop
  endfacet
  facet normal -0.896852 -0.44233 0
    outer loop
      vertex -20.9796 7.625 -2
      vertex -21.3123 8.29957 0
      vertex -21.3123 8.29957 -2
    endloop
  endfacet
  facet normal -0.896852 -0.44233 0
    outer loop
      vertex -21.3123 8.29957 0
      vertex -20.9796 7.625 -2
      vertex -20.9796 7.625 0
    endloop
  endfacet
  facet normal 0.0654159 0.997858 -0
    outer loop
      vertex -15.2495 16.2008 -2
      vertex -16 16.25 0
      vertex -15.2495 16.2008 0
    endloop
  endfacet
  facet normal 0.0654159 0.997858 0
    outer loop
      vertex -16 16.25 0
      vertex -15.2495 16.2008 -2
      vertex -16 16.25 -2
    endloop
  endfacet
  facet normal 0.321488 0.946914 -0
    outer loop
      vertex -13.7996 15.8123 -2
      vertex -14.5118 16.0541 0
      vertex -13.7996 15.8123 0
    endloop
  endfacet
  facet normal 0.321488 0.946914 0
    outer loop
      vertex -14.5118 16.0541 0
      vertex -13.7996 15.8123 -2
      vertex -14.5118 16.0541 -2
    endloop
  endfacet
  facet normal 0.659323 0.75186 -0
    outer loop
      vertex -11.9341 14.5659 -2
      vertex -12.4996 15.0618 0
      vertex -11.9341 14.5659 0
    endloop
  endfacet
  facet normal 0.659323 0.75186 0
    outer loop
      vertex -12.4996 15.0618 0
      vertex -11.9341 14.5659 -2
      vertex -12.4996 15.0618 -2
    endloop
  endfacet
  facet normal -0.997858 0.0654159 0
    outer loop
      vertex -21.75 10.5 -2
      vertex -21.7008 11.2505 0
      vertex -21.7008 11.2505 -2
    endloop
  endfacet
  facet normal -0.997858 0.0654159 0
    outer loop
      vertex -21.7008 11.2505 0
      vertex -21.75 10.5 -2
      vertex -21.75 10.5 0
    endloop
  endfacet
  facet normal -0.946914 0.321488 0
    outer loop
      vertex -21.5541 11.9882 -2
      vertex -21.3123 12.7004 0
      vertex -21.3123 12.7004 -2
    endloop
  endfacet
  facet normal -0.946914 0.321488 0
    outer loop
      vertex -21.3123 12.7004 0
      vertex -21.5541 11.9882 -2
      vertex -21.5541 11.9882 0
    endloop
  endfacet
  facet normal -0.831518 0.555498 0
    outer loop
      vertex -20.9796 13.375 -2
      vertex -20.5618 14.0004 0
      vertex -20.5618 14.0004 -2
    endloop
  endfacet
  facet normal -0.831518 0.555498 0
    outer loop
      vertex -20.5618 14.0004 0
      vertex -20.9796 13.375 -2
      vertex -20.9796 13.375 0
    endloop
  endfacet
  facet normal -0.0654159 0.997858 0
    outer loop
      vertex -16 16.25 -2
      vertex -16.7505 16.2008 0
      vertex -16 16.25 0
    endloop
  endfacet
  facet normal -0.0654159 0.997858 0
    outer loop
      vertex -16.7505 16.2008 0
      vertex -16 16.25 -2
      vertex -16.7505 16.2008 -2
    endloop
  endfacet
  facet normal -0.555498 0.831518 0
    outer loop
      vertex -18.875 15.4796 -2
      vertex -19.5004 15.0618 0
      vertex -18.875 15.4796 0
    endloop
  endfacet
  facet normal -0.555498 0.831518 0
    outer loop
      vertex -19.5004 15.0618 0
      vertex -18.875 15.4796 -2
      vertex -19.5004 15.0618 -2
    endloop
  endfacet
  facet normal -0.659323 0.75186 0
    outer loop
      vertex -19.5004 15.0618 -2
      vertex -20.0659 14.5659 0
      vertex -19.5004 15.0618 0
    endloop
  endfacet
  facet normal -0.659323 0.75186 0
    outer loop
      vertex -20.0659 14.5659 0
      vertex -19.5004 15.0618 -2
      vertex -20.0659 14.5659 -2
    endloop
  endfacet
  facet normal 0.997858 0.0654159 0
    outer loop
      vertex -10.25 10.5 0
      vertex -10.2992 11.2505 -2
      vertex -10.2992 11.2505 0
    endloop
  endfacet
  facet normal 0.997858 0.0654159 0
    outer loop
      vertex -10.2992 11.2505 -2
      vertex -10.25 10.5 0
      vertex -10.25 10.5 -2
    endloop
  endfacet
  facet normal 0.980794 -0.195047 0
    outer loop
      vertex -10.4459 9.01179 0
      vertex -10.2992 9.74947 -2
      vertex -10.2992 9.74947 0
    endloop
  endfacet
  facet normal 0.980794 -0.195047 0
    outer loop
      vertex -10.2992 9.74947 -2
      vertex -10.4459 9.01179 0
      vertex -10.4459 9.01179 -2
    endloop
  endfacet
  facet normal -0.83151 -0.55551 0
    outer loop
      vertex -20.5618 6.99962 -2
      vertex -20.9796 7.625 0
      vertex -20.9796 7.625 -2
    endloop
  endfacet
  facet normal -0.83151 -0.55551 0
    outer loop
      vertex -20.9796 7.625 0
      vertex -20.5618 6.99962 -2
      vertex -20.5618 6.99962 0
    endloop
  endfacet
  facet normal 0.195093 -0.980785 0
    outer loop
      vertex -15.2495 4.79919 -2
      vertex -14.5118 4.94593 0
      vertex -15.2495 4.79919 0
    endloop
  endfacet
  facet normal 0.195093 -0.980785 0
    outer loop
      vertex -14.5118 4.94593 0
      vertex -15.2495 4.79919 -2
      vertex -14.5118 4.94593 -2
    endloop
  endfacet
  facet normal 0.442272 -0.896881 0
    outer loop
      vertex -13.7996 5.18769 -2
      vertex -13.125 5.52035 0
      vertex -13.7996 5.18769 0
    endloop
  endfacet
  facet normal 0.442272 -0.896881 0
    outer loop
      vertex -13.125 5.52035 0
      vertex -13.7996 5.18769 -2
      vertex -13.125 5.52035 -2
    endloop
  endfacet
  facet normal 0.89686 0.442314 0
    outer loop
      vertex -10.6877 12.7004 0
      vertex -11.0204 13.375 -2
      vertex -11.0204 13.375 0
    endloop
  endfacet
  facet normal 0.89686 0.442314 0
    outer loop
      vertex -11.0204 13.375 -2
      vertex -10.6877 12.7004 0
      vertex -10.6877 12.7004 -2
    endloop
  endfacet
  facet normal 0.946914 0.321488 0
    outer loop
      vertex -10.4459 11.9882 0
      vertex -10.6877 12.7004 -2
      vertex -10.6877 12.7004 0
    endloop
  endfacet
  facet normal 0.946914 0.321488 0
    outer loop
      vertex -10.6877 12.7004 -2
      vertex -10.4459 11.9882 0
      vertex -10.4459 11.9882 -2
    endloop
  endfacet
  facet normal 0.980795 0.195042 0
    outer loop
      vertex -10.2992 11.2505 0
      vertex -10.4459 11.9882 -2
      vertex -10.4459 11.9882 0
    endloop
  endfacet
  facet normal 0.980795 0.195042 0
    outer loop
      vertex -10.4459 11.9882 -2
      vertex -10.2992 11.2505 0
      vertex -10.2992 11.2505 -2
    endloop
  endfacet
  facet normal 0.195042 0.980795 -0
    outer loop
      vertex -14.5118 16.0541 -2
      vertex -15.2495 16.2008 0
      vertex -14.5118 16.0541 0
    endloop
  endfacet
  facet normal 0.195042 0.980795 0
    outer loop
      vertex -15.2495 16.2008 0
      vertex -14.5118 16.0541 -2
      vertex -15.2495 16.2008 -2
    endloop
  endfacet
  facet normal -0.980795 0.195042 0
    outer loop
      vertex -21.7008 11.2505 -2
      vertex -21.5541 11.9882 0
      vertex -21.5541 11.9882 -2
    endloop
  endfacet
  facet normal -0.980795 0.195042 0
    outer loop
      vertex -21.5541 11.9882 0
      vertex -21.7008 11.2505 -2
      vertex -21.7008 11.2505 0
    endloop
  endfacet
  facet normal 0.751848 -0.659336 0
    outer loop
      vertex -11.9341 6.43414 0
      vertex -11.4382 6.99962 -2
      vertex -11.4382 6.99962 0
    endloop
  endfacet
  facet normal 0.751848 -0.659336 0
    outer loop
      vertex -11.4382 6.99962 -2
      vertex -11.9341 6.43414 0
      vertex -11.9341 6.43414 -2
    endloop
  endfacet
  facet normal 0.83151 -0.55551 0
    outer loop
      vertex -11.4382 6.99962 0
      vertex -11.0204 7.625 -2
      vertex -11.0204 7.625 0
    endloop
  endfacet
  facet normal 0.83151 -0.55551 0
    outer loop
      vertex -11.0204 7.625 -2
      vertex -11.4382 6.99962 0
      vertex -11.4382 6.99962 -2
    endloop
  endfacet
  facet normal 0.896852 -0.44233 0
    outer loop
      vertex -11.0204 7.625 0
      vertex -10.6877 8.29957 -2
      vertex -10.6877 8.29957 0
    endloop
  endfacet
  facet normal 0.896852 -0.44233 0
    outer loop
      vertex -10.6877 8.29957 -2
      vertex -11.0204 7.625 0
      vertex -11.0204 7.625 -2
    endloop
  endfacet
  facet normal -0.32144 -0.94693 0
    outer loop
      vertex -18.2004 5.18769 -2
      vertex -17.4882 4.94593 0
      vertex -18.2004 5.18769 0
    endloop
  endfacet
  facet normal -0.32144 -0.94693 -0
    outer loop
      vertex -17.4882 4.94593 0
      vertex -18.2004 5.18769 -2
      vertex -17.4882 4.94593 -2
    endloop
  endfacet
  facet normal -0.195093 -0.980785 0
    outer loop
      vertex -17.4882 4.94593 -2
      vertex -16.7505 4.79919 0
      vertex -17.4882 4.94593 0
    endloop
  endfacet
  facet normal -0.195093 -0.980785 -0
    outer loop
      vertex -16.7505 4.79919 0
      vertex -17.4882 4.94593 -2
      vertex -16.7505 4.79919 -2
    endloop
  endfacet
  facet normal -0.0654026 -0.997859 0
    outer loop
      vertex -16.7505 4.79919 -2
      vertex -16 4.75 0
      vertex -16.7505 4.79919 0
    endloop
  endfacet
  facet normal -0.0654026 -0.997859 -0
    outer loop
      vertex -16 4.75 0
      vertex -16.7505 4.79919 -2
      vertex -16 4.75 -2
    endloop
  endfacet
  facet normal -0.997858 -0.0654133 0
    outer loop
      vertex -21.7008 9.74947 -2
      vertex -21.75 10.5 0
      vertex -21.75 10.5 -2
    endloop
  endfacet
  facet normal -0.997858 -0.0654133 0
    outer loop
      vertex -21.75 10.5 0
      vertex -21.7008 9.74947 -2
      vertex -21.7008 9.74947 0
    endloop
  endfacet
  facet normal -0.946916 -0.32148 0
    outer loop
      vertex -21.3123 8.29957 -2
      vertex -21.5541 9.01179 0
      vertex -21.5541 9.01179 -2
    endloop
  endfacet
  facet normal -0.946916 -0.32148 0
    outer loop
      vertex -21.5541 9.01179 0
      vertex -21.3123 8.29957 -2
      vertex -21.3123 8.29957 0
    endloop
  endfacet
  facet normal -0.751848 -0.659336 0
    outer loop
      vertex -20.0659 6.43414 -2
      vertex -20.5618 6.99962 0
      vertex -20.5618 6.99962 -2
    endloop
  endfacet
  facet normal -0.751848 -0.659336 0
    outer loop
      vertex -20.5618 6.99962 0
      vertex -20.0659 6.43414 -2
      vertex -20.0659 6.43414 0
    endloop
  endfacet
  facet normal 0.32144 -0.94693 0
    outer loop
      vertex -14.5118 4.94593 -2
      vertex -13.7996 5.18769 0
      vertex -14.5118 4.94593 0
    endloop
  endfacet
  facet normal 0.32144 -0.94693 0
    outer loop
      vertex -13.7996 5.18769 0
      vertex -14.5118 4.94593 -2
      vertex -13.7996 5.18769 -2
    endloop
  endfacet
  facet normal 0.659338 -0.751847 0
    outer loop
      vertex -12.4996 5.93822 -2
      vertex -11.9341 6.43414 0
      vertex -12.4996 5.93822 0
    endloop
  endfacet
  facet normal 0.659338 -0.751847 0
    outer loop
      vertex -11.9341 6.43414 0
      vertex -12.4996 5.93822 -2
      vertex -11.9341 6.43414 -2
    endloop
  endfacet
  facet normal 0.946916 -0.32148 0
    outer loop
      vertex -10.6877 8.29957 0
      vertex -10.4459 9.01179 -2
      vertex -10.4459 9.01179 0
    endloop
  endfacet
  facet normal 0.946916 -0.32148 0
    outer loop
      vertex -10.4459 9.01179 -2
      vertex -10.6877 8.29957 0
      vertex -10.6877 8.29957 -2
    endloop
  endfacet
  facet normal 0.0654026 -0.997859 0
    outer loop
      vertex -16 4.75 -2
      vertex -15.2495 4.79919 0
      vertex -16 4.75 0
    endloop
  endfacet
  facet normal 0.0654026 -0.997859 0
    outer loop
      vertex -15.2495 4.79919 0
      vertex -16 4.75 -2
      vertex -15.2495 4.79919 -2
    endloop
  endfacet
  facet normal -0.442272 -0.896881 0
    outer loop
      vertex -18.875 5.52035 -2
      vertex -18.2004 5.18769 0
      vertex -18.875 5.52035 0
    endloop
  endfacet
  facet normal -0.442272 -0.896881 -0
    outer loop
      vertex -18.2004 5.18769 0
      vertex -18.875 5.52035 -2
      vertex -18.2004 5.18769 -2
    endloop
  endfacet
  facet normal 0 0 -1
    outer loop
      vertex -11.25 10.5 -2
      vertex -10.25 10.5 -2
      vertex -10.2992 9.74947 -2
    endloop
  endfacet
  facet normal 0 0 -1
    outer loop
      vertex -11.2906 9.88 -2
      vertex -10.2992 9.74947 -2
      vertex -10.4459 9.01179 -2
    endloop
  endfacet
  facet normal 0 0 -1
    outer loop
      vertex -10.25 10.5 -2
      vertex -11.25 10.5 -2
      vertex -10.2992 11.2505 -2
    endloop
  endfacet
  facet normal 0 0 -1
    outer loop
      vertex -11.4119 9.27061 -2
      vertex -10.4459 9.01179 -2
      vertex -10.6877 8.29957 -2
    endloop
  endfacet
  facet normal 0 0 -1
    outer loop
      vertex -11.2906 11.12 -2
      vertex -10.2992 11.2505 -2
      vertex -11.25 10.5 -2
    endloop
  endfacet
  facet normal 0 0 -1
    outer loop
      vertex -11.6116 8.68225 -2
      vertex -10.6877 8.29957 -2
      vertex -11.0204 7.625 -2
    endloop
  endfacet
  facet normal -0 0 -1
    outer loop
      vertex -10.2992 11.2505 -2
      vertex -11.2906 11.12 -2
      vertex -10.4459 11.9882 -2
    endloop
  endfacet
  facet normal 0 0 -1
    outer loop
      vertex -11.4119 11.7294 -2
      vertex -10.4459 11.9882 -2
      vertex -11.2906 11.12 -2
    endloop
  endfacet
  facet normal 0 0 -1
    outer loop
      vertex -10.2992 9.74947 -2
      vertex -11.2906 9.88 -2
      vertex -11.25 10.5 -2
    endloop
  endfacet
  facet normal 0 0 -1
    outer loop
      vertex -10.4459 9.01179 -2
      vertex -11.4119 9.27061 -2
      vertex -11.2906 9.88 -2
    endloop
  endfacet
  facet normal 0 0 -1
    outer loop
      vertex -11.8864 8.125 -2
      vertex -11.0204 7.625 -2
      vertex -11.4382 6.99962 -2
    endloop
  endfacet
  facet normal 0 0 -1
    outer loop
      vertex -10.6877 8.29957 -2
      vertex -11.6116 8.68225 -2
      vertex -11.4119 9.27061 -2
    endloop
  endfacet
  facet normal 0 0 -1
    outer loop
      vertex -11.0204 7.625 -2
      vertex -11.8864 8.125 -2
      vertex -11.6116 8.68225 -2
    endloop
  endfacet
  facet normal 0 0 -1
    outer loop
      vertex -12.2316 7.60838 -2
      vertex -11.4382 6.99962 -2
      vertex -11.9341 6.43414 -2
    endloop
  endfacet
  facet normal 0 0 -1
    outer loop
      vertex -11.4382 6.99962 -2
      vertex -12.2316 7.60838 -2
      vertex -11.8864 8.125 -2
    endloop
  endfacet
  facet normal 0 0 -1
    outer loop
      vertex -12.6412 7.14124 -2
      vertex -11.9341 6.43414 -2
      vertex -12.4996 5.93822 -2
    endloop
  endfacet
  facet normal 0 0 -1
    outer loop
      vertex -11.9341 6.43414 -2
      vertex -12.6412 7.14124 -2
      vertex -12.2316 7.60838 -2
    endloop
  endfacet
  facet normal 0 0 -1
    outer loop
      vertex -12.4996 5.93822 -2
      vertex -13.1084 6.73157 -2
      vertex -12.6412 7.14124 -2
    endloop
  endfacet
  facet normal 0 0 -1
    outer loop
      vertex -13.125 5.52035 -2
      vertex -13.1084 6.73157 -2
      vertex -12.4996 5.93822 -2
    endloop
  endfacet
  facet normal 0 0 -1
    outer loop
      vertex -13.125 5.52035 -2
      vertex -13.625 6.38638 -2
      vertex -13.1084 6.73157 -2
    endloop
  endfacet
  facet normal 0 0 -1
    outer loop
      vertex -13.7996 5.18769 -2
      vertex -13.625 6.38638 -2
      vertex -13.125 5.52035 -2
    endloop
  endfacet
  facet normal 0 0 -1
    outer loop
      vertex -13.7996 5.18769 -2
      vertex -14.1823 6.11157 -2
      vertex -13.625 6.38638 -2
    endloop
  endfacet
  facet normal 0 0 -1
    outer loop
      vertex -14.5118 4.94593 -2
      vertex -14.1823 6.11157 -2
      vertex -13.7996 5.18769 -2
    endloop
  endfacet
  facet normal 0 0 -1
    outer loop
      vertex -14.5118 4.94593 -2
      vertex -14.7706 5.91185 -2
      vertex -14.1823 6.11157 -2
    endloop
  endfacet
  facet normal 0 0 -1
    outer loop
      vertex -15.2495 4.79919 -2
      vertex -14.7706 5.91185 -2
      vertex -14.5118 4.94593 -2
    endloop
  endfacet
  facet normal 0 0 -1
    outer loop
      vertex -15.2495 4.79919 -2
      vertex -15.38 5.79064 -2
      vertex -14.7706 5.91185 -2
    endloop
  endfacet
  facet normal 0 0 -1
    outer loop
      vertex -16 4.75 -2
      vertex -15.38 5.79064 -2
      vertex -15.2495 4.79919 -2
    endloop
  endfacet
  facet normal 0 0 -1
    outer loop
      vertex -16 4.75 -2
      vertex -16 5.75 -2
      vertex -15.38 5.79064 -2
    endloop
  endfacet
  facet normal 0 0 -1
    outer loop
      vertex -16 4.75 -2
      vertex -16.62 5.79064 -2
      vertex -16 5.75 -2
    endloop
  endfacet
  facet normal 0 0 -1
    outer loop
      vertex -16.7505 4.79919 -2
      vertex -16.62 5.79064 -2
      vertex -16 4.75 -2
    endloop
  endfacet
  facet normal 0 0 -1
    outer loop
      vertex -16.7505 4.79919 -2
      vertex -17.2294 5.91185 -2
      vertex -16.62 5.79064 -2
    endloop
  endfacet
  facet normal 0 0 -1
    outer loop
      vertex -17.4882 4.94593 -2
      vertex -17.2294 5.91185 -2
      vertex -16.7505 4.79919 -2
    endloop
  endfacet
  facet normal 0 0 -1
    outer loop
      vertex -17.4882 4.94593 -2
      vertex -17.8177 6.11157 -2
      vertex -17.2294 5.91185 -2
    endloop
  endfacet
  facet normal 0 0 -1
    outer loop
      vertex -18.2004 5.18769 -2
      vertex -17.8177 6.11157 -2
      vertex -17.4882 4.94593 -2
    endloop
  endfacet
  facet normal 0 0 -1
    outer loop
      vertex -18.2004 5.18769 -2
      vertex -18.375 6.38638 -2
      vertex -17.8177 6.11157 -2
    endloop
  endfacet
  facet normal 0 0 -1
    outer loop
      vertex -18.875 5.52035 -2
      vertex -18.375 6.38638 -2
      vertex -18.2004 5.18769 -2
    endloop
  endfacet
  facet normal 0 0 -1
    outer loop
      vertex -18.875 5.52035 -2
      vertex -18.8916 6.73157 -2
      vertex -18.375 6.38638 -2
    endloop
  endfacet
  facet normal 0 0 -1
    outer loop
      vertex -19.5004 5.93822 -2
      vertex -18.8916 6.73157 -2
      vertex -18.875 5.52035 -2
    endloop
  endfacet
  facet normal -0 0 -1
    outer loop
      vertex -18.8916 6.73157 -2
      vertex -19.5004 5.93822 -2
      vertex -19.3588 7.14124 -2
    endloop
  endfacet
  facet normal 0 0 -1
    outer loop
      vertex -20.0659 6.43414 -2
      vertex -19.3588 7.14124 -2
      vertex -19.5004 5.93822 -2
    endloop
  endfacet
  facet normal -0 0 -1
    outer loop
      vertex -19.3588 7.14124 -2
      vertex -20.0659 6.43414 -2
      vertex -19.7684 7.60838 -2
    endloop
  endfacet
  facet normal 0 0 -1
    outer loop
      vertex -20.5618 6.99962 -2
      vertex -19.7684 7.60838 -2
      vertex -20.0659 6.43414 -2
    endloop
  endfacet
  facet normal -0 0 -1
    outer loop
      vertex -19.7684 7.60838 -2
      vertex -20.5618 6.99962 -2
      vertex -20.1136 8.125 -2
    endloop
  endfacet
  facet normal 0 0 -1
    outer loop
      vertex -20.9796 7.625 -2
      vertex -20.1136 8.125 -2
      vertex -20.5618 6.99962 -2
    endloop
  endfacet
  facet normal -0 0 -1
    outer loop
      vertex -20.1136 8.125 -2
      vertex -20.9796 7.625 -2
      vertex -20.3884 8.68225 -2
    endloop
  endfacet
  facet normal 0 0 -1
    outer loop
      vertex -21.3123 8.29957 -2
      vertex -20.3884 8.68225 -2
      vertex -20.9796 7.625 -2
    endloop
  endfacet
  facet normal -0 0 -1
    outer loop
      vertex -20.3884 8.68225 -2
      vertex -21.3123 8.29957 -2
      vertex -20.5881 9.27061 -2
    endloop
  endfacet
  facet normal 0 0 -1
    outer loop
      vertex -21.5541 9.01179 -2
      vertex -20.5881 9.27061 -2
      vertex -21.3123 8.29957 -2
    endloop
  endfacet
  facet normal -0 0 -1
    outer loop
      vertex -10.4459 11.9882 -2
      vertex -11.4119 11.7294 -2
      vertex -10.6877 12.7004 -2
    endloop
  endfacet
  facet normal 0 0 -1
    outer loop
      vertex -11.6116 12.3177 -2
      vertex -10.6877 12.7004 -2
      vertex -11.4119 11.7294 -2
    endloop
  endfacet
  facet normal -0 0 -1
    outer loop
      vertex -10.6877 12.7004 -2
      vertex -11.6116 12.3177 -2
      vertex -11.0204 13.375 -2
    endloop
  endfacet
  facet normal 0 0 -1
    outer loop
      vertex -11.8864 12.875 -2
      vertex -11.0204 13.375 -2
      vertex -11.6116 12.3177 -2
    endloop
  endfacet
  facet normal -0 0 -1
    outer loop
      vertex -11.0204 13.375 -2
      vertex -11.8864 12.875 -2
      vertex -11.4382 14.0004 -2
    endloop
  endfacet
  facet normal 0 0 -1
    outer loop
      vertex -12.2316 13.3916 -2
      vertex -11.4382 14.0004 -2
      vertex -11.8864 12.875 -2
    endloop
  endfacet
  facet normal -0 0 -1
    outer loop
      vertex -11.4382 14.0004 -2
      vertex -12.2316 13.3916 -2
      vertex -11.9341 14.5659 -2
    endloop
  endfacet
  facet normal 0 0 -1
    outer loop
      vertex -12.6412 13.8588 -2
      vertex -11.9341 14.5659 -2
      vertex -12.2316 13.3916 -2
    endloop
  endfacet
  facet normal -0 0 -1
    outer loop
      vertex -11.9341 14.5659 -2
      vertex -12.6412 13.8588 -2
      vertex -12.4996 15.0618 -2
    endloop
  endfacet
  facet normal 0 0 -1
    outer loop
      vertex -13.1084 14.2684 -2
      vertex -12.4996 15.0618 -2
      vertex -12.6412 13.8588 -2
    endloop
  endfacet
  facet normal 0 0 -1
    outer loop
      vertex -13.1084 14.2684 -2
      vertex -13.125 15.4796 -2
      vertex -12.4996 15.0618 -2
    endloop
  endfacet
  facet normal 0 0 -1
    outer loop
      vertex -13.625 14.6136 -2
      vertex -13.125 15.4796 -2
      vertex -13.1084 14.2684 -2
    endloop
  endfacet
  facet normal 0 0 -1
    outer loop
      vertex -13.625 14.6136 -2
      vertex -13.7996 15.8123 -2
      vertex -13.125 15.4796 -2
    endloop
  endfacet
  facet normal 0 0 -1
    outer loop
      vertex -14.1823 14.8884 -2
      vertex -13.7996 15.8123 -2
      vertex -13.625 14.6136 -2
    endloop
  endfacet
  facet normal 0 0 -1
    outer loop
      vertex -14.1823 14.8884 -2
      vertex -14.5118 16.0541 -2
      vertex -13.7996 15.8123 -2
    endloop
  endfacet
  facet normal 0 0 -1
    outer loop
      vertex -14.7706 15.0881 -2
      vertex -14.5118 16.0541 -2
      vertex -14.1823 14.8884 -2
    endloop
  endfacet
  facet normal 0 0 -1
    outer loop
      vertex -14.7706 15.0881 -2
      vertex -15.2495 16.2008 -2
      vertex -14.5118 16.0541 -2
    endloop
  endfacet
  facet normal 0 0 -1
    outer loop
      vertex -15.38 15.2094 -2
      vertex -15.2495 16.2008 -2
      vertex -14.7706 15.0881 -2
    endloop
  endfacet
  facet normal 0 0 -1
    outer loop
      vertex -16 15.25 -2
      vertex -15.2495 16.2008 -2
      vertex -15.38 15.2094 -2
    endloop
  endfacet
  facet normal 0 0 -1
    outer loop
      vertex -16 15.25 -2
      vertex -16 16.25 -2
      vertex -15.2495 16.2008 -2
    endloop
  endfacet
  facet normal 0 0 -1
    outer loop
      vertex -16.62 15.2094 -2
      vertex -16 16.25 -2
      vertex -16 15.25 -2
    endloop
  endfacet
  facet normal 0 0 -1
    outer loop
      vertex -16.62 15.2094 -2
      vertex -16.7505 16.2008 -2
      vertex -16 16.25 -2
    endloop
  endfacet
  facet normal 0 0 -1
    outer loop
      vertex -17.2294 15.0881 -2
      vertex -16.7505 16.2008 -2
      vertex -16.62 15.2094 -2
    endloop
  endfacet
  facet normal 0 0 -1
    outer loop
      vertex -17.2294 15.0881 -2
      vertex -17.4882 16.0541 -2
      vertex -16.7505 16.2008 -2
    endloop
  endfacet
  facet normal 0 0 -1
    outer loop
      vertex -17.8177 14.8884 -2
      vertex -17.4882 16.0541 -2
      vertex -17.2294 15.0881 -2
    endloop
  endfacet
  facet normal 0 0 -1
    outer loop
      vertex -17.8177 14.8884 -2
      vertex -18.2004 15.8123 -2
      vertex -17.4882 16.0541 -2
    endloop
  endfacet
  facet normal 0 0 -1
    outer loop
      vertex -18.375 14.6136 -2
      vertex -18.2004 15.8123 -2
      vertex -17.8177 14.8884 -2
    endloop
  endfacet
  facet normal 0 0 -1
    outer loop
      vertex -18.375 14.6136 -2
      vertex -18.875 15.4796 -2
      vertex -18.2004 15.8123 -2
    endloop
  endfacet
  facet normal 0 0 -1
    outer loop
      vertex -18.8916 14.2684 -2
      vertex -18.875 15.4796 -2
      vertex -18.375 14.6136 -2
    endloop
  endfacet
  facet normal 0 0 -1
    outer loop
      vertex -19.5004 15.0618 -2
      vertex -18.8916 14.2684 -2
      vertex -19.3588 13.8588 -2
    endloop
  endfacet
  facet normal 0 0 -1
    outer loop
      vertex -18.8916 14.2684 -2
      vertex -19.5004 15.0618 -2
      vertex -18.875 15.4796 -2
    endloop
  endfacet
  facet normal 0 0 -1
    outer loop
      vertex -20.0659 14.5659 -2
      vertex -19.3588 13.8588 -2
      vertex -19.7684 13.3916 -2
    endloop
  endfacet
  facet normal 0 0 -1
    outer loop
      vertex -19.3588 13.8588 -2
      vertex -20.0659 14.5659 -2
      vertex -19.5004 15.0618 -2
    endloop
  endfacet
  facet normal 0 0 -1
    outer loop
      vertex -20.5618 14.0004 -2
      vertex -19.7684 13.3916 -2
      vertex -20.1136 12.875 -2
    endloop
  endfacet
  facet normal 0 0 -1
    outer loop
      vertex -20.9796 13.375 -2
      vertex -20.1136 12.875 -2
      vertex -20.3884 12.3177 -2
    endloop
  endfacet
  facet normal 0 0 -1
    outer loop
      vertex -19.7684 13.3916 -2
      vertex -20.5618 14.0004 -2
      vertex -20.0659 14.5659 -2
    endloop
  endfacet
  facet normal 0 0 -1
    outer loop
      vertex -21.3123 12.7004 -2
      vertex -20.3884 12.3177 -2
      vertex -20.5881 11.7294 -2
    endloop
  endfacet
  facet normal 0 0 -1
    outer loop
      vertex -21.5541 11.9882 -2
      vertex -20.5881 11.7294 -2
      vertex -20.7094 11.12 -2
    endloop
  endfacet
  facet normal 0 0 -1
    outer loop
      vertex -21.7008 11.2505 -2
      vertex -20.7094 11.12 -2
      vertex -20.75 10.5 -2
    endloop
  endfacet
  facet normal -0 0 -1
    outer loop
      vertex -20.5881 9.27061 -2
      vertex -21.5541 9.01179 -2
      vertex -20.7094 9.88 -2
    endloop
  endfacet
  facet normal 0 0 -1
    outer loop
      vertex -20.1136 12.875 -2
      vertex -20.9796 13.375 -2
      vertex -20.5618 14.0004 -2
    endloop
  endfacet
  facet normal 0 0 -1
    outer loop
      vertex -21.7008 9.74947 -2
      vertex -20.7094 9.88 -2
      vertex -21.5541 9.01179 -2
    endloop
  endfacet
  facet normal 0 0 -1
    outer loop
      vertex -20.3884 12.3177 -2
      vertex -21.3123 12.7004 -2
      vertex -20.9796 13.375 -2
    endloop
  endfacet
  facet normal -0 0 -1
    outer loop
      vertex -20.7094 9.88 -2
      vertex -21.7008 9.74947 -2
      vertex -20.75 10.5 -2
    endloop
  endfacet
  facet normal 0 0 -1
    outer loop
      vertex -20.5881 11.7294 -2
      vertex -21.5541 11.9882 -2
      vertex -21.3123 12.7004 -2
    endloop
  endfacet
  facet normal 0 0 -1
    outer loop
      vertex -21.75 10.5 -2
      vertex -20.75 10.5 -2
      vertex -21.7008 9.74947 -2
    endloop
  endfacet
  facet normal 0 0 -1
    outer loop
      vertex -20.7094 11.12 -2
      vertex -21.7008 11.2505 -2
      vertex -21.5541 11.9882 -2
    endloop
  endfacet
  facet normal 0 0 -1
    outer loop
      vertex -20.75 10.5 -2
      vertex -21.75 10.5 -2
      vertex -21.7008 11.2505 -2
    endloop
  endfacet
  facet normal -0.980794 -0.195047 0
    outer loop
      vertex -21.5541 9.01179 -2
      vertex -21.7008 9.74947 0
      vertex -21.7008 9.74947 -2
    endloop
  endfacet
  facet normal -0.980794 -0.195047 0
    outer loop
      vertex -21.7008 9.74947 0
      vertex -21.5541 9.01179 -2
      vertex -21.5541 9.01179 0
    endloop
  endfacet
  facet normal -0.555562 -0.831475 0
    outer loop
      vertex -19.5004 5.93822 -2
      vertex -18.875 5.52035 0
      vertex -19.5004 5.93822 0
    endloop
  endfacet
  facet normal -0.555562 -0.831475 -0
    outer loop
      vertex -18.875 5.52035 0
      vertex -19.5004 5.93822 -2
      vertex -18.875 5.52035 -2
    endloop
  endfacet
  facet normal 0 0 -1
    outer loop
      vertex -3.55407 11.9882 -2
      vertex -2.58815 11.7294 -2
      vertex -2.70936 11.12 -2
    endloop
  endfacet
  facet normal 0 0 -1
    outer loop
      vertex -3.70081 11.2505 -2
      vertex -2.70936 11.12 -2
      vertex -2.75 10.5 -2
    endloop
  endfacet
  facet normal 0 0 -1
    outer loop
      vertex -2.58815 11.7294 -2
      vertex -2.97965 13.375 -2
      vertex -2.7 13.7 -2
    endloop
  endfacet
  facet normal 0 0 -1
    outer loop
      vertex 6.75 10.5 -2
      vertex 7.75 10.5 -2
      vertex 7.70081 9.74947 -2
    endloop
  endfacet
  facet normal 0 0 -1
    outer loop
      vertex 6.70936 9.88 -2
      vertex 7.70081 9.74947 -2
      vertex 7.55407 9.01179 -2
    endloop
  endfacet
  facet normal 0 0 -1
    outer loop
      vertex 7.75 10.5 -2
      vertex 6.75 10.5 -2
      vertex 7.70081 11.2505 -2
    endloop
  endfacet
  facet normal 0 0 -1
    outer loop
      vertex 6.58815 9.27061 -2
      vertex 7.55407 9.01179 -2
      vertex 7.31231 8.29957 -2
    endloop
  endfacet
  facet normal 0 0 -1
    outer loop
      vertex 6.70936 11.12 -2
      vertex 7.70081 11.2505 -2
      vertex 6.75 10.5 -2
    endloop
  endfacet
  facet normal 0 0 -1
    outer loop
      vertex 6.38843 8.68225 -2
      vertex 7.31231 8.29957 -2
      vertex 6.97965 7.625 -2
    endloop
  endfacet
  facet normal -0 0 -1
    outer loop
      vertex 7.70081 11.2505 -2
      vertex 6.70936 11.12 -2
      vertex 7.55407 11.9882 -2
    endloop
  endfacet
  facet normal 0 0 -1
    outer loop
      vertex 6.58815 11.7294 -2
      vertex 7.55407 11.9882 -2
      vertex 6.70936 11.12 -2
    endloop
  endfacet
  facet normal 0 0 -1
    outer loop
      vertex 7.70081 9.74947 -2
      vertex 6.70936 9.88 -2
      vertex 6.75 10.5 -2
    endloop
  endfacet
  facet normal 0 0 -1
    outer loop
      vertex 7.55407 9.01179 -2
      vertex 6.58815 9.27061 -2
      vertex 6.70936 9.88 -2
    endloop
  endfacet
  facet normal 0 0 -1
    outer loop
      vertex 6.11362 8.125 -2
      vertex 6.97965 7.625 -2
      vertex 6.56178 6.99962 -2
    endloop
  endfacet
  facet normal 0 0 -1
    outer loop
      vertex 7.31231 8.29957 -2
      vertex 6.38843 8.68225 -2
      vertex 6.58815 9.27061 -2
    endloop
  endfacet
  facet normal 0 0 -1
    outer loop
      vertex 6.97965 7.625 -2
      vertex 6.11362 8.125 -2
      vertex 6.38843 8.68225 -2
    endloop
  endfacet
  facet normal 0 0 -1
    outer loop
      vertex 5.76843 7.60838 -2
      vertex 6.56178 6.99962 -2
      vertex 6.06586 6.43414 -2
    endloop
  endfacet
  facet normal 0 0 -1
    outer loop
      vertex 6.56178 6.99962 -2
      vertex 5.76843 7.60838 -2
      vertex 6.11362 8.125 -2
    endloop
  endfacet
  facet normal 0 0 -1
    outer loop
      vertex 5.35876 7.14124 -2
      vertex 6.06586 6.43414 -2
      vertex 5.50038 5.93822 -2
    endloop
  endfacet
  facet normal 0 0 -1
    outer loop
      vertex 6.06586 6.43414 -2
      vertex 5.35876 7.14124 -2
      vertex 5.76843 7.60838 -2
    endloop
  endfacet
  facet normal 0 0 -1
    outer loop
      vertex 5.50038 5.93822 -2
      vertex 4.89162 6.73157 -2
      vertex 5.35876 7.14124 -2
    endloop
  endfacet
  facet normal 0 0 -1
    outer loop
      vertex 4.875 5.52035 -2
      vertex 4.89162 6.73157 -2
      vertex 5.50038 5.93822 -2
    endloop
  endfacet
  facet normal 0 0 -1
    outer loop
      vertex 4.875 5.52035 -2
      vertex 4.375 6.38638 -2
      vertex 4.89162 6.73157 -2
    endloop
  endfacet
  facet normal 0 0 -1
    outer loop
      vertex 4.20043 5.18769 -2
      vertex 4.375 6.38638 -2
      vertex 4.875 5.52035 -2
    endloop
  endfacet
  facet normal 0 0 -1
    outer loop
      vertex 4.20043 5.18769 -2
      vertex 3.81775 6.11157 -2
      vertex 4.375 6.38638 -2
    endloop
  endfacet
  facet normal 0 0 -1
    outer loop
      vertex 3.48821 4.94593 -2
      vertex 3.81775 6.11157 -2
      vertex 4.20043 5.18769 -2
    endloop
  endfacet
  facet normal 0 0 -1
    outer loop
      vertex 3.48821 4.94593 -2
      vertex 3.22939 5.91185 -2
      vertex 3.81775 6.11157 -2
    endloop
  endfacet
  facet normal 0 0 -1
    outer loop
      vertex 2.75053 4.79919 -2
      vertex 3.22939 5.91185 -2
      vertex 3.48821 4.94593 -2
    endloop
  endfacet
  facet normal 0 0 -1
    outer loop
      vertex 2.75053 4.79919 -2
      vertex 2.62 5.79064 -2
      vertex 3.22939 5.91185 -2
    endloop
  endfacet
  facet normal 0 0 -1
    outer loop
      vertex 2 4.75 -2
      vertex 2.62 5.79064 -2
      vertex 2.75053 4.79919 -2
    endloop
  endfacet
  facet normal 0 0 -1
    outer loop
      vertex 2 4.75 -2
      vertex 2 5.75 -2
      vertex 2.62 5.79064 -2
    endloop
  endfacet
  facet normal 0 0 -1
    outer loop
      vertex 2 4.75 -2
      vertex 1.38 5.79064 -2
      vertex 2 5.75 -2
    endloop
  endfacet
  facet normal 0 0 -1
    outer loop
      vertex 1.24947 4.79919 -2
      vertex 1.38 5.79064 -2
      vertex 2 4.75 -2
    endloop
  endfacet
  facet normal 0 0 -1
    outer loop
      vertex 1.24947 4.79919 -2
      vertex 0.77061 5.91185 -2
      vertex 1.38 5.79064 -2
    endloop
  endfacet
  facet normal 0 0 -1
    outer loop
      vertex 0.51179 4.94593 -2
      vertex 0.77061 5.91185 -2
      vertex 1.24947 4.79919 -2
    endloop
  endfacet
  facet normal 0 0 -1
    outer loop
      vertex 0.51179 4.94593 -2
      vertex 0.182254 6.11157 -2
      vertex 0.77061 5.91185 -2
    endloop
  endfacet
  facet normal 0 0 -1
    outer loop
      vertex -0.200429 5.18769 -2
      vertex 0.182254 6.11157 -2
      vertex 0.51179 4.94593 -2
    endloop
  endfacet
  facet normal 0 0 -1
    outer loop
      vertex -0.200429 5.18769 -2
      vertex -0.375 6.38638 -2
      vertex 0.182254 6.11157 -2
    endloop
  endfacet
  facet normal 0 0 -1
    outer loop
      vertex -0.875 5.52035 -2
      vertex -0.375 6.38638 -2
      vertex -0.200429 5.18769 -2
    endloop
  endfacet
  facet normal 0 0 -1
    outer loop
      vertex -0.875 5.52035 -2
      vertex -0.891616 6.73157 -2
      vertex -0.375 6.38638 -2
    endloop
  endfacet
  facet normal 0 0 -1
    outer loop
      vertex -1.50038 5.93822 -2
      vertex -0.891616 6.73157 -2
      vertex -0.875 5.52035 -2
    endloop
  endfacet
  facet normal -0 0 -1
    outer loop
      vertex -0.891616 6.73157 -2
      vertex -1.50038 5.93822 -2
      vertex -1.35876 7.14124 -2
    endloop
  endfacet
  facet normal 0 0 -1
    outer loop
      vertex -2.06586 6.43414 -2
      vertex -1.35876 7.14124 -2
      vertex -1.50038 5.93822 -2
    endloop
  endfacet
  facet normal -0 0 -1
    outer loop
      vertex -1.35876 7.14124 -2
      vertex -2.06586 6.43414 -2
      vertex -1.76843 7.60838 -2
    endloop
  endfacet
  facet normal 0 0 -1
    outer loop
      vertex -2.56178 6.99962 -2
      vertex -1.76843 7.60838 -2
      vertex -2.06586 6.43414 -2
    endloop
  endfacet
  facet normal -0 0 -1
    outer loop
      vertex -1.76843 7.60838 -2
      vertex -2.56178 6.99962 -2
      vertex -2.11362 8.125 -2
    endloop
  endfacet
  facet normal 0 0 -1
    outer loop
      vertex -2.97965 7.625 -2
      vertex -2.11362 8.125 -2
      vertex -2.56178 6.99962 -2
    endloop
  endfacet
  facet normal -0 0 -1
    outer loop
      vertex -2.11362 8.125 -2
      vertex -2.97965 7.625 -2
      vertex -2.38843 8.68225 -2
    endloop
  endfacet
  facet normal 0 0 -1
    outer loop
      vertex -3.31231 8.29957 -2
      vertex -2.38843 8.68225 -2
      vertex -2.97965 7.625 -2
    endloop
  endfacet
  facet normal -0 0 -1
    outer loop
      vertex -2.38843 8.68225 -2
      vertex -3.31231 8.29957 -2
      vertex -2.58815 9.27061 -2
    endloop
  endfacet
  facet normal 0 0 -1
    outer loop
      vertex -3.55407 9.01179 -2
      vertex -2.58815 9.27061 -2
      vertex -3.31231 8.29957 -2
    endloop
  endfacet
  facet normal -0 0 -1
    outer loop
      vertex -2.58815 9.27061 -2
      vertex -3.55407 9.01179 -2
      vertex -2.70936 9.88 -2
    endloop
  endfacet
  facet normal 0 0 -1
    outer loop
      vertex -3.70081 9.74947 -2
      vertex -2.70936 9.88 -2
      vertex -3.55407 9.01179 -2
    endloop
  endfacet
  facet normal 0 0 -1
    outer loop
      vertex -2.58815 11.7294 -2
      vertex -3.31231 12.7004 -2
      vertex -2.97965 13.375 -2
    endloop
  endfacet
  facet normal -0 0 -1
    outer loop
      vertex -2.7 13.7 -2
      vertex -2.97965 13.375 -2
      vertex -2.76249 13.7 -2
    endloop
  endfacet
  facet normal -0 0 -1
    outer loop
      vertex -2.70936 9.88 -2
      vertex -3.70081 9.74947 -2
      vertex -2.75 10.5 -2
    endloop
  endfacet
  facet normal 0 0 -1
    outer loop
      vertex -2.58815 11.7294 -2
      vertex -3.55407 11.9882 -2
      vertex -3.31231 12.7004 -2
    endloop
  endfacet
  facet normal 0 0 -1
    outer loop
      vertex -3.75 10.5 -2
      vertex -2.75 10.5 -2
      vertex -3.70081 9.74947 -2
    endloop
  endfacet
  facet normal 0 0 -1
    outer loop
      vertex -2.70936 11.12 -2
      vertex -3.70081 11.2505 -2
      vertex -3.55407 11.9882 -2
    endloop
  endfacet
  facet normal 0 0 -1
    outer loop
      vertex -2.75 10.5 -2
      vertex -3.75 10.5 -2
      vertex -3.70081 11.2505 -2
    endloop
  endfacet
  facet normal -0 0 -1
    outer loop
      vertex 7.55407 11.9882 -2
      vertex 6.58815 11.7294 -2
      vertex 7.31231 12.7004 -2
    endloop
  endfacet
  facet normal 0 0 -1
    outer loop
      vertex 6.38843 12.3177 -2
      vertex 7.31231 12.7004 -2
      vertex 6.58815 11.7294 -2
    endloop
  endfacet
  facet normal -0 0 -1
    outer loop
      vertex 7.31231 12.7004 -2
      vertex 6.38843 12.3177 -2
      vertex 6.97965 13.375 -2
    endloop
  endfacet
  facet normal 0 0 -1
    outer loop
      vertex 6.11362 12.875 -2
      vertex 6.97965 13.375 -2
      vertex 6.38843 12.3177 -2
    endloop
  endfacet
  facet normal -0 0 -1
    outer loop
      vertex 6.97965 13.375 -2
      vertex 6.11362 12.875 -2
      vertex 6.56178 14.0004 -2
    endloop
  endfacet
  facet normal 0 0 -1
    outer loop
      vertex 5.76843 13.3916 -2
      vertex 6.56178 14.0004 -2
      vertex 6.11362 12.875 -2
    endloop
  endfacet
  facet normal -0 0 -1
    outer loop
      vertex 6.56178 14.0004 -2
      vertex 5.76843 13.3916 -2
      vertex 6.06586 14.5659 -2
    endloop
  endfacet
  facet normal 0 0 -1
    outer loop
      vertex 5.35876 13.8588 -2
      vertex 6.06586 14.5659 -2
      vertex 5.76843 13.3916 -2
    endloop
  endfacet
  facet normal -0 0 -1
    outer loop
      vertex 6.06586 14.5659 -2
      vertex 5.35876 13.8588 -2
      vertex 5.50038 15.0618 -2
    endloop
  endfacet
  facet normal 0 0 -1
    outer loop
      vertex 4.89162 14.2684 -2
      vertex 5.50038 15.0618 -2
      vertex 5.35876 13.8588 -2
    endloop
  endfacet
  facet normal 0 0 -1
    outer loop
      vertex 4.89162 14.2684 -2
      vertex 4.875 15.4796 -2
      vertex 5.50038 15.0618 -2
    endloop
  endfacet
  facet normal 0 0 -1
    outer loop
      vertex 4.375 14.6136 -2
      vertex 4.875 15.4796 -2
      vertex 4.89162 14.2684 -2
    endloop
  endfacet
  facet normal 0 0 -1
    outer loop
      vertex 4.375 14.6136 -2
      vertex 4.20043 15.8123 -2
      vertex 4.875 15.4796 -2
    endloop
  endfacet
  facet normal 0 0 -1
    outer loop
      vertex 3.81775 14.8884 -2
      vertex 4.20043 15.8123 -2
      vertex 4.375 14.6136 -2
    endloop
  endfacet
  facet normal 0 0 -1
    outer loop
      vertex 3.81775 14.8884 -2
      vertex 3.48821 16.0541 -2
      vertex 4.20043 15.8123 -2
    endloop
  endfacet
  facet normal 0 0 -1
    outer loop
      vertex 3.22939 15.0881 -2
      vertex 3.48821 16.0541 -2
      vertex 3.81775 14.8884 -2
    endloop
  endfacet
  facet normal 0 0 -1
    outer loop
      vertex 3.22939 15.0881 -2
      vertex 2.75053 16.2008 -2
      vertex 3.48821 16.0541 -2
    endloop
  endfacet
  facet normal 0 0 -1
    outer loop
      vertex 2.62 15.2094 -2
      vertex 2.75053 16.2008 -2
      vertex 3.22939 15.0881 -2
    endloop
  endfacet
  facet normal 0 0 -1
    outer loop
      vertex 2 15.25 -2
      vertex 2.75053 16.2008 -2
      vertex 2.62 15.2094 -2
    endloop
  endfacet
  facet normal 0 0 -1
    outer loop
      vertex 2 15.25 -2
      vertex 2 16.25 -2
      vertex 2.75053 16.2008 -2
    endloop
  endfacet
  facet normal 0 0 -1
    outer loop
      vertex 1.38 15.2094 -2
      vertex 2 16.25 -2
      vertex 2 15.25 -2
    endloop
  endfacet
  facet normal 0 0 -1
    outer loop
      vertex 1.38 15.2094 -2
      vertex 1.24947 16.2008 -2
      vertex 2 16.25 -2
    endloop
  endfacet
  facet normal 0 0 -1
    outer loop
      vertex 0.77061 15.0881 -2
      vertex 1.24947 16.2008 -2
      vertex 1.38 15.2094 -2
    endloop
  endfacet
  facet normal 0 0 -1
    outer loop
      vertex 0.77061 15.0881 -2
      vertex 0.51179 16.0541 -2
      vertex 1.24947 16.2008 -2
    endloop
  endfacet
  facet normal 0 0 -1
    outer loop
      vertex 0.182254 14.8884 -2
      vertex 0.51179 16.0541 -2
      vertex 0.77061 15.0881 -2
    endloop
  endfacet
  facet normal 0 0 -1
    outer loop
      vertex 0.182254 14.8884 -2
      vertex -0.200429 15.8123 -2
      vertex 0.51179 16.0541 -2
    endloop
  endfacet
  facet normal 0 0 -1
    outer loop
      vertex -0.375 14.6136 -2
      vertex -0.200429 15.8123 -2
      vertex 0.182254 14.8884 -2
    endloop
  endfacet
  facet normal 0 0 -1
    outer loop
      vertex -0.375 14.6136 -2
      vertex -0.875 15.4796 -2
      vertex -0.200429 15.8123 -2
    endloop
  endfacet
  facet normal 0 0 -1
    outer loop
      vertex -0.891616 14.2684 -2
      vertex -0.875 15.4796 -2
      vertex -0.375 14.6136 -2
    endloop
  endfacet
  facet normal 0 0 -1
    outer loop
      vertex -1.50038 15.0618 -2
      vertex -0.891616 14.2684 -2
      vertex -1.35876 13.8588 -2
    endloop
  endfacet
  facet normal 0 0 -1
    outer loop
      vertex -0.891616 14.2684 -2
      vertex -1.50038 15.0618 -2
      vertex -0.875 15.4796 -2
    endloop
  endfacet
  facet normal 0 0 -1
    outer loop
      vertex -2.06586 14.5659 -2
      vertex -1.35876 13.8588 -2
      vertex -1.76843 13.3916 -2
    endloop
  endfacet
  facet normal 0 0 -1
    outer loop
      vertex -1.35876 13.8588 -2
      vertex -2.06586 14.5659 -2
      vertex -1.50038 15.0618 -2
    endloop
  endfacet
  facet normal 0 0 -1
    outer loop
      vertex -2.7 13.7 -2
      vertex -1.76843 13.3916 -2
      vertex -2.11362 12.875 -2
    endloop
  endfacet
  facet normal 0 0 -1
    outer loop
      vertex -2.7 13.7 -2
      vertex -2.11362 12.875 -2
      vertex -2.38843 12.3177 -2
    endloop
  endfacet
  facet normal 0 0 -1
    outer loop
      vertex -1.76843 13.3916 -2
      vertex -2.56178 14.0004 -2
      vertex -2.06586 14.5659 -2
    endloop
  endfacet
  facet normal 0 0 -1
    outer loop
      vertex -2.7 13.7 -2
      vertex -2.38843 12.3177 -2
      vertex -2.58815 11.7294 -2
    endloop
  endfacet
  facet normal 0 0 -1
    outer loop
      vertex -1.76843 13.3916 -2
      vertex -2.7 13.7 -2
      vertex -2.56178 14.0004 -2
    endloop
  endfacet
  facet normal 0 0 -1
    outer loop
      vertex -2.56178 14.0004 -2
      vertex -2.7 13.7 -2
      vertex -2.7 13.7935 -2
    endloop
  endfacet
  facet normal 0.55551 0.83151 -0
    outer loop
      vertex 5.50038 15.0618 -2
      vertex 4.875 15.4796 0
      vertex 5.50038 15.0618 0
    endloop
  endfacet
  facet normal 0.55551 0.83151 0
    outer loop
      vertex 4.875 15.4796 0
      vertex 5.50038 15.0618 -2
      vertex 4.875 15.4796 -2
    endloop
  endfacet
  facet normal -0.195098 -0.980784 0
    outer loop
      vertex 0.51179 4.94593 -2
      vertex 1.24947 4.79919 0
      vertex 0.51179 4.94593 0
    endloop
  endfacet
  facet normal -0.195098 -0.980784 -0
    outer loop
      vertex 1.24947 4.79919 0
      vertex 0.51179 4.94593 -2
      vertex 1.24947 4.79919 -2
    endloop
  endfacet
  facet normal -0.44233 0.896852 0
    outer loop
      vertex -0.200429 15.8123 -2
      vertex -0.875 15.4796 0
      vertex -0.200429 15.8123 0
    endloop
  endfacet
  facet normal -0.44233 0.896852 0
    outer loop
      vertex -0.875 15.4796 0
      vertex -0.200429 15.8123 -2
      vertex -0.875 15.4796 -2
    endloop
  endfacet
  facet normal -0.94693 0.32144 0
    outer loop
      vertex -3.55407 11.9882 -2
      vertex -3.31231 12.7004 0
      vertex -3.31231 12.7004 -2
    endloop
  endfacet
  facet normal -0.94693 0.32144 0
    outer loop
      vertex -3.31231 12.7004 0
      vertex -3.55407 11.9882 -2
      vertex -3.55407 11.9882 0
    endloop
  endfacet
  facet normal 0.896881 0.442272 0
    outer loop
      vertex 7.31231 12.7004 0
      vertex 6.97965 13.375 -2
      vertex 6.97965 13.375 0
    endloop
  endfacet
  facet normal 0.896881 0.442272 0
    outer loop
      vertex 6.97965 13.375 -2
      vertex 7.31231 12.7004 0
      vertex 7.31231 12.7004 -2
    endloop
  endfacet
  facet normal 0.980785 0.195093 0
    outer loop
      vertex 7.70081 11.2505 0
      vertex 7.55407 11.9882 -2
      vertex 7.55407 11.9882 0
    endloop
  endfacet
  facet normal 0.980785 0.195093 0
    outer loop
      vertex 7.55407 11.9882 -2
      vertex 7.70081 11.2505 0
      vertex 7.70081 11.2505 -2
    endloop
  endfacet
  facet normal 0.831475 0.555562 0
    outer loop
      vertex 6.97965 13.375 0
      vertex 6.56178 14.0004 -2
      vertex 6.56178 14.0004 0
    endloop
  endfacet
  facet normal 0.831475 0.555562 0
    outer loop
      vertex 6.56178 14.0004 -2
      vertex 6.97965 13.375 0
      vertex 6.97965 13.375 -2
    endloop
  endfacet
  facet normal 0.659336 0.751848 -0
    outer loop
      vertex 6.06586 14.5659 -2
      vertex 5.50038 15.0618 0
      vertex 6.06586 14.5659 0
    endloop
  endfacet
  facet normal 0.659336 0.751848 0
    outer loop
      vertex 5.50038 15.0618 0
      vertex 6.06586 14.5659 -2
      vertex 5.50038 15.0618 -2
    endloop
  endfacet
  facet normal 0.32148 0.946916 -0
    outer loop
      vertex 4.20043 15.8123 -2
      vertex 3.48821 16.0541 0
      vertex 4.20043 15.8123 0
    endloop
  endfacet
  facet normal 0.32148 0.946916 0
    outer loop
      vertex 3.48821 16.0541 0
      vertex 4.20043 15.8123 -2
      vertex 3.48821 16.0541 -2
    endloop
  endfacet
  facet normal -0.0654133 0.997858 0
    outer loop
      vertex 2 16.25 -2
      vertex 1.24947 16.2008 0
      vertex 2 16.25 0
    endloop
  endfacet
  facet normal -0.0654133 0.997858 0
    outer loop
      vertex 1.24947 16.2008 0
      vertex 2 16.25 -2
      vertex 1.24947 16.2008 -2
    endloop
  endfacet
  facet normal -0.997859 -0.0654 0
    outer loop
      vertex -3.70081 9.74947 -2
      vertex -3.75 10.5 0
      vertex -3.75 10.5 -2
    endloop
  endfacet
  facet normal -0.997859 -0.0654 0
    outer loop
      vertex -3.75 10.5 0
      vertex -3.70081 9.74947 -2
      vertex -3.70081 9.74947 0
    endloop
  endfacet
  facet normal -0.831518 0.555498 0
    outer loop
      vertex -2.7 13.7935 -2
      vertex -2.56178 14.0004 0
      vertex -2.56178 14.0004 -2
    endloop
  endfacet
  facet normal -0.831518 0.555498 0
    outer loop
      vertex -2.56178 14.0004 0
      vertex -2.7 13.7935 -2
      vertex -2.7 13.7935 0
    endloop
  endfacet
  facet normal -0.831467 0.555574 0
    outer loop
      vertex -2.97965 13.375 -2
      vertex -2.76249 13.7 0
      vertex -2.76249 13.7 -2
    endloop
  endfacet
  facet normal -0.831467 0.555574 0
    outer loop
      vertex -2.76249 13.7 0
      vertex -2.97965 13.375 -2
      vertex -2.97965 13.375 0
    endloop
  endfacet
  facet normal -0.195047 0.980794 0
    outer loop
      vertex 1.24947 16.2008 -2
      vertex 0.51179 16.0541 0
      vertex 1.24947 16.2008 0
    endloop
  endfacet
  facet normal -0.195047 0.980794 0
    outer loop
      vertex 0.51179 16.0541 0
      vertex 1.24947 16.2008 -2
      vertex 0.51179 16.0541 -2
    endloop
  endfacet
  facet normal -0.751847 0.659338 0
    outer loop
      vertex -2.56178 14.0004 -2
      vertex -2.06586 14.5659 0
      vertex -2.06586 14.5659 -2
    endloop
  endfacet
  facet normal -0.751847 0.659338 0
    outer loop
      vertex -2.06586 14.5659 0
      vertex -2.56178 14.0004 -2
      vertex -2.56178 14.0004 0
    endloop
  endfacet
  facet normal 0.997859 0.0654026 0
    outer loop
      vertex 7.75 10.5 0
      vertex 7.70081 11.2505 -2
      vertex 7.70081 11.2505 0
    endloop
  endfacet
  facet normal 0.997859 0.0654026 0
    outer loop
      vertex 7.70081 11.2505 -2
      vertex 7.75 10.5 0
      vertex 7.75 10.5 -2
    endloop
  endfacet
  facet normal 0.195098 -0.980784 0
    outer loop
      vertex 2.75053 4.79919 -2
      vertex 3.48821 4.94593 0
      vertex 2.75053 4.79919 0
    endloop
  endfacet
  facet normal 0.195098 -0.980784 0
    outer loop
      vertex 3.48821 4.94593 0
      vertex 2.75053 4.79919 -2
      vertex 3.48821 4.94593 -2
    endloop
  endfacet
  facet normal 0.831467 -0.555574 0
    outer loop
      vertex 6.56178 6.99962 0
      vertex 6.97965 7.625 -2
      vertex 6.97965 7.625 0
    endloop
  endfacet
  facet normal 0.831467 -0.555574 0
    outer loop
      vertex 6.97965 7.625 -2
      vertex 6.56178 6.99962 0
      vertex 6.56178 6.99962 -2
    endloop
  endfacet
  facet normal -0.0654 -0.997859 0
    outer loop
      vertex 1.24947 4.79919 -2
      vertex 2 4.75 0
      vertex 1.24947 4.79919 0
    endloop
  endfacet
  facet normal -0.0654 -0.997859 -0
    outer loop
      vertex 2 4.75 0
      vertex 1.24947 4.79919 -2
      vertex 2 4.75 -2
    endloop
  endfacet
  facet normal -0.555574 -0.831467 0
    outer loop
      vertex -1.50038 5.93822 -2
      vertex -0.875 5.52035 0
      vertex -1.50038 5.93822 0
    endloop
  endfacet
  facet normal -0.555574 -0.831467 -0
    outer loop
      vertex -0.875 5.52035 0
      vertex -1.50038 5.93822 -2
      vertex -0.875 5.52035 -2
    endloop
  endfacet
  facet normal -0.980784 -0.195098 0
    outer loop
      vertex -3.55407 9.01179 -2
      vertex -3.70081 9.74947 0
      vertex -3.70081 9.74947 -2
    endloop
  endfacet
  facet normal -0.980784 -0.195098 0
    outer loop
      vertex -3.70081 9.74947 0
      vertex -3.55407 9.01179 -2
      vertex -3.55407 9.01179 0
    endloop
  endfacet
  facet normal -0.659351 -0.751835 0
    outer loop
      vertex -2.06586 6.43414 -2
      vertex -1.50038 5.93822 0
      vertex -2.06586 6.43414 0
    endloop
  endfacet
  facet normal -0.659351 -0.751835 -0
    outer loop
      vertex -1.50038 5.93822 0
      vertex -2.06586 6.43414 -2
      vertex -1.50038 5.93822 -2
    endloop
  endfacet
  facet normal 0.94693 0.32144 0
    outer loop
      vertex 7.55407 11.9882 0
      vertex 7.31231 12.7004 -2
      vertex 7.31231 12.7004 0
    endloop
  endfacet
  facet normal 0.94693 0.32144 0
    outer loop
      vertex 7.31231 12.7004 -2
      vertex 7.55407 11.9882 0
      vertex 7.55407 11.9882 -2
    endloop
  endfacet
  facet normal 0.751847 0.659338 0
    outer loop
      vertex 6.56178 14.0004 0
      vertex 6.06586 14.5659 -2
      vertex 6.06586 14.5659 0
    endloop
  endfacet
  facet normal 0.751847 0.659338 0
    outer loop
      vertex 6.06586 14.5659 -2
      vertex 6.56178 14.0004 0
      vertex 6.56178 14.0004 -2
    endloop
  endfacet
  facet normal 0.44233 0.896852 -0
    outer loop
      vertex 4.875 15.4796 -2
      vertex 4.20043 15.8123 0
      vertex 4.875 15.4796 0
    endloop
  endfacet
  facet normal 0.44233 0.896852 0
    outer loop
      vertex 4.20043 15.8123 0
      vertex 4.875 15.4796 -2
      vertex 4.20043 15.8123 -2
    endloop
  endfacet
  facet normal 0.195047 0.980794 -0
    outer loop
      vertex 3.48821 16.0541 -2
      vertex 2.75053 16.2008 0
      vertex 3.48821 16.0541 0
    endloop
  endfacet
  facet normal 0.195047 0.980794 0
    outer loop
      vertex 2.75053 16.2008 0
      vertex 3.48821 16.0541 -2
      vertex 2.75053 16.2008 -2
    endloop
  endfacet
  facet normal 0.0654133 0.997858 -0
    outer loop
      vertex 2.75053 16.2008 -2
      vertex 2 16.25 0
      vertex 2.75053 16.2008 0
    endloop
  endfacet
  facet normal 0.0654133 0.997858 0
    outer loop
      vertex 2 16.25 0
      vertex 2.75053 16.2008 -2
      vertex 2 16.25 -2
    endloop
  endfacet
  facet normal -0.980785 0.195093 0
    outer loop
      vertex -3.70081 11.2505 -2
      vertex -3.55407 11.9882 0
      vertex -3.55407 11.9882 -2
    endloop
  endfacet
  facet normal -0.980785 0.195093 0
    outer loop
      vertex -3.55407 11.9882 0
      vertex -3.70081 11.2505 -2
      vertex -3.70081 11.2505 0
    endloop
  endfacet
  facet normal -0.997859 0.0654026 0
    outer loop
      vertex -3.75 10.5 -2
      vertex -3.70081 11.2505 0
      vertex -3.70081 11.2505 -2
    endloop
  endfacet
  facet normal -0.997859 0.0654026 0
    outer loop
      vertex -3.70081 11.2505 0
      vertex -3.75 10.5 -2
      vertex -3.75 10.5 0
    endloop
  endfacet
  facet normal -0.896881 0.442272 0
    outer loop
      vertex -3.31231 12.7004 -2
      vertex -2.97965 13.375 0
      vertex -2.97965 13.375 -2
    endloop
  endfacet
  facet normal -0.896881 0.442272 0
    outer loop
      vertex -2.97965 13.375 0
      vertex -3.31231 12.7004 -2
      vertex -3.31231 12.7004 0
    endloop
  endfacet
  facet normal -0.32148 0.946916 0
    outer loop
      vertex 0.51179 16.0541 -2
      vertex -0.200429 15.8123 0
      vertex 0.51179 16.0541 0
    endloop
  endfacet
  facet normal -0.32148 0.946916 0
    outer loop
      vertex -0.200429 15.8123 0
      vertex 0.51179 16.0541 -2
      vertex -0.200429 15.8123 -2
    endloop
  endfacet
  facet normal -0.659336 0.751848 0
    outer loop
      vertex -1.50038 15.0618 -2
      vertex -2.06586 14.5659 0
      vertex -1.50038 15.0618 0
    endloop
  endfacet
  facet normal -0.659336 0.751848 0
    outer loop
      vertex -2.06586 14.5659 0
      vertex -1.50038 15.0618 -2
      vertex -2.06586 14.5659 -2
    endloop
  endfacet
  facet normal -0.55551 0.83151 0
    outer loop
      vertex -0.875 15.4796 -2
      vertex -1.50038 15.0618 0
      vertex -0.875 15.4796 0
    endloop
  endfacet
  facet normal -0.55551 0.83151 0
    outer loop
      vertex -1.50038 15.0618 0
      vertex -0.875 15.4796 -2
      vertex -1.50038 15.0618 -2
    endloop
  endfacet
  facet normal 0.980784 -0.195098 0
    outer loop
      vertex 7.55407 9.01179 0
      vertex 7.70081 9.74947 -2
      vertex 7.70081 9.74947 0
    endloop
  endfacet
  facet normal 0.980784 -0.195098 0
    outer loop
      vertex 7.70081 9.74947 -2
      vertex 7.55407 9.01179 0
      vertex 7.55407 9.01179 -2
    endloop
  endfacet
  facet normal 0.321432 -0.946933 0
    outer loop
      vertex 3.48821 4.94593 -2
      vertex 4.20043 5.18769 0
      vertex 3.48821 4.94593 0
    endloop
  endfacet
  facet normal 0.321432 -0.946933 0
    outer loop
      vertex 4.20043 5.18769 0
      vertex 3.48821 4.94593 -2
      vertex 4.20043 5.18769 -2
    endloop
  endfacet
  facet normal 0.751835 -0.659351 0
    outer loop
      vertex 6.06586 6.43414 0
      vertex 6.56178 6.99962 -2
      vertex 6.56178 6.99962 0
    endloop
  endfacet
  facet normal 0.751835 -0.659351 0
    outer loop
      vertex 6.56178 6.99962 -2
      vertex 6.06586 6.43414 0
      vertex 6.06586 6.43414 -2
    endloop
  endfacet
  facet normal 0.555574 -0.831467 0
    outer loop
      vertex 4.875 5.52035 -2
      vertex 5.50038 5.93822 0
      vertex 4.875 5.52035 0
    endloop
  endfacet
  facet normal 0.555574 -0.831467 0
    outer loop
      vertex 5.50038 5.93822 0
      vertex 4.875 5.52035 -2
      vertex 5.50038 5.93822 -2
    endloop
  endfacet
  facet normal 0.896873 -0.442288 0
    outer loop
      vertex 6.97965 7.625 0
      vertex 7.31231 8.29957 -2
      vertex 7.31231 8.29957 0
    endloop
  endfacet
  facet normal 0.896873 -0.442288 0
    outer loop
      vertex 7.31231 8.29957 -2
      vertex 6.97965 7.625 0
      vertex 6.97965 7.625 -2
    endloop
  endfacet
  facet normal 0.0654 -0.997859 0
    outer loop
      vertex 2 4.75 -2
      vertex 2.75053 4.79919 0
      vertex 2 4.75 0
    endloop
  endfacet
  facet normal 0.0654 -0.997859 0
    outer loop
      vertex 2.75053 4.79919 0
      vertex 2 4.75 -2
      vertex 2.75053 4.79919 -2
    endloop
  endfacet
  facet normal -0.442287 -0.896874 0
    outer loop
      vertex -0.875 5.52035 -2
      vertex -0.200429 5.18769 0
      vertex -0.875 5.52035 0
    endloop
  endfacet
  facet normal -0.442287 -0.896874 -0
    outer loop
      vertex -0.200429 5.18769 0
      vertex -0.875 5.52035 -2
      vertex -0.200429 5.18769 -2
    endloop
  endfacet
  facet normal -0.946933 -0.321432 0
    outer loop
      vertex -3.31231 8.29957 -2
      vertex -3.55407 9.01179 0
      vertex -3.55407 9.01179 -2
    endloop
  endfacet
  facet normal -0.946933 -0.321432 0
    outer loop
      vertex -3.55407 9.01179 0
      vertex -3.31231 8.29957 -2
      vertex -3.31231 8.29957 0
    endloop
  endfacet
  facet normal -0.831467 -0.555574 0
    outer loop
      vertex -2.56178 6.99962 -2
      vertex -2.97965 7.625 0
      vertex -2.97965 7.625 -2
    endloop
  endfacet
  facet normal -0.831467 -0.555574 0
    outer loop
      vertex -2.97965 7.625 0
      vertex -2.56178 6.99962 -2
      vertex -2.56178 6.99962 0
    endloop
  endfacet
  facet normal 0.997859 -0.0654 0
    outer loop
      vertex 7.70081 9.74947 0
      vertex 7.75 10.5 -2
      vertex 7.75 10.5 0
    endloop
  endfacet
  facet normal 0.997859 -0.0654 0
    outer loop
      vertex 7.75 10.5 -2
      vertex 7.70081 9.74947 0
      vertex 7.70081 9.74947 -2
    endloop
  endfacet
  facet normal 0.442288 -0.896873 0
    outer loop
      vertex 4.20043 5.18769 -2
      vertex 4.875 5.52035 0
      vertex 4.20043 5.18769 0
    endloop
  endfacet
  facet normal 0.442288 -0.896873 0
    outer loop
      vertex 4.875 5.52035 0
      vertex 4.20043 5.18769 -2
      vertex 4.875 5.52035 -2
    endloop
  endfacet
  facet normal 0.659351 -0.751835 0
    outer loop
      vertex 5.50038 5.93822 -2
      vertex 6.06586 6.43414 0
      vertex 5.50038 5.93822 0
    endloop
  endfacet
  facet normal 0.659351 -0.751835 0
    outer loop
      vertex 6.06586 6.43414 0
      vertex 5.50038 5.93822 -2
      vertex 6.06586 6.43414 -2
    endloop
  endfacet
  facet normal 0.946933 -0.321432 0
    outer loop
      vertex 7.31231 8.29957 0
      vertex 7.55407 9.01179 -2
      vertex 7.55407 9.01179 0
    endloop
  endfacet
  facet normal 0.946933 -0.321432 0
    outer loop
      vertex 7.55407 9.01179 -2
      vertex 7.31231 8.29957 0
      vertex 7.31231 8.29957 -2
    endloop
  endfacet
  facet normal -0.321433 -0.946932 0
    outer loop
      vertex -0.200429 5.18769 -2
      vertex 0.51179 4.94593 0
      vertex -0.200429 5.18769 0
    endloop
  endfacet
  facet normal -0.321433 -0.946932 -0
    outer loop
      vertex 0.51179 4.94593 0
      vertex -0.200429 5.18769 -2
      vertex 0.51179 4.94593 -2
    endloop
  endfacet
  facet normal -0.896873 -0.442288 0
    outer loop
      vertex -2.97965 7.625 -2
      vertex -3.31231 8.29957 0
      vertex -3.31231 8.29957 -2
    endloop
  endfacet
  facet normal -0.896873 -0.442288 0
    outer loop
      vertex -3.31231 8.29957 0
      vertex -2.97965 7.625 -2
      vertex -2.97965 7.625 0
    endloop
  endfacet
  facet normal -0.751835 -0.659351 0
    outer loop
      vertex -2.06586 6.43414 -2
      vertex -2.56178 6.99962 0
      vertex -2.56178 6.99962 -2
    endloop
  endfacet
  facet normal -0.751835 -0.659351 0
    outer loop
      vertex -2.56178 6.99962 0
      vertex -2.06586 6.43414 -2
      vertex -2.06586 6.43414 0
    endloop
  endfacet
  facet normal -1 0 0
    outer loop
      vertex -11.5 -16.3 -14.3
      vertex -11.5 -13.7 0
      vertex -11.5 -13.7 -14.3
    endloop
  endfacet
  facet normal -1 -0 0
    outer loop
      vertex -11.5 -13.7 0
      vertex -11.5 -16.3 -14.3
      vertex -11.5 -16.3 0
    endloop
  endfacet
  facet normal 0 0 -1
    outer loop
      vertex 11.8485 14.8515 0
      vertex 7.31231 8.29957 0
      vertex 11.7305 14.748 0
    endloop
  endfacet
  facet normal 0 -0 -1
    outer loop
      vertex 7.55407 9.01179 0
      vertex 11.7305 14.748 0
      vertex 7.31231 8.29957 0
    endloop
  endfacet
  facet normal 0 0 -1
    outer loop
      vertex 11.7305 14.748 0
      vertex 7.55407 9.01179 0
      vertex 11.6 14.6608 0
    endloop
  endfacet
  facet normal 0 -0 -1
    outer loop
      vertex 7.70081 9.74947 0
      vertex 11.6 14.6608 0
      vertex 7.55407 9.01179 0
    endloop
  endfacet
  facet normal 0 0 -1
    outer loop
      vertex 11.6 14.6608 0
      vertex 7.70081 9.74947 0
      vertex 11.4592 14.5913 0
    endloop
  endfacet
  facet normal 0 0 -1
    outer loop
      vertex 11.4592 14.5913 0
      vertex 7.70081 9.74947 0
      vertex 11.3106 14.5409 0
    endloop
  endfacet
  facet normal 0 -0 -1
    outer loop
      vertex 7.75 10.5 0
      vertex 11.3106 14.5409 0
      vertex 7.70081 9.74947 0
    endloop
  endfacet
  facet normal 0 0 -1
    outer loop
      vertex 11.3106 14.5409 0
      vertex 7.75 10.5 0
      vertex 11.1566 14.5103 0
    endloop
  endfacet
  facet normal 0 0 -1
    outer loop
      vertex 11.1566 14.5103 0
      vertex 7.75 10.5 0
      vertex 11 14.5 0
    endloop
  endfacet
  facet normal -0 0 -1
    outer loop
      vertex 11 14.5 0
      vertex 7.70081 11.2505 0
      vertex 10.8434 14.5103 0
    endloop
  endfacet
  facet normal -0 0 -1
    outer loop
      vertex 10.8434 14.5103 0
      vertex 7.70081 11.2505 0
      vertex 10.6894 14.5409 0
    endloop
  endfacet
  facet normal 0 0 -1
    outer loop
      vertex 7.55407 11.9882 0
      vertex 10.6894 14.5409 0
      vertex 7.70081 11.2505 0
    endloop
  endfacet
  facet normal -0 0 -1
    outer loop
      vertex 10.6894 14.5409 0
      vertex 7.55407 11.9882 0
      vertex 10.5408 14.5913 0
    endloop
  endfacet
  facet normal -0 0 -1
    outer loop
      vertex 10.5408 14.5913 0
      vertex 7.55407 11.9882 0
      vertex 10.4 14.6608 0
    endloop
  endfacet
  facet normal 0 0 -1
    outer loop
      vertex 7.31231 12.7004 0
      vertex 10.4 14.6608 0
      vertex 7.55407 11.9882 0
    endloop
  endfacet
  facet normal -0 0 -1
    outer loop
      vertex 10.4 14.6608 0
      vertex 7.31231 12.7004 0
      vertex 10.2695 14.748 0
    endloop
  endfacet
  facet normal -0 0 -1
    outer loop
      vertex 10.2695 14.748 0
      vertex 7.31231 12.7004 0
      vertex 10.1515 14.8515 0
    endloop
  endfacet
  facet normal -0 0 -1
    outer loop
      vertex 10.1515 14.8515 0
      vertex 7.31231 12.7004 0
      vertex 10.048 14.9695 0
    endloop
  endfacet
  facet normal -0 0 -1
    outer loop
      vertex 10.048 14.9695 0
      vertex 6.97965 13.375 0
      vertex 9.96077 15.1 0
    endloop
  endfacet
  facet normal 0 0 -1
    outer loop
      vertex 6.97965 13.375 0
      vertex 10.048 14.9695 0
      vertex 7.31231 12.7004 0
    endloop
  endfacet
  facet normal 0 0 -1
    outer loop
      vertex 7.70081 11.2505 0
      vertex 11 14.5 0
      vertex 7.75 10.5 0
    endloop
  endfacet
  facet normal 0 0 -1
    outer loop
      vertex 11.5 -13.7 0
      vertex 6.97965 7.625 0
      vertex 7.31231 8.29957 0
    endloop
  endfacet
  facet normal 0 0 -1
    outer loop
      vertex 11.5 -13.7 0
      vertex 6.56178 6.99962 0
      vertex 6.97965 7.625 0
    endloop
  endfacet
  facet normal 0 0 -1
    outer loop
      vertex 11.5 -13.7 0
      vertex 6.06586 6.43414 0
      vertex 6.56178 6.99962 0
    endloop
  endfacet
  facet normal 0 0 -1
    outer loop
      vertex 11.5 -13.7 0
      vertex 5.50038 5.93822 0
      vertex 6.06586 6.43414 0
    endloop
  endfacet
  facet normal 0 0 -1
    outer loop
      vertex 11.5 -13.7 0
      vertex 4.875 5.52035 0
      vertex 5.50038 5.93822 0
    endloop
  endfacet
  facet normal 0 0 -1
    outer loop
      vertex 11.5 -13.7 0
      vertex 4.20043 5.18769 0
      vertex 4.875 5.52035 0
    endloop
  endfacet
  facet normal 0 0 -1
    outer loop
      vertex 3.5 -13.7 0
      vertex 4.20043 5.18769 0
      vertex 11.5 -13.7 0
    endloop
  endfacet
  facet normal 0 0 -1
    outer loop
      vertex 4.20043 5.18769 0
      vertex 3.5 -13.7 0
      vertex 3.48821 4.94593 0
    endloop
  endfacet
  facet normal 0 -0 -1
    outer loop
      vertex -11.9341 6.43414 0
      vertex -2.06586 6.43414 0
      vertex -12.4996 5.93822 0
    endloop
  endfacet
  facet normal 0 0 -1
    outer loop
      vertex -2.06586 6.43414 0
      vertex -11.9341 6.43414 0
      vertex -2.56178 6.99962 0
    endloop
  endfacet
  facet normal 0 -0 -1
    outer loop
      vertex -11.0204 7.625 0
      vertex -2.97965 7.625 0
      vertex -11.4382 6.99962 0
    endloop
  endfacet
  facet normal 0 0 -1
    outer loop
      vertex -2.97965 7.625 0
      vertex -11.0204 7.625 0
      vertex -3.31231 8.29957 0
    endloop
  endfacet
  facet normal 0 -0 -1
    outer loop
      vertex -10.6877 8.29957 0
      vertex -3.31231 8.29957 0
      vertex -11.0204 7.625 0
    endloop
  endfacet
  facet normal 0 0 -1
    outer loop
      vertex -6.34089 15.3894 0
      vertex -4.7 16.3 0
      vertex -4.7 13.7 0
    endloop
  endfacet
  facet normal 0 0 -1
    outer loop
      vertex -3.55407 9.01179 0
      vertex -10.4459 9.01179 0
      vertex -3.70081 9.74947 0
    endloop
  endfacet
  facet normal 0 0 -1
    outer loop
      vertex -4.7 16.3 0
      vertex -6.31027 15.5434 0
      vertex -6.3 15.7 0
    endloop
  endfacet
  facet normal 0 0 -1
    outer loop
      vertex -4.7 16.3 0
      vertex -6.34089 15.3894 0
      vertex -6.31027 15.5434 0
    endloop
  endfacet
  facet normal 0 0 -1
    outer loop
      vertex -4.7 13.7 0
      vertex -6.39135 15.2408 0
      vertex -6.34089 15.3894 0
    endloop
  endfacet
  facet normal 0 0 -1
    outer loop
      vertex -4.7 13.7 0
      vertex -6.46077 15.1 0
      vertex -6.39135 15.2408 0
    endloop
  endfacet
  facet normal 0 0 -1
    outer loop
      vertex -4.7 13.7 0
      vertex -6.54798 14.9695 0
      vertex -6.46077 15.1 0
    endloop
  endfacet
  facet normal 0 0 -1
    outer loop
      vertex -4.7 13.7 0
      vertex -6.65147 14.8515 0
      vertex -6.54798 14.9695 0
    endloop
  endfacet
  facet normal 0 0 -1
    outer loop
      vertex -3.70081 9.74947 0
      vertex -10.2992 9.74947 0
      vertex -3.75 10.5 0
    endloop
  endfacet
  facet normal 0 -0 -1
    outer loop
      vertex -10.25 10.5 0
      vertex -3.75 10.5 0
      vertex -10.2992 9.74947 0
    endloop
  endfacet
  facet normal 0 0 -1
    outer loop
      vertex -4.7 13.7 0
      vertex -6.76949 14.748 0
      vertex -6.65147 14.8515 0
    endloop
  endfacet
  facet normal 0 0 -1
    outer loop
      vertex -4.7 13.7 0
      vertex -6.9 14.6608 0
      vertex -6.76949 14.748 0
    endloop
  endfacet
  facet normal 0 0 -1
    outer loop
      vertex -10.2992 11.2505 0
      vertex -3.75 10.5 0
      vertex -10.25 10.5 0
    endloop
  endfacet
  facet normal 0 -0 -1
    outer loop
      vertex -7.34337 14.5103 0
      vertex -3.75 10.5 0
      vertex -10.2992 11.2505 0
    endloop
  endfacet
  facet normal 0 0 -1
    outer loop
      vertex -4.7 13.7 0
      vertex -7.18942 14.5409 0
      vertex -7.04078 14.5913 0
    endloop
  endfacet
  facet normal 0 0 -1
    outer loop
      vertex -4.7 13.7 0
      vertex -7.34337 14.5103 0
      vertex -7.18942 14.5409 0
    endloop
  endfacet
  facet normal 0 0 -1
    outer loop
      vertex -3.75 10.5 0
      vertex -7.34337 14.5103 0
      vertex -4.7 13.7 0
    endloop
  endfacet
  facet normal 0 0 -1
    outer loop
      vertex -7.34337 14.5103 0
      vertex -10.2992 11.2505 0
      vertex -7.5 14.5 0
    endloop
  endfacet
  facet normal -0 0 -1
    outer loop
      vertex -7.5 14.5 0
      vertex -10.2992 11.2505 0
      vertex -7.65663 14.5103 0
    endloop
  endfacet
  facet normal 0 0 -1
    outer loop
      vertex -10.4459 11.9882 0
      vertex -7.65663 14.5103 0
      vertex -10.2992 11.2505 0
    endloop
  endfacet
  facet normal -0 0 -1
    outer loop
      vertex -7.65663 14.5103 0
      vertex -10.4459 11.9882 0
      vertex -7.81058 14.5409 0
    endloop
  endfacet
  facet normal -0 0 -1
    outer loop
      vertex -7.81058 14.5409 0
      vertex -10.4459 11.9882 0
      vertex -7.95922 14.5913 0
    endloop
  endfacet
  facet normal -0 0 -1
    outer loop
      vertex -7.95922 14.5913 0
      vertex -10.6877 12.7004 0
      vertex -8.1 14.6608 0
    endloop
  endfacet
  facet normal -0 0 -1
    outer loop
      vertex -8.1 14.6608 0
      vertex -10.6877 12.7004 0
      vertex -8.23051 14.748 0
    endloop
  endfacet
  facet normal -0 0 -1
    outer loop
      vertex -8.23051 14.748 0
      vertex -10.6877 12.7004 0
      vertex -8.34853 14.8515 0
    endloop
  endfacet
  facet normal -0 0 -1
    outer loop
      vertex -8.45202 14.9695 0
      vertex -11.0204 13.375 0
      vertex -8.53923 15.1 0
    endloop
  endfacet
  facet normal 0 0 -1
    outer loop
      vertex -11.0204 13.375 0
      vertex -8.34853 14.8515 0
      vertex -10.6877 12.7004 0
    endloop
  endfacet
  facet normal -0 0 -1
    outer loop
      vertex -8.34853 14.8515 0
      vertex -11.0204 13.375 0
      vertex -8.45202 14.9695 0
    endloop
  endfacet
  facet normal 0 0 -1
    outer loop
      vertex -10.6877 12.7004 0
      vertex -7.95922 14.5913 0
      vertex -10.4459 11.9882 0
    endloop
  endfacet
  facet normal 0 0 -1
    outer loop
      vertex -4.7 13.7 0
      vertex -7.04078 14.5913 0
      vertex -6.9 14.6608 0
    endloop
  endfacet
  facet normal 0 -0 -1
    outer loop
      vertex -10.2992 9.74947 0
      vertex -3.70081 9.74947 0
      vertex -10.4459 9.01179 0
    endloop
  endfacet
  facet normal 0 -0 -1
    outer loop
      vertex -10.4459 9.01179 0
      vertex -3.55407 9.01179 0
      vertex -10.6877 8.29957 0
    endloop
  endfacet
  facet normal 0 0 -1
    outer loop
      vertex -15.7 0 0
      vertex -3.5 -13.7 0
      vertex -11.5 -13.7 0
    endloop
  endfacet
  facet normal 0 0 -1
    outer loop
      vertex -3.31231 8.29957 0
      vertex -10.6877 8.29957 0
      vertex -3.55407 9.01179 0
    endloop
  endfacet
  facet normal 0 0 -1
    outer loop
      vertex -2.97965 13.375 0
      vertex -4.7 13.7 0
      vertex -2.76249 13.7 0
    endloop
  endfacet
  facet normal 0 0 -1
    outer loop
      vertex -3.31231 12.7004 0
      vertex -4.7 13.7 0
      vertex -2.97965 13.375 0
    endloop
  endfacet
  facet normal 0 0 -1
    outer loop
      vertex -3.55407 11.9882 0
      vertex -4.7 13.7 0
      vertex -3.31231 12.7004 0
    endloop
  endfacet
  facet normal 0 0 -1
    outer loop
      vertex -3.70081 11.2505 0
      vertex -4.7 13.7 0
      vertex -3.55407 11.9882 0
    endloop
  endfacet
  facet normal 0 0 -1
    outer loop
      vertex -4.7 13.7 0
      vertex -3.70081 11.2505 0
      vertex -3.75 10.5 0
    endloop
  endfacet
  facet normal 0 0 -1
    outer loop
      vertex -11.5 -16.3 0
      vertex -12.8409 -15.3894 0
      vertex -11.5 -13.7 0
    endloop
  endfacet
  facet normal 0 0 -1
    outer loop
      vertex -12.8913 -15.2408 0
      vertex -11.5 -13.7 0
      vertex -12.8409 -15.3894 0
    endloop
  endfacet
  facet normal 0 0 -1
    outer loop
      vertex -12.9608 -15.1 0
      vertex -11.5 -13.7 0
      vertex -12.8913 -15.2408 0
    endloop
  endfacet
  facet normal 0 0 -1
    outer loop
      vertex -13.048 -14.9695 0
      vertex -11.5 -13.7 0
      vertex -12.9608 -15.1 0
    endloop
  endfacet
  facet normal 0 0 -1
    outer loop
      vertex -13.1515 -14.8515 0
      vertex -11.5 -13.7 0
      vertex -13.048 -14.9695 0
    endloop
  endfacet
  facet normal 0 -0 -1
    outer loop
      vertex -11.4382 6.99962 0
      vertex -2.56178 6.99962 0
      vertex -11.9341 6.43414 0
    endloop
  endfacet
  facet normal 0 0 -1
    outer loop
      vertex -13.2695 -14.748 0
      vertex -11.5 -13.7 0
      vertex -13.1515 -14.8515 0
    endloop
  endfacet
  facet normal 0 0 -1
    outer loop
      vertex -13.4 -14.6608 0
      vertex -11.5 -13.7 0
      vertex -13.2695 -14.748 0
    endloop
  endfacet
  facet normal 0 0 -1
    outer loop
      vertex -13.5408 -14.5913 0
      vertex -11.5 -13.7 0
      vertex -13.4 -14.6608 0
    endloop
  endfacet
  facet normal 0 0 -1
    outer loop
      vertex -13.6894 -14.5409 0
      vertex -11.5 -13.7 0
      vertex -13.5408 -14.5913 0
    endloop
  endfacet
  facet normal 0 0 -1
    outer loop
      vertex -13.8434 -14.5103 0
      vertex -11.5 -13.7 0
      vertex -13.6894 -14.5409 0
    endloop
  endfacet
  facet normal 0 0 -1
    outer loop
      vertex -12.4996 5.93822 0
      vertex -15.7 0 0
      vertex -13.125 5.52035 0
    endloop
  endfacet
  facet normal 0 0 -1
    outer loop
      vertex -14 -14.5 0
      vertex -11.5 -13.7 0
      vertex -13.8434 -14.5103 0
    endloop
  endfacet
  facet normal 0 0 -1
    outer loop
      vertex -14.1566 -14.5103 0
      vertex -11.5 -13.7 0
      vertex -14 -14.5 0
    endloop
  endfacet
  facet normal -0 0 -1
    outer loop
      vertex -11.5 -13.7 0
      vertex -14.1566 -14.5103 0
      vertex -15.7 0 0
    endloop
  endfacet
  facet normal 0 0 -1
    outer loop
      vertex -15.7 0 0
      vertex -14.1566 -14.5103 0
      vertex -14.3106 -14.5409 0
    endloop
  endfacet
  facet normal 0 0 -1
    outer loop
      vertex -15.7 0 0
      vertex -14.3106 -14.5409 0
      vertex -14.4592 -14.5913 0
    endloop
  endfacet
  facet normal 0 0 -1
    outer loop
      vertex -13.125 5.52035 0
      vertex -15.7 0 0
      vertex -13.7996 5.18769 0
    endloop
  endfacet
  facet normal 0 0 -1
    outer loop
      vertex -15.7 0 0
      vertex -14.4592 -14.5913 0
      vertex -14.6 -14.6608 0
    endloop
  endfacet
  facet normal 0 0 -1
    outer loop
      vertex -21.7 0 0
      vertex -14.6 -14.6608 0
      vertex -14.7305 -14.748 0
    endloop
  endfacet
  facet normal 0 0 -1
    outer loop
      vertex -21.7 0 0
      vertex -14.7305 -14.748 0
      vertex -14.8485 -14.8515 0
    endloop
  endfacet
  facet normal 0 0 -1
    outer loop
      vertex -21.7 0 0
      vertex -14.8485 -14.8515 0
      vertex -14.952 -14.9695 0
    endloop
  endfacet
  facet normal 0 0 -1
    outer loop
      vertex -21.7 0 0
      vertex -14.952 -14.9695 0
      vertex -15.0392 -15.1 0
    endloop
  endfacet
  facet normal 0 0 -1
    outer loop
      vertex -31.5 -16 0
      vertex -15.0392 -15.1 0
      vertex -15.1087 -15.2408 0
    endloop
  endfacet
  facet normal 0 0 -1
    outer loop
      vertex -27.5 -20 0
      vertex -15.1087 -15.2408 0
      vertex -15.1591 -15.3894 0
    endloop
  endfacet
  facet normal 0 0 -1
    outer loop
      vertex -27.5 -20 0
      vertex -15.1591 -15.3894 0
      vertex -15.1897 -15.5434 0
    endloop
  endfacet
  facet normal 0 0 -1
    outer loop
      vertex -27.5 -20 0
      vertex -15.1897 -15.5434 0
      vertex -15.2 -15.7 0
    endloop
  endfacet
  facet normal 0 0 -1
    outer loop
      vertex -13.7996 5.18769 0
      vertex -15.7 0 0
      vertex -14.5118 4.94593 0
    endloop
  endfacet
  facet normal 0 0 -1
    outer loop
      vertex -14.5118 4.94593 0
      vertex -15.7 4 0
      vertex -15.2495 4.79919 0
    endloop
  endfacet
  facet normal 0 0 -1
    outer loop
      vertex -15.7 4 0
      vertex -16 4.75 0
      vertex -15.2495 4.79919 0
    endloop
  endfacet
  facet normal 0 0 -1
    outer loop
      vertex -15.7 4 0
      vertex -16.7505 4.79919 0
      vertex -16 4.75 0
    endloop
  endfacet
  facet normal 0 0 -1
    outer loop
      vertex -15.7 4 0
      vertex -17.4882 4.94593 0
      vertex -16.7505 4.79919 0
    endloop
  endfacet
  facet normal 0 0 -1
    outer loop
      vertex -21.7 4 0
      vertex -17.4882 4.94593 0
      vertex -15.7 4 0
    endloop
  endfacet
  facet normal -0 0 -1
    outer loop
      vertex -17.4882 4.94593 0
      vertex -21.7 4 0
      vertex -18.2004 5.18769 0
    endloop
  endfacet
  facet normal 0 0 -1
    outer loop
      vertex -21.7 4 0
      vertex -18.875 5.52035 0
      vertex -18.2004 5.18769 0
    endloop
  endfacet
  facet normal 0 0 -1
    outer loop
      vertex -21.7 4 0
      vertex -19.5004 5.93822 0
      vertex -18.875 5.52035 0
    endloop
  endfacet
  facet normal 0 0 -1
    outer loop
      vertex -21.7 4 0
      vertex -20.0659 6.43414 0
      vertex -19.5004 5.93822 0
    endloop
  endfacet
  facet normal 0 0 -1
    outer loop
      vertex -21.7 4 0
      vertex -20.5618 6.99962 0
      vertex -20.0659 6.43414 0
    endloop
  endfacet
  facet normal 0 0 -1
    outer loop
      vertex -21.7 4 0
      vertex -20.9796 7.625 0
      vertex -20.5618 6.99962 0
    endloop
  endfacet
  facet normal 0 0 -1
    outer loop
      vertex -21.7 4 0
      vertex -21.3123 8.29957 0
      vertex -20.9796 7.625 0
    endloop
  endfacet
  facet normal 0 0 -1
    outer loop
      vertex -21.7 4 0
      vertex -21.5541 9.01179 0
      vertex -21.3123 8.29957 0
    endloop
  endfacet
  facet normal 0 0 -1
    outer loop
      vertex -31.5 16 0
      vertex -21.5541 9.01179 0
      vertex -21.7 4 0
    endloop
  endfacet
  facet normal 0 0 -1
    outer loop
      vertex 27.5 -20 0
      vertex 31.5 -16 0
      vertex 31.4658 -16.5221 0
    endloop
  endfacet
  facet normal 0 0 -1
    outer loop
      vertex 31.5 -16 0
      vertex 22 13.7 0
      vertex 31.5 16 0
    endloop
  endfacet
  facet normal 0 0 -1
    outer loop
      vertex 27.5 -20 0
      vertex 31.4658 -16.5221 0
      vertex 31.3637 -17.0353 0
    endloop
  endfacet
  facet normal 0 0 -1
    outer loop
      vertex 22 16.3 0
      vertex 31.5 16 0
      vertex 22 13.7 0
    endloop
  endfacet
  facet normal 0 0 -1
    outer loop
      vertex 27.5 -20 0
      vertex 31.3637 -17.0353 0
      vertex 31.1955 -17.5307 0
    endloop
  endfacet
  facet normal 0 -0 -1
    outer loop
      vertex 27.5 20 0
      vertex 31.5 16 0
      vertex 22 16.3 0
    endloop
  endfacet
  facet normal 0 0 -1
    outer loop
      vertex 27.5 -20 0
      vertex 31.1955 -17.5307 0
      vertex 30.9641 -18 0
    endloop
  endfacet
  facet normal 0 0 -1
    outer loop
      vertex 31.5 16 0
      vertex 27.5 20 0
      vertex 31.4658 16.5221 0
    endloop
  endfacet
  facet normal 0 0 -1
    outer loop
      vertex 27.5 -20 0
      vertex 30.9641 -18 0
      vertex 30.6734 -18.435 0
    endloop
  endfacet
  facet normal 0 0 -1
    outer loop
      vertex 31.3637 17.0353 0
      vertex 27.5 20 0
      vertex 31.1955 17.5307 0
    endloop
  endfacet
  facet normal 0 0 -1
    outer loop
      vertex 27.5 -20 0
      vertex 30.6734 -18.435 0
      vertex 30.3284 -18.8284 0
    endloop
  endfacet
  facet normal 0 0 -1
    outer loop
      vertex 31.1955 17.5307 0
      vertex 27.5 20 0
      vertex 30.9641 18 0
    endloop
  endfacet
  facet normal 0 0 -1
    outer loop
      vertex 27.5 -20 0
      vertex 30.3284 -18.8284 0
      vertex 29.935 -19.1734 0
    endloop
  endfacet
  facet normal 0 0 -1
    outer loop
      vertex 30.9641 18 0
      vertex 27.5 20 0
      vertex 30.6734 18.435 0
    endloop
  endfacet
  facet normal 0 0 -1
    outer loop
      vertex 27.5 -20 0
      vertex 29.935 -19.1734 0
      vertex 29.5 -19.4641 0
    endloop
  endfacet
  facet normal 0 0 -1
    outer loop
      vertex 30.6734 18.435 0
      vertex 27.5 20 0
      vertex 30.3284 18.8284 0
    endloop
  endfacet
  facet normal 0 0 -1
    outer loop
      vertex 27.5 -20 0
      vertex 29.5 -19.4641 0
      vertex 29.0307 -19.6955 0
    endloop
  endfacet
  facet normal 0 0 -1
    outer loop
      vertex 30.3284 18.8284 0
      vertex 27.5 20 0
      vertex 29.935 19.1734 0
    endloop
  endfacet
  facet normal 0 0 -1
    outer loop
      vertex 27.5 -20 0
      vertex 29.0307 -19.6955 0
      vertex 28.5353 -19.8637 0
    endloop
  endfacet
  facet normal 0 0 -1
    outer loop
      vertex 29.935 19.1734 0
      vertex 27.5 20 0
      vertex 29.5 19.4641 0
    endloop
  endfacet
  facet normal 0 0 -1
    outer loop
      vertex 27.5 -20 0
      vertex 28.5353 -19.8637 0
      vertex 28.0221 -19.9658 0
    endloop
  endfacet
  facet normal 0 0 -1
    outer loop
      vertex 29.5 19.4641 0
      vertex 27.5 20 0
      vertex 29.0307 19.6955 0
    endloop
  endfacet
  facet normal -0 0 -1
    outer loop
      vertex 31.5 -16 0
      vertex 27.5 -20 0
      vertex 15.1087 -15.2408 0
    endloop
  endfacet
  facet normal 0 0 -1
    outer loop
      vertex 29.0307 19.6955 0
      vertex 27.5 20 0
      vertex 28.5353 19.8637 0
    endloop
  endfacet
  facet normal 0 0 -1
    outer loop
      vertex 28.5353 19.8637 0
      vertex 27.5 20 0
      vertex 28.0221 19.9658 0
    endloop
  endfacet
  facet normal 0 0 -1
    outer loop
      vertex 15.1897 -15.5434 0
      vertex 27.5 -20 0
      vertex 15.2 -15.7 0
    endloop
  endfacet
  facet normal 0 0 -1
    outer loop
      vertex 27.5 -20 0
      vertex 15.1897 -15.8566 0
      vertex 15.2 -15.7 0
    endloop
  endfacet
  facet normal 0 0 -1
    outer loop
      vertex 27.5 -20 0
      vertex 15.1591 -16.0106 0
      vertex 15.1897 -15.8566 0
    endloop
  endfacet
  facet normal 0 0 -1
    outer loop
      vertex 27.5 -20 0
      vertex 15.1087 -16.1592 0
      vertex 15.1591 -16.0106 0
    endloop
  endfacet
  facet normal 0 0 -1
    outer loop
      vertex 27.5 -20 0
      vertex 15.0392 -16.3 0
      vertex 15.1087 -16.1592 0
    endloop
  endfacet
  facet normal 0 0 -1
    outer loop
      vertex 27.5 -20 0
      vertex 14.952 -16.4305 0
      vertex 15.0392 -16.3 0
    endloop
  endfacet
  facet normal 0 0 -1
    outer loop
      vertex 27.5 -20 0
      vertex 14.8485 -16.5485 0
      vertex 14.952 -16.4305 0
    endloop
  endfacet
  facet normal 0 0 -1
    outer loop
      vertex 27.5 -20 0
      vertex 14.7305 -16.652 0
      vertex 14.8485 -16.5485 0
    endloop
  endfacet
  facet normal 0 0 -1
    outer loop
      vertex 27.5 -20 0
      vertex 14.6 -16.7392 0
      vertex 14.7305 -16.652 0
    endloop
  endfacet
  facet normal 0 0 -1
    outer loop
      vertex 27.5 -20 0
      vertex 14.4592 -16.8087 0
      vertex 14.6 -16.7392 0
    endloop
  endfacet
  facet normal 0 0 -1
    outer loop
      vertex 27.5 -20 0
      vertex 14.3106 -16.8591 0
      vertex 14.4592 -16.8087 0
    endloop
  endfacet
  facet normal 0 0 -1
    outer loop
      vertex 27.5 -20 0
      vertex 14.1566 -16.8897 0
      vertex 14.3106 -16.8591 0
    endloop
  endfacet
  facet normal 0 0 -1
    outer loop
      vertex 27.5 -20 0
      vertex 14 -16.9 0
      vertex 14.1566 -16.8897 0
    endloop
  endfacet
  facet normal 0 0 -1
    outer loop
      vertex 27.5 -20 0
      vertex 13.8434 -16.8897 0
      vertex 14 -16.9 0
    endloop
  endfacet
  facet normal 0 0 -1
    outer loop
      vertex 3.5 -16.3 0
      vertex 13.8434 -16.8897 0
      vertex 27.5 -20 0
    endloop
  endfacet
  facet normal 0 0 -1
    outer loop
      vertex 14 16.3 0
      vertex 12.1897 15.5434 0
      vertex 12.2 15.7 0
    endloop
  endfacet
  facet normal 0 0 -1
    outer loop
      vertex 12.8103 -15.5434 0
      vertex 12.1591 15.3894 0
      vertex 12.1897 15.5434 0
    endloop
  endfacet
  facet normal 0 0 -1
    outer loop
      vertex 12.8103 -15.5434 0
      vertex 12.1087 15.2408 0
      vertex 12.1591 15.3894 0
    endloop
  endfacet
  facet normal 0 0 -1
    outer loop
      vertex 12.8103 -15.5434 0
      vertex 12.0392 15.1 0
      vertex 12.1087 15.2408 0
    endloop
  endfacet
  facet normal 0 0 -1
    outer loop
      vertex 12.8103 -15.5434 0
      vertex 11.952 14.9695 0
      vertex 12.0392 15.1 0
    endloop
  endfacet
  facet normal 0 0 -1
    outer loop
      vertex 11.5 -13.7 0
      vertex 11.952 14.9695 0
      vertex 12.8103 -15.5434 0
    endloop
  endfacet
  facet normal 0 0 -1
    outer loop
      vertex 11.952 14.9695 0
      vertex 11.5 -13.7 0
      vertex 11.8485 14.8515 0
    endloop
  endfacet
  facet normal 0 0 -1
    outer loop
      vertex 7.31231 8.29957 0
      vertex 11.8485 14.8515 0
      vertex 11.5 -13.7 0
    endloop
  endfacet
  facet normal 0 0 -1
    outer loop
      vertex 11.5 -13.7 0
      vertex 12.8103 -15.5434 0
      vertex 11.5 -16.3 0
    endloop
  endfacet
  facet normal -0 0 -1
    outer loop
      vertex 12.8103 -15.8566 0
      vertex 11.5 -16.3 0
      vertex 12.8 -15.7 0
    endloop
  endfacet
  facet normal -0 0 -1
    outer loop
      vertex 12.8409 -16.0106 0
      vertex 11.5 -16.3 0
      vertex 12.8103 -15.8566 0
    endloop
  endfacet
  facet normal -0 0 -1
    outer loop
      vertex 12.8913 -16.1592 0
      vertex 11.5 -16.3 0
      vertex 12.8409 -16.0106 0
    endloop
  endfacet
  facet normal 0 0 -1
    outer loop
      vertex 12.9608 -16.3 0
      vertex 11.5 -16.3 0
      vertex 12.8913 -16.1592 0
    endloop
  endfacet
  facet normal 0 0 -1
    outer loop
      vertex 13.048 -16.4305 0
      vertex 11.5 -16.3 0
      vertex 12.9608 -16.3 0
    endloop
  endfacet
  facet normal 0 0 -1
    outer loop
      vertex 13.1515 -16.5485 0
      vertex 11.5 -16.3 0
      vertex 13.048 -16.4305 0
    endloop
  endfacet
  facet normal 0 0 -1
    outer loop
      vertex 13.2695 -16.652 0
      vertex 11.5 -16.3 0
      vertex 13.1515 -16.5485 0
    endloop
  endfacet
  facet normal 0 0 -1
    outer loop
      vertex 13.4 -16.7392 0
      vertex 11.5 -16.3 0
      vertex 13.2695 -16.652 0
    endloop
  endfacet
  facet normal 0 0 -1
    outer loop
      vertex 13.5408 -16.8087 0
      vertex 11.5 -16.3 0
      vertex 13.4 -16.7392 0
    endloop
  endfacet
  facet normal 0 0 -1
    outer loop
      vertex 13.6894 -16.8591 0
      vertex 11.5 -16.3 0
      vertex 13.5408 -16.8087 0
    endloop
  endfacet
  facet normal 0 0 -1
    outer loop
      vertex 13.6894 -16.8591 0
      vertex 3.5 -16.3 0
      vertex 11.5 -16.3 0
    endloop
  endfacet
  facet normal 0 0 -1
    outer loop
      vertex 13.8434 -16.8897 0
      vertex 3.5 -16.3 0
      vertex 13.6894 -16.8591 0
    endloop
  endfacet
  facet normal 0 0 -1
    outer loop
      vertex -3.5 -16.3 0
      vertex 3.5 -13.7 0
      vertex 3.5 -16.3 0
    endloop
  endfacet
  facet normal 0 0 -1
    outer loop
      vertex 3.5 -13.7 0
      vertex 2.75053 4.79919 0
      vertex 3.48821 4.94593 0
    endloop
  endfacet
  facet normal 0 0 -1
    outer loop
      vertex 3.5 -13.7 0
      vertex 2 4.75 0
      vertex 2.75053 4.79919 0
    endloop
  endfacet
  facet normal 0 0 -1
    outer loop
      vertex 3.5 -13.7 0
      vertex 1.24947 4.79919 0
      vertex 2 4.75 0
    endloop
  endfacet
  facet normal 0 0 -1
    outer loop
      vertex -3.5 -13.7 0
      vertex 3.5 -13.7 0
      vertex -3.5 -16.3 0
    endloop
  endfacet
  facet normal 0 0 -1
    outer loop
      vertex -3.5 -13.7 0
      vertex 1.24947 4.79919 0
      vertex 3.5 -13.7 0
    endloop
  endfacet
  facet normal -0 0 -1
    outer loop
      vertex 1.24947 4.79919 0
      vertex -3.5 -13.7 0
      vertex 0.51179 4.94593 0
    endloop
  endfacet
  facet normal -0 0 -1
    outer loop
      vertex 0.51179 4.94593 0
      vertex -3.5 -13.7 0
      vertex -0.200429 5.18769 0
    endloop
  endfacet
  facet normal -0 0 -1
    outer loop
      vertex -0.200429 5.18769 0
      vertex -3.5 -13.7 0
      vertex -0.875 5.52035 0
    endloop
  endfacet
  facet normal 0 0 -1
    outer loop
      vertex -15.7 0 0
      vertex -0.875 5.52035 0
      vertex -3.5 -13.7 0
    endloop
  endfacet
  facet normal -0 0 -1
    outer loop
      vertex -0.875 5.52035 0
      vertex -15.7 0 0
      vertex -1.50038 5.93822 0
    endloop
  endfacet
  facet normal 0 -0 -1
    outer loop
      vertex -12.4996 5.93822 0
      vertex -1.50038 5.93822 0
      vertex -15.7 0 0
    endloop
  endfacet
  facet normal 0 0 -1
    outer loop
      vertex -1.50038 5.93822 0
      vertex -12.4996 5.93822 0
      vertex -2.06586 6.43414 0
    endloop
  endfacet
  facet normal 0 0 -1
    outer loop
      vertex 27.5 -20 0
      vertex -3.5 -16.3 0
      vertex 3.5 -16.3 0
    endloop
  endfacet
  facet normal 0 0 -1
    outer loop
      vertex -27.5 -20 0
      vertex -3.5 -16.3 0
      vertex 27.5 -20 0
    endloop
  endfacet
  facet normal 0 0 -1
    outer loop
      vertex -12.8103 -15.5434 0
      vertex -11.5 -16.3 0
      vertex -12.8 -15.7 0
    endloop
  endfacet
  facet normal 0 0 -1
    outer loop
      vertex -2.56178 6.99962 0
      vertex -11.4382 6.99962 0
      vertex -2.97965 7.625 0
    endloop
  endfacet
  facet normal 0 0 -1
    outer loop
      vertex -12.8409 -15.3894 0
      vertex -11.5 -16.3 0
      vertex -12.8103 -15.5434 0
    endloop
  endfacet
  facet normal 0 0 -1
    outer loop
      vertex -11.5 -16.3 0
      vertex -12.8103 -15.8566 0
      vertex -12.8 -15.7 0
    endloop
  endfacet
  facet normal 0 0 -1
    outer loop
      vertex -11.5 -16.3 0
      vertex -12.8409 -16.0106 0
      vertex -12.8103 -15.8566 0
    endloop
  endfacet
  facet normal 0 0 -1
    outer loop
      vertex -11.5 -16.3 0
      vertex -12.8913 -16.1592 0
      vertex -12.8409 -16.0106 0
    endloop
  endfacet
  facet normal 0 0 -1
    outer loop
      vertex -11.5 -16.3 0
      vertex -12.9608 -16.3 0
      vertex -12.8913 -16.1592 0
    endloop
  endfacet
  facet normal -0 0 -1
    outer loop
      vertex -3.5 -16.3 0
      vertex -13.6894 -16.8591 0
      vertex -11.5 -16.3 0
    endloop
  endfacet
  facet normal -0 0 -1
    outer loop
      vertex -11.5 -16.3 0
      vertex -13.048 -16.4305 0
      vertex -12.9608 -16.3 0
    endloop
  endfacet
  facet normal 0 0 -1
    outer loop
      vertex -11.5 -16.3 0
      vertex -13.1515 -16.5485 0
      vertex -13.048 -16.4305 0
    endloop
  endfacet
  facet normal 0 0 -1
    outer loop
      vertex -11.5 -16.3 0
      vertex -13.2695 -16.652 0
      vertex -13.1515 -16.5485 0
    endloop
  endfacet
  facet normal 0 0 -1
    outer loop
      vertex -11.5 -16.3 0
      vertex -13.4 -16.7392 0
      vertex -13.2695 -16.652 0
    endloop
  endfacet
  facet normal 0 0 -1
    outer loop
      vertex -11.5 -16.3 0
      vertex -13.5408 -16.8087 0
      vertex -13.4 -16.7392 0
    endloop
  endfacet
  facet normal 0 0 -1
    outer loop
      vertex -11.5 -16.3 0
      vertex -13.6894 -16.8591 0
      vertex -13.5408 -16.8087 0
    endloop
  endfacet
  facet normal 0 0 -1
    outer loop
      vertex -3.5 -16.3 0
      vertex -13.8434 -16.8897 0
      vertex -13.6894 -16.8591 0
    endloop
  endfacet
  facet normal 0 0 -1
    outer loop
      vertex -3.5 -16.3 0
      vertex -27.5 -20 0
      vertex -13.8434 -16.8897 0
    endloop
  endfacet
  facet normal 0 0 -1
    outer loop
      vertex -13.8434 -16.8897 0
      vertex -27.5 -20 0
      vertex -14 -16.9 0
    endloop
  endfacet
  facet normal 0 0 -1
    outer loop
      vertex -15.7 4 0
      vertex -14.5118 4.94593 0
      vertex -15.7 0 0
    endloop
  endfacet
  facet normal 0 0 -1
    outer loop
      vertex -14.6 -14.6608 0
      vertex -21.7 0 0
      vertex -15.7 0 0
    endloop
  endfacet
  facet normal 0 0 -1
    outer loop
      vertex -27.5 -20 0
      vertex -15.2 -15.7 0
      vertex -15.1897 -15.8566 0
    endloop
  endfacet
  facet normal 0 0 -1
    outer loop
      vertex -27.5 -20 0
      vertex -15.1897 -15.8566 0
      vertex -15.1591 -16.0106 0
    endloop
  endfacet
  facet normal 0 0 -1
    outer loop
      vertex -27.5 -20 0
      vertex -15.1591 -16.0106 0
      vertex -15.1087 -16.1592 0
    endloop
  endfacet
  facet normal 0 0 -1
    outer loop
      vertex -31.5 16 0
      vertex -21.7 4 0
      vertex -21.7 0 0
    endloop
  endfacet
  facet normal 0 0 -1
    outer loop
      vertex -21.5541 9.01179 0
      vertex -31.5 16 0
      vertex -21.7008 9.74947 0
    endloop
  endfacet
  facet normal -0 0 -1
    outer loop
      vertex -15.0392 -15.1 0
      vertex -31.5 -16 0
      vertex -21.7 0 0
    endloop
  endfacet
  facet normal 0 0 -1
    outer loop
      vertex -15.1087 -15.2408 0
      vertex -27.5 -20 0
      vertex -31.5 -16 0
    endloop
  endfacet
  facet normal -0 0 -1
    outer loop
      vertex -15.0392 -16.3 0
      vertex -27.5 -20 0
      vertex -15.1087 -16.1592 0
    endloop
  endfacet
  facet normal -0 0 -1
    outer loop
      vertex -14.952 -16.4305 0
      vertex -27.5 -20 0
      vertex -15.0392 -16.3 0
    endloop
  endfacet
  facet normal -0 0 -1
    outer loop
      vertex -14.8485 -16.5485 0
      vertex -27.5 -20 0
      vertex -14.952 -16.4305 0
    endloop
  endfacet
  facet normal -0 0 -1
    outer loop
      vertex -14.7305 -16.652 0
      vertex -27.5 -20 0
      vertex -14.8485 -16.5485 0
    endloop
  endfacet
  facet normal -0 0 -1
    outer loop
      vertex -14.6 -16.7392 0
      vertex -27.5 -20 0
      vertex -14.7305 -16.652 0
    endloop
  endfacet
  facet normal -0 0 -1
    outer loop
      vertex -14.4592 -16.8087 0
      vertex -27.5 -20 0
      vertex -14.6 -16.7392 0
    endloop
  endfacet
  facet normal -0 0 -1
    outer loop
      vertex -14.3106 -16.8591 0
      vertex -27.5 -20 0
      vertex -14.4592 -16.8087 0
    endloop
  endfacet
  facet normal -0 0 -1
    outer loop
      vertex -14.1566 -16.8897 0
      vertex -27.5 -20 0
      vertex -14.3106 -16.8591 0
    endloop
  endfacet
  facet normal -0 0 -1
    outer loop
      vertex -14 -16.9 0
      vertex -27.5 -20 0
      vertex -14.1566 -16.8897 0
    endloop
  endfacet
  facet normal 0 0 -1
    outer loop
      vertex 31.4658 16.5221 0
      vertex 27.5 20 0
      vertex 31.3637 17.0353 0
    endloop
  endfacet
  facet normal 0 0 -1
    outer loop
      vertex 14 16.3 0
      vertex 27.5 20 0
      vertex 22 16.3 0
    endloop
  endfacet
  facet normal 0 0 -1
    outer loop
      vertex 13.5408 -14.5913 0
      vertex 14 13.7 0
      vertex 13.6894 -14.5409 0
    endloop
  endfacet
  facet normal 0 0 -1
    outer loop
      vertex 13.4 -14.6608 0
      vertex 14 13.7 0
      vertex 13.5408 -14.5913 0
    endloop
  endfacet
  facet normal 0 0 -1
    outer loop
      vertex 13.2695 -14.748 0
      vertex 14 13.7 0
      vertex 13.4 -14.6608 0
    endloop
  endfacet
  facet normal 0 0 -1
    outer loop
      vertex 13.1515 -14.8515 0
      vertex 14 13.7 0
      vertex 13.2695 -14.748 0
    endloop
  endfacet
  facet normal 0 0 -1
    outer loop
      vertex 12.1897 15.5434 0
      vertex 14 13.7 0
      vertex 13.1515 -14.8515 0
    endloop
  endfacet
  facet normal 0 0 -1
    outer loop
      vertex 12.1897 15.5434 0
      vertex 13.1515 -14.8515 0
      vertex 13.048 -14.9695 0
    endloop
  endfacet
  facet normal 0 0 -1
    outer loop
      vertex 12.1897 15.5434 0
      vertex 13.048 -14.9695 0
      vertex 12.9608 -15.1 0
    endloop
  endfacet
  facet normal 0 0 -1
    outer loop
      vertex 12.1897 15.5434 0
      vertex 12.9608 -15.1 0
      vertex 12.8913 -15.2408 0
    endloop
  endfacet
  facet normal 0 0 -1
    outer loop
      vertex 12.1897 15.5434 0
      vertex 12.8913 -15.2408 0
      vertex 12.8409 -15.3894 0
    endloop
  endfacet
  facet normal 0 0 -1
    outer loop
      vertex 12.1897 15.5434 0
      vertex 12.8409 -15.3894 0
      vertex 12.8103 -15.5434 0
    endloop
  endfacet
  facet normal 0 0 -1
    outer loop
      vertex 11.5 -16.3 0
      vertex 12.8103 -15.5434 0
      vertex 12.8 -15.7 0
    endloop
  endfacet
  facet normal 0 0 -1
    outer loop
      vertex 12.1897 15.5434 0
      vertex 14 16.3 0
      vertex 14 13.7 0
    endloop
  endfacet
  facet normal 0 0 -1
    outer loop
      vertex 12.1897 15.8566 0
      vertex 14 16.3 0
      vertex 12.2 15.7 0
    endloop
  endfacet
  facet normal 0 0 -1
    outer loop
      vertex 12.1591 16.0106 0
      vertex 14 16.3 0
      vertex 12.1897 15.8566 0
    endloop
  endfacet
  facet normal 0 0 -1
    outer loop
      vertex 12.1087 16.1592 0
      vertex 14 16.3 0
      vertex 12.1591 16.0106 0
    endloop
  endfacet
  facet normal 0 0 -1
    outer loop
      vertex 12.0392 16.3 0
      vertex 14 16.3 0
      vertex 12.1087 16.1592 0
    endloop
  endfacet
  facet normal 0 0 -1
    outer loop
      vertex 11.952 16.4305 0
      vertex 14 16.3 0
      vertex 12.0392 16.3 0
    endloop
  endfacet
  facet normal 0 0 -1
    outer loop
      vertex 11.8485 16.5485 0
      vertex 14 16.3 0
      vertex 11.952 16.4305 0
    endloop
  endfacet
  facet normal 0 0 -1
    outer loop
      vertex 11.7305 16.652 0
      vertex 14 16.3 0
      vertex 11.8485 16.5485 0
    endloop
  endfacet
  facet normal 0 0 -1
    outer loop
      vertex 11.6 16.7392 0
      vertex 14 16.3 0
      vertex 11.7305 16.652 0
    endloop
  endfacet
  facet normal 0 0 -1
    outer loop
      vertex 11.4592 16.8087 0
      vertex 14 16.3 0
      vertex 11.6 16.7392 0
    endloop
  endfacet
  facet normal 0 0 -1
    outer loop
      vertex 11.3106 16.8591 0
      vertex 14 16.3 0
      vertex 11.4592 16.8087 0
    endloop
  endfacet
  facet normal 0 0 -1
    outer loop
      vertex 14 16.3 0
      vertex 11.3106 16.8591 0
      vertex 27.5 20 0
    endloop
  endfacet
  facet normal 0 0 -1
    outer loop
      vertex 11.1566 16.8897 0
      vertex 27.5 20 0
      vertex 11.3106 16.8591 0
    endloop
  endfacet
  facet normal 0 0 -1
    outer loop
      vertex 11 16.9 0
      vertex 27.5 20 0
      vertex 11.1566 16.8897 0
    endloop
  endfacet
  facet normal 0 0 -1
    outer loop
      vertex 10.8434 16.8897 0
      vertex 27.5 20 0
      vertex 11 16.9 0
    endloop
  endfacet
  facet normal -0 0 -1
    outer loop
      vertex 9.96077 15.1 0
      vertex 6.97965 13.375 0
      vertex 9.89135 15.2408 0
    endloop
  endfacet
  facet normal 0 0 -1
    outer loop
      vertex 6.56178 14.0004 0
      vertex 9.89135 15.2408 0
      vertex 6.97965 13.375 0
    endloop
  endfacet
  facet normal -0 0 -1
    outer loop
      vertex 9.89135 15.2408 0
      vertex 6.56178 14.0004 0
      vertex 9.84089 15.3894 0
    endloop
  endfacet
  facet normal -0 0 -1
    outer loop
      vertex 9.84089 15.3894 0
      vertex 6.56178 14.0004 0
      vertex 9.81027 15.5434 0
    endloop
  endfacet
  facet normal -0 0 -1
    outer loop
      vertex 9.81027 15.5434 0
      vertex 6.56178 14.0004 0
      vertex 9.8 15.7 0
    endloop
  endfacet
  facet normal 0 0 -1
    outer loop
      vertex 6.06586 14.5659 0
      vertex 9.8 15.7 0
      vertex 6.56178 14.0004 0
    endloop
  endfacet
  facet normal -0 0 -1
    outer loop
      vertex 9.8 15.7 0
      vertex 6.06586 14.5659 0
      vertex 9.81027 15.8566 0
    endloop
  endfacet
  facet normal -0 0 -1
    outer loop
      vertex 9.81027 15.8566 0
      vertex 6.06586 14.5659 0
      vertex 9.84089 16.0106 0
    endloop
  endfacet
  facet normal 0 0 -1
    outer loop
      vertex 5.50038 15.0618 0
      vertex 9.84089 16.0106 0
      vertex 6.06586 14.5659 0
    endloop
  endfacet
  facet normal -0 0 -1
    outer loop
      vertex 9.84089 16.0106 0
      vertex 5.50038 15.0618 0
      vertex 9.89135 16.1592 0
    endloop
  endfacet
  facet normal -0 0 -1
    outer loop
      vertex 9.89135 16.1592 0
      vertex 5.50038 15.0618 0
      vertex 9.96077 16.3 0
    endloop
  endfacet
  facet normal 0 0 -1
    outer loop
      vertex 4.875 15.4796 0
      vertex 9.96077 16.3 0
      vertex 5.50038 15.0618 0
    endloop
  endfacet
  facet normal -0 0 -1
    outer loop
      vertex 9.96077 16.3 0
      vertex 4.875 15.4796 0
      vertex 10.048 16.4305 0
    endloop
  endfacet
  facet normal -0 0 -1
    outer loop
      vertex 10.048 16.4305 0
      vertex 4.875 15.4796 0
      vertex 10.1515 16.5485 0
    endloop
  endfacet
  facet normal 0 0 -1
    outer loop
      vertex 4.20043 15.8123 0
      vertex 10.1515 16.5485 0
      vertex 4.875 15.4796 0
    endloop
  endfacet
  facet normal -0 0 -1
    outer loop
      vertex 10.1515 16.5485 0
      vertex 4.20043 15.8123 0
      vertex 10.2695 16.652 0
    endloop
  endfacet
  facet normal -0 0 -1
    outer loop
      vertex 10.2695 16.652 0
      vertex 4.20043 15.8123 0
      vertex 10.4 16.7392 0
    endloop
  endfacet
  facet normal 0 0 -1
    outer loop
      vertex 3.48821 16.0541 0
      vertex 10.4 16.7392 0
      vertex 4.20043 15.8123 0
    endloop
  endfacet
  facet normal -0 0 -1
    outer loop
      vertex 10.4 16.7392 0
      vertex 3.48821 16.0541 0
      vertex 10.5408 16.8087 0
    endloop
  endfacet
  facet normal 0 0 -1
    outer loop
      vertex 2.75053 16.2008 0
      vertex 10.5408 16.8087 0
      vertex 3.48821 16.0541 0
    endloop
  endfacet
  facet normal -0 0 -1
    outer loop
      vertex 10.5408 16.8087 0
      vertex 2.75053 16.2008 0
      vertex 10.6894 16.8591 0
    endloop
  endfacet
  facet normal 0 0 -1
    outer loop
      vertex 2 16.25 0
      vertex 10.6894 16.8591 0
      vertex 2.75053 16.2008 0
    endloop
  endfacet
  facet normal -0 0 -1
    outer loop
      vertex 10.6894 16.8591 0
      vertex 2 16.25 0
      vertex 10.8434 16.8897 0
    endloop
  endfacet
  facet normal 0 0 -1
    outer loop
      vertex -7.34337 16.8897 0
      vertex 10.8434 16.8897 0
      vertex 2 16.25 0
    endloop
  endfacet
  facet normal 0 0 -1
    outer loop
      vertex -2.7 16.3 0
      vertex 2 16.25 0
      vertex 1.24947 16.2008 0
    endloop
  endfacet
  facet normal 0 0 -1
    outer loop
      vertex -2.7 16.3 0
      vertex -2.56178 14.0004 0
      vertex -2.7 13.7935 0
    endloop
  endfacet
  facet normal 0 0 -1
    outer loop
      vertex -2.7 16.3 0
      vertex -2.06586 14.5659 0
      vertex -2.56178 14.0004 0
    endloop
  endfacet
  facet normal 0 0 -1
    outer loop
      vertex -2.7 16.3 0
      vertex -1.50038 15.0618 0
      vertex -2.06586 14.5659 0
    endloop
  endfacet
  facet normal 0 0 -1
    outer loop
      vertex -2.7 16.3 0
      vertex -0.875 15.4796 0
      vertex -1.50038 15.0618 0
    endloop
  endfacet
  facet normal 0 0 -1
    outer loop
      vertex -2.7 16.3 0
      vertex -0.200429 15.8123 0
      vertex -0.875 15.4796 0
    endloop
  endfacet
  facet normal 0 0 -1
    outer loop
      vertex -2.7 16.3 0
      vertex 0.51179 16.0541 0
      vertex -0.200429 15.8123 0
    endloop
  endfacet
  facet normal 0 0 -1
    outer loop
      vertex -2.7 16.3 0
      vertex 1.24947 16.2008 0
      vertex 0.51179 16.0541 0
    endloop
  endfacet
  facet normal 0 0 -1
    outer loop
      vertex 2 16.25 0
      vertex -2.7 16.3 0
      vertex -7.34337 16.8897 0
    endloop
  endfacet
  facet normal 0 0 -1
    outer loop
      vertex -7.04078 16.8087 0
      vertex -2.7 16.3 0
      vertex -4.7 16.3 0
    endloop
  endfacet
  facet normal 0 0 -1
    outer loop
      vertex -6.31027 15.8566 0
      vertex -4.7 16.3 0
      vertex -6.3 15.7 0
    endloop
  endfacet
  facet normal 0 0 -1
    outer loop
      vertex -6.34089 16.0106 0
      vertex -4.7 16.3 0
      vertex -6.31027 15.8566 0
    endloop
  endfacet
  facet normal 0 0 -1
    outer loop
      vertex -6.39135 16.1592 0
      vertex -4.7 16.3 0
      vertex -6.34089 16.0106 0
    endloop
  endfacet
  facet normal 0 0 -1
    outer loop
      vertex -6.46077 16.3 0
      vertex -4.7 16.3 0
      vertex -6.39135 16.1592 0
    endloop
  endfacet
  facet normal 0 0 -1
    outer loop
      vertex -6.54798 16.4305 0
      vertex -4.7 16.3 0
      vertex -6.46077 16.3 0
    endloop
  endfacet
  facet normal 0 0 -1
    outer loop
      vertex -6.65147 16.5485 0
      vertex -4.7 16.3 0
      vertex -6.54798 16.4305 0
    endloop
  endfacet
  facet normal 0 0 -1
    outer loop
      vertex -6.76949 16.652 0
      vertex -4.7 16.3 0
      vertex -6.65147 16.5485 0
    endloop
  endfacet
  facet normal 0 0 -1
    outer loop
      vertex -6.9 16.7392 0
      vertex -4.7 16.3 0
      vertex -6.76949 16.652 0
    endloop
  endfacet
  facet normal 0 0 -1
    outer loop
      vertex -7.04078 16.8087 0
      vertex -4.7 16.3 0
      vertex -6.9 16.7392 0
    endloop
  endfacet
  facet normal 0 0 -1
    outer loop
      vertex -2.7 16.3 0
      vertex -7.04078 16.8087 0
      vertex -7.18942 16.8591 0
    endloop
  endfacet
  facet normal 0 0 -1
    outer loop
      vertex -7.34337 16.8897 0
      vertex -2.7 16.3 0
      vertex -7.18942 16.8591 0
    endloop
  endfacet
  facet normal 0 0 -1
    outer loop
      vertex 10.8434 16.8897 0
      vertex -7.34337 16.8897 0
      vertex 27.5 20 0
    endloop
  endfacet
  facet normal 0 0 -1
    outer loop
      vertex -7.5 16.9 0
      vertex 27.5 20 0
      vertex -7.34337 16.8897 0
    endloop
  endfacet
  facet normal 0 0 -1
    outer loop
      vertex -27.5 20 0
      vertex -7.5 16.9 0
      vertex -7.65663 16.8897 0
    endloop
  endfacet
  facet normal -0 0 -1
    outer loop
      vertex -8.53923 15.1 0
      vertex -11.0204 13.375 0
      vertex -8.60865 15.2408 0
    endloop
  endfacet
  facet normal 0 0 -1
    outer loop
      vertex -11.4382 14.0004 0
      vertex -8.60865 15.2408 0
      vertex -11.0204 13.375 0
    endloop
  endfacet
  facet normal -0 0 -1
    outer loop
      vertex -8.60865 15.2408 0
      vertex -11.4382 14.0004 0
      vertex -8.65911 15.3894 0
    endloop
  endfacet
  facet normal -0 0 -1
    outer loop
      vertex -8.65911 15.3894 0
      vertex -11.4382 14.0004 0
      vertex -8.68973 15.5434 0
    endloop
  endfacet
  facet normal 0 0 -1
    outer loop
      vertex -11.9341 14.5659 0
      vertex -8.68973 15.5434 0
      vertex -11.4382 14.0004 0
    endloop
  endfacet
  facet normal -0 0 -1
    outer loop
      vertex -8.68973 15.5434 0
      vertex -11.9341 14.5659 0
      vertex -8.7 15.7 0
    endloop
  endfacet
  facet normal -0 0 -1
    outer loop
      vertex -8.7 15.7 0
      vertex -11.9341 14.5659 0
      vertex -8.68973 15.8566 0
    endloop
  endfacet
  facet normal -0 0 -1
    outer loop
      vertex -8.68973 15.8566 0
      vertex -11.9341 14.5659 0
      vertex -8.65911 16.0106 0
    endloop
  endfacet
  facet normal 0 0 -1
    outer loop
      vertex -12.4996 15.0618 0
      vertex -8.65911 16.0106 0
      vertex -11.9341 14.5659 0
    endloop
  endfacet
  facet normal -0 0 -1
    outer loop
      vertex -8.65911 16.0106 0
      vertex -12.4996 15.0618 0
      vertex -8.60865 16.1592 0
    endloop
  endfacet
  facet normal -0 0 -1
    outer loop
      vertex -8.60865 16.1592 0
      vertex -12.4996 15.0618 0
      vertex -8.53923 16.3 0
    endloop
  endfacet
  facet normal 0 0 -1
    outer loop
      vertex -13.125 15.4796 0
      vertex -8.53923 16.3 0
      vertex -12.4996 15.0618 0
    endloop
  endfacet
  facet normal -0 0 -1
    outer loop
      vertex -8.53923 16.3 0
      vertex -13.125 15.4796 0
      vertex -8.45202 16.4305 0
    endloop
  endfacet
  facet normal -0 0 -1
    outer loop
      vertex -8.45202 16.4305 0
      vertex -13.125 15.4796 0
      vertex -8.34853 16.5485 0
    endloop
  endfacet
  facet normal 0 0 -1
    outer loop
      vertex -13.7996 15.8123 0
      vertex -8.34853 16.5485 0
      vertex -13.125 15.4796 0
    endloop
  endfacet
  facet normal -0 0 -1
    outer loop
      vertex -8.34853 16.5485 0
      vertex -13.7996 15.8123 0
      vertex -8.23051 16.652 0
    endloop
  endfacet
  facet normal -0 0 -1
    outer loop
      vertex -8.23051 16.652 0
      vertex -13.7996 15.8123 0
      vertex -8.1 16.7392 0
    endloop
  endfacet
  facet normal 0 0 -1
    outer loop
      vertex -14.5118 16.0541 0
      vertex -8.1 16.7392 0
      vertex -13.7996 15.8123 0
    endloop
  endfacet
  facet normal -0 0 -1
    outer loop
      vertex -8.1 16.7392 0
      vertex -14.5118 16.0541 0
      vertex -7.95922 16.8087 0
    endloop
  endfacet
  facet normal 0 0 -1
    outer loop
      vertex -15.2495 16.2008 0
      vertex -7.95922 16.8087 0
      vertex -14.5118 16.0541 0
    endloop
  endfacet
  facet normal -0 0 -1
    outer loop
      vertex -7.95922 16.8087 0
      vertex -15.2495 16.2008 0
      vertex -7.81058 16.8591 0
    endloop
  endfacet
  facet normal 0 0 -1
    outer loop
      vertex -16 16.25 0
      vertex -7.81058 16.8591 0
      vertex -15.2495 16.2008 0
    endloop
  endfacet
  facet normal 0 0 -1
    outer loop
      vertex -27.5 20 0
      vertex -7.81058 16.8591 0
      vertex -16 16.25 0
    endloop
  endfacet
  facet normal 0 0 -1
    outer loop
      vertex -7.81058 16.8591 0
      vertex -27.5 20 0
      vertex -7.65663 16.8897 0
    endloop
  endfacet
  facet normal 0 0 -1
    outer loop
      vertex -27.5 20 0
      vertex -16 16.25 0
      vertex -16.7505 16.2008 0
    endloop
  endfacet
  facet normal 0 0 -1
    outer loop
      vertex -31.5 16 0
      vertex -21.7 0 0
      vertex -31.5 -16 0
    endloop
  endfacet
  facet normal 0 0 -1
    outer loop
      vertex -7.5 16.9 0
      vertex -27.5 20 0
      vertex 27.5 20 0
    endloop
  endfacet
  facet normal 0 0 -1
    outer loop
      vertex -17.4882 16.0541 0
      vertex -27.5 20 0
      vertex -16.7505 16.2008 0
    endloop
  endfacet
  facet normal 0 0 -1
    outer loop
      vertex -18.2004 15.8123 0
      vertex -27.5 20 0
      vertex -17.4882 16.0541 0
    endloop
  endfacet
  facet normal 0 0 -1
    outer loop
      vertex -18.875 15.4796 0
      vertex -27.5 20 0
      vertex -18.2004 15.8123 0
    endloop
  endfacet
  facet normal 0 0 -1
    outer loop
      vertex -19.5004 15.0618 0
      vertex -27.5 20 0
      vertex -18.875 15.4796 0
    endloop
  endfacet
  facet normal 0 0 -1
    outer loop
      vertex -20.0659 14.5659 0
      vertex -27.5 20 0
      vertex -19.5004 15.0618 0
    endloop
  endfacet
  facet normal 0 0 -1
    outer loop
      vertex -20.5618 14.0004 0
      vertex -27.5 20 0
      vertex -20.0659 14.5659 0
    endloop
  endfacet
  facet normal 0 0 -1
    outer loop
      vertex -20.9796 13.375 0
      vertex -27.5 20 0
      vertex -20.5618 14.0004 0
    endloop
  endfacet
  facet normal 0 0 -1
    outer loop
      vertex -21.3123 12.7004 0
      vertex -27.5 20 0
      vertex -20.9796 13.375 0
    endloop
  endfacet
  facet normal 0 0 -1
    outer loop
      vertex -31.5 16 0
      vertex -21.3123 12.7004 0
      vertex -21.5541 11.9882 0
    endloop
  endfacet
  facet normal 0 0 -1
    outer loop
      vertex -31.5 16 0
      vertex -21.5541 11.9882 0
      vertex -21.7008 11.2505 0
    endloop
  endfacet
  facet normal 0 0 -1
    outer loop
      vertex -21.7008 9.74947 0
      vertex -31.5 16 0
      vertex -21.75 10.5 0
    endloop
  endfacet
  facet normal 0 0 -1
    outer loop
      vertex -31.5 -16 0
      vertex -27.5 -20 0
      vertex -28.0221 -19.9658 0
    endloop
  endfacet
  facet normal 0 0 -1
    outer loop
      vertex -21.75 10.5 0
      vertex -31.5 16 0
      vertex -21.7008 11.2505 0
    endloop
  endfacet
  facet normal 0 0 -1
    outer loop
      vertex -31.5 -16 0
      vertex -28.0221 -19.9658 0
      vertex -28.5353 -19.8637 0
    endloop
  endfacet
  facet normal 0 0 -1
    outer loop
      vertex -21.3123 12.7004 0
      vertex -31.5 16 0
      vertex -27.5 20 0
    endloop
  endfacet
  facet normal 0 0 -1
    outer loop
      vertex -31.5 -16 0
      vertex -28.5353 -19.8637 0
      vertex -29.0307 -19.6955 0
    endloop
  endfacet
  facet normal 0 0 -1
    outer loop
      vertex -27.5 20 0
      vertex -31.5 16 0
      vertex -28.0221 19.9658 0
    endloop
  endfacet
  facet normal 0 0 -1
    outer loop
      vertex -31.5 -16 0
      vertex -29.0307 -19.6955 0
      vertex -29.5 -19.4641 0
    endloop
  endfacet
  facet normal 0 0 -1
    outer loop
      vertex -28.0221 19.9658 0
      vertex -31.5 16 0
      vertex -28.5353 19.8637 0
    endloop
  endfacet
  facet normal 0 0 -1
    outer loop
      vertex -31.5 -16 0
      vertex -29.5 -19.4641 0
      vertex -29.935 -19.1734 0
    endloop
  endfacet
  facet normal 0 0 -1
    outer loop
      vertex -28.5353 19.8637 0
      vertex -31.5 16 0
      vertex -29.0307 19.6955 0
    endloop
  endfacet
  facet normal 0 0 -1
    outer loop
      vertex -31.5 -16 0
      vertex -29.935 -19.1734 0
      vertex -30.3284 -18.8284 0
    endloop
  endfacet
  facet normal 0 0 -1
    outer loop
      vertex -29.0307 19.6955 0
      vertex -31.5 16 0
      vertex -29.5 19.4641 0
    endloop
  endfacet
  facet normal 0 0 -1
    outer loop
      vertex -31.5 -16 0
      vertex -30.3284 -18.8284 0
      vertex -30.6734 -18.435 0
    endloop
  endfacet
  facet normal 0 0 -1
    outer loop
      vertex -29.5 19.4641 0
      vertex -31.5 16 0
      vertex -29.935 19.1734 0
    endloop
  endfacet
  facet normal 0 0 -1
    outer loop
      vertex -31.5 -16 0
      vertex -30.6734 -18.435 0
      vertex -30.9641 -18 0
    endloop
  endfacet
  facet normal 0 0 -1
    outer loop
      vertex -29.935 19.1734 0
      vertex -31.5 16 0
      vertex -30.3284 18.8284 0
    endloop
  endfacet
  facet normal 0 0 -1
    outer loop
      vertex -31.5 -16 0
      vertex -30.9641 -18 0
      vertex -31.1955 -17.5307 0
    endloop
  endfacet
  facet normal 0 0 -1
    outer loop
      vertex -30.3284 18.8284 0
      vertex -31.5 16 0
      vertex -30.6734 18.435 0
    endloop
  endfacet
  facet normal 0 0 -1
    outer loop
      vertex -31.5 -16 0
      vertex -31.1955 -17.5307 0
      vertex -31.3637 -17.0353 0
    endloop
  endfacet
  facet normal 0 0 -1
    outer loop
      vertex -30.6734 18.435 0
      vertex -31.5 16 0
      vertex -30.9641 18 0
    endloop
  endfacet
  facet normal 0 0 -1
    outer loop
      vertex -31.5 -16 0
      vertex -31.3637 -17.0353 0
      vertex -31.4658 -16.5221 0
    endloop
  endfacet
  facet normal 0 0 -1
    outer loop
      vertex -30.9641 18 0
      vertex -31.5 16 0
      vertex -31.1955 17.5307 0
    endloop
  endfacet
  facet normal 0 0 -1
    outer loop
      vertex -31.1955 17.5307 0
      vertex -31.5 16 0
      vertex -31.3637 17.0353 0
    endloop
  endfacet
  facet normal 0 0 -1
    outer loop
      vertex -31.3637 17.0353 0
      vertex -31.5 16 0
      vertex -31.4658 16.5221 0
    endloop
  endfacet
  facet normal 0 0 -1
    outer loop
      vertex 15.1591 -15.3894 0
      vertex 27.5 -20 0
      vertex 15.1897 -15.5434 0
    endloop
  endfacet
  facet normal 0 0 -1
    outer loop
      vertex 15.1087 -15.2408 0
      vertex 27.5 -20 0
      vertex 15.1591 -15.3894 0
    endloop
  endfacet
  facet normal 0 0 -1
    outer loop
      vertex 31.5 -16 0
      vertex 15.1087 -15.2408 0
      vertex 15.0392 -15.1 0
    endloop
  endfacet
  facet normal 0 0 -1
    outer loop
      vertex 31.5 -16 0
      vertex 15.0392 -15.1 0
      vertex 14.952 -14.9695 0
    endloop
  endfacet
  facet normal 0 0 -1
    outer loop
      vertex 31.5 -16 0
      vertex 14.952 -14.9695 0
      vertex 14.8485 -14.8515 0
    endloop
  endfacet
  facet normal 0 0 -1
    outer loop
      vertex 31.5 -16 0
      vertex 14.8485 -14.8515 0
      vertex 14.7305 -14.748 0
    endloop
  endfacet
  facet normal 0 0 -1
    outer loop
      vertex 31.5 -16 0
      vertex 14.7305 -14.748 0
      vertex 22 13.7 0
    endloop
  endfacet
  facet normal 0 0 -1
    outer loop
      vertex 14.6 -14.6608 0
      vertex 22 13.7 0
      vertex 14.7305 -14.748 0
    endloop
  endfacet
  facet normal 0 0 -1
    outer loop
      vertex 14.4592 -14.5913 0
      vertex 22 13.7 0
      vertex 14.6 -14.6608 0
    endloop
  endfacet
  facet normal 0 0 -1
    outer loop
      vertex 14.3106 -14.5409 0
      vertex 22 13.7 0
      vertex 14.4592 -14.5913 0
    endloop
  endfacet
  facet normal 0 0 -1
    outer loop
      vertex 14 13.7 0
      vertex 14.3106 -14.5409 0
      vertex 14.1566 -14.5103 0
    endloop
  endfacet
  facet normal 0 0 -1
    outer loop
      vertex 14 13.7 0
      vertex 14.1566 -14.5103 0
      vertex 14 -14.5 0
    endloop
  endfacet
  facet normal 0 0 -1
    outer loop
      vertex 14.3106 -14.5409 0
      vertex 14 13.7 0
      vertex 22 13.7 0
    endloop
  endfacet
  facet normal 0 0 -1
    outer loop
      vertex 13.8434 -14.5103 0
      vertex 14 13.7 0
      vertex 14 -14.5 0
    endloop
  endfacet
  facet normal 0 0 -1
    outer loop
      vertex 13.6894 -14.5409 0
      vertex 14 13.7 0
      vertex 13.8434 -14.5103 0
    endloop
  endfacet
  facet normal 1 -0 0
    outer loop
      vertex -3.5 -16.3 0
      vertex -3.5 -13.7 -14.3
      vertex -3.5 -13.7 0
    endloop
  endfacet
  facet normal 1 0 0
    outer loop
      vertex -3.5 -13.7 -14.3
      vertex -3.5 -16.3 0
      vertex -3.5 -16.3 -14.3
    endloop
  endfacet
  facet normal 0 0 -1
    outer loop
      vertex -11.5 -16.3 -14.3
      vertex -3.5 -13.7 -14.3
      vertex -3.5 -16.3 -14.3
    endloop
  endfacet
  facet normal -0 0 -1
    outer loop
      vertex -3.5 -13.7 -14.3
      vertex -11.5 -16.3 -14.3
      vertex -11.5 -13.7 -14.3
    endloop
  endfacet
  facet normal 0 -1 0
    outer loop
      vertex -11.5 -16.3 -14.3
      vertex -3.5 -16.3 0
      vertex -11.5 -16.3 0
    endloop
  endfacet
  facet normal 0 -1 -0
    outer loop
      vertex -3.5 -16.3 0
      vertex -11.5 -16.3 -14.3
      vertex -3.5 -16.3 -14.3
    endloop
  endfacet
  facet normal 0 1 -0
    outer loop
      vertex -3.5 -13.7 -14.3
      vertex -11.5 -13.7 0
      vertex -3.5 -13.7 0
    endloop
  endfacet
  facet normal 0 1 0
    outer loop
      vertex -11.5 -13.7 0
      vertex -3.5 -13.7 -14.3
      vertex -11.5 -13.7 -14.3
    endloop
  endfacet
  facet normal -1 0 0
    outer loop
      vertex 3.5 -16.3 -14.3
      vertex 3.5 -13.7 0
      vertex 3.5 -13.7 -14.3
    endloop
  endfacet
  facet normal -1 -0 0
    outer loop
      vertex 3.5 -13.7 0
      vertex 3.5 -16.3 -14.3
      vertex 3.5 -16.3 0
    endloop
  endfacet
  facet normal 1 -0 0
    outer loop
      vertex 11.5 -16.3 0
      vertex 11.5 -13.7 -14.3
      vertex 11.5 -13.7 0
    endloop
  endfacet
  facet normal 1 0 0
    outer loop
      vertex 11.5 -13.7 -14.3
      vertex 11.5 -16.3 0
      vertex 11.5 -16.3 -14.3
    endloop
  endfacet
  facet normal 0 0 -1
    outer loop
      vertex 3.5 -16.3 -14.3
      vertex 11.5 -13.7 -14.3
      vertex 11.5 -16.3 -14.3
    endloop
  endfacet
  facet normal -0 0 -1
    outer loop
      vertex 11.5 -13.7 -14.3
      vertex 3.5 -16.3 -14.3
      vertex 3.5 -13.7 -14.3
    endloop
  endfacet
  facet normal 0 -1 0
    outer loop
      vertex 3.5 -16.3 -14.3
      vertex 11.5 -16.3 0
      vertex 3.5 -16.3 0
    endloop
  endfacet
  facet normal 0 -1 -0
    outer loop
      vertex 11.5 -16.3 0
      vertex 3.5 -16.3 -14.3
      vertex 11.5 -16.3 -14.3
    endloop
  endfacet
  facet normal 0 1 -0
    outer loop
      vertex 11.5 -13.7 -14.3
      vertex 3.5 -13.7 0
      vertex 11.5 -13.7 0
    endloop
  endfacet
  facet normal 0 1 0
    outer loop
      vertex 3.5 -13.7 0
      vertex 11.5 -13.7 -14.3
      vertex 3.5 -13.7 -14.3
    endloop
  endfacet
  facet normal -1 0 0
    outer loop
      vertex 14 13.7 -14.3
      vertex 14 16.3 0
      vertex 14 16.3 -14.3
    endloop
  endfacet
  facet normal -1 -0 0
    outer loop
      vertex 14 16.3 0
      vertex 14 13.7 -14.3
      vertex 14 13.7 0
    endloop
  endfacet
  facet normal 1 -0 0
    outer loop
      vertex 22 13.7 0
      vertex 22 16.3 -14.3
      vertex 22 16.3 0
    endloop
  endfacet
  facet normal 1 0 0
    outer loop
      vertex 22 16.3 -14.3
      vertex 22 13.7 0
      vertex 22 13.7 -14.3
    endloop
  endfacet
  facet normal 0 1 -0
    outer loop
      vertex 22 16.3 -14.3
      vertex 14 16.3 0
      vertex 22 16.3 0
    endloop
  endfacet
  facet normal 0 1 0
    outer loop
      vertex 14 16.3 0
      vertex 22 16.3 -14.3
      vertex 14 16.3 -14.3
    endloop
  endfacet
  facet normal 0 0 -1
    outer loop
      vertex 14 13.7 -14.3
      vertex 22 16.3 -14.3
      vertex 22 13.7 -14.3
    endloop
  endfacet
  facet normal -0 0 -1
    outer loop
      vertex 22 16.3 -14.3
      vertex 14 13.7 -14.3
      vertex 14 16.3 -14.3
    endloop
  endfacet
  facet normal 0 -1 0
    outer loop
      vertex 14 13.7 -14.3
      vertex 22 13.7 0
      vertex 14 13.7 0
    endloop
  endfacet
  facet normal 0 -1 -0
    outer loop
      vertex 22 13.7 0
      vertex 14 13.7 -14.3
      vertex 22 13.7 -14.3
    endloop
  endfacet
  facet normal -1 0 0
    outer loop
      vertex -4.7 13.7 -14.3
      vertex -4.7 16.3 0
      vertex -4.7 16.3 -14.3
    endloop
  endfacet
  facet normal -1 -0 0
    outer loop
      vertex -4.7 16.3 0
      vertex -4.7 13.7 -14.3
      vertex -4.7 13.7 0
    endloop
  endfacet
  facet normal 1 0 0
    outer loop
      vertex -2.7 13.7935 -2
      vertex -2.7 16.3 0
      vertex -2.7 13.7935 0
    endloop
  endfacet
  facet normal 1 0 0
    outer loop
      vertex -2.7 16.3 0
      vertex -2.7 13.7935 -2
      vertex -2.7 16.3 -14.3
    endloop
  endfacet
  facet normal 1 0 0
    outer loop
      vertex -2.7 13.7 -14.3
      vertex -2.7 13.7935 -2
      vertex -2.7 13.7 -2
    endloop
  endfacet
  facet normal 1 0 0
    outer loop
      vertex -2.7 13.7935 -2
      vertex -2.7 13.7 -14.3
      vertex -2.7 16.3 -14.3
    endloop
  endfacet
  facet normal 0 1 -0
    outer loop
      vertex -2.7 16.3 -14.3
      vertex -4.7 16.3 0
      vertex -2.7 16.3 0
    endloop
  endfacet
  facet normal 0 1 0
    outer loop
      vertex -4.7 16.3 0
      vertex -2.7 16.3 -14.3
      vertex -4.7 16.3 -14.3
    endloop
  endfacet
  facet normal 0 0 -1
    outer loop
      vertex -4.7 13.7 -14.3
      vertex -2.7 16.3 -14.3
      vertex -2.7 13.7 -14.3
    endloop
  endfacet
  facet normal -0 0 -1
    outer loop
      vertex -2.7 16.3 -14.3
      vertex -4.7 13.7 -14.3
      vertex -4.7 16.3 -14.3
    endloop
  endfacet
  facet normal 0 -1 0
    outer loop
      vertex -4.7 13.7 0
      vertex -2.76249 13.7 -2
      vertex -2.76249 13.7 0
    endloop
  endfacet
  facet normal 0 -1 0
    outer loop
      vertex -4.7 13.7 -14.3
      vertex -2.76249 13.7 -2
      vertex -4.7 13.7 0
    endloop
  endfacet
  facet normal 0 -1 0
    outer loop
      vertex -2.7 13.7 -14.3
      vertex -2.76249 13.7 -2
      vertex -4.7 13.7 -14.3
    endloop
  endfacet
  facet normal 0 -1 0
    outer loop
      vertex -2.76249 13.7 -2
      vertex -2.7 13.7 -14.3
      vertex -2.7 13.7 -2
    endloop
  endfacet
  facet normal -0 0 1
    outer loop
      vertex -16 7.5 3
      vertex -15.7 4 3
      vertex -15.6084 7.52567 3
    endloop
  endfacet
  facet normal 0 0 1
    outer loop
      vertex -16.3916 7.52567 3
      vertex -15.7 4 3
      vertex -16 7.5 3
    endloop
  endfacet
  facet normal 0 0 1
    outer loop
      vertex -16.7765 7.60222 3
      vertex -15.7 4 3
      vertex -16.3916 7.52567 3
    endloop
  endfacet
  facet normal 0 0 1
    outer loop
      vertex -17.148 7.72836 3
      vertex -15.7 4 3
      vertex -16.7765 7.60222 3
    endloop
  endfacet
  facet normal 0 0 1
    outer loop
      vertex -17.5 7.90192 3
      vertex -15.7 4 3
      vertex -17.148 7.72836 3
    endloop
  endfacet
  facet normal 0 0 1
    outer loop
      vertex -21.7 4 3
      vertex -17.5 7.90192 3
      vertex -17.8263 8.11994 3
    endloop
  endfacet
  facet normal 0 0 1
    outer loop
      vertex -21.7 4 3
      vertex -17.8263 8.11994 3
      vertex -18.1213 8.37868 3
    endloop
  endfacet
  facet normal 0 0 1
    outer loop
      vertex -21.7 4 3
      vertex -18.1213 8.37868 3
      vertex -18.3801 8.67372 3
    endloop
  endfacet
  facet normal 0 0 1
    outer loop
      vertex -21.7 4 3
      vertex -18.3801 8.67372 3
      vertex -18.5981 9 3
    endloop
  endfacet
  facet normal 0 0 1
    outer loop
      vertex -17.5 7.90192 3
      vertex -21.7 4 3
      vertex -15.7 4 3
    endloop
  endfacet
  facet normal 0 0 1
    outer loop
      vertex -18.7716 9.35195 3
      vertex -21.7 4 3
      vertex -18.5981 9 3
    endloop
  endfacet
  facet normal 0 0 1
    outer loop
      vertex -18.8978 9.72354 3
      vertex -21.7 4 3
      vertex -18.7716 9.35195 3
    endloop
  endfacet
  facet normal 0 0 1
    outer loop
      vertex -18.9743 10.1084 3
      vertex -21.7 4 3
      vertex -18.8978 9.72354 3
    endloop
  endfacet
  facet normal 0 0 1
    outer loop
      vertex -21.7 4 3
      vertex -18.9743 10.1084 3
      vertex -19 10.5 3
    endloop
  endfacet
  facet normal 0 0 1
    outer loop
      vertex -12.4514 -14.1514 3
      vertex -15.7 0 3
      vertex -12.4525 -14.1503 3
    endloop
  endfacet
  facet normal 0 0 1
    outer loop
      vertex -12.4525 -14.1503 3
      vertex -15.7 0 3
      vertex -12.6668 -13.9625 3
    endloop
  endfacet
  facet normal 0 0 1
    outer loop
      vertex -12.6668 -13.9625 3
      vertex -15.7 0 3
      vertex -12.9037 -13.8042 3
    endloop
  endfacet
  facet normal 0 0 1
    outer loop
      vertex -12.9037 -13.8042 3
      vertex -15.7 0 3
      vertex -12.905 -13.8033 3
    endloop
  endfacet
  facet normal 0 0 1
    outer loop
      vertex -12.905 -13.8033 3
      vertex -15.7 0 3
      vertex -13.1605 -13.6773 3
    endloop
  endfacet
  facet normal 0 0 1
    outer loop
      vertex -15.7 0 3
      vertex -13.2284 9.35195 3
      vertex -13.4019 9 3
    endloop
  endfacet
  facet normal 0 0 1
    outer loop
      vertex -13.1605 -13.6773 3
      vertex -15.7 0 3
      vertex -13.1619 -13.6766 3
    endloop
  endfacet
  facet normal 0 0 1
    outer loop
      vertex -13.1619 -13.6766 3
      vertex -15.7 0 3
      vertex -13.4317 -13.585 3
    endloop
  endfacet
  facet normal 0 0 1
    outer loop
      vertex -13.4317 -13.585 3
      vertex -15.7 0 3
      vertex -13.4332 -13.5845 3
    endloop
  endfacet
  facet normal 0 0 1
    outer loop
      vertex -15.7 0 3
      vertex -13.4019 9 3
      vertex -13.6199 8.67372 3
    endloop
  endfacet
  facet normal 0 0 1
    outer loop
      vertex -13.4332 -13.5845 3
      vertex -15.7 0 3
      vertex -13.4347 -13.5842 3
    endloop
  endfacet
  facet normal 0 0 1
    outer loop
      vertex -15.7 4 3
      vertex -13.6199 8.67372 3
      vertex -13.8787 8.37868 3
    endloop
  endfacet
  facet normal 0 0 1
    outer loop
      vertex -13.4347 -13.5842 3
      vertex -15.7 0 3
      vertex -13.7141 -13.5286 3
    endloop
  endfacet
  facet normal 0 0 1
    outer loop
      vertex -13.7141 -13.5286 3
      vertex -15.7 0 3
      vertex -13.9984 -13.51 3
    endloop
  endfacet
  facet normal 0 0 1
    outer loop
      vertex -13.9984 -13.51 3
      vertex -15.7 0 3
      vertex -14 -13.5099 3
    endloop
  endfacet
  facet normal 0 0 1
    outer loop
      vertex -15.7 4 3
      vertex -13.8787 8.37868 3
      vertex -14.1737 8.11994 3
    endloop
  endfacet
  facet normal 0 0 1
    outer loop
      vertex -14 -13.5099 3
      vertex -15.7 0 3
      vertex -14.0016 -13.51 3
    endloop
  endfacet
  facet normal 0 0 1
    outer loop
      vertex -15.7 4 3
      vertex -14.1737 8.11994 3
      vertex -14.5 7.90192 3
    endloop
  endfacet
  facet normal 0 0 1
    outer loop
      vertex -14.0016 -13.51 3
      vertex -15.7 0 3
      vertex -14.2859 -13.5286 3
    endloop
  endfacet
  facet normal 0 0 1
    outer loop
      vertex -14.2859 -13.5286 3
      vertex -15.7 0 3
      vertex -14.5653 -13.5842 3
    endloop
  endfacet
  facet normal 0 0 1
    outer loop
      vertex -14.5653 -13.5842 3
      vertex -15.7 0 3
      vertex -14.5668 -13.5845 3
    endloop
  endfacet
  facet normal 0 0 1
    outer loop
      vertex -14.5668 -13.5845 3
      vertex -15.7 0 3
      vertex -14.5683 -13.585 3
    endloop
  endfacet
  facet normal 0 0 1
    outer loop
      vertex -14.5683 -13.585 3
      vertex -15.7 0 3
      vertex -14.8381 -13.6766 3
    endloop
  endfacet
  facet normal 0 0 1
    outer loop
      vertex -15.7 4 3
      vertex -14.5 7.90192 3
      vertex -14.852 7.72836 3
    endloop
  endfacet
  facet normal 0 0 1
    outer loop
      vertex -14.8381 -13.6766 3
      vertex -15.7 0 3
      vertex -14.8395 -13.6773 3
    endloop
  endfacet
  facet normal 0 0 1
    outer loop
      vertex -14.8395 -13.6773 3
      vertex -15.7 0 3
      vertex -15.095 -13.8033 3
    endloop
  endfacet
  facet normal 0 0 1
    outer loop
      vertex -15.7 4 3
      vertex -14.852 7.72836 3
      vertex -15.2235 7.60222 3
    endloop
  endfacet
  facet normal -0 0 1
    outer loop
      vertex -21.7 0 3
      vertex -15.095 -13.8033 3
      vertex -15.7 0 3
    endloop
  endfacet
  facet normal 0 0 1
    outer loop
      vertex -15.095 -13.8033 3
      vertex -21.7 0 3
      vertex -15.0963 -13.8042 3
    endloop
  endfacet
  facet normal 0 0 1
    outer loop
      vertex -15.0963 -13.8042 3
      vertex -21.7 0 3
      vertex -15.3332 -13.9625 3
    endloop
  endfacet
  facet normal 0 0 1
    outer loop
      vertex -15.3332 -13.9625 3
      vertex -21.7 0 3
      vertex -15.5475 -14.1503 3
    endloop
  endfacet
  facet normal 0 0 1
    outer loop
      vertex -15.7 4 3
      vertex -15.2235 7.60222 3
      vertex -15.6084 7.52567 3
    endloop
  endfacet
  facet normal 0 0 1
    outer loop
      vertex -13.6199 8.67372 3
      vertex -15.7 4 3
      vertex -15.7 0 3
    endloop
  endfacet
  facet normal 0 0 1
    outer loop
      vertex -15.5475 -14.1503 3
      vertex -21.7 0 3
      vertex -15.5486 -14.1514 3
    endloop
  endfacet
  facet normal 0 0 1
    outer loop
      vertex -15.5486 -14.1514 3
      vertex -21.7 0 3
      vertex -15.5497 -14.1525 3
    endloop
  endfacet
  facet normal 0 0 1
    outer loop
      vertex -15.5497 -14.1525 3
      vertex -21.7 0 3
      vertex -15.7375 -14.3668 3
    endloop
  endfacet
  facet normal 0 0 1
    outer loop
      vertex -15.7375 -14.3668 3
      vertex -21.7 0 3
      vertex -15.8958 -14.6037 3
    endloop
  endfacet
  facet normal 0 0 1
    outer loop
      vertex -15.8958 -14.6037 3
      vertex -21.7 0 3
      vertex -15.8967 -14.605 3
    endloop
  endfacet
  facet normal 0 0 1
    outer loop
      vertex -31.5 -16 3
      vertex -15.8967 -14.605 3
      vertex -21.7 0 3
    endloop
  endfacet
  facet normal 0 0 1
    outer loop
      vertex -15.8967 -14.605 3
      vertex -31.5 -16 3
      vertex -16.0227 -14.8605 3
    endloop
  endfacet
  facet normal 0 0 1
    outer loop
      vertex -16.0227 -14.8605 3
      vertex -31.5 -16 3
      vertex -16.0234 -14.8619 3
    endloop
  endfacet
  facet normal 0 0 1
    outer loop
      vertex -16.0234 -14.8619 3
      vertex -31.5 -16 3
      vertex -16.115 -15.1317 3
    endloop
  endfacet
  facet normal 0 0 1
    outer loop
      vertex -16.115 -15.1317 3
      vertex -31.5 -16 3
      vertex -16.1155 -15.1332 3
    endloop
  endfacet
  facet normal 0 -0 1
    outer loop
      vertex -27.5 -20 3
      vertex -16.1155 -15.1332 3
      vertex -31.5 -16 3
    endloop
  endfacet
  facet normal 0 0 1
    outer loop
      vertex -16.1155 -15.1332 3
      vertex -27.5 -20 3
      vertex -16.1158 -15.1347 3
    endloop
  endfacet
  facet normal 0 0 1
    outer loop
      vertex -16.1158 -15.1347 3
      vertex -27.5 -20 3
      vertex -16.1714 -15.4141 3
    endloop
  endfacet
  facet normal 0 0 1
    outer loop
      vertex 27.5 20 3
      vertex 31.5 16 3
      vertex 31.4658 16.5221 3
    endloop
  endfacet
  facet normal 0 0 1
    outer loop
      vertex 31.5 16 3
      vertex 15.3332 -13.9625 3
      vertex 31.5 -16 3
    endloop
  endfacet
  facet normal 0 0 1
    outer loop
      vertex 27.5 20 3
      vertex 31.4658 16.5221 3
      vertex 31.3637 17.0353 3
    endloop
  endfacet
  facet normal -0 -0 1
    outer loop
      vertex 15.5475 -14.1503 3
      vertex 31.5 -16 3
      vertex 15.3332 -13.9625 3
    endloop
  endfacet
  facet normal 0 0 1
    outer loop
      vertex 27.5 20 3
      vertex 31.3637 17.0353 3
      vertex 31.1955 17.5307 3
    endloop
  endfacet
  facet normal -0 -0 1
    outer loop
      vertex 15.5486 -14.1514 3
      vertex 31.5 -16 3
      vertex 15.5475 -14.1503 3
    endloop
  endfacet
  facet normal 0 0 1
    outer loop
      vertex 27.5 20 3
      vertex 31.1955 17.5307 3
      vertex 30.9641 18 3
    endloop
  endfacet
  facet normal -0 -0 1
    outer loop
      vertex 15.5497 -14.1525 3
      vertex 31.5 -16 3
      vertex 15.5486 -14.1514 3
    endloop
  endfacet
  facet normal 0 0 1
    outer loop
      vertex 27.5 20 3
      vertex 30.9641 18 3
      vertex 30.6734 18.435 3
    endloop
  endfacet
  facet normal -0 -0 1
    outer loop
      vertex 15.7375 -14.3668 3
      vertex 31.5 -16 3
      vertex 15.5497 -14.1525 3
    endloop
  endfacet
  facet normal 0 0 1
    outer loop
      vertex 27.5 20 3
      vertex 30.6734 18.435 3
      vertex 30.3284 18.8284 3
    endloop
  endfacet
  facet normal -0 -0 1
    outer loop
      vertex 15.8967 -14.605 3
      vertex 31.5 -16 3
      vertex 15.8958 -14.6037 3
    endloop
  endfacet
  facet normal 0 0 1
    outer loop
      vertex 27.5 20 3
      vertex 30.3284 18.8284 3
      vertex 29.935 19.1734 3
    endloop
  endfacet
  facet normal -0 -0 1
    outer loop
      vertex 16.0234 -14.8619 3
      vertex 31.5 -16 3
      vertex 16.0227 -14.8605 3
    endloop
  endfacet
  facet normal 0 0 1
    outer loop
      vertex 27.5 20 3
      vertex 29.935 19.1734 3
      vertex 29.5 19.4641 3
    endloop
  endfacet
  facet normal -0 -0 1
    outer loop
      vertex 16.115 -15.1317 3
      vertex 31.5 -16 3
      vertex 16.0234 -14.8619 3
    endloop
  endfacet
  facet normal 0 0 1
    outer loop
      vertex 27.5 20 3
      vertex 29.5 19.4641 3
      vertex 29.0307 19.6955 3
    endloop
  endfacet
  facet normal 0 0 1
    outer loop
      vertex 31.5 -16 3
      vertex 27.5 -20 3
      vertex 31.4658 -16.5221 3
    endloop
  endfacet
  facet normal 0 0 1
    outer loop
      vertex 27.5 20 3
      vertex 29.0307 19.6955 3
      vertex 28.5353 19.8637 3
    endloop
  endfacet
  facet normal 0 0 1
    outer loop
      vertex 31.4658 -16.5221 3
      vertex 27.5 -20 3
      vertex 31.3637 -17.0353 3
    endloop
  endfacet
  facet normal 0 0 1
    outer loop
      vertex 27.5 20 3
      vertex 28.5353 19.8637 3
      vertex 28.0221 19.9658 3
    endloop
  endfacet
  facet normal 0 0 1
    outer loop
      vertex 31.3637 -17.0353 3
      vertex 27.5 -20 3
      vertex 31.1955 -17.5307 3
    endloop
  endfacet
  facet normal 0 0 1
    outer loop
      vertex 31.5 16 3
      vertex 27.5 20 3
      vertex 13.0234 14.8619 3
    endloop
  endfacet
  facet normal 0 0 1
    outer loop
      vertex 30.6734 -18.435 3
      vertex 27.5 -20 3
      vertex 30.3284 -18.8284 3
    endloop
  endfacet
  facet normal 0 0 1
    outer loop
      vertex 30.3284 -18.8284 3
      vertex 27.5 -20 3
      vertex 29.935 -19.1734 3
    endloop
  endfacet
  facet normal 0 0 1
    outer loop
      vertex 27.5 -20 3
      vertex 16.19 -15.6984 3
      vertex 16.1901 -15.7 3
    endloop
  endfacet
  facet normal 0 0 1
    outer loop
      vertex 27.5 -20 3
      vertex 16.1714 -15.4141 3
      vertex 16.19 -15.6984 3
    endloop
  endfacet
  facet normal 0 0 1
    outer loop
      vertex 27.5 -20 3
      vertex 16.1158 -15.1347 3
      vertex 16.1714 -15.4141 3
    endloop
  endfacet
  facet normal 0 0 1
    outer loop
      vertex 27.5 -20 3
      vertex 16.1155 -15.1332 3
      vertex 16.1158 -15.1347 3
    endloop
  endfacet
  facet normal 0 0 1
    outer loop
      vertex 27.5 -20 3
      vertex 16.115 -15.1317 3
      vertex 16.1155 -15.1332 3
    endloop
  endfacet
  facet normal 0 0 1
    outer loop
      vertex 31.5 -16 3
      vertex 16.115 -15.1317 3
      vertex 27.5 -20 3
    endloop
  endfacet
  facet normal 0 0 1
    outer loop
      vertex 31.1955 -17.5307 3
      vertex 27.5 -20 3
      vertex 30.9641 -18 3
    endloop
  endfacet
  facet normal 0 0 1
    outer loop
      vertex 30.9641 -18 3
      vertex 27.5 -20 3
      vertex 30.6734 -18.435 3
    endloop
  endfacet
  facet normal 0 0 1
    outer loop
      vertex 29.5 -19.4641 3
      vertex 27.5 -20 3
      vertex 29.0307 -19.6955 3
    endloop
  endfacet
  facet normal 0 0 1
    outer loop
      vertex 29.935 -19.1734 3
      vertex 27.5 -20 3
      vertex 29.5 -19.4641 3
    endloop
  endfacet
  facet normal 0 0 1
    outer loop
      vertex 28.5353 -19.8637 3
      vertex 27.5 -20 3
      vertex 28.0221 -19.9658 3
    endloop
  endfacet
  facet normal 0 0 1
    outer loop
      vertex 29.0307 -19.6955 3
      vertex 27.5 -20 3
      vertex 28.5353 -19.8637 3
    endloop
  endfacet
  facet normal -0 -0 1
    outer loop
      vertex 16.0227 -14.8605 3
      vertex 31.5 -16 3
      vertex 15.8967 -14.605 3
    endloop
  endfacet
  facet normal -0 -0 1
    outer loop
      vertex 15.8958 -14.6037 3
      vertex 31.5 -16 3
      vertex 15.7375 -14.3668 3
    endloop
  endfacet
  facet normal 0 0 1
    outer loop
      vertex 12.5475 14.1503 3
      vertex 31.5 16 3
      vertex 12.5486 14.1514 3
    endloop
  endfacet
  facet normal 0 0 1
    outer loop
      vertex 31.5 16 3
      vertex 15.0963 -13.8042 3
      vertex 15.3332 -13.9625 3
    endloop
  endfacet
  facet normal 0 0 1
    outer loop
      vertex 31.5 16 3
      vertex 15.095 -13.8033 3
      vertex 15.0963 -13.8042 3
    endloop
  endfacet
  facet normal 0 0 1
    outer loop
      vertex 12.3332 13.9625 3
      vertex 31.5 16 3
      vertex 12.5475 14.1503 3
    endloop
  endfacet
  facet normal 0 0 1
    outer loop
      vertex 31.5 16 3
      vertex 12.3332 13.9625 3
      vertex 15.095 -13.8033 3
    endloop
  endfacet
  facet normal 0 0 1
    outer loop
      vertex 15.095 -13.8033 3
      vertex 12.3332 13.9625 3
      vertex 14.8395 -13.6773 3
    endloop
  endfacet
  facet normal 0 0 1
    outer loop
      vertex 14.8395 -13.6773 3
      vertex 12.3332 13.9625 3
      vertex 14.8381 -13.6766 3
    endloop
  endfacet
  facet normal -0 0 1
    outer loop
      vertex 12.0963 13.8042 3
      vertex 14.8381 -13.6766 3
      vertex 12.3332 13.9625 3
    endloop
  endfacet
  facet normal -0 0 1
    outer loop
      vertex 12.095 13.8033 3
      vertex 14.8381 -13.6766 3
      vertex 12.0963 13.8042 3
    endloop
  endfacet
  facet normal 0 0 1
    outer loop
      vertex 14.8381 -13.6766 3
      vertex 12.095 13.8033 3
      vertex 14.5683 -13.585 3
    endloop
  endfacet
  facet normal 0 0 1
    outer loop
      vertex 14.5683 -13.585 3
      vertex 12.095 13.8033 3
      vertex 14.5668 -13.5845 3
    endloop
  endfacet
  facet normal -0 0 1
    outer loop
      vertex 11.8395 13.6773 3
      vertex 14.5668 -13.5845 3
      vertex 12.095 13.8033 3
    endloop
  endfacet
  facet normal -0 0 1
    outer loop
      vertex 11.8381 13.6766 3
      vertex 14.5668 -13.5845 3
      vertex 11.8395 13.6773 3
    endloop
  endfacet
  facet normal 0 0 1
    outer loop
      vertex 14.5668 -13.5845 3
      vertex 11.8381 13.6766 3
      vertex 14.5653 -13.5842 3
    endloop
  endfacet
  facet normal 0 0 1
    outer loop
      vertex 14.5653 -13.5842 3
      vertex 11.8381 13.6766 3
      vertex 14.2859 -13.5286 3
    endloop
  endfacet
  facet normal 0 0 1
    outer loop
      vertex 13.19 15.6984 3
      vertex 27.5 20 3
      vertex 13.1901 15.7 3
    endloop
  endfacet
  facet normal 0 0 1
    outer loop
      vertex 27.5 20 3
      vertex 13.19 15.7016 3
      vertex 13.1901 15.7 3
    endloop
  endfacet
  facet normal 0 0 1
    outer loop
      vertex 27.5 20 3
      vertex 13.1714 15.9859 3
      vertex 13.19 15.7016 3
    endloop
  endfacet
  facet normal 0 0 1
    outer loop
      vertex 27.5 20 3
      vertex 13.1158 16.2653 3
      vertex 13.1714 15.9859 3
    endloop
  endfacet
  facet normal 0 0 1
    outer loop
      vertex 27.5 20 3
      vertex 13.1155 16.2668 3
      vertex 13.1158 16.2653 3
    endloop
  endfacet
  facet normal 0 0 1
    outer loop
      vertex 27.5 20 3
      vertex 13.115 16.2683 3
      vertex 13.1155 16.2668 3
    endloop
  endfacet
  facet normal 0 0 1
    outer loop
      vertex 27.5 20 3
      vertex 13.0234 16.5381 3
      vertex 13.115 16.2683 3
    endloop
  endfacet
  facet normal 0 0 1
    outer loop
      vertex 27.5 20 3
      vertex 13.0227 16.5395 3
      vertex 13.0234 16.5381 3
    endloop
  endfacet
  facet normal 0 0 1
    outer loop
      vertex 27.5 20 3
      vertex 12.8967 16.795 3
      vertex 13.0227 16.5395 3
    endloop
  endfacet
  facet normal 0 0 1
    outer loop
      vertex 27.5 20 3
      vertex 12.8958 16.7963 3
      vertex 12.8967 16.795 3
    endloop
  endfacet
  facet normal 0 0 1
    outer loop
      vertex 27.5 20 3
      vertex 12.7375 17.0332 3
      vertex 12.8958 16.7963 3
    endloop
  endfacet
  facet normal 0 0 1
    outer loop
      vertex 27.5 20 3
      vertex 12.5497 17.2475 3
      vertex 12.7375 17.0332 3
    endloop
  endfacet
  facet normal 0 0 1
    outer loop
      vertex 27.5 20 3
      vertex 12.5486 17.2486 3
      vertex 12.5497 17.2475 3
    endloop
  endfacet
  facet normal 0 0 1
    outer loop
      vertex 27.5 20 3
      vertex 12.5475 17.2497 3
      vertex 12.5486 17.2486 3
    endloop
  endfacet
  facet normal 0 0 1
    outer loop
      vertex 27.5 20 3
      vertex 12.3332 17.4375 3
      vertex 12.5475 17.2497 3
    endloop
  endfacet
  facet normal 0 0 1
    outer loop
      vertex 27.5 20 3
      vertex 12.0963 17.5958 3
      vertex 12.3332 17.4375 3
    endloop
  endfacet
  facet normal 0 0 1
    outer loop
      vertex 27.5 20 3
      vertex 12.095 17.5967 3
      vertex 12.0963 17.5958 3
    endloop
  endfacet
  facet normal 0 0 1
    outer loop
      vertex 27.5 20 3
      vertex 11.8395 17.7227 3
      vertex 12.095 17.5967 3
    endloop
  endfacet
  facet normal 0 0 1
    outer loop
      vertex 27.5 20 3
      vertex 11.8381 17.7234 3
      vertex 11.8395 17.7227 3
    endloop
  endfacet
  facet normal 0 0 1
    outer loop
      vertex 27.5 20 3
      vertex 11.5683 17.815 3
      vertex 11.8381 17.7234 3
    endloop
  endfacet
  facet normal 0 0 1
    outer loop
      vertex 27.5 20 3
      vertex 11.5668 17.8155 3
      vertex 11.5683 17.815 3
    endloop
  endfacet
  facet normal 0 0 1
    outer loop
      vertex 27.5 20 3
      vertex 11.5653 17.8158 3
      vertex 11.5668 17.8155 3
    endloop
  endfacet
  facet normal 0 0 1
    outer loop
      vertex 27.5 20 3
      vertex 11.2859 17.8714 3
      vertex 11.5653 17.8158 3
    endloop
  endfacet
  facet normal 0 0 1
    outer loop
      vertex 27.5 20 3
      vertex 11.0016 17.89 3
      vertex 11.2859 17.8714 3
    endloop
  endfacet
  facet normal 0 0 1
    outer loop
      vertex 27.5 20 3
      vertex 11 17.8901 3
      vertex 11.0016 17.89 3
    endloop
  endfacet
  facet normal 0 0 1
    outer loop
      vertex 27.5 20 3
      vertex 10.9984 17.89 3
      vertex 11 17.8901 3
    endloop
  endfacet
  facet normal 0 0 1
    outer loop
      vertex 27.5 20 3
      vertex 10.7141 17.8714 3
      vertex 10.9984 17.89 3
    endloop
  endfacet
  facet normal 0 0 -1
    outer loop
      vertex 10.4332 17.8155 3
      vertex 10.1619 17.7234 3
      vertex 10.4317 17.815 3
    endloop
  endfacet
  facet normal 0 0 1
    outer loop
      vertex 10.1619 17.7234 3
      vertex 9.90495 17.5967 3
      vertex 10.1605 17.7227 3
    endloop
  endfacet
  facet normal 0 0 1
    outer loop
      vertex 9.90495 17.5967 3
      vertex 9.66675 17.4375 3
      vertex 9.90366 17.5958 3
    endloop
  endfacet
  facet normal 0 0 1
    outer loop
      vertex -5.95253 17.2497 3
      vertex 9.45253 17.2497 3
      vertex 9.66675 17.4375 3
    endloop
  endfacet
  facet normal 0 0 1
    outer loop
      vertex -5.95034 17.2475 3
      vertex 9.45034 17.2475 3
      vertex 9.45137 17.2486 3
    endloop
  endfacet
  facet normal 0 0 1
    outer loop
      vertex 2.39158 13.4743 3
      vertex 9.10418 16.7963 3
      vertex 9.26248 17.0332 3
    endloop
  endfacet
  facet normal 0 0 1
    outer loop
      vertex 2.39158 13.4743 3
      vertex 8.9773 16.5395 3
      vertex 9.10332 16.795 3
    endloop
  endfacet
  facet normal 0 0 1
    outer loop
      vertex 2.77646 13.3978 3
      vertex 8.88503 16.2683 3
      vertex 8.97661 16.5381 3
    endloop
  endfacet
  facet normal 0 0 1
    outer loop
      vertex 3.14805 13.2716 3
      vertex 8.88422 16.2653 3
      vertex 8.88453 16.2668 3
    endloop
  endfacet
  facet normal 0 0 1
    outer loop
      vertex 3.5 13.0981 3
      vertex 8.81 15.7016 3
      vertex 8.82864 15.9859 3
    endloop
  endfacet
  facet normal 0 0 1
    outer loop
      vertex 8.81 15.7016 3
      vertex 3.5 13.0981 3
      vertex 8.8099 15.7 3
    endloop
  endfacet
  facet normal 0 0 1
    outer loop
      vertex 8.88422 16.2653 3
      vertex 3.14805 13.2716 3
      vertex 8.82864 15.9859 3
    endloop
  endfacet
  facet normal 0 0 1
    outer loop
      vertex 8.88503 16.2683 3
      vertex 2.77646 13.3978 3
      vertex 8.88453 16.2668 3
    endloop
  endfacet
  facet normal 0 -0 1
    outer loop
      vertex 2.77646 13.3978 3
      vertex 8.9773 16.5395 3
      vertex 2.39158 13.4743 3
    endloop
  endfacet
  facet normal 0 0 1
    outer loop
      vertex 8.8099 15.7 3
      vertex 4.97433 10.8916 3
      vertex 5 10.5 3
    endloop
  endfacet
  facet normal 0 0 1
    outer loop
      vertex 9.10418 16.7963 3
      vertex 2.39158 13.4743 3
      vertex 9.10332 16.795 3
    endloop
  endfacet
  facet normal 0 0 1
    outer loop
      vertex 8.8099 15.7 3
      vertex 4.89778 11.2765 3
      vertex 4.97433 10.8916 3
    endloop
  endfacet
  facet normal 0 0 1
    outer loop
      vertex 8.8099 15.7 3
      vertex 4.77164 11.648 3
      vertex 4.89778 11.2765 3
    endloop
  endfacet
  facet normal 0 0 1
    outer loop
      vertex 8.8099 15.7 3
      vertex 4.59808 12 3
      vertex 4.77164 11.648 3
    endloop
  endfacet
  facet normal 0 0 1
    outer loop
      vertex 9.45034 17.2475 3
      vertex -5.76248 17.0332 3
      vertex 9.26248 17.0332 3
    endloop
  endfacet
  facet normal 0 0 1
    outer loop
      vertex 8.8099 15.7 3
      vertex 4.38006 12.3263 3
      vertex 4.59808 12 3
    endloop
  endfacet
  facet normal 0 0 1
    outer loop
      vertex 8.8099 15.7 3
      vertex 4.12132 12.6213 3
      vertex 4.38006 12.3263 3
    endloop
  endfacet
  facet normal 0 0 1
    outer loop
      vertex 9.45253 17.2497 3
      vertex -5.95253 17.2497 3
      vertex 9.45137 17.2486 3
    endloop
  endfacet
  facet normal 0 0 1
    outer loop
      vertex 8.8099 15.7 3
      vertex 3.82628 12.8801 3
      vertex 4.12132 12.6213 3
    endloop
  endfacet
  facet normal 0 0 1
    outer loop
      vertex 8.8099 15.7 3
      vertex 3.5 13.0981 3
      vertex 3.82628 12.8801 3
    endloop
  endfacet
  facet normal 0 0 1
    outer loop
      vertex 8.82864 15.9859 3
      vertex 3.14805 13.2716 3
      vertex 3.5 13.0981 3
    endloop
  endfacet
  facet normal 0 0 1
    outer loop
      vertex -6.16675 17.4375 3
      vertex 9.66675 17.4375 3
      vertex 9.90495 17.5967 3
    endloop
  endfacet
  facet normal 0 0 1
    outer loop
      vertex 8.88453 16.2668 3
      vertex 2.77646 13.3978 3
      vertex 3.14805 13.2716 3
    endloop
  endfacet
  facet normal 0 0 1
    outer loop
      vertex 8.9773 16.5395 3
      vertex 2.77646 13.3978 3
      vertex 8.97661 16.5381 3
    endloop
  endfacet
  facet normal 0 0 1
    outer loop
      vertex 9.26248 17.0332 3
      vertex 2 13.5 3
      vertex 2.39158 13.4743 3
    endloop
  endfacet
  facet normal 0 0 1
    outer loop
      vertex 9.26248 17.0332 3
      vertex -5.76248 17.0332 3
      vertex 2 13.5 3
    endloop
  endfacet
  facet normal 0 0 1
    outer loop
      vertex 2 13.5 3
      vertex -5.76248 17.0332 3
      vertex 1.60842 13.4743 3
    endloop
  endfacet
  facet normal 0 0 1
    outer loop
      vertex -6.40495 17.5967 3
      vertex 9.90495 17.5967 3
      vertex 10.1619 17.7234 3
    endloop
  endfacet
  facet normal -0 -0 1
    outer loop
      vertex -5.60418 16.7963 3
      vertex 1.60842 13.4743 3
      vertex -5.76248 17.0332 3
    endloop
  endfacet
  facet normal -0 0 1
    outer loop
      vertex -5.38503 15.1317 3
      vertex -0.380059 12.3263 3
      vertex -5.38453 15.1332 3
    endloop
  endfacet
  facet normal 0 0 1
    outer loop
      vertex -0.12132 12.6213 3
      vertex -5.38453 15.1332 3
      vertex -0.380059 12.3263 3
    endloop
  endfacet
  facet normal -0 0 1
    outer loop
      vertex -5.38453 15.1332 3
      vertex -0.12132 12.6213 3
      vertex -5.38422 15.1347 3
    endloop
  endfacet
  facet normal -0 0 1
    outer loop
      vertex -5.38422 15.1347 3
      vertex -0.12132 12.6213 3
      vertex -5.32864 15.4141 3
    endloop
  endfacet
  facet normal 0 0 1
    outer loop
      vertex 0.173717 12.8801 3
      vertex -5.32864 15.4141 3
      vertex -0.12132 12.6213 3
    endloop
  endfacet
  facet normal -0 0 1
    outer loop
      vertex -5.32864 15.4141 3
      vertex 0.173717 12.8801 3
      vertex -5.31 15.6984 3
    endloop
  endfacet
  facet normal -0 0 1
    outer loop
      vertex -5.31 15.6984 3
      vertex 0.173717 12.8801 3
      vertex -5.3099 15.7 3
    endloop
  endfacet
  facet normal 0 0 1
    outer loop
      vertex -5.31 15.7016 3
      vertex 0.173717 12.8801 3
      vertex 0.5 13.0981 3
    endloop
  endfacet
  facet normal 0 0 1
    outer loop
      vertex -5.32864 15.9859 3
      vertex 0.5 13.0981 3
      vertex 0.851951 13.2716 3
    endloop
  endfacet
  facet normal -0 -0 1
    outer loop
      vertex -5.60332 16.795 3
      vertex 1.60842 13.4743 3
      vertex -5.60418 16.7963 3
    endloop
  endfacet
  facet normal 0 0 1
    outer loop
      vertex -6.66189 17.7234 3
      vertex 10.1619 17.7234 3
      vertex 10.4332 17.8155 3
    endloop
  endfacet
  facet normal 0 0 1
    outer loop
      vertex -6.93316 17.8155 3
      vertex 10.4332 17.8155 3
      vertex 10.4347 17.8158 3
    endloop
  endfacet
  facet normal 0 0 1
    outer loop
      vertex -6.93316 17.8155 3
      vertex 10.4347 17.8158 3
      vertex 10.7141 17.8714 3
    endloop
  endfacet
  facet normal 0 0 1
    outer loop
      vertex 0.173717 12.8801 3
      vertex -5.31 15.7016 3
      vertex -5.3099 15.7 3
    endloop
  endfacet
  facet normal 0 0 1
    outer loop
      vertex 0.5 13.0981 3
      vertex -5.32864 15.9859 3
      vertex -5.31 15.7016 3
    endloop
  endfacet
  facet normal 0 0 1
    outer loop
      vertex -7.21414 17.8714 3
      vertex 10.7141 17.8714 3
      vertex 27.5 20 3
    endloop
  endfacet
  facet normal 0 0 1
    outer loop
      vertex 0.851951 13.2716 3
      vertex -5.38422 16.2653 3
      vertex -5.32864 15.9859 3
    endloop
  endfacet
  facet normal 0 0 1
    outer loop
      vertex 0.851951 13.2716 3
      vertex -5.38453 16.2668 3
      vertex -5.38422 16.2653 3
    endloop
  endfacet
  facet normal 0 0 1
    outer loop
      vertex 0.851951 13.2716 3
      vertex -5.38503 16.2683 3
      vertex -5.38453 16.2668 3
    endloop
  endfacet
  facet normal 0 0 1
    outer loop
      vertex 0.851951 13.2716 3
      vertex -5.47661 16.5381 3
      vertex -5.38503 16.2683 3
    endloop
  endfacet
  facet normal 0 0 1
    outer loop
      vertex 1.22354 13.3978 3
      vertex -5.47661 16.5381 3
      vertex 0.851951 13.2716 3
    endloop
  endfacet
  facet normal -0 -0 1
    outer loop
      vertex -5.47661 16.5381 3
      vertex 1.22354 13.3978 3
      vertex -5.4773 16.5395 3
    endloop
  endfacet
  facet normal -0 -0 1
    outer loop
      vertex -5.4773 16.5395 3
      vertex 1.22354 13.3978 3
      vertex -5.60332 16.795 3
    endloop
  endfacet
  facet normal 0 0 1
    outer loop
      vertex 1.60842 13.4743 3
      vertex -5.60332 16.795 3
      vertex 1.22354 13.3978 3
    endloop
  endfacet
  facet normal 0 0 1
    outer loop
      vertex 9.45034 17.2475 3
      vertex -5.95034 17.2475 3
      vertex -5.76248 17.0332 3
    endloop
  endfacet
  facet normal 0 0 1
    outer loop
      vertex 9.45137 17.2486 3
      vertex -5.95137 17.2486 3
      vertex -5.95034 17.2475 3
    endloop
  endfacet
  facet normal 0 0 1
    outer loop
      vertex 9.45137 17.2486 3
      vertex -5.95253 17.2497 3
      vertex -5.95137 17.2486 3
    endloop
  endfacet
  facet normal 0 0 1
    outer loop
      vertex 9.66675 17.4375 3
      vertex -6.16675 17.4375 3
      vertex -5.95253 17.2497 3
    endloop
  endfacet
  facet normal 0 0 1
    outer loop
      vertex 9.90495 17.5967 3
      vertex -6.40366 17.5958 3
      vertex -6.16675 17.4375 3
    endloop
  endfacet
  facet normal 0 0 1
    outer loop
      vertex 9.90495 17.5967 3
      vertex -6.40495 17.5967 3
      vertex -6.40366 17.5958 3
    endloop
  endfacet
  facet normal 0 0 1
    outer loop
      vertex 10.1619 17.7234 3
      vertex -6.66049 17.7227 3
      vertex -6.40495 17.5967 3
    endloop
  endfacet
  facet normal 0 0 1
    outer loop
      vertex 10.1619 17.7234 3
      vertex -6.66189 17.7234 3
      vertex -6.66049 17.7227 3
    endloop
  endfacet
  facet normal 0 0 1
    outer loop
      vertex 10.4332 17.8155 3
      vertex -6.93169 17.815 3
      vertex -6.66189 17.7234 3
    endloop
  endfacet
  facet normal 0 0 1
    outer loop
      vertex 10.4332 17.8155 3
      vertex -6.93316 17.8155 3
      vertex -6.93169 17.815 3
    endloop
  endfacet
  facet normal 0 0 1
    outer loop
      vertex 10.7141 17.8714 3
      vertex -6.93468 17.8158 3
      vertex -6.93316 17.8155 3
    endloop
  endfacet
  facet normal 0 0 1
    outer loop
      vertex 10.7141 17.8714 3
      vertex -7.21414 17.8714 3
      vertex -6.93468 17.8158 3
    endloop
  endfacet
  facet normal 0 0 1
    outer loop
      vertex 27.5 20 3
      vertex -7.49845 17.89 3
      vertex -7.21414 17.8714 3
    endloop
  endfacet
  facet normal 0 0 1
    outer loop
      vertex 27.5 20 3
      vertex -7.5 17.8901 3
      vertex -7.49845 17.89 3
    endloop
  endfacet
  facet normal 0 0 -1
    outer loop
      vertex -7.5 17.8901 3
      vertex -7.78586 17.8714 3
      vertex -7.50155 17.89 3
    endloop
  endfacet
  facet normal 0 0 1
    outer loop
      vertex -8.06684 17.8155 3
      vertex -8.33811 17.7234 3
      vertex -8.06831 17.815 3
    endloop
  endfacet
  facet normal 0 0 1
    outer loop
      vertex -8.33811 17.7234 3
      vertex -8.59505 17.5967 3
      vertex -8.33951 17.7227 3
    endloop
  endfacet
  facet normal 0 0 1
    outer loop
      vertex -8.59505 17.5967 3
      vertex -8.83325 17.4375 3
      vertex -8.59634 17.5958 3
    endloop
  endfacet
  facet normal 0 0 1
    outer loop
      vertex -27.5 20 3
      vertex -9.04747 17.2497 3
      vertex -8.83325 17.4375 3
    endloop
  endfacet
  facet normal 0 0 1
    outer loop
      vertex -16.3916 13.4743 3
      vertex -9.04966 17.2475 3
      vertex -9.04863 17.2486 3
    endloop
  endfacet
  facet normal 0 0 1
    outer loop
      vertex -16 13.5 3
      vertex -9.39582 16.7963 3
      vertex -9.23752 17.0332 3
    endloop
  endfacet
  facet normal 0 0 1
    outer loop
      vertex -15.6084 13.4743 3
      vertex -9.5227 16.5395 3
      vertex -9.39668 16.795 3
    endloop
  endfacet
  facet normal 0 0 1
    outer loop
      vertex -15.2235 13.3978 3
      vertex -9.61497 16.2683 3
      vertex -9.52339 16.5381 3
    endloop
  endfacet
  facet normal 0 0 1
    outer loop
      vertex -14.852 13.2716 3
      vertex -9.61578 16.2653 3
      vertex -9.61547 16.2668 3
    endloop
  endfacet
  facet normal 0 0 1
    outer loop
      vertex -14.5 13.0981 3
      vertex -9.69 15.7016 3
      vertex -9.67136 15.9859 3
    endloop
  endfacet
  facet normal 0 0 1
    outer loop
      vertex -9.69 15.7016 3
      vertex -14.5 13.0981 3
      vertex -9.6901 15.7 3
    endloop
  endfacet
  facet normal 0 0 1
    outer loop
      vertex -9.6901 15.7 3
      vertex -11.81 -15.6984 3
      vertex -11.8099 -15.7 3
    endloop
  endfacet
  facet normal 0 0 1
    outer loop
      vertex -9.6901 15.7 3
      vertex -11.8286 -15.4141 3
      vertex -11.81 -15.6984 3
    endloop
  endfacet
  facet normal 0 0 1
    outer loop
      vertex -9.6901 15.7 3
      vertex -11.8842 -15.1347 3
      vertex -11.8286 -15.4141 3
    endloop
  endfacet
  facet normal 0 0 1
    outer loop
      vertex -9.6901 15.7 3
      vertex -11.8845 -15.1332 3
      vertex -11.8842 -15.1347 3
    endloop
  endfacet
  facet normal 0 0 1
    outer loop
      vertex -9.6901 15.7 3
      vertex -11.885 -15.1317 3
      vertex -11.8845 -15.1332 3
    endloop
  endfacet
  facet normal 0 0 1
    outer loop
      vertex -9.6901 15.7 3
      vertex -11.9766 -14.8619 3
      vertex -11.885 -15.1317 3
    endloop
  endfacet
  facet normal 0 0 1
    outer loop
      vertex -9.6901 15.7 3
      vertex -11.9773 -14.8605 3
      vertex -11.9766 -14.8619 3
    endloop
  endfacet
  facet normal 0 0 1
    outer loop
      vertex -9.6901 15.7 3
      vertex -12.1033 -14.605 3
      vertex -11.9773 -14.8605 3
    endloop
  endfacet
  facet normal 0 0 1
    outer loop
      vertex -13.0257 10.1084 3
      vertex -9.6901 15.7 3
      vertex -13 10.5 3
    endloop
  endfacet
  facet normal 0 0 1
    outer loop
      vertex -13.1022 9.72354 3
      vertex -9.6901 15.7 3
      vertex -13.0257 10.1084 3
    endloop
  endfacet
  facet normal 0 0 1
    outer loop
      vertex -13.2284 9.35195 3
      vertex -9.6901 15.7 3
      vertex -13.1022 9.72354 3
    endloop
  endfacet
  facet normal 0 0 1
    outer loop
      vertex -9.6901 15.7 3
      vertex -13.2284 9.35195 3
      vertex -12.1033 -14.605 3
    endloop
  endfacet
  facet normal -0 0 1
    outer loop
      vertex -15.7 0 3
      vertex -12.1033 -14.605 3
      vertex -13.2284 9.35195 3
    endloop
  endfacet
  facet normal 0 0 1
    outer loop
      vertex -12.1033 -14.605 3
      vertex -15.7 0 3
      vertex -12.1042 -14.6037 3
    endloop
  endfacet
  facet normal 0 0 1
    outer loop
      vertex -12.1042 -14.6037 3
      vertex -15.7 0 3
      vertex -12.2625 -14.3668 3
    endloop
  endfacet
  facet normal 0 0 1
    outer loop
      vertex -12.2625 -14.3668 3
      vertex -15.7 0 3
      vertex -12.4503 -14.1525 3
    endloop
  endfacet
  facet normal 0 0 1
    outer loop
      vertex -12.4503 -14.1525 3
      vertex -15.7 0 3
      vertex -12.4514 -14.1514 3
    endloop
  endfacet
  facet normal 0 0 1
    outer loop
      vertex -9.61578 16.2653 3
      vertex -14.852 13.2716 3
      vertex -9.67136 15.9859 3
    endloop
  endfacet
  facet normal 0 0 1
    outer loop
      vertex -9.61497 16.2683 3
      vertex -15.2235 13.3978 3
      vertex -9.61547 16.2668 3
    endloop
  endfacet
  facet normal 0 0 1
    outer loop
      vertex -9.5227 16.5395 3
      vertex -15.6084 13.4743 3
      vertex -9.52339 16.5381 3
    endloop
  endfacet
  facet normal 0 0 1
    outer loop
      vertex -9.6901 15.7 3
      vertex -13.0257 10.8916 3
      vertex -13 10.5 3
    endloop
  endfacet
  facet normal 0 0 1
    outer loop
      vertex -9.6901 15.7 3
      vertex -13.1022 11.2765 3
      vertex -13.0257 10.8916 3
    endloop
  endfacet
  facet normal 0 0 1
    outer loop
      vertex -9.39582 16.7963 3
      vertex -16 13.5 3
      vertex -9.39668 16.795 3
    endloop
  endfacet
  facet normal 0 0 1
    outer loop
      vertex -9.6901 15.7 3
      vertex -13.2284 11.648 3
      vertex -13.1022 11.2765 3
    endloop
  endfacet
  facet normal 0 0 1
    outer loop
      vertex -9.6901 15.7 3
      vertex -13.4019 12 3
      vertex -13.2284 11.648 3
    endloop
  endfacet
  facet normal 0 0 1
    outer loop
      vertex -9.6901 15.7 3
      vertex -13.6199 12.3263 3
      vertex -13.4019 12 3
    endloop
  endfacet
  facet normal 0 0 1
    outer loop
      vertex -9.04966 17.2475 3
      vertex -16.3916 13.4743 3
      vertex -9.23752 17.0332 3
    endloop
  endfacet
  facet normal 0 0 1
    outer loop
      vertex -9.6901 15.7 3
      vertex -13.8787 12.6213 3
      vertex -13.6199 12.3263 3
    endloop
  endfacet
  facet normal 0 0 1
    outer loop
      vertex -9.6901 15.7 3
      vertex -14.1737 12.8801 3
      vertex -13.8787 12.6213 3
    endloop
  endfacet
  facet normal 0 0 1
    outer loop
      vertex -9.04747 17.2497 3
      vertex -27.5 20 3
      vertex -9.04863 17.2486 3
    endloop
  endfacet
  facet normal 0 0 1
    outer loop
      vertex -9.6901 15.7 3
      vertex -14.5 13.0981 3
      vertex -14.1737 12.8801 3
    endloop
  endfacet
  facet normal 0 0 1
    outer loop
      vertex -9.67136 15.9859 3
      vertex -14.852 13.2716 3
      vertex -14.5 13.0981 3
    endloop
  endfacet
  facet normal 0 0 1
    outer loop
      vertex -9.61547 16.2668 3
      vertex -15.2235 13.3978 3
      vertex -14.852 13.2716 3
    endloop
  endfacet
  facet normal 0 0 1
    outer loop
      vertex -27.5 20 3
      vertex -8.83325 17.4375 3
      vertex -8.59505 17.5967 3
    endloop
  endfacet
  facet normal 0 0 1
    outer loop
      vertex -9.52339 16.5381 3
      vertex -15.6084 13.4743 3
      vertex -15.2235 13.3978 3
    endloop
  endfacet
  facet normal 0 0 1
    outer loop
      vertex -9.39668 16.795 3
      vertex -16 13.5 3
      vertex -15.6084 13.4743 3
    endloop
  endfacet
  facet normal 0 0 1
    outer loop
      vertex -9.23752 17.0332 3
      vertex -16.3916 13.4743 3
      vertex -16 13.5 3
    endloop
  endfacet
  facet normal 0 0 1
    outer loop
      vertex -9.04863 17.2486 3
      vertex -27.5 20 3
      vertex -16.3916 13.4743 3
    endloop
  endfacet
  facet normal 0 0 1
    outer loop
      vertex -16.3916 13.4743 3
      vertex -27.5 20 3
      vertex -16.7765 13.3978 3
    endloop
  endfacet
  facet normal 0 0 1
    outer loop
      vertex -16.7765 13.3978 3
      vertex -27.5 20 3
      vertex -17.148 13.2716 3
    endloop
  endfacet
  facet normal 0 0 1
    outer loop
      vertex -31.5 16 3
      vertex -19 10.5 3
      vertex -18.9743 10.8916 3
    endloop
  endfacet
  facet normal 0 0 1
    outer loop
      vertex -31.5 16 3
      vertex -18.9743 10.8916 3
      vertex -18.8978 11.2765 3
    endloop
  endfacet
  facet normal 0 0 1
    outer loop
      vertex -31.5 16 3
      vertex -18.8978 11.2765 3
      vertex -18.7716 11.648 3
    endloop
  endfacet
  facet normal 0 0 1
    outer loop
      vertex -19 10.5 3
      vertex -31.5 16 3
      vertex -21.7 4 3
    endloop
  endfacet
  facet normal -0 0 1
    outer loop
      vertex -31.5 16 3
      vertex -18.7716 11.648 3
      vertex -27.5 20 3
    endloop
  endfacet
  facet normal 0 0 1
    outer loop
      vertex -18.5981 12 3
      vertex -27.5 20 3
      vertex -18.7716 11.648 3
    endloop
  endfacet
  facet normal 0 0 1
    outer loop
      vertex -18.3801 12.3263 3
      vertex -27.5 20 3
      vertex -18.5981 12 3
    endloop
  endfacet
  facet normal 0 0 1
    outer loop
      vertex -18.1213 12.6213 3
      vertex -27.5 20 3
      vertex -18.3801 12.3263 3
    endloop
  endfacet
  facet normal 0 0 1
    outer loop
      vertex -17.8263 12.8801 3
      vertex -27.5 20 3
      vertex -18.1213 12.6213 3
    endloop
  endfacet
  facet normal 0 0 1
    outer loop
      vertex -17.5 13.0981 3
      vertex -27.5 20 3
      vertex -17.8263 12.8801 3
    endloop
  endfacet
  facet normal 0 0 1
    outer loop
      vertex -17.148 13.2716 3
      vertex -27.5 20 3
      vertex -17.5 13.0981 3
    endloop
  endfacet
  facet normal 0 0 1
    outer loop
      vertex -8.33811 17.7234 3
      vertex -27.5 20 3
      vertex -8.59505 17.5967 3
    endloop
  endfacet
  facet normal 0 0 1
    outer loop
      vertex -8.06684 17.8155 3
      vertex -27.5 20 3
      vertex -8.33811 17.7234 3
    endloop
  endfacet
  facet normal 0 0 1
    outer loop
      vertex -8.06532 17.8158 3
      vertex -27.5 20 3
      vertex -8.06684 17.8155 3
    endloop
  endfacet
  facet normal 0 0 1
    outer loop
      vertex -7.78586 17.8714 3
      vertex -27.5 20 3
      vertex -8.06532 17.8158 3
    endloop
  endfacet
  facet normal 0 0 1
    outer loop
      vertex -7.5 17.8901 3
      vertex -27.5 20 3
      vertex -7.78586 17.8714 3
    endloop
  endfacet
  facet normal -0 0 1
    outer loop
      vertex -27.5 20 3
      vertex -7.5 17.8901 3
      vertex 27.5 20 3
    endloop
  endfacet
  facet normal -0 0 1
    outer loop
      vertex 16.19 -15.7016 3
      vertex 27.5 -20 3
      vertex 16.1901 -15.7 3
    endloop
  endfacet
  facet normal -0 0 1
    outer loop
      vertex 16.1714 -15.9859 3
      vertex 27.5 -20 3
      vertex 16.19 -15.7016 3
    endloop
  endfacet
  facet normal -0 0 1
    outer loop
      vertex 16.1158 -16.2653 3
      vertex 27.5 -20 3
      vertex 16.1714 -15.9859 3
    endloop
  endfacet
  facet normal -0 0 1
    outer loop
      vertex 16.1155 -16.2668 3
      vertex 27.5 -20 3
      vertex 16.1158 -16.2653 3
    endloop
  endfacet
  facet normal -0 0 1
    outer loop
      vertex 16.115 -16.2683 3
      vertex 27.5 -20 3
      vertex 16.1155 -16.2668 3
    endloop
  endfacet
  facet normal -0 0 1
    outer loop
      vertex 16.0234 -16.5381 3
      vertex 27.5 -20 3
      vertex 16.115 -16.2683 3
    endloop
  endfacet
  facet normal -0 0 1
    outer loop
      vertex 16.0227 -16.5395 3
      vertex 27.5 -20 3
      vertex 16.0234 -16.5381 3
    endloop
  endfacet
  facet normal -0 0 1
    outer loop
      vertex 15.8967 -16.795 3
      vertex 27.5 -20 3
      vertex 16.0227 -16.5395 3
    endloop
  endfacet
  facet normal -0 0 1
    outer loop
      vertex 15.8958 -16.7963 3
      vertex 27.5 -20 3
      vertex 15.8967 -16.795 3
    endloop
  endfacet
  facet normal -0 0 1
    outer loop
      vertex 15.7375 -17.0332 3
      vertex 27.5 -20 3
      vertex 15.8958 -16.7963 3
    endloop
  endfacet
  facet normal -0 0 1
    outer loop
      vertex 15.5497 -17.2475 3
      vertex 27.5 -20 3
      vertex 15.7375 -17.0332 3
    endloop
  endfacet
  facet normal -0 0 1
    outer loop
      vertex 15.5486 -17.2486 3
      vertex 27.5 -20 3
      vertex 15.5497 -17.2475 3
    endloop
  endfacet
  facet normal -0 0 1
    outer loop
      vertex 15.5475 -17.2497 3
      vertex 27.5 -20 3
      vertex 15.5486 -17.2486 3
    endloop
  endfacet
  facet normal -0 0 1
    outer loop
      vertex 15.3332 -17.4375 3
      vertex 27.5 -20 3
      vertex 15.5475 -17.2497 3
    endloop
  endfacet
  facet normal -0 0 1
    outer loop
      vertex 15.0963 -17.5958 3
      vertex 27.5 -20 3
      vertex 15.3332 -17.4375 3
    endloop
  endfacet
  facet normal -0 0 1
    outer loop
      vertex 15.095 -17.5967 3
      vertex 27.5 -20 3
      vertex 15.0963 -17.5958 3
    endloop
  endfacet
  facet normal -0 0 1
    outer loop
      vertex 14.8395 -17.7227 3
      vertex 27.5 -20 3
      vertex 15.095 -17.5967 3
    endloop
  endfacet
  facet normal -0 0 1
    outer loop
      vertex 14.8381 -17.7234 3
      vertex 27.5 -20 3
      vertex 14.8395 -17.7227 3
    endloop
  endfacet
  facet normal -0 0 1
    outer loop
      vertex 14.5683 -17.815 3
      vertex 27.5 -20 3
      vertex 14.8381 -17.7234 3
    endloop
  endfacet
  facet normal -0 0 1
    outer loop
      vertex 14.5668 -17.8155 3
      vertex 27.5 -20 3
      vertex 14.5683 -17.815 3
    endloop
  endfacet
  facet normal -0 0 1
    outer loop
      vertex 14.5653 -17.8158 3
      vertex 27.5 -20 3
      vertex 14.5668 -17.8155 3
    endloop
  endfacet
  facet normal -0 0 1
    outer loop
      vertex 14.2859 -17.8714 3
      vertex 27.5 -20 3
      vertex 14.5653 -17.8158 3
    endloop
  endfacet
  facet normal -0 0 1
    outer loop
      vertex 14.0016 -17.89 3
      vertex 27.5 -20 3
      vertex 14.2859 -17.8714 3
    endloop
  endfacet
  facet normal -0 0 1
    outer loop
      vertex 14 -17.8901 3
      vertex 27.5 -20 3
      vertex 14.0016 -17.89 3
    endloop
  endfacet
  facet normal 0 0 1
    outer loop
      vertex 13.9984 -17.89 3
      vertex 27.5 -20 3
      vertex 14 -17.8901 3
    endloop
  endfacet
  facet normal 0 0 1
    outer loop
      vertex 13.7141 -17.8714 3
      vertex 27.5 -20 3
      vertex 13.9984 -17.89 3
    endloop
  endfacet
  facet normal 0 0 -1
    outer loop
      vertex 13.1619 -17.7234 3
      vertex 13.4332 -17.8155 3
      vertex 13.4317 -17.815 3
    endloop
  endfacet
  facet normal 0 0 1
    outer loop
      vertex 12.905 -17.5967 3
      vertex 13.1619 -17.7234 3
      vertex 13.1605 -17.7227 3
    endloop
  endfacet
  facet normal 0 0 1
    outer loop
      vertex 12.6668 -17.4375 3
      vertex 12.905 -17.5967 3
      vertex 12.9037 -17.5958 3
    endloop
  endfacet
  facet normal 0 0 -1
    outer loop
      vertex 12.4514 -17.2486 3
      vertex 12.6668 -17.4375 3
      vertex 12.4525 -17.2497 3
    endloop
  endfacet
  facet normal 0 0 -1
    outer loop
      vertex 12.2625 -17.0332 3
      vertex 12.4514 -17.2486 3
      vertex 12.4503 -17.2475 3
    endloop
  endfacet
  facet normal 0 0 1
    outer loop
      vertex 12.1033 -16.795 3
      vertex 12.2625 -17.0332 3
      vertex 12.1042 -16.7963 3
    endloop
  endfacet
  facet normal 0 0 1
    outer loop
      vertex -11.9773 -16.5395 3
      vertex 11.9773 -16.5395 3
      vertex 11.9766 -16.5381 3
    endloop
  endfacet
  facet normal 0 0 1
    outer loop
      vertex -11.885 -16.2683 3
      vertex 11.885 -16.2683 3
      vertex 11.8845 -16.2668 3
    endloop
  endfacet
  facet normal -0 0 1
    outer loop
      vertex -11.8286 -15.9859 3
      vertex 11.8842 -16.2653 3
      vertex 11.8286 -15.9859 3
    endloop
  endfacet
  facet normal 0 0 1
    outer loop
      vertex -11.81 -15.7016 3
      vertex 11.81 -15.7016 3
      vertex 11.8099 -15.7 3
    endloop
  endfacet
  facet normal 0 0 1
    outer loop
      vertex 12.2625 -14.3668 3
      vertex 1.60842 7.52567 3
      vertex 12.1042 -14.6037 3
    endloop
  endfacet
  facet normal 0 0 1
    outer loop
      vertex 4.38006 8.67372 3
      vertex 11.5668 13.5845 3
      vertex 11.5653 13.5842 3
    endloop
  endfacet
  facet normal 0 0 1
    outer loop
      vertex 4.59808 9 3
      vertex 11.5653 13.5842 3
      vertex 11.2859 13.5286 3
    endloop
  endfacet
  facet normal 0 0 1
    outer loop
      vertex 4.59808 9 3
      vertex 11.2859 13.5286 3
      vertex 11.0016 13.51 3
    endloop
  endfacet
  facet normal 0 0 1
    outer loop
      vertex 4.77164 9.35195 3
      vertex 11.0016 13.51 3
      vertex 11 13.5099 3
    endloop
  endfacet
  facet normal 0 0 1
    outer loop
      vertex 4.77164 9.35195 3
      vertex 11 13.5099 3
      vertex 10.9984 13.51 3
    endloop
  endfacet
  facet normal 0 0 1
    outer loop
      vertex 4.77164 9.35195 3
      vertex 10.9984 13.51 3
      vertex 10.7141 13.5286 3
    endloop
  endfacet
  facet normal 0 0 1
    outer loop
      vertex 4.89778 9.72354 3
      vertex 10.7141 13.5286 3
      vertex 10.4347 13.5842 3
    endloop
  endfacet
  facet normal 0 0 1
    outer loop
      vertex 4.89778 9.72354 3
      vertex 10.4347 13.5842 3
      vertex 10.4332 13.5845 3
    endloop
  endfacet
  facet normal 0 0 1
    outer loop
      vertex 4.97433 10.1084 3
      vertex 10.4332 13.5845 3
      vertex 10.4317 13.585 3
    endloop
  endfacet
  facet normal 0 0 1
    outer loop
      vertex 4.97433 10.1084 3
      vertex 10.4317 13.585 3
      vertex 10.1619 13.6766 3
    endloop
  endfacet
  facet normal 0 0 1
    outer loop
      vertex 5 10.5 3
      vertex 10.1619 13.6766 3
      vertex 10.1605 13.6773 3
    endloop
  endfacet
  facet normal 0 0 1
    outer loop
      vertex 5 10.5 3
      vertex 10.1605 13.6773 3
      vertex 9.90495 13.8033 3
    endloop
  endfacet
  facet normal 0 0 1
    outer loop
      vertex 5 10.5 3
      vertex 9.90495 13.8033 3
      vertex 9.90366 13.8042 3
    endloop
  endfacet
  facet normal 0 0 1
    outer loop
      vertex 5 10.5 3
      vertex 9.90366 13.8042 3
      vertex 9.66675 13.9625 3
    endloop
  endfacet
  facet normal 0 0 1
    outer loop
      vertex 11.5653 13.5842 3
      vertex 4.59808 9 3
      vertex 4.38006 8.67372 3
    endloop
  endfacet
  facet normal 0 0 1
    outer loop
      vertex 5 10.5 3
      vertex 9.66675 13.9625 3
      vertex 9.45253 14.1503 3
    endloop
  endfacet
  facet normal 0 0 1
    outer loop
      vertex 5 10.5 3
      vertex 9.45253 14.1503 3
      vertex 9.45137 14.1514 3
    endloop
  endfacet
  facet normal 0 0 1
    outer loop
      vertex 5 10.5 3
      vertex 9.45137 14.1514 3
      vertex 9.45034 14.1525 3
    endloop
  endfacet
  facet normal 0 0 1
    outer loop
      vertex 5 10.5 3
      vertex 9.45034 14.1525 3
      vertex 9.26248 14.3668 3
    endloop
  endfacet
  facet normal 0 0 1
    outer loop
      vertex 5 10.5 3
      vertex 9.26248 14.3668 3
      vertex 9.10418 14.6037 3
    endloop
  endfacet
  facet normal 0 0 1
    outer loop
      vertex 5 10.5 3
      vertex 9.10418 14.6037 3
      vertex 9.10332 14.605 3
    endloop
  endfacet
  facet normal 0 0 1
    outer loop
      vertex 5 10.5 3
      vertex 9.10332 14.605 3
      vertex 8.9773 14.8605 3
    endloop
  endfacet
  facet normal 0 0 1
    outer loop
      vertex 5 10.5 3
      vertex 8.9773 14.8605 3
      vertex 8.97661 14.8619 3
    endloop
  endfacet
  facet normal 0 0 1
    outer loop
      vertex 5 10.5 3
      vertex 8.97661 14.8619 3
      vertex 8.88503 15.1317 3
    endloop
  endfacet
  facet normal 0 0 1
    outer loop
      vertex 5 10.5 3
      vertex 8.88503 15.1317 3
      vertex 8.88453 15.1332 3
    endloop
  endfacet
  facet normal 0 0 1
    outer loop
      vertex 5 10.5 3
      vertex 8.88453 15.1332 3
      vertex 8.88422 15.1347 3
    endloop
  endfacet
  facet normal 0 0 1
    outer loop
      vertex 5 10.5 3
      vertex 8.88422 15.1347 3
      vertex 8.82864 15.4141 3
    endloop
  endfacet
  facet normal 0 0 1
    outer loop
      vertex 5 10.5 3
      vertex 8.81 15.6984 3
      vertex 8.8099 15.7 3
    endloop
  endfacet
  facet normal 0 0 1
    outer loop
      vertex 8.81 15.6984 3
      vertex 5 10.5 3
      vertex 8.82864 15.4141 3
    endloop
  endfacet
  facet normal 0 0 1
    outer loop
      vertex 10.1619 13.6766 3
      vertex 5 10.5 3
      vertex 4.97433 10.1084 3
    endloop
  endfacet
  facet normal 0 0 1
    outer loop
      vertex 10.4332 13.5845 3
      vertex 4.97433 10.1084 3
      vertex 4.89778 9.72354 3
    endloop
  endfacet
  facet normal 0 0 1
    outer loop
      vertex 10.7141 13.5286 3
      vertex 4.89778 9.72354 3
      vertex 4.77164 9.35195 3
    endloop
  endfacet
  facet normal 0 0 1
    outer loop
      vertex 11.0016 13.51 3
      vertex 4.77164 9.35195 3
      vertex 4.59808 9 3
    endloop
  endfacet
  facet normal 0 0 1
    outer loop
      vertex 12.1042 -14.6037 3
      vertex 1.60842 7.52567 3
      vertex 12.1033 -14.605 3
    endloop
  endfacet
  facet normal 0 0 1
    outer loop
      vertex -11.8099 -15.7 3
      vertex 12.1033 -14.605 3
      vertex 1.60842 7.52567 3
    endloop
  endfacet
  facet normal 0 0 1
    outer loop
      vertex 12.1033 -14.605 3
      vertex -11.8099 -15.7 3
      vertex 11.9773 -14.8605 3
    endloop
  endfacet
  facet normal 0 0 1
    outer loop
      vertex 11.9773 -14.8605 3
      vertex -11.8099 -15.7 3
      vertex 11.9766 -14.8619 3
    endloop
  endfacet
  facet normal 0 0 1
    outer loop
      vertex 11.9766 -14.8619 3
      vertex -11.8099 -15.7 3
      vertex 11.885 -15.1317 3
    endloop
  endfacet
  facet normal 0 0 1
    outer loop
      vertex 11.885 -15.1317 3
      vertex -11.8099 -15.7 3
      vertex 11.8845 -15.1332 3
    endloop
  endfacet
  facet normal 0 0 1
    outer loop
      vertex 11.8845 -15.1332 3
      vertex -11.8099 -15.7 3
      vertex 11.8842 -15.1347 3
    endloop
  endfacet
  facet normal 0 0 1
    outer loop
      vertex 11.8842 -15.1347 3
      vertex -11.8099 -15.7 3
      vertex 11.8286 -15.4141 3
    endloop
  endfacet
  facet normal 0 0 1
    outer loop
      vertex 11.8286 -15.4141 3
      vertex -11.8099 -15.7 3
      vertex 11.81 -15.6984 3
    endloop
  endfacet
  facet normal 0 0 1
    outer loop
      vertex 11.81 -15.6984 3
      vertex -11.8099 -15.7 3
      vertex 11.8099 -15.7 3
    endloop
  endfacet
  facet normal 0 0 1
    outer loop
      vertex -11.81 -15.7016 3
      vertex 11.8099 -15.7 3
      vertex -11.8099 -15.7 3
    endloop
  endfacet
  facet normal 0 0 1
    outer loop
      vertex 11.81 -15.7016 3
      vertex -11.81 -15.7016 3
      vertex 11.8286 -15.9859 3
    endloop
  endfacet
  facet normal 0 0 1
    outer loop
      vertex -11.8099 -15.7 3
      vertex 1.60842 7.52567 3
      vertex 1.22354 7.60222 3
    endloop
  endfacet
  facet normal 0 0 1
    outer loop
      vertex -11.8099 -15.7 3
      vertex 1.22354 7.60222 3
      vertex 0.851951 7.72836 3
    endloop
  endfacet
  facet normal 0 0 1
    outer loop
      vertex -11.8099 -15.7 3
      vertex 0.851951 7.72836 3
      vertex 0.5 7.90192 3
    endloop
  endfacet
  facet normal 0 0 1
    outer loop
      vertex -11.8099 -15.7 3
      vertex 0.5 7.90192 3
      vertex 0.173717 8.11994 3
    endloop
  endfacet
  facet normal 0 0 1
    outer loop
      vertex -11.8099 -15.7 3
      vertex 0.173717 8.11994 3
      vertex -0.12132 8.37868 3
    endloop
  endfacet
  facet normal 0 0 1
    outer loop
      vertex -11.8099 -15.7 3
      vertex -0.12132 8.37868 3
      vertex -0.380059 8.67372 3
    endloop
  endfacet
  facet normal 0 0 1
    outer loop
      vertex -7.78586 13.5286 3
      vertex -0.380059 8.67372 3
      vertex -0.598076 9 3
    endloop
  endfacet
  facet normal 0 0 1
    outer loop
      vertex -7.5 13.5099 3
      vertex -0.598076 9 3
      vertex -0.771638 9.35195 3
    endloop
  endfacet
  facet normal -0 0 1
    outer loop
      vertex -5.47661 14.8619 3
      vertex -0.380059 12.3263 3
      vertex -5.38503 15.1317 3
    endloop
  endfacet
  facet normal 0 0 1
    outer loop
      vertex -0.380059 12.3263 3
      vertex -5.47661 14.8619 3
      vertex -0.598076 12 3
    endloop
  endfacet
  facet normal -0 0 1
    outer loop
      vertex -5.4773 14.8605 3
      vertex -0.598076 12 3
      vertex -5.47661 14.8619 3
    endloop
  endfacet
  facet normal -0 0 1
    outer loop
      vertex -5.60332 14.605 3
      vertex -0.598076 12 3
      vertex -5.4773 14.8605 3
    endloop
  endfacet
  facet normal 0 0 1
    outer loop
      vertex -0.598076 12 3
      vertex -5.60332 14.605 3
      vertex -0.771638 11.648 3
    endloop
  endfacet
  facet normal -0 0 1
    outer loop
      vertex -5.60418 14.6037 3
      vertex -0.771638 11.648 3
      vertex -5.60332 14.605 3
    endloop
  endfacet
  facet normal -0 0 1
    outer loop
      vertex -5.76248 14.3668 3
      vertex -0.771638 11.648 3
      vertex -5.60418 14.6037 3
    endloop
  endfacet
  facet normal 0 0 1
    outer loop
      vertex -0.771638 11.648 3
      vertex -5.76248 14.3668 3
      vertex -0.897777 11.2765 3
    endloop
  endfacet
  facet normal -0 0 1
    outer loop
      vertex -5.95034 14.1525 3
      vertex -0.897777 11.2765 3
      vertex -5.76248 14.3668 3
    endloop
  endfacet
  facet normal -0 0 1
    outer loop
      vertex -5.95137 14.1514 3
      vertex -0.897777 11.2765 3
      vertex -5.95034 14.1525 3
    endloop
  endfacet
  facet normal -0 0 1
    outer loop
      vertex -5.95253 14.1503 3
      vertex -0.897777 11.2765 3
      vertex -5.95137 14.1514 3
    endloop
  endfacet
  facet normal 0 0 1
    outer loop
      vertex -0.897777 11.2765 3
      vertex -5.95253 14.1503 3
      vertex -0.974334 10.8916 3
    endloop
  endfacet
  facet normal -0 0 1
    outer loop
      vertex -6.16675 13.9625 3
      vertex -0.974334 10.8916 3
      vertex -5.95253 14.1503 3
    endloop
  endfacet
  facet normal -0 0 1
    outer loop
      vertex -6.40366 13.8042 3
      vertex -0.974334 10.8916 3
      vertex -6.16675 13.9625 3
    endloop
  endfacet
  facet normal 0 0 1
    outer loop
      vertex -0.974334 10.8916 3
      vertex -6.40366 13.8042 3
      vertex -1 10.5 3
    endloop
  endfacet
  facet normal -0 0 1
    outer loop
      vertex -6.40495 13.8033 3
      vertex -1 10.5 3
      vertex -6.40366 13.8042 3
    endloop
  endfacet
  facet normal -0 0 1
    outer loop
      vertex -6.66049 13.6773 3
      vertex -1 10.5 3
      vertex -6.40495 13.8033 3
    endloop
  endfacet
  facet normal -0 0 1
    outer loop
      vertex -6.66189 13.6766 3
      vertex -1 10.5 3
      vertex -6.66049 13.6773 3
    endloop
  endfacet
  facet normal 0 0 1
    outer loop
      vertex -1 10.5 3
      vertex -6.66189 13.6766 3
      vertex -0.974334 10.1084 3
    endloop
  endfacet
  facet normal -0 0 1
    outer loop
      vertex -6.93169 13.585 3
      vertex -0.974334 10.1084 3
      vertex -6.66189 13.6766 3
    endloop
  endfacet
  facet normal -0 0 1
    outer loop
      vertex -6.93316 13.5845 3
      vertex -0.974334 10.1084 3
      vertex -6.93169 13.585 3
    endloop
  endfacet
  facet normal 0 0 1
    outer loop
      vertex -0.974334 10.1084 3
      vertex -6.93316 13.5845 3
      vertex -0.897777 9.72354 3
    endloop
  endfacet
  facet normal 0 0 1
    outer loop
      vertex -11.8286 -15.9859 3
      vertex 11.8286 -15.9859 3
      vertex -11.81 -15.7016 3
    endloop
  endfacet
  facet normal -0 0 1
    outer loop
      vertex -6.93468 13.5842 3
      vertex -0.897777 9.72354 3
      vertex -6.93316 13.5845 3
    endloop
  endfacet
  facet normal -0 0 1
    outer loop
      vertex -7.21414 13.5286 3
      vertex -0.897777 9.72354 3
      vertex -6.93468 13.5842 3
    endloop
  endfacet
  facet normal 0 0 1
    outer loop
      vertex -0.897777 9.72354 3
      vertex -7.21414 13.5286 3
      vertex -0.771638 9.35195 3
    endloop
  endfacet
  facet normal -0 0 1
    outer loop
      vertex -7.49845 13.51 3
      vertex -0.771638 9.35195 3
      vertex -7.21414 13.5286 3
    endloop
  endfacet
  facet normal -0 0 1
    outer loop
      vertex -7.5 13.5099 3
      vertex -0.771638 9.35195 3
      vertex -7.49845 13.51 3
    endloop
  endfacet
  facet normal 0 0 1
    outer loop
      vertex -0.598076 9 3
      vertex -7.5 13.5099 3
      vertex -7.50155 13.51 3
    endloop
  endfacet
  facet normal 0 0 1
    outer loop
      vertex -0.598076 9 3
      vertex -7.50155 13.51 3
      vertex -7.78586 13.5286 3
    endloop
  endfacet
  facet normal 0 0 1
    outer loop
      vertex -0.380059 8.67372 3
      vertex -7.78586 13.5286 3
      vertex -8.06532 13.5842 3
    endloop
  endfacet
  facet normal 0 0 1
    outer loop
      vertex -0.380059 8.67372 3
      vertex -8.06532 13.5842 3
      vertex -8.06684 13.5845 3
    endloop
  endfacet
  facet normal 0 0 1
    outer loop
      vertex -0.380059 8.67372 3
      vertex -8.06684 13.5845 3
      vertex -11.8099 -15.7 3
    endloop
  endfacet
  facet normal 0 0 1
    outer loop
      vertex -11.8099 -15.7 3
      vertex -8.06684 13.5845 3
      vertex -8.06831 13.585 3
    endloop
  endfacet
  facet normal 0 0 1
    outer loop
      vertex -11.8099 -15.7 3
      vertex -8.06831 13.585 3
      vertex -8.33811 13.6766 3
    endloop
  endfacet
  facet normal 0 0 1
    outer loop
      vertex -11.8842 -16.2653 3
      vertex 11.8842 -16.2653 3
      vertex -11.8286 -15.9859 3
    endloop
  endfacet
  facet normal 0 0 1
    outer loop
      vertex -11.8099 -15.7 3
      vertex -8.33811 13.6766 3
      vertex -8.33951 13.6773 3
    endloop
  endfacet
  facet normal 0 0 1
    outer loop
      vertex -11.8099 -15.7 3
      vertex -8.33951 13.6773 3
      vertex -8.59505 13.8033 3
    endloop
  endfacet
  facet normal 0 0 1
    outer loop
      vertex -11.8099 -15.7 3
      vertex -8.59505 13.8033 3
      vertex -8.59634 13.8042 3
    endloop
  endfacet
  facet normal 0 0 1
    outer loop
      vertex -11.8099 -15.7 3
      vertex -8.59634 13.8042 3
      vertex -8.83325 13.9625 3
    endloop
  endfacet
  facet normal 0 0 1
    outer loop
      vertex -11.8099 -15.7 3
      vertex -8.83325 13.9625 3
      vertex -9.04747 14.1503 3
    endloop
  endfacet
  facet normal 0 0 1
    outer loop
      vertex -11.8099 -15.7 3
      vertex -9.04747 14.1503 3
      vertex -9.04863 14.1514 3
    endloop
  endfacet
  facet normal 0 0 1
    outer loop
      vertex -11.8099 -15.7 3
      vertex -9.04863 14.1514 3
      vertex -9.04966 14.1525 3
    endloop
  endfacet
  facet normal 0 0 1
    outer loop
      vertex -11.8099 -15.7 3
      vertex -9.04966 14.1525 3
      vertex -9.23752 14.3668 3
    endloop
  endfacet
  facet normal 0 0 -1
    outer loop
      vertex -9.39668 14.605 3
      vertex -9.23752 14.3668 3
      vertex -9.39582 14.6037 3
    endloop
  endfacet
  facet normal 0 0 -1
    outer loop
      vertex -9.52339 14.8619 3
      vertex -9.39668 14.605 3
      vertex -9.5227 14.8605 3
    endloop
  endfacet
  facet normal 0 0 -1
    outer loop
      vertex -9.61547 15.1332 3
      vertex -9.52339 14.8619 3
      vertex -9.61497 15.1317 3
    endloop
  endfacet
  facet normal 0 0 -1
    outer loop
      vertex -9.67136 15.4141 3
      vertex -9.61547 15.1332 3
      vertex -9.61578 15.1347 3
    endloop
  endfacet
  facet normal 0 0 -1
    outer loop
      vertex -9.6901 15.7 3
      vertex -9.67136 15.4141 3
      vertex -9.69 15.6984 3
    endloop
  endfacet
  facet normal 0 0 1
    outer loop
      vertex -11.8099 -15.7 3
      vertex -9.67136 15.4141 3
      vertex -9.6901 15.7 3
    endloop
  endfacet
  facet normal 0 0 1
    outer loop
      vertex -11.8099 -15.7 3
      vertex -9.61547 15.1332 3
      vertex -9.67136 15.4141 3
    endloop
  endfacet
  facet normal 0 0 1
    outer loop
      vertex -11.8099 -15.7 3
      vertex -9.52339 14.8619 3
      vertex -9.61547 15.1332 3
    endloop
  endfacet
  facet normal 0 0 1
    outer loop
      vertex -11.8099 -15.7 3
      vertex -9.39668 14.605 3
      vertex -9.52339 14.8619 3
    endloop
  endfacet
  facet normal 0 0 1
    outer loop
      vertex -11.8099 -15.7 3
      vertex -9.23752 14.3668 3
      vertex -9.39668 14.605 3
    endloop
  endfacet
  facet normal 0 0 1
    outer loop
      vertex 11.8842 -16.2653 3
      vertex -11.8842 -16.2653 3
      vertex 11.8845 -16.2668 3
    endloop
  endfacet
  facet normal 0 0 1
    outer loop
      vertex -11.8845 -16.2668 3
      vertex 11.8845 -16.2668 3
      vertex -11.8842 -16.2653 3
    endloop
  endfacet
  facet normal 0 0 1
    outer loop
      vertex -11.885 -16.2683 3
      vertex 11.8845 -16.2668 3
      vertex -11.8845 -16.2668 3
    endloop
  endfacet
  facet normal 0 0 1
    outer loop
      vertex 11.885 -16.2683 3
      vertex -11.885 -16.2683 3
      vertex 11.9766 -16.5381 3
    endloop
  endfacet
  facet normal 0 0 1
    outer loop
      vertex -11.9766 -16.5381 3
      vertex 11.9766 -16.5381 3
      vertex -11.885 -16.2683 3
    endloop
  endfacet
  facet normal 0 0 1
    outer loop
      vertex -11.9773 -16.5395 3
      vertex 11.9766 -16.5381 3
      vertex -11.9766 -16.5381 3
    endloop
  endfacet
  facet normal 0 0 1
    outer loop
      vertex 11.9773 -16.5395 3
      vertex -11.9773 -16.5395 3
      vertex 12.1033 -16.795 3
    endloop
  endfacet
  facet normal 0 0 1
    outer loop
      vertex -12.1033 -16.795 3
      vertex 12.1033 -16.795 3
      vertex -11.9773 -16.5395 3
    endloop
  endfacet
  facet normal 0 0 1
    outer loop
      vertex 12.1033 -16.795 3
      vertex -12.1033 -16.795 3
      vertex 12.2625 -17.0332 3
    endloop
  endfacet
  facet normal -0 0 1
    outer loop
      vertex -12.1042 -16.7963 3
      vertex 12.2625 -17.0332 3
      vertex -12.1033 -16.795 3
    endloop
  endfacet
  facet normal 0 0 1
    outer loop
      vertex -12.2625 -17.0332 3
      vertex 12.2625 -17.0332 3
      vertex -12.1042 -16.7963 3
    endloop
  endfacet
  facet normal 0 0 1
    outer loop
      vertex 12.2625 -17.0332 3
      vertex -12.2625 -17.0332 3
      vertex 12.4514 -17.2486 3
    endloop
  endfacet
  facet normal -0 0 1
    outer loop
      vertex -12.4503 -17.2475 3
      vertex 12.4514 -17.2486 3
      vertex -12.2625 -17.0332 3
    endloop
  endfacet
  facet normal 0 0 1
    outer loop
      vertex -12.4514 -17.2486 3
      vertex 12.4514 -17.2486 3
      vertex -12.4503 -17.2475 3
    endloop
  endfacet
  facet normal 0 0 1
    outer loop
      vertex 12.4514 -17.2486 3
      vertex -12.4514 -17.2486 3
      vertex 12.6668 -17.4375 3
    endloop
  endfacet
  facet normal -0 0 1
    outer loop
      vertex -12.4525 -17.2497 3
      vertex 12.6668 -17.4375 3
      vertex -12.4514 -17.2486 3
    endloop
  endfacet
  facet normal 0 0 1
    outer loop
      vertex -12.6668 -17.4375 3
      vertex 12.6668 -17.4375 3
      vertex -12.4525 -17.2497 3
    endloop
  endfacet
  facet normal 0 0 1
    outer loop
      vertex 12.6668 -17.4375 3
      vertex -12.6668 -17.4375 3
      vertex 12.905 -17.5967 3
    endloop
  endfacet
  facet normal -0 0 1
    outer loop
      vertex -12.9037 -17.5958 3
      vertex 12.905 -17.5967 3
      vertex -12.6668 -17.4375 3
    endloop
  endfacet
  facet normal 0 0 1
    outer loop
      vertex -12.905 -17.5967 3
      vertex 12.905 -17.5967 3
      vertex -12.9037 -17.5958 3
    endloop
  endfacet
  facet normal 0 0 1
    outer loop
      vertex 12.905 -17.5967 3
      vertex -12.905 -17.5967 3
      vertex 13.1619 -17.7234 3
    endloop
  endfacet
  facet normal -0 0 1
    outer loop
      vertex -13.1605 -17.7227 3
      vertex 13.1619 -17.7234 3
      vertex -12.905 -17.5967 3
    endloop
  endfacet
  facet normal 0 0 1
    outer loop
      vertex -13.1619 -17.7234 3
      vertex 13.1619 -17.7234 3
      vertex -13.1605 -17.7227 3
    endloop
  endfacet
  facet normal 0 0 1
    outer loop
      vertex 13.1619 -17.7234 3
      vertex -13.1619 -17.7234 3
      vertex 13.4332 -17.8155 3
    endloop
  endfacet
  facet normal -0 0 1
    outer loop
      vertex -13.4317 -17.815 3
      vertex 13.4332 -17.8155 3
      vertex -13.1619 -17.7234 3
    endloop
  endfacet
  facet normal 0 0 1
    outer loop
      vertex -13.4332 -17.8155 3
      vertex 13.4332 -17.8155 3
      vertex -13.4317 -17.815 3
    endloop
  endfacet
  facet normal 0 0 1
    outer loop
      vertex 13.4332 -17.8155 3
      vertex -13.4332 -17.8155 3
      vertex 13.4347 -17.8158 3
    endloop
  endfacet
  facet normal 0 0 1
    outer loop
      vertex 13.4347 -17.8158 3
      vertex -13.4332 -17.8155 3
      vertex 13.7141 -17.8714 3
    endloop
  endfacet
  facet normal -0 0 1
    outer loop
      vertex -13.4347 -17.8158 3
      vertex 13.7141 -17.8714 3
      vertex -13.4332 -17.8155 3
    endloop
  endfacet
  facet normal 0 0 1
    outer loop
      vertex -13.7141 -17.8714 3
      vertex 13.7141 -17.8714 3
      vertex -13.4347 -17.8158 3
    endloop
  endfacet
  facet normal 0 0 1
    outer loop
      vertex 13.7141 -17.8714 3
      vertex -13.7141 -17.8714 3
      vertex 27.5 -20 3
    endloop
  endfacet
  facet normal 0 0 1
    outer loop
      vertex -27.5 -20 3
      vertex -13.7141 -17.8714 3
      vertex -13.9984 -17.89 3
    endloop
  endfacet
  facet normal 0 0 1
    outer loop
      vertex -27.5 -20 3
      vertex -13.9984 -17.89 3
      vertex -14 -17.8901 3
    endloop
  endfacet
  facet normal 0 0 -1
    outer loop
      vertex -14.2859 -17.8714 3
      vertex -14 -17.8901 3
      vertex -14.0016 -17.89 3
    endloop
  endfacet
  facet normal 0 0 1
    outer loop
      vertex -27.5 -20 3
      vertex -14.5683 -17.815 3
      vertex -14.8381 -17.7234 3
    endloop
  endfacet
  facet normal 0 0 1
    outer loop
      vertex -27.5 -20 3
      vertex -14.8395 -17.7227 3
      vertex -15.095 -17.5967 3
    endloop
  endfacet
  facet normal 0 0 1
    outer loop
      vertex -27.5 -20 3
      vertex -15.0963 -17.5958 3
      vertex -15.3332 -17.4375 3
    endloop
  endfacet
  facet normal 0 0 1
    outer loop
      vertex -27.5 -20 3
      vertex -15.5475 -17.2497 3
      vertex -15.5486 -17.2486 3
    endloop
  endfacet
  facet normal 0 0 1
    outer loop
      vertex -27.5 -20 3
      vertex -15.5497 -17.2475 3
      vertex -15.7375 -17.0332 3
    endloop
  endfacet
  facet normal 0 0 1
    outer loop
      vertex -27.5 -20 3
      vertex -15.8958 -16.7963 3
      vertex -15.8967 -16.795 3
    endloop
  endfacet
  facet normal 0 0 1
    outer loop
      vertex -27.5 -20 3
      vertex -16.0227 -16.5395 3
      vertex -16.0234 -16.5381 3
    endloop
  endfacet
  facet normal 0 0 1
    outer loop
      vertex -27.5 -20 3
      vertex -16.115 -16.2683 3
      vertex -16.1155 -16.2668 3
    endloop
  endfacet
  facet normal 0 0 1
    outer loop
      vertex -16.1714 -15.4141 3
      vertex -27.5 -20 3
      vertex -16.19 -15.6984 3
    endloop
  endfacet
  facet normal 0 0 1
    outer loop
      vertex -16.19 -15.6984 3
      vertex -27.5 -20 3
      vertex -16.1901 -15.7 3
    endloop
  endfacet
  facet normal 0 0 1
    outer loop
      vertex -16.1901 -15.7 3
      vertex -27.5 -20 3
      vertex -16.19 -15.7016 3
    endloop
  endfacet
  facet normal 0 0 1
    outer loop
      vertex -16.19 -15.7016 3
      vertex -27.5 -20 3
      vertex -16.1714 -15.9859 3
    endloop
  endfacet
  facet normal 0 0 1
    outer loop
      vertex -16.1714 -15.9859 3
      vertex -27.5 -20 3
      vertex -16.1158 -16.2653 3
    endloop
  endfacet
  facet normal 0 0 1
    outer loop
      vertex -13.7141 -17.8714 3
      vertex -27.5 -20 3
      vertex 27.5 -20 3
    endloop
  endfacet
  facet normal 0 0 1
    outer loop
      vertex -14.2859 -17.8714 3
      vertex -27.5 -20 3
      vertex -14 -17.8901 3
    endloop
  endfacet
  facet normal 0 0 1
    outer loop
      vertex -14.5653 -17.8158 3
      vertex -27.5 -20 3
      vertex -14.2859 -17.8714 3
    endloop
  endfacet
  facet normal 0 0 1
    outer loop
      vertex -14.5668 -17.8155 3
      vertex -27.5 -20 3
      vertex -14.5653 -17.8158 3
    endloop
  endfacet
  facet normal 0 0 1
    outer loop
      vertex -14.5683 -17.815 3
      vertex -27.5 -20 3
      vertex -14.5668 -17.8155 3
    endloop
  endfacet
  facet normal 0 0 1
    outer loop
      vertex -14.8395 -17.7227 3
      vertex -27.5 -20 3
      vertex -14.8381 -17.7234 3
    endloop
  endfacet
  facet normal 0 0 1
    outer loop
      vertex -15.0963 -17.5958 3
      vertex -27.5 -20 3
      vertex -15.095 -17.5967 3
    endloop
  endfacet
  facet normal 0 0 1
    outer loop
      vertex -15.5475 -17.2497 3
      vertex -27.5 -20 3
      vertex -15.3332 -17.4375 3
    endloop
  endfacet
  facet normal 0 0 1
    outer loop
      vertex -15.5497 -17.2475 3
      vertex -27.5 -20 3
      vertex -15.5486 -17.2486 3
    endloop
  endfacet
  facet normal 0 0 1
    outer loop
      vertex -15.8958 -16.7963 3
      vertex -27.5 -20 3
      vertex -15.7375 -17.0332 3
    endloop
  endfacet
  facet normal 0 0 1
    outer loop
      vertex -16.0227 -16.5395 3
      vertex -27.5 -20 3
      vertex -15.8967 -16.795 3
    endloop
  endfacet
  facet normal 0 0 1
    outer loop
      vertex -16.1158 -16.2653 3
      vertex -27.5 -20 3
      vertex -16.1155 -16.2668 3
    endloop
  endfacet
  facet normal 0 0 1
    outer loop
      vertex -21.7 4 3
      vertex -31.5 16 3
      vertex -21.7 0 3
    endloop
  endfacet
  facet normal 0 0 1
    outer loop
      vertex -31.5 16 3
      vertex -27.5 20 3
      vertex -28.0221 19.9658 3
    endloop
  endfacet
  facet normal 0 0 1
    outer loop
      vertex -31.5 -16 3
      vertex -21.7 0 3
      vertex -31.5 16 3
    endloop
  endfacet
  facet normal 0 0 1
    outer loop
      vertex -31.5 16 3
      vertex -28.0221 19.9658 3
      vertex -28.5353 19.8637 3
    endloop
  endfacet
  facet normal 0 0 1
    outer loop
      vertex -16.115 -16.2683 3
      vertex -27.5 -20 3
      vertex -16.0234 -16.5381 3
    endloop
  endfacet
  facet normal 0 0 1
    outer loop
      vertex -31.5 16 3
      vertex -28.5353 19.8637 3
      vertex -29.0307 19.6955 3
    endloop
  endfacet
  facet normal 0 0 1
    outer loop
      vertex -27.5 -20 3
      vertex -31.5 -16 3
      vertex -28.0221 -19.9658 3
    endloop
  endfacet
  facet normal 0 0 1
    outer loop
      vertex -31.5 16 3
      vertex -29.0307 19.6955 3
      vertex -29.5 19.4641 3
    endloop
  endfacet
  facet normal 0 0 1
    outer loop
      vertex -28.0221 -19.9658 3
      vertex -31.5 -16 3
      vertex -28.5353 -19.8637 3
    endloop
  endfacet
  facet normal 0 0 1
    outer loop
      vertex -31.5 16 3
      vertex -29.5 19.4641 3
      vertex -29.935 19.1734 3
    endloop
  endfacet
  facet normal 0 0 1
    outer loop
      vertex -28.5353 -19.8637 3
      vertex -31.5 -16 3
      vertex -29.0307 -19.6955 3
    endloop
  endfacet
  facet normal 0 0 1
    outer loop
      vertex -31.5 16 3
      vertex -29.935 19.1734 3
      vertex -30.3284 18.8284 3
    endloop
  endfacet
  facet normal 0 0 1
    outer loop
      vertex -29.0307 -19.6955 3
      vertex -31.5 -16 3
      vertex -29.5 -19.4641 3
    endloop
  endfacet
  facet normal 0 0 1
    outer loop
      vertex -31.5 16 3
      vertex -30.3284 18.8284 3
      vertex -30.6734 18.435 3
    endloop
  endfacet
  facet normal 0 0 1
    outer loop
      vertex -29.5 -19.4641 3
      vertex -31.5 -16 3
      vertex -29.935 -19.1734 3
    endloop
  endfacet
  facet normal 0 0 1
    outer loop
      vertex -31.5 16 3
      vertex -30.6734 18.435 3
      vertex -30.9641 18 3
    endloop
  endfacet
  facet normal 0 0 1
    outer loop
      vertex -29.935 -19.1734 3
      vertex -31.5 -16 3
      vertex -30.3284 -18.8284 3
    endloop
  endfacet
  facet normal 0 0 1
    outer loop
      vertex -31.5 16 3
      vertex -30.9641 18 3
      vertex -31.1955 17.5307 3
    endloop
  endfacet
  facet normal 0 0 1
    outer loop
      vertex -30.3284 -18.8284 3
      vertex -31.5 -16 3
      vertex -30.6734 -18.435 3
    endloop
  endfacet
  facet normal 0 0 1
    outer loop
      vertex -31.5 16 3
      vertex -31.1955 17.5307 3
      vertex -31.3637 17.0353 3
    endloop
  endfacet
  facet normal 0 0 1
    outer loop
      vertex -30.6734 -18.435 3
      vertex -31.5 -16 3
      vertex -30.9641 -18 3
    endloop
  endfacet
  facet normal 0 0 1
    outer loop
      vertex -31.5 16 3
      vertex -31.3637 17.0353 3
      vertex -31.4658 16.5221 3
    endloop
  endfacet
  facet normal 0 0 1
    outer loop
      vertex -30.9641 -18 3
      vertex -31.5 -16 3
      vertex -31.1955 -17.5307 3
    endloop
  endfacet
  facet normal 0 0 1
    outer loop
      vertex -31.1955 -17.5307 3
      vertex -31.5 -16 3
      vertex -31.3637 -17.0353 3
    endloop
  endfacet
  facet normal 0 0 1
    outer loop
      vertex -31.3637 -17.0353 3
      vertex -31.5 -16 3
      vertex -31.4658 -16.5221 3
    endloop
  endfacet
  facet normal 0 0 1
    outer loop
      vertex 13.1714 15.4141 3
      vertex 27.5 20 3
      vertex 13.19 15.6984 3
    endloop
  endfacet
  facet normal 0 0 1
    outer loop
      vertex 13.1158 15.1347 3
      vertex 27.5 20 3
      vertex 13.1714 15.4141 3
    endloop
  endfacet
  facet normal 0 0 1
    outer loop
      vertex 13.1155 15.1332 3
      vertex 27.5 20 3
      vertex 13.1158 15.1347 3
    endloop
  endfacet
  facet normal 0 0 1
    outer loop
      vertex 13.115 15.1317 3
      vertex 27.5 20 3
      vertex 13.1155 15.1332 3
    endloop
  endfacet
  facet normal 0 0 1
    outer loop
      vertex 13.0234 14.8619 3
      vertex 27.5 20 3
      vertex 13.115 15.1317 3
    endloop
  endfacet
  facet normal 0 0 1
    outer loop
      vertex 31.5 16 3
      vertex 13.0234 14.8619 3
      vertex 13.0227 14.8605 3
    endloop
  endfacet
  facet normal 0 0 1
    outer loop
      vertex 31.5 16 3
      vertex 13.0227 14.8605 3
      vertex 12.8967 14.605 3
    endloop
  endfacet
  facet normal 0 0 1
    outer loop
      vertex 31.5 16 3
      vertex 12.8967 14.605 3
      vertex 12.8958 14.6037 3
    endloop
  endfacet
  facet normal 0 0 1
    outer loop
      vertex 31.5 16 3
      vertex 12.8958 14.6037 3
      vertex 12.7375 14.3668 3
    endloop
  endfacet
  facet normal 0 0 1
    outer loop
      vertex 31.5 16 3
      vertex 12.7375 14.3668 3
      vertex 12.5497 14.1525 3
    endloop
  endfacet
  facet normal 0 0 1
    outer loop
      vertex 31.5 16 3
      vertex 12.5497 14.1525 3
      vertex 12.5486 14.1514 3
    endloop
  endfacet
  facet normal -0 0 1
    outer loop
      vertex 11.5683 13.585 3
      vertex 14.2859 -13.5286 3
      vertex 11.8381 13.6766 3
    endloop
  endfacet
  facet normal -0 0 1
    outer loop
      vertex 11.5668 13.5845 3
      vertex 14.2859 -13.5286 3
      vertex 11.5683 13.585 3
    endloop
  endfacet
  facet normal -0 0 1
    outer loop
      vertex 4.38006 8.67372 3
      vertex 14.2859 -13.5286 3
      vertex 11.5668 13.5845 3
    endloop
  endfacet
  facet normal 0 0 1
    outer loop
      vertex 14.2859 -13.5286 3
      vertex 4.38006 8.67372 3
      vertex 14.0016 -13.51 3
    endloop
  endfacet
  facet normal 0 0 1
    outer loop
      vertex 14.0016 -13.51 3
      vertex 4.38006 8.67372 3
      vertex 14 -13.5099 3
    endloop
  endfacet
  facet normal -0 0 1
    outer loop
      vertex 4.12132 8.37868 3
      vertex 14 -13.5099 3
      vertex 4.38006 8.67372 3
    endloop
  endfacet
  facet normal 0 0 1
    outer loop
      vertex 14 -13.5099 3
      vertex 4.12132 8.37868 3
      vertex 13.9984 -13.51 3
    endloop
  endfacet
  facet normal 0 0 1
    outer loop
      vertex 13.9984 -13.51 3
      vertex 4.12132 8.37868 3
      vertex 13.7141 -13.5286 3
    endloop
  endfacet
  facet normal -0 0 1
    outer loop
      vertex 3.82628 8.11994 3
      vertex 13.7141 -13.5286 3
      vertex 4.12132 8.37868 3
    endloop
  endfacet
  facet normal 0 0 1
    outer loop
      vertex 13.7141 -13.5286 3
      vertex 3.82628 8.11994 3
      vertex 13.4347 -13.5842 3
    endloop
  endfacet
  facet normal 0 0 1
    outer loop
      vertex 13.4347 -13.5842 3
      vertex 3.82628 8.11994 3
      vertex 13.4332 -13.5845 3
    endloop
  endfacet
  facet normal -0 0 1
    outer loop
      vertex 3.5 7.90192 3
      vertex 13.4332 -13.5845 3
      vertex 3.82628 8.11994 3
    endloop
  endfacet
  facet normal 0 0 1
    outer loop
      vertex 13.4332 -13.5845 3
      vertex 3.5 7.90192 3
      vertex 13.4317 -13.585 3
    endloop
  endfacet
  facet normal 0 0 1
    outer loop
      vertex 13.4317 -13.585 3
      vertex 3.5 7.90192 3
      vertex 13.1619 -13.6766 3
    endloop
  endfacet
  facet normal -0 0 1
    outer loop
      vertex 3.14805 7.72836 3
      vertex 13.1619 -13.6766 3
      vertex 3.5 7.90192 3
    endloop
  endfacet
  facet normal 0 0 1
    outer loop
      vertex 13.1619 -13.6766 3
      vertex 3.14805 7.72836 3
      vertex 13.1605 -13.6773 3
    endloop
  endfacet
  facet normal 0 0 1
    outer loop
      vertex 13.1605 -13.6773 3
      vertex 3.14805 7.72836 3
      vertex 12.905 -13.8033 3
    endloop
  endfacet
  facet normal -0 0 1
    outer loop
      vertex 2.77646 7.60222 3
      vertex 12.905 -13.8033 3
      vertex 3.14805 7.72836 3
    endloop
  endfacet
  facet normal 0 0 1
    outer loop
      vertex 12.905 -13.8033 3
      vertex 2.77646 7.60222 3
      vertex 12.9037 -13.8042 3
    endloop
  endfacet
  facet normal 0 0 1
    outer loop
      vertex 12.9037 -13.8042 3
      vertex 2.77646 7.60222 3
      vertex 12.6668 -13.9625 3
    endloop
  endfacet
  facet normal -0 0 1
    outer loop
      vertex 2.39158 7.52567 3
      vertex 12.6668 -13.9625 3
      vertex 2.77646 7.60222 3
    endloop
  endfacet
  facet normal 0 0 1
    outer loop
      vertex 12.6668 -13.9625 3
      vertex 2.39158 7.52567 3
      vertex 12.4525 -14.1503 3
    endloop
  endfacet
  facet normal 0 0 1
    outer loop
      vertex 12.4525 -14.1503 3
      vertex 2.39158 7.52567 3
      vertex 12.4514 -14.1514 3
    endloop
  endfacet
  facet normal -0 0 1
    outer loop
      vertex 2 7.5 3
      vertex 12.4514 -14.1514 3
      vertex 2.39158 7.52567 3
    endloop
  endfacet
  facet normal 0 0 1
    outer loop
      vertex 12.4514 -14.1514 3
      vertex 2 7.5 3
      vertex 12.4503 -14.1525 3
    endloop
  endfacet
  facet normal 0 0 1
    outer loop
      vertex 12.4503 -14.1525 3
      vertex 2 7.5 3
      vertex 12.2625 -14.3668 3
    endloop
  endfacet
  facet normal 0 0 1
    outer loop
      vertex 1.60842 7.52567 3
      vertex 12.2625 -14.3668 3
      vertex 2 7.5 3
    endloop
  endfacet
  facet normal 1 -0 0
    outer loop
      vertex 31.5 -16 3
      vertex 31.5 16 0
      vertex 31.5 16 3
    endloop
  endfacet
  facet normal 1 0 0
    outer loop
      vertex 31.5 16 0
      vertex 31.5 -16 3
      vertex 31.5 -16 0
    endloop
  endfacet
  facet normal -0.555626 -0.831432 0
    outer loop
      vertex -29.935 -19.1734 0
      vertex -29.5 -19.4641 3
      vertex -29.935 -19.1734 3
    endloop
  endfacet
  facet normal -0.555626 -0.831432 -0
    outer loop
      vertex -29.5 -19.4641 3
      vertex -29.935 -19.1734 0
      vertex -29.5 -19.4641 0
    endloop
  endfacet
  facet normal -0.997861 -0.0653646 0
    outer loop
      vertex -31.4658 -16.5221 0
      vertex -31.5 -16 3
      vertex -31.5 -16 0
    endloop
  endfacet
  facet normal -0.997861 -0.0653646 0
    outer loop
      vertex -31.5 -16 3
      vertex -31.4658 -16.5221 0
      vertex -31.4658 -16.5221 3
    endloop
  endfacet
  facet normal 0.751842 -0.659343 0
    outer loop
      vertex 30.3284 -18.8284 3
      vertex 30.6734 -18.435 0
      vertex 30.6734 -18.435 3
    endloop
  endfacet
  facet normal 0.751842 -0.659343 0
    outer loop
      vertex 30.6734 -18.435 0
      vertex 30.3284 -18.8284 3
      vertex 30.3284 -18.8284 0
    endloop
  endfacet
  facet normal 0.997861 -0.0653646 0
    outer loop
      vertex 31.4658 -16.5221 3
      vertex 31.5 -16 0
      vertex 31.5 -16 3
    endloop
  endfacet
  facet normal 0.997861 -0.0653646 0
    outer loop
      vertex 31.5 -16 0
      vertex 31.4658 -16.5221 3
      vertex 31.4658 -16.5221 0
    endloop
  endfacet
  facet normal 0.997861 0.0653646 0
    outer loop
      vertex 31.5 16 3
      vertex 31.4658 16.5221 0
      vertex 31.4658 16.5221 3
    endloop
  endfacet
  facet normal 0.997861 0.0653646 0
    outer loop
      vertex 31.4658 16.5221 0
      vertex 31.5 16 3
      vertex 31.5 16 0
    endloop
  endfacet
  facet normal 0 -1 0
    outer loop
      vertex -27.5 -20 0
      vertex 27.5 -20 3
      vertex -27.5 -20 3
    endloop
  endfacet
  facet normal 0 -1 -0
    outer loop
      vertex 27.5 -20 3
      vertex -27.5 -20 0
      vertex 27.5 -20 0
    endloop
  endfacet
  facet normal 0.0653646 -0.997861 0
    outer loop
      vertex 27.5 -20 0
      vertex 28.0221 -19.9658 3
      vertex 27.5 -20 3
    endloop
  endfacet
  facet normal 0.0653646 -0.997861 0
    outer loop
      vertex 28.0221 -19.9658 3
      vertex 27.5 -20 0
      vertex 28.0221 -19.9658 0
    endloop
  endfacet
  facet normal 0.321498 -0.94691 0
    outer loop
      vertex 28.5353 -19.8637 0
      vertex 29.0307 -19.6955 3
      vertex 28.5353 -19.8637 3
    endloop
  endfacet
  facet normal 0.321498 -0.94691 0
    outer loop
      vertex 29.0307 -19.6955 3
      vertex 28.5353 -19.8637 0
      vertex 29.0307 -19.6955 0
    endloop
  endfacet
  facet normal 0 1 -0
    outer loop
      vertex 27.5 20 0
      vertex -27.5 20 3
      vertex 27.5 20 3
    endloop
  endfacet
  facet normal 0 1 0
    outer loop
      vertex -27.5 20 3
      vertex 27.5 20 0
      vertex -27.5 20 0
    endloop
  endfacet
  facet normal 0.896898 0.442238 0
    outer loop
      vertex 31.1955 17.5307 3
      vertex 30.9641 18 0
      vertex 30.9641 18 3
    endloop
  endfacet
  facet normal 0.896898 0.442238 0
    outer loop
      vertex 30.9641 18 0
      vertex 31.1955 17.5307 3
      vertex 31.1955 17.5307 0
    endloop
  endfacet
  facet normal -0.555626 0.831432 0
    outer loop
      vertex -29.5 19.4641 0
      vertex -29.935 19.1734 3
      vertex -29.5 19.4641 3
    endloop
  endfacet
  facet normal -0.555626 0.831432 0
    outer loop
      vertex -29.935 19.1734 3
      vertex -29.5 19.4641 0
      vertex -29.935 19.1734 0
    endloop
  endfacet
  facet normal -1 0 0
    outer loop
      vertex -31.5 -16 0
      vertex -31.5 16 3
      vertex -31.5 16 0
    endloop
  endfacet
  facet normal -1 -0 0
    outer loop
      vertex -31.5 16 3
      vertex -31.5 -16 0
      vertex -31.5 -16 3
    endloop
  endfacet
  facet normal 0.94691 0.321498 0
    outer loop
      vertex 31.3637 17.0353 3
      vertex 31.1955 17.5307 0
      vertex 31.1955 17.5307 3
    endloop
  endfacet
  facet normal 0.94691 0.321498 0
    outer loop
      vertex 31.1955 17.5307 0
      vertex 31.3637 17.0353 3
      vertex 31.3637 17.0353 0
    endloop
  endfacet
  facet normal 0.555626 -0.831432 0
    outer loop
      vertex 29.5 -19.4641 0
      vertex 29.935 -19.1734 3
      vertex 29.5 -19.4641 3
    endloop
  endfacet
  facet normal 0.555626 -0.831432 0
    outer loop
      vertex 29.935 -19.1734 3
      vertex 29.5 -19.4641 0
      vertex 29.935 -19.1734 0
    endloop
  endfacet
  facet normal 0.659343 -0.751842 0
    outer loop
      vertex 29.935 -19.1734 0
      vertex 30.3284 -18.8284 3
      vertex 29.935 -19.1734 3
    endloop
  endfacet
  facet normal 0.659343 -0.751842 0
    outer loop
      vertex 30.3284 -18.8284 3
      vertex 29.935 -19.1734 0
      vertex 30.3284 -18.8284 0
    endloop
  endfacet
  facet normal 0.896898 -0.442238 0
    outer loop
      vertex 30.9641 -18 3
      vertex 31.1955 -17.5307 0
      vertex 31.1955 -17.5307 3
    endloop
  endfacet
  facet normal 0.896898 -0.442238 0
    outer loop
      vertex 31.1955 -17.5307 0
      vertex 30.9641 -18 3
      vertex 30.9641 -18 0
    endloop
  endfacet
  facet normal 0.980779 -0.195124 0
    outer loop
      vertex 31.3637 -17.0353 3
      vertex 31.4658 -16.5221 0
      vertex 31.4658 -16.5221 3
    endloop
  endfacet
  facet normal 0.980779 -0.195124 0
    outer loop
      vertex 31.4658 -16.5221 0
      vertex 31.3637 -17.0353 3
      vertex 31.3637 -17.0353 0
    endloop
  endfacet
  facet normal 0.94691 -0.321498 0
    outer loop
      vertex 31.1955 -17.5307 3
      vertex 31.3637 -17.0353 0
      vertex 31.3637 -17.0353 3
    endloop
  endfacet
  facet normal 0.94691 -0.321498 0
    outer loop
      vertex 31.3637 -17.0353 0
      vertex 31.1955 -17.5307 3
      vertex 31.1955 -17.5307 0
    endloop
  endfacet
  facet normal -0.896898 -0.442238 0
    outer loop
      vertex -30.9641 -18 0
      vertex -31.1955 -17.5307 3
      vertex -31.1955 -17.5307 0
    endloop
  endfacet
  facet normal -0.896898 -0.442238 0
    outer loop
      vertex -31.1955 -17.5307 3
      vertex -30.9641 -18 0
      vertex -30.9641 -18 3
    endloop
  endfacet
  facet normal 0.751842 0.659343 0
    outer loop
      vertex 30.6734 18.435 3
      vertex 30.3284 18.8284 0
      vertex 30.3284 18.8284 3
    endloop
  endfacet
  facet normal 0.751842 0.659343 0
    outer loop
      vertex 30.3284 18.8284 0
      vertex 30.6734 18.435 3
      vertex 30.6734 18.435 0
    endloop
  endfacet
  facet normal -0.321498 0.94691 0
    outer loop
      vertex -28.5353 19.8637 0
      vertex -29.0307 19.6955 3
      vertex -28.5353 19.8637 3
    endloop
  endfacet
  facet normal -0.321498 0.94691 0
    outer loop
      vertex -29.0307 19.6955 3
      vertex -28.5353 19.8637 0
      vertex -29.0307 19.6955 0
    endloop
  endfacet
  facet normal -0.195124 0.980779 0
    outer loop
      vertex -28.0221 19.9658 0
      vertex -28.5353 19.8637 3
      vertex -28.0221 19.9658 3
    endloop
  endfacet
  facet normal -0.195124 0.980779 0
    outer loop
      vertex -28.5353 19.8637 3
      vertex -28.0221 19.9658 0
      vertex -28.5353 19.8637 0
    endloop
  endfacet
  facet normal 0.0653646 0.997861 -0
    outer loop
      vertex 28.0221 19.9658 0
      vertex 27.5 20 3
      vertex 28.0221 19.9658 3
    endloop
  endfacet
  facet normal 0.0653646 0.997861 0
    outer loop
      vertex 27.5 20 3
      vertex 28.0221 19.9658 0
      vertex 27.5 20 0
    endloop
  endfacet
  facet normal 0.321498 0.94691 -0
    outer loop
      vertex 29.0307 19.6955 0
      vertex 28.5353 19.8637 3
      vertex 29.0307 19.6955 3
    endloop
  endfacet
  facet normal 0.321498 0.94691 0
    outer loop
      vertex 28.5353 19.8637 3
      vertex 29.0307 19.6955 0
      vertex 28.5353 19.8637 0
    endloop
  endfacet
  facet normal 0.442238 0.896898 -0
    outer loop
      vertex 29.5 19.4641 0
      vertex 29.0307 19.6955 3
      vertex 29.5 19.4641 3
    endloop
  endfacet
  facet normal 0.442238 0.896898 0
    outer loop
      vertex 29.0307 19.6955 3
      vertex 29.5 19.4641 0
      vertex 29.0307 19.6955 0
    endloop
  endfacet
  facet normal -0.751842 0.659343 0
    outer loop
      vertex -30.6734 18.435 0
      vertex -30.3284 18.8284 3
      vertex -30.3284 18.8284 0
    endloop
  endfacet
  facet normal -0.751842 0.659343 0
    outer loop
      vertex -30.3284 18.8284 3
      vertex -30.6734 18.435 0
      vertex -30.6734 18.435 3
    endloop
  endfacet
  facet normal -0.980779 0.195124 0
    outer loop
      vertex -31.4658 16.5221 0
      vertex -31.3637 17.0353 3
      vertex -31.3637 17.0353 0
    endloop
  endfacet
  facet normal -0.980779 0.195124 0
    outer loop
      vertex -31.3637 17.0353 3
      vertex -31.4658 16.5221 0
      vertex -31.4658 16.5221 3
    endloop
  endfacet
  facet normal -0.94691 0.321498 0
    outer loop
      vertex -31.3637 17.0353 0
      vertex -31.1955 17.5307 3
      vertex -31.1955 17.5307 0
    endloop
  endfacet
  facet normal -0.94691 0.321498 0
    outer loop
      vertex -31.1955 17.5307 3
      vertex -31.3637 17.0353 0
      vertex -31.3637 17.0353 3
    endloop
  endfacet
  facet normal -0.831432 0.555626 0
    outer loop
      vertex -30.9641 18 0
      vertex -30.6734 18.435 3
      vertex -30.6734 18.435 0
    endloop
  endfacet
  facet normal -0.831432 0.555626 0
    outer loop
      vertex -30.6734 18.435 3
      vertex -30.9641 18 0
      vertex -30.9641 18 3
    endloop
  endfacet
  facet normal 0.831432 -0.555626 0
    outer loop
      vertex 30.6734 -18.435 3
      vertex 30.9641 -18 0
      vertex 30.9641 -18 3
    endloop
  endfacet
  facet normal 0.831432 -0.555626 0
    outer loop
      vertex 30.9641 -18 0
      vertex 30.6734 -18.435 3
      vertex 30.6734 -18.435 0
    endloop
  endfacet
  facet normal 0.980779 0.195124 0
    outer loop
      vertex 31.4658 16.5221 3
      vertex 31.3637 17.0353 0
      vertex 31.3637 17.0353 3
    endloop
  endfacet
  facet normal 0.980779 0.195124 0
    outer loop
      vertex 31.3637 17.0353 0
      vertex 31.4658 16.5221 3
      vertex 31.4658 16.5221 0
    endloop
  endfacet
  facet normal -0.831432 -0.555626 0
    outer loop
      vertex -30.6734 -18.435 0
      vertex -30.9641 -18 3
      vertex -30.9641 -18 0
    endloop
  endfacet
  facet normal -0.831432 -0.555626 0
    outer loop
      vertex -30.9641 -18 3
      vertex -30.6734 -18.435 0
      vertex -30.6734 -18.435 3
    endloop
  endfacet
  facet normal -0.0653646 -0.997861 0
    outer loop
      vertex -28.0221 -19.9658 0
      vertex -27.5 -20 3
      vertex -28.0221 -19.9658 3
    endloop
  endfacet
  facet normal -0.0653646 -0.997861 -0
    outer loop
      vertex -27.5 -20 3
      vertex -28.0221 -19.9658 0
      vertex -27.5 -20 0
    endloop
  endfacet
  facet normal 0.195124 -0.980779 0
    outer loop
      vertex 28.0221 -19.9658 0
      vertex 28.5353 -19.8637 3
      vertex 28.0221 -19.9658 3
    endloop
  endfacet
  facet normal 0.195124 -0.980779 0
    outer loop
      vertex 28.5353 -19.8637 3
      vertex 28.0221 -19.9658 0
      vertex 28.5353 -19.8637 0
    endloop
  endfacet
  facet normal 0.442238 -0.896898 0
    outer loop
      vertex 29.0307 -19.6955 0
      vertex 29.5 -19.4641 3
      vertex 29.0307 -19.6955 3
    endloop
  endfacet
  facet normal 0.442238 -0.896898 0
    outer loop
      vertex 29.5 -19.4641 3
      vertex 29.0307 -19.6955 0
      vertex 29.5 -19.4641 0
    endloop
  endfacet
  facet normal -0.980779 -0.195124 0
    outer loop
      vertex -31.3637 -17.0353 0
      vertex -31.4658 -16.5221 3
      vertex -31.4658 -16.5221 0
    endloop
  endfacet
  facet normal -0.980779 -0.195124 0
    outer loop
      vertex -31.4658 -16.5221 3
      vertex -31.3637 -17.0353 0
      vertex -31.3637 -17.0353 3
    endloop
  endfacet
  facet normal -0.442238 0.896898 0
    outer loop
      vertex -29.0307 19.6955 0
      vertex -29.5 19.4641 3
      vertex -29.0307 19.6955 3
    endloop
  endfacet
  facet normal -0.442238 0.896898 0
    outer loop
      vertex -29.5 19.4641 3
      vertex -29.0307 19.6955 0
      vertex -29.5 19.4641 0
    endloop
  endfacet
  facet normal -0.0653646 0.997861 0
    outer loop
      vertex -27.5 20 0
      vertex -28.0221 19.9658 3
      vertex -27.5 20 3
    endloop
  endfacet
  facet normal -0.0653646 0.997861 0
    outer loop
      vertex -28.0221 19.9658 3
      vertex -27.5 20 0
      vertex -28.0221 19.9658 0
    endloop
  endfacet
  facet normal 0.195124 0.980779 -0
    outer loop
      vertex 28.5353 19.8637 0
      vertex 28.0221 19.9658 3
      vertex 28.5353 19.8637 3
    endloop
  endfacet
  facet normal 0.195124 0.980779 0
    outer loop
      vertex 28.0221 19.9658 3
      vertex 28.5353 19.8637 0
      vertex 28.0221 19.9658 0
    endloop
  endfacet
  facet normal 0.555626 0.831432 -0
    outer loop
      vertex 29.935 19.1734 0
      vertex 29.5 19.4641 3
      vertex 29.935 19.1734 3
    endloop
  endfacet
  facet normal 0.555626 0.831432 0
    outer loop
      vertex 29.5 19.4641 3
      vertex 29.935 19.1734 0
      vertex 29.5 19.4641 0
    endloop
  endfacet
  facet normal 0.831432 0.555626 0
    outer loop
      vertex 30.9641 18 3
      vertex 30.6734 18.435 0
      vertex 30.6734 18.435 3
    endloop
  endfacet
  facet normal 0.831432 0.555626 0
    outer loop
      vertex 30.6734 18.435 0
      vertex 30.9641 18 3
      vertex 30.9641 18 0
    endloop
  endfacet
  facet normal 0.659343 0.751842 -0
    outer loop
      vertex 30.3284 18.8284 0
      vertex 29.935 19.1734 3
      vertex 30.3284 18.8284 3
    endloop
  endfacet
  facet normal 0.659343 0.751842 0
    outer loop
      vertex 29.935 19.1734 3
      vertex 30.3284 18.8284 0
      vertex 29.935 19.1734 0
    endloop
  endfacet
  facet normal -0.997861 0.0653646 0
    outer loop
      vertex -31.5 16 0
      vertex -31.4658 16.5221 3
      vertex -31.4658 16.5221 0
    endloop
  endfacet
  facet normal -0.997861 0.0653646 0
    outer loop
      vertex -31.4658 16.5221 3
      vertex -31.5 16 0
      vertex -31.5 16 3
    endloop
  endfacet
  facet normal -0.896898 0.442238 0
    outer loop
      vertex -31.1955 17.5307 0
      vertex -30.9641 18 3
      vertex -30.9641 18 0
    endloop
  endfacet
  facet normal -0.896898 0.442238 0
    outer loop
      vertex -30.9641 18 3
      vertex -31.1955 17.5307 0
      vertex -31.1955 17.5307 3
    endloop
  endfacet
  facet normal -0.659343 0.751842 0
    outer loop
      vertex -29.935 19.1734 0
      vertex -30.3284 18.8284 3
      vertex -29.935 19.1734 3
    endloop
  endfacet
  facet normal -0.659343 0.751842 0
    outer loop
      vertex -30.3284 18.8284 3
      vertex -29.935 19.1734 0
      vertex -30.3284 18.8284 0
    endloop
  endfacet
  facet normal -0.94691 -0.321498 0
    outer loop
      vertex -31.1955 -17.5307 0
      vertex -31.3637 -17.0353 3
      vertex -31.3637 -17.0353 0
    endloop
  endfacet
  facet normal -0.94691 -0.321498 0
    outer loop
      vertex -31.3637 -17.0353 3
      vertex -31.1955 -17.5307 0
      vertex -31.1955 -17.5307 3
    endloop
  endfacet
  facet normal -0.751842 -0.659343 0
    outer loop
      vertex -30.3284 -18.8284 0
      vertex -30.6734 -18.435 3
      vertex -30.6734 -18.435 0
    endloop
  endfacet
  facet normal -0.751842 -0.659343 0
    outer loop
      vertex -30.6734 -18.435 3
      vertex -30.3284 -18.8284 0
      vertex -30.3284 -18.8284 3
    endloop
  endfacet
  facet normal -0.442238 -0.896898 0
    outer loop
      vertex -29.5 -19.4641 0
      vertex -29.0307 -19.6955 3
      vertex -29.5 -19.4641 3
    endloop
  endfacet
  facet normal -0.442238 -0.896898 -0
    outer loop
      vertex -29.0307 -19.6955 3
      vertex -29.5 -19.4641 0
      vertex -29.0307 -19.6955 0
    endloop
  endfacet
  facet normal -0.321498 -0.94691 0
    outer loop
      vertex -29.0307 -19.6955 0
      vertex -28.5353 -19.8637 3
      vertex -29.0307 -19.6955 3
    endloop
  endfacet
  facet normal -0.321498 -0.94691 -0
    outer loop
      vertex -28.5353 -19.8637 3
      vertex -29.0307 -19.6955 0
      vertex -28.5353 -19.8637 0
    endloop
  endfacet
  facet normal -0.659343 -0.751842 0
    outer loop
      vertex -30.3284 -18.8284 0
      vertex -29.935 -19.1734 3
      vertex -30.3284 -18.8284 3
    endloop
  endfacet
  facet normal -0.659343 -0.751842 -0
    outer loop
      vertex -29.935 -19.1734 3
      vertex -30.3284 -18.8284 0
      vertex -29.935 -19.1734 0
    endloop
  endfacet
  facet normal -0.195124 -0.980779 0
    outer loop
      vertex -28.5353 -19.8637 0
      vertex -28.0221 -19.9658 3
      vertex -28.5353 -19.8637 3
    endloop
  endfacet
  facet normal -0.195124 -0.980779 -0
    outer loop
      vertex -28.0221 -19.9658 3
      vertex -28.5353 -19.8637 0
      vertex -28.0221 -19.9658 0
    endloop
  endfacet
  facet normal -0.997863 -0.0653439 0
    outer loop
      vertex -11.25 10.5 -2
      vertex -11.2906 11.12 1.5
      vertex -11.2906 11.12 -2
    endloop
  endfacet
  facet normal -0.997863 -0.0653439 0
    outer loop
      vertex -11.2906 11.12 1.5
      vertex -11.25 10.5 -2
      vertex -11.25 10.5 1.5
    endloop
  endfacet
  facet normal 0.997863 -0.0653439 0
    outer loop
      vertex -20.75 10.5 1.5
      vertex -20.7094 11.12 -2
      vertex -20.7094 11.12 1.5
    endloop
  endfacet
  facet normal 0.997863 -0.0653439 0
    outer loop
      vertex -20.7094 11.12 -2
      vertex -20.75 10.5 1.5
      vertex -20.75 10.5 -2
    endloop
  endfacet
  facet normal -0.0653439 -0.997863 0
    outer loop
      vertex -16 15.25 -2
      vertex -15.38 15.2094 1.5
      vertex -16 15.25 1.5
    endloop
  endfacet
  facet normal -0.0653439 -0.997863 -0
    outer loop
      vertex -15.38 15.2094 1.5
      vertex -16 15.25 -2
      vertex -15.38 15.2094 -2
    endloop
  endfacet
  facet normal -0.751938 -0.659234 0
    outer loop
      vertex -12.2316 13.3916 -2
      vertex -12.6412 13.8588 1.5
      vertex -12.6412 13.8588 -2
    endloop
  endfacet
  facet normal -0.751938 -0.659234 0
    outer loop
      vertex -12.6412 13.8588 1.5
      vertex -12.2316 13.3916 -2
      vertex -12.2316 13.3916 1.5
    endloop
  endfacet
  facet normal 0.659234 -0.751938 0
    outer loop
      vertex -19.3588 13.8588 -2
      vertex -18.8916 14.2684 1.5
      vertex -19.3588 13.8588 1.5
    endloop
  endfacet
  facet normal 0.659234 -0.751938 0
    outer loop
      vertex -18.8916 14.2684 1.5
      vertex -19.3588 13.8588 -2
      vertex -18.8916 14.2684 -2
    endloop
  endfacet
  facet normal 0.321438 -0.946931 0
    outer loop
      vertex -17.8177 14.8884 -2
      vertex -17.2294 15.0881 1.5
      vertex -17.8177 14.8884 1.5
    endloop
  endfacet
  facet normal 0.321438 -0.946931 0
    outer loop
      vertex -17.2294 15.0881 1.5
      vertex -17.8177 14.8884 -2
      vertex -17.2294 15.0881 -2
    endloop
  endfacet
  facet normal -0.946931 -0.321438 0
    outer loop
      vertex -11.4119 11.7294 -2
      vertex -11.6116 12.3177 1.5
      vertex -11.6116 12.3177 -2
    endloop
  endfacet
  facet normal -0.946931 -0.321438 0
    outer loop
      vertex -11.6116 12.3177 1.5
      vertex -11.4119 11.7294 -2
      vertex -11.4119 11.7294 1.5
    endloop
  endfacet
  facet normal -0.98076 -0.195219 0
    outer loop
      vertex -11.2906 11.12 -2
      vertex -11.4119 11.7294 1.5
      vertex -11.4119 11.7294 -2
    endloop
  endfacet
  facet normal -0.98076 -0.195219 0
    outer loop
      vertex -11.4119 11.7294 1.5
      vertex -11.2906 11.12 -2
      vertex -11.2906 11.12 1.5
    endloop
  endfacet
  facet normal -0.896892 -0.44225 0
    outer loop
      vertex -11.6116 12.3177 -2
      vertex -11.8864 12.875 1.5
      vertex -11.8864 12.875 -2
    endloop
  endfacet
  facet normal -0.896892 -0.44225 0
    outer loop
      vertex -11.8864 12.875 1.5
      vertex -11.6116 12.3177 -2
      vertex -11.6116 12.3177 1.5
    endloop
  endfacet
  facet normal -0.44225 -0.896892 0
    outer loop
      vertex -14.1823 14.8884 -2
      vertex -13.625 14.6136 1.5
      vertex -14.1823 14.8884 1.5
    endloop
  endfacet
  facet normal -0.44225 -0.896892 -0
    outer loop
      vertex -13.625 14.6136 1.5
      vertex -14.1823 14.8884 -2
      vertex -13.625 14.6136 -2
    endloop
  endfacet
  facet normal -0.555591 -0.831456 0
    outer loop
      vertex -13.625 14.6136 -2
      vertex -13.1084 14.2684 1.5
      vertex -13.625 14.6136 1.5
    endloop
  endfacet
  facet normal -0.555591 -0.831456 -0
    outer loop
      vertex -13.1084 14.2684 1.5
      vertex -13.625 14.6136 -2
      vertex -13.1084 14.2684 -2
    endloop
  endfacet
  facet normal 0.896892 -0.44225 0
    outer loop
      vertex -20.3884 12.3177 1.5
      vertex -20.1136 12.875 -2
      vertex -20.1136 12.875 1.5
    endloop
  endfacet
  facet normal 0.896892 -0.44225 0
    outer loop
      vertex -20.1136 12.875 -2
      vertex -20.3884 12.3177 1.5
      vertex -20.3884 12.3177 -2
    endloop
  endfacet
  facet normal 0 0 -1
    outer loop
      vertex -13 10.5 1.5
      vertex -11.25 10.5 1.5
      vertex -11.2906 9.88 1.5
    endloop
  endfacet
  facet normal 0 0 -1
    outer loop
      vertex -13.0257 10.1084 1.5
      vertex -11.2906 9.88 1.5
      vertex -11.4119 9.27061 1.5
    endloop
  endfacet
  facet normal 0 0 -1
    outer loop
      vertex -11.25 10.5 1.5
      vertex -13 10.5 1.5
      vertex -11.2906 11.12 1.5
    endloop
  endfacet
  facet normal 0 0 -1
    outer loop
      vertex -13.1022 9.72354 1.5
      vertex -11.4119 9.27061 1.5
      vertex -11.6116 8.68225 1.5
    endloop
  endfacet
  facet normal 0 0 -1
    outer loop
      vertex -13.0257 10.8916 1.5
      vertex -11.2906 11.12 1.5
      vertex -13 10.5 1.5
    endloop
  endfacet
  facet normal 0 0 -1
    outer loop
      vertex -13.2284 9.35195 1.5
      vertex -11.6116 8.68225 1.5
      vertex -11.8864 8.125 1.5
    endloop
  endfacet
  facet normal -0 0 -1
    outer loop
      vertex -11.2906 11.12 1.5
      vertex -13.0257 10.8916 1.5
      vertex -11.4119 11.7294 1.5
    endloop
  endfacet
  facet normal 0 0 -1
    outer loop
      vertex -13.4019 9 1.5
      vertex -11.8864 8.125 1.5
      vertex -12.2316 7.60838 1.5
    endloop
  endfacet
  facet normal 0 0 -1
    outer loop
      vertex -13.1022 11.2765 1.5
      vertex -11.4119 11.7294 1.5
      vertex -13.0257 10.8916 1.5
    endloop
  endfacet
  facet normal 0 0 -1
    outer loop
      vertex -13.6199 8.67372 1.5
      vertex -12.2316 7.60838 1.5
      vertex -12.6412 7.14124 1.5
    endloop
  endfacet
  facet normal -0 0 -1
    outer loop
      vertex -11.4119 11.7294 1.5
      vertex -13.1022 11.2765 1.5
      vertex -11.6116 12.3177 1.5
    endloop
  endfacet
  facet normal 0 0 -1
    outer loop
      vertex -13.2284 11.648 1.5
      vertex -11.6116 12.3177 1.5
      vertex -13.1022 11.2765 1.5
    endloop
  endfacet
  facet normal 0 0 -1
    outer loop
      vertex -11.2906 9.88 1.5
      vertex -13.0257 10.1084 1.5
      vertex -13 10.5 1.5
    endloop
  endfacet
  facet normal 0 0 -1
    outer loop
      vertex -11.4119 9.27061 1.5
      vertex -13.1022 9.72354 1.5
      vertex -13.0257 10.1084 1.5
    endloop
  endfacet
  facet normal 0 0 -1
    outer loop
      vertex -13.8787 8.37868 1.5
      vertex -12.6412 7.14124 1.5
      vertex -13.1084 6.73157 1.5
    endloop
  endfacet
  facet normal 0 0 -1
    outer loop
      vertex -11.6116 8.68225 1.5
      vertex -13.2284 9.35195 1.5
      vertex -13.1022 9.72354 1.5
    endloop
  endfacet
  facet normal 0 0 -1
    outer loop
      vertex -11.8864 8.125 1.5
      vertex -13.4019 9 1.5
      vertex -13.2284 9.35195 1.5
    endloop
  endfacet
  facet normal 0 0 -1
    outer loop
      vertex -12.2316 7.60838 1.5
      vertex -13.6199 8.67372 1.5
      vertex -13.4019 9 1.5
    endloop
  endfacet
  facet normal 0 0 -1
    outer loop
      vertex -14.1737 8.11994 1.5
      vertex -13.1084 6.73157 1.5
      vertex -13.625 6.38638 1.5
    endloop
  endfacet
  facet normal 0 0 -1
    outer loop
      vertex -12.6412 7.14124 1.5
      vertex -13.8787 8.37868 1.5
      vertex -13.6199 8.67372 1.5
    endloop
  endfacet
  facet normal 0 0 -1
    outer loop
      vertex -13.1084 6.73157 1.5
      vertex -14.1737 8.11994 1.5
      vertex -13.8787 8.37868 1.5
    endloop
  endfacet
  facet normal 0 0 -1
    outer loop
      vertex -14.5 7.90192 1.5
      vertex -13.625 6.38638 1.5
      vertex -14.1823 6.11157 1.5
    endloop
  endfacet
  facet normal 0 0 -1
    outer loop
      vertex -13.625 6.38638 1.5
      vertex -14.5 7.90192 1.5
      vertex -14.1737 8.11994 1.5
    endloop
  endfacet
  facet normal 0 0 -1
    outer loop
      vertex -14.852 7.72836 1.5
      vertex -14.1823 6.11157 1.5
      vertex -14.7706 5.91185 1.5
    endloop
  endfacet
  facet normal 0 0 -1
    outer loop
      vertex -14.1823 6.11157 1.5
      vertex -14.852 7.72836 1.5
      vertex -14.5 7.90192 1.5
    endloop
  endfacet
  facet normal 0 0 -1
    outer loop
      vertex -14.7706 5.91185 1.5
      vertex -15.2235 7.60222 1.5
      vertex -14.852 7.72836 1.5
    endloop
  endfacet
  facet normal 0 0 -1
    outer loop
      vertex -15.38 5.79064 1.5
      vertex -15.2235 7.60222 1.5
      vertex -14.7706 5.91185 1.5
    endloop
  endfacet
  facet normal 0 0 -1
    outer loop
      vertex -15.38 5.79064 1.5
      vertex -15.6084 7.52567 1.5
      vertex -15.2235 7.60222 1.5
    endloop
  endfacet
  facet normal 0 0 -1
    outer loop
      vertex -16 5.75 1.5
      vertex -15.6084 7.52567 1.5
      vertex -15.38 5.79064 1.5
    endloop
  endfacet
  facet normal 0 0 -1
    outer loop
      vertex -16 5.75 1.5
      vertex -16 7.5 1.5
      vertex -15.6084 7.52567 1.5
    endloop
  endfacet
  facet normal 0 0 -1
    outer loop
      vertex -16 5.75 1.5
      vertex -16.3916 7.52567 1.5
      vertex -16 7.5 1.5
    endloop
  endfacet
  facet normal 0 0 -1
    outer loop
      vertex -16.62 5.79064 1.5
      vertex -16.3916 7.52567 1.5
      vertex -16 5.75 1.5
    endloop
  endfacet
  facet normal 0 0 -1
    outer loop
      vertex -16.62 5.79064 1.5
      vertex -16.7765 7.60222 1.5
      vertex -16.3916 7.52567 1.5
    endloop
  endfacet
  facet normal 0 0 -1
    outer loop
      vertex -17.2294 5.91185 1.5
      vertex -16.7765 7.60222 1.5
      vertex -16.62 5.79064 1.5
    endloop
  endfacet
  facet normal -0 0 -1
    outer loop
      vertex -16.7765 7.60222 1.5
      vertex -17.2294 5.91185 1.5
      vertex -17.148 7.72836 1.5
    endloop
  endfacet
  facet normal 0 0 -1
    outer loop
      vertex -17.8177 6.11157 1.5
      vertex -17.148 7.72836 1.5
      vertex -17.2294 5.91185 1.5
    endloop
  endfacet
  facet normal -0 0 -1
    outer loop
      vertex -17.148 7.72836 1.5
      vertex -17.8177 6.11157 1.5
      vertex -17.5 7.90192 1.5
    endloop
  endfacet
  facet normal 0 0 -1
    outer loop
      vertex -18.375 6.38638 1.5
      vertex -17.5 7.90192 1.5
      vertex -17.8177 6.11157 1.5
    endloop
  endfacet
  facet normal -0 0 -1
    outer loop
      vertex -17.5 7.90192 1.5
      vertex -18.375 6.38638 1.5
      vertex -17.8263 8.11994 1.5
    endloop
  endfacet
  facet normal 0 0 -1
    outer loop
      vertex -18.8916 6.73157 1.5
      vertex -17.8263 8.11994 1.5
      vertex -18.375 6.38638 1.5
    endloop
  endfacet
  facet normal -0 0 -1
    outer loop
      vertex -17.8263 8.11994 1.5
      vertex -18.8916 6.73157 1.5
      vertex -18.1213 8.37868 1.5
    endloop
  endfacet
  facet normal 0 0 -1
    outer loop
      vertex -19.3588 7.14124 1.5
      vertex -18.1213 8.37868 1.5
      vertex -18.8916 6.73157 1.5
    endloop
  endfacet
  facet normal -0 0 -1
    outer loop
      vertex -18.1213 8.37868 1.5
      vertex -19.3588 7.14124 1.5
      vertex -18.3801 8.67372 1.5
    endloop
  endfacet
  facet normal 0 0 -1
    outer loop
      vertex -19.7684 7.60838 1.5
      vertex -18.3801 8.67372 1.5
      vertex -19.3588 7.14124 1.5
    endloop
  endfacet
  facet normal -0 0 -1
    outer loop
      vertex -18.3801 8.67372 1.5
      vertex -19.7684 7.60838 1.5
      vertex -18.5981 9 1.5
    endloop
  endfacet
  facet normal 0 0 -1
    outer loop
      vertex -20.1136 8.125 1.5
      vertex -18.5981 9 1.5
      vertex -19.7684 7.60838 1.5
    endloop
  endfacet
  facet normal -0 0 -1
    outer loop
      vertex -18.5981 9 1.5
      vertex -20.1136 8.125 1.5
      vertex -18.7716 9.35195 1.5
    endloop
  endfacet
  facet normal 0 0 -1
    outer loop
      vertex -20.3884 8.68225 1.5
      vertex -18.7716 9.35195 1.5
      vertex -20.1136 8.125 1.5
    endloop
  endfacet
  facet normal -0 0 -1
    outer loop
      vertex -11.6116 12.3177 1.5
      vertex -13.2284 11.648 1.5
      vertex -11.8864 12.875 1.5
    endloop
  endfacet
  facet normal 0 0 -1
    outer loop
      vertex -13.4019 12 1.5
      vertex -11.8864 12.875 1.5
      vertex -13.2284 11.648 1.5
    endloop
  endfacet
  facet normal -0 0 -1
    outer loop
      vertex -11.8864 12.875 1.5
      vertex -13.4019 12 1.5
      vertex -12.2316 13.3916 1.5
    endloop
  endfacet
  facet normal 0 0 -1
    outer loop
      vertex -13.6199 12.3263 1.5
      vertex -12.2316 13.3916 1.5
      vertex -13.4019 12 1.5
    endloop
  endfacet
  facet normal -0 0 -1
    outer loop
      vertex -12.2316 13.3916 1.5
      vertex -13.6199 12.3263 1.5
      vertex -12.6412 13.8588 1.5
    endloop
  endfacet
  facet normal 0 0 -1
    outer loop
      vertex -13.8787 12.6213 1.5
      vertex -12.6412 13.8588 1.5
      vertex -13.6199 12.3263 1.5
    endloop
  endfacet
  facet normal -0 0 -1
    outer loop
      vertex -12.6412 13.8588 1.5
      vertex -13.8787 12.6213 1.5
      vertex -13.1084 14.2684 1.5
    endloop
  endfacet
  facet normal 0 0 -1
    outer loop
      vertex -14.1737 12.8801 1.5
      vertex -13.1084 14.2684 1.5
      vertex -13.8787 12.6213 1.5
    endloop
  endfacet
  facet normal -0 0 -1
    outer loop
      vertex -13.1084 14.2684 1.5
      vertex -14.1737 12.8801 1.5
      vertex -13.625 14.6136 1.5
    endloop
  endfacet
  facet normal 0 0 -1
    outer loop
      vertex -14.5 13.0981 1.5
      vertex -13.625 14.6136 1.5
      vertex -14.1737 12.8801 1.5
    endloop
  endfacet
  facet normal -0 0 -1
    outer loop
      vertex -13.625 14.6136 1.5
      vertex -14.5 13.0981 1.5
      vertex -14.1823 14.8884 1.5
    endloop
  endfacet
  facet normal 0 0 -1
    outer loop
      vertex -14.852 13.2716 1.5
      vertex -14.1823 14.8884 1.5
      vertex -14.5 13.0981 1.5
    endloop
  endfacet
  facet normal -0 0 -1
    outer loop
      vertex -14.1823 14.8884 1.5
      vertex -14.852 13.2716 1.5
      vertex -14.7706 15.0881 1.5
    endloop
  endfacet
  facet normal 0 0 -1
    outer loop
      vertex -15.2235 13.3978 1.5
      vertex -14.7706 15.0881 1.5
      vertex -14.852 13.2716 1.5
    endloop
  endfacet
  facet normal 0 0 -1
    outer loop
      vertex -15.2235 13.3978 1.5
      vertex -15.38 15.2094 1.5
      vertex -14.7706 15.0881 1.5
    endloop
  endfacet
  facet normal 0 0 -1
    outer loop
      vertex -15.6084 13.4743 1.5
      vertex -15.38 15.2094 1.5
      vertex -15.2235 13.3978 1.5
    endloop
  endfacet
  facet normal 0 0 -1
    outer loop
      vertex -16 13.5 1.5
      vertex -15.38 15.2094 1.5
      vertex -15.6084 13.4743 1.5
    endloop
  endfacet
  facet normal 0 0 -1
    outer loop
      vertex -16 13.5 1.5
      vertex -16 15.25 1.5
      vertex -15.38 15.2094 1.5
    endloop
  endfacet
  facet normal 0 0 -1
    outer loop
      vertex -16.3916 13.4743 1.5
      vertex -16 15.25 1.5
      vertex -16 13.5 1.5
    endloop
  endfacet
  facet normal 0 0 -1
    outer loop
      vertex -16.3916 13.4743 1.5
      vertex -16.62 15.2094 1.5
      vertex -16 15.25 1.5
    endloop
  endfacet
  facet normal 0 0 -1
    outer loop
      vertex -16.7765 13.3978 1.5
      vertex -16.62 15.2094 1.5
      vertex -16.3916 13.4743 1.5
    endloop
  endfacet
  facet normal 0 0 -1
    outer loop
      vertex -17.2294 15.0881 1.5
      vertex -16.7765 13.3978 1.5
      vertex -17.148 13.2716 1.5
    endloop
  endfacet
  facet normal 0 0 -1
    outer loop
      vertex -16.7765 13.3978 1.5
      vertex -17.2294 15.0881 1.5
      vertex -16.62 15.2094 1.5
    endloop
  endfacet
  facet normal 0 0 -1
    outer loop
      vertex -17.8177 14.8884 1.5
      vertex -17.148 13.2716 1.5
      vertex -17.5 13.0981 1.5
    endloop
  endfacet
  facet normal 0 0 -1
    outer loop
      vertex -17.148 13.2716 1.5
      vertex -17.8177 14.8884 1.5
      vertex -17.2294 15.0881 1.5
    endloop
  endfacet
  facet normal 0 0 -1
    outer loop
      vertex -18.375 14.6136 1.5
      vertex -17.5 13.0981 1.5
      vertex -17.8263 12.8801 1.5
    endloop
  endfacet
  facet normal 0 0 -1
    outer loop
      vertex -18.8916 14.2684 1.5
      vertex -17.8263 12.8801 1.5
      vertex -18.1213 12.6213 1.5
    endloop
  endfacet
  facet normal 0 0 -1
    outer loop
      vertex -17.5 13.0981 1.5
      vertex -18.375 14.6136 1.5
      vertex -17.8177 14.8884 1.5
    endloop
  endfacet
  facet normal 0 0 -1
    outer loop
      vertex -19.3588 13.8588 1.5
      vertex -18.1213 12.6213 1.5
      vertex -18.3801 12.3263 1.5
    endloop
  endfacet
  facet normal 0 0 -1
    outer loop
      vertex -19.7684 13.3916 1.5
      vertex -18.3801 12.3263 1.5
      vertex -18.5981 12 1.5
    endloop
  endfacet
  facet normal 0 0 -1
    outer loop
      vertex -20.1136 12.875 1.5
      vertex -18.5981 12 1.5
      vertex -18.7716 11.648 1.5
    endloop
  endfacet
  facet normal 0 0 -1
    outer loop
      vertex -17.8263 12.8801 1.5
      vertex -18.8916 14.2684 1.5
      vertex -18.375 14.6136 1.5
    endloop
  endfacet
  facet normal 0 0 -1
    outer loop
      vertex -20.3884 12.3177 1.5
      vertex -18.7716 11.648 1.5
      vertex -18.8978 11.2765 1.5
    endloop
  endfacet
  facet normal 0 0 -1
    outer loop
      vertex -20.5881 11.7294 1.5
      vertex -18.8978 11.2765 1.5
      vertex -18.9743 10.8916 1.5
    endloop
  endfacet
  facet normal 0 0 -1
    outer loop
      vertex -20.7094 11.12 1.5
      vertex -18.9743 10.8916 1.5
      vertex -19 10.5 1.5
    endloop
  endfacet
  facet normal -0 0 -1
    outer loop
      vertex -18.7716 9.35195 1.5
      vertex -20.3884 8.68225 1.5
      vertex -18.8978 9.72354 1.5
    endloop
  endfacet
  facet normal 0 0 -1
    outer loop
      vertex -18.1213 12.6213 1.5
      vertex -19.3588 13.8588 1.5
      vertex -18.8916 14.2684 1.5
    endloop
  endfacet
  facet normal 0 0 -1
    outer loop
      vertex -20.5881 9.27061 1.5
      vertex -18.8978 9.72354 1.5
      vertex -20.3884 8.68225 1.5
    endloop
  endfacet
  facet normal 0 0 -1
    outer loop
      vertex -18.3801 12.3263 1.5
      vertex -19.7684 13.3916 1.5
      vertex -19.3588 13.8588 1.5
    endloop
  endfacet
  facet normal -0 0 -1
    outer loop
      vertex -18.8978 9.72354 1.5
      vertex -20.5881 9.27061 1.5
      vertex -18.9743 10.1084 1.5
    endloop
  endfacet
  facet normal 0 0 -1
    outer loop
      vertex -18.5981 12 1.5
      vertex -20.1136 12.875 1.5
      vertex -19.7684 13.3916 1.5
    endloop
  endfacet
  facet normal 0 0 -1
    outer loop
      vertex -20.7094 9.88 1.5
      vertex -18.9743 10.1084 1.5
      vertex -20.5881 9.27061 1.5
    endloop
  endfacet
  facet normal 0 0 -1
    outer loop
      vertex -18.7716 11.648 1.5
      vertex -20.3884 12.3177 1.5
      vertex -20.1136 12.875 1.5
    endloop
  endfacet
  facet normal -0 0 -1
    outer loop
      vertex -18.9743 10.1084 1.5
      vertex -20.7094 9.88 1.5
      vertex -19 10.5 1.5
    endloop
  endfacet
  facet normal 0 0 -1
    outer loop
      vertex -18.8978 11.2765 1.5
      vertex -20.5881 11.7294 1.5
      vertex -20.3884 12.3177 1.5
    endloop
  endfacet
  facet normal 0 0 -1
    outer loop
      vertex -20.75 10.5 1.5
      vertex -19 10.5 1.5
      vertex -20.7094 9.88 1.5
    endloop
  endfacet
  facet normal 0 0 -1
    outer loop
      vertex -18.9743 10.8916 1.5
      vertex -20.7094 11.12 1.5
      vertex -20.5881 11.7294 1.5
    endloop
  endfacet
  facet normal 0 0 -1
    outer loop
      vertex -19 10.5 1.5
      vertex -20.75 10.5 1.5
      vertex -20.7094 11.12 1.5
    endloop
  endfacet
  facet normal 0.44225 -0.896892 0
    outer loop
      vertex -18.375 14.6136 -2
      vertex -17.8177 14.8884 1.5
      vertex -18.375 14.6136 1.5
    endloop
  endfacet
  facet normal 0.44225 -0.896892 0
    outer loop
      vertex -17.8177 14.8884 1.5
      vertex -18.375 14.6136 -2
      vertex -17.8177 14.8884 -2
    endloop
  endfacet
  facet normal 0.0653439 -0.997863 0
    outer loop
      vertex -16.62 15.2094 -2
      vertex -16 15.25 1.5
      vertex -16.62 15.2094 1.5
    endloop
  endfacet
  facet normal 0.0653439 -0.997863 0
    outer loop
      vertex -16 15.25 1.5
      vertex -16.62 15.2094 -2
      vertex -16 15.25 -2
    endloop
  endfacet
  facet normal -0.065408 0.997859 0
    outer loop
      vertex -15.38 5.79064 -2
      vertex -16 5.75 1.5
      vertex -15.38 5.79064 1.5
    endloop
  endfacet
  facet normal -0.065408 0.997859 0
    outer loop
      vertex -16 5.75 1.5
      vertex -15.38 5.79064 -2
      vertex -16 5.75 -2
    endloop
  endfacet
  facet normal -0.442263 0.896885 0
    outer loop
      vertex -13.625 6.38638 -2
      vertex -14.1823 6.11157 1.5
      vertex -13.625 6.38638 1.5
    endloop
  endfacet
  facet normal -0.442263 0.896885 0
    outer loop
      vertex -14.1823 6.11157 1.5
      vertex -13.625 6.38638 -2
      vertex -14.1823 6.11157 -2
    endloop
  endfacet
  facet normal -0.946941 0.321409 0
    outer loop
      vertex -11.6116 8.68225 -2
      vertex -11.4119 9.27061 1.5
      vertex -11.4119 9.27061 -2
    endloop
  endfacet
  facet normal -0.946941 0.321409 0
    outer loop
      vertex -11.4119 9.27061 1.5
      vertex -11.6116 8.68225 -2
      vertex -11.6116 8.68225 1.5
    endloop
  endfacet
  facet normal 0.896876 0.442282 0
    outer loop
      vertex -20.1136 8.125 1.5
      vertex -20.3884 8.68225 -2
      vertex -20.3884 8.68225 1.5
    endloop
  endfacet
  facet normal 0.896876 0.442282 0
    outer loop
      vertex -20.3884 8.68225 -2
      vertex -20.1136 8.125 1.5
      vertex -20.1136 8.125 -2
    endloop
  endfacet
  facet normal 0.997863 0.0653439 0
    outer loop
      vertex -20.7094 9.88 1.5
      vertex -20.75 10.5 -2
      vertex -20.75 10.5 1.5
    endloop
  endfacet
  facet normal 0.997863 0.0653439 0
    outer loop
      vertex -20.75 10.5 -2
      vertex -20.7094 9.88 1.5
      vertex -20.7094 9.88 -2
    endloop
  endfacet
  facet normal -0.831456 -0.555591 0
    outer loop
      vertex -11.8864 12.875 -2
      vertex -12.2316 13.3916 1.5
      vertex -12.2316 13.3916 -2
    endloop
  endfacet
  facet normal -0.831456 -0.555591 0
    outer loop
      vertex -12.2316 13.3916 1.5
      vertex -11.8864 12.875 -2
      vertex -11.8864 12.875 1.5
    endloop
  endfacet
  facet normal -0.321438 -0.946931 0
    outer loop
      vertex -14.7706 15.0881 -2
      vertex -14.1823 14.8884 1.5
      vertex -14.7706 15.0881 1.5
    endloop
  endfacet
  facet normal -0.321438 -0.946931 -0
    outer loop
      vertex -14.1823 14.8884 1.5
      vertex -14.7706 15.0881 -2
      vertex -14.1823 14.8884 -2
    endloop
  endfacet
  facet normal -0.195219 -0.98076 0
    outer loop
      vertex -15.38 15.2094 -2
      vertex -14.7706 15.0881 1.5
      vertex -15.38 15.2094 1.5
    endloop
  endfacet
  facet normal -0.195219 -0.98076 -0
    outer loop
      vertex -14.7706 15.0881 1.5
      vertex -15.38 15.2094 -2
      vertex -14.7706 15.0881 -2
    endloop
  endfacet
  facet normal -0.659234 -0.751938 0
    outer loop
      vertex -13.1084 14.2684 -2
      vertex -12.6412 13.8588 1.5
      vertex -13.1084 14.2684 1.5
    endloop
  endfacet
  facet normal -0.659234 -0.751938 -0
    outer loop
      vertex -12.6412 13.8588 1.5
      vertex -13.1084 14.2684 -2
      vertex -12.6412 13.8588 -2
    endloop
  endfacet
  facet normal 0.831456 -0.555591 0
    outer loop
      vertex -20.1136 12.875 1.5
      vertex -19.7684 13.3916 -2
      vertex -19.7684 13.3916 1.5
    endloop
  endfacet
  facet normal 0.831456 -0.555591 0
    outer loop
      vertex -19.7684 13.3916 -2
      vertex -20.1136 12.875 1.5
      vertex -20.1136 12.875 -2
    endloop
  endfacet
  facet normal 0.751938 -0.659234 0
    outer loop
      vertex -19.7684 13.3916 1.5
      vertex -19.3588 13.8588 -2
      vertex -19.3588 13.8588 1.5
    endloop
  endfacet
  facet normal 0.751938 -0.659234 0
    outer loop
      vertex -19.3588 13.8588 -2
      vertex -19.7684 13.3916 1.5
      vertex -19.7684 13.3916 -2
    endloop
  endfacet
  facet normal 0.946931 -0.321438 0
    outer loop
      vertex -20.5881 11.7294 1.5
      vertex -20.3884 12.3177 -2
      vertex -20.3884 12.3177 1.5
    endloop
  endfacet
  facet normal 0.946931 -0.321438 0
    outer loop
      vertex -20.3884 12.3177 -2
      vertex -20.5881 11.7294 1.5
      vertex -20.5881 11.7294 -2
    endloop
  endfacet
  facet normal 0.98076 -0.195219 0
    outer loop
      vertex -20.7094 11.12 1.5
      vertex -20.5881 11.7294 -2
      vertex -20.5881 11.7294 1.5
    endloop
  endfacet
  facet normal 0.98076 -0.195219 0
    outer loop
      vertex -20.5881 11.7294 -2
      vertex -20.7094 11.12 1.5
      vertex -20.7094 11.12 -2
    endloop
  endfacet
  facet normal 0.555591 -0.831456 0
    outer loop
      vertex -18.8916 14.2684 -2
      vertex -18.375 14.6136 1.5
      vertex -18.8916 14.2684 1.5
    endloop
  endfacet
  facet normal 0.555591 -0.831456 0
    outer loop
      vertex -18.375 14.6136 1.5
      vertex -18.8916 14.2684 -2
      vertex -18.375 14.6136 -2
    endloop
  endfacet
  facet normal 0.195219 -0.98076 0
    outer loop
      vertex -17.2294 15.0881 -2
      vertex -16.62 15.2094 1.5
      vertex -17.2294 15.0881 1.5
    endloop
  endfacet
  facet normal 0.195219 -0.98076 0
    outer loop
      vertex -16.62 15.2094 1.5
      vertex -17.2294 15.0881 -2
      vertex -16.62 15.2094 -2
    endloop
  endfacet
  facet normal -0.195079 0.980787 0
    outer loop
      vertex -14.7706 5.91185 -2
      vertex -15.38 5.79064 1.5
      vertex -14.7706 5.91185 1.5
    endloop
  endfacet
  facet normal -0.195079 0.980787 0
    outer loop
      vertex -15.38 5.79064 1.5
      vertex -14.7706 5.91185 -2
      vertex -15.38 5.79064 -2
    endloop
  endfacet
  facet normal -0.55558 0.831463 0
    outer loop
      vertex -13.1084 6.73157 -2
      vertex -13.625 6.38638 1.5
      vertex -13.1084 6.73157 1.5
    endloop
  endfacet
  facet normal -0.55558 0.831463 0
    outer loop
      vertex -13.625 6.38638 1.5
      vertex -13.1084 6.73157 -2
      vertex -13.625 6.38638 -2
    endloop
  endfacet
  facet normal -0.751896 0.659281 0
    outer loop
      vertex -12.6412 7.14124 -2
      vertex -12.2316 7.60838 1.5
      vertex -12.2316 7.60838 -2
    endloop
  endfacet
  facet normal -0.751896 0.659281 0
    outer loop
      vertex -12.2316 7.60838 1.5
      vertex -12.6412 7.14124 -2
      vertex -12.6412 7.14124 1.5
    endloop
  endfacet
  facet normal -0.896876 0.442282 0
    outer loop
      vertex -11.8864 8.125 -2
      vertex -11.6116 8.68225 1.5
      vertex -11.6116 8.68225 -2
    endloop
  endfacet
  facet normal -0.896876 0.442282 0
    outer loop
      vertex -11.6116 8.68225 1.5
      vertex -11.8864 8.125 -2
      vertex -11.8864 8.125 1.5
    endloop
  endfacet
  facet normal 0.659297 0.751882 -0
    outer loop
      vertex -18.8916 6.73157 -2
      vertex -19.3588 7.14124 1.5
      vertex -18.8916 6.73157 1.5
    endloop
  endfacet
  facet normal 0.659297 0.751882 0
    outer loop
      vertex -19.3588 7.14124 1.5
      vertex -18.8916 6.73157 -2
      vertex -19.3588 7.14124 -2
    endloop
  endfacet
  facet normal 0.442263 0.896885 -0
    outer loop
      vertex -17.8177 6.11157 -2
      vertex -18.375 6.38638 1.5
      vertex -17.8177 6.11157 1.5
    endloop
  endfacet
  facet normal 0.442263 0.896885 0
    outer loop
      vertex -18.375 6.38638 1.5
      vertex -17.8177 6.11157 -2
      vertex -18.375 6.38638 -2
    endloop
  endfacet
  facet normal 0.321467 0.946921 -0
    outer loop
      vertex -17.2294 5.91185 -2
      vertex -17.8177 6.11157 1.5
      vertex -17.2294 5.91185 1.5
    endloop
  endfacet
  facet normal 0.321467 0.946921 0
    outer loop
      vertex -17.8177 6.11157 1.5
      vertex -17.2294 5.91185 -2
      vertex -17.8177 6.11157 -2
    endloop
  endfacet
  facet normal 0.065408 0.997859 -0
    outer loop
      vertex -16 5.75 -2
      vertex -16.62 5.79064 1.5
      vertex -16 5.75 1.5
    endloop
  endfacet
  facet normal 0.065408 0.997859 0
    outer loop
      vertex -16.62 5.79064 1.5
      vertex -16 5.75 -2
      vertex -16.62 5.79064 -2
    endloop
  endfacet
  facet normal 0.831465 0.555576 0
    outer loop
      vertex -19.7684 7.60838 1.5
      vertex -20.1136 8.125 -2
      vertex -20.1136 8.125 1.5
    endloop
  endfacet
  facet normal 0.831465 0.555576 0
    outer loop
      vertex -20.1136 8.125 -2
      vertex -19.7684 7.60838 1.5
      vertex -19.7684 7.60838 -2
    endloop
  endfacet
  facet normal 0.980759 0.195222 0
    outer loop
      vertex -20.5881 9.27061 1.5
      vertex -20.7094 9.88 -2
      vertex -20.7094 9.88 1.5
    endloop
  endfacet
  facet normal 0.980759 0.195222 0
    outer loop
      vertex -20.7094 9.88 -2
      vertex -20.5881 9.27061 1.5
      vertex -20.5881 9.27061 -2
    endloop
  endfacet
  facet normal -0.321467 0.946921 0
    outer loop
      vertex -14.1823 6.11157 -2
      vertex -14.7706 5.91185 1.5
      vertex -14.1823 6.11157 1.5
    endloop
  endfacet
  facet normal -0.321467 0.946921 0
    outer loop
      vertex -14.7706 5.91185 1.5
      vertex -14.1823 6.11157 -2
      vertex -14.7706 5.91185 -2
    endloop
  endfacet
  facet normal -0.659297 0.751882 0
    outer loop
      vertex -12.6412 7.14124 -2
      vertex -13.1084 6.73157 1.5
      vertex -12.6412 7.14124 1.5
    endloop
  endfacet
  facet normal -0.659297 0.751882 0
    outer loop
      vertex -13.1084 6.73157 1.5
      vertex -12.6412 7.14124 -2
      vertex -13.1084 6.73157 -2
    endloop
  endfacet
  facet normal -0.831465 0.555576 0
    outer loop
      vertex -12.2316 7.60838 -2
      vertex -11.8864 8.125 1.5
      vertex -11.8864 8.125 -2
    endloop
  endfacet
  facet normal -0.831465 0.555576 0
    outer loop
      vertex -11.8864 8.125 1.5
      vertex -12.2316 7.60838 -2
      vertex -12.2316 7.60838 1.5
    endloop
  endfacet
  facet normal -0.980759 0.195222 0
    outer loop
      vertex -11.4119 9.27061 -2
      vertex -11.2906 9.88 1.5
      vertex -11.2906 9.88 -2
    endloop
  endfacet
  facet normal -0.980759 0.195222 0
    outer loop
      vertex -11.2906 9.88 1.5
      vertex -11.4119 9.27061 -2
      vertex -11.4119 9.27061 1.5
    endloop
  endfacet
  facet normal -0.997863 0.0653439 0
    outer loop
      vertex -11.2906 9.88 -2
      vertex -11.25 10.5 1.5
      vertex -11.25 10.5 -2
    endloop
  endfacet
  facet normal -0.997863 0.0653439 0
    outer loop
      vertex -11.25 10.5 1.5
      vertex -11.2906 9.88 -2
      vertex -11.2906 9.88 1.5
    endloop
  endfacet
  facet normal 0.55558 0.831463 -0
    outer loop
      vertex -18.375 6.38638 -2
      vertex -18.8916 6.73157 1.5
      vertex -18.375 6.38638 1.5
    endloop
  endfacet
  facet normal 0.55558 0.831463 0
    outer loop
      vertex -18.8916 6.73157 1.5
      vertex -18.375 6.38638 -2
      vertex -18.8916 6.73157 -2
    endloop
  endfacet
  facet normal 0.195079 0.980787 -0
    outer loop
      vertex -16.62 5.79064 -2
      vertex -17.2294 5.91185 1.5
      vertex -16.62 5.79064 1.5
    endloop
  endfacet
  facet normal 0.195079 0.980787 0
    outer loop
      vertex -17.2294 5.91185 1.5
      vertex -16.62 5.79064 -2
      vertex -17.2294 5.91185 -2
    endloop
  endfacet
  facet normal 0.751896 0.659281 0
    outer loop
      vertex -19.3588 7.14124 1.5
      vertex -19.7684 7.60838 -2
      vertex -19.7684 7.60838 1.5
    endloop
  endfacet
  facet normal 0.751896 0.659281 0
    outer loop
      vertex -19.7684 7.60838 -2
      vertex -19.3588 7.14124 1.5
      vertex -19.3588 7.14124 -2
    endloop
  endfacet
  facet normal 0.946941 0.321409 0
    outer loop
      vertex -20.3884 8.68225 1.5
      vertex -20.5881 9.27061 -2
      vertex -20.5881 9.27061 1.5
    endloop
  endfacet
  facet normal 0.946941 0.321409 0
    outer loop
      vertex -20.5881 9.27061 -2
      vertex -20.3884 8.68225 1.5
      vertex -20.3884 8.68225 -2
    endloop
  endfacet
  facet normal -0.659478 -0.751724 0
    outer loop
      vertex -14.1737 12.8801 1.5
      vertex -13.8787 12.6213 3
      vertex -14.1737 12.8801 3
    endloop
  endfacet
  facet normal -0.659478 -0.751724 -0
    outer loop
      vertex -13.8787 12.6213 3
      vertex -14.1737 12.8801 1.5
      vertex -13.8787 12.6213 1.5
    endloop
  endfacet
  facet normal 0.321514 0.946905 -0
    outer loop
      vertex -16.7765 7.60222 1.5
      vertex -17.148 7.72836 3
      vertex -16.7765 7.60222 3
    endloop
  endfacet
  facet normal 0.321514 0.946905 0
    outer loop
      vertex -17.148 7.72836 3
      vertex -16.7765 7.60222 1.5
      vertex -17.148 7.72836 1.5
    endloop
  endfacet
  facet normal 0.321651 -0.946858 0
    outer loop
      vertex -17.148 13.2716 1.5
      vertex -16.7765 13.3978 3
      vertex -17.148 13.2716 3
    endloop
  endfacet
  facet normal 0.321651 -0.946858 0
    outer loop
      vertex -16.7765 13.3978 3
      vertex -17.148 13.2716 1.5
      vertex -16.7765 13.3978 1.5
    endloop
  endfacet
  facet normal 0.896961 -0.44211 0
    outer loop
      vertex -18.7716 11.648 3
      vertex -18.5981 12 1.5
      vertex -18.5981 12 3
    endloop
  endfacet
  facet normal 0.896961 -0.44211 0
    outer loop
      vertex -18.5981 12 1.5
      vertex -18.7716 11.648 3
      vertex -18.7716 11.648 1.5
    endloop
  endfacet
  facet normal -0.896961 -0.44211 0
    outer loop
      vertex -13.2284 11.648 1.5
      vertex -13.4019 12 3
      vertex -13.4019 12 1.5
    endloop
  endfacet
  facet normal -0.896961 -0.44211 0
    outer loop
      vertex -13.4019 12 3
      vertex -13.2284 11.648 1.5
      vertex -13.2284 11.648 3
    endloop
  endfacet
  facet normal -0.980815 -0.19494 0
    outer loop
      vertex -13.0257 10.8916 1.5
      vertex -13.1022 11.2765 3
      vertex -13.1022 11.2765 1.5
    endloop
  endfacet
  facet normal -0.980815 -0.19494 0
    outer loop
      vertex -13.1022 11.2765 3
      vertex -13.0257 10.8916 1.5
      vertex -13.0257 10.8916 3
    endloop
  endfacet
  facet normal -0.831501 -0.555523 0
    outer loop
      vertex -13.4019 12 1.5
      vertex -13.6199 12.3263 3
      vertex -13.6199 12.3263 1.5
    endloop
  endfacet
  facet normal -0.831501 -0.555523 0
    outer loop
      vertex -13.6199 12.3263 3
      vertex -13.4019 12 1.5
      vertex -13.4019 12 3
    endloop
  endfacet
  facet normal -0.751724 -0.659478 0
    outer loop
      vertex -13.6199 12.3263 1.5
      vertex -13.8787 12.6213 3
      vertex -13.8787 12.6213 1.5
    endloop
  endfacet
  facet normal -0.751724 -0.659478 0
    outer loop
      vertex -13.8787 12.6213 3
      vertex -13.6199 12.3263 1.5
      vertex -13.6199 12.3263 3
    endloop
  endfacet
  facet normal -0.44211 -0.896961 0
    outer loop
      vertex -14.852 13.2716 1.5
      vertex -14.5 13.0981 3
      vertex -14.852 13.2716 3
    endloop
  endfacet
  facet normal -0.44211 -0.896961 -0
    outer loop
      vertex -14.5 13.0981 3
      vertex -14.852 13.2716 1.5
      vertex -14.5 13.0981 1.5
    endloop
  endfacet
  facet normal -0.19494 -0.980815 0
    outer loop
      vertex -15.6084 13.4743 1.5
      vertex -15.2235 13.3978 3
      vertex -15.6084 13.4743 3
    endloop
  endfacet
  facet normal -0.19494 -0.980815 -0
    outer loop
      vertex -15.2235 13.3978 3
      vertex -15.6084 13.4743 1.5
      vertex -15.2235 13.3978 1.5
    endloop
  endfacet
  facet normal 0.980815 -0.19494 0
    outer loop
      vertex -18.9743 10.8916 3
      vertex -18.8978 11.2765 1.5
      vertex -18.8978 11.2765 3
    endloop
  endfacet
  facet normal 0.980815 -0.19494 0
    outer loop
      vertex -18.8978 11.2765 1.5
      vertex -18.9743 10.8916 3
      vertex -18.9743 10.8916 1.5
    endloop
  endfacet
  facet normal 0.751724 -0.659478 0
    outer loop
      vertex -18.3801 12.3263 3
      vertex -18.1213 12.6213 1.5
      vertex -18.1213 12.6213 3
    endloop
  endfacet
  facet normal 0.751724 -0.659478 0
    outer loop
      vertex -18.1213 12.6213 1.5
      vertex -18.3801 12.3263 3
      vertex -18.3801 12.3263 1.5
    endloop
  endfacet
  facet normal 0.44211 -0.896961 0
    outer loop
      vertex -17.5 13.0981 1.5
      vertex -17.148 13.2716 3
      vertex -17.5 13.0981 3
    endloop
  endfacet
  facet normal 0.44211 -0.896961 0
    outer loop
      vertex -17.148 13.2716 3
      vertex -17.5 13.0981 1.5
      vertex -17.148 13.2716 1.5
    endloop
  endfacet
  facet normal 0.19494 -0.980815 0
    outer loop
      vertex -16.7765 13.3978 1.5
      vertex -16.3916 13.4743 3
      vertex -16.7765 13.3978 3
    endloop
  endfacet
  facet normal 0.19494 -0.980815 0
    outer loop
      vertex -16.3916 13.4743 3
      vertex -16.7765 13.3978 1.5
      vertex -16.3916 13.4743 1.5
    endloop
  endfacet
  facet normal -0.997853 0.0654873 0
    outer loop
      vertex -13.0257 10.1084 1.5
      vertex -13 10.5 3
      vertex -13 10.5 1.5
    endloop
  endfacet
  facet normal -0.997853 0.0654873 0
    outer loop
      vertex -13 10.5 3
      vertex -13.0257 10.1084 1.5
      vertex -13.0257 10.1084 3
    endloop
  endfacet
  facet normal -0.321514 0.946905 0
    outer loop
      vertex -14.852 7.72836 1.5
      vertex -15.2235 7.60222 3
      vertex -14.852 7.72836 3
    endloop
  endfacet
  facet normal -0.321514 0.946905 0
    outer loop
      vertex -15.2235 7.60222 3
      vertex -14.852 7.72836 1.5
      vertex -15.2235 7.60222 1.5
    endloop
  endfacet
  facet normal -0.442233 0.8969 0
    outer loop
      vertex -14.5 7.90192 1.5
      vertex -14.852 7.72836 3
      vertex -14.5 7.90192 3
    endloop
  endfacet
  facet normal -0.442233 0.8969 0
    outer loop
      vertex -14.852 7.72836 3
      vertex -14.5 7.90192 1.5
      vertex -14.852 7.72836 1.5
    endloop
  endfacet
  facet normal -0.751768 0.659428 0
    outer loop
      vertex -13.8787 8.37868 1.5
      vertex -13.6199 8.67372 3
      vertex -13.6199 8.67372 1.5
    endloop
  endfacet
  facet normal -0.751768 0.659428 0
    outer loop
      vertex -13.6199 8.67372 3
      vertex -13.8787 8.37868 1.5
      vertex -13.8787 8.37868 3
    endloop
  endfacet
  facet normal 0.195062 0.980791 -0
    outer loop
      vertex -16.3916 7.52567 1.5
      vertex -16.7765 7.60222 3
      vertex -16.3916 7.52567 3
    endloop
  endfacet
  facet normal 0.195062 0.980791 0
    outer loop
      vertex -16.7765 7.60222 3
      vertex -16.3916 7.52567 1.5
      vertex -16.7765 7.60222 1.5
    endloop
  endfacet
  facet normal 0.659392 0.751799 -0
    outer loop
      vertex -17.8263 8.11994 1.5
      vertex -18.1213 8.37868 3
      vertex -17.8263 8.11994 3
    endloop
  endfacet
  facet normal 0.659392 0.751799 0
    outer loop
      vertex -18.1213 8.37868 3
      vertex -17.8263 8.11994 1.5
      vertex -18.1213 8.37868 1.5
    endloop
  endfacet
  facet normal 0.896936 0.44216 0
    outer loop
      vertex -18.5981 9 3
      vertex -18.7716 9.35195 1.5
      vertex -18.7716 9.35195 3
    endloop
  endfacet
  facet normal 0.896936 0.44216 0
    outer loop
      vertex -18.7716 9.35195 1.5
      vertex -18.5981 9 3
      vertex -18.5981 9 1.5
    endloop
  endfacet
  facet normal 0.980811 0.194959 0
    outer loop
      vertex -18.8978 9.72354 3
      vertex -18.9743 10.1084 1.5
      vertex -18.9743 10.1084 3
    endloop
  endfacet
  facet normal 0.980811 0.194959 0
    outer loop
      vertex -18.9743 10.1084 1.5
      vertex -18.8978 9.72354 3
      vertex -18.8978 9.72354 1.5
    endloop
  endfacet
  facet normal -0.946858 -0.321651 0
    outer loop
      vertex -13.1022 11.2765 1.5
      vertex -13.2284 11.648 3
      vertex -13.2284 11.648 1.5
    endloop
  endfacet
  facet normal -0.946858 -0.321651 0
    outer loop
      vertex -13.2284 11.648 3
      vertex -13.1022 11.2765 1.5
      vertex -13.1022 11.2765 3
    endloop
  endfacet
  facet normal -0.555523 -0.831501 0
    outer loop
      vertex -14.5 13.0981 1.5
      vertex -14.1737 12.8801 3
      vertex -14.5 13.0981 3
    endloop
  endfacet
  facet normal -0.555523 -0.831501 -0
    outer loop
      vertex -14.1737 12.8801 3
      vertex -14.5 13.0981 1.5
      vertex -14.1737 12.8801 1.5
    endloop
  endfacet
  facet normal -0.0654873 -0.997853 0
    outer loop
      vertex -16 13.5 1.5
      vertex -15.6084 13.4743 3
      vertex -16 13.5 3
    endloop
  endfacet
  facet normal -0.0654873 -0.997853 -0
    outer loop
      vertex -15.6084 13.4743 3
      vertex -16 13.5 1.5
      vertex -15.6084 13.4743 1.5
    endloop
  endfacet
  facet normal -0.321651 -0.946858 0
    outer loop
      vertex -15.2235 13.3978 1.5
      vertex -14.852 13.2716 3
      vertex -15.2235 13.3978 3
    endloop
  endfacet
  facet normal -0.321651 -0.946858 -0
    outer loop
      vertex -14.852 13.2716 3
      vertex -15.2235 13.3978 1.5
      vertex -14.852 13.2716 1.5
    endloop
  endfacet
  facet normal 0.997853 -0.0654873 0
    outer loop
      vertex -19 10.5 3
      vertex -18.9743 10.8916 1.5
      vertex -18.9743 10.8916 3
    endloop
  endfacet
  facet normal 0.997853 -0.0654873 0
    outer loop
      vertex -18.9743 10.8916 1.5
      vertex -19 10.5 3
      vertex -19 10.5 1.5
    endloop
  endfacet
  facet normal 0.946858 -0.321651 0
    outer loop
      vertex -18.8978 11.2765 3
      vertex -18.7716 11.648 1.5
      vertex -18.7716 11.648 3
    endloop
  endfacet
  facet normal 0.946858 -0.321651 0
    outer loop
      vertex -18.7716 11.648 1.5
      vertex -18.8978 11.2765 3
      vertex -18.8978 11.2765 1.5
    endloop
  endfacet
  facet normal 0.831501 -0.555523 0
    outer loop
      vertex -18.5981 12 3
      vertex -18.3801 12.3263 1.5
      vertex -18.3801 12.3263 3
    endloop
  endfacet
  facet normal 0.831501 -0.555523 0
    outer loop
      vertex -18.3801 12.3263 1.5
      vertex -18.5981 12 3
      vertex -18.5981 12 1.5
    endloop
  endfacet
  facet normal 0.0654873 -0.997853 0
    outer loop
      vertex -16.3916 13.4743 1.5
      vertex -16 13.5 3
      vertex -16.3916 13.4743 3
    endloop
  endfacet
  facet normal 0.0654873 -0.997853 0
    outer loop
      vertex -16 13.5 3
      vertex -16.3916 13.4743 1.5
      vertex -16 13.5 1.5
    endloop
  endfacet
  facet normal 0.555523 -0.831501 0
    outer loop
      vertex -17.8263 12.8801 1.5
      vertex -17.5 13.0981 3
      vertex -17.8263 12.8801 3
    endloop
  endfacet
  facet normal 0.555523 -0.831501 0
    outer loop
      vertex -17.5 13.0981 3
      vertex -17.8263 12.8801 1.5
      vertex -17.5 13.0981 1.5
    endloop
  endfacet
  facet normal 0.659478 -0.751724 0
    outer loop
      vertex -18.1213 12.6213 1.5
      vertex -17.8263 12.8801 3
      vertex -18.1213 12.6213 3
    endloop
  endfacet
  facet normal 0.659478 -0.751724 0
    outer loop
      vertex -17.8263 12.8801 3
      vertex -18.1213 12.6213 1.5
      vertex -17.8263 12.8801 1.5
    endloop
  endfacet
  facet normal -0.997853 -0.0654873 0
    outer loop
      vertex -13 10.5 1.5
      vertex -13.0257 10.8916 3
      vertex -13.0257 10.8916 1.5
    endloop
  endfacet
  facet normal -0.997853 -0.0654873 0
    outer loop
      vertex -13.0257 10.8916 3
      vertex -13 10.5 1.5
      vertex -13 10.5 3
    endloop
  endfacet
  facet normal -0.0654112 0.997858 0
    outer loop
      vertex -15.6084 7.52567 1.5
      vertex -16 7.5 3
      vertex -15.6084 7.52567 3
    endloop
  endfacet
  facet normal -0.0654112 0.997858 0
    outer loop
      vertex -16 7.5 3
      vertex -15.6084 7.52567 1.5
      vertex -16 7.5 1.5
    endloop
  endfacet
  facet normal -0.946882 0.321582 0
    outer loop
      vertex -13.2284 9.35195 1.5
      vertex -13.1022 9.72354 3
      vertex -13.1022 9.72354 1.5
    endloop
  endfacet
  facet normal -0.946882 0.321582 0
    outer loop
      vertex -13.1022 9.72354 3
      vertex -13.2284 9.35195 1.5
      vertex -13.2284 9.35195 3
    endloop
  endfacet
  facet normal -0.195062 0.980791 0
    outer loop
      vertex -15.2235 7.60222 1.5
      vertex -15.6084 7.52567 3
      vertex -15.2235 7.60222 3
    endloop
  endfacet
  facet normal -0.195062 0.980791 0
    outer loop
      vertex -15.6084 7.52567 3
      vertex -15.2235 7.60222 1.5
      vertex -15.6084 7.52567 1.5
    endloop
  endfacet
  facet normal -0.555558 0.831477 0
    outer loop
      vertex -14.1737 8.11994 1.5
      vertex -14.5 7.90192 3
      vertex -14.1737 8.11994 3
    endloop
  endfacet
  facet normal -0.555558 0.831477 0
    outer loop
      vertex -14.5 7.90192 3
      vertex -14.1737 8.11994 1.5
      vertex -14.5 7.90192 1.5
    endloop
  endfacet
  facet normal -0.896936 0.44216 0
    outer loop
      vertex -13.4019 9 1.5
      vertex -13.2284 9.35195 3
      vertex -13.2284 9.35195 1.5
    endloop
  endfacet
  facet normal -0.896936 0.44216 0
    outer loop
      vertex -13.2284 9.35195 3
      vertex -13.4019 9 1.5
      vertex -13.4019 9 3
    endloop
  endfacet
  facet normal 0.0654112 0.997858 -0
    outer loop
      vertex -16 7.5 1.5
      vertex -16.3916 7.52567 3
      vertex -16 7.5 3
    endloop
  endfacet
  facet normal 0.0654112 0.997858 0
    outer loop
      vertex -16.3916 7.52567 3
      vertex -16 7.5 1.5
      vertex -16.3916 7.52567 1.5
    endloop
  endfacet
  facet normal 0.442233 0.8969 -0
    outer loop
      vertex -17.148 7.72836 1.5
      vertex -17.5 7.90192 3
      vertex -17.148 7.72836 3
    endloop
  endfacet
  facet normal 0.442233 0.8969 0
    outer loop
      vertex -17.5 7.90192 3
      vertex -17.148 7.72836 1.5
      vertex -17.5 7.90192 1.5
    endloop
  endfacet
  facet normal 0.946882 0.321582 0
    outer loop
      vertex -18.7716 9.35195 3
      vertex -18.8978 9.72354 1.5
      vertex -18.8978 9.72354 3
    endloop
  endfacet
  facet normal 0.946882 0.321582 0
    outer loop
      vertex -18.8978 9.72354 1.5
      vertex -18.7716 9.35195 3
      vertex -18.7716 9.35195 1.5
    endloop
  endfacet
  facet normal 0.997853 0.0654873 0
    outer loop
      vertex -18.9743 10.1084 3
      vertex -19 10.5 1.5
      vertex -19 10.5 3
    endloop
  endfacet
  facet normal 0.997853 0.0654873 0
    outer loop
      vertex -19 10.5 1.5
      vertex -18.9743 10.1084 3
      vertex -18.9743 10.1084 1.5
    endloop
  endfacet
  facet normal 0.831485 0.555547 0
    outer loop
      vertex -18.3801 8.67372 3
      vertex -18.5981 9 1.5
      vertex -18.5981 9 3
    endloop
  endfacet
  facet normal 0.831485 0.555547 0
    outer loop
      vertex -18.5981 9 1.5
      vertex -18.3801 8.67372 3
      vertex -18.3801 8.67372 1.5
    endloop
  endfacet
  facet normal -0.980811 0.194959 0
    outer loop
      vertex -13.1022 9.72354 1.5
      vertex -13.0257 10.1084 3
      vertex -13.0257 10.1084 1.5
    endloop
  endfacet
  facet normal -0.980811 0.194959 0
    outer loop
      vertex -13.0257 10.1084 3
      vertex -13.1022 9.72354 1.5
      vertex -13.1022 9.72354 3
    endloop
  endfacet
  facet normal -0.659392 0.751799 0
    outer loop
      vertex -13.8787 8.37868 1.5
      vertex -14.1737 8.11994 3
      vertex -13.8787 8.37868 3
    endloop
  endfacet
  facet normal -0.659392 0.751799 0
    outer loop
      vertex -14.1737 8.11994 3
      vertex -13.8787 8.37868 1.5
      vertex -14.1737 8.11994 1.5
    endloop
  endfacet
  facet normal -0.831485 0.555547 0
    outer loop
      vertex -13.6199 8.67372 1.5
      vertex -13.4019 9 3
      vertex -13.4019 9 1.5
    endloop
  endfacet
  facet normal -0.831485 0.555547 0
    outer loop
      vertex -13.4019 9 3
      vertex -13.6199 8.67372 1.5
      vertex -13.6199 8.67372 3
    endloop
  endfacet
  facet normal 0.555558 0.831477 -0
    outer loop
      vertex -17.5 7.90192 1.5
      vertex -17.8263 8.11994 3
      vertex -17.5 7.90192 3
    endloop
  endfacet
  facet normal 0.555558 0.831477 0
    outer loop
      vertex -17.8263 8.11994 3
      vertex -17.5 7.90192 1.5
      vertex -17.8263 8.11994 1.5
    endloop
  endfacet
  facet normal 0.751768 0.659428 0
    outer loop
      vertex -18.1213 8.37868 3
      vertex -18.3801 8.67372 1.5
      vertex -18.3801 8.67372 3
    endloop
  endfacet
  facet normal 0.751768 0.659428 0
    outer loop
      vertex -18.3801 8.67372 1.5
      vertex -18.1213 8.37868 3
      vertex -18.1213 8.37868 1.5
    endloop
  endfacet
  facet normal 0.32144 0.94693 -0
    outer loop
      vertex 0.77061 5.91185 -2
      vertex 0.182254 6.11157 1.5
      vertex 0.77061 5.91185 1.5
    endloop
  endfacet
  facet normal 0.32144 0.94693 0
    outer loop
      vertex 0.182254 6.11157 1.5
      vertex 0.77061 5.91185 -2
      vertex 0.182254 6.11157 -2
    endloop
  endfacet
  facet normal -0.555576 -0.831465 0
    outer loop
      vertex 4.375 14.6136 -2
      vertex 4.89162 14.2684 1.5
      vertex 4.375 14.6136 1.5
    endloop
  endfacet
  facet normal -0.555576 -0.831465 -0
    outer loop
      vertex 4.89162 14.2684 1.5
      vertex 4.375 14.6136 -2
      vertex 4.89162 14.2684 -2
    endloop
  endfacet
  facet normal 0.321411 -0.94694 0
    outer loop
      vertex 0.182254 14.8884 -2
      vertex 0.77061 15.0881 1.5
      vertex 0.182254 14.8884 1.5
    endloop
  endfacet
  facet normal 0.321411 -0.94694 0
    outer loop
      vertex 0.77061 15.0881 1.5
      vertex 0.182254 14.8884 -2
      vertex 0.77061 15.0881 -2
    endloop
  endfacet
  facet normal 0.896885 -0.442263 0
    outer loop
      vertex -2.38843 12.3177 1.5
      vertex -2.11362 12.875 -2
      vertex -2.11362 12.875 1.5
    endloop
  endfacet
  facet normal 0.896885 -0.442263 0
    outer loop
      vertex -2.11362 12.875 -2
      vertex -2.38843 12.3177 1.5
      vertex -2.38843 12.3177 -2
    endloop
  endfacet
  facet normal 0.89687 0.442295 0
    outer loop
      vertex -2.11362 8.125 1.5
      vertex -2.38843 8.68225 -2
      vertex -2.38843 8.68225 1.5
    endloop
  endfacet
  facet normal 0.89687 0.442295 0
    outer loop
      vertex -2.38843 8.68225 -2
      vertex -2.11362 8.125 1.5
      vertex -2.11362 8.125 -2
    endloop
  endfacet
  facet normal -0.980787 -0.195079 0
    outer loop
      vertex 6.70936 11.12 -2
      vertex 6.58815 11.7294 1.5
      vertex 6.58815 11.7294 -2
    endloop
  endfacet
  facet normal -0.980787 -0.195079 0
    outer loop
      vertex 6.58815 11.7294 1.5
      vertex 6.70936 11.12 -2
      vertex 6.70936 11.12 1.5
    endloop
  endfacet
  facet normal -0.946921 -0.321467 0
    outer loop
      vertex 6.58815 11.7294 -2
      vertex 6.38843 12.3177 1.5
      vertex 6.38843 12.3177 -2
    endloop
  endfacet
  facet normal -0.946921 -0.321467 0
    outer loop
      vertex 6.38843 12.3177 1.5
      vertex 6.58815 11.7294 -2
      vertex 6.58815 11.7294 1.5
    endloop
  endfacet
  facet normal -0.896885 -0.442263 0
    outer loop
      vertex 6.38843 12.3177 -2
      vertex 6.11362 12.875 1.5
      vertex 6.11362 12.875 -2
    endloop
  endfacet
  facet normal -0.896885 -0.442263 0
    outer loop
      vertex 6.11362 12.875 1.5
      vertex 6.38843 12.3177 -2
      vertex 6.38843 12.3177 1.5
    endloop
  endfacet
  facet normal -0.831463 -0.55558 0
    outer loop
      vertex 6.11362 12.875 -2
      vertex 5.76843 13.3916 1.5
      vertex 5.76843 13.3916 -2
    endloop
  endfacet
  facet normal -0.831463 -0.55558 0
    outer loop
      vertex 5.76843 13.3916 1.5
      vertex 6.11362 12.875 -2
      vertex 6.11362 12.875 1.5
    endloop
  endfacet
  facet normal -0.442282 -0.896876 0
    outer loop
      vertex 3.81775 14.8884 -2
      vertex 4.375 14.6136 1.5
      vertex 3.81775 14.8884 1.5
    endloop
  endfacet
  facet normal -0.442282 -0.896876 -0
    outer loop
      vertex 4.375 14.6136 1.5
      vertex 3.81775 14.8884 -2
      vertex 4.375 14.6136 -2
    endloop
  endfacet
  facet normal -0.0653439 -0.997863 0
    outer loop
      vertex 2 15.25 -2
      vertex 2.62 15.2094 1.5
      vertex 2 15.25 1.5
    endloop
  endfacet
  facet normal -0.0653439 -0.997863 -0
    outer loop
      vertex 2.62 15.2094 1.5
      vertex 2 15.25 -2
      vertex 2.62 15.2094 -2
    endloop
  endfacet
  facet normal -0.195222 -0.980759 0
    outer loop
      vertex 2.62 15.2094 -2
      vertex 3.22939 15.0881 1.5
      vertex 2.62 15.2094 1.5
    endloop
  endfacet
  facet normal -0.195222 -0.980759 -0
    outer loop
      vertex 3.22939 15.0881 1.5
      vertex 2.62 15.2094 -2
      vertex 3.22939 15.0881 -2
    endloop
  endfacet
  facet normal 0.997859 -0.065408 0
    outer loop
      vertex -2.75 10.5 1.5
      vertex -2.70936 11.12 -2
      vertex -2.70936 11.12 1.5
    endloop
  endfacet
  facet normal 0.997859 -0.065408 0
    outer loop
      vertex -2.70936 11.12 -2
      vertex -2.75 10.5 1.5
      vertex -2.75 10.5 -2
    endloop
  endfacet
  facet normal 0.980787 -0.195079 0
    outer loop
      vertex -2.70936 11.12 1.5
      vertex -2.58815 11.7294 -2
      vertex -2.58815 11.7294 1.5
    endloop
  endfacet
  facet normal 0.980787 -0.195079 0
    outer loop
      vertex -2.58815 11.7294 -2
      vertex -2.70936 11.12 1.5
      vertex -2.70936 11.12 -2
    endloop
  endfacet
  facet normal 0.751882 -0.659297 0
    outer loop
      vertex -1.76843 13.3916 1.5
      vertex -1.35876 13.8588 -2
      vertex -1.35876 13.8588 1.5
    endloop
  endfacet
  facet normal 0.751882 -0.659297 0
    outer loop
      vertex -1.35876 13.8588 -2
      vertex -1.76843 13.3916 1.5
      vertex -1.76843 13.3916 -2
    endloop
  endfacet
  facet normal 0.442279 -0.896877 0
    outer loop
      vertex -0.375 14.6136 -2
      vertex 0.182254 14.8884 1.5
      vertex -0.375 14.6136 1.5
    endloop
  endfacet
  facet normal 0.442279 -0.896877 0
    outer loop
      vertex 0.182254 14.8884 1.5
      vertex -0.375 14.6136 -2
      vertex 0.182254 14.8884 -2
    endloop
  endfacet
  facet normal 0.0653439 -0.997863 0
    outer loop
      vertex 1.38 15.2094 -2
      vertex 2 15.25 1.5
      vertex 1.38 15.2094 1.5
    endloop
  endfacet
  facet normal 0.0653439 -0.997863 0
    outer loop
      vertex 2 15.25 1.5
      vertex 1.38 15.2094 -2
      vertex 2 15.25 -2
    endloop
  endfacet
  facet normal 0.555579 -0.831463 0
    outer loop
      vertex -0.891616 14.2684 -2
      vertex -0.375 14.6136 1.5
      vertex -0.891616 14.2684 1.5
    endloop
  endfacet
  facet normal 0.555579 -0.831463 0
    outer loop
      vertex -0.375 14.6136 1.5
      vertex -0.891616 14.2684 -2
      vertex -0.375 14.6136 -2
    endloop
  endfacet
  facet normal -0.065408 0.997859 0
    outer loop
      vertex 2.62 5.79064 -2
      vertex 2 5.75 1.5
      vertex 2.62 5.79064 1.5
    endloop
  endfacet
  facet normal -0.065408 0.997859 0
    outer loop
      vertex 2 5.75 1.5
      vertex 2.62 5.79064 -2
      vertex 2 5.75 -2
    endloop
  endfacet
  facet normal -0.75184 0.659345 0
    outer loop
      vertex 5.35876 7.14124 -2
      vertex 5.76843 7.60838 1.5
      vertex 5.76843 7.60838 -2
    endloop
  endfacet
  facet normal -0.75184 0.659345 0
    outer loop
      vertex 5.76843 7.60838 1.5
      vertex 5.35876 7.14124 -2
      vertex 5.35876 7.14124 1.5
    endloop
  endfacet
  facet normal -0.195082 0.980787 0
    outer loop
      vertex 3.22939 5.91185 -2
      vertex 2.62 5.79064 1.5
      vertex 3.22939 5.91185 1.5
    endloop
  endfacet
  facet normal -0.195082 0.980787 0
    outer loop
      vertex 2.62 5.79064 1.5
      vertex 3.22939 5.91185 -2
      vertex 2.62 5.79064 -2
    endloop
  endfacet
  facet normal -0.659345 0.75184 0
    outer loop
      vertex 5.35876 7.14124 -2
      vertex 4.89162 6.73157 1.5
      vertex 5.35876 7.14124 1.5
    endloop
  endfacet
  facet normal -0.659345 0.75184 0
    outer loop
      vertex 4.89162 6.73157 1.5
      vertex 5.35876 7.14124 -2
      vertex 4.89162 6.73157 -2
    endloop
  endfacet
  facet normal -0.442295 0.89687 0
    outer loop
      vertex 4.375 6.38638 -2
      vertex 3.81775 6.11157 1.5
      vertex 4.375 6.38638 1.5
    endloop
  endfacet
  facet normal -0.442295 0.89687 0
    outer loop
      vertex 3.81775 6.11157 1.5
      vertex 4.375 6.38638 -2
      vertex 3.81775 6.11157 -2
    endloop
  endfacet
  facet normal 0.555568 0.831471 -0
    outer loop
      vertex -0.375 6.38638 -2
      vertex -0.891616 6.73157 1.5
      vertex -0.375 6.38638 1.5
    endloop
  endfacet
  facet normal 0.555568 0.831471 0
    outer loop
      vertex -0.891616 6.73157 1.5
      vertex -0.375 6.38638 -2
      vertex -0.891616 6.73157 -2
    endloop
  endfacet
  facet normal 0.997859 0.065408 0
    outer loop
      vertex -2.70936 9.88 1.5
      vertex -2.75 10.5 -2
      vertex -2.75 10.5 1.5
    endloop
  endfacet
  facet normal 0.997859 0.065408 0
    outer loop
      vertex -2.75 10.5 -2
      vertex -2.70936 9.88 1.5
      vertex -2.70936 9.88 -2
    endloop
  endfacet
  facet normal -0.751882 -0.659297 0
    outer loop
      vertex 5.76843 13.3916 -2
      vertex 5.35876 13.8588 1.5
      vertex 5.35876 13.8588 -2
    endloop
  endfacet
  facet normal -0.751882 -0.659297 0
    outer loop
      vertex 5.35876 13.8588 1.5
      vertex 5.76843 13.3916 -2
      vertex 5.76843 13.3916 1.5
    endloop
  endfacet
  facet normal -0.321409 -0.946941 0
    outer loop
      vertex 3.22939 15.0881 -2
      vertex 3.81775 14.8884 1.5
      vertex 3.22939 15.0881 1.5
    endloop
  endfacet
  facet normal -0.321409 -0.946941 -0
    outer loop
      vertex 3.81775 14.8884 1.5
      vertex 3.22939 15.0881 -2
      vertex 3.81775 14.8884 -2
    endloop
  endfacet
  facet normal 0.946921 -0.321467 0
    outer loop
      vertex -2.58815 11.7294 1.5
      vertex -2.38843 12.3177 -2
      vertex -2.38843 12.3177 1.5
    endloop
  endfacet
  facet normal 0.946921 -0.321467 0
    outer loop
      vertex -2.38843 12.3177 -2
      vertex -2.58815 11.7294 1.5
      vertex -2.58815 11.7294 -2
    endloop
  endfacet
  facet normal 0 0 -1
    outer loop
      vertex 5 10.5 1.5
      vertex 6.75 10.5 1.5
      vertex 6.70936 9.88 1.5
    endloop
  endfacet
  facet normal 0 0 -1
    outer loop
      vertex 4.97433 10.1084 1.5
      vertex 6.70936 9.88 1.5
      vertex 6.58815 9.27061 1.5
    endloop
  endfacet
  facet normal 0 0 -1
    outer loop
      vertex 6.75 10.5 1.5
      vertex 5 10.5 1.5
      vertex 6.70936 11.12 1.5
    endloop
  endfacet
  facet normal 0 0 -1
    outer loop
      vertex 4.89778 9.72354 1.5
      vertex 6.58815 9.27061 1.5
      vertex 6.38843 8.68225 1.5
    endloop
  endfacet
  facet normal 0 0 -1
    outer loop
      vertex 4.97433 10.8916 1.5
      vertex 6.70936 11.12 1.5
      vertex 5 10.5 1.5
    endloop
  endfacet
  facet normal 0 0 -1
    outer loop
      vertex 4.77164 9.35195 1.5
      vertex 6.38843 8.68225 1.5
      vertex 6.11362 8.125 1.5
    endloop
  endfacet
  facet normal -0 0 -1
    outer loop
      vertex 6.70936 11.12 1.5
      vertex 4.97433 10.8916 1.5
      vertex 6.58815 11.7294 1.5
    endloop
  endfacet
  facet normal 0 0 -1
    outer loop
      vertex 4.59808 9 1.5
      vertex 6.11362 8.125 1.5
      vertex 5.76843 7.60838 1.5
    endloop
  endfacet
  facet normal 0 0 -1
    outer loop
      vertex 4.89778 11.2765 1.5
      vertex 6.58815 11.7294 1.5
      vertex 4.97433 10.8916 1.5
    endloop
  endfacet
  facet normal 0 0 -1
    outer loop
      vertex 4.38006 8.67372 1.5
      vertex 5.76843 7.60838 1.5
      vertex 5.35876 7.14124 1.5
    endloop
  endfacet
  facet normal -0 0 -1
    outer loop
      vertex 6.58815 11.7294 1.5
      vertex 4.89778 11.2765 1.5
      vertex 6.38843 12.3177 1.5
    endloop
  endfacet
  facet normal 0 0 -1
    outer loop
      vertex 4.77164 11.648 1.5
      vertex 6.38843 12.3177 1.5
      vertex 4.89778 11.2765 1.5
    endloop
  endfacet
  facet normal 0 0 -1
    outer loop
      vertex 6.70936 9.88 1.5
      vertex 4.97433 10.1084 1.5
      vertex 5 10.5 1.5
    endloop
  endfacet
  facet normal 0 0 -1
    outer loop
      vertex 6.58815 9.27061 1.5
      vertex 4.89778 9.72354 1.5
      vertex 4.97433 10.1084 1.5
    endloop
  endfacet
  facet normal 0 0 -1
    outer loop
      vertex 4.12132 8.37868 1.5
      vertex 5.35876 7.14124 1.5
      vertex 4.89162 6.73157 1.5
    endloop
  endfacet
  facet normal 0 0 -1
    outer loop
      vertex 6.38843 8.68225 1.5
      vertex 4.77164 9.35195 1.5
      vertex 4.89778 9.72354 1.5
    endloop
  endfacet
  facet normal 0 0 -1
    outer loop
      vertex 6.11362 8.125 1.5
      vertex 4.59808 9 1.5
      vertex 4.77164 9.35195 1.5
    endloop
  endfacet
  facet normal 0 0 -1
    outer loop
      vertex 5.76843 7.60838 1.5
      vertex 4.38006 8.67372 1.5
      vertex 4.59808 9 1.5
    endloop
  endfacet
  facet normal 0 0 -1
    outer loop
      vertex 3.82628 8.11994 1.5
      vertex 4.89162 6.73157 1.5
      vertex 4.375 6.38638 1.5
    endloop
  endfacet
  facet normal 0 0 -1
    outer loop
      vertex 5.35876 7.14124 1.5
      vertex 4.12132 8.37868 1.5
      vertex 4.38006 8.67372 1.5
    endloop
  endfacet
  facet normal 0 0 -1
    outer loop
      vertex 4.89162 6.73157 1.5
      vertex 3.82628 8.11994 1.5
      vertex 4.12132 8.37868 1.5
    endloop
  endfacet
  facet normal 0 0 -1
    outer loop
      vertex 3.5 7.90192 1.5
      vertex 4.375 6.38638 1.5
      vertex 3.81775 6.11157 1.5
    endloop
  endfacet
  facet normal 0 0 -1
    outer loop
      vertex 4.375 6.38638 1.5
      vertex 3.5 7.90192 1.5
      vertex 3.82628 8.11994 1.5
    endloop
  endfacet
  facet normal 0 0 -1
    outer loop
      vertex 3.14805 7.72836 1.5
      vertex 3.81775 6.11157 1.5
      vertex 3.22939 5.91185 1.5
    endloop
  endfacet
  facet normal 0 0 -1
    outer loop
      vertex 3.81775 6.11157 1.5
      vertex 3.14805 7.72836 1.5
      vertex 3.5 7.90192 1.5
    endloop
  endfacet
  facet normal 0 0 -1
    outer loop
      vertex 3.22939 5.91185 1.5
      vertex 2.77646 7.60222 1.5
      vertex 3.14805 7.72836 1.5
    endloop
  endfacet
  facet normal 0 0 -1
    outer loop
      vertex 2.62 5.79064 1.5
      vertex 2.77646 7.60222 1.5
      vertex 3.22939 5.91185 1.5
    endloop
  endfacet
  facet normal 0 0 -1
    outer loop
      vertex 2.62 5.79064 1.5
      vertex 2.39158 7.52567 1.5
      vertex 2.77646 7.60222 1.5
    endloop
  endfacet
  facet normal 0 0 -1
    outer loop
      vertex 2 5.75 1.5
      vertex 2.39158 7.52567 1.5
      vertex 2.62 5.79064 1.5
    endloop
  endfacet
  facet normal 0 0 -1
    outer loop
      vertex 2 5.75 1.5
      vertex 2 7.5 1.5
      vertex 2.39158 7.52567 1.5
    endloop
  endfacet
  facet normal 0 0 -1
    outer loop
      vertex 2 5.75 1.5
      vertex 1.60842 7.52567 1.5
      vertex 2 7.5 1.5
    endloop
  endfacet
  facet normal 0 0 -1
    outer loop
      vertex 1.38 5.79064 1.5
      vertex 1.60842 7.52567 1.5
      vertex 2 5.75 1.5
    endloop
  endfacet
  facet normal 0 0 -1
    outer loop
      vertex 1.38 5.79064 1.5
      vertex 1.22354 7.60222 1.5
      vertex 1.60842 7.52567 1.5
    endloop
  endfacet
  facet normal 0 0 -1
    outer loop
      vertex 0.77061 5.91185 1.5
      vertex 1.22354 7.60222 1.5
      vertex 1.38 5.79064 1.5
    endloop
  endfacet
  facet normal -0 0 -1
    outer loop
      vertex 1.22354 7.60222 1.5
      vertex 0.77061 5.91185 1.5
      vertex 0.851951 7.72836 1.5
    endloop
  endfacet
  facet normal 0 0 -1
    outer loop
      vertex 0.182254 6.11157 1.5
      vertex 0.851951 7.72836 1.5
      vertex 0.77061 5.91185 1.5
    endloop
  endfacet
  facet normal -0 0 -1
    outer loop
      vertex 0.851951 7.72836 1.5
      vertex 0.182254 6.11157 1.5
      vertex 0.5 7.90192 1.5
    endloop
  endfacet
  facet normal 0 0 -1
    outer loop
      vertex -0.375 6.38638 1.5
      vertex 0.5 7.90192 1.5
      vertex 0.182254 6.11157 1.5
    endloop
  endfacet
  facet normal -0 0 -1
    outer loop
      vertex 0.5 7.90192 1.5
      vertex -0.375 6.38638 1.5
      vertex 0.173717 8.11994 1.5
    endloop
  endfacet
  facet normal 0 0 -1
    outer loop
      vertex -0.891616 6.73157 1.5
      vertex 0.173717 8.11994 1.5
      vertex -0.375 6.38638 1.5
    endloop
  endfacet
  facet normal -0 0 -1
    outer loop
      vertex 0.173717 8.11994 1.5
      vertex -0.891616 6.73157 1.5
      vertex -0.12132 8.37868 1.5
    endloop
  endfacet
  facet normal 0 0 -1
    outer loop
      vertex -1.35876 7.14124 1.5
      vertex -0.12132 8.37868 1.5
      vertex -0.891616 6.73157 1.5
    endloop
  endfacet
  facet normal -0 0 -1
    outer loop
      vertex -0.12132 8.37868 1.5
      vertex -1.35876 7.14124 1.5
      vertex -0.380059 8.67372 1.5
    endloop
  endfacet
  facet normal 0 0 -1
    outer loop
      vertex -1.76843 7.60838 1.5
      vertex -0.380059 8.67372 1.5
      vertex -1.35876 7.14124 1.5
    endloop
  endfacet
  facet normal -0 0 -1
    outer loop
      vertex -0.380059 8.67372 1.5
      vertex -1.76843 7.60838 1.5
      vertex -0.598076 9 1.5
    endloop
  endfacet
  facet normal 0 0 -1
    outer loop
      vertex -2.11362 8.125 1.5
      vertex -0.598076 9 1.5
      vertex -1.76843 7.60838 1.5
    endloop
  endfacet
  facet normal -0 0 -1
    outer loop
      vertex -0.598076 9 1.5
      vertex -2.11362 8.125 1.5
      vertex -0.771638 9.35195 1.5
    endloop
  endfacet
  facet normal 0 0 -1
    outer loop
      vertex -2.38843 8.68225 1.5
      vertex -0.771638 9.35195 1.5
      vertex -2.11362 8.125 1.5
    endloop
  endfacet
  facet normal -0 0 -1
    outer loop
      vertex 6.38843 12.3177 1.5
      vertex 4.77164 11.648 1.5
      vertex 6.11362 12.875 1.5
    endloop
  endfacet
  facet normal 0 0 -1
    outer loop
      vertex 4.59808 12 1.5
      vertex 6.11362 12.875 1.5
      vertex 4.77164 11.648 1.5
    endloop
  endfacet
  facet normal -0 0 -1
    outer loop
      vertex 6.11362 12.875 1.5
      vertex 4.59808 12 1.5
      vertex 5.76843 13.3916 1.5
    endloop
  endfacet
  facet normal 0 0 -1
    outer loop
      vertex 4.38006 12.3263 1.5
      vertex 5.76843 13.3916 1.5
      vertex 4.59808 12 1.5
    endloop
  endfacet
  facet normal -0 0 -1
    outer loop
      vertex 5.76843 13.3916 1.5
      vertex 4.38006 12.3263 1.5
      vertex 5.35876 13.8588 1.5
    endloop
  endfacet
  facet normal 0 0 -1
    outer loop
      vertex 4.12132 12.6213 1.5
      vertex 5.35876 13.8588 1.5
      vertex 4.38006 12.3263 1.5
    endloop
  endfacet
  facet normal -0 0 -1
    outer loop
      vertex 5.35876 13.8588 1.5
      vertex 4.12132 12.6213 1.5
      vertex 4.89162 14.2684 1.5
    endloop
  endfacet
  facet normal 0 0 -1
    outer loop
      vertex 3.82628 12.8801 1.5
      vertex 4.89162 14.2684 1.5
      vertex 4.12132 12.6213 1.5
    endloop
  endfacet
  facet normal -0 0 -1
    outer loop
      vertex 4.89162 14.2684 1.5
      vertex 3.82628 12.8801 1.5
      vertex 4.375 14.6136 1.5
    endloop
  endfacet
  facet normal 0 0 -1
    outer loop
      vertex 3.5 13.0981 1.5
      vertex 4.375 14.6136 1.5
      vertex 3.82628 12.8801 1.5
    endloop
  endfacet
  facet normal -0 0 -1
    outer loop
      vertex 4.375 14.6136 1.5
      vertex 3.5 13.0981 1.5
      vertex 3.81775 14.8884 1.5
    endloop
  endfacet
  facet normal 0 0 -1
    outer loop
      vertex 3.14805 13.2716 1.5
      vertex 3.81775 14.8884 1.5
      vertex 3.5 13.0981 1.5
    endloop
  endfacet
  facet normal -0 0 -1
    outer loop
      vertex 3.81775 14.8884 1.5
      vertex 3.14805 13.2716 1.5
      vertex 3.22939 15.0881 1.5
    endloop
  endfacet
  facet normal 0 0 -1
    outer loop
      vertex 2.77646 13.3978 1.5
      vertex 3.22939 15.0881 1.5
      vertex 3.14805 13.2716 1.5
    endloop
  endfacet
  facet normal 0 0 -1
    outer loop
      vertex 2.77646 13.3978 1.5
      vertex 2.62 15.2094 1.5
      vertex 3.22939 15.0881 1.5
    endloop
  endfacet
  facet normal 0 0 -1
    outer loop
      vertex 2.39158 13.4743 1.5
      vertex 2.62 15.2094 1.5
      vertex 2.77646 13.3978 1.5
    endloop
  endfacet
  facet normal 0 0 -1
    outer loop
      vertex 2 13.5 1.5
      vertex 2.62 15.2094 1.5
      vertex 2.39158 13.4743 1.5
    endloop
  endfacet
  facet normal 0 0 -1
    outer loop
      vertex 2 13.5 1.5
      vertex 2 15.25 1.5
      vertex 2.62 15.2094 1.5
    endloop
  endfacet
  facet normal 0 0 -1
    outer loop
      vertex 1.60842 13.4743 1.5
      vertex 2 15.25 1.5
      vertex 2 13.5 1.5
    endloop
  endfacet
  facet normal 0 0 -1
    outer loop
      vertex 1.60842 13.4743 1.5
      vertex 1.38 15.2094 1.5
      vertex 2 15.25 1.5
    endloop
  endfacet
  facet normal 0 0 -1
    outer loop
      vertex 1.22354 13.3978 1.5
      vertex 1.38 15.2094 1.5
      vertex 1.60842 13.4743 1.5
    endloop
  endfacet
  facet normal 0 0 -1
    outer loop
      vertex 0.77061 15.0881 1.5
      vertex 1.22354 13.3978 1.5
      vertex 0.851951 13.2716 1.5
    endloop
  endfacet
  facet normal 0 0 -1
    outer loop
      vertex 1.22354 13.3978 1.5
      vertex 0.77061 15.0881 1.5
      vertex 1.38 15.2094 1.5
    endloop
  endfacet
  facet normal 0 0 -1
    outer loop
      vertex 0.182254 14.8884 1.5
      vertex 0.851951 13.2716 1.5
      vertex 0.5 13.0981 1.5
    endloop
  endfacet
  facet normal 0 0 -1
    outer loop
      vertex 0.851951 13.2716 1.5
      vertex 0.182254 14.8884 1.5
      vertex 0.77061 15.0881 1.5
    endloop
  endfacet
  facet normal 0 0 -1
    outer loop
      vertex -0.375 14.6136 1.5
      vertex 0.5 13.0981 1.5
      vertex 0.173717 12.8801 1.5
    endloop
  endfacet
  facet normal 0 0 -1
    outer loop
      vertex -0.891616 14.2684 1.5
      vertex 0.173717 12.8801 1.5
      vertex -0.12132 12.6213 1.5
    endloop
  endfacet
  facet normal 0 0 -1
    outer loop
      vertex 0.5 13.0981 1.5
      vertex -0.375 14.6136 1.5
      vertex 0.182254 14.8884 1.5
    endloop
  endfacet
  facet normal 0 0 -1
    outer loop
      vertex -1.35876 13.8588 1.5
      vertex -0.12132 12.6213 1.5
      vertex -0.380059 12.3263 1.5
    endloop
  endfacet
  facet normal 0 0 -1
    outer loop
      vertex -1.76843 13.3916 1.5
      vertex -0.380059 12.3263 1.5
      vertex -0.598076 12 1.5
    endloop
  endfacet
  facet normal 0 0 -1
    outer loop
      vertex -2.11362 12.875 1.5
      vertex -0.598076 12 1.5
      vertex -0.771638 11.648 1.5
    endloop
  endfacet
  facet normal 0 0 -1
    outer loop
      vertex 0.173717 12.8801 1.5
      vertex -0.891616 14.2684 1.5
      vertex -0.375 14.6136 1.5
    endloop
  endfacet
  facet normal 0 0 -1
    outer loop
      vertex -2.38843 12.3177 1.5
      vertex -0.771638 11.648 1.5
      vertex -0.897777 11.2765 1.5
    endloop
  endfacet
  facet normal 0 0 -1
    outer loop
      vertex -2.58815 11.7294 1.5
      vertex -0.897777 11.2765 1.5
      vertex -0.974334 10.8916 1.5
    endloop
  endfacet
  facet normal 0 0 -1
    outer loop
      vertex -2.70936 11.12 1.5
      vertex -0.974334 10.8916 1.5
      vertex -1 10.5 1.5
    endloop
  endfacet
  facet normal -0 0 -1
    outer loop
      vertex -0.771638 9.35195 1.5
      vertex -2.38843 8.68225 1.5
      vertex -0.897777 9.72354 1.5
    endloop
  endfacet
  facet normal 0 0 -1
    outer loop
      vertex -0.12132 12.6213 1.5
      vertex -1.35876 13.8588 1.5
      vertex -0.891616 14.2684 1.5
    endloop
  endfacet
  facet normal 0 0 -1
    outer loop
      vertex -2.58815 9.27061 1.5
      vertex -0.897777 9.72354 1.5
      vertex -2.38843 8.68225 1.5
    endloop
  endfacet
  facet normal 0 0 -1
    outer loop
      vertex -0.380059 12.3263 1.5
      vertex -1.76843 13.3916 1.5
      vertex -1.35876 13.8588 1.5
    endloop
  endfacet
  facet normal -0 0 -1
    outer loop
      vertex -0.897777 9.72354 1.5
      vertex -2.58815 9.27061 1.5
      vertex -0.974334 10.1084 1.5
    endloop
  endfacet
  facet normal 0 0 -1
    outer loop
      vertex -0.598076 12 1.5
      vertex -2.11362 12.875 1.5
      vertex -1.76843 13.3916 1.5
    endloop
  endfacet
  facet normal 0 0 -1
    outer loop
      vertex -2.70936 9.88 1.5
      vertex -0.974334 10.1084 1.5
      vertex -2.58815 9.27061 1.5
    endloop
  endfacet
  facet normal 0 0 -1
    outer loop
      vertex -0.771638 11.648 1.5
      vertex -2.38843 12.3177 1.5
      vertex -2.11362 12.875 1.5
    endloop
  endfacet
  facet normal -0 0 -1
    outer loop
      vertex -0.974334 10.1084 1.5
      vertex -2.70936 9.88 1.5
      vertex -1 10.5 1.5
    endloop
  endfacet
  facet normal 0 0 -1
    outer loop
      vertex -0.897777 11.2765 1.5
      vertex -2.58815 11.7294 1.5
      vertex -2.38843 12.3177 1.5
    endloop
  endfacet
  facet normal 0 0 -1
    outer loop
      vertex -2.75 10.5 1.5
      vertex -1 10.5 1.5
      vertex -2.70936 9.88 1.5
    endloop
  endfacet
  facet normal 0 0 -1
    outer loop
      vertex -0.974334 10.8916 1.5
      vertex -2.70936 11.12 1.5
      vertex -2.58815 11.7294 1.5
    endloop
  endfacet
  facet normal 0 0 -1
    outer loop
      vertex -1 10.5 1.5
      vertex -2.75 10.5 1.5
      vertex -2.70936 11.12 1.5
    endloop
  endfacet
  facet normal 0.831463 -0.55558 0
    outer loop
      vertex -2.11362 12.875 1.5
      vertex -1.76843 13.3916 -2
      vertex -1.76843 13.3916 1.5
    endloop
  endfacet
  facet normal 0.831463 -0.55558 0
    outer loop
      vertex -1.76843 13.3916 -2
      vertex -2.11362 12.875 1.5
      vertex -2.11362 12.875 -2
    endloop
  endfacet
  facet normal 0.195222 -0.980759 0
    outer loop
      vertex 0.77061 15.0881 -2
      vertex 1.38 15.2094 1.5
      vertex 0.77061 15.0881 1.5
    endloop
  endfacet
  facet normal 0.195222 -0.980759 0
    outer loop
      vertex 1.38 15.2094 1.5
      vertex 0.77061 15.0881 -2
      vertex 1.38 15.2094 -2
    endloop
  endfacet
  facet normal 0.659278 -0.751899 0
    outer loop
      vertex -1.35876 13.8588 -2
      vertex -0.891616 14.2684 1.5
      vertex -1.35876 13.8588 1.5
    endloop
  endfacet
  facet normal 0.659278 -0.751899 0
    outer loop
      vertex -0.891616 14.2684 1.5
      vertex -1.35876 13.8588 -2
      vertex -0.891616 14.2684 -2
    endloop
  endfacet
  facet normal -0.997859 -0.065408 0
    outer loop
      vertex 6.75 10.5 -2
      vertex 6.70936 11.12 1.5
      vertex 6.70936 11.12 -2
    endloop
  endfacet
  facet normal -0.997859 -0.065408 0
    outer loop
      vertex 6.70936 11.12 1.5
      vertex 6.75 10.5 -2
      vertex 6.75 10.5 1.5
    endloop
  endfacet
  facet normal -0.946931 0.321438 0
    outer loop
      vertex 6.38843 8.68225 -2
      vertex 6.58815 9.27061 1.5
      vertex 6.58815 9.27061 -2
    endloop
  endfacet
  facet normal -0.946931 0.321438 0
    outer loop
      vertex 6.58815 9.27061 1.5
      vertex 6.38843 8.68225 -2
      vertex 6.38843 8.68225 1.5
    endloop
  endfacet
  facet normal -0.555565 0.831473 0
    outer loop
      vertex 4.89162 6.73157 -2
      vertex 4.375 6.38638 1.5
      vertex 4.89162 6.73157 1.5
    endloop
  endfacet
  facet normal -0.555565 0.831473 0
    outer loop
      vertex 4.375 6.38638 1.5
      vertex 4.89162 6.73157 -2
      vertex 4.375 6.38638 -2
    endloop
  endfacet
  facet normal -0.89687 0.442295 0
    outer loop
      vertex 6.11362 8.125 -2
      vertex 6.38843 8.68225 1.5
      vertex 6.38843 8.68225 -2
    endloop
  endfacet
  facet normal -0.89687 0.442295 0
    outer loop
      vertex 6.38843 8.68225 1.5
      vertex 6.11362 8.125 -2
      vertex 6.11362 8.125 1.5
    endloop
  endfacet
  facet normal -0.831473 0.555565 0
    outer loop
      vertex 5.76843 7.60838 -2
      vertex 6.11362 8.125 1.5
      vertex 6.11362 8.125 -2
    endloop
  endfacet
  facet normal -0.831473 0.555565 0
    outer loop
      vertex 6.11362 8.125 1.5
      vertex 5.76843 7.60838 -2
      vertex 5.76843 7.60838 1.5
    endloop
  endfacet
  facet normal 0.065408 0.997859 -0
    outer loop
      vertex 2 5.75 -2
      vertex 1.38 5.79064 1.5
      vertex 2 5.75 1.5
    endloop
  endfacet
  facet normal 0.065408 0.997859 0
    outer loop
      vertex 1.38 5.79064 1.5
      vertex 2 5.75 -2
      vertex 1.38 5.79064 -2
    endloop
  endfacet
  facet normal 0.442292 0.896871 -0
    outer loop
      vertex 0.182254 6.11157 -2
      vertex -0.375 6.38638 1.5
      vertex 0.182254 6.11157 1.5
    endloop
  endfacet
  facet normal 0.442292 0.896871 0
    outer loop
      vertex -0.375 6.38638 1.5
      vertex 0.182254 6.11157 -2
      vertex -0.375 6.38638 -2
    endloop
  endfacet
  facet normal 0.659342 0.751843 -0
    outer loop
      vertex -0.891616 6.73157 -2
      vertex -1.35876 7.14124 1.5
      vertex -0.891616 6.73157 1.5
    endloop
  endfacet
  facet normal 0.659342 0.751843 0
    outer loop
      vertex -1.35876 7.14124 1.5
      vertex -0.891616 6.73157 -2
      vertex -1.35876 7.14124 -2
    endloop
  endfacet
  facet normal 0.980787 0.195082 0
    outer loop
      vertex -2.58815 9.27061 1.5
      vertex -2.70936 9.88 -2
      vertex -2.70936 9.88 1.5
    endloop
  endfacet
  facet normal 0.980787 0.195082 0
    outer loop
      vertex -2.70936 9.88 -2
      vertex -2.58815 9.27061 1.5
      vertex -2.58815 9.27061 -2
    endloop
  endfacet
  facet normal 0.946931 0.321438 0
    outer loop
      vertex -2.38843 8.68225 1.5
      vertex -2.58815 9.27061 -2
      vertex -2.58815 9.27061 1.5
    endloop
  endfacet
  facet normal 0.946931 0.321438 0
    outer loop
      vertex -2.58815 9.27061 -2
      vertex -2.38843 8.68225 1.5
      vertex -2.38843 8.68225 -2
    endloop
  endfacet
  facet normal 0.831473 0.555565 0
    outer loop
      vertex -1.76843 7.60838 1.5
      vertex -2.11362 8.125 -2
      vertex -2.11362 8.125 1.5
    endloop
  endfacet
  facet normal 0.831473 0.555565 0
    outer loop
      vertex -2.11362 8.125 -2
      vertex -1.76843 7.60838 1.5
      vertex -1.76843 7.60838 -2
    endloop
  endfacet
  facet normal 0.75184 0.659345 0
    outer loop
      vertex -1.35876 7.14124 1.5
      vertex -1.76843 7.60838 -2
      vertex -1.76843 7.60838 1.5
    endloop
  endfacet
  facet normal 0.75184 0.659345 0
    outer loop
      vertex -1.76843 7.60838 -2
      vertex -1.35876 7.14124 1.5
      vertex -1.35876 7.14124 -2
    endloop
  endfacet
  facet normal -0.659281 -0.751896 0
    outer loop
      vertex 4.89162 14.2684 -2
      vertex 5.35876 13.8588 1.5
      vertex 4.89162 14.2684 1.5
    endloop
  endfacet
  facet normal -0.659281 -0.751896 -0
    outer loop
      vertex 5.35876 13.8588 1.5
      vertex 4.89162 14.2684 -2
      vertex 5.35876 13.8588 -2
    endloop
  endfacet
  facet normal -0.980787 0.195082 0
    outer loop
      vertex 6.58815 9.27061 -2
      vertex 6.70936 9.88 1.5
      vertex 6.70936 9.88 -2
    endloop
  endfacet
  facet normal -0.980787 0.195082 0
    outer loop
      vertex 6.70936 9.88 1.5
      vertex 6.58815 9.27061 -2
      vertex 6.58815 9.27061 1.5
    endloop
  endfacet
  facet normal -0.997859 0.065408 0
    outer loop
      vertex 6.70936 9.88 -2
      vertex 6.75 10.5 1.5
      vertex 6.75 10.5 -2
    endloop
  endfacet
  facet normal -0.997859 0.065408 0
    outer loop
      vertex 6.75 10.5 1.5
      vertex 6.70936 9.88 -2
      vertex 6.70936 9.88 1.5
    endloop
  endfacet
  facet normal -0.321438 0.946931 0
    outer loop
      vertex 3.81775 6.11157 -2
      vertex 3.22939 5.91185 1.5
      vertex 3.81775 6.11157 1.5
    endloop
  endfacet
  facet normal -0.321438 0.946931 0
    outer loop
      vertex 3.22939 5.91185 1.5
      vertex 3.81775 6.11157 -2
      vertex 3.22939 5.91185 -2
    endloop
  endfacet
  facet normal 0.195082 0.980787 -0
    outer loop
      vertex 1.38 5.79064 -2
      vertex 0.77061 5.91185 1.5
      vertex 1.38 5.79064 1.5
    endloop
  endfacet
  facet normal 0.195082 0.980787 0
    outer loop
      vertex 0.77061 5.91185 1.5
      vertex 1.38 5.79064 -2
      vertex 0.77061 5.91185 -2
    endloop
  endfacet
  facet normal -0.659428 -0.751768 0
    outer loop
      vertex 3.82628 12.8801 1.5
      vertex 4.12132 12.6213 3
      vertex 3.82628 12.8801 3
    endloop
  endfacet
  facet normal -0.659428 -0.751768 -0
    outer loop
      vertex 4.12132 12.6213 3
      vertex 3.82628 12.8801 1.5
      vertex 4.12132 12.6213 1.5
    endloop
  endfacet
  facet normal 0.946905 -0.321512 0
    outer loop
      vertex -0.897777 11.2765 3
      vertex -0.771638 11.648 1.5
      vertex -0.771638 11.648 3
    endloop
  endfacet
  facet normal 0.946905 -0.321512 0
    outer loop
      vertex -0.771638 11.648 1.5
      vertex -0.897777 11.2765 3
      vertex -0.897777 11.2765 1.5
    endloop
  endfacet
  facet normal 0.321445 0.946928 -0
    outer loop
      vertex 1.22354 7.60222 1.5
      vertex 0.851951 7.72836 3
      vertex 1.22354 7.60222 3
    endloop
  endfacet
  facet normal 0.321445 0.946928 0
    outer loop
      vertex 0.851951 7.72836 3
      vertex 1.22354 7.60222 1.5
      vertex 0.851951 7.72836 1.5
    endloop
  endfacet
  facet normal -0.555547 -0.831485 0
    outer loop
      vertex 3.5 13.0981 1.5
      vertex 3.82628 12.8801 3
      vertex 3.5 13.0981 3
    endloop
  endfacet
  facet normal -0.555547 -0.831485 -0
    outer loop
      vertex 3.82628 12.8801 3
      vertex 3.5 13.0981 1.5
      vertex 3.82628 12.8801 1.5
    endloop
  endfacet
  facet normal 0.321582 -0.946882 0
    outer loop
      vertex 0.851951 13.2716 1.5
      vertex 1.22354 13.3978 3
      vertex 0.851951 13.2716 3
    endloop
  endfacet
  facet normal 0.321582 -0.946882 0
    outer loop
      vertex 1.22354 13.3978 3
      vertex 0.851951 13.2716 1.5
      vertex 1.22354 13.3978 1.5
    endloop
  endfacet
  facet normal 0.896898 -0.442237 0
    outer loop
      vertex -0.771638 11.648 3
      vertex -0.598076 12 1.5
      vertex -0.598076 12 3
    endloop
  endfacet
  facet normal 0.896898 -0.442237 0
    outer loop
      vertex -0.598076 12 1.5
      vertex -0.771638 11.648 3
      vertex -0.771638 11.648 1.5
    endloop
  endfacet
  facet normal 0.896873 0.442288 0
    outer loop
      vertex -0.598076 9 3
      vertex -0.771638 9.35195 1.5
      vertex -0.771638 9.35195 3
    endloop
  endfacet
  facet normal 0.896873 0.442288 0
    outer loop
      vertex -0.771638 9.35195 1.5
      vertex -0.598076 9 3
      vertex -0.598076 9 1.5
    endloop
  endfacet
  facet normal -0.980791 -0.195062 0
    outer loop
      vertex 4.97433 10.8916 1.5
      vertex 4.89778 11.2765 3
      vertex 4.89778 11.2765 1.5
    endloop
  endfacet
  facet normal -0.980791 -0.195062 0
    outer loop
      vertex 4.89778 11.2765 3
      vertex 4.97433 10.8916 1.5
      vertex 4.97433 10.8916 3
    endloop
  endfacet
  facet normal -0.946905 -0.321514 0
    outer loop
      vertex 4.89778 11.2765 1.5
      vertex 4.77164 11.648 3
      vertex 4.77164 11.648 1.5
    endloop
  endfacet
  facet normal -0.946905 -0.321514 0
    outer loop
      vertex 4.77164 11.648 3
      vertex 4.89778 11.2765 1.5
      vertex 4.89778 11.2765 3
    endloop
  endfacet
  facet normal -0.831477 -0.555558 0
    outer loop
      vertex 4.59808 12 1.5
      vertex 4.38006 12.3263 3
      vertex 4.38006 12.3263 1.5
    endloop
  endfacet
  facet normal -0.831477 -0.555558 0
    outer loop
      vertex 4.38006 12.3263 3
      vertex 4.59808 12 1.5
      vertex 4.59808 12 3
    endloop
  endfacet
  facet normal -0.751799 -0.659392 0
    outer loop
      vertex 4.38006 12.3263 1.5
      vertex 4.12132 12.6213 3
      vertex 4.12132 12.6213 1.5
    endloop
  endfacet
  facet normal -0.751799 -0.659392 0
    outer loop
      vertex 4.12132 12.6213 3
      vertex 4.38006 12.3263 1.5
      vertex 4.38006 12.3263 3
    endloop
  endfacet
  facet normal -0.44216 -0.896936 0
    outer loop
      vertex 3.14805 13.2716 1.5
      vertex 3.5 13.0981 3
      vertex 3.14805 13.2716 3
    endloop
  endfacet
  facet normal -0.44216 -0.896936 -0
    outer loop
      vertex 3.5 13.0981 3
      vertex 3.14805 13.2716 1.5
      vertex 3.5 13.0981 1.5
    endloop
  endfacet
  facet normal -0.321582 -0.946882 0
    outer loop
      vertex 2.77646 13.3978 1.5
      vertex 3.14805 13.2716 3
      vertex 2.77646 13.3978 3
    endloop
  endfacet
  facet normal -0.321582 -0.946882 -0
    outer loop
      vertex 3.14805 13.2716 3
      vertex 2.77646 13.3978 1.5
      vertex 3.14805 13.2716 1.5
    endloop
  endfacet
  facet normal 0.751801 -0.65939 0
    outer loop
      vertex -0.380059 12.3263 3
      vertex -0.12132 12.6213 1.5
      vertex -0.12132 12.6213 3
    endloop
  endfacet
  facet normal 0.751801 -0.65939 0
    outer loop
      vertex -0.12132 12.6213 1.5
      vertex -0.380059 12.3263 3
      vertex -0.380059 12.3263 1.5
    endloop
  endfacet
  facet normal 0.442159 -0.896936 0
    outer loop
      vertex 0.5 13.0981 1.5
      vertex 0.851951 13.2716 3
      vertex 0.5 13.0981 3
    endloop
  endfacet
  facet normal 0.442159 -0.896936 0
    outer loop
      vertex 0.851951 13.2716 3
      vertex 0.5 13.0981 1.5
      vertex 0.851951 13.2716 1.5
    endloop
  endfacet
  facet normal 0.555543 -0.831488 0
    outer loop
      vertex 0.173717 12.8801 1.5
      vertex 0.5 13.0981 3
      vertex 0.173717 12.8801 3
    endloop
  endfacet
  facet normal 0.555543 -0.831488 0
    outer loop
      vertex 0.5 13.0981 3
      vertex 0.173717 12.8801 1.5
      vertex 0.5 13.0981 1.5
    endloop
  endfacet
  facet normal -0.321444 0.946928 0
    outer loop
      vertex 3.14805 7.72836 1.5
      vertex 2.77646 7.60222 3
      vertex 3.14805 7.72836 3
    endloop
  endfacet
  facet normal -0.321444 0.946928 0
    outer loop
      vertex 2.77646 7.60222 3
      vertex 3.14805 7.72836 1.5
      vertex 2.77646 7.60222 1.5
    endloop
  endfacet
  facet normal -0.751844 0.659341 0
    outer loop
      vertex 4.12132 8.37868 1.5
      vertex 4.38006 8.67372 3
      vertex 4.38006 8.67372 1.5
    endloop
  endfacet
  facet normal -0.751844 0.659341 0
    outer loop
      vertex 4.38006 8.67372 3
      vertex 4.12132 8.37868 1.5
      vertex 4.12132 8.37868 3
    endloop
  endfacet
  facet normal -0.659341 0.751844 0
    outer loop
      vertex 4.12132 8.37868 1.5
      vertex 3.82628 8.11994 3
      vertex 4.12132 8.37868 3
    endloop
  endfacet
  facet normal -0.659341 0.751844 0
    outer loop
      vertex 3.82628 8.11994 3
      vertex 4.12132 8.37868 1.5
      vertex 3.82628 8.11994 1.5
    endloop
  endfacet
  facet normal -0.442283 0.896875 0
    outer loop
      vertex 3.5 7.90192 1.5
      vertex 3.14805 7.72836 3
      vertex 3.5 7.90192 3
    endloop
  endfacet
  facet normal -0.442283 0.896875 0
    outer loop
      vertex 3.14805 7.72836 3
      vertex 3.5 7.90192 1.5
      vertex 3.14805 7.72836 1.5
    endloop
  endfacet
  facet normal -0.8969 -0.442233 0
    outer loop
      vertex 4.77164 11.648 1.5
      vertex 4.59808 12 3
      vertex 4.59808 12 1.5
    endloop
  endfacet
  facet normal -0.8969 -0.442233 0
    outer loop
      vertex 4.59808 12 3
      vertex 4.77164 11.648 1.5
      vertex 4.77164 11.648 3
    endloop
  endfacet
  facet normal -0.0654906 -0.997853 0
    outer loop
      vertex 2 13.5 1.5
      vertex 2.39158 13.4743 3
      vertex 2 13.5 3
    endloop
  endfacet
  facet normal -0.0654906 -0.997853 -0
    outer loop
      vertex 2.39158 13.4743 3
      vertex 2 13.5 1.5
      vertex 2.39158 13.4743 1.5
    endloop
  endfacet
  facet normal -0.19495 -0.980813 0
    outer loop
      vertex 2.39158 13.4743 1.5
      vertex 2.77646 13.3978 3
      vertex 2.39158 13.4743 3
    endloop
  endfacet
  facet normal -0.19495 -0.980813 -0
    outer loop
      vertex 2.77646 13.3978 3
      vertex 2.39158 13.4743 1.5
      vertex 2.77646 13.3978 1.5
    endloop
  endfacet
  facet normal 0.997859 -0.065401 0
    outer loop
      vertex -1 10.5 3
      vertex -0.974334 10.8916 1.5
      vertex -0.974334 10.8916 3
    endloop
  endfacet
  facet normal 0.997859 -0.065401 0
    outer loop
      vertex -0.974334 10.8916 1.5
      vertex -1 10.5 3
      vertex -1 10.5 1.5
    endloop
  endfacet
  facet normal 0.980787 -0.19508 0
    outer loop
      vertex -0.974334 10.8916 3
      vertex -0.897777 11.2765 1.5
      vertex -0.897777 11.2765 3
    endloop
  endfacet
  facet normal 0.980787 -0.19508 0
    outer loop
      vertex -0.897777 11.2765 1.5
      vertex -0.974334 10.8916 3
      vertex -0.974334 10.8916 1.5
    endloop
  endfacet
  facet normal 0.831481 -0.555553 0
    outer loop
      vertex -0.598076 12 3
      vertex -0.380059 12.3263 1.5
      vertex -0.380059 12.3263 3
    endloop
  endfacet
  facet normal 0.831481 -0.555553 0
    outer loop
      vertex -0.380059 12.3263 1.5
      vertex -0.598076 12 3
      vertex -0.598076 12 1.5
    endloop
  endfacet
  facet normal 0.0654906 -0.997853 0
    outer loop
      vertex 1.60842 13.4743 1.5
      vertex 2 13.5 3
      vertex 1.60842 13.4743 3
    endloop
  endfacet
  facet normal 0.0654906 -0.997853 0
    outer loop
      vertex 2 13.5 3
      vertex 1.60842 13.4743 1.5
      vertex 2 13.5 1.5
    endloop
  endfacet
  facet normal 0.19495 -0.980813 0
    outer loop
      vertex 1.22354 13.3978 1.5
      vertex 1.60842 13.4743 3
      vertex 1.22354 13.3978 3
    endloop
  endfacet
  facet normal 0.19495 -0.980813 0
    outer loop
      vertex 1.60842 13.4743 3
      vertex 1.22354 13.3978 1.5
      vertex 1.60842 13.4743 1.5
    endloop
  endfacet
  facet normal 0.659432 -0.751765 0
    outer loop
      vertex -0.12132 12.6213 1.5
      vertex 0.173717 12.8801 3
      vertex -0.12132 12.6213 3
    endloop
  endfacet
  facet normal 0.659432 -0.751765 0
    outer loop
      vertex 0.173717 12.8801 3
      vertex -0.12132 12.6213 1.5
      vertex 0.173717 12.8801 1.5
    endloop
  endfacet
  facet normal -0.997858 -0.0654112 0
    outer loop
      vertex 5 10.5 1.5
      vertex 4.97433 10.8916 3
      vertex 4.97433 10.8916 1.5
    endloop
  endfacet
  facet normal -0.997858 -0.0654112 0
    outer loop
      vertex 4.97433 10.8916 3
      vertex 5 10.5 1.5
      vertex 5 10.5 3
    endloop
  endfacet
  facet normal -0.0654145 0.997858 0
    outer loop
      vertex 2.39158 7.52567 1.5
      vertex 2 7.5 3
      vertex 2.39158 7.52567 3
    endloop
  endfacet
  facet normal -0.0654145 0.997858 0
    outer loop
      vertex 2 7.5 3
      vertex 2.39158 7.52567 1.5
      vertex 2 7.5 1.5
    endloop
  endfacet
  facet normal -0.946928 0.321444 0
    outer loop
      vertex 4.77164 9.35195 1.5
      vertex 4.89778 9.72354 3
      vertex 4.89778 9.72354 1.5
    endloop
  endfacet
  facet normal -0.946928 0.321444 0
    outer loop
      vertex 4.89778 9.72354 3
      vertex 4.77164 9.35195 1.5
      vertex 4.77164 9.35195 3
    endloop
  endfacet
  facet normal -0.195072 0.980789 0
    outer loop
      vertex 2.77646 7.60222 1.5
      vertex 2.39158 7.52567 3
      vertex 2.77646 7.60222 3
    endloop
  endfacet
  facet normal -0.195072 0.980789 0
    outer loop
      vertex 2.39158 7.52567 3
      vertex 2.77646 7.60222 1.5
      vertex 2.39158 7.52567 1.5
    endloop
  endfacet
  facet normal -0.555582 0.831462 0
    outer loop
      vertex 3.82628 8.11994 1.5
      vertex 3.5 7.90192 3
      vertex 3.82628 8.11994 3
    endloop
  endfacet
  facet normal -0.555582 0.831462 0
    outer loop
      vertex 3.5 7.90192 3
      vertex 3.82628 8.11994 1.5
      vertex 3.5 7.90192 1.5
    endloop
  endfacet
  facet normal -0.896875 0.442283 0
    outer loop
      vertex 4.59808 9 1.5
      vertex 4.77164 9.35195 3
      vertex 4.77164 9.35195 1.5
    endloop
  endfacet
  facet normal -0.896875 0.442283 0
    outer loop
      vertex 4.77164 9.35195 3
      vertex 4.59808 9 1.5
      vertex 4.59808 9 3
    endloop
  endfacet
  facet normal 0.195072 0.980789 -0
    outer loop
      vertex 1.60842 7.52567 1.5
      vertex 1.22354 7.60222 3
      vertex 1.60842 7.52567 3
    endloop
  endfacet
  facet normal 0.195072 0.980789 0
    outer loop
      vertex 1.22354 7.60222 3
      vertex 1.60842 7.52567 1.5
      vertex 1.22354 7.60222 1.5
    endloop
  endfacet
  facet normal 0.0654145 0.997858 -0
    outer loop
      vertex 2 7.5 1.5
      vertex 1.60842 7.52567 3
      vertex 2 7.5 3
    endloop
  endfacet
  facet normal 0.0654145 0.997858 0
    outer loop
      vertex 1.60842 7.52567 3
      vertex 2 7.5 1.5
      vertex 1.60842 7.52567 1.5
    endloop
  endfacet
  facet normal 0.442282 0.896876 -0
    outer loop
      vertex 0.851951 7.72836 1.5
      vertex 0.5 7.90192 3
      vertex 0.851951 7.72836 3
    endloop
  endfacet
  facet normal 0.442282 0.896876 0
    outer loop
      vertex 0.5 7.90192 3
      vertex 0.851951 7.72836 1.5
      vertex 0.5 7.90192 1.5
    endloop
  endfacet
  facet normal 0.659345 0.75184 -0
    outer loop
      vertex 0.173717 8.11994 1.5
      vertex -0.12132 8.37868 3
      vertex 0.173717 8.11994 3
    endloop
  endfacet
  facet normal 0.659345 0.75184 0
    outer loop
      vertex -0.12132 8.37868 3
      vertex 0.173717 8.11994 1.5
      vertex -0.12132 8.37868 1.5
    endloop
  endfacet
  facet normal 0.946929 0.321442 0
    outer loop
      vertex -0.771638 9.35195 3
      vertex -0.897777 9.72354 1.5
      vertex -0.897777 9.72354 3
    endloop
  endfacet
  facet normal 0.946929 0.321442 0
    outer loop
      vertex -0.897777 9.72354 1.5
      vertex -0.771638 9.35195 3
      vertex -0.771638 9.35195 1.5
    endloop
  endfacet
  facet normal 0.997859 0.065401 0
    outer loop
      vertex -0.974334 10.1084 3
      vertex -1 10.5 1.5
      vertex -1 10.5 3
    endloop
  endfacet
  facet normal 0.997859 0.065401 0
    outer loop
      vertex -1 10.5 1.5
      vertex -0.974334 10.1084 3
      vertex -0.974334 10.1084 1.5
    endloop
  endfacet
  facet normal 0.831465 0.555577 0
    outer loop
      vertex -0.380059 8.67372 3
      vertex -0.598076 9 1.5
      vertex -0.598076 9 3
    endloop
  endfacet
  facet normal 0.831465 0.555577 0
    outer loop
      vertex -0.598076 9 1.5
      vertex -0.380059 8.67372 3
      vertex -0.380059 8.67372 1.5
    endloop
  endfacet
  facet normal 0.751845 0.65934 0
    outer loop
      vertex -0.12132 8.37868 3
      vertex -0.380059 8.67372 1.5
      vertex -0.380059 8.67372 3
    endloop
  endfacet
  facet normal 0.751845 0.65934 0
    outer loop
      vertex -0.380059 8.67372 1.5
      vertex -0.12132 8.37868 3
      vertex -0.12132 8.37868 1.5
    endloop
  endfacet
  facet normal -0.980787 0.195082 0
    outer loop
      vertex 4.89778 9.72354 1.5
      vertex 4.97433 10.1084 3
      vertex 4.97433 10.1084 1.5
    endloop
  endfacet
  facet normal -0.980787 0.195082 0
    outer loop
      vertex 4.97433 10.1084 3
      vertex 4.89778 9.72354 1.5
      vertex 4.89778 9.72354 3
    endloop
  endfacet
  facet normal -0.997858 0.0654112 0
    outer loop
      vertex 4.97433 10.1084 1.5
      vertex 5 10.5 3
      vertex 5 10.5 1.5
    endloop
  endfacet
  facet normal -0.997858 0.0654112 0
    outer loop
      vertex 5 10.5 3
      vertex 4.97433 10.1084 1.5
      vertex 4.97433 10.1084 3
    endloop
  endfacet
  facet normal -0.831462 0.555582 0
    outer loop
      vertex 4.38006 8.67372 1.5
      vertex 4.59808 9 3
      vertex 4.59808 9 1.5
    endloop
  endfacet
  facet normal -0.831462 0.555582 0
    outer loop
      vertex 4.59808 9 3
      vertex 4.38006 8.67372 1.5
      vertex 4.38006 8.67372 3
    endloop
  endfacet
  facet normal 0.555578 0.831464 -0
    outer loop
      vertex 0.5 7.90192 1.5
      vertex 0.173717 8.11994 3
      vertex 0.5 7.90192 3
    endloop
  endfacet
  facet normal 0.555578 0.831464 0
    outer loop
      vertex 0.173717 8.11994 3
      vertex 0.5 7.90192 1.5
      vertex 0.173717 8.11994 1.5
    endloop
  endfacet
  facet normal 0.980784 0.195099 0
    outer loop
      vertex -0.897777 9.72354 3
      vertex -0.974334 10.1084 1.5
      vertex -0.974334 10.1084 3
    endloop
  endfacet
  facet normal 0.980784 0.195099 0
    outer loop
      vertex -0.974334 10.1084 1.5
      vertex -0.897777 9.72354 3
      vertex -0.897777 9.72354 1.5
    endloop
  endfacet
  facet normal -0.946897 -0.321537 0
    outer loop
      vertex -6.34089 16.0106 0
      vertex -6.39135 16.1592 2
      vertex -6.39135 16.1592 0
    endloop
  endfacet
  facet normal -0.946897 -0.321537 0
    outer loop
      vertex -6.39135 16.1592 2
      vertex -6.34089 16.0106 0
      vertex -6.34089 16.0106 2
    endloop
  endfacet
  facet normal -0.997856 -0.0654405 0
    outer loop
      vertex -6.3 15.7 0
      vertex -6.31027 15.8566 2
      vertex -6.31027 15.8566 0
    endloop
  endfacet
  facet normal -0.997856 -0.0654405 0
    outer loop
      vertex -6.31027 15.8566 2
      vertex -6.3 15.7 0
      vertex -6.3 15.7 2
    endloop
  endfacet
  facet normal 0.997856 -0.0654405 0
    outer loop
      vertex -8.7 15.7 2
      vertex -8.68973 15.8566 0
      vertex -8.68973 15.8566 2
    endloop
  endfacet
  facet normal 0.997856 -0.0654405 0
    outer loop
      vertex -8.68973 15.8566 0
      vertex -8.7 15.7 2
      vertex -8.7 15.7 0
    endloop
  endfacet
  facet normal -0.0656183 -0.997845 0
    outer loop
      vertex -7.5 16.9 0
      vertex -7.34337 16.8897 2
      vertex -7.5 16.9 2
    endloop
  endfacet
  facet normal -0.0656183 -0.997845 -0
    outer loop
      vertex -7.34337 16.8897 2
      vertex -7.5 16.9 0
      vertex -7.34337 16.8897 0
    endloop
  endfacet
  facet normal -0.751818 -0.65937 0
    outer loop
      vertex -6.54798 16.4305 0
      vertex -6.65147 16.5485 2
      vertex -6.65147 16.5485 0
    endloop
  endfacet
  facet normal -0.751818 -0.65937 0
    outer loop
      vertex -6.65147 16.5485 2
      vertex -6.54798 16.4305 0
      vertex -6.54798 16.4305 2
    endloop
  endfacet
  facet normal 0.659343 -0.751842 0
    outer loop
      vertex -8.34853 16.5485 0
      vertex -8.23051 16.652 2
      vertex -8.34853 16.5485 2
    endloop
  endfacet
  facet normal 0.659343 -0.751842 0
    outer loop
      vertex -8.23051 16.652 2
      vertex -8.34853 16.5485 0
      vertex -8.23051 16.652 0
    endloop
  endfacet
  facet normal 0.321117 -0.94704 0
    outer loop
      vertex -7.95922 16.8087 0
      vertex -7.81058 16.8591 2
      vertex -7.95922 16.8087 2
    endloop
  endfacet
  facet normal 0.321117 -0.94704 0
    outer loop
      vertex -7.81058 16.8591 2
      vertex -7.95922 16.8087 0
      vertex -7.81058 16.8591 0
    endloop
  endfacet
  facet normal 0.831432 0.555626 0
    outer loop
      vertex -8.45202 14.9695 2
      vertex -8.53923 15.1 0
      vertex -8.53923 15.1 2
    endloop
  endfacet
  facet normal 0.831432 0.555626 0
    outer loop
      vertex -8.53923 15.1 0
      vertex -8.45202 14.9695 2
      vertex -8.45202 14.9695 0
    endloop
  endfacet
  facet normal -0.89691 -0.442212 0
    outer loop
      vertex -6.39135 16.1592 0
      vertex -6.46077 16.3 2
      vertex -6.46077 16.3 0
    endloop
  endfacet
  facet normal -0.89691 -0.442212 0
    outer loop
      vertex -6.46077 16.3 2
      vertex -6.39135 16.1592 0
      vertex -6.39135 16.1592 2
    endloop
  endfacet
  facet normal -0.831432 -0.555626 0
    outer loop
      vertex -6.46077 16.3 0
      vertex -6.54798 16.4305 2
      vertex -6.54798 16.4305 0
    endloop
  endfacet
  facet normal -0.831432 -0.555626 0
    outer loop
      vertex -6.54798 16.4305 2
      vertex -6.46077 16.3 0
      vertex -6.46077 16.3 2
    endloop
  endfacet
  facet normal -0.442673 -0.896683 0
    outer loop
      vertex -7.04078 16.8087 0
      vertex -6.9 16.7392 2
      vertex -7.04078 16.8087 2
    endloop
  endfacet
  facet normal -0.442673 -0.896683 -0
    outer loop
      vertex -6.9 16.7392 2
      vertex -7.04078 16.8087 0
      vertex -6.9 16.7392 0
    endloop
  endfacet
  facet normal -0.194952 -0.980813 0
    outer loop
      vertex -7.34337 16.8897 0
      vertex -7.18942 16.8591 2
      vertex -7.34337 16.8897 2
    endloop
  endfacet
  facet normal -0.194952 -0.980813 -0
    outer loop
      vertex -7.18942 16.8591 2
      vertex -7.34337 16.8897 0
      vertex -7.18942 16.8591 0
    endloop
  endfacet
  facet normal -0.659343 -0.751842 0
    outer loop
      vertex -6.76949 16.652 0
      vertex -6.65147 16.5485 2
      vertex -6.76949 16.652 2
    endloop
  endfacet
  facet normal -0.659343 -0.751842 -0
    outer loop
      vertex -6.65147 16.5485 2
      vertex -6.76949 16.652 0
      vertex -6.65147 16.5485 0
    endloop
  endfacet
  facet normal 0.89691 -0.442212 0
    outer loop
      vertex -8.60865 16.1592 2
      vertex -8.53923 16.3 0
      vertex -8.53923 16.3 2
    endloop
  endfacet
  facet normal 0.89691 -0.442212 0
    outer loop
      vertex -8.53923 16.3 0
      vertex -8.60865 16.1592 2
      vertex -8.60865 16.1592 0
    endloop
  endfacet
  facet normal 0.831432 -0.555626 0
    outer loop
      vertex -8.53923 16.3 2
      vertex -8.45202 16.4305 0
      vertex -8.45202 16.4305 2
    endloop
  endfacet
  facet normal 0.831432 -0.555626 0
    outer loop
      vertex -8.45202 16.4305 0
      vertex -8.53923 16.3 2
      vertex -8.53923 16.3 0
    endloop
  endfacet
  facet normal 0.980801 -0.195014 0
    outer loop
      vertex -8.68973 15.8566 2
      vertex -8.65911 16.0106 0
      vertex -8.65911 16.0106 2
    endloop
  endfacet
  facet normal 0.980801 -0.195014 0
    outer loop
      vertex -8.65911 16.0106 0
      vertex -8.68973 15.8566 2
      vertex -8.68973 15.8566 0
    endloop
  endfacet
  facet normal 0.442673 -0.896683 0
    outer loop
      vertex -8.1 16.7392 0
      vertex -7.95922 16.8087 2
      vertex -8.1 16.7392 2
    endloop
  endfacet
  facet normal 0.442673 -0.896683 0
    outer loop
      vertex -7.95922 16.8087 2
      vertex -8.1 16.7392 0
      vertex -7.95922 16.8087 0
    endloop
  endfacet
  facet normal 0.0656183 -0.997845 0
    outer loop
      vertex -7.65663 16.8897 0
      vertex -7.5 16.9 2
      vertex -7.65663 16.8897 2
    endloop
  endfacet
  facet normal 0.0656183 -0.997845 0
    outer loop
      vertex -7.5 16.9 2
      vertex -7.65663 16.8897 0
      vertex -7.5 16.9 0
    endloop
  endfacet
  facet normal -0.194952 0.980813 0
    outer loop
      vertex -7.18942 14.5409 0
      vertex -7.34337 14.5103 2
      vertex -7.18942 14.5409 2
    endloop
  endfacet
  facet normal -0.194952 0.980813 0
    outer loop
      vertex -7.34337 14.5103 2
      vertex -7.18942 14.5409 0
      vertex -7.34337 14.5103 0
    endloop
  endfacet
  facet normal -0.0656183 0.997845 0
    outer loop
      vertex -7.34337 14.5103 0
      vertex -7.5 14.5 2
      vertex -7.34337 14.5103 2
    endloop
  endfacet
  facet normal -0.0656183 0.997845 0
    outer loop
      vertex -7.5 14.5 2
      vertex -7.34337 14.5103 0
      vertex -7.5 14.5 0
    endloop
  endfacet
  facet normal -0.659343 0.751842 0
    outer loop
      vertex -6.65147 14.8515 0
      vertex -6.76949 14.748 2
      vertex -6.65147 14.8515 2
    endloop
  endfacet
  facet normal -0.659343 0.751842 0
    outer loop
      vertex -6.76949 14.748 2
      vertex -6.65147 14.8515 0
      vertex -6.76949 14.748 0
    endloop
  endfacet
  facet normal -0.442673 0.896683 0
    outer loop
      vertex -6.9 14.6608 0
      vertex -7.04078 14.5913 2
      vertex -6.9 14.6608 2
    endloop
  endfacet
  facet normal -0.442673 0.896683 0
    outer loop
      vertex -7.04078 14.5913 2
      vertex -6.9 14.6608 0
      vertex -7.04078 14.5913 0
    endloop
  endfacet
  facet normal -0.946897 0.321537 0
    outer loop
      vertex -6.39135 15.2408 0
      vertex -6.34089 15.3894 2
      vertex -6.34089 15.3894 0
    endloop
  endfacet
  facet normal -0.946897 0.321537 0
    outer loop
      vertex -6.34089 15.3894 2
      vertex -6.39135 15.2408 0
      vertex -6.39135 15.2408 2
    endloop
  endfacet
  facet normal 0.321117 0.94704 -0
    outer loop
      vertex -7.81058 14.5409 0
      vertex -7.95922 14.5913 2
      vertex -7.81058 14.5409 2
    endloop
  endfacet
  facet normal 0.321117 0.94704 0
    outer loop
      vertex -7.95922 14.5913 2
      vertex -7.81058 14.5409 0
      vertex -7.95922 14.5913 0
    endloop
  endfacet
  facet normal 0.442673 0.896683 -0
    outer loop
      vertex -7.95922 14.5913 0
      vertex -8.1 14.6608 2
      vertex -7.95922 14.5913 2
    endloop
  endfacet
  facet normal 0.442673 0.896683 0
    outer loop
      vertex -8.1 14.6608 2
      vertex -7.95922 14.5913 0
      vertex -8.1 14.6608 0
    endloop
  endfacet
  facet normal 0.997856 0.0654405 0
    outer loop
      vertex -8.68973 15.5434 2
      vertex -8.7 15.7 0
      vertex -8.7 15.7 2
    endloop
  endfacet
  facet normal 0.997856 0.0654405 0
    outer loop
      vertex -8.7 15.7 0
      vertex -8.68973 15.5434 2
      vertex -8.68973 15.5434 0
    endloop
  endfacet
  facet normal 0.89691 0.442212 0
    outer loop
      vertex -8.53923 15.1 2
      vertex -8.60865 15.2408 0
      vertex -8.60865 15.2408 2
    endloop
  endfacet
  facet normal 0.89691 0.442212 0
    outer loop
      vertex -8.60865 15.2408 0
      vertex -8.53923 15.1 2
      vertex -8.53923 15.1 0
    endloop
  endfacet
  facet normal -0.980801 -0.195014 0
    outer loop
      vertex -6.31027 15.8566 0
      vertex -6.34089 16.0106 2
      vertex -6.34089 16.0106 0
    endloop
  endfacet
  facet normal -0.980801 -0.195014 0
    outer loop
      vertex -6.34089 16.0106 2
      vertex -6.31027 15.8566 0
      vertex -6.31027 15.8566 2
    endloop
  endfacet
  facet normal -0.321117 -0.94704 0
    outer loop
      vertex -7.18942 16.8591 0
      vertex -7.04078 16.8087 2
      vertex -7.18942 16.8591 2
    endloop
  endfacet
  facet normal -0.321117 -0.94704 -0
    outer loop
      vertex -7.04078 16.8087 2
      vertex -7.18942 16.8591 0
      vertex -7.04078 16.8087 0
    endloop
  endfacet
  facet normal -0.555553 -0.831481 0
    outer loop
      vertex -6.9 16.7392 0
      vertex -6.76949 16.652 2
      vertex -6.9 16.7392 2
    endloop
  endfacet
  facet normal -0.555553 -0.831481 -0
    outer loop
      vertex -6.76949 16.652 2
      vertex -6.9 16.7392 0
      vertex -6.76949 16.652 0
    endloop
  endfacet
  facet normal 0.555553 -0.831481 0
    outer loop
      vertex -8.23051 16.652 0
      vertex -8.1 16.7392 2
      vertex -8.23051 16.652 2
    endloop
  endfacet
  facet normal 0.555553 -0.831481 0
    outer loop
      vertex -8.1 16.7392 2
      vertex -8.23051 16.652 0
      vertex -8.1 16.7392 0
    endloop
  endfacet
  facet normal -0.555553 0.831481 0
    outer loop
      vertex -6.76949 14.748 0
      vertex -6.9 14.6608 2
      vertex -6.76949 14.748 2
    endloop
  endfacet
  facet normal -0.555553 0.831481 0
    outer loop
      vertex -6.9 14.6608 2
      vertex -6.76949 14.748 0
      vertex -6.9 14.6608 0
    endloop
  endfacet
  facet normal -0.89691 0.442212 0
    outer loop
      vertex -6.46077 15.1 0
      vertex -6.39135 15.2408 2
      vertex -6.39135 15.2408 0
    endloop
  endfacet
  facet normal -0.89691 0.442212 0
    outer loop
      vertex -6.39135 15.2408 2
      vertex -6.46077 15.1 0
      vertex -6.46077 15.1 2
    endloop
  endfacet
  facet normal -0.751818 0.65937 0
    outer loop
      vertex -6.65147 14.8515 0
      vertex -6.54798 14.9695 2
      vertex -6.54798 14.9695 0
    endloop
  endfacet
  facet normal -0.751818 0.65937 0
    outer loop
      vertex -6.54798 14.9695 2
      vertex -6.65147 14.8515 0
      vertex -6.65147 14.8515 2
    endloop
  endfacet
  facet normal -0.831432 0.555626 0
    outer loop
      vertex -6.54798 14.9695 0
      vertex -6.46077 15.1 2
      vertex -6.46077 15.1 0
    endloop
  endfacet
  facet normal -0.831432 0.555626 0
    outer loop
      vertex -6.46077 15.1 2
      vertex -6.54798 14.9695 0
      vertex -6.54798 14.9695 2
    endloop
  endfacet
  facet normal 0.659343 0.751842 -0
    outer loop
      vertex -8.23051 14.748 0
      vertex -8.34853 14.8515 2
      vertex -8.23051 14.748 2
    endloop
  endfacet
  facet normal 0.659343 0.751842 0
    outer loop
      vertex -8.34853 14.8515 2
      vertex -8.23051 14.748 0
      vertex -8.34853 14.8515 0
    endloop
  endfacet
  facet normal 0.0656183 0.997845 -0
    outer loop
      vertex -7.5 14.5 0
      vertex -7.65663 14.5103 2
      vertex -7.5 14.5 2
    endloop
  endfacet
  facet normal 0.0656183 0.997845 0
    outer loop
      vertex -7.65663 14.5103 2
      vertex -7.5 14.5 0
      vertex -7.65663 14.5103 0
    endloop
  endfacet
  facet normal 0.555553 0.831481 -0
    outer loop
      vertex -8.1 14.6608 0
      vertex -8.23051 14.748 2
      vertex -8.1 14.6608 2
    endloop
  endfacet
  facet normal 0.555553 0.831481 0
    outer loop
      vertex -8.23051 14.748 2
      vertex -8.1 14.6608 0
      vertex -8.23051 14.748 0
    endloop
  endfacet
  facet normal 0.751818 0.65937 0
    outer loop
      vertex -8.34853 14.8515 2
      vertex -8.45202 14.9695 0
      vertex -8.45202 14.9695 2
    endloop
  endfacet
  facet normal 0.751818 0.65937 0
    outer loop
      vertex -8.45202 14.9695 0
      vertex -8.34853 14.8515 2
      vertex -8.34853 14.8515 0
    endloop
  endfacet
  facet normal 0.980801 0.195014 0
    outer loop
      vertex -8.65911 15.3894 2
      vertex -8.68973 15.5434 0
      vertex -8.68973 15.5434 2
    endloop
  endfacet
  facet normal 0.980801 0.195014 0
    outer loop
      vertex -8.68973 15.5434 0
      vertex -8.65911 15.3894 2
      vertex -8.65911 15.3894 0
    endloop
  endfacet
  facet normal 0.751818 -0.65937 0
    outer loop
      vertex -8.45202 16.4305 2
      vertex -8.34853 16.5485 0
      vertex -8.34853 16.5485 2
    endloop
  endfacet
  facet normal 0.751818 -0.65937 0
    outer loop
      vertex -8.34853 16.5485 0
      vertex -8.45202 16.4305 2
      vertex -8.45202 16.4305 0
    endloop
  endfacet
  facet normal 0.946897 -0.321537 0
    outer loop
      vertex -8.65911 16.0106 2
      vertex -8.60865 16.1592 0
      vertex -8.60865 16.1592 2
    endloop
  endfacet
  facet normal 0.946897 -0.321537 0
    outer loop
      vertex -8.60865 16.1592 0
      vertex -8.65911 16.0106 2
      vertex -8.65911 16.0106 0
    endloop
  endfacet
  facet normal 0.194952 -0.980813 0
    outer loop
      vertex -7.81058 16.8591 0
      vertex -7.65663 16.8897 2
      vertex -7.81058 16.8591 2
    endloop
  endfacet
  facet normal 0.194952 -0.980813 0
    outer loop
      vertex -7.65663 16.8897 2
      vertex -7.81058 16.8591 0
      vertex -7.65663 16.8897 0
    endloop
  endfacet
  facet normal -0.321117 0.94704 0
    outer loop
      vertex -7.04078 14.5913 0
      vertex -7.18942 14.5409 2
      vertex -7.04078 14.5913 2
    endloop
  endfacet
  facet normal -0.321117 0.94704 0
    outer loop
      vertex -7.18942 14.5409 2
      vertex -7.04078 14.5913 0
      vertex -7.18942 14.5409 0
    endloop
  endfacet
  facet normal -0.980801 0.195014 0
    outer loop
      vertex -6.34089 15.3894 0
      vertex -6.31027 15.5434 2
      vertex -6.31027 15.5434 0
    endloop
  endfacet
  facet normal -0.980801 0.195014 0
    outer loop
      vertex -6.31027 15.5434 2
      vertex -6.34089 15.3894 0
      vertex -6.34089 15.3894 2
    endloop
  endfacet
  facet normal -0.997856 0.0654405 0
    outer loop
      vertex -6.31027 15.5434 0
      vertex -6.3 15.7 2
      vertex -6.3 15.7 0
    endloop
  endfacet
  facet normal -0.997856 0.0654405 0
    outer loop
      vertex -6.3 15.7 2
      vertex -6.31027 15.5434 0
      vertex -6.31027 15.5434 2
    endloop
  endfacet
  facet normal 0.194952 0.980813 -0
    outer loop
      vertex -7.65663 14.5103 0
      vertex -7.81058 14.5409 2
      vertex -7.65663 14.5103 2
    endloop
  endfacet
  facet normal 0.194952 0.980813 0
    outer loop
      vertex -7.81058 14.5409 2
      vertex -7.65663 14.5103 0
      vertex -7.81058 14.5409 0
    endloop
  endfacet
  facet normal 0.946897 0.321537 0
    outer loop
      vertex -8.60865 15.2408 2
      vertex -8.65911 15.3894 0
      vertex -8.65911 15.3894 2
    endloop
  endfacet
  facet normal 0.946897 0.321537 0
    outer loop
      vertex -8.65911 15.3894 0
      vertex -8.60865 15.2408 2
      vertex -8.60865 15.2408 0
    endloop
  endfacet
  facet normal -0.709843 -0.0465523 0.702819
    outer loop
      vertex -6.3 15.7 2
      vertex -5.31 15.7016 3
      vertex -6.31027 15.8566 2
    endloop
  endfacet
  facet normal -0.709916 -0.0443697 0.702888
    outer loop
      vertex -5.31 15.7016 3
      vertex -6.3 15.7 2
      vertex -5.3099 15.7 3
    endloop
  endfacet
  facet normal 0.709843 0.0465405 0.702821
    outer loop
      vertex -9.67136 15.4141 3
      vertex -8.68973 15.5434 2
      vertex -9.69 15.6984 3
    endloop
  endfacet
  facet normal -0.709843 0.0465405 0.702821
    outer loop
      vertex -5.32864 15.4141 3
      vertex -5.31 15.6984 3
      vertex -6.31027 15.5434 2
    endloop
  endfacet
  facet normal -0.534809 0.469046 0.702834
    outer loop
      vertex -6.65147 14.8515 2
      vertex -5.95034 14.1525 3
      vertex -6.54798 14.9695 2
    endloop
  endfacet
  facet normal -0.518855 0.485837 0.703385
    outer loop
      vertex -5.95034 14.1525 3
      vertex -6.65147 14.8515 2
      vertex -5.95137 14.1514 3
    endloop
  endfacet
  facet normal -0.0464382 0.70983 0.702841
    outer loop
      vertex -7.21414 13.5286 3
      vertex -7.34337 14.5103 2
      vertex -7.49845 13.51 3
    endloop
  endfacet
  facet normal 0.697694 -0.13879 0.702823
    outer loop
      vertex -8.68973 15.8566 2
      vertex -9.61578 16.2653 3
      vertex -9.67136 15.9859 3
    endloop
  endfacet
  facet normal 0.534932 -0.468933 0.702815
    outer loop
      vertex -8.45202 16.4305 2
      vertex -9.04966 17.2475 3
      vertex -9.23752 17.0332 3
    endloop
  endfacet
  facet normal 0.0466791 -0.70984 0.702814
    outer loop
      vertex -7.5 16.9 2
      vertex -7.50155 17.89 3
      vertex -7.65663 16.8897 2
    endloop
  endfacet
  facet normal 0.0457981 -0.70987 0.702842
    outer loop
      vertex -7.50155 17.89 3
      vertex -7.5 16.9 2
      vertex -7.5 17.8901 3
    endloop
  endfacet
  facet normal -0.518855 -0.485837 0.703385
    outer loop
      vertex -6.65147 16.5485 2
      vertex -5.95034 17.2475 3
      vertex -5.95137 17.2486 3
    endloop
  endfacet
  facet normal -0.534809 -0.469046 0.702834
    outer loop
      vertex -5.95034 17.2475 3
      vertex -6.65147 16.5485 2
      vertex -6.54798 16.4305 2
    endloop
  endfacet
  facet normal -0.697694 -0.13879 0.702823
    outer loop
      vertex -5.32864 15.9859 3
      vertex -5.38422 16.2653 3
      vertex -6.31027 15.8566 2
    endloop
  endfacet
  facet normal -0.673618 0.228651 0.702821
    outer loop
      vertex -5.47661 14.8619 3
      vertex -5.38503 15.1317 3
      vertex -6.39135 15.2408 2
    endloop
  endfacet
  facet normal -0.637993 0.314676 0.702812
    outer loop
      vertex -5.60332 14.605 3
      vertex -5.4773 14.8605 3
      vertex -6.46077 15.1 2
    endloop
  endfacet
  facet normal -0.593219 0.392437 0.702912
    outer loop
      vertex -6.46077 15.1 2
      vertex -5.60418 14.6037 3
      vertex -5.60332 14.605 3
    endloop
  endfacet
  facet normal -0.591463 0.39526 0.702809
    outer loop
      vertex -5.60418 14.6037 3
      vertex -6.46077 15.1 2
      vertex -6.54798 14.9695 2
    endloop
  endfacet
  facet normal 0.534809 0.469046 0.702834
    outer loop
      vertex -9.04966 14.1525 3
      vertex -8.34853 14.8515 2
      vertex -8.45202 14.9695 2
    endloop
  endfacet
  facet normal 0.518855 0.485837 0.703385
    outer loop
      vertex -8.34853 14.8515 2
      vertex -9.04966 14.1525 3
      vertex -9.04863 14.1514 3
    endloop
  endfacet
  facet normal 0.395201 0.591487 0.702822
    outer loop
      vertex -8.59634 13.8042 3
      vertex -8.1 14.6608 2
      vertex -8.23051 14.748 2
    endloop
  endfacet
  facet normal 0.40733 0.58384 0.702291
    outer loop
      vertex -8.1 14.6608 2
      vertex -8.59634 13.8042 3
      vertex -8.59505 13.8033 3
    endloop
  endfacet
  facet normal 0.63803 0.314574 0.702824
    outer loop
      vertex -8.60865 15.2408 2
      vertex -9.5227 14.8605 3
      vertex -8.53923 15.1 2
    endloop
  endfacet
  facet normal 0.638073 0.314479 0.702827
    outer loop
      vertex -9.5227 14.8605 3
      vertex -8.60865 15.2408 2
      vertex -9.52339 14.8619 3
    endloop
  endfacet
  facet normal 0.673618 -0.228651 0.702821
    outer loop
      vertex -8.60865 16.1592 2
      vertex -9.52339 16.5381 3
      vertex -9.61497 16.2683 3
    endloop
  endfacet
  facet normal 0.518855 -0.485837 0.703385
    outer loop
      vertex -9.04966 17.2475 3
      vertex -8.34853 16.5485 2
      vertex -9.04863 17.2486 3
    endloop
  endfacet
  facet normal 0.534809 -0.469046 0.702834
    outer loop
      vertex -8.34853 16.5485 2
      vertex -9.04966 17.2475 3
      vertex -8.45202 16.4305 2
    endloop
  endfacet
  facet normal -0.138805 -0.697672 0.702842
    outer loop
      vertex -6.93468 17.8158 3
      vertex -7.21414 17.8714 3
      vertex -7.34337 16.8897 2
    endloop
  endfacet
  facet normal -0.229074 -0.673478 0.702817
    outer loop
      vertex -7.18942 16.8591 2
      vertex -6.93169 17.815 3
      vertex -6.93316 17.8155 3
    endloop
  endfacet
  facet normal -0.228426 -0.673676 0.702839
    outer loop
      vertex -6.93169 17.815 3
      vertex -7.18942 16.8591 2
      vertex -7.04078 16.8087 2
    endloop
  endfacet
  facet normal -0.638073 -0.314479 0.702827
    outer loop
      vertex -5.4773 16.5395 3
      vertex -6.39135 16.1592 2
      vertex -5.47661 16.5381 3
    endloop
  endfacet
  facet normal -0.63803 -0.314574 0.702824
    outer loop
      vertex -6.39135 16.1592 2
      vertex -5.4773 16.5395 3
      vertex -6.46077 16.3 2
    endloop
  endfacet
  facet normal -0.673618 -0.228651 0.702821
    outer loop
      vertex -5.38503 16.2683 3
      vertex -5.47661 16.5381 3
      vertex -6.39135 16.1592 2
    endloop
  endfacet
  facet normal -0.709843 -0.0465405 0.702821
    outer loop
      vertex -5.31 15.7016 3
      vertex -5.32864 15.9859 3
      vertex -6.31027 15.8566 2
    endloop
  endfacet
  facet normal -0.697694 0.13879 0.702823
    outer loop
      vertex -5.38422 15.1347 3
      vertex -5.32864 15.4141 3
      vertex -6.31027 15.5434 2
    endloop
  endfacet
  facet normal -0.674756 0.224919 0.702934
    outer loop
      vertex -6.34089 15.3894 2
      vertex -5.38503 15.1317 3
      vertex -5.38453 15.1332 3
    endloop
  endfacet
  facet normal -0.6736 0.228734 0.702812
    outer loop
      vertex -5.38503 15.1317 3
      vertex -6.34089 15.3894 2
      vertex -6.39135 15.2408 2
    endloop
  endfacet
  facet normal -0.709916 0.0443697 0.702888
    outer loop
      vertex -6.3 15.7 2
      vertex -5.31 15.6984 3
      vertex -5.3099 15.7 3
    endloop
  endfacet
  facet normal -0.709843 0.0465523 0.702819
    outer loop
      vertex -5.31 15.6984 3
      vertex -6.3 15.7 2
      vertex -6.31027 15.5434 2
    endloop
  endfacet
  facet normal -0.638073 0.314479 0.702827
    outer loop
      vertex -6.39135 15.2408 2
      vertex -5.4773 14.8605 3
      vertex -5.47661 14.8619 3
    endloop
  endfacet
  facet normal -0.63803 0.314574 0.702824
    outer loop
      vertex -5.4773 14.8605 3
      vertex -6.39135 15.2408 2
      vertex -6.46077 15.1 2
    endloop
  endfacet
  facet normal -0.395201 0.591487 0.702822
    outer loop
      vertex -6.9 14.6608 2
      vertex -6.40366 13.8042 3
      vertex -6.76949 14.748 2
    endloop
  endfacet
  facet normal -0.40733 0.58384 0.702291
    outer loop
      vertex -6.40366 13.8042 3
      vertex -6.9 14.6608 2
      vertex -6.40495 13.8033 3
    endloop
  endfacet
  facet normal -0.2287 0.673615 0.702808
    outer loop
      vertex -6.93169 13.585 3
      vertex -6.66189 13.6766 3
      vertex -7.04078 14.5913 2
    endloop
  endfacet
  facet normal -0.228426 0.673676 0.702839
    outer loop
      vertex -7.18942 14.5409 2
      vertex -6.93169 13.585 3
      vertex -7.04078 14.5913 2
    endloop
  endfacet
  facet normal -0.229074 0.673478 0.702817
    outer loop
      vertex -6.93169 13.585 3
      vertex -7.18942 14.5409 2
      vertex -6.93316 13.5845 3
    endloop
  endfacet
  facet normal 0.709916 0.0443697 0.702888
    outer loop
      vertex -9.69 15.6984 3
      vertex -8.7 15.7 2
      vertex -9.6901 15.7 3
    endloop
  endfacet
  facet normal 0.709843 0.0465523 0.702819
    outer loop
      vertex -8.7 15.7 2
      vertex -9.69 15.6984 3
      vertex -8.68973 15.5434 2
    endloop
  endfacet
  facet normal 0.0457981 0.70987 0.702842
    outer loop
      vertex -7.5 14.5 2
      vertex -7.50155 13.51 3
      vertex -7.5 13.5099 3
    endloop
  endfacet
  facet normal 0.0466791 0.70984 0.702814
    outer loop
      vertex -7.50155 13.51 3
      vertex -7.5 14.5 2
      vertex -7.65663 14.5103 2
    endloop
  endfacet
  facet normal 0.2287 0.673615 0.702808
    outer loop
      vertex -8.06831 13.585 3
      vertex -7.95922 14.5913 2
      vertex -8.33811 13.6766 3
    endloop
  endfacet
  facet normal 0.469024 0.534823 0.702838
    outer loop
      vertex -8.34853 14.8515 2
      vertex -9.04747 14.1503 3
      vertex -8.23051 14.748 2
    endloop
  endfacet
  facet normal 0.489056 0.515732 0.703452
    outer loop
      vertex -9.04747 14.1503 3
      vertex -8.34853 14.8515 2
      vertex -9.04863 14.1514 3
    endloop
  endfacet
  facet normal 0.637993 0.314676 0.702812
    outer loop
      vertex -9.39668 14.605 3
      vertex -8.53923 15.1 2
      vertex -9.5227 14.8605 3
    endloop
  endfacet
  facet normal 0.673618 0.228651 0.702821
    outer loop
      vertex -9.52339 14.8619 3
      vertex -8.60865 15.2408 2
      vertex -9.61497 15.1317 3
    endloop
  endfacet
  facet normal 0.696494 -0.143942 0.702977
    outer loop
      vertex -9.61578 16.2653 3
      vertex -8.65911 16.0106 2
      vertex -9.61547 16.2668 3
    endloop
  endfacet
  facet normal 0.697714 -0.138727 0.702816
    outer loop
      vertex -8.65911 16.0106 2
      vertex -9.61578 16.2653 3
      vertex -8.68973 15.8566 2
    endloop
  endfacet
  facet normal 0.40733 -0.58384 0.702291
    outer loop
      vertex -8.59634 17.5958 3
      vertex -8.1 16.7392 2
      vertex -8.59505 17.5967 3
    endloop
  endfacet
  facet normal 0.395201 -0.591487 0.702822
    outer loop
      vertex -8.1 16.7392 2
      vertex -8.59634 17.5958 3
      vertex -8.23051 16.652 2
    endloop
  endfacet
  facet normal 0.2287 -0.673615 0.702808
    outer loop
      vertex -7.95922 16.8087 2
      vertex -8.06831 17.815 3
      vertex -8.33811 17.7234 3
    endloop
  endfacet
  facet normal 0.709916 -0.0443697 0.702888
    outer loop
      vertex -8.7 15.7 2
      vertex -9.69 15.7016 3
      vertex -9.6901 15.7 3
    endloop
  endfacet
  facet normal 0.709843 -0.0465523 0.702819
    outer loop
      vertex -9.69 15.7016 3
      vertex -8.7 15.7 2
      vertex -8.68973 15.8566 2
    endloop
  endfacet
  facet normal 0.709843 -0.0465405 0.702821
    outer loop
      vertex -8.68973 15.8566 2
      vertex -9.67136 15.9859 3
      vertex -9.69 15.7016 3
    endloop
  endfacet
  facet normal 0.63803 -0.314574 0.702824
    outer loop
      vertex -9.5227 16.5395 3
      vertex -8.60865 16.1592 2
      vertex -8.53923 16.3 2
    endloop
  endfacet
  facet normal 0.638073 -0.314479 0.702827
    outer loop
      vertex -8.60865 16.1592 2
      vertex -9.5227 16.5395 3
      vertex -9.52339 16.5381 3
    endloop
  endfacet
  facet normal 0.637993 -0.314676 0.702812
    outer loop
      vertex -8.53923 16.3 2
      vertex -9.39668 16.795 3
      vertex -9.5227 16.5395 3
    endloop
  endfacet
  facet normal -0.2287 -0.673615 0.702808
    outer loop
      vertex -6.66189 17.7234 3
      vertex -6.93169 17.815 3
      vertex -7.04078 16.8087 2
    endloop
  endfacet
  facet normal -0.314587 -0.638013 0.702833
    outer loop
      vertex -6.40495 17.5967 3
      vertex -6.66049 17.7227 3
      vertex -6.9 16.7392 2
    endloop
  endfacet
  facet normal -0.137749 -0.697927 0.702797
    outer loop
      vertex -6.93468 17.8158 3
      vertex -7.18942 16.8591 2
      vertex -6.93316 17.8155 3
    endloop
  endfacet
  facet normal -0.138681 -0.697711 0.702828
    outer loop
      vertex -7.18942 16.8591 2
      vertex -6.93468 17.8158 3
      vertex -7.34337 16.8897 2
    endloop
  endfacet
  facet normal -0.40733 -0.58384 0.702291
    outer loop
      vertex -6.9 16.7392 2
      vertex -6.40366 17.5958 3
      vertex -6.40495 17.5967 3
    endloop
  endfacet
  facet normal -0.395201 -0.591487 0.702822
    outer loop
      vertex -6.40366 17.5958 3
      vertex -6.9 16.7392 2
      vertex -6.76949 16.652 2
    endloop
  endfacet
  facet normal -0.591477 -0.395234 0.702812
    outer loop
      vertex -5.60418 16.7963 3
      vertex -5.76248 17.0332 3
      vertex -6.54798 16.4305 2
    endloop
  endfacet
  facet normal -0.534932 -0.468933 0.702815
    outer loop
      vertex -5.76248 17.0332 3
      vertex -5.95034 17.2475 3
      vertex -6.54798 16.4305 2
    endloop
  endfacet
  facet normal -0.593219 -0.392437 0.702912
    outer loop
      vertex -5.60418 16.7963 3
      vertex -6.46077 16.3 2
      vertex -5.60332 16.795 3
    endloop
  endfacet
  facet normal -0.591463 -0.39526 0.702809
    outer loop
      vertex -6.46077 16.3 2
      vertex -5.60418 16.7963 3
      vertex -6.54798 16.4305 2
    endloop
  endfacet
  facet normal -0.637993 -0.314676 0.702812
    outer loop
      vertex -5.4773 16.5395 3
      vertex -5.60332 16.795 3
      vertex -6.46077 16.3 2
    endloop
  endfacet
  facet normal -0.674756 -0.224919 0.702934
    outer loop
      vertex -5.38503 16.2683 3
      vertex -6.34089 16.0106 2
      vertex -5.38453 16.2668 3
    endloop
  endfacet
  facet normal -0.6736 -0.228734 0.702812
    outer loop
      vertex -6.34089 16.0106 2
      vertex -5.38503 16.2683 3
      vertex -6.39135 16.1592 2
    endloop
  endfacet
  facet normal -0.696494 -0.143942 0.702977
    outer loop
      vertex -6.34089 16.0106 2
      vertex -5.38422 16.2653 3
      vertex -5.38453 16.2668 3
    endloop
  endfacet
  facet normal -0.697714 -0.138727 0.702816
    outer loop
      vertex -5.38422 16.2653 3
      vertex -6.34089 16.0106 2
      vertex -6.31027 15.8566 2
    endloop
  endfacet
  facet normal -0.697714 0.138727 0.702816
    outer loop
      vertex -6.34089 15.3894 2
      vertex -5.38422 15.1347 3
      vertex -6.31027 15.5434 2
    endloop
  endfacet
  facet normal -0.696494 0.143942 0.702977
    outer loop
      vertex -5.38422 15.1347 3
      vertex -6.34089 15.3894 2
      vertex -5.38453 15.1332 3
    endloop
  endfacet
  facet normal -0.591477 0.395234 0.702812
    outer loop
      vertex -5.76248 14.3668 3
      vertex -5.60418 14.6037 3
      vertex -6.54798 14.9695 2
    endloop
  endfacet
  facet normal -0.534932 0.468933 0.702815
    outer loop
      vertex -5.95034 14.1525 3
      vertex -5.76248 14.3668 3
      vertex -6.54798 14.9695 2
    endloop
  endfacet
  facet normal -0.0466791 0.70984 0.702814
    outer loop
      vertex -7.5 14.5 2
      vertex -7.49845 13.51 3
      vertex -7.34337 14.5103 2
    endloop
  endfacet
  facet normal -0.0457981 0.70987 0.702842
    outer loop
      vertex -7.49845 13.51 3
      vertex -7.5 14.5 2
      vertex -7.5 13.5099 3
    endloop
  endfacet
  facet normal -0.314587 0.638013 0.702833
    outer loop
      vertex -6.66049 13.6773 3
      vertex -6.40495 13.8033 3
      vertex -6.9 14.6608 2
    endloop
  endfacet
  facet normal -0.314914 0.637894 0.702794
    outer loop
      vertex -7.04078 14.5913 2
      vertex -6.66049 13.6773 3
      vertex -6.9 14.6608 2
    endloop
  endfacet
  facet normal -0.318198 0.636396 0.702674
    outer loop
      vertex -6.66049 13.6773 3
      vertex -7.04078 14.5913 2
      vertex -6.66189 13.6766 3
    endloop
  endfacet
  facet normal -0.489056 0.515732 0.703452
    outer loop
      vertex -6.65147 14.8515 2
      vertex -5.95253 14.1503 3
      vertex -5.95137 14.1514 3
    endloop
  endfacet
  facet normal -0.469024 0.534823 0.702838
    outer loop
      vertex -5.95253 14.1503 3
      vertex -6.65147 14.8515 2
      vertex -6.76949 14.748 2
    endloop
  endfacet
  facet normal 0.6736 0.228734 0.702812
    outer loop
      vertex -8.65911 15.3894 2
      vertex -9.61497 15.1317 3
      vertex -8.60865 15.2408 2
    endloop
  endfacet
  facet normal 0.674756 0.224919 0.702934
    outer loop
      vertex -9.61497 15.1317 3
      vertex -8.65911 15.3894 2
      vertex -9.61547 15.1332 3
    endloop
  endfacet
  facet normal 0.697694 0.13879 0.702823
    outer loop
      vertex -9.61578 15.1347 3
      vertex -8.68973 15.5434 2
      vertex -9.67136 15.4141 3
    endloop
  endfacet
  facet normal 0.468942 0.534913 0.702824
    outer loop
      vertex -8.83325 13.9625 3
      vertex -8.23051 14.748 2
      vertex -9.04747 14.1503 3
    endloop
  endfacet
  facet normal 0.395218 0.591479 0.70282
    outer loop
      vertex -8.59634 13.8042 3
      vertex -8.23051 14.748 2
      vertex -8.83325 13.9625 3
    endloop
  endfacet
  facet normal 0.314914 0.637894 0.702794
    outer loop
      vertex -8.33951 13.6773 3
      vertex -7.95922 14.5913 2
      vertex -8.1 14.6608 2
    endloop
  endfacet
  facet normal 0.318198 0.636396 0.702674
    outer loop
      vertex -7.95922 14.5913 2
      vertex -8.33951 13.6773 3
      vertex -8.33811 13.6766 3
    endloop
  endfacet
  facet normal 0.314587 0.638013 0.702833
    outer loop
      vertex -8.33951 13.6773 3
      vertex -8.1 14.6608 2
      vertex -8.59505 13.8033 3
    endloop
  endfacet
  facet normal 0.138805 0.697672 0.702842
    outer loop
      vertex -7.78586 13.5286 3
      vertex -7.65663 14.5103 2
      vertex -8.06532 13.5842 3
    endloop
  endfacet
  facet normal 0.591477 0.395234 0.702812
    outer loop
      vertex -9.23752 14.3668 3
      vertex -8.45202 14.9695 2
      vertex -9.39582 14.6037 3
    endloop
  endfacet
  facet normal 0.534932 0.468933 0.702815
    outer loop
      vertex -9.04966 14.1525 3
      vertex -8.45202 14.9695 2
      vertex -9.23752 14.3668 3
    endloop
  endfacet
  facet normal 0.138805 -0.697672 0.702842
    outer loop
      vertex -7.65663 16.8897 2
      vertex -7.78586 17.8714 3
      vertex -8.06532 17.8158 3
    endloop
  endfacet
  facet normal 0.0464382 -0.70983 0.702841
    outer loop
      vertex -7.65663 16.8897 2
      vertex -7.50155 17.89 3
      vertex -7.78586 17.8714 3
    endloop
  endfacet
  facet normal 0.229074 -0.673478 0.702817
    outer loop
      vertex -8.06831 17.815 3
      vertex -7.81058 16.8591 2
      vertex -8.06684 17.8155 3
    endloop
  endfacet
  facet normal 0.228426 -0.673676 0.702839
    outer loop
      vertex -7.81058 16.8591 2
      vertex -8.06831 17.815 3
      vertex -7.95922 16.8087 2
    endloop
  endfacet
  facet normal 0.314587 -0.638013 0.702833
    outer loop
      vertex -8.1 16.7392 2
      vertex -8.33951 17.7227 3
      vertex -8.59505 17.5967 3
    endloop
  endfacet
  facet normal 0.318198 -0.636396 0.702674
    outer loop
      vertex -8.33951 17.7227 3
      vertex -7.95922 16.8087 2
      vertex -8.33811 17.7234 3
    endloop
  endfacet
  facet normal 0.314914 -0.637894 0.702794
    outer loop
      vertex -7.95922 16.8087 2
      vertex -8.33951 17.7227 3
      vertex -8.1 16.7392 2
    endloop
  endfacet
  facet normal 0.469024 -0.534823 0.702838
    outer loop
      vertex -9.04747 17.2497 3
      vertex -8.34853 16.5485 2
      vertex -8.23051 16.652 2
    endloop
  endfacet
  facet normal 0.489056 -0.515732 0.703452
    outer loop
      vertex -8.34853 16.5485 2
      vertex -9.04747 17.2497 3
      vertex -9.04863 17.2486 3
    endloop
  endfacet
  facet normal 0.6736 -0.228734 0.702812
    outer loop
      vertex -9.61497 16.2683 3
      vertex -8.65911 16.0106 2
      vertex -8.60865 16.1592 2
    endloop
  endfacet
  facet normal 0.674756 -0.224919 0.702934
    outer loop
      vertex -8.65911 16.0106 2
      vertex -9.61497 16.2683 3
      vertex -9.61547 16.2668 3
    endloop
  endfacet
  facet normal 0.591463 -0.39526 0.702809
    outer loop
      vertex -9.39582 16.7963 3
      vertex -8.53923 16.3 2
      vertex -8.45202 16.4305 2
    endloop
  endfacet
  facet normal 0.593219 -0.392437 0.702912
    outer loop
      vertex -8.53923 16.3 2
      vertex -9.39582 16.7963 3
      vertex -9.39668 16.795 3
    endloop
  endfacet
  facet normal 0.591477 -0.395234 0.702812
    outer loop
      vertex -8.45202 16.4305 2
      vertex -9.23752 17.0332 3
      vertex -9.39582 16.7963 3
    endloop
  endfacet
  facet normal -0.0457981 -0.70987 0.702842
    outer loop
      vertex -7.5 16.9 2
      vertex -7.49845 17.89 3
      vertex -7.5 17.8901 3
    endloop
  endfacet
  facet normal -0.0466791 -0.70984 0.702814
    outer loop
      vertex -7.49845 17.89 3
      vertex -7.5 16.9 2
      vertex -7.34337 16.8897 2
    endloop
  endfacet
  facet normal -0.0464382 -0.70983 0.702841
    outer loop
      vertex -7.34337 16.8897 2
      vertex -7.21414 17.8714 3
      vertex -7.49845 17.89 3
    endloop
  endfacet
  facet normal -0.318198 -0.636396 0.702674
    outer loop
      vertex -7.04078 16.8087 2
      vertex -6.66049 17.7227 3
      vertex -6.66189 17.7234 3
    endloop
  endfacet
  facet normal -0.314914 -0.637894 0.702794
    outer loop
      vertex -6.66049 17.7227 3
      vertex -7.04078 16.8087 2
      vertex -6.9 16.7392 2
    endloop
  endfacet
  facet normal -0.395218 -0.591479 0.70282
    outer loop
      vertex -6.16675 17.4375 3
      vertex -6.40366 17.5958 3
      vertex -6.76949 16.652 2
    endloop
  endfacet
  facet normal -0.137749 0.697927 0.702797
    outer loop
      vertex -7.18942 14.5409 2
      vertex -6.93468 13.5842 3
      vertex -6.93316 13.5845 3
    endloop
  endfacet
  facet normal -0.138681 0.697711 0.702828
    outer loop
      vertex -6.93468 13.5842 3
      vertex -7.18942 14.5409 2
      vertex -7.34337 14.5103 2
    endloop
  endfacet
  facet normal -0.138805 0.697672 0.702842
    outer loop
      vertex -7.21414 13.5286 3
      vertex -6.93468 13.5842 3
      vertex -7.34337 14.5103 2
    endloop
  endfacet
  facet normal -0.468942 0.534913 0.702824
    outer loop
      vertex -6.16675 13.9625 3
      vertex -5.95253 14.1503 3
      vertex -6.76949 14.748 2
    endloop
  endfacet
  facet normal -0.395218 0.591479 0.70282
    outer loop
      vertex -6.40366 13.8042 3
      vertex -6.16675 13.9625 3
      vertex -6.76949 14.748 2
    endloop
  endfacet
  facet normal 0.697714 0.138727 0.702816
    outer loop
      vertex -9.61578 15.1347 3
      vertex -8.65911 15.3894 2
      vertex -8.68973 15.5434 2
    endloop
  endfacet
  facet normal 0.696494 0.143942 0.702977
    outer loop
      vertex -8.65911 15.3894 2
      vertex -9.61578 15.1347 3
      vertex -9.61547 15.1332 3
    endloop
  endfacet
  facet normal 0.0464382 0.70983 0.702841
    outer loop
      vertex -7.50155 13.51 3
      vertex -7.65663 14.5103 2
      vertex -7.78586 13.5286 3
    endloop
  endfacet
  facet normal 0.138681 0.697711 0.702828
    outer loop
      vertex -7.81058 14.5409 2
      vertex -8.06532 13.5842 3
      vertex -7.65663 14.5103 2
    endloop
  endfacet
  facet normal 0.137749 0.697927 0.702797
    outer loop
      vertex -8.06532 13.5842 3
      vertex -7.81058 14.5409 2
      vertex -8.06684 13.5845 3
    endloop
  endfacet
  facet normal 0.228426 0.673676 0.702839
    outer loop
      vertex -8.06831 13.585 3
      vertex -7.81058 14.5409 2
      vertex -7.95922 14.5913 2
    endloop
  endfacet
  facet normal 0.229074 0.673478 0.702817
    outer loop
      vertex -7.81058 14.5409 2
      vertex -8.06831 13.585 3
      vertex -8.06684 13.5845 3
    endloop
  endfacet
  facet normal 0.591463 0.39526 0.702809
    outer loop
      vertex -8.53923 15.1 2
      vertex -9.39582 14.6037 3
      vertex -8.45202 14.9695 2
    endloop
  endfacet
  facet normal 0.593219 0.392437 0.702912
    outer loop
      vertex -9.39582 14.6037 3
      vertex -8.53923 15.1 2
      vertex -9.39668 14.605 3
    endloop
  endfacet
  facet normal 0.138681 -0.697711 0.702828
    outer loop
      vertex -8.06532 17.8158 3
      vertex -7.81058 16.8591 2
      vertex -7.65663 16.8897 2
    endloop
  endfacet
  facet normal 0.137749 -0.697927 0.702797
    outer loop
      vertex -7.81058 16.8591 2
      vertex -8.06532 17.8158 3
      vertex -8.06684 17.8155 3
    endloop
  endfacet
  facet normal 0.468942 -0.534913 0.702824
    outer loop
      vertex -8.23051 16.652 2
      vertex -8.83325 17.4375 3
      vertex -9.04747 17.2497 3
    endloop
  endfacet
  facet normal 0.395218 -0.591479 0.70282
    outer loop
      vertex -8.23051 16.652 2
      vertex -8.59634 17.5958 3
      vertex -8.83325 17.4375 3
    endloop
  endfacet
  facet normal -0.468942 -0.534913 0.702824
    outer loop
      vertex -5.95253 17.2497 3
      vertex -6.16675 17.4375 3
      vertex -6.76949 16.652 2
    endloop
  endfacet
  facet normal -0.489056 -0.515732 0.703452
    outer loop
      vertex -5.95253 17.2497 3
      vertex -6.65147 16.5485 2
      vertex -5.95137 17.2486 3
    endloop
  endfacet
  facet normal -0.469024 -0.534823 0.702838
    outer loop
      vertex -6.65147 16.5485 2
      vertex -5.95253 17.2497 3
      vertex -6.76949 16.652 2
    endloop
  endfacet
  facet normal -0.947013 -0.321194 0
    outer loop
      vertex 12.1591 16.0106 0
      vertex 12.1087 16.1592 2
      vertex 12.1087 16.1592 0
    endloop
  endfacet
  facet normal -0.947013 -0.321194 0
    outer loop
      vertex 12.1087 16.1592 2
      vertex 12.1591 16.0106 0
      vertex 12.1591 16.0106 2
    endloop
  endfacet
  facet normal -0.997844 -0.0656309 0
    outer loop
      vertex 12.2 15.7 0
      vertex 12.1897 15.8566 2
      vertex 12.1897 15.8566 0
    endloop
  endfacet
  facet normal -0.997844 -0.0656309 0
    outer loop
      vertex 12.1897 15.8566 2
      vertex 12.2 15.7 0
      vertex 12.2 15.7 2
    endloop
  endfacet
  facet normal 0.997856 -0.0654405 0
    outer loop
      vertex 9.8 15.7 2
      vertex 9.81027 15.8566 0
      vertex 9.81027 15.8566 2
    endloop
  endfacet
  facet normal 0.997856 -0.0654405 0
    outer loop
      vertex 9.81027 15.8566 0
      vertex 9.8 15.7 2
      vertex 9.8 15.7 0
    endloop
  endfacet
  facet normal -0.0656309 -0.997844 0
    outer loop
      vertex 11 16.9 0
      vertex 11.1566 16.8897 2
      vertex 11 16.9 2
    endloop
  endfacet
  facet normal -0.0656309 -0.997844 -0
    outer loop
      vertex 11.1566 16.8897 2
      vertex 11 16.9 0
      vertex 11.1566 16.8897 0
    endloop
  endfacet
  facet normal -0.751787 -0.659406 0
    outer loop
      vertex 11.952 16.4305 0
      vertex 11.8485 16.5485 2
      vertex 11.8485 16.5485 0
    endloop
  endfacet
  facet normal -0.751787 -0.659406 0
    outer loop
      vertex 11.8485 16.5485 2
      vertex 11.952 16.4305 0
      vertex 11.952 16.4305 2
    endloop
  endfacet
  facet normal 0.659406 -0.751787 0
    outer loop
      vertex 10.1515 16.5485 0
      vertex 10.2695 16.652 2
      vertex 10.1515 16.5485 2
    endloop
  endfacet
  facet normal 0.659406 -0.751787 0
    outer loop
      vertex 10.2695 16.652 2
      vertex 10.1515 16.5485 0
      vertex 10.2695 16.652 0
    endloop
  endfacet
  facet normal 0.321194 -0.947013 0
    outer loop
      vertex 10.5408 16.8087 0
      vertex 10.6894 16.8591 2
      vertex 10.5408 16.8087 2
    endloop
  endfacet
  facet normal 0.321194 -0.947013 0
    outer loop
      vertex 10.6894 16.8591 2
      vertex 10.5408 16.8087 0
      vertex 10.6894 16.8591 0
    endloop
  endfacet
  facet normal 0.831373 0.555714 0
    outer loop
      vertex 10.048 14.9695 2
      vertex 9.96077 15.1 0
      vertex 9.96077 15.1 2
    endloop
  endfacet
  facet normal 0.831373 0.555714 0
    outer loop
      vertex 9.96077 15.1 0
      vertex 10.048 14.9695 2
      vertex 10.048 14.9695 0
    endloop
  endfacet
  facet normal -0.896708 -0.442622 0
    outer loop
      vertex 12.1087 16.1592 0
      vertex 12.0392 16.3 2
      vertex 12.0392 16.3 0
    endloop
  endfacet
  facet normal -0.896708 -0.442622 0
    outer loop
      vertex 12.0392 16.3 2
      vertex 12.1087 16.1592 0
      vertex 12.1087 16.1592 2
    endloop
  endfacet
  facet normal -0.831462 -0.555582 0
    outer loop
      vertex 12.0392 16.3 0
      vertex 11.952 16.4305 2
      vertex 11.952 16.4305 0
    endloop
  endfacet
  facet normal -0.831462 -0.555582 0
    outer loop
      vertex 11.952 16.4305 2
      vertex 12.0392 16.3 0
      vertex 12.0392 16.3 2
    endloop
  endfacet
  facet normal -0.442622 -0.896708 0
    outer loop
      vertex 11.4592 16.8087 0
      vertex 11.6 16.7392 2
      vertex 11.4592 16.8087 2
    endloop
  endfacet
  facet normal -0.442622 -0.896708 -0
    outer loop
      vertex 11.6 16.7392 2
      vertex 11.4592 16.8087 0
      vertex 11.6 16.7392 0
    endloop
  endfacet
  facet normal -0.194891 -0.980825 0
    outer loop
      vertex 11.1566 16.8897 0
      vertex 11.3106 16.8591 2
      vertex 11.1566 16.8897 2
    endloop
  endfacet
  facet normal -0.194891 -0.980825 -0
    outer loop
      vertex 11.3106 16.8591 2
      vertex 11.1566 16.8897 0
      vertex 11.3106 16.8591 0
    endloop
  endfacet
  facet normal -0.659406 -0.751787 0
    outer loop
      vertex 11.7305 16.652 0
      vertex 11.8485 16.5485 2
      vertex 11.7305 16.652 2
    endloop
  endfacet
  facet normal -0.659406 -0.751787 -0
    outer loop
      vertex 11.8485 16.5485 2
      vertex 11.7305 16.652 0
      vertex 11.8485 16.5485 0
    endloop
  endfacet
  facet normal 0.89691 -0.442212 0
    outer loop
      vertex 9.89135 16.1592 2
      vertex 9.96077 16.3 0
      vertex 9.96077 16.3 2
    endloop
  endfacet
  facet normal 0.89691 -0.442212 0
    outer loop
      vertex 9.96077 16.3 0
      vertex 9.89135 16.1592 2
      vertex 9.89135 16.1592 0
    endloop
  endfacet
  facet normal 0.831373 -0.555714 0
    outer loop
      vertex 9.96077 16.3 2
      vertex 10.048 16.4305 0
      vertex 10.048 16.4305 2
    endloop
  endfacet
  facet normal 0.831373 -0.555714 0
    outer loop
      vertex 10.048 16.4305 0
      vertex 9.96077 16.3 2
      vertex 9.96077 16.3 0
    endloop
  endfacet
  facet normal 0.980801 -0.195014 0
    outer loop
      vertex 9.81027 15.8566 2
      vertex 9.84089 16.0106 0
      vertex 9.84089 16.0106 2
    endloop
  endfacet
  facet normal 0.980801 -0.195014 0
    outer loop
      vertex 9.84089 16.0106 0
      vertex 9.81027 15.8566 2
      vertex 9.81027 15.8566 0
    endloop
  endfacet
  facet normal 0.442622 -0.896708 0
    outer loop
      vertex 10.4 16.7392 0
      vertex 10.5408 16.8087 2
      vertex 10.4 16.7392 2
    endloop
  endfacet
  facet normal 0.442622 -0.896708 0
    outer loop
      vertex 10.5408 16.8087 2
      vertex 10.4 16.7392 0
      vertex 10.5408 16.8087 0
    endloop
  endfacet
  facet normal 0.0656309 -0.997844 0
    outer loop
      vertex 10.8434 16.8897 0
      vertex 11 16.9 2
      vertex 10.8434 16.8897 2
    endloop
  endfacet
  facet normal 0.0656309 -0.997844 0
    outer loop
      vertex 11 16.9 2
      vertex 10.8434 16.8897 0
      vertex 11 16.9 0
    endloop
  endfacet
  facet normal -0.194891 0.980825 0
    outer loop
      vertex 11.3106 14.5409 0
      vertex 11.1566 14.5103 2
      vertex 11.3106 14.5409 2
    endloop
  endfacet
  facet normal -0.194891 0.980825 0
    outer loop
      vertex 11.1566 14.5103 2
      vertex 11.3106 14.5409 0
      vertex 11.1566 14.5103 0
    endloop
  endfacet
  facet normal -0.0656309 0.997844 0
    outer loop
      vertex 11.1566 14.5103 0
      vertex 11 14.5 2
      vertex 11.1566 14.5103 2
    endloop
  endfacet
  facet normal -0.0656309 0.997844 0
    outer loop
      vertex 11 14.5 2
      vertex 11.1566 14.5103 0
      vertex 11 14.5 0
    endloop
  endfacet
  facet normal -0.659406 0.751787 0
    outer loop
      vertex 11.8485 14.8515 0
      vertex 11.7305 14.748 2
      vertex 11.8485 14.8515 2
    endloop
  endfacet
  facet normal -0.659406 0.751787 0
    outer loop
      vertex 11.7305 14.748 2
      vertex 11.8485 14.8515 0
      vertex 11.7305 14.748 0
    endloop
  endfacet
  facet normal -0.442622 0.896708 0
    outer loop
      vertex 11.6 14.6608 0
      vertex 11.4592 14.5913 2
      vertex 11.6 14.6608 2
    endloop
  endfacet
  facet normal -0.442622 0.896708 0
    outer loop
      vertex 11.4592 14.5913 2
      vertex 11.6 14.6608 0
      vertex 11.4592 14.5913 0
    endloop
  endfacet
  facet normal -0.947013 0.321194 0
    outer loop
      vertex 12.1087 15.2408 0
      vertex 12.1591 15.3894 2
      vertex 12.1591 15.3894 0
    endloop
  endfacet
  facet normal -0.947013 0.321194 0
    outer loop
      vertex 12.1591 15.3894 2
      vertex 12.1087 15.2408 0
      vertex 12.1087 15.2408 2
    endloop
  endfacet
  facet normal 0.321194 0.947013 -0
    outer loop
      vertex 10.6894 14.5409 0
      vertex 10.5408 14.5913 2
      vertex 10.6894 14.5409 2
    endloop
  endfacet
  facet normal 0.321194 0.947013 0
    outer loop
      vertex 10.5408 14.5913 2
      vertex 10.6894 14.5409 0
      vertex 10.5408 14.5913 0
    endloop
  endfacet
  facet normal 0.442622 0.896708 -0
    outer loop
      vertex 10.5408 14.5913 0
      vertex 10.4 14.6608 2
      vertex 10.5408 14.5913 2
    endloop
  endfacet
  facet normal 0.442622 0.896708 0
    outer loop
      vertex 10.4 14.6608 2
      vertex 10.5408 14.5913 0
      vertex 10.4 14.6608 0
    endloop
  endfacet
  facet normal 0.997856 0.0654405 0
    outer loop
      vertex 9.81027 15.5434 2
      vertex 9.8 15.7 0
      vertex 9.8 15.7 2
    endloop
  endfacet
  facet normal 0.997856 0.0654405 0
    outer loop
      vertex 9.8 15.7 0
      vertex 9.81027 15.5434 2
      vertex 9.81027 15.5434 0
    endloop
  endfacet
  facet normal 0.89691 0.442212 0
    outer loop
      vertex 9.96077 15.1 2
      vertex 9.89135 15.2408 0
      vertex 9.89135 15.2408 2
    endloop
  endfacet
  facet normal 0.89691 0.442212 0
    outer loop
      vertex 9.89135 15.2408 0
      vertex 9.96077 15.1 2
      vertex 9.96077 15.1 0
    endloop
  endfacet
  facet normal -0.980825 -0.194891 0
    outer loop
      vertex 12.1897 15.8566 0
      vertex 12.1591 16.0106 2
      vertex 12.1591 16.0106 0
    endloop
  endfacet
  facet normal -0.980825 -0.194891 0
    outer loop
      vertex 12.1591 16.0106 2
      vertex 12.1897 15.8566 0
      vertex 12.1897 15.8566 2
    endloop
  endfacet
  facet normal -0.321194 -0.947013 0
    outer loop
      vertex 11.3106 16.8591 0
      vertex 11.4592 16.8087 2
      vertex 11.3106 16.8591 2
    endloop
  endfacet
  facet normal -0.321194 -0.947013 -0
    outer loop
      vertex 11.4592 16.8087 2
      vertex 11.3106 16.8591 0
      vertex 11.4592 16.8087 0
    endloop
  endfacet
  facet normal -0.555582 -0.831462 0
    outer loop
      vertex 11.6 16.7392 0
      vertex 11.7305 16.652 2
      vertex 11.6 16.7392 2
    endloop
  endfacet
  facet normal -0.555582 -0.831462 -0
    outer loop
      vertex 11.7305 16.652 2
      vertex 11.6 16.7392 0
      vertex 11.7305 16.652 0
    endloop
  endfacet
  facet normal 0.555582 -0.831462 0
    outer loop
      vertex 10.2695 16.652 0
      vertex 10.4 16.7392 2
      vertex 10.2695 16.652 2
    endloop
  endfacet
  facet normal 0.555582 -0.831462 0
    outer loop
      vertex 10.4 16.7392 2
      vertex 10.2695 16.652 0
      vertex 10.4 16.7392 0
    endloop
  endfacet
  facet normal -0.555582 0.831462 0
    outer loop
      vertex 11.7305 14.748 0
      vertex 11.6 14.6608 2
      vertex 11.7305 14.748 2
    endloop
  endfacet
  facet normal -0.555582 0.831462 0
    outer loop
      vertex 11.6 14.6608 2
      vertex 11.7305 14.748 0
      vertex 11.6 14.6608 0
    endloop
  endfacet
  facet normal -0.896708 0.442622 0
    outer loop
      vertex 12.0392 15.1 0
      vertex 12.1087 15.2408 2
      vertex 12.1087 15.2408 0
    endloop
  endfacet
  facet normal -0.896708 0.442622 0
    outer loop
      vertex 12.1087 15.2408 2
      vertex 12.0392 15.1 0
      vertex 12.0392 15.1 2
    endloop
  endfacet
  facet normal -0.751787 0.659406 0
    outer loop
      vertex 11.8485 14.8515 0
      vertex 11.952 14.9695 2
      vertex 11.952 14.9695 0
    endloop
  endfacet
  facet normal -0.751787 0.659406 0
    outer loop
      vertex 11.952 14.9695 2
      vertex 11.8485 14.8515 0
      vertex 11.8485 14.8515 2
    endloop
  endfacet
  facet normal -0.831462 0.555582 0
    outer loop
      vertex 11.952 14.9695 0
      vertex 12.0392 15.1 2
      vertex 12.0392 15.1 0
    endloop
  endfacet
  facet normal -0.831462 0.555582 0
    outer loop
      vertex 12.0392 15.1 2
      vertex 11.952 14.9695 0
      vertex 11.952 14.9695 2
    endloop
  endfacet
  facet normal 0.659406 0.751787 -0
    outer loop
      vertex 10.2695 14.748 0
      vertex 10.1515 14.8515 2
      vertex 10.2695 14.748 2
    endloop
  endfacet
  facet normal 0.659406 0.751787 0
    outer loop
      vertex 10.1515 14.8515 2
      vertex 10.2695 14.748 0
      vertex 10.1515 14.8515 0
    endloop
  endfacet
  facet normal 0.0656309 0.997844 -0
    outer loop
      vertex 11 14.5 0
      vertex 10.8434 14.5103 2
      vertex 11 14.5 2
    endloop
  endfacet
  facet normal 0.0656309 0.997844 0
    outer loop
      vertex 10.8434 14.5103 2
      vertex 11 14.5 0
      vertex 10.8434 14.5103 0
    endloop
  endfacet
  facet normal 0.555582 0.831462 -0
    outer loop
      vertex 10.4 14.6608 0
      vertex 10.2695 14.748 2
      vertex 10.4 14.6608 2
    endloop
  endfacet
  facet normal 0.555582 0.831462 0
    outer loop
      vertex 10.2695 14.748 2
      vertex 10.4 14.6608 0
      vertex 10.2695 14.748 0
    endloop
  endfacet
  facet normal 0.751787 0.659406 0
    outer loop
      vertex 10.1515 14.8515 2
      vertex 10.048 14.9695 0
      vertex 10.048 14.9695 2
    endloop
  endfacet
  facet normal 0.751787 0.659406 0
    outer loop
      vertex 10.048 14.9695 0
      vertex 10.1515 14.8515 2
      vertex 10.1515 14.8515 0
    endloop
  endfacet
  facet normal 0.980801 0.195014 0
    outer loop
      vertex 9.84089 15.3894 2
      vertex 9.81027 15.5434 0
      vertex 9.81027 15.5434 2
    endloop
  endfacet
  facet normal 0.980801 0.195014 0
    outer loop
      vertex 9.81027 15.5434 0
      vertex 9.84089 15.3894 2
      vertex 9.84089 15.3894 0
    endloop
  endfacet
  facet normal 0.751787 -0.659406 0
    outer loop
      vertex 10.048 16.4305 2
      vertex 10.1515 16.5485 0
      vertex 10.1515 16.5485 2
    endloop
  endfacet
  facet normal 0.751787 -0.659406 0
    outer loop
      vertex 10.1515 16.5485 0
      vertex 10.048 16.4305 2
      vertex 10.048 16.4305 0
    endloop
  endfacet
  facet normal 0.946897 -0.321537 0
    outer loop
      vertex 9.84089 16.0106 2
      vertex 9.89135 16.1592 0
      vertex 9.89135 16.1592 2
    endloop
  endfacet
  facet normal 0.946897 -0.321537 0
    outer loop
      vertex 9.89135 16.1592 0
      vertex 9.84089 16.0106 2
      vertex 9.84089 16.0106 0
    endloop
  endfacet
  facet normal 0.194891 -0.980825 0
    outer loop
      vertex 10.6894 16.8591 0
      vertex 10.8434 16.8897 2
      vertex 10.6894 16.8591 2
    endloop
  endfacet
  facet normal 0.194891 -0.980825 0
    outer loop
      vertex 10.8434 16.8897 2
      vertex 10.6894 16.8591 0
      vertex 10.8434 16.8897 0
    endloop
  endfacet
  facet normal -0.321194 0.947013 0
    outer loop
      vertex 11.4592 14.5913 0
      vertex 11.3106 14.5409 2
      vertex 11.4592 14.5913 2
    endloop
  endfacet
  facet normal -0.321194 0.947013 0
    outer loop
      vertex 11.3106 14.5409 2
      vertex 11.4592 14.5913 0
      vertex 11.3106 14.5409 0
    endloop
  endfacet
  facet normal -0.980825 0.194891 0
    outer loop
      vertex 12.1591 15.3894 0
      vertex 12.1897 15.5434 2
      vertex 12.1897 15.5434 0
    endloop
  endfacet
  facet normal -0.980825 0.194891 0
    outer loop
      vertex 12.1897 15.5434 2
      vertex 12.1591 15.3894 0
      vertex 12.1591 15.3894 2
    endloop
  endfacet
  facet normal -0.997844 0.0656309 0
    outer loop
      vertex 12.1897 15.5434 0
      vertex 12.2 15.7 2
      vertex 12.2 15.7 0
    endloop
  endfacet
  facet normal -0.997844 0.0656309 0
    outer loop
      vertex 12.2 15.7 2
      vertex 12.1897 15.5434 0
      vertex 12.1897 15.5434 2
    endloop
  endfacet
  facet normal 0.194891 0.980825 -0
    outer loop
      vertex 10.8434 14.5103 0
      vertex 10.6894 14.5409 2
      vertex 10.8434 14.5103 2
    endloop
  endfacet
  facet normal 0.194891 0.980825 0
    outer loop
      vertex 10.6894 14.5409 2
      vertex 10.8434 14.5103 0
      vertex 10.6894 14.5409 0
    endloop
  endfacet
  facet normal 0.946897 0.321537 0
    outer loop
      vertex 9.89135 15.2408 2
      vertex 9.84089 15.3894 0
      vertex 9.84089 15.3894 2
    endloop
  endfacet
  facet normal 0.946897 0.321537 0
    outer loop
      vertex 9.84089 15.3894 0
      vertex 9.89135 15.2408 2
      vertex 9.89135 15.2408 0
    endloop
  endfacet
  facet normal -0.709839 -0.046688 0.702815
    outer loop
      vertex 12.2 15.7 2
      vertex 13.19 15.7016 3
      vertex 12.1897 15.8566 2
    endloop
  endfacet
  facet normal -0.709916 -0.0443697 0.702888
    outer loop
      vertex 13.19 15.7016 3
      vertex 12.2 15.7 2
      vertex 13.1901 15.7 3
    endloop
  endfacet
  facet normal 0.709843 0.0465405 0.702821
    outer loop
      vertex 8.82864 15.4141 3
      vertex 9.81027 15.5434 2
      vertex 8.81 15.6984 3
    endloop
  endfacet
  facet normal -0.709828 0.0464397 0.702843
    outer loop
      vertex 13.1714 15.4141 3
      vertex 13.19 15.6984 3
      vertex 12.1897 15.5434 2
    endloop
  endfacet
  facet normal -0.534772 0.469058 0.702854
    outer loop
      vertex 11.8485 14.8515 2
      vertex 12.5497 14.1525 3
      vertex 11.952 14.9695 2
    endloop
  endfacet
  facet normal -0.502483 0.502483 0.703577
    outer loop
      vertex 12.5497 14.1525 3
      vertex 11.8485 14.8515 2
      vertex 12.5486 14.1514 3
    endloop
  endfacet
  facet normal -0.0464397 0.709828 0.702843
    outer loop
      vertex 11.2859 13.5286 3
      vertex 11.1566 14.5103 2
      vertex 11.0016 13.51 3
    endloop
  endfacet
  facet normal 0.697694 -0.13879 0.702823
    outer loop
      vertex 9.81027 15.8566 2
      vertex 8.88422 16.2653 3
      vertex 8.82864 15.9859 3
    endloop
  endfacet
  facet normal 0.534928 -0.46893 0.702821
    outer loop
      vertex 10.048 16.4305 2
      vertex 9.45034 17.2475 3
      vertex 9.26248 17.0332 3
    endloop
  endfacet
  facet normal 0.046688 -0.709839 0.702815
    outer loop
      vertex 11 16.9 2
      vertex 10.9984 17.89 3
      vertex 10.8434 16.8897 2
    endloop
  endfacet
  facet normal 0.0443697 -0.709916 0.702888
    outer loop
      vertex 10.9984 17.89 3
      vertex 11 16.9 2
      vertex 11 17.8901 3
    endloop
  endfacet
  facet normal -0.502483 -0.502483 0.703577
    outer loop
      vertex 11.8485 16.5485 2
      vertex 12.5497 17.2475 3
      vertex 12.5486 17.2486 3
    endloop
  endfacet
  facet normal -0.534772 -0.469058 0.702854
    outer loop
      vertex 12.5497 17.2475 3
      vertex 11.8485 16.5485 2
      vertex 11.952 16.4305 2
    endloop
  endfacet
  facet normal -0.697662 -0.138833 0.702846
    outer loop
      vertex 13.1714 15.9859 3
      vertex 13.1158 16.2653 3
      vertex 12.1897 15.8566 2
    endloop
  endfacet
  facet normal -0.673614 0.228699 0.702809
    outer loop
      vertex 13.0234 14.8619 3
      vertex 13.115 15.1317 3
      vertex 12.1087 15.2408 2
    endloop
  endfacet
  facet normal -0.637999 0.31463 0.702826
    outer loop
      vertex 12.8967 14.605 3
      vertex 13.0227 14.8605 3
      vertex 12.0392 15.1 2
    endloop
  endfacet
  facet normal -0.585231 0.40516 0.702389
    outer loop
      vertex 12.0392 15.1 2
      vertex 12.8958 14.6037 3
      vertex 12.8967 14.605 3
    endloop
  endfacet
  facet normal -0.591481 0.395227 0.702813
    outer loop
      vertex 12.8958 14.6037 3
      vertex 12.0392 15.1 2
      vertex 11.952 14.9695 2
    endloop
  endfacet
  facet normal 0.53478 0.469065 0.702843
    outer loop
      vertex 9.45034 14.1525 3
      vertex 10.1515 14.8515 2
      vertex 10.048 14.9695 2
    endloop
  endfacet
  facet normal 0.51885 0.485832 0.703393
    outer loop
      vertex 10.1515 14.8515 2
      vertex 9.45034 14.1525 3
      vertex 9.45137 14.1514 3
    endloop
  endfacet
  facet normal 0.395222 0.591474 0.702821
    outer loop
      vertex 9.90366 13.8042 3
      vertex 10.4 14.6608 2
      vertex 10.2695 14.748 2
    endloop
  endfacet
  facet normal 0.40733 0.58384 0.702291
    outer loop
      vertex 10.4 14.6608 2
      vertex 9.90366 13.8042 3
      vertex 9.90495 13.8033 3
    endloop
  endfacet
  facet normal 0.63803 0.314574 0.702824
    outer loop
      vertex 9.89135 15.2408 2
      vertex 8.9773 14.8605 3
      vertex 9.96077 15.1 2
    endloop
  endfacet
  facet normal 0.638073 0.314479 0.702827
    outer loop
      vertex 8.9773 14.8605 3
      vertex 9.89135 15.2408 2
      vertex 8.97661 14.8619 3
    endloop
  endfacet
  facet normal 0.673618 -0.228651 0.702821
    outer loop
      vertex 9.89135 16.1592 2
      vertex 8.97661 16.5381 3
      vertex 8.88503 16.2683 3
    endloop
  endfacet
  facet normal 0.51885 -0.485832 0.703393
    outer loop
      vertex 9.45034 17.2475 3
      vertex 10.1515 16.5485 2
      vertex 9.45137 17.2486 3
    endloop
  endfacet
  facet normal 0.53478 -0.469065 0.702843
    outer loop
      vertex 10.1515 16.5485 2
      vertex 9.45034 17.2475 3
      vertex 10.048 16.4305 2
    endloop
  endfacet
  facet normal -0.138833 -0.697662 0.702846
    outer loop
      vertex 11.5653 17.8158 3
      vertex 11.2859 17.8714 3
      vertex 11.1566 16.8897 2
    endloop
  endfacet
  facet normal -0.224914 -0.674743 0.702947
    outer loop
      vertex 11.3106 16.8591 2
      vertex 11.5683 17.815 3
      vertex 11.5668 17.8155 3
    endloop
  endfacet
  facet normal -0.228483 -0.673662 0.702834
    outer loop
      vertex 11.5683 17.815 3
      vertex 11.3106 16.8591 2
      vertex 11.4592 16.8087 2
    endloop
  endfacet
  facet normal -0.636395 -0.318197 0.702675
    outer loop
      vertex 13.0227 16.5395 3
      vertex 12.1087 16.1592 2
      vertex 13.0234 16.5381 3
    endloop
  endfacet
  facet normal -0.63791 -0.314877 0.702797
    outer loop
      vertex 12.1087 16.1592 2
      vertex 13.0227 16.5395 3
      vertex 12.0392 16.3 2
    endloop
  endfacet
  facet normal -0.673614 -0.228699 0.702809
    outer loop
      vertex 13.115 16.2683 3
      vertex 13.0234 16.5381 3
      vertex 12.1087 16.1592 2
    endloop
  endfacet
  facet normal -0.709828 -0.0464397 0.702843
    outer loop
      vertex 13.19 15.7016 3
      vertex 13.1714 15.9859 3
      vertex 12.1897 15.8566 2
    endloop
  endfacet
  facet normal -0.697662 0.138833 0.702846
    outer loop
      vertex 13.1158 15.1347 3
      vertex 13.1714 15.4141 3
      vertex 12.1897 15.5434 2
    endloop
  endfacet
  facet normal -0.674743 0.224914 0.702947
    outer loop
      vertex 12.1591 15.3894 2
      vertex 13.115 15.1317 3
      vertex 13.1155 15.1332 3
    endloop
  endfacet
  facet normal -0.673662 0.228483 0.702834
    outer loop
      vertex 13.115 15.1317 3
      vertex 12.1591 15.3894 2
      vertex 12.1087 15.2408 2
    endloop
  endfacet
  facet normal -0.709916 0.0443697 0.702888
    outer loop
      vertex 12.2 15.7 2
      vertex 13.19 15.6984 3
      vertex 13.1901 15.7 3
    endloop
  endfacet
  facet normal -0.709839 0.046688 0.702815
    outer loop
      vertex 13.19 15.6984 3
      vertex 12.2 15.7 2
      vertex 12.1897 15.5434 2
    endloop
  endfacet
  facet normal -0.636395 0.318197 0.702675
    outer loop
      vertex 12.1087 15.2408 2
      vertex 13.0227 14.8605 3
      vertex 13.0234 14.8619 3
    endloop
  endfacet
  facet normal -0.63791 0.314877 0.702797
    outer loop
      vertex 13.0227 14.8605 3
      vertex 12.1087 15.2408 2
      vertex 12.0392 15.1 2
    endloop
  endfacet
  facet normal -0.395227 0.591481 0.702813
    outer loop
      vertex 11.6 14.6608 2
      vertex 12.0963 13.8042 3
      vertex 11.7305 14.748 2
    endloop
  endfacet
  facet normal -0.40516 0.585231 0.702389
    outer loop
      vertex 12.0963 13.8042 3
      vertex 11.6 14.6608 2
      vertex 12.095 13.8033 3
    endloop
  endfacet
  facet normal -0.228699 0.673614 0.702809
    outer loop
      vertex 11.5683 13.585 3
      vertex 11.8381 13.6766 3
      vertex 11.4592 14.5913 2
    endloop
  endfacet
  facet normal -0.228483 0.673662 0.702834
    outer loop
      vertex 11.3106 14.5409 2
      vertex 11.5683 13.585 3
      vertex 11.4592 14.5913 2
    endloop
  endfacet
  facet normal -0.224914 0.674743 0.702947
    outer loop
      vertex 11.5683 13.585 3
      vertex 11.3106 14.5409 2
      vertex 11.5668 13.5845 3
    endloop
  endfacet
  facet normal 0.709916 0.0443697 0.702888
    outer loop
      vertex 8.81 15.6984 3
      vertex 9.8 15.7 2
      vertex 8.8099 15.7 3
    endloop
  endfacet
  facet normal 0.709843 0.0465523 0.702819
    outer loop
      vertex 9.8 15.7 2
      vertex 8.81 15.6984 3
      vertex 9.81027 15.5434 2
    endloop
  endfacet
  facet normal 0.0443697 0.709916 0.702888
    outer loop
      vertex 11 14.5 2
      vertex 10.9984 13.51 3
      vertex 11 13.5099 3
    endloop
  endfacet
  facet normal 0.046688 0.709839 0.702815
    outer loop
      vertex 10.9984 13.51 3
      vertex 11 14.5 2
      vertex 10.8434 14.5103 2
    endloop
  endfacet
  facet normal 0.228699 0.673614 0.702809
    outer loop
      vertex 10.4317 13.585 3
      vertex 10.5408 14.5913 2
      vertex 10.1619 13.6766 3
    endloop
  endfacet
  facet normal 0.469063 0.534777 0.702847
    outer loop
      vertex 10.1515 14.8515 2
      vertex 9.45253 14.1503 3
      vertex 10.2695 14.748 2
    endloop
  endfacet
  facet normal 0.489051 0.515727 0.703459
    outer loop
      vertex 9.45253 14.1503 3
      vertex 10.1515 14.8515 2
      vertex 9.45137 14.1514 3
    endloop
  endfacet
  facet normal 0.637993 0.314676 0.702812
    outer loop
      vertex 9.10332 14.605 3
      vertex 9.96077 15.1 2
      vertex 8.9773 14.8605 3
    endloop
  endfacet
  facet normal 0.673618 0.228651 0.702821
    outer loop
      vertex 8.97661 14.8619 3
      vertex 9.89135 15.2408 2
      vertex 8.88503 15.1317 3
    endloop
  endfacet
  facet normal 0.696494 -0.143942 0.702977
    outer loop
      vertex 8.88422 16.2653 3
      vertex 9.84089 16.0106 2
      vertex 8.88453 16.2668 3
    endloop
  endfacet
  facet normal 0.697714 -0.138727 0.702816
    outer loop
      vertex 9.84089 16.0106 2
      vertex 8.88422 16.2653 3
      vertex 9.81027 15.8566 2
    endloop
  endfacet
  facet normal 0.40733 -0.58384 0.702291
    outer loop
      vertex 9.90366 17.5958 3
      vertex 10.4 16.7392 2
      vertex 9.90495 17.5967 3
    endloop
  endfacet
  facet normal 0.395222 -0.591474 0.702821
    outer loop
      vertex 10.4 16.7392 2
      vertex 9.90366 17.5958 3
      vertex 10.2695 16.652 2
    endloop
  endfacet
  facet normal 0.228699 -0.673614 0.702809
    outer loop
      vertex 10.5408 16.8087 2
      vertex 10.4317 17.815 3
      vertex 10.1619 17.7234 3
    endloop
  endfacet
  facet normal 0.709916 -0.0443697 0.702888
    outer loop
      vertex 9.8 15.7 2
      vertex 8.81 15.7016 3
      vertex 8.8099 15.7 3
    endloop
  endfacet
  facet normal 0.709843 -0.0465523 0.702819
    outer loop
      vertex 8.81 15.7016 3
      vertex 9.8 15.7 2
      vertex 9.81027 15.8566 2
    endloop
  endfacet
  facet normal 0.709843 -0.0465405 0.702821
    outer loop
      vertex 9.81027 15.8566 2
      vertex 8.82864 15.9859 3
      vertex 8.81 15.7016 3
    endloop
  endfacet
  facet normal 0.63803 -0.314574 0.702824
    outer loop
      vertex 8.9773 16.5395 3
      vertex 9.89135 16.1592 2
      vertex 9.96077 16.3 2
    endloop
  endfacet
  facet normal 0.638073 -0.314479 0.702827
    outer loop
      vertex 9.89135 16.1592 2
      vertex 8.9773 16.5395 3
      vertex 8.97661 16.5381 3
    endloop
  endfacet
  facet normal 0.637993 -0.314676 0.702812
    outer loop
      vertex 9.96077 16.3 2
      vertex 9.10332 16.795 3
      vertex 8.9773 16.5395 3
    endloop
  endfacet
  facet normal -0.228699 -0.673614 0.702809
    outer loop
      vertex 11.8381 17.7234 3
      vertex 11.5683 17.815 3
      vertex 11.4592 16.8087 2
    endloop
  endfacet
  facet normal -0.31463 -0.637999 0.702826
    outer loop
      vertex 12.095 17.5967 3
      vertex 11.8395 17.7227 3
      vertex 11.6 16.7392 2
    endloop
  endfacet
  facet normal -0.139505 -0.697523 0.702852
    outer loop
      vertex 11.5653 17.8158 3
      vertex 11.3106 16.8591 2
      vertex 11.5668 17.8155 3
    endloop
  endfacet
  facet normal -0.138639 -0.697724 0.702824
    outer loop
      vertex 11.3106 16.8591 2
      vertex 11.5653 17.8158 3
      vertex 11.1566 16.8897 2
    endloop
  endfacet
  facet normal -0.40516 -0.585231 0.702389
    outer loop
      vertex 11.6 16.7392 2
      vertex 12.0963 17.5958 3
      vertex 12.095 17.5967 3
    endloop
  endfacet
  facet normal -0.395227 -0.591481 0.702813
    outer loop
      vertex 12.0963 17.5958 3
      vertex 11.6 16.7392 2
      vertex 11.7305 16.652 2
    endloop
  endfacet
  facet normal -0.591477 -0.395234 0.702812
    outer loop
      vertex 12.8958 16.7963 3
      vertex 12.7375 17.0332 3
      vertex 11.952 16.4305 2
    endloop
  endfacet
  facet normal -0.535004 -0.468846 0.702819
    outer loop
      vertex 12.7375 17.0332 3
      vertex 12.5497 17.2475 3
      vertex 11.952 16.4305 2
    endloop
  endfacet
  facet normal -0.585231 -0.40516 0.702389
    outer loop
      vertex 12.8958 16.7963 3
      vertex 12.0392 16.3 2
      vertex 12.8967 16.795 3
    endloop
  endfacet
  facet normal -0.591481 -0.395227 0.702813
    outer loop
      vertex 12.0392 16.3 2
      vertex 12.8958 16.7963 3
      vertex 11.952 16.4305 2
    endloop
  endfacet
  facet normal -0.637999 -0.31463 0.702826
    outer loop
      vertex 13.0227 16.5395 3
      vertex 12.8967 16.795 3
      vertex 12.0392 16.3 2
    endloop
  endfacet
  facet normal -0.674743 -0.224914 0.702947
    outer loop
      vertex 13.115 16.2683 3
      vertex 12.1591 16.0106 2
      vertex 13.1155 16.2668 3
    endloop
  endfacet
  facet normal -0.673662 -0.228483 0.702834
    outer loop
      vertex 12.1591 16.0106 2
      vertex 13.115 16.2683 3
      vertex 12.1087 16.1592 2
    endloop
  endfacet
  facet normal -0.697523 -0.139505 0.702852
    outer loop
      vertex 12.1591 16.0106 2
      vertex 13.1158 16.2653 3
      vertex 13.1155 16.2668 3
    endloop
  endfacet
  facet normal -0.697724 -0.138639 0.702824
    outer loop
      vertex 13.1158 16.2653 3
      vertex 12.1591 16.0106 2
      vertex 12.1897 15.8566 2
    endloop
  endfacet
  facet normal -0.697724 0.138639 0.702824
    outer loop
      vertex 12.1591 15.3894 2
      vertex 13.1158 15.1347 3
      vertex 12.1897 15.5434 2
    endloop
  endfacet
  facet normal -0.697523 0.139505 0.702852
    outer loop
      vertex 13.1158 15.1347 3
      vertex 12.1591 15.3894 2
      vertex 13.1155 15.1332 3
    endloop
  endfacet
  facet normal -0.591477 0.395234 0.702812
    outer loop
      vertex 12.7375 14.3668 3
      vertex 12.8958 14.6037 3
      vertex 11.952 14.9695 2
    endloop
  endfacet
  facet normal -0.535004 0.468846 0.702819
    outer loop
      vertex 12.5497 14.1525 3
      vertex 12.7375 14.3668 3
      vertex 11.952 14.9695 2
    endloop
  endfacet
  facet normal -0.046688 0.709839 0.702815
    outer loop
      vertex 11 14.5 2
      vertex 11.0016 13.51 3
      vertex 11.1566 14.5103 2
    endloop
  endfacet
  facet normal -0.0443697 0.709916 0.702888
    outer loop
      vertex 11.0016 13.51 3
      vertex 11 14.5 2
      vertex 11 13.5099 3
    endloop
  endfacet
  facet normal -0.31463 0.637999 0.702826
    outer loop
      vertex 11.8395 13.6773 3
      vertex 12.095 13.8033 3
      vertex 11.6 14.6608 2
    endloop
  endfacet
  facet normal -0.314877 0.63791 0.702797
    outer loop
      vertex 11.4592 14.5913 2
      vertex 11.8395 13.6773 3
      vertex 11.6 14.6608 2
    endloop
  endfacet
  facet normal -0.318197 0.636395 0.702675
    outer loop
      vertex 11.8395 13.6773 3
      vertex 11.4592 14.5913 2
      vertex 11.8381 13.6766 3
    endloop
  endfacet
  facet normal -0.502483 0.502483 0.703577
    outer loop
      vertex 11.8485 14.8515 2
      vertex 12.5475 14.1503 3
      vertex 12.5486 14.1514 3
    endloop
  endfacet
  facet normal -0.469058 0.534772 0.702854
    outer loop
      vertex 12.5475 14.1503 3
      vertex 11.8485 14.8515 2
      vertex 11.7305 14.748 2
    endloop
  endfacet
  facet normal 0.6736 0.228734 0.702812
    outer loop
      vertex 9.84089 15.3894 2
      vertex 8.88503 15.1317 3
      vertex 9.89135 15.2408 2
    endloop
  endfacet
  facet normal 0.674756 0.224919 0.702934
    outer loop
      vertex 8.88503 15.1317 3
      vertex 9.84089 15.3894 2
      vertex 8.88453 15.1332 3
    endloop
  endfacet
  facet normal 0.697694 0.13879 0.702823
    outer loop
      vertex 8.88422 15.1347 3
      vertex 9.81027 15.5434 2
      vertex 8.82864 15.4141 3
    endloop
  endfacet
  facet normal 0.46894 0.534911 0.702826
    outer loop
      vertex 9.66675 13.9625 3
      vertex 10.2695 14.748 2
      vertex 9.45253 14.1503 3
    endloop
  endfacet
  facet normal 0.395217 0.591477 0.702822
    outer loop
      vertex 9.90366 13.8042 3
      vertex 10.2695 14.748 2
      vertex 9.66675 13.9625 3
    endloop
  endfacet
  facet normal 0.314877 0.63791 0.702797
    outer loop
      vertex 10.1605 13.6773 3
      vertex 10.5408 14.5913 2
      vertex 10.4 14.6608 2
    endloop
  endfacet
  facet normal 0.318197 0.636395 0.702675
    outer loop
      vertex 10.5408 14.5913 2
      vertex 10.1605 13.6773 3
      vertex 10.1619 13.6766 3
    endloop
  endfacet
  facet normal 0.314578 0.638018 0.702832
    outer loop
      vertex 10.1605 13.6773 3
      vertex 10.4 14.6608 2
      vertex 9.90495 13.8033 3
    endloop
  endfacet
  facet normal 0.138833 0.697662 0.702846
    outer loop
      vertex 10.7141 13.5286 3
      vertex 10.8434 14.5103 2
      vertex 10.4347 13.5842 3
    endloop
  endfacet
  facet normal 0.591472 0.39523 0.702818
    outer loop
      vertex 9.26248 14.3668 3
      vertex 10.048 14.9695 2
      vertex 9.10418 14.6037 3
    endloop
  endfacet
  facet normal 0.534928 0.46893 0.702821
    outer loop
      vertex 9.45034 14.1525 3
      vertex 10.048 14.9695 2
      vertex 9.26248 14.3668 3
    endloop
  endfacet
  facet normal 0.138833 -0.697662 0.702846
    outer loop
      vertex 10.8434 16.8897 2
      vertex 10.7141 17.8714 3
      vertex 10.4347 17.8158 3
    endloop
  endfacet
  facet normal 0.0464397 -0.709828 0.702843
    outer loop
      vertex 10.8434 16.8897 2
      vertex 10.9984 17.89 3
      vertex 10.7141 17.8714 3
    endloop
  endfacet
  facet normal 0.224914 -0.674743 0.702947
    outer loop
      vertex 10.4317 17.815 3
      vertex 10.6894 16.8591 2
      vertex 10.4332 17.8155 3
    endloop
  endfacet
  facet normal 0.228483 -0.673662 0.702834
    outer loop
      vertex 10.6894 16.8591 2
      vertex 10.4317 17.815 3
      vertex 10.5408 16.8087 2
    endloop
  endfacet
  facet normal 0.314578 -0.638018 0.702832
    outer loop
      vertex 10.4 16.7392 2
      vertex 10.1605 17.7227 3
      vertex 9.90495 17.5967 3
    endloop
  endfacet
  facet normal 0.318197 -0.636395 0.702675
    outer loop
      vertex 10.1605 17.7227 3
      vertex 10.5408 16.8087 2
      vertex 10.1619 17.7234 3
    endloop
  endfacet
  facet normal 0.314877 -0.63791 0.702797
    outer loop
      vertex 10.5408 16.8087 2
      vertex 10.1605 17.7227 3
      vertex 10.4 16.7392 2
    endloop
  endfacet
  facet normal 0.469063 -0.534777 0.702847
    outer loop
      vertex 9.45253 17.2497 3
      vertex 10.1515 16.5485 2
      vertex 10.2695 16.652 2
    endloop
  endfacet
  facet normal 0.489051 -0.515727 0.703459
    outer loop
      vertex 10.1515 16.5485 2
      vertex 9.45253 17.2497 3
      vertex 9.45137 17.2486 3
    endloop
  endfacet
  facet normal 0.6736 -0.228734 0.702812
    outer loop
      vertex 8.88503 16.2683 3
      vertex 9.84089 16.0106 2
      vertex 9.89135 16.1592 2
    endloop
  endfacet
  facet normal 0.674756 -0.224919 0.702934
    outer loop
      vertex 9.84089 16.0106 2
      vertex 8.88503 16.2683 3
      vertex 8.88453 16.2668 3
    endloop
  endfacet
  facet normal 0.591423 -0.395324 0.702807
    outer loop
      vertex 9.10418 16.7963 3
      vertex 9.96077 16.3 2
      vertex 10.048 16.4305 2
    endloop
  endfacet
  facet normal 0.593219 -0.392437 0.702912
    outer loop
      vertex 9.96077 16.3 2
      vertex 9.10418 16.7963 3
      vertex 9.10332 16.795 3
    endloop
  endfacet
  facet normal 0.591472 -0.39523 0.702818
    outer loop
      vertex 10.048 16.4305 2
      vertex 9.26248 17.0332 3
      vertex 9.10418 16.7963 3
    endloop
  endfacet
  facet normal -0.0443697 -0.709916 0.702888
    outer loop
      vertex 11 16.9 2
      vertex 11.0016 17.89 3
      vertex 11 17.8901 3
    endloop
  endfacet
  facet normal -0.046688 -0.709839 0.702815
    outer loop
      vertex 11.0016 17.89 3
      vertex 11 16.9 2
      vertex 11.1566 16.8897 2
    endloop
  endfacet
  facet normal -0.0464397 -0.709828 0.702843
    outer loop
      vertex 11.1566 16.8897 2
      vertex 11.2859 17.8714 3
      vertex 11.0016 17.89 3
    endloop
  endfacet
  facet normal -0.318197 -0.636395 0.702675
    outer loop
      vertex 11.4592 16.8087 2
      vertex 11.8395 17.7227 3
      vertex 11.8381 17.7234 3
    endloop
  endfacet
  facet normal -0.314877 -0.63791 0.702797
    outer loop
      vertex 11.8395 17.7227 3
      vertex 11.4592 16.8087 2
      vertex 11.6 16.7392 2
    endloop
  endfacet
  facet normal -0.395234 -0.591477 0.702812
    outer loop
      vertex 12.3332 17.4375 3
      vertex 12.0963 17.5958 3
      vertex 11.7305 16.652 2
    endloop
  endfacet
  facet normal -0.139505 0.697523 0.702852
    outer loop
      vertex 11.3106 14.5409 2
      vertex 11.5653 13.5842 3
      vertex 11.5668 13.5845 3
    endloop
  endfacet
  facet normal -0.138639 0.697724 0.702824
    outer loop
      vertex 11.5653 13.5842 3
      vertex 11.3106 14.5409 2
      vertex 11.1566 14.5103 2
    endloop
  endfacet
  facet normal -0.138833 0.697662 0.702846
    outer loop
      vertex 11.2859 13.5286 3
      vertex 11.5653 13.5842 3
      vertex 11.1566 14.5103 2
    endloop
  endfacet
  facet normal -0.468846 0.535004 0.702819
    outer loop
      vertex 12.3332 13.9625 3
      vertex 12.5475 14.1503 3
      vertex 11.7305 14.748 2
    endloop
  endfacet
  facet normal -0.395234 0.591477 0.702812
    outer loop
      vertex 12.0963 13.8042 3
      vertex 12.3332 13.9625 3
      vertex 11.7305 14.748 2
    endloop
  endfacet
  facet normal 0.697714 0.138727 0.702816
    outer loop
      vertex 8.88422 15.1347 3
      vertex 9.84089 15.3894 2
      vertex 9.81027 15.5434 2
    endloop
  endfacet
  facet normal 0.696494 0.143942 0.702977
    outer loop
      vertex 9.84089 15.3894 2
      vertex 8.88422 15.1347 3
      vertex 8.88453 15.1332 3
    endloop
  endfacet
  facet normal 0.0464397 0.709828 0.702843
    outer loop
      vertex 10.9984 13.51 3
      vertex 10.8434 14.5103 2
      vertex 10.7141 13.5286 3
    endloop
  endfacet
  facet normal 0.138639 0.697724 0.702824
    outer loop
      vertex 10.6894 14.5409 2
      vertex 10.4347 13.5842 3
      vertex 10.8434 14.5103 2
    endloop
  endfacet
  facet normal 0.139505 0.697523 0.702852
    outer loop
      vertex 10.4347 13.5842 3
      vertex 10.6894 14.5409 2
      vertex 10.4332 13.5845 3
    endloop
  endfacet
  facet normal 0.228483 0.673662 0.702834
    outer loop
      vertex 10.4317 13.585 3
      vertex 10.6894 14.5409 2
      vertex 10.5408 14.5913 2
    endloop
  endfacet
  facet normal 0.224914 0.674743 0.702947
    outer loop
      vertex 10.6894 14.5409 2
      vertex 10.4317 13.585 3
      vertex 10.4332 13.5845 3
    endloop
  endfacet
  facet normal 0.591423 0.395324 0.702807
    outer loop
      vertex 9.96077 15.1 2
      vertex 9.10418 14.6037 3
      vertex 10.048 14.9695 2
    endloop
  endfacet
  facet normal 0.593219 0.392437 0.702912
    outer loop
      vertex 9.10418 14.6037 3
      vertex 9.96077 15.1 2
      vertex 9.10332 14.605 3
    endloop
  endfacet
  facet normal 0.138639 -0.697724 0.702824
    outer loop
      vertex 10.4347 17.8158 3
      vertex 10.6894 16.8591 2
      vertex 10.8434 16.8897 2
    endloop
  endfacet
  facet normal 0.139505 -0.697523 0.702852
    outer loop
      vertex 10.6894 16.8591 2
      vertex 10.4347 17.8158 3
      vertex 10.4332 17.8155 3
    endloop
  endfacet
  facet normal 0.46894 -0.534911 0.702826
    outer loop
      vertex 10.2695 16.652 2
      vertex 9.66675 17.4375 3
      vertex 9.45253 17.2497 3
    endloop
  endfacet
  facet normal 0.395217 -0.591477 0.702822
    outer loop
      vertex 10.2695 16.652 2
      vertex 9.90366 17.5958 3
      vertex 9.66675 17.4375 3
    endloop
  endfacet
  facet normal -0.468846 -0.535004 0.702819
    outer loop
      vertex 12.5475 17.2497 3
      vertex 12.3332 17.4375 3
      vertex 11.7305 16.652 2
    endloop
  endfacet
  facet normal -0.502483 -0.502483 0.703577
    outer loop
      vertex 12.5475 17.2497 3
      vertex 11.8485 16.5485 2
      vertex 12.5486 17.2486 3
    endloop
  endfacet
  facet normal -0.469058 -0.534772 0.702854
    outer loop
      vertex 11.8485 16.5485 2
      vertex 12.5475 17.2497 3
      vertex 11.7305 16.652 2
    endloop
  endfacet
  facet normal -0.947013 -0.321194 0
    outer loop
      vertex -12.8409 -15.3894 0
      vertex -12.8913 -15.2408 2
      vertex -12.8913 -15.2408 0
    endloop
  endfacet
  facet normal -0.947013 -0.321194 0
    outer loop
      vertex -12.8913 -15.2408 2
      vertex -12.8409 -15.3894 0
      vertex -12.8409 -15.3894 2
    endloop
  endfacet
  facet normal -0.997844 -0.0656309 0
    outer loop
      vertex -12.8 -15.7 0
      vertex -12.8103 -15.5434 2
      vertex -12.8103 -15.5434 0
    endloop
  endfacet
  facet normal -0.997844 -0.0656309 0
    outer loop
      vertex -12.8103 -15.5434 2
      vertex -12.8 -15.7 0
      vertex -12.8 -15.7 2
    endloop
  endfacet
  facet normal 0.997844 -0.0656309 0
    outer loop
      vertex -15.2 -15.7 2
      vertex -15.1897 -15.5434 0
      vertex -15.1897 -15.5434 2
    endloop
  endfacet
  facet normal 0.997844 -0.0656309 0
    outer loop
      vertex -15.1897 -15.5434 0
      vertex -15.2 -15.7 2
      vertex -15.2 -15.7 0
    endloop
  endfacet
  facet normal -0.0656309 -0.997844 0
    outer loop
      vertex -14 -14.5 0
      vertex -13.8434 -14.5103 2
      vertex -14 -14.5 2
    endloop
  endfacet
  facet normal -0.0656309 -0.997844 -0
    outer loop
      vertex -13.8434 -14.5103 2
      vertex -14 -14.5 0
      vertex -13.8434 -14.5103 0
    endloop
  endfacet
  facet normal -0.751787 -0.659406 0
    outer loop
      vertex -13.048 -14.9695 0
      vertex -13.1515 -14.8515 2
      vertex -13.1515 -14.8515 0
    endloop
  endfacet
  facet normal -0.751787 -0.659406 0
    outer loop
      vertex -13.1515 -14.8515 2
      vertex -13.048 -14.9695 0
      vertex -13.048 -14.9695 2
    endloop
  endfacet
  facet normal 0.659406 -0.751787 0
    outer loop
      vertex -14.8485 -14.8515 0
      vertex -14.7305 -14.748 2
      vertex -14.8485 -14.8515 2
    endloop
  endfacet
  facet normal 0.659406 -0.751787 0
    outer loop
      vertex -14.7305 -14.748 2
      vertex -14.8485 -14.8515 0
      vertex -14.7305 -14.748 0
    endloop
  endfacet
  facet normal 0.321194 -0.947013 0
    outer loop
      vertex -14.4592 -14.5913 0
      vertex -14.3106 -14.5409 2
      vertex -14.4592 -14.5913 2
    endloop
  endfacet
  facet normal 0.321194 -0.947013 0
    outer loop
      vertex -14.3106 -14.5409 2
      vertex -14.4592 -14.5913 0
      vertex -14.3106 -14.5409 0
    endloop
  endfacet
  facet normal 0.831462 0.555582 0
    outer loop
      vertex -14.952 -16.4305 2
      vertex -15.0392 -16.3 0
      vertex -15.0392 -16.3 2
    endloop
  endfacet
  facet normal 0.831462 0.555582 0
    outer loop
      vertex -15.0392 -16.3 0
      vertex -14.952 -16.4305 2
      vertex -14.952 -16.4305 0
    endloop
  endfacet
  facet normal -0.896708 -0.442622 0
    outer loop
      vertex -12.8913 -15.2408 0
      vertex -12.9608 -15.1 2
      vertex -12.9608 -15.1 0
    endloop
  endfacet
  facet normal -0.896708 -0.442622 0
    outer loop
      vertex -12.9608 -15.1 2
      vertex -12.8913 -15.2408 0
      vertex -12.8913 -15.2408 2
    endloop
  endfacet
  facet normal -0.831462 -0.555582 0
    outer loop
      vertex -12.9608 -15.1 0
      vertex -13.048 -14.9695 2
      vertex -13.048 -14.9695 0
    endloop
  endfacet
  facet normal -0.831462 -0.555582 0
    outer loop
      vertex -13.048 -14.9695 2
      vertex -12.9608 -15.1 0
      vertex -12.9608 -15.1 2
    endloop
  endfacet
  facet normal -0.442622 -0.896708 0
    outer loop
      vertex -13.5408 -14.5913 0
      vertex -13.4 -14.6608 2
      vertex -13.5408 -14.5913 2
    endloop
  endfacet
  facet normal -0.442622 -0.896708 -0
    outer loop
      vertex -13.4 -14.6608 2
      vertex -13.5408 -14.5913 0
      vertex -13.4 -14.6608 0
    endloop
  endfacet
  facet normal -0.194891 -0.980825 0
    outer loop
      vertex -13.8434 -14.5103 0
      vertex -13.6894 -14.5409 2
      vertex -13.8434 -14.5103 2
    endloop
  endfacet
  facet normal -0.194891 -0.980825 -0
    outer loop
      vertex -13.6894 -14.5409 2
      vertex -13.8434 -14.5103 0
      vertex -13.6894 -14.5409 0
    endloop
  endfacet
  facet normal -0.659406 -0.751787 0
    outer loop
      vertex -13.2695 -14.748 0
      vertex -13.1515 -14.8515 2
      vertex -13.2695 -14.748 2
    endloop
  endfacet
  facet normal -0.659406 -0.751787 -0
    outer loop
      vertex -13.1515 -14.8515 2
      vertex -13.2695 -14.748 0
      vertex -13.1515 -14.8515 0
    endloop
  endfacet
  facet normal 0.896708 -0.442622 0
    outer loop
      vertex -15.1087 -15.2408 2
      vertex -15.0392 -15.1 0
      vertex -15.0392 -15.1 2
    endloop
  endfacet
  facet normal 0.896708 -0.442622 0
    outer loop
      vertex -15.0392 -15.1 0
      vertex -15.1087 -15.2408 2
      vertex -15.1087 -15.2408 0
    endloop
  endfacet
  facet normal 0.831462 -0.555582 0
    outer loop
      vertex -15.0392 -15.1 2
      vertex -14.952 -14.9695 0
      vertex -14.952 -14.9695 2
    endloop
  endfacet
  facet normal 0.831462 -0.555582 0
    outer loop
      vertex -14.952 -14.9695 0
      vertex -15.0392 -15.1 2
      vertex -15.0392 -15.1 0
    endloop
  endfacet
  facet normal 0.980825 -0.194891 0
    outer loop
      vertex -15.1897 -15.5434 2
      vertex -15.1591 -15.3894 0
      vertex -15.1591 -15.3894 2
    endloop
  endfacet
  facet normal 0.980825 -0.194891 0
    outer loop
      vertex -15.1591 -15.3894 0
      vertex -15.1897 -15.5434 2
      vertex -15.1897 -15.5434 0
    endloop
  endfacet
  facet normal 0.442622 -0.896708 0
    outer loop
      vertex -14.6 -14.6608 0
      vertex -14.4592 -14.5913 2
      vertex -14.6 -14.6608 2
    endloop
  endfacet
  facet normal 0.442622 -0.896708 0
    outer loop
      vertex -14.4592 -14.5913 2
      vertex -14.6 -14.6608 0
      vertex -14.4592 -14.5913 0
    endloop
  endfacet
  facet normal 0.0656309 -0.997844 0
    outer loop
      vertex -14.1566 -14.5103 0
      vertex -14 -14.5 2
      vertex -14.1566 -14.5103 2
    endloop
  endfacet
  facet normal 0.0656309 -0.997844 0
    outer loop
      vertex -14 -14.5 2
      vertex -14.1566 -14.5103 0
      vertex -14 -14.5 0
    endloop
  endfacet
  facet normal -0.194891 0.980825 0
    outer loop
      vertex -13.6894 -16.8591 0
      vertex -13.8434 -16.8897 2
      vertex -13.6894 -16.8591 2
    endloop
  endfacet
  facet normal -0.194891 0.980825 0
    outer loop
      vertex -13.8434 -16.8897 2
      vertex -13.6894 -16.8591 0
      vertex -13.8434 -16.8897 0
    endloop
  endfacet
  facet normal -0.0656309 0.997844 0
    outer loop
      vertex -13.8434 -16.8897 0
      vertex -14 -16.9 2
      vertex -13.8434 -16.8897 2
    endloop
  endfacet
  facet normal -0.0656309 0.997844 0
    outer loop
      vertex -14 -16.9 2
      vertex -13.8434 -16.8897 0
      vertex -14 -16.9 0
    endloop
  endfacet
  facet normal -0.659406 0.751787 0
    outer loop
      vertex -13.1515 -16.5485 0
      vertex -13.2695 -16.652 2
      vertex -13.1515 -16.5485 2
    endloop
  endfacet
  facet normal -0.659406 0.751787 0
    outer loop
      vertex -13.2695 -16.652 2
      vertex -13.1515 -16.5485 0
      vertex -13.2695 -16.652 0
    endloop
  endfacet
  facet normal -0.442622 0.896708 0
    outer loop
      vertex -13.4 -16.7392 0
      vertex -13.5408 -16.8087 2
      vertex -13.4 -16.7392 2
    endloop
  endfacet
  facet normal -0.442622 0.896708 0
    outer loop
      vertex -13.5408 -16.8087 2
      vertex -13.4 -16.7392 0
      vertex -13.5408 -16.8087 0
    endloop
  endfacet
  facet normal -0.947013 0.321194 0
    outer loop
      vertex -12.8913 -16.1592 0
      vertex -12.8409 -16.0106 2
      vertex -12.8409 -16.0106 0
    endloop
  endfacet
  facet normal -0.947013 0.321194 0
    outer loop
      vertex -12.8409 -16.0106 2
      vertex -12.8913 -16.1592 0
      vertex -12.8913 -16.1592 2
    endloop
  endfacet
  facet normal 0.321194 0.947013 -0
    outer loop
      vertex -14.3106 -16.8591 0
      vertex -14.4592 -16.8087 2
      vertex -14.3106 -16.8591 2
    endloop
  endfacet
  facet normal 0.321194 0.947013 0
    outer loop
      vertex -14.4592 -16.8087 2
      vertex -14.3106 -16.8591 0
      vertex -14.4592 -16.8087 0
    endloop
  endfacet
  facet normal 0.442622 0.896708 -0
    outer loop
      vertex -14.4592 -16.8087 0
      vertex -14.6 -16.7392 2
      vertex -14.4592 -16.8087 2
    endloop
  endfacet
  facet normal 0.442622 0.896708 0
    outer loop
      vertex -14.6 -16.7392 2
      vertex -14.4592 -16.8087 0
      vertex -14.6 -16.7392 0
    endloop
  endfacet
  facet normal 0.997844 0.0656309 0
    outer loop
      vertex -15.1897 -15.8566 2
      vertex -15.2 -15.7 0
      vertex -15.2 -15.7 2
    endloop
  endfacet
  facet normal 0.997844 0.0656309 0
    outer loop
      vertex -15.2 -15.7 0
      vertex -15.1897 -15.8566 2
      vertex -15.1897 -15.8566 0
    endloop
  endfacet
  facet normal 0.896708 0.442622 0
    outer loop
      vertex -15.0392 -16.3 2
      vertex -15.1087 -16.1592 0
      vertex -15.1087 -16.1592 2
    endloop
  endfacet
  facet normal 0.896708 0.442622 0
    outer loop
      vertex -15.1087 -16.1592 0
      vertex -15.0392 -16.3 2
      vertex -15.0392 -16.3 0
    endloop
  endfacet
  facet normal -0.980825 -0.194891 0
    outer loop
      vertex -12.8103 -15.5434 0
      vertex -12.8409 -15.3894 2
      vertex -12.8409 -15.3894 0
    endloop
  endfacet
  facet normal -0.980825 -0.194891 0
    outer loop
      vertex -12.8409 -15.3894 2
      vertex -12.8103 -15.5434 0
      vertex -12.8103 -15.5434 2
    endloop
  endfacet
  facet normal -0.321194 -0.947013 0
    outer loop
      vertex -13.6894 -14.5409 0
      vertex -13.5408 -14.5913 2
      vertex -13.6894 -14.5409 2
    endloop
  endfacet
  facet normal -0.321194 -0.947013 -0
    outer loop
      vertex -13.5408 -14.5913 2
      vertex -13.6894 -14.5409 0
      vertex -13.5408 -14.5913 0
    endloop
  endfacet
  facet normal -0.555582 -0.831462 0
    outer loop
      vertex -13.4 -14.6608 0
      vertex -13.2695 -14.748 2
      vertex -13.4 -14.6608 2
    endloop
  endfacet
  facet normal -0.555582 -0.831462 -0
    outer loop
      vertex -13.2695 -14.748 2
      vertex -13.4 -14.6608 0
      vertex -13.2695 -14.748 0
    endloop
  endfacet
  facet normal 0.555582 -0.831462 0
    outer loop
      vertex -14.7305 -14.748 0
      vertex -14.6 -14.6608 2
      vertex -14.7305 -14.748 2
    endloop
  endfacet
  facet normal 0.555582 -0.831462 0
    outer loop
      vertex -14.6 -14.6608 2
      vertex -14.7305 -14.748 0
      vertex -14.6 -14.6608 0
    endloop
  endfacet
  facet normal -0.555582 0.831462 0
    outer loop
      vertex -13.2695 -16.652 0
      vertex -13.4 -16.7392 2
      vertex -13.2695 -16.652 2
    endloop
  endfacet
  facet normal -0.555582 0.831462 0
    outer loop
      vertex -13.4 -16.7392 2
      vertex -13.2695 -16.652 0
      vertex -13.4 -16.7392 0
    endloop
  endfacet
  facet normal -0.896708 0.442622 0
    outer loop
      vertex -12.9608 -16.3 0
      vertex -12.8913 -16.1592 2
      vertex -12.8913 -16.1592 0
    endloop
  endfacet
  facet normal -0.896708 0.442622 0
    outer loop
      vertex -12.8913 -16.1592 2
      vertex -12.9608 -16.3 0
      vertex -12.9608 -16.3 2
    endloop
  endfacet
  facet normal -0.751787 0.659406 0
    outer loop
      vertex -13.1515 -16.5485 0
      vertex -13.048 -16.4305 2
      vertex -13.048 -16.4305 0
    endloop
  endfacet
  facet normal -0.751787 0.659406 0
    outer loop
      vertex -13.048 -16.4305 2
      vertex -13.1515 -16.5485 0
      vertex -13.1515 -16.5485 2
    endloop
  endfacet
  facet normal -0.831462 0.555582 0
    outer loop
      vertex -13.048 -16.4305 0
      vertex -12.9608 -16.3 2
      vertex -12.9608 -16.3 0
    endloop
  endfacet
  facet normal -0.831462 0.555582 0
    outer loop
      vertex -12.9608 -16.3 2
      vertex -13.048 -16.4305 0
      vertex -13.048 -16.4305 2
    endloop
  endfacet
  facet normal 0.659406 0.751787 -0
    outer loop
      vertex -14.7305 -16.652 0
      vertex -14.8485 -16.5485 2
      vertex -14.7305 -16.652 2
    endloop
  endfacet
  facet normal 0.659406 0.751787 0
    outer loop
      vertex -14.8485 -16.5485 2
      vertex -14.7305 -16.652 0
      vertex -14.8485 -16.5485 0
    endloop
  endfacet
  facet normal 0.0656309 0.997844 -0
    outer loop
      vertex -14 -16.9 0
      vertex -14.1566 -16.8897 2
      vertex -14 -16.9 2
    endloop
  endfacet
  facet normal 0.0656309 0.997844 0
    outer loop
      vertex -14.1566 -16.8897 2
      vertex -14 -16.9 0
      vertex -14.1566 -16.8897 0
    endloop
  endfacet
  facet normal 0.555582 0.831462 -0
    outer loop
      vertex -14.6 -16.7392 0
      vertex -14.7305 -16.652 2
      vertex -14.6 -16.7392 2
    endloop
  endfacet
  facet normal 0.555582 0.831462 0
    outer loop
      vertex -14.7305 -16.652 2
      vertex -14.6 -16.7392 0
      vertex -14.7305 -16.652 0
    endloop
  endfacet
  facet normal 0.751787 0.659406 0
    outer loop
      vertex -14.8485 -16.5485 2
      vertex -14.952 -16.4305 0
      vertex -14.952 -16.4305 2
    endloop
  endfacet
  facet normal 0.751787 0.659406 0
    outer loop
      vertex -14.952 -16.4305 0
      vertex -14.8485 -16.5485 2
      vertex -14.8485 -16.5485 0
    endloop
  endfacet
  facet normal 0.980825 0.194891 0
    outer loop
      vertex -15.1591 -16.0106 2
      vertex -15.1897 -15.8566 0
      vertex -15.1897 -15.8566 2
    endloop
  endfacet
  facet normal 0.980825 0.194891 0
    outer loop
      vertex -15.1897 -15.8566 0
      vertex -15.1591 -16.0106 2
      vertex -15.1591 -16.0106 0
    endloop
  endfacet
  facet normal 0.751787 -0.659406 0
    outer loop
      vertex -14.952 -14.9695 2
      vertex -14.8485 -14.8515 0
      vertex -14.8485 -14.8515 2
    endloop
  endfacet
  facet normal 0.751787 -0.659406 0
    outer loop
      vertex -14.8485 -14.8515 0
      vertex -14.952 -14.9695 2
      vertex -14.952 -14.9695 0
    endloop
  endfacet
  facet normal 0.947013 -0.321194 0
    outer loop
      vertex -15.1591 -15.3894 2
      vertex -15.1087 -15.2408 0
      vertex -15.1087 -15.2408 2
    endloop
  endfacet
  facet normal 0.947013 -0.321194 0
    outer loop
      vertex -15.1087 -15.2408 0
      vertex -15.1591 -15.3894 2
      vertex -15.1591 -15.3894 0
    endloop
  endfacet
  facet normal 0.194891 -0.980825 0
    outer loop
      vertex -14.3106 -14.5409 0
      vertex -14.1566 -14.5103 2
      vertex -14.3106 -14.5409 2
    endloop
  endfacet
  facet normal 0.194891 -0.980825 0
    outer loop
      vertex -14.1566 -14.5103 2
      vertex -14.3106 -14.5409 0
      vertex -14.1566 -14.5103 0
    endloop
  endfacet
  facet normal -0.321194 0.947013 0
    outer loop
      vertex -13.5408 -16.8087 0
      vertex -13.6894 -16.8591 2
      vertex -13.5408 -16.8087 2
    endloop
  endfacet
  facet normal -0.321194 0.947013 0
    outer loop
      vertex -13.6894 -16.8591 2
      vertex -13.5408 -16.8087 0
      vertex -13.6894 -16.8591 0
    endloop
  endfacet
  facet normal -0.980825 0.194891 0
    outer loop
      vertex -12.8409 -16.0106 0
      vertex -12.8103 -15.8566 2
      vertex -12.8103 -15.8566 0
    endloop
  endfacet
  facet normal -0.980825 0.194891 0
    outer loop
      vertex -12.8103 -15.8566 2
      vertex -12.8409 -16.0106 0
      vertex -12.8409 -16.0106 2
    endloop
  endfacet
  facet normal -0.997844 0.0656309 0
    outer loop
      vertex -12.8103 -15.8566 0
      vertex -12.8 -15.7 2
      vertex -12.8 -15.7 0
    endloop
  endfacet
  facet normal -0.997844 0.0656309 0
    outer loop
      vertex -12.8 -15.7 2
      vertex -12.8103 -15.8566 0
      vertex -12.8103 -15.8566 2
    endloop
  endfacet
  facet normal 0.194891 0.980825 -0
    outer loop
      vertex -14.1566 -16.8897 0
      vertex -14.3106 -16.8591 2
      vertex -14.1566 -16.8897 2
    endloop
  endfacet
  facet normal 0.194891 0.980825 0
    outer loop
      vertex -14.3106 -16.8591 2
      vertex -14.1566 -16.8897 0
      vertex -14.3106 -16.8591 0
    endloop
  endfacet
  facet normal 0.947013 0.321194 0
    outer loop
      vertex -15.1087 -16.1592 2
      vertex -15.1591 -16.0106 0
      vertex -15.1591 -16.0106 2
    endloop
  endfacet
  facet normal 0.947013 0.321194 0
    outer loop
      vertex -15.1591 -16.0106 0
      vertex -15.1087 -16.1592 2
      vertex -15.1087 -16.1592 0
    endloop
  endfacet
  facet normal -0.709839 -0.046688 0.702815
    outer loop
      vertex -12.8 -15.7 2
      vertex -11.81 -15.6984 3
      vertex -12.8103 -15.5434 2
    endloop
  endfacet
  facet normal -0.709916 -0.0443697 0.702888
    outer loop
      vertex -11.81 -15.6984 3
      vertex -12.8 -15.7 2
      vertex -11.8099 -15.7 3
    endloop
  endfacet
  facet normal 0.709828 0.0464397 0.702843
    outer loop
      vertex -16.1714 -15.9859 3
      vertex -15.1897 -15.8566 2
      vertex -16.19 -15.7016 3
    endloop
  endfacet
  facet normal -0.709828 0.0464397 0.702843
    outer loop
      vertex -11.8286 -15.9859 3
      vertex -11.81 -15.7016 3
      vertex -12.8103 -15.8566 2
    endloop
  endfacet
  facet normal -0.534772 0.469058 0.702854
    outer loop
      vertex -13.1515 -16.5485 2
      vertex -12.4503 -17.2475 3
      vertex -13.048 -16.4305 2
    endloop
  endfacet
  facet normal -0.502483 0.502483 0.703577
    outer loop
      vertex -12.4503 -17.2475 3
      vertex -13.1515 -16.5485 2
      vertex -12.4514 -17.2486 3
    endloop
  endfacet
  facet normal -0.0464397 0.709828 0.702843
    outer loop
      vertex -13.7141 -17.8714 3
      vertex -13.8434 -16.8897 2
      vertex -13.9984 -17.89 3
    endloop
  endfacet
  facet normal 0.697662 -0.138833 0.702846
    outer loop
      vertex -15.1897 -15.5434 2
      vertex -16.1158 -15.1347 3
      vertex -16.1714 -15.4141 3
    endloop
  endfacet
  facet normal 0.535004 -0.468846 0.702819
    outer loop
      vertex -14.952 -14.9695 2
      vertex -15.5497 -14.1525 3
      vertex -15.7375 -14.3668 3
    endloop
  endfacet
  facet normal 0.046688 -0.709839 0.702815
    outer loop
      vertex -14 -14.5 2
      vertex -14.0016 -13.51 3
      vertex -14.1566 -14.5103 2
    endloop
  endfacet
  facet normal 0.0443697 -0.709916 0.702888
    outer loop
      vertex -14.0016 -13.51 3
      vertex -14 -14.5 2
      vertex -14 -13.5099 3
    endloop
  endfacet
  facet normal -0.502483 -0.502483 0.703577
    outer loop
      vertex -13.1515 -14.8515 2
      vertex -12.4503 -14.1525 3
      vertex -12.4514 -14.1514 3
    endloop
  endfacet
  facet normal -0.534772 -0.469058 0.702854
    outer loop
      vertex -12.4503 -14.1525 3
      vertex -13.1515 -14.8515 2
      vertex -13.048 -14.9695 2
    endloop
  endfacet
  facet normal -0.697662 -0.138833 0.702846
    outer loop
      vertex -11.8286 -15.4141 3
      vertex -11.8842 -15.1347 3
      vertex -12.8103 -15.5434 2
    endloop
  endfacet
  facet normal -0.673614 0.228699 0.702809
    outer loop
      vertex -11.9766 -16.5381 3
      vertex -11.885 -16.2683 3
      vertex -12.8913 -16.1592 2
    endloop
  endfacet
  facet normal -0.637999 0.31463 0.702826
    outer loop
      vertex -12.1033 -16.795 3
      vertex -11.9773 -16.5395 3
      vertex -12.9608 -16.3 2
    endloop
  endfacet
  facet normal -0.585231 0.40516 0.702389
    outer loop
      vertex -12.9608 -16.3 2
      vertex -12.1042 -16.7963 3
      vertex -12.1033 -16.795 3
    endloop
  endfacet
  facet normal -0.591481 0.395227 0.702813
    outer loop
      vertex -12.1042 -16.7963 3
      vertex -12.9608 -16.3 2
      vertex -13.048 -16.4305 2
    endloop
  endfacet
  facet normal 0.534772 0.469058 0.702854
    outer loop
      vertex -15.5497 -17.2475 3
      vertex -14.8485 -16.5485 2
      vertex -14.952 -16.4305 2
    endloop
  endfacet
  facet normal 0.502483 0.502483 0.703577
    outer loop
      vertex -14.8485 -16.5485 2
      vertex -15.5497 -17.2475 3
      vertex -15.5486 -17.2486 3
    endloop
  endfacet
  facet normal 0.395227 0.591481 0.702813
    outer loop
      vertex -15.0963 -17.5958 3
      vertex -14.6 -16.7392 2
      vertex -14.7305 -16.652 2
    endloop
  endfacet
  facet normal 0.40516 0.585231 0.702389
    outer loop
      vertex -14.6 -16.7392 2
      vertex -15.0963 -17.5958 3
      vertex -15.095 -17.5967 3
    endloop
  endfacet
  facet normal 0.63791 0.314877 0.702797
    outer loop
      vertex -15.1087 -16.1592 2
      vertex -16.0227 -16.5395 3
      vertex -15.0392 -16.3 2
    endloop
  endfacet
  facet normal 0.636395 0.318197 0.702675
    outer loop
      vertex -16.0227 -16.5395 3
      vertex -15.1087 -16.1592 2
      vertex -16.0234 -16.5381 3
    endloop
  endfacet
  facet normal 0.673614 -0.228699 0.702809
    outer loop
      vertex -15.1087 -15.2408 2
      vertex -16.0234 -14.8619 3
      vertex -16.115 -15.1317 3
    endloop
  endfacet
  facet normal 0.502483 -0.502483 0.703577
    outer loop
      vertex -15.5497 -14.1525 3
      vertex -14.8485 -14.8515 2
      vertex -15.5486 -14.1514 3
    endloop
  endfacet
  facet normal 0.534772 -0.469058 0.702854
    outer loop
      vertex -14.8485 -14.8515 2
      vertex -15.5497 -14.1525 3
      vertex -14.952 -14.9695 2
    endloop
  endfacet
  facet normal -0.138833 -0.697662 0.702846
    outer loop
      vertex -13.4347 -13.5842 3
      vertex -13.7141 -13.5286 3
      vertex -13.8434 -14.5103 2
    endloop
  endfacet
  facet normal -0.224914 -0.674743 0.702947
    outer loop
      vertex -13.6894 -14.5409 2
      vertex -13.4317 -13.585 3
      vertex -13.4332 -13.5845 3
    endloop
  endfacet
  facet normal -0.228483 -0.673662 0.702834
    outer loop
      vertex -13.4317 -13.585 3
      vertex -13.6894 -14.5409 2
      vertex -13.5408 -14.5913 2
    endloop
  endfacet
  facet normal -0.636395 -0.318197 0.702675
    outer loop
      vertex -11.9773 -14.8605 3
      vertex -12.8913 -15.2408 2
      vertex -11.9766 -14.8619 3
    endloop
  endfacet
  facet normal -0.63791 -0.314877 0.702797
    outer loop
      vertex -12.8913 -15.2408 2
      vertex -11.9773 -14.8605 3
      vertex -12.9608 -15.1 2
    endloop
  endfacet
  facet normal -0.673614 -0.228699 0.702809
    outer loop
      vertex -11.885 -15.1317 3
      vertex -11.9766 -14.8619 3
      vertex -12.8913 -15.2408 2
    endloop
  endfacet
  facet normal -0.709828 -0.0464397 0.702843
    outer loop
      vertex -11.81 -15.6984 3
      vertex -11.8286 -15.4141 3
      vertex -12.8103 -15.5434 2
    endloop
  endfacet
  facet normal -0.697662 0.138833 0.702846
    outer loop
      vertex -11.8842 -16.2653 3
      vertex -11.8286 -15.9859 3
      vertex -12.8103 -15.8566 2
    endloop
  endfacet
  facet normal -0.674743 0.224914 0.702947
    outer loop
      vertex -12.8409 -16.0106 2
      vertex -11.885 -16.2683 3
      vertex -11.8845 -16.2668 3
    endloop
  endfacet
  facet normal -0.673662 0.228483 0.702834
    outer loop
      vertex -11.885 -16.2683 3
      vertex -12.8409 -16.0106 2
      vertex -12.8913 -16.1592 2
    endloop
  endfacet
  facet normal -0.709916 0.0443697 0.702888
    outer loop
      vertex -12.8 -15.7 2
      vertex -11.81 -15.7016 3
      vertex -11.8099 -15.7 3
    endloop
  endfacet
  facet normal -0.709839 0.046688 0.702815
    outer loop
      vertex -11.81 -15.7016 3
      vertex -12.8 -15.7 2
      vertex -12.8103 -15.8566 2
    endloop
  endfacet
  facet normal -0.636395 0.318197 0.702675
    outer loop
      vertex -12.8913 -16.1592 2
      vertex -11.9773 -16.5395 3
      vertex -11.9766 -16.5381 3
    endloop
  endfacet
  facet normal -0.63791 0.314877 0.702797
    outer loop
      vertex -11.9773 -16.5395 3
      vertex -12.8913 -16.1592 2
      vertex -12.9608 -16.3 2
    endloop
  endfacet
  facet normal -0.395227 0.591481 0.702813
    outer loop
      vertex -13.4 -16.7392 2
      vertex -12.9037 -17.5958 3
      vertex -13.2695 -16.652 2
    endloop
  endfacet
  facet normal -0.40516 0.585231 0.702389
    outer loop
      vertex -12.9037 -17.5958 3
      vertex -13.4 -16.7392 2
      vertex -12.905 -17.5967 3
    endloop
  endfacet
  facet normal -0.228699 0.673614 0.702809
    outer loop
      vertex -13.4317 -17.815 3
      vertex -13.1619 -17.7234 3
      vertex -13.5408 -16.8087 2
    endloop
  endfacet
  facet normal -0.228483 0.673662 0.702834
    outer loop
      vertex -13.6894 -16.8591 2
      vertex -13.4317 -17.815 3
      vertex -13.5408 -16.8087 2
    endloop
  endfacet
  facet normal -0.224914 0.674743 0.702947
    outer loop
      vertex -13.4317 -17.815 3
      vertex -13.6894 -16.8591 2
      vertex -13.4332 -17.8155 3
    endloop
  endfacet
  facet normal 0.709916 0.0443697 0.702888
    outer loop
      vertex -16.19 -15.7016 3
      vertex -15.2 -15.7 2
      vertex -16.1901 -15.7 3
    endloop
  endfacet
  facet normal 0.709839 0.046688 0.702815
    outer loop
      vertex -15.2 -15.7 2
      vertex -16.19 -15.7016 3
      vertex -15.1897 -15.8566 2
    endloop
  endfacet
  facet normal 0.0443697 0.709916 0.702888
    outer loop
      vertex -14 -16.9 2
      vertex -14.0016 -17.89 3
      vertex -14 -17.8901 3
    endloop
  endfacet
  facet normal 0.046688 0.709839 0.702815
    outer loop
      vertex -14.0016 -17.89 3
      vertex -14 -16.9 2
      vertex -14.1566 -16.8897 2
    endloop
  endfacet
  facet normal 0.228699 0.673614 0.702809
    outer loop
      vertex -14.5683 -17.815 3
      vertex -14.4592 -16.8087 2
      vertex -14.8381 -17.7234 3
    endloop
  endfacet
  facet normal 0.469058 0.534772 0.702854
    outer loop
      vertex -14.8485 -16.5485 2
      vertex -15.5475 -17.2497 3
      vertex -14.7305 -16.652 2
    endloop
  endfacet
  facet normal 0.502483 0.502483 0.703577
    outer loop
      vertex -15.5475 -17.2497 3
      vertex -14.8485 -16.5485 2
      vertex -15.5486 -17.2486 3
    endloop
  endfacet
  facet normal 0.637999 0.31463 0.702826
    outer loop
      vertex -15.8967 -16.795 3
      vertex -15.0392 -16.3 2
      vertex -16.0227 -16.5395 3
    endloop
  endfacet
  facet normal 0.673614 0.228699 0.702809
    outer loop
      vertex -16.0234 -16.5381 3
      vertex -15.1087 -16.1592 2
      vertex -16.115 -16.2683 3
    endloop
  endfacet
  facet normal 0.697523 -0.139505 0.702852
    outer loop
      vertex -16.1158 -15.1347 3
      vertex -15.1591 -15.3894 2
      vertex -16.1155 -15.1332 3
    endloop
  endfacet
  facet normal 0.697724 -0.138639 0.702824
    outer loop
      vertex -15.1591 -15.3894 2
      vertex -16.1158 -15.1347 3
      vertex -15.1897 -15.5434 2
    endloop
  endfacet
  facet normal 0.40516 -0.585231 0.702389
    outer loop
      vertex -15.0963 -13.8042 3
      vertex -14.6 -14.6608 2
      vertex -15.095 -13.8033 3
    endloop
  endfacet
  facet normal 0.395227 -0.591481 0.702813
    outer loop
      vertex -14.6 -14.6608 2
      vertex -15.0963 -13.8042 3
      vertex -14.7305 -14.748 2
    endloop
  endfacet
  facet normal 0.228699 -0.673614 0.702809
    outer loop
      vertex -14.4592 -14.5913 2
      vertex -14.5683 -13.585 3
      vertex -14.8381 -13.6766 3
    endloop
  endfacet
  facet normal 0.709916 -0.0443697 0.702888
    outer loop
      vertex -15.2 -15.7 2
      vertex -16.19 -15.6984 3
      vertex -16.1901 -15.7 3
    endloop
  endfacet
  facet normal 0.709839 -0.046688 0.702815
    outer loop
      vertex -16.19 -15.6984 3
      vertex -15.2 -15.7 2
      vertex -15.1897 -15.5434 2
    endloop
  endfacet
  facet normal 0.709828 -0.0464397 0.702843
    outer loop
      vertex -15.1897 -15.5434 2
      vertex -16.1714 -15.4141 3
      vertex -16.19 -15.6984 3
    endloop
  endfacet
  facet normal 0.63791 -0.314877 0.702797
    outer loop
      vertex -16.0227 -14.8605 3
      vertex -15.1087 -15.2408 2
      vertex -15.0392 -15.1 2
    endloop
  endfacet
  facet normal 0.636395 -0.318197 0.702675
    outer loop
      vertex -15.1087 -15.2408 2
      vertex -16.0227 -14.8605 3
      vertex -16.0234 -14.8619 3
    endloop
  endfacet
  facet normal 0.637999 -0.31463 0.702826
    outer loop
      vertex -15.0392 -15.1 2
      vertex -15.8967 -14.605 3
      vertex -16.0227 -14.8605 3
    endloop
  endfacet
  facet normal -0.228699 -0.673614 0.702809
    outer loop
      vertex -13.1619 -13.6766 3
      vertex -13.4317 -13.585 3
      vertex -13.5408 -14.5913 2
    endloop
  endfacet
  facet normal -0.31463 -0.637999 0.702826
    outer loop
      vertex -12.905 -13.8033 3
      vertex -13.1605 -13.6773 3
      vertex -13.4 -14.6608 2
    endloop
  endfacet
  facet normal -0.139505 -0.697523 0.702852
    outer loop
      vertex -13.4347 -13.5842 3
      vertex -13.6894 -14.5409 2
      vertex -13.4332 -13.5845 3
    endloop
  endfacet
  facet normal -0.138639 -0.697724 0.702824
    outer loop
      vertex -13.6894 -14.5409 2
      vertex -13.4347 -13.5842 3
      vertex -13.8434 -14.5103 2
    endloop
  endfacet
  facet normal -0.40516 -0.585231 0.702389
    outer loop
      vertex -13.4 -14.6608 2
      vertex -12.9037 -13.8042 3
      vertex -12.905 -13.8033 3
    endloop
  endfacet
  facet normal -0.395227 -0.591481 0.702813
    outer loop
      vertex -12.9037 -13.8042 3
      vertex -13.4 -14.6608 2
      vertex -13.2695 -14.748 2
    endloop
  endfacet
  facet normal -0.591477 -0.395234 0.702812
    outer loop
      vertex -12.1042 -14.6037 3
      vertex -12.2625 -14.3668 3
      vertex -13.048 -14.9695 2
    endloop
  endfacet
  facet normal -0.535004 -0.468846 0.702819
    outer loop
      vertex -12.2625 -14.3668 3
      vertex -12.4503 -14.1525 3
      vertex -13.048 -14.9695 2
    endloop
  endfacet
  facet normal -0.585231 -0.40516 0.702389
    outer loop
      vertex -12.1042 -14.6037 3
      vertex -12.9608 -15.1 2
      vertex -12.1033 -14.605 3
    endloop
  endfacet
  facet normal -0.591481 -0.395227 0.702813
    outer loop
      vertex -12.9608 -15.1 2
      vertex -12.1042 -14.6037 3
      vertex -13.048 -14.9695 2
    endloop
  endfacet
  facet normal -0.637999 -0.31463 0.702826
    outer loop
      vertex -11.9773 -14.8605 3
      vertex -12.1033 -14.605 3
      vertex -12.9608 -15.1 2
    endloop
  endfacet
  facet normal -0.674743 -0.224914 0.702947
    outer loop
      vertex -11.885 -15.1317 3
      vertex -12.8409 -15.3894 2
      vertex -11.8845 -15.1332 3
    endloop
  endfacet
  facet normal -0.673662 -0.228483 0.702834
    outer loop
      vertex -12.8409 -15.3894 2
      vertex -11.885 -15.1317 3
      vertex -12.8913 -15.2408 2
    endloop
  endfacet
  facet normal -0.697523 -0.139505 0.702852
    outer loop
      vertex -12.8409 -15.3894 2
      vertex -11.8842 -15.1347 3
      vertex -11.8845 -15.1332 3
    endloop
  endfacet
  facet normal -0.697724 -0.138639 0.702824
    outer loop
      vertex -11.8842 -15.1347 3
      vertex -12.8409 -15.3894 2
      vertex -12.8103 -15.5434 2
    endloop
  endfacet
  facet normal -0.697724 0.138639 0.702824
    outer loop
      vertex -12.8409 -16.0106 2
      vertex -11.8842 -16.2653 3
      vertex -12.8103 -15.8566 2
    endloop
  endfacet
  facet normal -0.697523 0.139505 0.702852
    outer loop
      vertex -11.8842 -16.2653 3
      vertex -12.8409 -16.0106 2
      vertex -11.8845 -16.2668 3
    endloop
  endfacet
  facet normal -0.591477 0.395234 0.702812
    outer loop
      vertex -12.2625 -17.0332 3
      vertex -12.1042 -16.7963 3
      vertex -13.048 -16.4305 2
    endloop
  endfacet
  facet normal -0.535004 0.468846 0.702819
    outer loop
      vertex -12.4503 -17.2475 3
      vertex -12.2625 -17.0332 3
      vertex -13.048 -16.4305 2
    endloop
  endfacet
  facet normal -0.046688 0.709839 0.702815
    outer loop
      vertex -14 -16.9 2
      vertex -13.9984 -17.89 3
      vertex -13.8434 -16.8897 2
    endloop
  endfacet
  facet normal -0.0443697 0.709916 0.702888
    outer loop
      vertex -13.9984 -17.89 3
      vertex -14 -16.9 2
      vertex -14 -17.8901 3
    endloop
  endfacet
  facet normal -0.31463 0.637999 0.702826
    outer loop
      vertex -13.1605 -17.7227 3
      vertex -12.905 -17.5967 3
      vertex -13.4 -16.7392 2
    endloop
  endfacet
  facet normal -0.314877 0.63791 0.702797
    outer loop
      vertex -13.5408 -16.8087 2
      vertex -13.1605 -17.7227 3
      vertex -13.4 -16.7392 2
    endloop
  endfacet
  facet normal -0.318197 0.636395 0.702675
    outer loop
      vertex -13.1605 -17.7227 3
      vertex -13.5408 -16.8087 2
      vertex -13.1619 -17.7234 3
    endloop
  endfacet
  facet normal -0.502483 0.502483 0.703577
    outer loop
      vertex -13.1515 -16.5485 2
      vertex -12.4525 -17.2497 3
      vertex -12.4514 -17.2486 3
    endloop
  endfacet
  facet normal -0.469058 0.534772 0.702854
    outer loop
      vertex -12.4525 -17.2497 3
      vertex -13.1515 -16.5485 2
      vertex -13.2695 -16.652 2
    endloop
  endfacet
  facet normal 0.673662 0.228483 0.702834
    outer loop
      vertex -15.1591 -16.0106 2
      vertex -16.115 -16.2683 3
      vertex -15.1087 -16.1592 2
    endloop
  endfacet
  facet normal 0.674743 0.224914 0.702947
    outer loop
      vertex -16.115 -16.2683 3
      vertex -15.1591 -16.0106 2
      vertex -16.1155 -16.2668 3
    endloop
  endfacet
  facet normal 0.697662 0.138833 0.702846
    outer loop
      vertex -16.1158 -16.2653 3
      vertex -15.1897 -15.8566 2
      vertex -16.1714 -15.9859 3
    endloop
  endfacet
  facet normal 0.468846 0.535004 0.702819
    outer loop
      vertex -15.3332 -17.4375 3
      vertex -14.7305 -16.652 2
      vertex -15.5475 -17.2497 3
    endloop
  endfacet
  facet normal 0.395234 0.591477 0.702812
    outer loop
      vertex -15.0963 -17.5958 3
      vertex -14.7305 -16.652 2
      vertex -15.3332 -17.4375 3
    endloop
  endfacet
  facet normal 0.314877 0.63791 0.702797
    outer loop
      vertex -14.8395 -17.7227 3
      vertex -14.4592 -16.8087 2
      vertex -14.6 -16.7392 2
    endloop
  endfacet
  facet normal 0.318197 0.636395 0.702675
    outer loop
      vertex -14.4592 -16.8087 2
      vertex -14.8395 -17.7227 3
      vertex -14.8381 -17.7234 3
    endloop
  endfacet
  facet normal 0.31463 0.637999 0.702826
    outer loop
      vertex -14.8395 -17.7227 3
      vertex -14.6 -16.7392 2
      vertex -15.095 -17.5967 3
    endloop
  endfacet
  facet normal 0.138833 0.697662 0.702846
    outer loop
      vertex -14.2859 -17.8714 3
      vertex -14.1566 -16.8897 2
      vertex -14.5653 -17.8158 3
    endloop
  endfacet
  facet normal 0.591477 0.395234 0.702812
    outer loop
      vertex -15.7375 -17.0332 3
      vertex -14.952 -16.4305 2
      vertex -15.8958 -16.7963 3
    endloop
  endfacet
  facet normal 0.535004 0.468846 0.702819
    outer loop
      vertex -15.5497 -17.2475 3
      vertex -14.952 -16.4305 2
      vertex -15.7375 -17.0332 3
    endloop
  endfacet
  facet normal 0.138833 -0.697662 0.702846
    outer loop
      vertex -14.1566 -14.5103 2
      vertex -14.2859 -13.5286 3
      vertex -14.5653 -13.5842 3
    endloop
  endfacet
  facet normal 0.0464397 -0.709828 0.702843
    outer loop
      vertex -14.1566 -14.5103 2
      vertex -14.0016 -13.51 3
      vertex -14.2859 -13.5286 3
    endloop
  endfacet
  facet normal 0.224914 -0.674743 0.702947
    outer loop
      vertex -14.5683 -13.585 3
      vertex -14.3106 -14.5409 2
      vertex -14.5668 -13.5845 3
    endloop
  endfacet
  facet normal 0.228483 -0.673662 0.702834
    outer loop
      vertex -14.3106 -14.5409 2
      vertex -14.5683 -13.585 3
      vertex -14.4592 -14.5913 2
    endloop
  endfacet
  facet normal 0.31463 -0.637999 0.702826
    outer loop
      vertex -14.6 -14.6608 2
      vertex -14.8395 -13.6773 3
      vertex -15.095 -13.8033 3
    endloop
  endfacet
  facet normal 0.318197 -0.636395 0.702675
    outer loop
      vertex -14.8395 -13.6773 3
      vertex -14.4592 -14.5913 2
      vertex -14.8381 -13.6766 3
    endloop
  endfacet
  facet normal 0.314877 -0.63791 0.702797
    outer loop
      vertex -14.4592 -14.5913 2
      vertex -14.8395 -13.6773 3
      vertex -14.6 -14.6608 2
    endloop
  endfacet
  facet normal 0.469058 -0.534772 0.702854
    outer loop
      vertex -15.5475 -14.1503 3
      vertex -14.8485 -14.8515 2
      vertex -14.7305 -14.748 2
    endloop
  endfacet
  facet normal 0.502483 -0.502483 0.703577
    outer loop
      vertex -14.8485 -14.8515 2
      vertex -15.5475 -14.1503 3
      vertex -15.5486 -14.1514 3
    endloop
  endfacet
  facet normal 0.673662 -0.228483 0.702834
    outer loop
      vertex -16.115 -15.1317 3
      vertex -15.1591 -15.3894 2
      vertex -15.1087 -15.2408 2
    endloop
  endfacet
  facet normal 0.674743 -0.224914 0.702947
    outer loop
      vertex -15.1591 -15.3894 2
      vertex -16.115 -15.1317 3
      vertex -16.1155 -15.1332 3
    endloop
  endfacet
  facet normal 0.591481 -0.395227 0.702813
    outer loop
      vertex -15.8958 -14.6037 3
      vertex -15.0392 -15.1 2
      vertex -14.952 -14.9695 2
    endloop
  endfacet
  facet normal 0.585231 -0.40516 0.702389
    outer loop
      vertex -15.0392 -15.1 2
      vertex -15.8958 -14.6037 3
      vertex -15.8967 -14.605 3
    endloop
  endfacet
  facet normal 0.591477 -0.395234 0.702812
    outer loop
      vertex -14.952 -14.9695 2
      vertex -15.7375 -14.3668 3
      vertex -15.8958 -14.6037 3
    endloop
  endfacet
  facet normal -0.0443697 -0.709916 0.702888
    outer loop
      vertex -14 -14.5 2
      vertex -13.9984 -13.51 3
      vertex -14 -13.5099 3
    endloop
  endfacet
  facet normal -0.046688 -0.709839 0.702815
    outer loop
      vertex -13.9984 -13.51 3
      vertex -14 -14.5 2
      vertex -13.8434 -14.5103 2
    endloop
  endfacet
  facet normal -0.0464397 -0.709828 0.702843
    outer loop
      vertex -13.8434 -14.5103 2
      vertex -13.7141 -13.5286 3
      vertex -13.9984 -13.51 3
    endloop
  endfacet
  facet normal -0.318197 -0.636395 0.702675
    outer loop
      vertex -13.5408 -14.5913 2
      vertex -13.1605 -13.6773 3
      vertex -13.1619 -13.6766 3
    endloop
  endfacet
  facet normal -0.314877 -0.63791 0.702797
    outer loop
      vertex -13.1605 -13.6773 3
      vertex -13.5408 -14.5913 2
      vertex -13.4 -14.6608 2
    endloop
  endfacet
  facet normal -0.395234 -0.591477 0.702812
    outer loop
      vertex -12.6668 -13.9625 3
      vertex -12.9037 -13.8042 3
      vertex -13.2695 -14.748 2
    endloop
  endfacet
  facet normal -0.139505 0.697523 0.702852
    outer loop
      vertex -13.6894 -16.8591 2
      vertex -13.4347 -17.8158 3
      vertex -13.4332 -17.8155 3
    endloop
  endfacet
  facet normal -0.138639 0.697724 0.702824
    outer loop
      vertex -13.4347 -17.8158 3
      vertex -13.6894 -16.8591 2
      vertex -13.8434 -16.8897 2
    endloop
  endfacet
  facet normal -0.138833 0.697662 0.702846
    outer loop
      vertex -13.7141 -17.8714 3
      vertex -13.4347 -17.8158 3
      vertex -13.8434 -16.8897 2
    endloop
  endfacet
  facet normal -0.468846 0.535004 0.702819
    outer loop
      vertex -12.6668 -17.4375 3
      vertex -12.4525 -17.2497 3
      vertex -13.2695 -16.652 2
    endloop
  endfacet
  facet normal -0.395234 0.591477 0.702812
    outer loop
      vertex -12.9037 -17.5958 3
      vertex -12.6668 -17.4375 3
      vertex -13.2695 -16.652 2
    endloop
  endfacet
  facet normal 0.697724 0.138639 0.702824
    outer loop
      vertex -16.1158 -16.2653 3
      vertex -15.1591 -16.0106 2
      vertex -15.1897 -15.8566 2
    endloop
  endfacet
  facet normal 0.697523 0.139505 0.702852
    outer loop
      vertex -15.1591 -16.0106 2
      vertex -16.1158 -16.2653 3
      vertex -16.1155 -16.2668 3
    endloop
  endfacet
  facet normal 0.0464397 0.709828 0.702843
    outer loop
      vertex -14.0016 -17.89 3
      vertex -14.1566 -16.8897 2
      vertex -14.2859 -17.8714 3
    endloop
  endfacet
  facet normal 0.138639 0.697724 0.702824
    outer loop
      vertex -14.3106 -16.8591 2
      vertex -14.5653 -17.8158 3
      vertex -14.1566 -16.8897 2
    endloop
  endfacet
  facet normal 0.139505 0.697523 0.702852
    outer loop
      vertex -14.5653 -17.8158 3
      vertex -14.3106 -16.8591 2
      vertex -14.5668 -17.8155 3
    endloop
  endfacet
  facet normal 0.228483 0.673662 0.702834
    outer loop
      vertex -14.5683 -17.815 3
      vertex -14.3106 -16.8591 2
      vertex -14.4592 -16.8087 2
    endloop
  endfacet
  facet normal 0.224914 0.674743 0.702947
    outer loop
      vertex -14.3106 -16.8591 2
      vertex -14.5683 -17.815 3
      vertex -14.5668 -17.8155 3
    endloop
  endfacet
  facet normal 0.591481 0.395227 0.702813
    outer loop
      vertex -15.0392 -16.3 2
      vertex -15.8958 -16.7963 3
      vertex -14.952 -16.4305 2
    endloop
  endfacet
  facet normal 0.585231 0.40516 0.702389
    outer loop
      vertex -15.8958 -16.7963 3
      vertex -15.0392 -16.3 2
      vertex -15.8967 -16.795 3
    endloop
  endfacet
  facet normal 0.138639 -0.697724 0.702824
    outer loop
      vertex -14.5653 -13.5842 3
      vertex -14.3106 -14.5409 2
      vertex -14.1566 -14.5103 2
    endloop
  endfacet
  facet normal 0.139505 -0.697523 0.702852
    outer loop
      vertex -14.3106 -14.5409 2
      vertex -14.5653 -13.5842 3
      vertex -14.5668 -13.5845 3
    endloop
  endfacet
  facet normal 0.468846 -0.535004 0.702819
    outer loop
      vertex -14.7305 -14.748 2
      vertex -15.3332 -13.9625 3
      vertex -15.5475 -14.1503 3
    endloop
  endfacet
  facet normal 0.395234 -0.591477 0.702812
    outer loop
      vertex -14.7305 -14.748 2
      vertex -15.0963 -13.8042 3
      vertex -15.3332 -13.9625 3
    endloop
  endfacet
  facet normal -0.468846 -0.535004 0.702819
    outer loop
      vertex -12.4525 -14.1503 3
      vertex -12.6668 -13.9625 3
      vertex -13.2695 -14.748 2
    endloop
  endfacet
  facet normal -0.502483 -0.502483 0.703577
    outer loop
      vertex -12.4525 -14.1503 3
      vertex -13.1515 -14.8515 2
      vertex -12.4514 -14.1514 3
    endloop
  endfacet
  facet normal -0.469058 -0.534772 0.702854
    outer loop
      vertex -13.1515 -14.8515 2
      vertex -12.4525 -14.1503 3
      vertex -13.2695 -14.748 2
    endloop
  endfacet
  facet normal -0.947013 -0.321194 0
    outer loop
      vertex 15.1591 -15.3894 0
      vertex 15.1087 -15.2408 2
      vertex 15.1087 -15.2408 0
    endloop
  endfacet
  facet normal -0.947013 -0.321194 0
    outer loop
      vertex 15.1087 -15.2408 2
      vertex 15.1591 -15.3894 0
      vertex 15.1591 -15.3894 2
    endloop
  endfacet
  facet normal -0.997844 -0.0656309 0
    outer loop
      vertex 15.2 -15.7 0
      vertex 15.1897 -15.5434 2
      vertex 15.1897 -15.5434 0
    endloop
  endfacet
  facet normal -0.997844 -0.0656309 0
    outer loop
      vertex 15.1897 -15.5434 2
      vertex 15.2 -15.7 0
      vertex 15.2 -15.7 2
    endloop
  endfacet
  facet normal 0.997844 -0.0656309 0
    outer loop
      vertex 12.8 -15.7 2
      vertex 12.8103 -15.5434 0
      vertex 12.8103 -15.5434 2
    endloop
  endfacet
  facet normal 0.997844 -0.0656309 0
    outer loop
      vertex 12.8103 -15.5434 0
      vertex 12.8 -15.7 2
      vertex 12.8 -15.7 0
    endloop
  endfacet
  facet normal -0.0656309 -0.997844 0
    outer loop
      vertex 14 -14.5 0
      vertex 14.1566 -14.5103 2
      vertex 14 -14.5 2
    endloop
  endfacet
  facet normal -0.0656309 -0.997844 -0
    outer loop
      vertex 14.1566 -14.5103 2
      vertex 14 -14.5 0
      vertex 14.1566 -14.5103 0
    endloop
  endfacet
  facet normal -0.751787 -0.659406 0
    outer loop
      vertex 14.952 -14.9695 0
      vertex 14.8485 -14.8515 2
      vertex 14.8485 -14.8515 0
    endloop
  endfacet
  facet normal -0.751787 -0.659406 0
    outer loop
      vertex 14.8485 -14.8515 2
      vertex 14.952 -14.9695 0
      vertex 14.952 -14.9695 2
    endloop
  endfacet
  facet normal 0.659406 -0.751787 0
    outer loop
      vertex 13.1515 -14.8515 0
      vertex 13.2695 -14.748 2
      vertex 13.1515 -14.8515 2
    endloop
  endfacet
  facet normal 0.659406 -0.751787 0
    outer loop
      vertex 13.2695 -14.748 2
      vertex 13.1515 -14.8515 0
      vertex 13.2695 -14.748 0
    endloop
  endfacet
  facet normal 0.321194 -0.947013 0
    outer loop
      vertex 13.5408 -14.5913 0
      vertex 13.6894 -14.5409 2
      vertex 13.5408 -14.5913 2
    endloop
  endfacet
  facet normal 0.321194 -0.947013 0
    outer loop
      vertex 13.6894 -14.5409 2
      vertex 13.5408 -14.5913 0
      vertex 13.6894 -14.5409 0
    endloop
  endfacet
  facet normal 0.831462 0.555582 0
    outer loop
      vertex 13.048 -16.4305 2
      vertex 12.9608 -16.3 0
      vertex 12.9608 -16.3 2
    endloop
  endfacet
  facet normal 0.831462 0.555582 0
    outer loop
      vertex 12.9608 -16.3 0
      vertex 13.048 -16.4305 2
      vertex 13.048 -16.4305 0
    endloop
  endfacet
  facet normal -0.896708 -0.442622 0
    outer loop
      vertex 15.1087 -15.2408 0
      vertex 15.0392 -15.1 2
      vertex 15.0392 -15.1 0
    endloop
  endfacet
  facet normal -0.896708 -0.442622 0
    outer loop
      vertex 15.0392 -15.1 2
      vertex 15.1087 -15.2408 0
      vertex 15.1087 -15.2408 2
    endloop
  endfacet
  facet normal -0.831462 -0.555582 0
    outer loop
      vertex 15.0392 -15.1 0
      vertex 14.952 -14.9695 2
      vertex 14.952 -14.9695 0
    endloop
  endfacet
  facet normal -0.831462 -0.555582 0
    outer loop
      vertex 14.952 -14.9695 2
      vertex 15.0392 -15.1 0
      vertex 15.0392 -15.1 2
    endloop
  endfacet
  facet normal -0.442622 -0.896708 0
    outer loop
      vertex 14.4592 -14.5913 0
      vertex 14.6 -14.6608 2
      vertex 14.4592 -14.5913 2
    endloop
  endfacet
  facet normal -0.442622 -0.896708 -0
    outer loop
      vertex 14.6 -14.6608 2
      vertex 14.4592 -14.5913 0
      vertex 14.6 -14.6608 0
    endloop
  endfacet
  facet normal -0.194891 -0.980825 0
    outer loop
      vertex 14.1566 -14.5103 0
      vertex 14.3106 -14.5409 2
      vertex 14.1566 -14.5103 2
    endloop
  endfacet
  facet normal -0.194891 -0.980825 -0
    outer loop
      vertex 14.3106 -14.5409 2
      vertex 14.1566 -14.5103 0
      vertex 14.3106 -14.5409 0
    endloop
  endfacet
  facet normal -0.659406 -0.751787 0
    outer loop
      vertex 14.7305 -14.748 0
      vertex 14.8485 -14.8515 2
      vertex 14.7305 -14.748 2
    endloop
  endfacet
  facet normal -0.659406 -0.751787 -0
    outer loop
      vertex 14.8485 -14.8515 2
      vertex 14.7305 -14.748 0
      vertex 14.8485 -14.8515 0
    endloop
  endfacet
  facet normal 0.896708 -0.442622 0
    outer loop
      vertex 12.8913 -15.2408 2
      vertex 12.9608 -15.1 0
      vertex 12.9608 -15.1 2
    endloop
  endfacet
  facet normal 0.896708 -0.442622 0
    outer loop
      vertex 12.9608 -15.1 0
      vertex 12.8913 -15.2408 2
      vertex 12.8913 -15.2408 0
    endloop
  endfacet
  facet normal 0.831462 -0.555582 0
    outer loop
      vertex 12.9608 -15.1 2
      vertex 13.048 -14.9695 0
      vertex 13.048 -14.9695 2
    endloop
  endfacet
  facet normal 0.831462 -0.555582 0
    outer loop
      vertex 13.048 -14.9695 0
      vertex 12.9608 -15.1 2
      vertex 12.9608 -15.1 0
    endloop
  endfacet
  facet normal 0.980825 -0.194891 0
    outer loop
      vertex 12.8103 -15.5434 2
      vertex 12.8409 -15.3894 0
      vertex 12.8409 -15.3894 2
    endloop
  endfacet
  facet normal 0.980825 -0.194891 0
    outer loop
      vertex 12.8409 -15.3894 0
      vertex 12.8103 -15.5434 2
      vertex 12.8103 -15.5434 0
    endloop
  endfacet
  facet normal 0.442622 -0.896708 0
    outer loop
      vertex 13.4 -14.6608 0
      vertex 13.5408 -14.5913 2
      vertex 13.4 -14.6608 2
    endloop
  endfacet
  facet normal 0.442622 -0.896708 0
    outer loop
      vertex 13.5408 -14.5913 2
      vertex 13.4 -14.6608 0
      vertex 13.5408 -14.5913 0
    endloop
  endfacet
  facet normal 0.0656309 -0.997844 0
    outer loop
      vertex 13.8434 -14.5103 0
      vertex 14 -14.5 2
      vertex 13.8434 -14.5103 2
    endloop
  endfacet
  facet normal 0.0656309 -0.997844 0
    outer loop
      vertex 14 -14.5 2
      vertex 13.8434 -14.5103 0
      vertex 14 -14.5 0
    endloop
  endfacet
  facet normal -0.194891 0.980825 0
    outer loop
      vertex 14.3106 -16.8591 0
      vertex 14.1566 -16.8897 2
      vertex 14.3106 -16.8591 2
    endloop
  endfacet
  facet normal -0.194891 0.980825 0
    outer loop
      vertex 14.1566 -16.8897 2
      vertex 14.3106 -16.8591 0
      vertex 14.1566 -16.8897 0
    endloop
  endfacet
  facet normal -0.0656309 0.997844 0
    outer loop
      vertex 14.1566 -16.8897 0
      vertex 14 -16.9 2
      vertex 14.1566 -16.8897 2
    endloop
  endfacet
  facet normal -0.0656309 0.997844 0
    outer loop
      vertex 14 -16.9 2
      vertex 14.1566 -16.8897 0
      vertex 14 -16.9 0
    endloop
  endfacet
  facet normal -0.659406 0.751787 0
    outer loop
      vertex 14.8485 -16.5485 0
      vertex 14.7305 -16.652 2
      vertex 14.8485 -16.5485 2
    endloop
  endfacet
  facet normal -0.659406 0.751787 0
    outer loop
      vertex 14.7305 -16.652 2
      vertex 14.8485 -16.5485 0
      vertex 14.7305 -16.652 0
    endloop
  endfacet
  facet normal -0.442622 0.896708 0
    outer loop
      vertex 14.6 -16.7392 0
      vertex 14.4592 -16.8087 2
      vertex 14.6 -16.7392 2
    endloop
  endfacet
  facet normal -0.442622 0.896708 0
    outer loop
      vertex 14.4592 -16.8087 2
      vertex 14.6 -16.7392 0
      vertex 14.4592 -16.8087 0
    endloop
  endfacet
  facet normal -0.947013 0.321194 0
    outer loop
      vertex 15.1087 -16.1592 0
      vertex 15.1591 -16.0106 2
      vertex 15.1591 -16.0106 0
    endloop
  endfacet
  facet normal -0.947013 0.321194 0
    outer loop
      vertex 15.1591 -16.0106 2
      vertex 15.1087 -16.1592 0
      vertex 15.1087 -16.1592 2
    endloop
  endfacet
  facet normal 0.321194 0.947013 -0
    outer loop
      vertex 13.6894 -16.8591 0
      vertex 13.5408 -16.8087 2
      vertex 13.6894 -16.8591 2
    endloop
  endfacet
  facet normal 0.321194 0.947013 0
    outer loop
      vertex 13.5408 -16.8087 2
      vertex 13.6894 -16.8591 0
      vertex 13.5408 -16.8087 0
    endloop
  endfacet
  facet normal 0.442622 0.896708 -0
    outer loop
      vertex 13.5408 -16.8087 0
      vertex 13.4 -16.7392 2
      vertex 13.5408 -16.8087 2
    endloop
  endfacet
  facet normal 0.442622 0.896708 0
    outer loop
      vertex 13.4 -16.7392 2
      vertex 13.5408 -16.8087 0
      vertex 13.4 -16.7392 0
    endloop
  endfacet
  facet normal 0.997844 0.0656309 0
    outer loop
      vertex 12.8103 -15.8566 2
      vertex 12.8 -15.7 0
      vertex 12.8 -15.7 2
    endloop
  endfacet
  facet normal 0.997844 0.0656309 0
    outer loop
      vertex 12.8 -15.7 0
      vertex 12.8103 -15.8566 2
      vertex 12.8103 -15.8566 0
    endloop
  endfacet
  facet normal 0.896708 0.442622 0
    outer loop
      vertex 12.9608 -16.3 2
      vertex 12.8913 -16.1592 0
      vertex 12.8913 -16.1592 2
    endloop
  endfacet
  facet normal 0.896708 0.442622 0
    outer loop
      vertex 12.8913 -16.1592 0
      vertex 12.9608 -16.3 2
      vertex 12.9608 -16.3 0
    endloop
  endfacet
  facet normal -0.980825 -0.194891 0
    outer loop
      vertex 15.1897 -15.5434 0
      vertex 15.1591 -15.3894 2
      vertex 15.1591 -15.3894 0
    endloop
  endfacet
  facet normal -0.980825 -0.194891 0
    outer loop
      vertex 15.1591 -15.3894 2
      vertex 15.1897 -15.5434 0
      vertex 15.1897 -15.5434 2
    endloop
  endfacet
  facet normal -0.321194 -0.947013 0
    outer loop
      vertex 14.3106 -14.5409 0
      vertex 14.4592 -14.5913 2
      vertex 14.3106 -14.5409 2
    endloop
  endfacet
  facet normal -0.321194 -0.947013 -0
    outer loop
      vertex 14.4592 -14.5913 2
      vertex 14.3106 -14.5409 0
      vertex 14.4592 -14.5913 0
    endloop
  endfacet
  facet normal -0.555582 -0.831462 0
    outer loop
      vertex 14.6 -14.6608 0
      vertex 14.7305 -14.748 2
      vertex 14.6 -14.6608 2
    endloop
  endfacet
  facet normal -0.555582 -0.831462 -0
    outer loop
      vertex 14.7305 -14.748 2
      vertex 14.6 -14.6608 0
      vertex 14.7305 -14.748 0
    endloop
  endfacet
  facet normal 0.555582 -0.831462 0
    outer loop
      vertex 13.2695 -14.748 0
      vertex 13.4 -14.6608 2
      vertex 13.2695 -14.748 2
    endloop
  endfacet
  facet normal 0.555582 -0.831462 0
    outer loop
      vertex 13.4 -14.6608 2
      vertex 13.2695 -14.748 0
      vertex 13.4 -14.6608 0
    endloop
  endfacet
  facet normal -0.555582 0.831462 0
    outer loop
      vertex 14.7305 -16.652 0
      vertex 14.6 -16.7392 2
      vertex 14.7305 -16.652 2
    endloop
  endfacet
  facet normal -0.555582 0.831462 0
    outer loop
      vertex 14.6 -16.7392 2
      vertex 14.7305 -16.652 0
      vertex 14.6 -16.7392 0
    endloop
  endfacet
  facet normal -0.896708 0.442622 0
    outer loop
      vertex 15.0392 -16.3 0
      vertex 15.1087 -16.1592 2
      vertex 15.1087 -16.1592 0
    endloop
  endfacet
  facet normal -0.896708 0.442622 0
    outer loop
      vertex 15.1087 -16.1592 2
      vertex 15.0392 -16.3 0
      vertex 15.0392 -16.3 2
    endloop
  endfacet
  facet normal -0.751787 0.659406 0
    outer loop
      vertex 14.8485 -16.5485 0
      vertex 14.952 -16.4305 2
      vertex 14.952 -16.4305 0
    endloop
  endfacet
  facet normal -0.751787 0.659406 0
    outer loop
      vertex 14.952 -16.4305 2
      vertex 14.8485 -16.5485 0
      vertex 14.8485 -16.5485 2
    endloop
  endfacet
  facet normal -0.831462 0.555582 0
    outer loop
      vertex 14.952 -16.4305 0
      vertex 15.0392 -16.3 2
      vertex 15.0392 -16.3 0
    endloop
  endfacet
  facet normal -0.831462 0.555582 0
    outer loop
      vertex 15.0392 -16.3 2
      vertex 14.952 -16.4305 0
      vertex 14.952 -16.4305 2
    endloop
  endfacet
  facet normal 0.659406 0.751787 -0
    outer loop
      vertex 13.2695 -16.652 0
      vertex 13.1515 -16.5485 2
      vertex 13.2695 -16.652 2
    endloop
  endfacet
  facet normal 0.659406 0.751787 0
    outer loop
      vertex 13.1515 -16.5485 2
      vertex 13.2695 -16.652 0
      vertex 13.1515 -16.5485 0
    endloop
  endfacet
  facet normal 0.0656309 0.997844 -0
    outer loop
      vertex 14 -16.9 0
      vertex 13.8434 -16.8897 2
      vertex 14 -16.9 2
    endloop
  endfacet
  facet normal 0.0656309 0.997844 0
    outer loop
      vertex 13.8434 -16.8897 2
      vertex 14 -16.9 0
      vertex 13.8434 -16.8897 0
    endloop
  endfacet
  facet normal 0.555582 0.831462 -0
    outer loop
      vertex 13.4 -16.7392 0
      vertex 13.2695 -16.652 2
      vertex 13.4 -16.7392 2
    endloop
  endfacet
  facet normal 0.555582 0.831462 0
    outer loop
      vertex 13.2695 -16.652 2
      vertex 13.4 -16.7392 0
      vertex 13.2695 -16.652 0
    endloop
  endfacet
  facet normal 0.751787 0.659406 0
    outer loop
      vertex 13.1515 -16.5485 2
      vertex 13.048 -16.4305 0
      vertex 13.048 -16.4305 2
    endloop
  endfacet
  facet normal 0.751787 0.659406 0
    outer loop
      vertex 13.048 -16.4305 0
      vertex 13.1515 -16.5485 2
      vertex 13.1515 -16.5485 0
    endloop
  endfacet
  facet normal 0.980825 0.194891 0
    outer loop
      vertex 12.8409 -16.0106 2
      vertex 12.8103 -15.8566 0
      vertex 12.8103 -15.8566 2
    endloop
  endfacet
  facet normal 0.980825 0.194891 0
    outer loop
      vertex 12.8103 -15.8566 0
      vertex 12.8409 -16.0106 2
      vertex 12.8409 -16.0106 0
    endloop
  endfacet
  facet normal 0.751787 -0.659406 0
    outer loop
      vertex 13.048 -14.9695 2
      vertex 13.1515 -14.8515 0
      vertex 13.1515 -14.8515 2
    endloop
  endfacet
  facet normal 0.751787 -0.659406 0
    outer loop
      vertex 13.1515 -14.8515 0
      vertex 13.048 -14.9695 2
      vertex 13.048 -14.9695 0
    endloop
  endfacet
  facet normal 0.947013 -0.321194 0
    outer loop
      vertex 12.8409 -15.3894 2
      vertex 12.8913 -15.2408 0
      vertex 12.8913 -15.2408 2
    endloop
  endfacet
  facet normal 0.947013 -0.321194 0
    outer loop
      vertex 12.8913 -15.2408 0
      vertex 12.8409 -15.3894 2
      vertex 12.8409 -15.3894 0
    endloop
  endfacet
  facet normal 0.194891 -0.980825 0
    outer loop
      vertex 13.6894 -14.5409 0
      vertex 13.8434 -14.5103 2
      vertex 13.6894 -14.5409 2
    endloop
  endfacet
  facet normal 0.194891 -0.980825 0
    outer loop
      vertex 13.8434 -14.5103 2
      vertex 13.6894 -14.5409 0
      vertex 13.8434 -14.5103 0
    endloop
  endfacet
  facet normal -0.321194 0.947013 0
    outer loop
      vertex 14.4592 -16.8087 0
      vertex 14.3106 -16.8591 2
      vertex 14.4592 -16.8087 2
    endloop
  endfacet
  facet normal -0.321194 0.947013 0
    outer loop
      vertex 14.3106 -16.8591 2
      vertex 14.4592 -16.8087 0
      vertex 14.3106 -16.8591 0
    endloop
  endfacet
  facet normal -0.980825 0.194891 0
    outer loop
      vertex 15.1591 -16.0106 0
      vertex 15.1897 -15.8566 2
      vertex 15.1897 -15.8566 0
    endloop
  endfacet
  facet normal -0.980825 0.194891 0
    outer loop
      vertex 15.1897 -15.8566 2
      vertex 15.1591 -16.0106 0
      vertex 15.1591 -16.0106 2
    endloop
  endfacet
  facet normal -0.997844 0.0656309 0
    outer loop
      vertex 15.1897 -15.8566 0
      vertex 15.2 -15.7 2
      vertex 15.2 -15.7 0
    endloop
  endfacet
  facet normal -0.997844 0.0656309 0
    outer loop
      vertex 15.2 -15.7 2
      vertex 15.1897 -15.8566 0
      vertex 15.1897 -15.8566 2
    endloop
  endfacet
  facet normal 0.194891 0.980825 -0
    outer loop
      vertex 13.8434 -16.8897 0
      vertex 13.6894 -16.8591 2
      vertex 13.8434 -16.8897 2
    endloop
  endfacet
  facet normal 0.194891 0.980825 0
    outer loop
      vertex 13.6894 -16.8591 2
      vertex 13.8434 -16.8897 0
      vertex 13.6894 -16.8591 0
    endloop
  endfacet
  facet normal 0.947013 0.321194 0
    outer loop
      vertex 12.8913 -16.1592 2
      vertex 12.8409 -16.0106 0
      vertex 12.8409 -16.0106 2
    endloop
  endfacet
  facet normal 0.947013 0.321194 0
    outer loop
      vertex 12.8409 -16.0106 0
      vertex 12.8913 -16.1592 2
      vertex 12.8913 -16.1592 0
    endloop
  endfacet
  facet normal -0.709839 -0.046688 0.702815
    outer loop
      vertex 15.2 -15.7 2
      vertex 16.19 -15.6984 3
      vertex 15.1897 -15.5434 2
    endloop
  endfacet
  facet normal -0.709916 -0.0443697 0.702888
    outer loop
      vertex 16.19 -15.6984 3
      vertex 15.2 -15.7 2
      vertex 16.1901 -15.7 3
    endloop
  endfacet
  facet normal 0.709828 0.0464397 0.702843
    outer loop
      vertex 11.8286 -15.9859 3
      vertex 12.8103 -15.8566 2
      vertex 11.81 -15.7016 3
    endloop
  endfacet
  facet normal -0.709828 0.0464397 0.702843
    outer loop
      vertex 16.1714 -15.9859 3
      vertex 16.19 -15.7016 3
      vertex 15.1897 -15.8566 2
    endloop
  endfacet
  facet normal -0.534772 0.469058 0.702854
    outer loop
      vertex 14.8485 -16.5485 2
      vertex 15.5497 -17.2475 3
      vertex 14.952 -16.4305 2
    endloop
  endfacet
  facet normal -0.502483 0.502483 0.703577
    outer loop
      vertex 15.5497 -17.2475 3
      vertex 14.8485 -16.5485 2
      vertex 15.5486 -17.2486 3
    endloop
  endfacet
  facet normal -0.0464397 0.709828 0.702843
    outer loop
      vertex 14.2859 -17.8714 3
      vertex 14.1566 -16.8897 2
      vertex 14.0016 -17.89 3
    endloop
  endfacet
  facet normal 0.697662 -0.138833 0.702846
    outer loop
      vertex 12.8103 -15.5434 2
      vertex 11.8842 -15.1347 3
      vertex 11.8286 -15.4141 3
    endloop
  endfacet
  facet normal 0.535004 -0.468846 0.702819
    outer loop
      vertex 13.048 -14.9695 2
      vertex 12.4503 -14.1525 3
      vertex 12.2625 -14.3668 3
    endloop
  endfacet
  facet normal 0.046688 -0.709839 0.702815
    outer loop
      vertex 14 -14.5 2
      vertex 13.9984 -13.51 3
      vertex 13.8434 -14.5103 2
    endloop
  endfacet
  facet normal 0.0443697 -0.709916 0.702888
    outer loop
      vertex 13.9984 -13.51 3
      vertex 14 -14.5 2
      vertex 14 -13.5099 3
    endloop
  endfacet
  facet normal -0.502483 -0.502483 0.703577
    outer loop
      vertex 14.8485 -14.8515 2
      vertex 15.5497 -14.1525 3
      vertex 15.5486 -14.1514 3
    endloop
  endfacet
  facet normal -0.534772 -0.469058 0.702854
    outer loop
      vertex 15.5497 -14.1525 3
      vertex 14.8485 -14.8515 2
      vertex 14.952 -14.9695 2
    endloop
  endfacet
  facet normal -0.697662 -0.138833 0.702846
    outer loop
      vertex 16.1714 -15.4141 3
      vertex 16.1158 -15.1347 3
      vertex 15.1897 -15.5434 2
    endloop
  endfacet
  facet normal -0.673614 0.228699 0.702809
    outer loop
      vertex 16.0234 -16.5381 3
      vertex 16.115 -16.2683 3
      vertex 15.1087 -16.1592 2
    endloop
  endfacet
  facet normal -0.637999 0.31463 0.702826
    outer loop
      vertex 15.8967 -16.795 3
      vertex 16.0227 -16.5395 3
      vertex 15.0392 -16.3 2
    endloop
  endfacet
  facet normal -0.585231 0.40516 0.702389
    outer loop
      vertex 15.0392 -16.3 2
      vertex 15.8958 -16.7963 3
      vertex 15.8967 -16.795 3
    endloop
  endfacet
  facet normal -0.591481 0.395227 0.702813
    outer loop
      vertex 15.8958 -16.7963 3
      vertex 15.0392 -16.3 2
      vertex 14.952 -16.4305 2
    endloop
  endfacet
  facet normal 0.534772 0.469058 0.702854
    outer loop
      vertex 12.4503 -17.2475 3
      vertex 13.1515 -16.5485 2
      vertex 13.048 -16.4305 2
    endloop
  endfacet
  facet normal 0.502483 0.502483 0.703577
    outer loop
      vertex 13.1515 -16.5485 2
      vertex 12.4503 -17.2475 3
      vertex 12.4514 -17.2486 3
    endloop
  endfacet
  facet normal 0.395227 0.591481 0.702813
    outer loop
      vertex 12.9037 -17.5958 3
      vertex 13.4 -16.7392 2
      vertex 13.2695 -16.652 2
    endloop
  endfacet
  facet normal 0.40516 0.585231 0.702389
    outer loop
      vertex 13.4 -16.7392 2
      vertex 12.9037 -17.5958 3
      vertex 12.905 -17.5967 3
    endloop
  endfacet
  facet normal 0.63791 0.314877 0.702797
    outer loop
      vertex 12.8913 -16.1592 2
      vertex 11.9773 -16.5395 3
      vertex 12.9608 -16.3 2
    endloop
  endfacet
  facet normal 0.636395 0.318197 0.702675
    outer loop
      vertex 11.9773 -16.5395 3
      vertex 12.8913 -16.1592 2
      vertex 11.9766 -16.5381 3
    endloop
  endfacet
  facet normal 0.673614 -0.228699 0.702809
    outer loop
      vertex 12.8913 -15.2408 2
      vertex 11.9766 -14.8619 3
      vertex 11.885 -15.1317 3
    endloop
  endfacet
  facet normal 0.502483 -0.502483 0.703577
    outer loop
      vertex 12.4503 -14.1525 3
      vertex 13.1515 -14.8515 2
      vertex 12.4514 -14.1514 3
    endloop
  endfacet
  facet normal 0.534772 -0.469058 0.702854
    outer loop
      vertex 13.1515 -14.8515 2
      vertex 12.4503 -14.1525 3
      vertex 13.048 -14.9695 2
    endloop
  endfacet
  facet normal -0.138833 -0.697662 0.702846
    outer loop
      vertex 14.5653 -13.5842 3
      vertex 14.2859 -13.5286 3
      vertex 14.1566 -14.5103 2
    endloop
  endfacet
  facet normal -0.224914 -0.674743 0.702947
    outer loop
      vertex 14.3106 -14.5409 2
      vertex 14.5683 -13.585 3
      vertex 14.5668 -13.5845 3
    endloop
  endfacet
  facet normal -0.228483 -0.673662 0.702834
    outer loop
      vertex 14.5683 -13.585 3
      vertex 14.3106 -14.5409 2
      vertex 14.4592 -14.5913 2
    endloop
  endfacet
  facet normal -0.636395 -0.318197 0.702675
    outer loop
      vertex 16.0227 -14.8605 3
      vertex 15.1087 -15.2408 2
      vertex 16.0234 -14.8619 3
    endloop
  endfacet
  facet normal -0.63791 -0.314877 0.702797
    outer loop
      vertex 15.1087 -15.2408 2
      vertex 16.0227 -14.8605 3
      vertex 15.0392 -15.1 2
    endloop
  endfacet
  facet normal -0.673614 -0.228699 0.702809
    outer loop
      vertex 16.115 -15.1317 3
      vertex 16.0234 -14.8619 3
      vertex 15.1087 -15.2408 2
    endloop
  endfacet
  facet normal -0.709828 -0.0464397 0.702843
    outer loop
      vertex 16.19 -15.6984 3
      vertex 16.1714 -15.4141 3
      vertex 15.1897 -15.5434 2
    endloop
  endfacet
  facet normal -0.697662 0.138833 0.702846
    outer loop
      vertex 16.1158 -16.2653 3
      vertex 16.1714 -15.9859 3
      vertex 15.1897 -15.8566 2
    endloop
  endfacet
  facet normal -0.674743 0.224914 0.702947
    outer loop
      vertex 15.1591 -16.0106 2
      vertex 16.115 -16.2683 3
      vertex 16.1155 -16.2668 3
    endloop
  endfacet
  facet normal -0.673662 0.228483 0.702834
    outer loop
      vertex 16.115 -16.2683 3
      vertex 15.1591 -16.0106 2
      vertex 15.1087 -16.1592 2
    endloop
  endfacet
  facet normal -0.709916 0.0443697 0.702888
    outer loop
      vertex 15.2 -15.7 2
      vertex 16.19 -15.7016 3
      vertex 16.1901 -15.7 3
    endloop
  endfacet
  facet normal -0.709839 0.046688 0.702815
    outer loop
      vertex 16.19 -15.7016 3
      vertex 15.2 -15.7 2
      vertex 15.1897 -15.8566 2
    endloop
  endfacet
  facet normal -0.636395 0.318197 0.702675
    outer loop
      vertex 15.1087 -16.1592 2
      vertex 16.0227 -16.5395 3
      vertex 16.0234 -16.5381 3
    endloop
  endfacet
  facet normal -0.63791 0.314877 0.702797
    outer loop
      vertex 16.0227 -16.5395 3
      vertex 15.1087 -16.1592 2
      vertex 15.0392 -16.3 2
    endloop
  endfacet
  facet normal -0.395227 0.591481 0.702813
    outer loop
      vertex 14.6 -16.7392 2
      vertex 15.0963 -17.5958 3
      vertex 14.7305 -16.652 2
    endloop
  endfacet
  facet normal -0.40516 0.585231 0.702389
    outer loop
      vertex 15.0963 -17.5958 3
      vertex 14.6 -16.7392 2
      vertex 15.095 -17.5967 3
    endloop
  endfacet
  facet normal -0.228699 0.673614 0.702809
    outer loop
      vertex 14.5683 -17.815 3
      vertex 14.8381 -17.7234 3
      vertex 14.4592 -16.8087 2
    endloop
  endfacet
  facet normal -0.228483 0.673662 0.702834
    outer loop
      vertex 14.3106 -16.8591 2
      vertex 14.5683 -17.815 3
      vertex 14.4592 -16.8087 2
    endloop
  endfacet
  facet normal -0.224914 0.674743 0.702947
    outer loop
      vertex 14.5683 -17.815 3
      vertex 14.3106 -16.8591 2
      vertex 14.5668 -17.8155 3
    endloop
  endfacet
  facet normal 0.709916 0.0443697 0.702888
    outer loop
      vertex 11.81 -15.7016 3
      vertex 12.8 -15.7 2
      vertex 11.8099 -15.7 3
    endloop
  endfacet
  facet normal 0.709839 0.046688 0.702815
    outer loop
      vertex 12.8 -15.7 2
      vertex 11.81 -15.7016 3
      vertex 12.8103 -15.8566 2
    endloop
  endfacet
  facet normal 0.0443697 0.709916 0.702888
    outer loop
      vertex 14 -16.9 2
      vertex 13.9984 -17.89 3
      vertex 14 -17.8901 3
    endloop
  endfacet
  facet normal 0.046688 0.709839 0.702815
    outer loop
      vertex 13.9984 -17.89 3
      vertex 14 -16.9 2
      vertex 13.8434 -16.8897 2
    endloop
  endfacet
  facet normal 0.228699 0.673614 0.702809
    outer loop
      vertex 13.4317 -17.815 3
      vertex 13.5408 -16.8087 2
      vertex 13.1619 -17.7234 3
    endloop
  endfacet
  facet normal 0.469058 0.534772 0.702854
    outer loop
      vertex 13.1515 -16.5485 2
      vertex 12.4525 -17.2497 3
      vertex 13.2695 -16.652 2
    endloop
  endfacet
  facet normal 0.502483 0.502483 0.703577
    outer loop
      vertex 12.4525 -17.2497 3
      vertex 13.1515 -16.5485 2
      vertex 12.4514 -17.2486 3
    endloop
  endfacet
  facet normal 0.637999 0.31463 0.702826
    outer loop
      vertex 12.1033 -16.795 3
      vertex 12.9608 -16.3 2
      vertex 11.9773 -16.5395 3
    endloop
  endfacet
  facet normal 0.673614 0.228699 0.702809
    outer loop
      vertex 11.9766 -16.5381 3
      vertex 12.8913 -16.1592 2
      vertex 11.885 -16.2683 3
    endloop
  endfacet
  facet normal 0.697523 -0.139505 0.702852
    outer loop
      vertex 11.8842 -15.1347 3
      vertex 12.8409 -15.3894 2
      vertex 11.8845 -15.1332 3
    endloop
  endfacet
  facet normal 0.697724 -0.138639 0.702824
    outer loop
      vertex 12.8409 -15.3894 2
      vertex 11.8842 -15.1347 3
      vertex 12.8103 -15.5434 2
    endloop
  endfacet
  facet normal 0.40516 -0.585231 0.702389
    outer loop
      vertex 12.9037 -13.8042 3
      vertex 13.4 -14.6608 2
      vertex 12.905 -13.8033 3
    endloop
  endfacet
  facet normal 0.395227 -0.591481 0.702813
    outer loop
      vertex 13.4 -14.6608 2
      vertex 12.9037 -13.8042 3
      vertex 13.2695 -14.748 2
    endloop
  endfacet
  facet normal 0.228699 -0.673614 0.702809
    outer loop
      vertex 13.5408 -14.5913 2
      vertex 13.4317 -13.585 3
      vertex 13.1619 -13.6766 3
    endloop
  endfacet
  facet normal 0.709916 -0.0443697 0.702888
    outer loop
      vertex 12.8 -15.7 2
      vertex 11.81 -15.6984 3
      vertex 11.8099 -15.7 3
    endloop
  endfacet
  facet normal 0.709839 -0.046688 0.702815
    outer loop
      vertex 11.81 -15.6984 3
      vertex 12.8 -15.7 2
      vertex 12.8103 -15.5434 2
    endloop
  endfacet
  facet normal 0.709828 -0.0464397 0.702843
    outer loop
      vertex 12.8103 -15.5434 2
      vertex 11.8286 -15.4141 3
      vertex 11.81 -15.6984 3
    endloop
  endfacet
  facet normal 0.63791 -0.314877 0.702797
    outer loop
      vertex 11.9773 -14.8605 3
      vertex 12.8913 -15.2408 2
      vertex 12.9608 -15.1 2
    endloop
  endfacet
  facet normal 0.636395 -0.318197 0.702675
    outer loop
      vertex 12.8913 -15.2408 2
      vertex 11.9773 -14.8605 3
      vertex 11.9766 -14.8619 3
    endloop
  endfacet
  facet normal 0.637999 -0.31463 0.702826
    outer loop
      vertex 12.9608 -15.1 2
      vertex 12.1033 -14.605 3
      vertex 11.9773 -14.8605 3
    endloop
  endfacet
  facet normal -0.228699 -0.673614 0.702809
    outer loop
      vertex 14.8381 -13.6766 3
      vertex 14.5683 -13.585 3
      vertex 14.4592 -14.5913 2
    endloop
  endfacet
  facet normal -0.31463 -0.637999 0.702826
    outer loop
      vertex 15.095 -13.8033 3
      vertex 14.8395 -13.6773 3
      vertex 14.6 -14.6608 2
    endloop
  endfacet
  facet normal -0.139505 -0.697523 0.702852
    outer loop
      vertex 14.5653 -13.5842 3
      vertex 14.3106 -14.5409 2
      vertex 14.5668 -13.5845 3
    endloop
  endfacet
  facet normal -0.138639 -0.697724 0.702824
    outer loop
      vertex 14.3106 -14.5409 2
      vertex 14.5653 -13.5842 3
      vertex 14.1566 -14.5103 2
    endloop
  endfacet
  facet normal -0.40516 -0.585231 0.702389
    outer loop
      vertex 14.6 -14.6608 2
      vertex 15.0963 -13.8042 3
      vertex 15.095 -13.8033 3
    endloop
  endfacet
  facet normal -0.395227 -0.591481 0.702813
    outer loop
      vertex 15.0963 -13.8042 3
      vertex 14.6 -14.6608 2
      vertex 14.7305 -14.748 2
    endloop
  endfacet
  facet normal -0.591477 -0.395234 0.702812
    outer loop
      vertex 15.8958 -14.6037 3
      vertex 15.7375 -14.3668 3
      vertex 14.952 -14.9695 2
    endloop
  endfacet
  facet normal -0.535004 -0.468846 0.702819
    outer loop
      vertex 15.7375 -14.3668 3
      vertex 15.5497 -14.1525 3
      vertex 14.952 -14.9695 2
    endloop
  endfacet
  facet normal -0.585231 -0.40516 0.702389
    outer loop
      vertex 15.8958 -14.6037 3
      vertex 15.0392 -15.1 2
      vertex 15.8967 -14.605 3
    endloop
  endfacet
  facet normal -0.591481 -0.395227 0.702813
    outer loop
      vertex 15.0392 -15.1 2
      vertex 15.8958 -14.6037 3
      vertex 14.952 -14.9695 2
    endloop
  endfacet
  facet normal -0.637999 -0.31463 0.702826
    outer loop
      vertex 16.0227 -14.8605 3
      vertex 15.8967 -14.605 3
      vertex 15.0392 -15.1 2
    endloop
  endfacet
  facet normal -0.674743 -0.224914 0.702947
    outer loop
      vertex 16.115 -15.1317 3
      vertex 15.1591 -15.3894 2
      vertex 16.1155 -15.1332 3
    endloop
  endfacet
  facet normal -0.673662 -0.228483 0.702834
    outer loop
      vertex 15.1591 -15.3894 2
      vertex 16.115 -15.1317 3
      vertex 15.1087 -15.2408 2
    endloop
  endfacet
  facet normal -0.697523 -0.139505 0.702852
    outer loop
      vertex 15.1591 -15.3894 2
      vertex 16.1158 -15.1347 3
      vertex 16.1155 -15.1332 3
    endloop
  endfacet
  facet normal -0.697724 -0.138639 0.702824
    outer loop
      vertex 16.1158 -15.1347 3
      vertex 15.1591 -15.3894 2
      vertex 15.1897 -15.5434 2
    endloop
  endfacet
  facet normal -0.697724 0.138639 0.702824
    outer loop
      vertex 15.1591 -16.0106 2
      vertex 16.1158 -16.2653 3
      vertex 15.1897 -15.8566 2
    endloop
  endfacet
  facet normal -0.697523 0.139505 0.702852
    outer loop
      vertex 16.1158 -16.2653 3
      vertex 15.1591 -16.0106 2
      vertex 16.1155 -16.2668 3
    endloop
  endfacet
  facet normal -0.591477 0.395234 0.702812
    outer loop
      vertex 15.7375 -17.0332 3
      vertex 15.8958 -16.7963 3
      vertex 14.952 -16.4305 2
    endloop
  endfacet
  facet normal -0.535004 0.468846 0.702819
    outer loop
      vertex 15.5497 -17.2475 3
      vertex 15.7375 -17.0332 3
      vertex 14.952 -16.4305 2
    endloop
  endfacet
  facet normal -0.046688 0.709839 0.702815
    outer loop
      vertex 14 -16.9 2
      vertex 14.0016 -17.89 3
      vertex 14.1566 -16.8897 2
    endloop
  endfacet
  facet normal -0.0443697 0.709916 0.702888
    outer loop
      vertex 14.0016 -17.89 3
      vertex 14 -16.9 2
      vertex 14 -17.8901 3
    endloop
  endfacet
  facet normal -0.31463 0.637999 0.702826
    outer loop
      vertex 14.8395 -17.7227 3
      vertex 15.095 -17.5967 3
      vertex 14.6 -16.7392 2
    endloop
  endfacet
  facet normal -0.314877 0.63791 0.702797
    outer loop
      vertex 14.4592 -16.8087 2
      vertex 14.8395 -17.7227 3
      vertex 14.6 -16.7392 2
    endloop
  endfacet
  facet normal -0.318197 0.636395 0.702675
    outer loop
      vertex 14.8395 -17.7227 3
      vertex 14.4592 -16.8087 2
      vertex 14.8381 -17.7234 3
    endloop
  endfacet
  facet normal -0.502483 0.502483 0.703577
    outer loop
      vertex 14.8485 -16.5485 2
      vertex 15.5475 -17.2497 3
      vertex 15.5486 -17.2486 3
    endloop
  endfacet
  facet normal -0.469058 0.534772 0.702854
    outer loop
      vertex 15.5475 -17.2497 3
      vertex 14.8485 -16.5485 2
      vertex 14.7305 -16.652 2
    endloop
  endfacet
  facet normal 0.673662 0.228483 0.702834
    outer loop
      vertex 12.8409 -16.0106 2
      vertex 11.885 -16.2683 3
      vertex 12.8913 -16.1592 2
    endloop
  endfacet
  facet normal 0.674743 0.224914 0.702947
    outer loop
      vertex 11.885 -16.2683 3
      vertex 12.8409 -16.0106 2
      vertex 11.8845 -16.2668 3
    endloop
  endfacet
  facet normal 0.697662 0.138833 0.702846
    outer loop
      vertex 11.8842 -16.2653 3
      vertex 12.8103 -15.8566 2
      vertex 11.8286 -15.9859 3
    endloop
  endfacet
  facet normal 0.468846 0.535004 0.702819
    outer loop
      vertex 12.6668 -17.4375 3
      vertex 13.2695 -16.652 2
      vertex 12.4525 -17.2497 3
    endloop
  endfacet
  facet normal 0.395234 0.591477 0.702812
    outer loop
      vertex 12.9037 -17.5958 3
      vertex 13.2695 -16.652 2
      vertex 12.6668 -17.4375 3
    endloop
  endfacet
  facet normal 0.314877 0.63791 0.702797
    outer loop
      vertex 13.1605 -17.7227 3
      vertex 13.5408 -16.8087 2
      vertex 13.4 -16.7392 2
    endloop
  endfacet
  facet normal 0.318197 0.636395 0.702675
    outer loop
      vertex 13.5408 -16.8087 2
      vertex 13.1605 -17.7227 3
      vertex 13.1619 -17.7234 3
    endloop
  endfacet
  facet normal 0.31463 0.637999 0.702826
    outer loop
      vertex 13.1605 -17.7227 3
      vertex 13.4 -16.7392 2
      vertex 12.905 -17.5967 3
    endloop
  endfacet
  facet normal 0.138833 0.697662 0.702846
    outer loop
      vertex 13.7141 -17.8714 3
      vertex 13.8434 -16.8897 2
      vertex 13.4347 -17.8158 3
    endloop
  endfacet
  facet normal 0.591477 0.395234 0.702812
    outer loop
      vertex 12.2625 -17.0332 3
      vertex 13.048 -16.4305 2
      vertex 12.1042 -16.7963 3
    endloop
  endfacet
  facet normal 0.535004 0.468846 0.702819
    outer loop
      vertex 12.4503 -17.2475 3
      vertex 13.048 -16.4305 2
      vertex 12.2625 -17.0332 3
    endloop
  endfacet
  facet normal 0.138833 -0.697662 0.702846
    outer loop
      vertex 13.8434 -14.5103 2
      vertex 13.7141 -13.5286 3
      vertex 13.4347 -13.5842 3
    endloop
  endfacet
  facet normal 0.0464397 -0.709828 0.702843
    outer loop
      vertex 13.8434 -14.5103 2
      vertex 13.9984 -13.51 3
      vertex 13.7141 -13.5286 3
    endloop
  endfacet
  facet normal 0.224914 -0.674743 0.702947
    outer loop
      vertex 13.4317 -13.585 3
      vertex 13.6894 -14.5409 2
      vertex 13.4332 -13.5845 3
    endloop
  endfacet
  facet normal 0.228483 -0.673662 0.702834
    outer loop
      vertex 13.6894 -14.5409 2
      vertex 13.4317 -13.585 3
      vertex 13.5408 -14.5913 2
    endloop
  endfacet
  facet normal 0.31463 -0.637999 0.702826
    outer loop
      vertex 13.4 -14.6608 2
      vertex 13.1605 -13.6773 3
      vertex 12.905 -13.8033 3
    endloop
  endfacet
  facet normal 0.318197 -0.636395 0.702675
    outer loop
      vertex 13.1605 -13.6773 3
      vertex 13.5408 -14.5913 2
      vertex 13.1619 -13.6766 3
    endloop
  endfacet
  facet normal 0.314877 -0.63791 0.702797
    outer loop
      vertex 13.5408 -14.5913 2
      vertex 13.1605 -13.6773 3
      vertex 13.4 -14.6608 2
    endloop
  endfacet
  facet normal 0.469058 -0.534772 0.702854
    outer loop
      vertex 12.4525 -14.1503 3
      vertex 13.1515 -14.8515 2
      vertex 13.2695 -14.748 2
    endloop
  endfacet
  facet normal 0.502483 -0.502483 0.703577
    outer loop
      vertex 13.1515 -14.8515 2
      vertex 12.4525 -14.1503 3
      vertex 12.4514 -14.1514 3
    endloop
  endfacet
  facet normal 0.673662 -0.228483 0.702834
    outer loop
      vertex 11.885 -15.1317 3
      vertex 12.8409 -15.3894 2
      vertex 12.8913 -15.2408 2
    endloop
  endfacet
  facet normal 0.674743 -0.224914 0.702947
    outer loop
      vertex 12.8409 -15.3894 2
      vertex 11.885 -15.1317 3
      vertex 11.8845 -15.1332 3
    endloop
  endfacet
  facet normal 0.591481 -0.395227 0.702813
    outer loop
      vertex 12.1042 -14.6037 3
      vertex 12.9608 -15.1 2
      vertex 13.048 -14.9695 2
    endloop
  endfacet
  facet normal 0.585231 -0.40516 0.702389
    outer loop
      vertex 12.9608 -15.1 2
      vertex 12.1042 -14.6037 3
      vertex 12.1033 -14.605 3
    endloop
  endfacet
  facet normal 0.591477 -0.395234 0.702812
    outer loop
      vertex 13.048 -14.9695 2
      vertex 12.2625 -14.3668 3
      vertex 12.1042 -14.6037 3
    endloop
  endfacet
  facet normal -0.0443697 -0.709916 0.702888
    outer loop
      vertex 14 -14.5 2
      vertex 14.0016 -13.51 3
      vertex 14 -13.5099 3
    endloop
  endfacet
  facet normal -0.046688 -0.709839 0.702815
    outer loop
      vertex 14.0016 -13.51 3
      vertex 14 -14.5 2
      vertex 14.1566 -14.5103 2
    endloop
  endfacet
  facet normal -0.0464397 -0.709828 0.702843
    outer loop
      vertex 14.1566 -14.5103 2
      vertex 14.2859 -13.5286 3
      vertex 14.0016 -13.51 3
    endloop
  endfacet
  facet normal -0.318197 -0.636395 0.702675
    outer loop
      vertex 14.4592 -14.5913 2
      vertex 14.8395 -13.6773 3
      vertex 14.8381 -13.6766 3
    endloop
  endfacet
  facet normal -0.314877 -0.63791 0.702797
    outer loop
      vertex 14.8395 -13.6773 3
      vertex 14.4592 -14.5913 2
      vertex 14.6 -14.6608 2
    endloop
  endfacet
  facet normal -0.395234 -0.591477 0.702812
    outer loop
      vertex 15.3332 -13.9625 3
      vertex 15.0963 -13.8042 3
      vertex 14.7305 -14.748 2
    endloop
  endfacet
  facet normal -0.139505 0.697523 0.702852
    outer loop
      vertex 14.3106 -16.8591 2
      vertex 14.5653 -17.8158 3
      vertex 14.5668 -17.8155 3
    endloop
  endfacet
  facet normal -0.138639 0.697724 0.702824
    outer loop
      vertex 14.5653 -17.8158 3
      vertex 14.3106 -16.8591 2
      vertex 14.1566 -16.8897 2
    endloop
  endfacet
  facet normal -0.138833 0.697662 0.702846
    outer loop
      vertex 14.2859 -17.8714 3
      vertex 14.5653 -17.8158 3
      vertex 14.1566 -16.8897 2
    endloop
  endfacet
  facet normal -0.468846 0.535004 0.702819
    outer loop
      vertex 15.3332 -17.4375 3
      vertex 15.5475 -17.2497 3
      vertex 14.7305 -16.652 2
    endloop
  endfacet
  facet normal -0.395234 0.591477 0.702812
    outer loop
      vertex 15.0963 -17.5958 3
      vertex 15.3332 -17.4375 3
      vertex 14.7305 -16.652 2
    endloop
  endfacet
  facet normal 0.697724 0.138639 0.702824
    outer loop
      vertex 11.8842 -16.2653 3
      vertex 12.8409 -16.0106 2
      vertex 12.8103 -15.8566 2
    endloop
  endfacet
  facet normal 0.697523 0.139505 0.702852
    outer loop
      vertex 12.8409 -16.0106 2
      vertex 11.8842 -16.2653 3
      vertex 11.8845 -16.2668 3
    endloop
  endfacet
  facet normal 0.0464397 0.709828 0.702843
    outer loop
      vertex 13.9984 -17.89 3
      vertex 13.8434 -16.8897 2
      vertex 13.7141 -17.8714 3
    endloop
  endfacet
  facet normal 0.138639 0.697724 0.702824
    outer loop
      vertex 13.6894 -16.8591 2
      vertex 13.4347 -17.8158 3
      vertex 13.8434 -16.8897 2
    endloop
  endfacet
  facet normal 0.139505 0.697523 0.702852
    outer loop
      vertex 13.4347 -17.8158 3
      vertex 13.6894 -16.8591 2
      vertex 13.4332 -17.8155 3
    endloop
  endfacet
  facet normal 0.228483 0.673662 0.702834
    outer loop
      vertex 13.4317 -17.815 3
      vertex 13.6894 -16.8591 2
      vertex 13.5408 -16.8087 2
    endloop
  endfacet
  facet normal 0.224914 0.674743 0.702947
    outer loop
      vertex 13.6894 -16.8591 2
      vertex 13.4317 -17.815 3
      vertex 13.4332 -17.8155 3
    endloop
  endfacet
  facet normal 0.591481 0.395227 0.702813
    outer loop
      vertex 12.9608 -16.3 2
      vertex 12.1042 -16.7963 3
      vertex 13.048 -16.4305 2
    endloop
  endfacet
  facet normal 0.585231 0.40516 0.702389
    outer loop
      vertex 12.1042 -16.7963 3
      vertex 12.9608 -16.3 2
      vertex 12.1033 -16.795 3
    endloop
  endfacet
  facet normal 0.138639 -0.697724 0.702824
    outer loop
      vertex 13.4347 -13.5842 3
      vertex 13.6894 -14.5409 2
      vertex 13.8434 -14.5103 2
    endloop
  endfacet
  facet normal 0.139505 -0.697523 0.702852
    outer loop
      vertex 13.6894 -14.5409 2
      vertex 13.4347 -13.5842 3
      vertex 13.4332 -13.5845 3
    endloop
  endfacet
  facet normal 0.468846 -0.535004 0.702819
    outer loop
      vertex 13.2695 -14.748 2
      vertex 12.6668 -13.9625 3
      vertex 12.4525 -14.1503 3
    endloop
  endfacet
  facet normal 0.395234 -0.591477 0.702812
    outer loop
      vertex 13.2695 -14.748 2
      vertex 12.9037 -13.8042 3
      vertex 12.6668 -13.9625 3
    endloop
  endfacet
  facet normal -0.468846 -0.535004 0.702819
    outer loop
      vertex 15.5475 -14.1503 3
      vertex 15.3332 -13.9625 3
      vertex 14.7305 -14.748 2
    endloop
  endfacet
  facet normal -0.502483 -0.502483 0.703577
    outer loop
      vertex 15.5475 -14.1503 3
      vertex 14.8485 -14.8515 2
      vertex 15.5486 -14.1514 3
    endloop
  endfacet
  facet normal -0.469058 -0.534772 0.702854
    outer loop
      vertex 14.8485 -14.8515 2
      vertex 15.5475 -14.1503 3
      vertex 14.7305 -14.748 2
    endloop
  endfacet
  facet normal 1 -0 0
    outer loop
      vertex -21.7 0 3
      vertex -21.7 4 0
      vertex -21.7 4 3
    endloop
  endfacet
  facet normal 1 0 0
    outer loop
      vertex -21.7 4 0
      vertex -21.7 0 3
      vertex -21.7 0 0
    endloop
  endfacet
  facet normal -1 0 0
    outer loop
      vertex -15.7 0 0
      vertex -15.7 4 3
      vertex -15.7 4 0
    endloop
  endfacet
  facet normal -1 -0 0
    outer loop
      vertex -15.7 4 3
      vertex -15.7 0 0
      vertex -15.7 0 3
    endloop
  endfacet
  facet normal 0 -1 0
    outer loop
      vertex -21.7 4 0
      vertex -15.7 4 3
      vertex -21.7 4 3
    endloop
  endfacet
  facet normal 0 -1 -0
    outer loop
      vertex -15.7 4 3
      vertex -21.7 4 0
      vertex -15.7 4 0
    endloop
  endfacet
  facet normal 0 1 -0
    outer loop
      vertex -15.7 0 0
      vertex -21.7 0 3
      vertex -15.7 0 3
    endloop
  endfacet
  facet normal 0 1 0
    outer loop
      vertex -21.7 0 3
      vertex -15.7 0 0
      vertex -21.7 0 0
    endloop
  endfacet
endsolid OpenSCAD_Model
